outcome,exposure_group,exposure_type,mean,q2.5,q97.5,mean_exp,mean_exp_p10,rhat,estimate_type,restaurant_id,pred_path,color_group,step_size
total,mpbamod,Count,0,0,0,1,1,NA,Pooled,POOLED,NA,Total,0.15
total,mpbamod,Proportion,0,0,0,1,1,NA,Pooled,POOLED,NA,Total,0.15
total,vegan,Count,0,0,0,1,1,NA,Pooled,POOLED,NA,Total,0.15
total,vegan,Proportion,0,0,0,1,1,NA,Pooled,POOLED,NA,Total,0.15
total,vegetarian,Count,0,0,0,1,1,NA,Pooled,POOLED,NA,Total,0.15
total,vegetarian,Proportion,0,0,0,1,1,NA,Pooled,POOLED,NA,Total,0.15
nonvegan,mpbamod,Count,0.00437301437234333,-0.068393783,0.079416367825,1.0043825899526557,1.0004373970674472,1.00056189053564,Pooled,POOLED,../../model_fits/finalized_redone_trunc_cp/t2_a1_proportion/nonvegan/mpbamod_dishes_count/plots/all_restaurants_weekly.png,Animal,0.15
nonvegan,mpbamod,Proportion,-0.037127253849479,-1.6234557323,1.47306169405,0.9635535116535133,0.9962941582582834,1.00360910329107,Pooled,POOLED,../../model_fits/finalized_redone_trunc_cp/t2_a1_proportion/nonvegan/mpbamod_dishes_prop/plots/all_restaurants_weekly.png,Animal,0.15
nonvegan,vegan,Count,0.006431929444935,-0.121845884175,0.1276731457,1.0064526587223792,1.0006433998374304,1.00398620412241,Pooled,POOLED,../../model_fits/finalized_redone_trunc_cp/t2_a1_proportion/nonvegan/vegan_dishes_count/plots/all_restaurants_weekly.png,Animal,0.15
nonvegan,vegan,Proportion,-0.114827068638187,-1.096112311,0.7851115315,0.8915203023970059,0.9885829677999834,1.00273386236915,Pooled,POOLED,../../model_fits/finalized_redone_trunc_cp/t2_a1_proportion/nonvegan/vegan_dishes_prop/plots/all_restaurants_weekly.png,Animal,0.15
nonvegan,vegetarian,Count,0.00206155959086,-0.042639287365,0.04380000765,1.0020636860658672,1.000206177210686,1.00339872863888,Pooled,POOLED,../../model_fits/finalized_redone_trunc_cp/t2_a1_proportion/nonvegan/vegetarian_dishes_count/plots/all_restaurants_weekly.png,Animal,0.15
nonvegan,vegetarian,Proportion,-0.148456564591615,-0.92892937775,0.672068917225,0.8620374493059894,0.9852639970021801,1.03252746942009,Pooled,POOLED,../../model_fits/finalized_redone_trunc_cp/t2_a1_proportion/nonvegan/vegetarian_dishes_prop/plots/all_restaurants_weekly.png,Animal,0.15
meat,mpbamod,Count,0.0076069434123392,-0.061347250805,0.073328447525,1.0076359497094844,1.0007609837425517,1.00023192038229,Pooled,POOLED,../../model_fits/finalized_redone_trunc_cp/t2_a1_proportion/meat/mpbamod_dishes_count/plots/all_restaurants_weekly.png,Animal,0.15
meat,mpbamod,Proportion,0.214474025785248,-1.2551413455,1.534878423625,1.2392099330515387,1.021679051240455,1.62180190276185,Pooled,POOLED,../../model_fits/finalized_redone_trunc_cp/t2_a1_proportion/meat/mpbamod_dishes_prop/plots/all_restaurants_weekly.png,Animal,0.15
meat,vegan,Count,0.0036311302100345,-0.138567906744,0.145708730525,1.0036377307500577,1.0003631789545167,1.03774088429,Pooled,POOLED,../../model_fits/finalized_redone_trunc_cp/t2_a1_proportion/meat/vegan_dishes_count/plots/all_restaurants_weekly.png,Animal,0.15
meat,vegan,Proportion,-0.345106237312567,-1.49221977475,0.8376495525,0.708145118037218,0.9660780762781185,1.00333658072244,Pooled,POOLED,../../model_fits/finalized_redone_trunc_cp/t2_a1_proportion/meat/vegan_dishes_prop/plots/all_restaurants_weekly.png,Animal,0.15
meat,vegetarian,Count,-0.01450370595284,-0.05283894899125,0.02227233847,0.9856009661349147,0.9985506806838383,1.00164047837956,Pooled,POOLED,../../model_fits/finalized_redone_trunc_cp/t2_a1_proportion/meat/vegetarian_dishes_count/plots/all_restaurants_weekly.png,Animal,0.15
meat,vegetarian,Proportion,-1.03863751196186,-1.8865428634999999,-0.180860103675,0.35393658795600214,0.9013480966553797,0.999939242075121,Pooled,POOLED,../../model_fits/finalized_redone_trunc_cp/t2_a1_proportion/meat/vegetarian_dishes_prop/plots/all_restaurants_weekly.png,Animal,0.15
chicken_fish,mpbamod,Count,0.0167902711194373,-0.0628784294135,0.096184612675,1.0169320199440366,1.0016804374671961,1.00063852885335,Pooled,POOLED,../../model_fits/finalized_redone_trunc_cp/t2_a1_proportion/chicken_fish/mpbamod_dishes_count/plots/all_restaurants_weekly.png,Animal,0.15
chicken_fish,mpbamod,Proportion,-0.017015464090519,-1.615029404,1.58940038225,0.9831284813295302,0.9982999004003184,1.00312560585915,Pooled,POOLED,../../model_fits/finalized_redone_trunc_cp/t2_a1_proportion/chicken_fish/mpbamod_dishes_prop/plots/all_restaurants_weekly.png,Animal,0.15
chicken_fish,vegan,Count,-0.049817719843816,-0.162968139675,0.0578546459,0.9514028305525398,0.9950306164609962,1.00316881478204,Pooled,POOLED,../../model_fits/finalized_redone_trunc_cp/t2_a1_proportion/chicken_fish/vegan_dishes_count/plots/all_restaurants_weekly.png,Animal,0.15
chicken_fish,vegan,Proportion,-0.931891869905863,-2.33572535,0.460992753925,0.39380797172338283,0.9110211306455396,1.00278823757493,Pooled,POOLED,../../model_fits/finalized_redone_trunc_cp/t2_a1_proportion/chicken_fish/vegan_dishes_prop/plots/all_restaurants_weekly.png,Animal,0.15
chicken_fish,vegetarian,Count,-0.021830546662573,-0.0681628927575,0.021726148515,0.9784060151694454,0.9978193264645525,1.00137997375096,Pooled,POOLED,../../model_fits/finalized_redone_trunc_cp/t2_a1_proportion/chicken_fish/vegetarian_dishes_count/plots/all_restaurants_weekly.png,Animal,0.15
chicken_fish,vegetarian,Proportion,-1.8379360925361,-2.95718473475,-0.625306264475,0.15914554906929992,0.8321075253984342,1.00540853581113,Pooled,POOLED,../../model_fits/finalized_redone_trunc_cp/t2_a1_proportion/chicken_fish/vegetarian_dishes_prop/plots/all_restaurants_weekly.png,Animal,0.15
vegetarian,mpbamod,Count,0.00640255339796,-0.070653356325,0.08401082445,1.0064230935560545,1.000640460346996,1.00986550584983,Pooled,POOLED,../../model_fits/finalized_redone_trunc/t2_a1_proportion/vegetarian/mpbamod_dishes_count/plots/all_restaurants_weekly.png,Plant-based,0.15
vegetarian,mpbamod,Proportion,0.100308776323081,-1.399584982,1.727611643,1.1055122213785848,1.01008135552335,1.02611729398468,Pooled,POOLED,../../model_fits/finalized_redone_trunc/t2_a1_proportion/vegetarian/mpbamod_dishes_prop/plots/all_restaurants_weekly.png,Plant-based,0.15
vegetarian,vegan,Count,-0.0148090182816,-0.122041994,0.08138211125,0.9853000959407429,0.9985201941658657,1.00211710872981,Pooled,POOLED,../../model_fits/finalized_redone_trunc/t2_a1_proportion/vegetarian/vegan_dishes_count/plots/all_restaurants_weekly.png,Plant-based,0.15
vegetarian,vegan,Proportion,-0.122648613777967,-1.007268645,0.781784099,0.8845744352259078,0.9878100454810212,1.00214940861979,Pooled,POOLED,../../model_fits/finalized_redone_trunc/t2_a1_proportion/vegetarian/vegan_dishes_prop/plots/all_restaurants_weekly.png,Plant-based,0.15
vegetarian,vegetarian,Count,0.004099662522,-0.04096587575,0.0483676072,1.004108077634174,1.0004100502998492,1.04278265808056,Pooled,POOLED,../../model_fits/finalized_redone_trunc/t2_a1_proportion/vegetarian/vegetarian_dishes_count/plots/all_restaurants_weekly.png,Plant-based,0.15
vegetarian,vegetarian,Proportion,0.3559456921301,-0.4890819085,1.2248163055,1.4275300200440608,1.036235639483428,1.01601935396981,Pooled,POOLED,../../model_fits/finalized_redone_trunc/t2_a1_proportion/vegetarian/vegetarian_dishes_prop/plots/all_restaurants_weekly.png,Plant-based,0.15
vegan,mpbamod,Count,0.02295664119546,-0.061005792175,0.1147979505665,1.0232221728951865,1.0022983011739652,1.0216551946903,Pooled,POOLED,../../model_fits/finalized_redone_trunc/t2_a1_proportion/vegan/mpbamod_dishes_count/plots/all_restaurants_weekly.png,Plant-based,0.15
vegan,mpbamod,Proportion,0.294568694002414,-1.502531608,2.07409214225,1.3425471851417496,1.0298950145242827,1.010702546537,Pooled,POOLED,../../model_fits/finalized_redone_trunc/t2_a1_proportion/vegan/mpbamod_dishes_prop/plots/all_restaurants_weekly.png,Plant-based,0.15
vegan,vegan,Count,0.0241727119784,-0.08819497575,0.14353530715,1.0244672403757569,1.002420195153385,1.0050888444834,Pooled,POOLED,../../model_fits/finalized_redone_trunc/t2_a1_proportion/vegan/vegan_dishes_count/plots/all_restaurants_weekly.png,Plant-based,0.15
vegan,vegan,Proportion,0.310278658012033,-0.9118477025,1.5338730725,1.3638050964041313,1.0315142474569976,1.00467684333929,Pooled,POOLED,../../model_fits/finalized_redone_trunc/t2_a1_proportion/vegan/vegan_dishes_prop/plots/all_restaurants_weekly.png,Plant-based,0.15
vegan,vegetarian,Count,0.0147012359365,-0.043251167575,0.061773087175,1.0148098306115896,1.001471204755089,1.01591069401392,Pooled,POOLED,../../model_fits/finalized_redone_trunc/t2_a1_proportion/vegan/vegetarian_dishes_count/plots/all_restaurants_weekly.png,Plant-based,0.15
vegan,vegetarian,Proportion,-0.138145936907567,-1.0341780625,0.82350301475,0.8709715755722356,0.986280389918943,1.00386486160666,Pooled,POOLED,../../model_fits/finalized_redone_trunc/t2_a1_proportion/vegan/vegetarian_dishes_prop/plots/all_restaurants_weekly.png,Plant-based,0.15
nonvegan,mpbamod,Count,-0.002250683546783,-0.0700112915,0.06759213325,0.9977518473423314,0.9997749569713038,0.99980634594859,Restaurant,1SQPTEGYPH0GA,../../model_fits/finalized_redone_trunc_cp/t2_a1_proportion/nonvegan/mpbamod_dishes_count/plots/1SQPTEGYPH0GA.png,Animal,0.15
nonvegan,mpbamod,Count,-0.00847144994584303,-0.19371110065,0.17287935995,0.9915643316742252,0.9991532137314318,1.00034753022509,Restaurant,2HRX9P6HKXA8V,../../model_fits/finalized_redone_trunc_cp/t2_a1_proportion/nonvegan/mpbamod_dishes_count/plots/2HRX9P6HKXA8V.png,Animal,0.15
nonvegan,mpbamod,Count,-0.0010861474656,-0.080653535475,0.086073508725,0.9989144421790589,0.999891391151808,0.99979377936328,Restaurant,78AY09MVJVTYE,../../model_fits/finalized_redone_trunc_cp/t2_a1_proportion/nonvegan/mpbamod_dishes_count/plots/78AY09MVJVTYE.png,Animal,0.15
nonvegan,mpbamod,Count,-0.00355792698066667,-0.0292784665,0.025093010825,0.9964483949416647,0.9996442705886495,1.00138451815796,Restaurant,9XKJD8DQTH559,../../model_fits/finalized_redone_trunc_cp/t2_a1_proportion/nonvegan/mpbamod_dishes_count/plots/9XKJD8DQTH559.png,Animal,0.15
nonvegan,mpbamod,Count,0.0130919959184227,-0.1594337727,0.1688356597725,1.0131780713197482,1.0013100569677458,1.00009539972885,Restaurant,C0BE4NDSW26QN,../../model_fits/finalized_redone_trunc_cp/t2_a1_proportion/nonvegan/mpbamod_dishes_count/plots/C0BE4NDSW26QN.png,Animal,0.15
nonvegan,mpbamod,Count,0.009622556720775,-0.0647151246175,0.085537327235,1.009669002375476,1.0009627187886003,0.999204531021544,Restaurant,CB2KHY1C2G9PT,../../model_fits/finalized_redone_trunc_cp/t2_a1_proportion/nonvegan/mpbamod_dishes_count/plots/CB2KHY1C2G9PT.png,Animal,0.15
nonvegan,mpbamod,Count,0.00167493289864413,-0.0183721442125,0.0187488631025,1.0016763363822225,1.0001675073176486,1.00071313230548,Restaurant,ED5J990H5VAZT,../../model_fits/finalized_redone_trunc_cp/t2_a1_proportion/nonvegan/mpbamod_dishes_count/plots/ED5J990H5VAZT.png,Animal,0.15
nonvegan,mpbamod,Count,0.0608617823401533,-0.097158817375,0.20852425045,1.06275201293903,1.006104736647598,1.0017088950305,Restaurant,EMBVNVD207CC6,../../model_fits/finalized_redone_trunc_cp/t2_a1_proportion/nonvegan/mpbamod_dishes_count/plots/EMBVNVD207CC6.png,Animal,0.15
nonvegan,mpbamod,Count,-0.00332619331840377,-0.042742530075,0.0422650348575,0.996679332334431,0.9996674359798369,1.00256819809078,Restaurant,JHDN7CF1C03X5,../../model_fits/finalized_redone_trunc_cp/t2_a1_proportion/nonvegan/mpbamod_dishes_count/plots/JHDN7CF1C03X5.png,Animal,0.15
nonvegan,mpbamod,Count,0.014530726144065,-0.1650696796375,0.1656622157775,1.0146368103492547,1.0014541288359449,1.00069893835527,Restaurant,L69HYJ4Y3TR91,../../model_fits/finalized_redone_trunc_cp/t2_a1_proportion/nonvegan/mpbamod_dishes_count/plots/L69HYJ4Y3TR91.png,Animal,0.15
nonvegan,mpbamod,Count,0.006325588529724,-0.0934429809725,0.110406124675,1.006345637316012,1.0006327589605146,1.00036674496163,Restaurant,LBZEEFSBJNB3Z,../../model_fits/finalized_redone_trunc_cp/t2_a1_proportion/nonvegan/mpbamod_dishes_count/plots/LBZEEFSBJNB3Z.png,Animal,0.15
nonvegan,mpbamod,Count,-0.0162237702727323,-0.2991005541425,0.297770011325,0.9839071262538054,0.998378938314913,1.00154936305391,Restaurant,LFZFT3VASXPED,../../model_fits/finalized_redone_trunc_cp/t2_a1_proportion/nonvegan/mpbamod_dishes_count/plots/LFZFT3VASXPED.png,Animal,0.15
nonvegan,mpbamod,Count,0.0125313585311467,-0.17794356023,0.19180562795,1.012610205011414,1.0012539213559275,1.00073627457043,Restaurant,LQ5EH4BKGV61T,../../model_fits/finalized_redone_trunc_cp/t2_a1_proportion/nonvegan/mpbamod_dishes_count/plots/LQ5EH4BKGV61T.png,Animal,0.15
nonvegan,mpbamod,Count,-0.00144915942661847,-0.139503245975,0.1440413250575,0.998551890097866,0.9998550945571462,0.999731585860922,Restaurant,S8MT0YGD2KTN9,../../model_fits/finalized_redone_trunc_cp/t2_a1_proportion/nonvegan/mpbamod_dishes_count/plots/S8MT0YGD2KTN9.png,Animal,0.15
nonvegan,mpbamod,Count,-0.010042831100618,-0.24529980325,0.25774431855,0.9900074297332337,0.9989962210134458,1.00139092027259,Restaurant,SAFK7ND1HR6XS,../../model_fits/finalized_redone_trunc_cp/t2_a1_proportion/nonvegan/mpbamod_dishes_count/plots/SAFK7ND1HR6XS.png,Animal,0.15
nonvegan,mpbamod,Count,-0.00152506142633333,-0.06686580465,0.0647543707500001,0.9984761008889013,0.9998475054858373,1.0001670034183,Restaurant,SRQS8F7JWA9MZ,../../model_fits/finalized_redone_trunc_cp/t2_a1_proportion/nonvegan/mpbamod_dishes_count/plots/SRQS8F7JWA9MZ.png,Animal,0.15
nonvegan,mpbamod,Count,0.00880595642885033,-0.035289990246,0.04914632599675,1.0088448429236117,1.0008809834810626,1.00016161148219,Restaurant,V3Q26BHF3SE2H,../../model_fits/finalized_redone_trunc_cp/t2_a1_proportion/nonvegan/mpbamod_dishes_count/plots/V3Q26BHF3SE2H.png,Animal,0.15
nonvegan,mpbamod,Count,-0.00276026337778593,-0.0311992730575,0.0283876503925,0.9972435426464896,0.9997240117539862,1.0006585219728,Restaurant,W8T41JZK0ZMEP,../../model_fits/finalized_redone_trunc_cp/t2_a1_proportion/nonvegan/mpbamod_dishes_count/plots/W8T41JZK0ZMEP.png,Animal,0.15
nonvegan,mpbamod,Proportion,0.230814851802667,-2.2391898025,2.70421594,1.2596260003747175,1.023349924002906,1.00063361128206,Restaurant,1SQPTEGYPH0GA,../../model_fits/finalized_redone_trunc_cp/t2_a1_proportion/nonvegan/mpbamod_dishes_prop/plots/1SQPTEGYPH0GA.png,Animal,0.15
nonvegan,mpbamod,Proportion,-0.144246866240457,-4.523177629,4.0104172435,0.8656740159888857,0.9856788507388716,1.00142655872107,Restaurant,2HRX9P6HKXA8V,../../model_fits/finalized_redone_trunc_cp/t2_a1_proportion/nonvegan/mpbamod_dishes_prop/plots/2HRX9P6HKXA8V.png,Animal,0.15
nonvegan,mpbamod,Proportion,0.19525416617,-2.03169855,2.438686765,1.2156199166866652,1.0197172842949536,1.00115634695736,Restaurant,78AY09MVJVTYE,../../model_fits/finalized_redone_trunc_cp/t2_a1_proportion/nonvegan/mpbamod_dishes_prop/plots/78AY09MVJVTYE.png,Animal,0.15
nonvegan,mpbamod,Proportion,0.176029881422497,-1.202505365,1.533249519125,1.1924736909284706,1.0177588338450443,1.00026504304417,Restaurant,9XKJD8DQTH559,../../model_fits/finalized_redone_trunc_cp/t2_a1_proportion/nonvegan/mpbamod_dishes_prop/plots/9XKJD8DQTH559.png,Animal,0.15
nonvegan,mpbamod,Proportion,0.272943475697533,-3.841346095,4.4154918,1.3138259796288032,1.0276702504896684,1.00033294542483,Restaurant,C0BE4NDSW26QN,../../model_fits/finalized_redone_trunc_cp/t2_a1_proportion/nonvegan/mpbamod_dishes_prop/plots/C0BE4NDSW26QN.png,Animal,0.15
nonvegan,mpbamod,Proportion,0.00146107320666667,-1.2328998875,1.2043409925,1.0014621410941482,1.0001461179948612,0.999905032672287,Restaurant,CB2KHY1C2G9PT,../../model_fits/finalized_redone_trunc_cp/t2_a1_proportion/nonvegan/mpbamod_dishes_prop/plots/CB2KHY1C2G9PT.png,Animal,0.15
nonvegan,mpbamod,Proportion,-0.0265186303129067,-0.437363089025,0.39556184475,0.9738299009107595,0.9973516500513868,1.0004681793043,Restaurant,ED5J990H5VAZT,../../model_fits/finalized_redone_trunc_cp/t2_a1_proportion/nonvegan/mpbamod_dishes_prop/plots/ED5J990H5VAZT.png,Animal,0.15
nonvegan,mpbamod,Proportion,0.02269664611511,-1.48823819525,1.47353526255,1.0229561747447322,1.0022722422499915,1.00114330017458,Restaurant,EMBVNVD207CC6,../../model_fits/finalized_redone_trunc_cp/t2_a1_proportion/nonvegan/mpbamod_dishes_prop/plots/EMBVNVD207CC6.png,Animal,0.15
nonvegan,mpbamod,Proportion,0.49401879970277,-1.27329075405,2.24300327075,1.6388893711371952,1.0506424980839673,1.00482270381403,Restaurant,JHDN7CF1C03X5,../../model_fits/finalized_redone_trunc_cp/t2_a1_proportion/nonvegan/mpbamod_dishes_prop/plots/JHDN7CF1C03X5.png,Animal,0.15
nonvegan,mpbamod,Proportion,-0.404436181222333,-5.32550750825,4.493132795,0.6673529709417992,0.9603633100717446,0.999990225678712,Restaurant,L69HYJ4Y3TR91,../../model_fits/finalized_redone_trunc_cp/t2_a1_proportion/nonvegan/mpbamod_dishes_prop/plots/L69HYJ4Y3TR91.png,Animal,0.15
nonvegan,mpbamod,Proportion,-0.159236415073067,-3.42315118775,2.995978655,0.8527947216085948,0.9842024694031718,1.0004003480459,Restaurant,LBZEEFSBJNB3Z,../../model_fits/finalized_redone_trunc_cp/t2_a1_proportion/nonvegan/mpbamod_dishes_prop/plots/LBZEEFSBJNB3Z.png,Animal,0.15
nonvegan,mpbamod,Proportion,-0.356436590814125,-7.73860260715,7.18747093,0.7001668670730793,0.9649840955431422,1.00046718502808,Restaurant,LFZFT3VASXPED,../../model_fits/finalized_redone_trunc_cp/t2_a1_proportion/nonvegan/mpbamod_dishes_prop/plots/LFZFT3VASXPED.png,Animal,0.15
nonvegan,mpbamod,Proportion,0.128450082254867,-4.2187335025,4.432052914,1.1370646601706274,1.0129278597062463,1.00039100390588,Restaurant,LQ5EH4BKGV61T,../../model_fits/finalized_redone_trunc_cp/t2_a1_proportion/nonvegan/mpbamod_dishes_prop/plots/LQ5EH4BKGV61T.png,Animal,0.15
nonvegan,mpbamod,Proportion,-0.652908019541333,-3.830570725,2.6183712325,0.5205298626629217,0.936795001945977,1.0000445933136899,Restaurant,S8MT0YGD2KTN9,../../model_fits/finalized_redone_trunc_cp/t2_a1_proportion/nonvegan/mpbamod_dishes_prop/plots/S8MT0YGD2KTN9.png,Animal,0.15
nonvegan,mpbamod,Proportion,-0.0862379259649733,-4.446814119475,4.17652817225,0.9173759376971123,0.9914132856413123,0.99985020960545,Restaurant,SAFK7ND1HR6XS,../../model_fits/finalized_redone_trunc_cp/t2_a1_proportion/nonvegan/mpbamod_dishes_prop/plots/SAFK7ND1HR6XS.png,Animal,0.15
nonvegan,mpbamod,Proportion,0.00177130729,-0.7881232175,0.756490054,1.001772876981423,1.000177146417574,1.00157559302491,Restaurant,SRQS8F7JWA9MZ,../../model_fits/finalized_redone_trunc_cp/t2_a1_proportion/nonvegan/mpbamod_dishes_prop/plots/SRQS8F7JWA9MZ.png,Animal,0.15
nonvegan,mpbamod,Proportion,0.113414028274667,-0.57469251775,0.8180518665,1.120095588202616,1.0114059603633503,1.00035787577406,Restaurant,V3Q26BHF3SE2H,../../model_fits/finalized_redone_trunc_cp/t2_a1_proportion/nonvegan/mpbamod_dishes_prop/plots/V3Q26BHF3SE2H.png,Animal,0.15
nonvegan,mpbamod,Proportion,-0.846553755310437,-2.38518522,0.634495134425,0.4288904494249841,0.9188288807599916,0.999371992528132,Restaurant,W8T41JZK0ZMEP,../../model_fits/finalized_redone_trunc_cp/t2_a1_proportion/nonvegan/mpbamod_dishes_prop/plots/W8T41JZK0ZMEP.png,Animal,0.15
nonvegan,vegan,Count,-0.01165157005,-0.05367827125,0.0306220765,0.9884160466240536,0.9988355215268655,1.0005685678707,Restaurant,1SQPTEGYPH0GA,../../model_fits/finalized_redone_trunc_cp/t2_a1_proportion/nonvegan/vegan_dishes_count/plots/1SQPTEGYPH0GA.png,Animal,0.15
nonvegan,vegan,Count,-0.0039074707390605,-0.12040293895,0.11461013735,0.9961001534910098,0.9996093292577893,1.00070809623826,Restaurant,2HRX9P6HKXA8V,../../model_fits/finalized_redone_trunc_cp/t2_a1_proportion/nonvegan/vegan_dishes_count/plots/2HRX9P6HKXA8V.png,Animal,0.15
nonvegan,vegan,Count,-0.00627577064763555,-0.03475813079925,0.0221728881875,0.9937438808700123,0.9993726198205335,1.00081088172333,Restaurant,78AY09MVJVTYE,../../model_fits/finalized_redone_trunc_cp/t2_a1_proportion/nonvegan/vegan_dishes_count/plots/78AY09MVJVTYE.png,Animal,0.15
nonvegan,vegan,Count,-0.0041804124888,-0.026013493125,0.016648483175,0.9958283132721603,0.9995820461181881,1.00111511642985,Restaurant,9XKJD8DQTH559,../../model_fits/finalized_redone_trunc_cp/t2_a1_proportion/nonvegan/vegan_dishes_count/plots/9XKJD8DQTH559.png,Animal,0.15
nonvegan,vegan,Count,-0.003535104405931,-0.05372049657055,0.0430453524,0.9964711367191404,0.9996465520368604,1.00025841141992,Restaurant,C0BE4NDSW26QN,../../model_fits/finalized_redone_trunc_cp/t2_a1_proportion/nonvegan/vegan_dishes_count/plots/C0BE4NDSW26QN.png,Animal,0.15
nonvegan,vegan,Count,-0.00204669384075,-0.0246205206,0.02072882505,0.9979553992089014,0.9997953515592746,0.999477615758941,Restaurant,CB2KHY1C2G9PT,../../model_fits/finalized_redone_trunc_cp/t2_a1_proportion/nonvegan/vegan_dishes_count/plots/CB2KHY1C2G9PT.png,Animal,0.15
nonvegan,vegan,Count,-0.01298485706,-0.08146966325,0.0556904744999999,0.9870990824892931,0.9987023569617942,1.00083972816549,Restaurant,ED5J990H5VAZT,../../model_fits/finalized_redone_trunc_cp/t2_a1_proportion/nonvegan/vegan_dishes_count/plots/ED5J990H5VAZT.png,Animal,0.15
nonvegan,vegan,Count,0.0337807706905,-0.136186742,0.20253701075,1.0343578203191879,1.003383789201589,0.999912279942738,Restaurant,EMBVNVD207CC6,../../model_fits/finalized_redone_trunc_cp/t2_a1_proportion/nonvegan/vegan_dishes_count/plots/EMBVNVD207CC6.png,Animal,0.15
nonvegan,vegan,Count,-0.0067673033964542,-0.0317807061675,0.016623234715,0.9932555432354285,0.9993234985906866,1.00033171369242,Restaurant,JHDN7CF1C03X5,../../model_fits/finalized_redone_trunc_cp/t2_a1_proportion/nonvegan/vegan_dishes_count/plots/JHDN7CF1C03X5.png,Animal,0.15
nonvegan,vegan,Count,-0.0104473937615,-0.0777930276,0.051465737025,0.98960699069997,0.9989558061740296,1.00029554323538,Restaurant,L69HYJ4Y3TR91,../../model_fits/finalized_redone_trunc_cp/t2_a1_proportion/nonvegan/vegan_dishes_count/plots/L69HYJ4Y3TR91.png,Animal,0.15
nonvegan,vegan,Count,0.0149555630248,-0.0557751037,0.08661003825,1.0150679570638705,1.0014966752045311,1.00036179830992,Restaurant,LBZEEFSBJNB3Z,../../model_fits/finalized_redone_trunc_cp/t2_a1_proportion/nonvegan/vegan_dishes_count/plots/LBZEEFSBJNB3Z.png,Animal,0.15
nonvegan,vegan,Count,0.0036550554283795,-0.236582773275,0.222551465475,1.0036617432891566,1.000365572348128,1.00327667219394,Restaurant,LFZFT3VASXPED,../../model_fits/finalized_redone_trunc_cp/t2_a1_proportion/nonvegan/vegan_dishes_count/plots/LFZFT3VASXPED.png,Animal,0.15
nonvegan,vegan,Count,-0.0265233519225415,-0.254193674375,0.1987943825,0.9738253028769718,0.997351179140982,1.00034695591961,Restaurant,LQ5EH4BKGV61T,../../model_fits/finalized_redone_trunc_cp/t2_a1_proportion/nonvegan/vegan_dishes_count/plots/LQ5EH4BKGV61T.png,Animal,0.15
nonvegan,vegan,Count,0.0246672801364313,-0.09009987525,0.14152665135,1.0249740345635967,1.0024697728903025,1.00194824463865,Restaurant,S8MT0YGD2KTN9,../../model_fits/finalized_redone_trunc_cp/t2_a1_proportion/nonvegan/vegan_dishes_count/plots/S8MT0YGD2KTN9.png,Animal,0.15
nonvegan,vegan,Count,0.0076029595526415,-0.334410290825,0.309994518,1.0076319354372305,1.000760585053496,1.00096161838076,Restaurant,SAFK7ND1HR6XS,../../model_fits/finalized_redone_trunc_cp/t2_a1_proportion/nonvegan/vegan_dishes_count/plots/SAFK7ND1HR6XS.png,Animal,0.15
nonvegan,vegan,Count,-0.07095762172,-0.24235164775,0.11408587525,0.9315013667168927,0.9929293533087978,1.00210550127583,Restaurant,SRQS8F7JWA9MZ,../../model_fits/finalized_redone_trunc_cp/t2_a1_proportion/nonvegan/vegan_dishes_count/plots/SRQS8F7JWA9MZ.png,Animal,0.15
nonvegan,vegan,Count,-0.0352917942095,-0.10218830445,0.03897592775,0.9653236992921291,0.9964770408131504,1.00001445259922,Restaurant,V3Q26BHF3SE2H,../../model_fits/finalized_redone_trunc_cp/t2_a1_proportion/nonvegan/vegan_dishes_count/plots/V3Q26BHF3SE2H.png,Animal,0.15
nonvegan,vegan,Count,0.0083977098899,-0.010998591875,0.027366329775,1.0084330695663932,1.000840123695371,1.00045397278355,Restaurant,W8T41JZK0ZMEP,../../model_fits/finalized_redone_trunc_cp/t2_a1_proportion/nonvegan/vegan_dishes_count/plots/W8T41JZK0ZMEP.png,Animal,0.15
nonvegan,vegan,Proportion,-0.0622818177315333,-1.79356087875,1.59828565125,0.9396180484478499,0.9937911731481107,1.00079331571239,Restaurant,1SQPTEGYPH0GA,../../model_fits/finalized_redone_trunc_cp/t2_a1_proportion/nonvegan/vegan_dishes_prop/plots/1SQPTEGYPH0GA.png,Animal,0.15
nonvegan,vegan,Proportion,-0.0658531991933287,-2.10306524525,1.92277581975,0.9362682991451736,0.9934363157811659,1.00072655635851,Restaurant,2HRX9P6HKXA8V,../../model_fits/finalized_redone_trunc_cp/t2_a1_proportion/nonvegan/vegan_dishes_prop/plots/2HRX9P6HKXA8V.png,Animal,0.15
nonvegan,vegan,Proportion,-0.0335410902701907,-0.7552326514,0.68543724419,0.9670151755001927,0.9966515097129526,1.00009793573758,Restaurant,78AY09MVJVTYE,../../model_fits/finalized_redone_trunc_cp/t2_a1_proportion/nonvegan/vegan_dishes_prop/plots/78AY09MVJVTYE.png,Animal,0.15
nonvegan,vegan,Proportion,-0.2849355698905,-1.752210827,1.2686031375,0.7520627082410629,0.9719085561434331,1.00138060306897,Restaurant,9XKJD8DQTH559,../../model_fits/finalized_redone_trunc_cp/t2_a1_proportion/nonvegan/vegan_dishes_prop/plots/9XKJD8DQTH559.png,Animal,0.15
nonvegan,vegan,Proportion,-0.0523054115381667,-1.86706938475,1.7573324655,0.9490389751238323,0.9947831143077057,0.999579086028655,Restaurant,C0BE4NDSW26QN,../../model_fits/finalized_redone_trunc_cp/t2_a1_proportion/nonvegan/vegan_dishes_prop/plots/C0BE4NDSW26QN.png,Animal,0.15
nonvegan,vegan,Proportion,-0.134163586520263,-0.95235755,0.6843074615,0.8744470051596264,0.9866732395462727,0.999183649414232,Restaurant,CB2KHY1C2G9PT,../../model_fits/finalized_redone_trunc_cp/t2_a1_proportion/nonvegan/vegan_dishes_prop/plots/CB2KHY1C2G9PT.png,Animal,0.15
nonvegan,vegan,Proportion,-0.109492118444,-1.45026180625,1.175858525,0.8962892284880173,0.9891105125983357,1.00024994158231,Restaurant,ED5J990H5VAZT,../../model_fits/finalized_redone_trunc_cp/t2_a1_proportion/nonvegan/vegan_dishes_prop/plots/ED5J990H5VAZT.png,Animal,0.15
nonvegan,vegan,Proportion,-0.111850091159713,-1.02748334925,0.808195315925001,0.8941782926844428,0.9888773105334684,1.00184479862609,Restaurant,EMBVNVD207CC6,../../model_fits/finalized_redone_trunc_cp/t2_a1_proportion/nonvegan/vegan_dishes_prop/plots/EMBVNVD207CC6.png,Animal,0.15
nonvegan,vegan,Proportion,-0.370344312951187,-1.677435687475,0.932700960625,0.6904965428005518,0.9636429553028577,0.999818696354406,Restaurant,JHDN7CF1C03X5,../../model_fits/finalized_redone_trunc_cp/t2_a1_proportion/nonvegan/vegan_dishes_prop/plots/JHDN7CF1C03X5.png,Animal,0.15
nonvegan,vegan,Proportion,-0.506393080876667,-2.6061282575,1.64048845325,0.6026654286830035,0.9506214901857722,1.00049924298683,Restaurant,L69HYJ4Y3TR91,../../model_fits/finalized_redone_trunc_cp/t2_a1_proportion/nonvegan/vegan_dishes_prop/plots/L69HYJ4Y3TR91.png,Animal,0.15
nonvegan,vegan,Proportion,0.560148974840667,-1.5111774575,2.62488985275,1.7509333258806352,1.0576134393986132,0.999974838505603,Restaurant,LBZEEFSBJNB3Z,../../model_fits/finalized_redone_trunc_cp/t2_a1_proportion/nonvegan/vegan_dishes_prop/plots/LBZEEFSBJNB3Z.png,Animal,0.15
nonvegan,vegan,Proportion,-0.292204171872667,-3.69590778925,3.22311697675,0.7466160824068133,0.9712023711776296,1.00056551653423,Restaurant,LFZFT3VASXPED,../../model_fits/finalized_redone_trunc_cp/t2_a1_proportion/nonvegan/vegan_dishes_prop/plots/LFZFT3VASXPED.png,Animal,0.15
nonvegan,vegan,Proportion,0.0881729624971433,-2.51094156,2.735638890375,1.0921770113555482,1.0088562831082748,1.00316613201169,Restaurant,LQ5EH4BKGV61T,../../model_fits/finalized_redone_trunc_cp/t2_a1_proportion/nonvegan/vegan_dishes_prop/plots/LQ5EH4BKGV61T.png,Animal,0.15
nonvegan,vegan,Proportion,-0.05097583880128,-2.73464226,2.5249546075,0.9503016306815963,0.9949153867515925,1.0007296410945,Restaurant,S8MT0YGD2KTN9,../../model_fits/finalized_redone_trunc_cp/t2_a1_proportion/nonvegan/vegan_dishes_prop/plots/S8MT0YGD2KTN9.png,Animal,0.15
nonvegan,vegan,Proportion,-0.0287489255176667,-3.20709143375,3.06502149925,0.9716603929733812,0.9971292359945021,1.0009395728584,Restaurant,SAFK7ND1HR6XS,../../model_fits/finalized_redone_trunc_cp/t2_a1_proportion/nonvegan/vegan_dishes_prop/plots/SAFK7ND1HR6XS.png,Animal,0.15
nonvegan,vegan,Proportion,-0.149745685976667,-0.8311795065,0.52670308749999994,0.860926894369229,0.9851369926997083,1.0018503059566,Restaurant,SRQS8F7JWA9MZ,../../model_fits/finalized_redone_trunc_cp/t2_a1_proportion/nonvegan/vegan_dishes_prop/plots/SRQS8F7JWA9MZ.png,Animal,0.15
nonvegan,vegan,Proportion,-0.5008438469,-1.672653255,0.742638155,0.6060190565833957,0.9511491586872591,1.00067021485167,Restaurant,V3Q26BHF3SE2H,../../model_fits/finalized_redone_trunc_cp/t2_a1_proportion/nonvegan/vegan_dishes_prop/plots/V3Q26BHF3SE2H.png,Animal,0.15
nonvegan,vegan,Proportion,-0.2449078295705,-1.571312624775,1.051034965,0.7827766837801211,0.9758066829290656,1.00157037838263,Restaurant,W8T41JZK0ZMEP,../../model_fits/finalized_redone_trunc_cp/t2_a1_proportion/nonvegan/vegan_dishes_prop/plots/W8T41JZK0ZMEP.png,Animal,0.15
nonvegan,vegetarian,Count,-0.0023580427800000002,-0.016066644825,0.0114374183,0.9976447352189004,0.9997642235216436,1.00114680957858,Restaurant,1SQPTEGYPH0GA,../../model_fits/finalized_redone_trunc_cp/t2_a1_proportion/nonvegan/vegetarian_dishes_count/plots/1SQPTEGYPH0GA.png,Animal,0.15
nonvegan,vegetarian,Count,-5.21451708473e-4,-0.0850155437125,0.0856262143999999,0.9994786842238407,0.9999478561886885,1.00097970458054,Restaurant,2HRX9P6HKXA8V,../../model_fits/finalized_redone_trunc_cp/t2_a1_proportion/nonvegan/vegetarian_dishes_count/plots/2HRX9P6HKXA8V.png,Animal,0.15
nonvegan,vegetarian,Count,-0.0023477889624511,-0.025018369075,0.0208652804825,0.9976549649384407,0.9997652486621632,1.00397723368404,Restaurant,78AY09MVJVTYE,../../model_fits/finalized_redone_trunc_cp/t2_a1_proportion/nonvegan/vegetarian_dishes_count/plots/78AY09MVJVTYE.png,Animal,0.15
nonvegan,vegetarian,Count,-0.0013627987642,-0.013346106825,0.010472434475,0.9986381294243433,0.9998637294092605,1.00011675566245,Restaurant,9XKJD8DQTH559,../../model_fits/finalized_redone_trunc_cp/t2_a1_proportion/nonvegan/vegetarian_dishes_count/plots/9XKJD8DQTH559.png,Animal,0.15
nonvegan,vegetarian,Count,-0.004960497806836,-0.0360324194725,0.02544490289,0.9950517851441665,0.9995040732316679,0.999866230509,Restaurant,C0BE4NDSW26QN,../../model_fits/finalized_redone_trunc_cp/t2_a1_proportion/nonvegan/vegetarian_dishes_count/plots/C0BE4NDSW26QN.png,Animal,0.15
nonvegan,vegetarian,Count,-0.0015008728259,-0.0165192156,0.01212858665,0.9985002529204486,0.9998499239799428,1.00044122896259,Restaurant,CB2KHY1C2G9PT,../../model_fits/finalized_redone_trunc_cp/t2_a1_proportion/nonvegan/vegetarian_dishes_count/plots/CB2KHY1C2G9PT.png,Animal,0.15
nonvegan,vegetarian,Count,-0.003186667911,-0.0309807637,0.025489595375,0.9968184041261244,0.999681383977769,1.00111236090047,Restaurant,ED5J990H5VAZT,../../model_fits/finalized_redone_trunc_cp/t2_a1_proportion/nonvegan/vegetarian_dishes_count/plots/ED5J990H5VAZT.png,Animal,0.15
nonvegan,vegetarian,Count,0.032599434325,-0.0663102195,0.133837681575,1.0331366172789074,1.003265262826829,1.00331176826173,Restaurant,EMBVNVD207CC6,../../model_fits/finalized_redone_trunc_cp/t2_a1_proportion/nonvegan/vegetarian_dishes_count/plots/EMBVNVD207CC6.png,Animal,0.15
nonvegan,vegetarian,Count,-0.005022846552733,-0.02309604882,0.0134815172575,0.9949897468472853,0.9994978414685466,1.00024105810254,Restaurant,JHDN7CF1C03X5,../../model_fits/finalized_redone_trunc_cp/t2_a1_proportion/nonvegan/vegetarian_dishes_count/plots/JHDN7CF1C03X5.png,Animal,0.15
nonvegan,vegetarian,Count,-0.006562785411411,-0.055539135075,0.04396013675,0.9934587026319311,0.9993439367625184,1.00178894315104,Restaurant,L69HYJ4Y3TR91,../../model_fits/finalized_redone_trunc_cp/t2_a1_proportion/nonvegan/vegetarian_dishes_count/plots/L69HYJ4Y3TR91.png,Animal,0.15
nonvegan,vegetarian,Count,0.012781841117392,-0.0393772626575,0.06548312235,1.012863878003431,1.0012790013372022,1.00212876337868,Restaurant,LBZEEFSBJNB3Z,../../model_fits/finalized_redone_trunc_cp/t2_a1_proportion/nonvegan/vegetarian_dishes_count/plots/LBZEEFSBJNB3Z.png,Animal,0.15
nonvegan,vegetarian,Count,-0.00684727421373,-0.142633228215,0.1353338638,0.9931761149538869,0.9993155069509511,1.00049584056498,Restaurant,LFZFT3VASXPED,../../model_fits/finalized_redone_trunc_cp/t2_a1_proportion/nonvegan/vegetarian_dishes_count/plots/LFZFT3VASXPED.png,Animal,0.15
nonvegan,vegetarian,Count,8.7573998728e-4,-0.1270948208275,0.135968331475,1.0008761235595043,1.0000875778334426,1.00217409822637,Restaurant,LQ5EH4BKGV61T,../../model_fits/finalized_redone_trunc_cp/t2_a1_proportion/nonvegan/vegetarian_dishes_count/plots/LQ5EH4BKGV61T.png,Animal,0.15
nonvegan,vegetarian,Count,0.005081852240632,-0.026800876325,0.03575578975,1.0050947867528746,1.0005083143720503,1.00111606924232,Restaurant,S8MT0YGD2KTN9,../../model_fits/finalized_redone_trunc_cp/t2_a1_proportion/nonvegan/vegetarian_dishes_count/plots/S8MT0YGD2KTN9.png,Animal,0.15
nonvegan,vegetarian,Count,0.004408545829547,-0.149703137875,0.165101296905,1.004418277763683,1.0004409517736181,1.00102020959533,Restaurant,SAFK7ND1HR6XS,../../model_fits/finalized_redone_trunc_cp/t2_a1_proportion/nonvegan/vegetarian_dishes_count/plots/SAFK7ND1HR6XS.png,Animal,0.15
nonvegan,vegetarian,Count,2.70590073e-4,-0.028732488225,0.0317758312,1.0002706266857961,1.0000270593733982,0.999553266312974,Restaurant,SRQS8F7JWA9MZ,../../model_fits/finalized_redone_trunc_cp/t2_a1_proportion/nonvegan/vegetarian_dishes_count/plots/SRQS8F7JWA9MZ.png,Animal,0.15
nonvegan,vegetarian,Count,3.20687799e-4,-0.0509008673,0.05179775465,1.0003207392248292,1.000032069294109,1.00065298994686,Restaurant,V3Q26BHF3SE2H,../../model_fits/finalized_redone_trunc_cp/t2_a1_proportion/nonvegan/vegetarian_dishes_count/plots/V3Q26BHF3SE2H.png,Animal,0.15
nonvegan,vegetarian,Count,0.0064048205419,-0.008092930125,0.02154474535,1.0064253752646586,1.0006406872066174,1.00163779818325,Restaurant,W8T41JZK0ZMEP,../../model_fits/finalized_redone_trunc_cp/t2_a1_proportion/nonvegan/vegetarian_dishes_count/plots/W8T41JZK0ZMEP.png,Animal,0.15
nonvegan,vegetarian,Proportion,0.122228483518367,-1.0963554135,1.34501589975,1.1300122614638763,1.0122978526399153,1.0157134399852,Restaurant,1SQPTEGYPH0GA,../../model_fits/finalized_redone_trunc_cp/t2_a1_proportion/nonvegan/vegetarian_dishes_prop/plots/1SQPTEGYPH0GA.png,Animal,0.15
nonvegan,vegetarian,Proportion,-0.037793310465535,-1.979758393,1.76572475775,0.9629119441460123,0.9962278016366066,1.00958648903703,Restaurant,2HRX9P6HKXA8V,../../model_fits/finalized_redone_trunc_cp/t2_a1_proportion/nonvegan/vegetarian_dishes_prop/plots/2HRX9P6HKXA8V.png,Animal,0.15
nonvegan,vegetarian,Proportion,-0.020010365730601,-0.687440022825,0.639187314225,0.9801885128840325,0.9980009641658835,1.01081962274136,Restaurant,78AY09MVJVTYE,../../model_fits/finalized_redone_trunc_cp/t2_a1_proportion/nonvegan/vegetarian_dishes_prop/plots/78AY09MVJVTYE.png,Animal,0.15
nonvegan,vegetarian,Proportion,-0.22025069981761,-1.35030288525,0.880133075,0.8023176318634064,0.9782157108937708,1.01780328020944,Restaurant,9XKJD8DQTH559,../../model_fits/finalized_redone_trunc_cp/t2_a1_proportion/nonvegan/vegetarian_dishes_prop/plots/9XKJD8DQTH559.png,Animal,0.15
nonvegan,vegetarian,Proportion,-0.124007648501244,-1.421683502025,1.1999164265,0.8833730843767775,0.9876758077877311,1.01197849810247,Restaurant,C0BE4NDSW26QN,../../model_fits/finalized_redone_trunc_cp/t2_a1_proportion/nonvegan/vegetarian_dishes_prop/plots/C0BE4NDSW26QN.png,Animal,0.15
nonvegan,vegetarian,Proportion,0.0612904094089123,-0.76653789,0.90326623425,1.0632076348581219,1.006147861944238,1.00470582171003,Restaurant,CB2KHY1C2G9PT,../../model_fits/finalized_redone_trunc_cp/t2_a1_proportion/nonvegan/vegetarian_dishes_prop/plots/CB2KHY1C2G9PT.png,Animal,0.15
nonvegan,vegetarian,Proportion,-0.310609359347633,-1.526440415475,0.883981504000001,0.7330001596091933,0.9694164989756364,1.00884986941718,Restaurant,ED5J990H5VAZT,../../model_fits/finalized_redone_trunc_cp/t2_a1_proportion/nonvegan/vegetarian_dishes_prop/plots/ED5J990H5VAZT.png,Animal,0.15
nonvegan,vegetarian,Proportion,-0.414745632465753,-1.653945580435,0.822553798,0.6605082711987078,0.9593737383843293,1.01466330449523,Restaurant,EMBVNVD207CC6,../../model_fits/finalized_redone_trunc_cp/t2_a1_proportion/nonvegan/vegetarian_dishes_prop/plots/EMBVNVD207CC6.png,Animal,0.15
nonvegan,vegetarian,Proportion,-0.294051428469647,-1.522969329,0.8723229325,0.7452381639994392,0.971022981748339,1.00581162921682,Restaurant,JHDN7CF1C03X5,../../model_fits/finalized_redone_trunc_cp/t2_a1_proportion/nonvegan/vegetarian_dishes_prop/plots/JHDN7CF1C03X5.png,Animal,0.15
nonvegan,vegetarian,Proportion,-0.609196842301667,-2.82493344875,1.67337630675,0.5437874408023969,0.9408988057533186,1.00530208796305,Restaurant,L69HYJ4Y3TR91,../../model_fits/finalized_redone_trunc_cp/t2_a1_proportion/nonvegan/vegetarian_dishes_prop/plots/L69HYJ4Y3TR91.png,Animal,0.15
nonvegan,vegetarian,Proportion,0.0422371476105237,-1.2538385225,1.31993247075,1.0431418280124114,1.0042326472158631,1.01587158622441,Restaurant,LBZEEFSBJNB3Z,../../model_fits/finalized_redone_trunc_cp/t2_a1_proportion/nonvegan/vegetarian_dishes_prop/plots/LBZEEFSBJNB3Z.png,Animal,0.15
nonvegan,vegetarian,Proportion,-0.587414756371127,-3.6155460835,2.23434743065,0.5557622098319689,0.9429505133295315,1.01774863868938,Restaurant,LFZFT3VASXPED,../../model_fits/finalized_redone_trunc_cp/t2_a1_proportion/nonvegan/vegetarian_dishes_prop/plots/LFZFT3VASXPED.png,Animal,0.15
nonvegan,vegetarian,Proportion,0.027213799372509,-2.12073499475,2.239130904,1.027587476837309,1.0027250862529675,1.00088135660848,Restaurant,LQ5EH4BKGV61T,../../model_fits/finalized_redone_trunc_cp/t2_a1_proportion/nonvegan/vegetarian_dishes_prop/plots/LQ5EH4BKGV61T.png,Animal,0.15
nonvegan,vegetarian,Proportion,0.116492006871773,-0.94092764725,1.1238486702,1.1235485297638446,1.0117173168682234,1.00395837295875,Restaurant,S8MT0YGD2KTN9,../../model_fits/finalized_redone_trunc_cp/t2_a1_proportion/nonvegan/vegetarian_dishes_prop/plots/S8MT0YGD2KTN9.png,Animal,0.15
nonvegan,vegetarian,Proportion,-0.17965377256894,-2.711949410375,2.5082046315,0.8355594549399424,0.9821950380560946,1.03416725814205,Restaurant,SAFK7ND1HR6XS,../../model_fits/finalized_redone_trunc_cp/t2_a1_proportion/nonvegan/vegetarian_dishes_prop/plots/SAFK7ND1HR6XS.png,Animal,0.15
nonvegan,vegetarian,Proportion,-0.0132033924766667,-0.49914584425,0.4534851295,0.9868833899490981,0.9986805320167007,1.0034787648215,Restaurant,SRQS8F7JWA9MZ,../../model_fits/finalized_redone_trunc_cp/t2_a1_proportion/nonvegan/vegetarian_dishes_prop/plots/SRQS8F7JWA9MZ.png,Animal,0.15
nonvegan,vegetarian,Proportion,0.0338772471397633,-0.764523450325,0.849798919,1.0344576163028636,1.0033934695388083,1.00513885297622,Restaurant,V3Q26BHF3SE2H,../../model_fits/finalized_redone_trunc_cp/t2_a1_proportion/nonvegan/vegetarian_dishes_prop/plots/V3Q26BHF3SE2H.png,Animal,0.15
nonvegan,vegetarian,Proportion,-1.08847507039845,-2.6325485658025,0.36168949625,0.3367295913099477,0.8968671730009214,1.00771355994412,Restaurant,W8T41JZK0ZMEP,../../model_fits/finalized_redone_trunc_cp/t2_a1_proportion/nonvegan/vegetarian_dishes_prop/plots/W8T41JZK0ZMEP.png,Animal,0.15
meat,mpbamod,Count,0.0323790177503133,-0.038783606725,0.1052092739,1.0329089219393786,1.0032431494412644,1.00230850359003,Restaurant,1SQPTEGYPH0GA,../../model_fits/finalized_redone_trunc_cp/t2_a1_proportion/meat/mpbamod_dishes_count/plots/1SQPTEGYPH0GA.png,Animal,0.15
meat,mpbamod,Count,0.0655086744238387,-0.1117183817,0.24827504305,1.0677019989730008,1.006572371305181,1.00092526050538,Restaurant,2HRX9P6HKXA8V,../../model_fits/finalized_redone_trunc_cp/t2_a1_proportion/meat/mpbamod_dishes_count/plots/2HRX9P6HKXA8V.png,Animal,0.15
meat,mpbamod,Count,0.02232774682833,-0.0726666048,0.11315381055,1.0225788765382602,1.00223526918043,1.00284233365273,Restaurant,78AY09MVJVTYE,../../model_fits/finalized_redone_trunc_cp/t2_a1_proportion/meat/mpbamod_dishes_count/plots/78AY09MVJVTYE.png,Animal,0.15
meat,mpbamod,Count,-0.00600295296233333,-0.0315176455,0.024146531,0.9940150287606627,0.9993998848449402,1.00105586694368,Restaurant,9XKJD8DQTH559,../../model_fits/finalized_redone_trunc_cp/t2_a1_proportion/meat/mpbamod_dishes_count/plots/9XKJD8DQTH559.png,Animal,0.15
meat,mpbamod,Count,0.0128414882736483,-0.14636610615,0.1583487058,1.0129242942552394,1.0012849736995186,1.00122556182053,Restaurant,C0BE4NDSW26QN,../../model_fits/finalized_redone_trunc_cp/t2_a1_proportion/meat/mpbamod_dishes_count/plots/C0BE4NDSW26QN.png,Animal,0.15
meat,mpbamod,Count,0.0563095880188471,-0.020611170065,0.13418237555,1.0579251539960755,1.0056468424497929,1.00100623682949,Restaurant,CB2KHY1C2G9PT,../../model_fits/finalized_redone_trunc_cp/t2_a1_proportion/meat/mpbamod_dishes_count/plots/CB2KHY1C2G9PT.png,Animal,0.15
meat,mpbamod,Count,-0.0017951210881622,-0.024481503765,0.018874029045,0.9982064891780134,0.9998205040025183,1.00167282204045,Restaurant,ED5J990H5VAZT,../../model_fits/finalized_redone_trunc_cp/t2_a1_proportion/meat/mpbamod_dishes_count/plots/ED5J990H5VAZT.png,Animal,0.15
meat,mpbamod,Count,-0.0272916473926867,-0.177694801275,0.09647348715,0.9730774046482582,0.9972745560451708,1.00213627973621,Restaurant,EMBVNVD207CC6,../../model_fits/finalized_redone_trunc_cp/t2_a1_proportion/meat/mpbamod_dishes_count/plots/EMBVNVD207CC6.png,Animal,0.15
meat,mpbamod,Count,-0.0078149233284654,-0.046386297,0.038371946925,0.9922155337931833,0.9992188129527553,1.0009177152974,Restaurant,JHDN7CF1C03X5,../../model_fits/finalized_redone_trunc_cp/t2_a1_proportion/meat/mpbamod_dishes_count/plots/JHDN7CF1C03X5.png,Animal,0.15
meat,mpbamod,Count,-0.0123448932259084,-0.186318180725,0.1417345030575,0.9877309923809231,0.9987662723458969,0.99964206255526,Restaurant,L69HYJ4Y3TR91,../../model_fits/finalized_redone_trunc_cp/t2_a1_proportion/meat/mpbamod_dishes_count/plots/L69HYJ4Y3TR91.png,Animal,0.15
meat,mpbamod,Count,0.0595433368075503,-0.04664042276,0.16768474851,1.0613517555796743,1.0059720959622296,1.00286621919415,Restaurant,LBZEEFSBJNB3Z,../../model_fits/finalized_redone_trunc_cp/t2_a1_proportion/meat/mpbamod_dishes_count/plots/LBZEEFSBJNB3Z.png,Animal,0.15
meat,mpbamod,Count,-0.0188101681606782,-0.23750351675,0.2348755895,0.981365639005916,0.9981207511873416,1.00065404745587,Restaurant,LFZFT3VASXPED,../../model_fits/finalized_redone_trunc_cp/t2_a1_proportion/meat/mpbamod_dishes_count/plots/LFZFT3VASXPED.png,Animal,0.15
meat,mpbamod,Count,0.00744120168969967,-0.18474345675,0.21345391175,1.0074689562306618,1.0007443970950674,1.00028396611557,Restaurant,LQ5EH4BKGV61T,../../model_fits/finalized_redone_trunc_cp/t2_a1_proportion/meat/mpbamod_dishes_count/plots/LQ5EH4BKGV61T.png,Animal,0.15
meat,mpbamod,Count,0.0319110216626265,-0.0977718796,0.165704918975,1.0324256377013612,1.0031961991530067,1.00074794943773,Restaurant,S8MT0YGD2KTN9,../../model_fits/finalized_redone_trunc_cp/t2_a1_proportion/meat/mpbamod_dishes_count/plots/S8MT0YGD2KTN9.png,Animal,0.15
meat,mpbamod,Count,-0.027747989739232,-0.2392334773175,0.194051069275,0.9726334495275161,0.9972290472224533,1.00063765343093,Restaurant,SAFK7ND1HR6XS,../../model_fits/finalized_redone_trunc_cp/t2_a1_proportion/meat/mpbamod_dishes_count/plots/SAFK7ND1HR6XS.png,Animal,0.15
meat,mpbamod,Count,-0.0432021109438,-0.1080774533,0.0269864780000001,0.9577178052553709,0.9956891075931743,1.00064624798916,Restaurant,SRQS8F7JWA9MZ,../../model_fits/finalized_redone_trunc_cp/t2_a1_proportion/meat/mpbamod_dishes_count/plots/SRQS8F7JWA9MZ.png,Animal,0.15
meat,mpbamod,Count,0.057054366844099,0.0052934652725,0.10433312035,1.0587133677354896,1.0057217436863948,1.00013432482922,Restaurant,V3Q26BHF3SE2H,../../model_fits/finalized_redone_trunc_cp/t2_a1_proportion/meat/mpbamod_dishes_count/plots/V3Q26BHF3SE2H.png,Animal,0.15
meat,mpbamod,Count,-0.0262281740200613,-0.0567107348,0.00588309805500002,0.9741127970161282,0.9973806191783918,0.999666149496159,Restaurant,W8T41JZK0ZMEP,../../model_fits/finalized_redone_trunc_cp/t2_a1_proportion/meat/mpbamod_dishes_count/plots/W8T41JZK0ZMEP.png,Animal,0.15
meat,mpbamod,Proportion,1.74844918688143,-0.6235993675,4.087636951,5.745685279078902,1.1910614909104635,1.57468825584898,Restaurant,1SQPTEGYPH0GA,../../model_fits/finalized_redone_trunc_cp/t2_a1_proportion/meat/mpbamod_dishes_prop/plots/1SQPTEGYPH0GA.png,Animal,0.15
meat,mpbamod,Proportion,0.415581431168977,-3.49015425075,4.72440271075,1.5152514990674466,1.042433770438043,1.14157541765297,Restaurant,2HRX9P6HKXA8V,../../model_fits/finalized_redone_trunc_cp/t2_a1_proportion/meat/mpbamod_dishes_prop/plots/2HRX9P6HKXA8V.png,Animal,0.15
meat,mpbamod,Proportion,0.00765160112,-2.110849205,2.484609745,1.0076809494259398,1.0007654529216758,1.26572722277956,Restaurant,78AY09MVJVTYE,../../model_fits/finalized_redone_trunc_cp/t2_a1_proportion/meat/mpbamod_dishes_prop/plots/78AY09MVJVTYE.png,Animal,0.15
meat,mpbamod,Proportion,0.0705679404696733,-1.197579722975,1.5507775545,1.0731174750593337,1.007081751890993,1.2490339268331,Restaurant,9XKJD8DQTH559,../../model_fits/finalized_redone_trunc_cp/t2_a1_proportion/meat/mpbamod_dishes_prop/plots/9XKJD8DQTH559.png,Animal,0.15
meat,mpbamod,Proportion,0.918277075644207,-3.6592754525,4.73948633,2.5049707946442354,1.096175942987024,1.57367745691859,Restaurant,C0BE4NDSW26QN,../../model_fits/finalized_redone_trunc_cp/t2_a1_proportion/meat/mpbamod_dishes_prop/plots/C0BE4NDSW26QN.png,Animal,0.15
meat,mpbamod,Proportion,-0.20852743728,-1.3318884625,1.178903055,0.8117787613958112,0.9793631713210675,1.26572554491571,Restaurant,CB2KHY1C2G9PT,../../model_fits/finalized_redone_trunc_cp/t2_a1_proportion/meat/mpbamod_dishes_prop/plots/CB2KHY1C2G9PT.png,Animal,0.15
meat,mpbamod,Proportion,-0.0320868218098467,-0.511868843,0.38158231885,0.9684224982351016,0.9967964601381917,1.41421235982293,Restaurant,ED5J990H5VAZT,../../model_fits/finalized_redone_trunc_cp/t2_a1_proportion/meat/mpbamod_dishes_prop/plots/ED5J990H5VAZT.png,Animal,0.15
meat,mpbamod,Proportion,-0.38098733796092,-1.645511356,0.8505418169,0.683186540099803,0.9626178932802814,1.55122652523114,Restaurant,EMBVNVD207CC6,../../model_fits/finalized_redone_trunc_cp/t2_a1_proportion/meat/mpbamod_dishes_prop/plots/EMBVNVD207CC6.png,Animal,0.15
meat,mpbamod,Proportion,1.90033157158362,0.23344106025,3.4554932575,6.688111662450701,1.2092896936023902,1.57303519069364,Restaurant,JHDN7CF1C03X5,../../model_fits/finalized_redone_trunc_cp/t2_a1_proportion/meat/mpbamod_dishes_prop/plots/JHDN7CF1C03X5.png,Animal,0.15
meat,mpbamod,Proportion,-1.2626762508517,-5.8544104925,3.81485419,0.2828959120744385,0.8813789361041744,1.47629574138656,Restaurant,L69HYJ4Y3TR91,../../model_fits/finalized_redone_trunc_cp/t2_a1_proportion/meat/mpbamod_dishes_prop/plots/L69HYJ4Y3TR91.png,Animal,0.15
meat,mpbamod,Proportion,1.5192853105396,-2.184966271925,4.6123513135,4.568958641409419,1.164077038100077,1.18742657518147,Restaurant,LBZEEFSBJNB3Z,../../model_fits/finalized_redone_trunc_cp/t2_a1_proportion/meat/mpbamod_dishes_prop/plots/LBZEEFSBJNB3Z.png,Animal,0.15
meat,mpbamod,Proportion,-0.0430687563656612,-7.49003572265,6.7790443975,0.9578455298254056,0.9957023856517987,1.15035360017036,Restaurant,LFZFT3VASXPED,../../model_fits/finalized_redone_trunc_cp/t2_a1_proportion/meat/mpbamod_dishes_prop/plots/LFZFT3VASXPED.png,Animal,0.15
meat,mpbamod,Proportion,-0.0689880470475333,-4.390648572,4.43313803075,0.9333378361543188,0.9931249374196237,1.19857638944267,Restaurant,LQ5EH4BKGV61T,../../model_fits/finalized_redone_trunc_cp/t2_a1_proportion/meat/mpbamod_dishes_prop/plots/LQ5EH4BKGV61T.png,Animal,0.15
meat,mpbamod,Proportion,-0.900634599206667,-3.7622119375,1.90779814,0.4063117328058429,0.9138731891109514,1.59377865488071,Restaurant,S8MT0YGD2KTN9,../../model_fits/finalized_redone_trunc_cp/t2_a1_proportion/meat/mpbamod_dishes_prop/plots/S8MT0YGD2KTN9.png,Animal,0.15
meat,mpbamod,Proportion,-0.31864498974057,-4.24179480925,3.4602555375,0.7271336433939847,0.9686378246062496,1.63331895966665,Restaurant,SAFK7ND1HR6XS,../../model_fits/finalized_redone_trunc_cp/t2_a1_proportion/meat/mpbamod_dishes_prop/plots/SAFK7ND1HR6XS.png,Animal,0.15
meat,mpbamod,Proportion,-0.43780828947,-1.13525471925,0.28103192625,0.6454495104647124,0.9571637170653543,1.51783112280709,Restaurant,SRQS8F7JWA9MZ,../../model_fits/finalized_redone_trunc_cp/t2_a1_proportion/meat/mpbamod_dishes_prop/plots/SRQS8F7JWA9MZ.png,Animal,0.15
meat,mpbamod,Proportion,1.19436903928639,0.42363979925,1.9048689475,3.3014740127871014,1.1268621412499968,1.30652600311862,Restaurant,V3Q26BHF3SE2H,../../model_fits/finalized_redone_trunc_cp/t2_a1_proportion/meat/mpbamod_dishes_prop/plots/V3Q26BHF3SE2H.png,Animal,0.15
meat,mpbamod,Proportion,-0.50092090336483,-1.943587263,1.044726696,0.6059723606964089,0.9511418294963279,1.47750040319678,Restaurant,W8T41JZK0ZMEP,../../model_fits/finalized_redone_trunc_cp/t2_a1_proportion/meat/mpbamod_dishes_prop/plots/W8T41JZK0ZMEP.png,Animal,0.15
meat,vegan,Count,-0.04323979193,-0.082566191,7.61293e-4,0.95768171818387,0.9956853557454908,1.01450557148448,Restaurant,1SQPTEGYPH0GA,../../model_fits/finalized_redone_trunc_cp/t2_a1_proportion/meat/vegan_dishes_count/plots/1SQPTEGYPH0GA.png,Animal,0.15
meat,vegan,Count,-0.0652502285617571,-0.18525869215,0.0562906282225,0.9368330116682535,0.9934962188794134,1.00125526715593,Restaurant,2HRX9P6HKXA8V,../../model_fits/finalized_redone_trunc_cp/t2_a1_proportion/meat/vegan_dishes_count/plots/2HRX9P6HKXA8V.png,Animal,0.15
meat,vegan,Count,-7.8966042606625e-4,-0.03057652905425,0.030069018045,0.9992106512736769,0.9999210370751292,1.00042020518555,Restaurant,78AY09MVJVTYE,../../model_fits/finalized_redone_trunc_cp/t2_a1_proportion/meat/vegan_dishes_count/plots/78AY09MVJVTYE.png,Animal,0.15
meat,vegan,Count,-0.0041786711922,-0.02472177,0.018415350975,0.995830047306126,0.9995822201750851,1.00242701512298,Restaurant,9XKJD8DQTH559,../../model_fits/finalized_redone_trunc_cp/t2_a1_proportion/meat/vegan_dishes_count/plots/9XKJD8DQTH559.png,Animal,0.15
meat,vegan,Count,-0.007282320229555,-0.0571740919,0.0411424793925,0.9927441316151921,0.9992720330736297,1.00087956091155,Restaurant,C0BE4NDSW26QN,../../model_fits/finalized_redone_trunc_cp/t2_a1_proportion/meat/vegan_dishes_count/plots/C0BE4NDSW26QN.png,Animal,0.15
meat,vegan,Count,-0.00618388990339,-0.02885670576,0.016030595975,0.9938351909921328,0.9993818021727263,1.00202188829655,Restaurant,CB2KHY1C2G9PT,../../model_fits/finalized_redone_trunc_cp/t2_a1_proportion/meat/vegan_dishes_count/plots/CB2KHY1C2G9PT.png,Animal,0.15
meat,vegan,Count,-0.1076234220225,-0.190357728075,-0.0271737875000002,0.8979656868699584,0.9892953645969472,1.00181524171249,Restaurant,ED5J990H5VAZT,../../model_fits/finalized_redone_trunc_cp/t2_a1_proportion/meat/vegan_dishes_count/plots/ED5J990H5VAZT.png,Animal,0.15
meat,vegan,Count,0.0200463489795,-0.1498272425,0.2024931225,1.02024862641358,1.0020066455217849,1.00132003564795,Restaurant,EMBVNVD207CC6,../../model_fits/finalized_redone_trunc_cp/t2_a1_proportion/meat/vegan_dishes_count/plots/EMBVNVD207CC6.png,Animal,0.15
meat,vegan,Count,-0.0252239623387707,-0.0505859359025,-0.003262657775,0.9750915037979305,0.9974807823344054,1.00159764531681,Restaurant,JHDN7CF1C03X5,../../model_fits/finalized_redone_trunc_cp/t2_a1_proportion/meat/vegan_dishes_count/plots/JHDN7CF1C03X5.png,Animal,0.15
meat,vegan,Count,-0.0087339263323,-0.081618737875,0.06480583985,0.9913041036048633,0.9991269886631007,1.00053112096183,Restaurant,L69HYJ4Y3TR91,../../model_fits/finalized_redone_trunc_cp/t2_a1_proportion/meat/vegan_dishes_count/plots/L69HYJ4Y3TR91.png,Animal,0.15
meat,vegan,Count,0.0796810961708,-0.00163822200000001,0.15221016805,1.0829416583600582,1.0079999394876482,1.00003706706825,Restaurant,LBZEEFSBJNB3Z,../../model_fits/finalized_redone_trunc_cp/t2_a1_proportion/meat/vegan_dishes_count/plots/LBZEEFSBJNB3Z.png,Animal,0.15
meat,vegan,Count,0.0197612116949395,-0.215424939125,0.2503389245,1.0199577569615015,1.0019780749837115,1.00322361035999,Restaurant,LFZFT3VASXPED,../../model_fits/finalized_redone_trunc_cp/t2_a1_proportion/meat/vegan_dishes_count/plots/LFZFT3VASXPED.png,Animal,0.15
meat,vegan,Count,0.05549238149815,-0.188848374125,0.306861009075,1.0570609638208377,1.0055646636919726,1.00244737939056,Restaurant,LQ5EH4BKGV61T,../../model_fits/finalized_redone_trunc_cp/t2_a1_proportion/meat/vegan_dishes_count/plots/LQ5EH4BKGV61T.png,Animal,0.15
meat,vegan,Count,0.026699409503738,-0.09050626795,0.136321861125,1.0270590321748903,1.0026735084169816,1.00140754233205,Restaurant,S8MT0YGD2KTN9,../../model_fits/finalized_redone_trunc_cp/t2_a1_proportion/meat/vegan_dishes_count/plots/S8MT0YGD2KTN9.png,Animal,0.15
meat,vegan,Count,-0.0090253594108655,-0.340242667175,0.3207701423,0.9910152468914003,0.9990978712219736,1.00093762694661,Restaurant,SAFK7ND1HR6XS,../../model_fits/finalized_redone_trunc_cp/t2_a1_proportion/meat/vegan_dishes_count/plots/SAFK7ND1HR6XS.png,Animal,0.15
meat,vegan,Count,0.02543651494,-0.15014112625,0.20151587875,1.0257627835914458,1.0025468893201799,1.00500022531517,Restaurant,SRQS8F7JWA9MZ,../../model_fits/finalized_redone_trunc_cp/t2_a1_proportion/meat/vegan_dishes_count/plots/SRQS8F7JWA9MZ.png,Animal,0.15
meat,vegan,Count,-0.061046507324,-0.130189914475,0.01234546675,0.9407794856222229,0.9939139447889194,1.00047306317696,Restaurant,V3Q26BHF3SE2H,../../model_fits/finalized_redone_trunc_cp/t2_a1_proportion/meat/vegan_dishes_count/plots/V3Q26BHF3SE2H.png,Animal,0.15
meat,vegan,Count,-0.0350383703782146,-0.055710656725,-0.016542672275,0.9655683663233532,0.996502294236087,1.00089899803571,Restaurant,W8T41JZK0ZMEP,../../model_fits/finalized_redone_trunc_cp/t2_a1_proportion/meat/vegan_dishes_count/plots/W8T41JZK0ZMEP.png,Animal,0.15
meat,vegan,Proportion,-1.05683953314127,-2.81741494475,0.688352550750001,0.3475525045566333,0.8997089531796173,1.00325558152418,Restaurant,1SQPTEGYPH0GA,../../model_fits/finalized_redone_trunc_cp/t2_a1_proportion/meat/vegan_dishes_prop/plots/1SQPTEGYPH0GA.png,Animal,0.15
meat,vegan,Proportion,-1.40320515728066,-3.63031257575,0.870807714500001,0.24580784718445187,0.8690796370609963,1.00176333230408,Restaurant,2HRX9P6HKXA8V,../../model_fits/finalized_redone_trunc_cp/t2_a1_proportion/meat/vegan_dishes_prop/plots/2HRX9P6HKXA8V.png,Animal,0.15
meat,vegan,Proportion,0.0632613462044467,-0.72695325075,0.885238307075,1.0653052163281869,1.0063461868721766,1.00111125318953,Restaurant,78AY09MVJVTYE,../../model_fits/finalized_redone_trunc_cp/t2_a1_proportion/meat/vegan_dishes_prop/plots/78AY09MVJVTYE.png,Animal,0.15
meat,vegan,Proportion,0.19360080956,-1.43121961775,1.763662057,1.2136117240489137,1.0195487026003884,1.00025705378836,Restaurant,9XKJD8DQTH559,../../model_fits/finalized_redone_trunc_cp/t2_a1_proportion/meat/vegan_dishes_prop/plots/9XKJD8DQTH559.png,Animal,0.15
meat,vegan,Proportion,-0.444925793472693,-2.31954195,1.4111962235,0.6408718311408851,0.9564826977932293,1.00017444113028,Restaurant,C0BE4NDSW26QN,../../model_fits/finalized_redone_trunc_cp/t2_a1_proportion/meat/vegan_dishes_prop/plots/C0BE4NDSW26QN.png,Animal,0.15
meat,vegan,Proportion,-0.407031998662737,-1.237628782825,0.43663628175,0.6656228909183507,0.9601140496419319,1.00151786908128,Restaurant,CB2KHY1C2G9PT,../../model_fits/finalized_redone_trunc_cp/t2_a1_proportion/meat/vegan_dishes_prop/plots/CB2KHY1C2G9PT.png,Animal,0.15
meat,vegan,Proportion,-1.17349422809819,-2.74723930425,0.3791559445,0.3092843409063751,0.8892744061068483,0.999868983674001,Restaurant,ED5J990H5VAZT,../../model_fits/finalized_redone_trunc_cp/t2_a1_proportion/meat/vegan_dishes_prop/plots/ED5J990H5VAZT.png,Animal,0.15
meat,vegan,Proportion,-0.0429080088760033,-1.021357192475,0.88521087175,0.9579995134657153,0.9957183914463369,1.00053459440968,Restaurant,EMBVNVD207CC6,../../model_fits/finalized_redone_trunc_cp/t2_a1_proportion/meat/vegan_dishes_prop/plots/EMBVNVD207CC6.png,Animal,0.15
meat,vegan,Proportion,-1.38163478729775,-2.61873670875,-0.1332656035,0.25116761162926454,0.8709562972777136,1.0031657367947,Restaurant,JHDN7CF1C03X5,../../model_fits/finalized_redone_trunc_cp/t2_a1_proportion/meat/vegan_dishes_prop/plots/JHDN7CF1C03X5.png,Animal,0.15
meat,vegan,Proportion,-0.2500606948185,-2.902620962,2.3752845925,0.7787535153336965,0.9753039924204879,1.00066649149852,Restaurant,L69HYJ4Y3TR91,../../model_fits/finalized_redone_trunc_cp/t2_a1_proportion/meat/vegan_dishes_prop/plots/L69HYJ4Y3TR91.png,Animal,0.15
meat,vegan,Proportion,2.94004052247067,0.7294874575,5.279181971,18.916612844613216,1.341789340917876,1.00182427232298,Restaurant,LBZEEFSBJNB3Z,../../model_fits/finalized_redone_trunc_cp/t2_a1_proportion/meat/vegan_dishes_prop/plots/LBZEEFSBJNB3Z.png,Animal,0.15
meat,vegan,Proportion,0.0618885691626133,-3.94597982575,4.14495265275,1.063843793118288,1.0062080474599766,1.00035682261269,Restaurant,LFZFT3VASXPED,../../model_fits/finalized_redone_trunc_cp/t2_a1_proportion/meat/vegan_dishes_prop/plots/LFZFT3VASXPED.png,Animal,0.15
meat,vegan,Proportion,0.195672772821857,-2.8201794355,3.1876603125,1.2161288897922515,1.019759971232221,1.00046814723833,Restaurant,LQ5EH4BKGV61T,../../model_fits/finalized_redone_trunc_cp/t2_a1_proportion/meat/vegan_dishes_prop/plots/LQ5EH4BKGV61T.png,Animal,0.15
meat,vegan,Proportion,-0.0808843901671567,-2.9168744145,2.81535254625,0.922300312266214,0.9919441843894163,1.00086066094304,Restaurant,S8MT0YGD2KTN9,../../model_fits/finalized_redone_trunc_cp/t2_a1_proportion/meat/vegan_dishes_prop/plots/S8MT0YGD2KTN9.png,Animal,0.15
meat,vegan,Proportion,-0.19601735333507,-3.88942593175,3.64583019115,0.8219979701482155,0.9805891295517788,1.00090552994464,Restaurant,SAFK7ND1HR6XS,../../model_fits/finalized_redone_trunc_cp/t2_a1_proportion/meat/vegan_dishes_prop/plots/SAFK7ND1HR6XS.png,Animal,0.15
meat,vegan,Proportion,0.35662669981,-0.3495932825,1.0495545975,1.4285025100499955,1.0363062103292324,1.00151484975902,Restaurant,SRQS8F7JWA9MZ,../../model_fits/finalized_redone_trunc_cp/t2_a1_proportion/meat/vegan_dishes_prop/plots/SRQS8F7JWA9MZ.png,Animal,0.15
meat,vegan,Proportion,-0.776161993386667,-2.03967125825,0.509616725,0.4601687571595145,0.925319496635866,1.00194698186638,Restaurant,V3Q26BHF3SE2H,../../model_fits/finalized_redone_trunc_cp/t2_a1_proportion/meat/vegan_dishes_prop/plots/V3Q26BHF3SE2H.png,Animal,0.15
meat,vegan,Proportion,-2.16168015753867,-3.523845625,-0.834205470075,0.11513151935276156,0.8055999370213504,1.00138977518833,Restaurant,W8T41JZK0ZMEP,../../model_fits/finalized_redone_trunc_cp/t2_a1_proportion/meat/vegan_dishes_prop/plots/W8T41JZK0ZMEP.png,Animal,0.15
meat,vegetarian,Count,-0.013662169896,-0.0284083514,0.0011697008,0.9864307339763833,0.998634715859958,1.00363448273978,Restaurant,1SQPTEGYPH0GA,../../model_fits/finalized_redone_trunc_cp/t2_a1_proportion/meat/vegetarian_dishes_count/plots/1SQPTEGYPH0GA.png,Animal,0.15
meat,vegetarian,Count,-0.002881696763352,-0.08791868855,0.082388356575,0.9971224513392847,0.9997118718405579,1.00103080435162,Restaurant,2HRX9P6HKXA8V,../../model_fits/finalized_redone_trunc_cp/t2_a1_proportion/meat/vegetarian_dishes_count/plots/2HRX9P6HKXA8V.png,Animal,0.15
meat,vegetarian,Count,0.00081914480379490005,-0.02277848856,0.02607882549,1.0008194803945258,1.000081917835462,1.00264087741046,Restaurant,78AY09MVJVTYE,../../model_fits/finalized_redone_trunc_cp/t2_a1_proportion/meat/vegetarian_dishes_count/plots/78AY09MVJVTYE.png,Animal,0.15
meat,vegetarian,Count,-0.0034696444425,-0.01614788502,0.009472428985,0.9965363678182996,0.9996530957409518,1.00201250492808,Restaurant,9XKJD8DQTH559,../../model_fits/finalized_redone_trunc_cp/t2_a1_proportion/meat/vegetarian_dishes_count/plots/9XKJD8DQTH559.png,Animal,0.15
meat,vegetarian,Count,-0.0135919654219362,-0.0400088343,0.01470086835,0.9864999882582142,0.9986417267470686,1.00084057838427,Restaurant,C0BE4NDSW26QN,../../model_fits/finalized_redone_trunc_cp/t2_a1_proportion/meat/vegetarian_dishes_count/plots/C0BE4NDSW26QN.png,Animal,0.15
meat,vegetarian,Count,-0.0046279588261,-0.01829229265,0.010821899075,0.9953827336741715,0.9995373111908861,1.00157137325587,Restaurant,CB2KHY1C2G9PT,../../model_fits/finalized_redone_trunc_cp/t2_a1_proportion/meat/vegetarian_dishes_count/plots/CB2KHY1C2G9PT.png,Animal,0.15
meat,vegetarian,Count,-0.044269146157,-0.07485548335,-0.0157591476,0.9566964316505642,0.9955828697273321,1.0033694814272,Restaurant,ED5J990H5VAZT,../../model_fits/finalized_redone_trunc_cp/t2_a1_proportion/meat/vegetarian_dishes_count/plots/ED5J990H5VAZT.png,Animal,0.15
meat,vegetarian,Count,-0.0490528753467,-0.141546900975,0.048083969075,0.9521307841221824,0.995106723740617,1.00170375709766,Restaurant,EMBVNVD207CC6,../../model_fits/finalized_redone_trunc_cp/t2_a1_proportion/meat/vegetarian_dishes_count/plots/EMBVNVD207CC6.png,Animal,0.15
meat,vegetarian,Count,-0.0201399976193509,-0.03753956385,-0.0012047307075,0.9800614574311736,0.9979880269747414,1.00128327887098,Restaurant,JHDN7CF1C03X5,../../model_fits/finalized_redone_trunc_cp/t2_a1_proportion/meat/vegetarian_dishes_count/plots/JHDN7CF1C03X5.png,Animal,0.15
meat,vegetarian,Count,-0.02566379589102,-0.075826299875,0.025236075725,0.9746627201416788,0.9974369107476427,1.00358422137098,Restaurant,L69HYJ4Y3TR91,../../model_fits/finalized_redone_trunc_cp/t2_a1_proportion/meat/vegetarian_dishes_count/plots/L69HYJ4Y3TR91.png,Animal,0.15
meat,vegetarian,Count,0.030324652748992,-0.01965196095,0.083624609875,1.030789128161202,1.0030370678489269,1.00213514458148,Restaurant,LBZEEFSBJNB3Z,../../model_fits/finalized_redone_trunc_cp/t2_a1_proportion/meat/vegetarian_dishes_count/plots/LBZEEFSBJNB3Z.png,Animal,0.15
meat,vegetarian,Count,-0.00289866574265,-0.118956763875,0.112433927675,0.9971055313326084,0.9997101754329915,1.00020063048862,Restaurant,LFZFT3VASXPED,../../model_fits/finalized_redone_trunc_cp/t2_a1_proportion/meat/vegetarian_dishes_count/plots/LFZFT3VASXPED.png,Animal,0.15
meat,vegetarian,Count,-0.026704447313568,-0.15193664905,0.098864914525,0.9736489635705555,0.9973331177343466,1.00061043076507,Restaurant,LQ5EH4BKGV61T,../../model_fits/finalized_redone_trunc_cp/t2_a1_proportion/meat/vegetarian_dishes_count/plots/LQ5EH4BKGV61T.png,Animal,0.15
meat,vegetarian,Count,0.01319398261656,-0.0195082834,0.045398510375,1.013281407275224,1.0013202690504728,1.00078720379448,Restaurant,S8MT0YGD2KTN9,../../model_fits/finalized_redone_trunc_cp/t2_a1_proportion/meat/vegetarian_dishes_count/plots/S8MT0YGD2KTN9.png,Animal,0.15
meat,vegetarian,Count,-0.026563199994508,-0.1641137382,0.101255905325,0.9737864985893631,0.9973472048967441,1.00164838327664,Restaurant,SAFK7ND1HR6XS,../../model_fits/finalized_redone_trunc_cp/t2_a1_proportion/meat/vegetarian_dishes_count/plots/SAFK7ND1HR6XS.png,Animal,0.15
meat,vegetarian,Count,-0.02016199479885,-0.0512817620625,0.00954757487499999,0.9800398990804866,0.9979858316849791,1.00094293198666,Restaurant,SRQS8F7JWA9MZ,../../model_fits/finalized_redone_trunc_cp/t2_a1_proportion/meat/vegetarian_dishes_count/plots/SRQS8F7JWA9MZ.png,Animal,0.15
meat,vegetarian,Count,-0.0233464785088,-0.073968338325,0.0280945231,0.9769239419773081,0.9976680753197867,1.00002004790105,Restaurant,V3Q26BHF3SE2H,../../model_fits/finalized_redone_trunc_cp/t2_a1_proportion/meat/vegetarian_dishes_count/plots/V3Q26BHF3SE2H.png,Animal,0.15
meat,vegetarian,Count,-0.026404201486583002,-0.0425744964275,-0.011001253405,0.9739413414992459,0.9973630626945582,1.0009039489667,Restaurant,W8T41JZK0ZMEP,../../model_fits/finalized_redone_trunc_cp/t2_a1_proportion/meat/vegetarian_dishes_count/plots/W8T41JZK0ZMEP.png,Animal,0.15
meat,vegetarian,Proportion,-1.22332429379537,-2.4728310285,0.0392378300000005,0.29425036458962345,0.8848541680828284,1.00252596383299,Restaurant,1SQPTEGYPH0GA,../../model_fits/finalized_redone_trunc_cp/t2_a1_proportion/meat/vegetarian_dishes_prop/plots/1SQPTEGYPH0GA.png,Animal,0.15
meat,vegetarian,Proportion,-0.801958129991295,-2.843022010275,1.34865298475,0.4484499804596123,0.92293560590255,1.00212865865524,Restaurant,2HRX9P6HKXA8V,../../model_fits/finalized_redone_trunc_cp/t2_a1_proportion/meat/vegetarian_dishes_prop/plots/2HRX9P6HKXA8V.png,Animal,0.15
meat,vegetarian,Proportion,0.0652262906543347,-0.696357196625,0.8204848518,1.0674005398234125,1.006543947736452,1.00255367229627,Restaurant,78AY09MVJVTYE,../../model_fits/finalized_redone_trunc_cp/t2_a1_proportion/meat/vegetarian_dishes_prop/plots/78AY09MVJVTYE.png,Animal,0.15
meat,vegetarian,Proportion,-0.367742287645777,-1.5403067145,0.848703268500001,0.692295571822705,0.9638937302630902,1.00197413313098,Restaurant,9XKJD8DQTH559,../../model_fits/finalized_redone_trunc_cp/t2_a1_proportion/meat/vegetarian_dishes_prop/plots/9XKJD8DQTH559.png,Animal,0.15
meat,vegetarian,Proportion,-1.04390508250015,-2.355536452,0.27342404925,0.3520771037944917,0.9008734302154345,1.00569009168887,Restaurant,C0BE4NDSW26QN,../../model_fits/finalized_redone_trunc_cp/t2_a1_proportion/meat/vegetarian_dishes_prop/plots/C0BE4NDSW26QN.png,Animal,0.15
meat,vegetarian,Proportion,-0.219735568880958,-1.113055141,0.643536230250001,0.8027310369663379,0.9782661031092291,1.00055104578761,Restaurant,CB2KHY1C2G9PT,../../model_fits/finalized_redone_trunc_cp/t2_a1_proportion/meat/vegetarian_dishes_prop/plots/CB2KHY1C2G9PT.png,Animal,0.15
meat,vegetarian,Proportion,-2.48265208423627,-3.9098733125,-1.03041722875,0.08352142574964488,0.7801530126886964,1.0006497943821,Restaurant,ED5J990H5VAZT,../../model_fits/finalized_redone_trunc_cp/t2_a1_proportion/meat/vegetarian_dishes_prop/plots/ED5J990H5VAZT.png,Animal,0.15
meat,vegetarian,Proportion,-1.89695850379427,-3.1179314,-0.607241495,0.15002422411955768,0.8272106915038095,1.00250152341606,Restaurant,EMBVNVD207CC6,../../model_fits/finalized_redone_trunc_cp/t2_a1_proportion/meat/vegetarian_dishes_prop/plots/EMBVNVD207CC6.png,Animal,0.15
meat,vegetarian,Proportion,-1.47149824241871,-2.655398475,-0.220590404,0.22958125900320075,0.8631646447394683,1.00176572831097,Restaurant,JHDN7CF1C03X5,../../model_fits/finalized_redone_trunc_cp/t2_a1_proportion/meat/vegetarian_dishes_prop/plots/JHDN7CF1C03X5.png,Animal,0.15
meat,vegetarian,Proportion,-1.36546642848939,-3.86730177325,1.2143578175,0.2552615869405785,0.8723656296923822,1.00099504811046,Restaurant,L69HYJ4Y3TR91,../../model_fits/finalized_redone_trunc_cp/t2_a1_proportion/meat/vegetarian_dishes_prop/plots/L69HYJ4Y3TR91.png,Animal,0.15
meat,vegetarian,Proportion,-0.0136427012249697,-1.35055408645,1.35187963875,0.9864499386587815,0.9986366600709268,0.99983186964082,Restaurant,LBZEEFSBJNB3Z,../../model_fits/finalized_redone_trunc_cp/t2_a1_proportion/meat/vegetarian_dishes_prop/plots/LBZEEFSBJNB3Z.png,Animal,0.15
meat,vegetarian,Proportion,-1.22012816638941,-4.531188385,2.02307017,0.29519233076418844,0.8851370239482784,1.00016177459003,Restaurant,LFZFT3VASXPED,../../model_fits/finalized_redone_trunc_cp/t2_a1_proportion/meat/vegetarian_dishes_prop/plots/LFZFT3VASXPED.png,Animal,0.15
meat,vegetarian,Proportion,-0.428430948051743,-2.89120464025,2.12215347365,0.6515305784567041,0.9580617031324569,1.00385932883153,Restaurant,LQ5EH4BKGV61T,../../model_fits/finalized_redone_trunc_cp/t2_a1_proportion/meat/vegetarian_dishes_prop/plots/LQ5EH4BKGV61T.png,Animal,0.15
meat,vegetarian,Proportion,0.0908098179379333,-0.99044710625,1.15208600025,1.095060724546783,1.0091223390021886,1.00427978232574,Restaurant,S8MT0YGD2KTN9,../../model_fits/finalized_redone_trunc_cp/t2_a1_proportion/meat/vegetarian_dishes_prop/plots/S8MT0YGD2KTN9.png,Animal,0.15
meat,vegetarian,Proportion,-1.03835693386246,-3.91293558,1.62613747125,0.3540359087441263,0.9013733868637578,1.00217415597693,Restaurant,SAFK7ND1HR6XS,../../model_fits/finalized_redone_trunc_cp/t2_a1_proportion/meat/vegetarian_dishes_prop/plots/SAFK7ND1HR6XS.png,Animal,0.15
meat,vegetarian,Proportion,-0.326794991824717,-0.84945169925,0.2020444645,0.7212315862430073,0.9678487061868346,1.00071921970545,Restaurant,SRQS8F7JWA9MZ,../../model_fits/finalized_redone_trunc_cp/t2_a1_proportion/meat/vegetarian_dishes_prop/plots/SRQS8F7JWA9MZ.png,Animal,0.15
meat,vegetarian,Proportion,-2.70269656957046,-3.793343723,-1.654363442625,0.06702453252166932,0.7631736714973665,1.00118961277032,Restaurant,V3Q26BHF3SE2H,../../model_fits/finalized_redone_trunc_cp/t2_a1_proportion/meat/vegetarian_dishes_prop/plots/V3Q26BHF3SE2H.png,Animal,0.15
meat,vegetarian,Proportion,-3.8558673200458,-5.5258153375,-2.2208415015,0.02115524698108062,0.6800515111399642,1.00337313192044,Restaurant,W8T41JZK0ZMEP,../../model_fits/finalized_redone_trunc_cp/t2_a1_proportion/meat/vegetarian_dishes_prop/plots/W8T41JZK0ZMEP.png,Animal,0.15
chicken_fish,mpbamod,Count,0.196197623908333,0.108182179,0.287032713,1.216767343893362,1.0198134948496898,1.0012409628058,Restaurant,1SQPTEGYPH0GA,../../model_fits/finalized_redone_trunc_cp/t2_a1_proportion/chicken_fish/mpbamod_dishes_count/plots/1SQPTEGYPH0GA.png,Animal,0.15
chicken_fish,mpbamod,Count,-0.0351418937892633,-0.2238488195,0.1130662125,0.9654684125663369,0.9964919781578232,0.999645729610352,Restaurant,2HRX9P6HKXA8V,../../model_fits/finalized_redone_trunc_cp/t2_a1_proportion/chicken_fish/mpbamod_dishes_count/plots/2HRX9P6HKXA8V.png,Animal,0.15
chicken_fish,mpbamod,Count,0.07373357545072,-0.02616608205,0.182018297,1.0765199559419822,1.007400607679638,1.000169828445,Restaurant,78AY09MVJVTYE,../../model_fits/finalized_redone_trunc_cp/t2_a1_proportion/chicken_fish/mpbamod_dishes_count/plots/78AY09MVJVTYE.png,Animal,0.15
chicken_fish,mpbamod,Count,0.0441862950797333,0.023889490825,0.06543361175,1.0451770480941978,1.0044284060456665,1.00035722498079,Restaurant,9XKJD8DQTH559,../../model_fits/finalized_redone_trunc_cp/t2_a1_proportion/chicken_fish/mpbamod_dishes_count/plots/9XKJD8DQTH559.png,Animal,0.15
chicken_fish,mpbamod,Count,0.012800789030437,-0.12718816575,0.145125662,1.0128830698419398,1.0012808985537447,0.999786930656529,Restaurant,C0BE4NDSW26QN,../../model_fits/finalized_redone_trunc_cp/t2_a1_proportion/chicken_fish/mpbamod_dishes_count/plots/C0BE4NDSW26QN.png,Animal,0.15
chicken_fish,mpbamod,Count,0.116436336700257,0.007436987895,0.24398905525,1.1234859833654864,1.011711684636245,1.00090273210425,Restaurant,CB2KHY1C2G9PT,../../model_fits/finalized_redone_trunc_cp/t2_a1_proportion/chicken_fish/mpbamod_dishes_count/plots/CB2KHY1C2G9PT.png,Animal,0.15
chicken_fish,mpbamod,Count,0.00750095888859876,-0.0292921337,0.041576809575,1.0075291615522968,1.0007503772811337,1.00474023189567,Restaurant,ED5J990H5VAZT,../../model_fits/finalized_redone_trunc_cp/t2_a1_proportion/chicken_fish/mpbamod_dishes_count/plots/ED5J990H5VAZT.png,Animal,0.15
chicken_fish,mpbamod,Count,-0.0576910563164097,-0.21036765275,0.076190633475,0.9439415271661181,0.9942475037025693,1.00055690848876,Restaurant,EMBVNVD207CC6,../../model_fits/finalized_redone_trunc_cp/t2_a1_proportion/chicken_fish/mpbamod_dishes_count/plots/EMBVNVD207CC6.png,Animal,0.15
chicken_fish,mpbamod,Count,0.0334737966128091,-0.003510103075,0.068795807425,1.0340403480116704,1.0033529883930181,1.00077908531671,Restaurant,JHDN7CF1C03X5,../../model_fits/finalized_redone_trunc_cp/t2_a1_proportion/chicken_fish/mpbamod_dishes_count/plots/JHDN7CF1C03X5.png,Animal,0.15
chicken_fish,mpbamod,Count,0.0187567729599933,-0.173724502,0.1945243885,1.0189337862264254,1.0018774374789985,1.00013429209746,Restaurant,L69HYJ4Y3TR91,../../model_fits/finalized_redone_trunc_cp/t2_a1_proportion/chicken_fish/mpbamod_dishes_count/plots/L69HYJ4Y3TR91.png,Animal,0.15
chicken_fish,mpbamod,Count,0.0783437902688271,-0.027373902725,0.18905805975,1.0814944020167536,1.0078651480738903,1.00146305386744,Restaurant,LBZEEFSBJNB3Z,../../model_fits/finalized_redone_trunc_cp/t2_a1_proportion/chicken_fish/mpbamod_dishes_count/plots/LBZEEFSBJNB3Z.png,Animal,0.15
chicken_fish,mpbamod,Count,0.061565930963062,-0.13165942975,0.2764259925,1.0635006118369448,1.0061755838683986,0.999708870717084,Restaurant,LFZFT3VASXPED,../../model_fits/finalized_redone_trunc_cp/t2_a1_proportion/chicken_fish/mpbamod_dishes_count/plots/LFZFT3VASXPED.png,Animal,0.15
chicken_fish,mpbamod,Count,0.0799968479784903,-0.0835908395,0.2870886955,1.0832836531362013,1.008031767770442,1.00121414940802,Restaurant,LQ5EH4BKGV61T,../../model_fits/finalized_redone_trunc_cp/t2_a1_proportion/chicken_fish/mpbamod_dishes_count/plots/LQ5EH4BKGV61T.png,Animal,0.15
chicken_fish,mpbamod,Count,0.0264009338435693,-0.12257635125,0.16253386275,1.026752525796852,1.0026435814998707,1.0008239887392,Restaurant,S8MT0YGD2KTN9,../../model_fits/finalized_redone_trunc_cp/t2_a1_proportion/chicken_fish/mpbamod_dishes_count/plots/S8MT0YGD2KTN9.png,Animal,0.15
chicken_fish,mpbamod,Count,0.0717987942297043,-0.090294188975,0.257341812,1.0744391389590955,1.0072057165560524,1.00040181125224,Restaurant,SAFK7ND1HR6XS,../../model_fits/finalized_redone_trunc_cp/t2_a1_proportion/chicken_fish/mpbamod_dishes_count/plots/SAFK7ND1HR6XS.png,Animal,0.15
chicken_fish,mpbamod,Count,-0.008126324651834,-0.084978334,0.06575689725,0.9919066046658591,0.9991876976311566,1.00048444276665,Restaurant,V3Q26BHF3SE2H,../../model_fits/finalized_redone_trunc_cp/t2_a1_proportion/chicken_fish/mpbamod_dishes_count/plots/V3Q26BHF3SE2H.png,Animal,0.15
chicken_fish,mpbamod,Count,1.44455869943667e-4,-0.027352439575,0.0269146558,1.0001444663041952,1.0000144456913325,1.00059094536535,Restaurant,W8T41JZK0ZMEP,../../model_fits/finalized_redone_trunc_cp/t2_a1_proportion/chicken_fish/mpbamod_dishes_count/plots/W8T41JZK0ZMEP.png,Animal,0.15
chicken_fish,mpbamod,Proportion,2.16476798175464,-0.2820595585,4.6667792375,8.7125802047516,1.241694275446903,1.00113965964405,Restaurant,1SQPTEGYPH0GA,../../model_fits/finalized_redone_trunc_cp/t2_a1_proportion/chicken_fish/mpbamod_dishes_prop/plots/1SQPTEGYPH0GA.png,Animal,0.15
chicken_fish,mpbamod,Proportion,-1.8917813894602,-5.89949893,2.013638485,0.1508029306678478,0.8276390588123965,1.00048464812633,Restaurant,2HRX9P6HKXA8V,../../model_fits/finalized_redone_trunc_cp/t2_a1_proportion/chicken_fish/mpbamod_dishes_prop/plots/2HRX9P6HKXA8V.png,Animal,0.15
chicken_fish,mpbamod,Proportion,1.16706264560182,-1.453507225,3.83642482,3.2125423904394763,1.1237892844654989,1.0001113983217,Restaurant,78AY09MVJVTYE,../../model_fits/finalized_redone_trunc_cp/t2_a1_proportion/chicken_fish/mpbamod_dishes_prop/plots/78AY09MVJVTYE.png,Animal,0.15
chicken_fish,mpbamod,Proportion,0.9777151313495,-0.1366938135,2.104457215,2.658375259160594,1.1027108013880529,1.00031117711835,Restaurant,9XKJD8DQTH559,../../model_fits/finalized_redone_trunc_cp/t2_a1_proportion/chicken_fish/mpbamod_dishes_prop/plots/9XKJD8DQTH559.png,Animal,0.15
chicken_fish,mpbamod,Proportion,-3.10935371704987,-6.9628094275,0.473879502250002,0.04462978949377772,0.7327612314481009,1.00171193176205,Restaurant,C0BE4NDSW26QN,../../model_fits/finalized_redone_trunc_cp/t2_a1_proportion/chicken_fish/mpbamod_dishes_prop/plots/C0BE4NDSW26QN.png,Animal,0.15
chicken_fish,mpbamod,Proportion,-6.5289531027,-8.6238726175,-4.782455955,0.001460534078881564,0.5205364782602229,1.00225909417168,Restaurant,CB2KHY1C2G9PT,../../model_fits/finalized_redone_trunc_cp/t2_a1_proportion/chicken_fish/mpbamod_dishes_prop/plots/CB2KHY1C2G9PT.png,Animal,0.15
chicken_fish,mpbamod,Proportion,-0.458226857118773,-1.2365013125,0.30762699375,0.6324039945849529,0.9552113197906852,1.00547697389629,Restaurant,ED5J990H5VAZT,../../model_fits/finalized_redone_trunc_cp/t2_a1_proportion/chicken_fish/mpbamod_dishes_prop/plots/ED5J990H5VAZT.png,Animal,0.15
chicken_fish,mpbamod,Proportion,-3.18155776317,-5.0281404325,-1.5156823775,0.041520924949453496,0.7274894539596185,1.00042525189934,Restaurant,EMBVNVD207CC6,../../model_fits/finalized_redone_trunc_cp/t2_a1_proportion/chicken_fish/mpbamod_dishes_prop/plots/EMBVNVD207CC6.png,Animal,0.15
chicken_fish,mpbamod,Proportion,3.201650911875,1.7498500825,4.6811263775,24.573064692769233,1.377355134761821,0.999976107961895,Restaurant,JHDN7CF1C03X5,../../model_fits/finalized_redone_trunc_cp/t2_a1_proportion/chicken_fish/mpbamod_dishes_prop/plots/JHDN7CF1C03X5.png,Animal,0.15
chicken_fish,mpbamod,Proportion,-1.0962076317377,-6.7802642,4.294750635,0.3341358501455726,0.896173933018659,1.00069488774848,Restaurant,L69HYJ4Y3TR91,../../model_fits/finalized_redone_trunc_cp/t2_a1_proportion/chicken_fish/mpbamod_dishes_prop/plots/L69HYJ4Y3TR91.png,Animal,0.15
chicken_fish,mpbamod,Proportion,-0.76482550480483,-3.918439215,2.3356276525,0.4654151365942072,0.926369078843111,1.00002225909726,Restaurant,LBZEEFSBJNB3Z,../../model_fits/finalized_redone_trunc_cp/t2_a1_proportion/chicken_fish/mpbamod_dishes_prop/plots/LBZEEFSBJNB3Z.png,Animal,0.15
chicken_fish,mpbamod,Proportion,1.43936123505407,-3.84150352,7.4389670975,4.218000645343451,1.1548103409324326,0.999660893303683,Restaurant,LFZFT3VASXPED,../../model_fits/finalized_redone_trunc_cp/t2_a1_proportion/chicken_fish/mpbamod_dishes_prop/plots/LFZFT3VASXPED.png,Animal,0.15
chicken_fish,mpbamod,Proportion,-0.612552497767333,-4.7383770725,3.8197262575,0.5419657357212446,0.9405831254999727,1.00194158981264,Restaurant,LQ5EH4BKGV61T,../../model_fits/finalized_redone_trunc_cp/t2_a1_proportion/chicken_fish/mpbamod_dishes_prop/plots/LQ5EH4BKGV61T.png,Animal,0.15
chicken_fish,mpbamod,Proportion,1.6608792744245,-1.950358485,5.461582865,5.263937255607356,1.1806769110605138,1.00074603990644,Restaurant,S8MT0YGD2KTN9,../../model_fits/finalized_redone_trunc_cp/t2_a1_proportion/chicken_fish/mpbamod_dishes_prop/plots/S8MT0YGD2KTN9.png,Animal,0.15
chicken_fish,mpbamod,Proportion,0.580872982923693,-2.6816742025,3.8916158075,1.787598292568479,1.0598075110579683,0.999570435532167,Restaurant,SAFK7ND1HR6XS,../../model_fits/finalized_redone_trunc_cp/t2_a1_proportion/chicken_fish/mpbamod_dishes_prop/plots/SAFK7ND1HR6XS.png,Animal,0.15
chicken_fish,mpbamod,Proportion,-1.00715750147962,-2.276141385,0.223240219,0.36525574428506113,0.9041900122381553,1.00056652245038,Restaurant,V3Q26BHF3SE2H,../../model_fits/finalized_redone_trunc_cp/t2_a1_proportion/chicken_fish/mpbamod_dishes_prop/plots/V3Q26BHF3SE2H.png,Animal,0.15
chicken_fish,mpbamod,Proportion,0.27324766406148,-1.1168924275,1.6457213575,1.3142256909947487,1.0277015114983452,0.999510895838924,Restaurant,W8T41JZK0ZMEP,../../model_fits/finalized_redone_trunc_cp/t2_a1_proportion/chicken_fish/mpbamod_dishes_prop/plots/W8T41JZK0ZMEP.png,Animal,0.15
chicken_fish,vegan,Count,0.1747447535,0.13564665425,0.21409849875,1.1909421939869358,1.0176280472195274,1.00089204189623,Restaurant,1SQPTEGYPH0GA,../../model_fits/finalized_redone_trunc_cp/t2_a1_proportion/chicken_fish/vegan_dishes_count/plots/1SQPTEGYPH0GA.png,Animal,0.15
chicken_fish,vegan,Count,-0.12298470276779,-0.26184012725,0.00961919358249998,0.8842771894508636,0.9877768468308771,1.00026966682483,Restaurant,2HRX9P6HKXA8V,../../model_fits/finalized_redone_trunc_cp/t2_a1_proportion/chicken_fish/vegan_dishes_count/plots/2HRX9P6HKXA8V.png,Animal,0.15
chicken_fish,vegan,Count,-0.031369753390575,-0.066577561475,4.30617721499999e-4,0.9691171724598062,0.996867939827153,1.00143715823438,Restaurant,78AY09MVJVTYE,../../model_fits/finalized_redone_trunc_cp/t2_a1_proportion/chicken_fish/vegan_dishes_count/plots/78AY09MVJVTYE.png,Animal,0.15
chicken_fish,vegan,Count,0.02596217493066,0.0095481702375,0.044226705025,1.0263021277901019,1.0025995905841627,1.00015753099512,Restaurant,9XKJD8DQTH559,../../model_fits/finalized_redone_trunc_cp/t2_a1_proportion/chicken_fish/vegan_dishes_count/plots/9XKJD8DQTH559.png,Animal,0.15
chicken_fish,vegan,Count,0.048739181280354,0.00416144584,0.096338098075,1.0499464693310538,1.004885814987248,1.00139112023783,Restaurant,C0BE4NDSW26QN,../../model_fits/finalized_redone_trunc_cp/t2_a1_proportion/chicken_fish/vegan_dishes_count/plots/C0BE4NDSW26QN.png,Animal,0.15
chicken_fish,vegan,Count,0.038978283954575,0.01249092755,0.067926585125,1.0397479041922724,1.0039054348081773,0.999413866660557,Restaurant,CB2KHY1C2G9PT,../../model_fits/finalized_redone_trunc_cp/t2_a1_proportion/chicken_fish/vegan_dishes_count/plots/CB2KHY1C2G9PT.png,Animal,0.15
chicken_fish,vegan,Count,0.287561380295,0.15436578425,0.43316519775,1.3331724201682993,1.029173587571804,1.00334047151025,Restaurant,ED5J990H5VAZT,../../model_fits/finalized_redone_trunc_cp/t2_a1_proportion/chicken_fish/vegan_dishes_count/plots/ED5J990H5VAZT.png,Animal,0.15
chicken_fish,vegan,Count,0.12234740564721,-0.040091078175,0.30043558975,1.130146652918529,1.0123098911730635,1.00226174576208,Restaurant,EMBVNVD207CC6,../../model_fits/finalized_redone_trunc_cp/t2_a1_proportion/chicken_fish/vegan_dishes_count/plots/EMBVNVD207CC6.png,Animal,0.15
chicken_fish,vegan,Count,-0.076131721515,-0.096089338875,-0.055831855925,0.9266941329645636,0.9924157346396285,0.999707352098717,Restaurant,JHDN7CF1C03X5,../../model_fits/finalized_redone_trunc_cp/t2_a1_proportion/chicken_fish/vegan_dishes_count/plots/JHDN7CF1C03X5.png,Animal,0.15
chicken_fish,vegan,Count,0.148853362447966,0.011782521,0.28904264525,1.1605028034413531,1.014996674612759,1.00076889569304,Restaurant,L69HYJ4Y3TR91,../../model_fits/finalized_redone_trunc_cp/t2_a1_proportion/chicken_fish/vegan_dishes_count/plots/L69HYJ4Y3TR91.png,Animal,0.15
chicken_fish,vegan,Count,0.1819875731985,0.109183994,0.25576254075,1.1995992866050293,1.0183653638464794,1.00027260211882,Restaurant,LBZEEFSBJNB3Z,../../model_fits/finalized_redone_trunc_cp/t2_a1_proportion/chicken_fish/vegan_dishes_count/plots/LBZEEFSBJNB3Z.png,Animal,0.15
chicken_fish,vegan,Count,0.003819838357219,-0.173310656,0.17425103375,1.0038271432379497,1.0003820568008375,1.00035807044403,Restaurant,LFZFT3VASXPED,../../model_fits/finalized_redone_trunc_cp/t2_a1_proportion/chicken_fish/vegan_dishes_count/plots/LFZFT3VASXPED.png,Animal,0.15
chicken_fish,vegan,Count,0.06118268059034,-0.097054096625,0.2803731715,1.0630931029250272,1.0061370228905746,1.00621457330412,Restaurant,LQ5EH4BKGV61T,../../model_fits/finalized_redone_trunc_cp/t2_a1_proportion/chicken_fish/vegan_dishes_count/plots/LQ5EH4BKGV61T.png,Animal,0.15
chicken_fish,vegan,Count,-0.032404821985197,-0.17774149075,0.10305469975,0.9681145886710921,0.9967647624972759,1.0016864086781,Restaurant,S8MT0YGD2KTN9,../../model_fits/finalized_redone_trunc_cp/t2_a1_proportion/chicken_fish/vegan_dishes_count/plots/S8MT0YGD2KTN9.png,Animal,0.15
chicken_fish,vegan,Count,0.05155845374931,-0.15247627,0.26260478375,1.0529107310732742,1.0051691596179206,1.00089696786174,Restaurant,SAFK7ND1HR6XS,../../model_fits/finalized_redone_trunc_cp/t2_a1_proportion/chicken_fish/vegan_dishes_count/plots/SAFK7ND1HR6XS.png,Animal,0.15
chicken_fish,vegan,Count,0.11142772382379,0.0232110349,0.20395704725,1.1178729455036729,1.0112050842979905,1.00033938210304,Restaurant,V3Q26BHF3SE2H,../../model_fits/finalized_redone_trunc_cp/t2_a1_proportion/chicken_fish/vegan_dishes_count/plots/V3Q26BHF3SE2H.png,Animal,0.15
chicken_fish,vegan,Count,8.870072992e-4,-0.0171403931,0.01907638485,1.0008874008065138,1.0000887046639462,1.00040696178923,Restaurant,W8T41JZK0ZMEP,../../model_fits/finalized_redone_trunc_cp/t2_a1_proportion/chicken_fish/vegan_dishes_count/plots/W8T41JZK0ZMEP.png,Animal,0.15
chicken_fish,vegan,Proportion,-2.55378667757494,-4.3715605775,-0.768612668749999,0.07778655500521903,0.7746231176188967,1.00037098895437,Restaurant,1SQPTEGYPH0GA,../../model_fits/finalized_redone_trunc_cp/t2_a1_proportion/chicken_fish/vegan_dishes_prop/plots/1SQPTEGYPH0GA.png,Animal,0.15
chicken_fish,vegan,Proportion,-2.93955686616867,-5.561388005,-0.355002420999999,0.052889160522596956,0.7453095178977455,1.00035505979042,Restaurant,2HRX9P6HKXA8V,../../model_fits/finalized_redone_trunc_cp/t2_a1_proportion/chicken_fish/vegan_dishes_prop/plots/2HRX9P6HKXA8V.png,Animal,0.15
chicken_fish,vegan,Proportion,-0.774317263772207,-1.71399094,0.14364674975,0.4610184275586155,0.9254902088091002,1.00096970192054,Restaurant,78AY09MVJVTYE,../../model_fits/finalized_redone_trunc_cp/t2_a1_proportion/chicken_fish/vegan_dishes_prop/plots/78AY09MVJVTYE.png,Animal,0.15
chicken_fish,vegan,Proportion,2.53755777038333,1.24180033,3.8536219325,12.648742085951517,1.2888569973547714,0.999830583197014,Restaurant,9XKJD8DQTH559,../../model_fits/finalized_redone_trunc_cp/t2_a1_proportion/chicken_fish/vegan_dishes_prop/plots/9XKJD8DQTH559.png,Animal,0.15
chicken_fish,vegan,Proportion,1.14685272711344,-0.45899982,2.817767495,3.1482688398443113,1.1215204089435018,1.00274099413584,Restaurant,C0BE4NDSW26QN,../../model_fits/finalized_redone_trunc_cp/t2_a1_proportion/chicken_fish/vegan_dishes_prop/plots/C0BE4NDSW26QN.png,Animal,0.15
chicken_fish,vegan,Proportion,-0.614118066920222,-1.801768665,0.529475099250001,0.5411179147178496,0.9404358822335482,1.00007703181012,Restaurant,CB2KHY1C2G9PT,../../model_fits/finalized_redone_trunc_cp/t2_a1_proportion/chicken_fish/vegan_dishes_prop/plots/CB2KHY1C2G9PT.png,Animal,0.15
chicken_fish,vegan,Proportion,0.81397537822807,-2.2450399325,4.0321499125,2.256862057261805,1.0848020607084456,1.00064114302855,Restaurant,ED5J990H5VAZT,../../model_fits/finalized_redone_trunc_cp/t2_a1_proportion/chicken_fish/vegan_dishes_prop/plots/ED5J990H5VAZT.png,Animal,0.15
chicken_fish,vegan,Proportion,0.0617523865189667,-1.75947104,1.8254046175,1.063698925922537,1.0061943447460844,1.01348132382512,Restaurant,EMBVNVD207CC6,../../model_fits/finalized_redone_trunc_cp/t2_a1_proportion/chicken_fish/vegan_dishes_prop/plots/EMBVNVD207CC6.png,Animal,0.15
chicken_fish,vegan,Proportion,-4.57064448453333,-5.6536252975,-3.488664165,0.010351286323459493,0.6331395338841236,1.00042956406195,Restaurant,JHDN7CF1C03X5,../../model_fits/finalized_redone_trunc_cp/t2_a1_proportion/chicken_fish/vegan_dishes_prop/plots/JHDN7CF1C03X5.png,Animal,0.15
chicken_fish,vegan,Proportion,2.41977560870697,-1.694729345,6.8384008575,11.243336125070448,1.2737656103042814,1.00253751661717,Restaurant,L69HYJ4Y3TR91,../../model_fits/finalized_redone_trunc_cp/t2_a1_proportion/chicken_fish/vegan_dishes_prop/plots/L69HYJ4Y3TR91.png,Animal,0.15
chicken_fish,vegan,Proportion,5.18992779643333,2.811992735,7.606569545,179.45559513001098,1.68033433012576,1.00076993427381,Restaurant,LBZEEFSBJNB3Z,../../model_fits/finalized_redone_trunc_cp/t2_a1_proportion/chicken_fish/vegan_dishes_prop/plots/LBZEEFSBJNB3Z.png,Animal,0.15
chicken_fish,vegan,Proportion,1.9018442245616,-2.3279642775,6.57805853,6.69823610993129,1.2094726310037085,1.00072016759298,Restaurant,LFZFT3VASXPED,../../model_fits/finalized_redone_trunc_cp/t2_a1_proportion/chicken_fish/vegan_dishes_prop/plots/LFZFT3VASXPED.png,Animal,0.15
chicken_fish,vegan,Proportion,-3.5681633803911,-6.6021227375,-0.689773537499999,0.028207612789622857,0.6999010311267079,1.0002676156419401,Restaurant,LQ5EH4BKGV61T,../../model_fits/finalized_redone_trunc_cp/t2_a1_proportion/chicken_fish/vegan_dishes_prop/plots/LQ5EH4BKGV61T.png,Animal,0.15
chicken_fish,vegan,Proportion,-0.625255241348127,-4.558589135,2.89689075,0.5351248251045361,0.9393890854138183,1.00017501671551,Restaurant,S8MT0YGD2KTN9,../../model_fits/finalized_redone_trunc_cp/t2_a1_proportion/chicken_fish/vegan_dishes_prop/plots/S8MT0YGD2KTN9.png,Animal,0.15
chicken_fish,vegan,Proportion,0.526196358553297,-3.3309634125,4.673040365,1.6924824535186438,1.054028654155402,1.0006397382179,Restaurant,SAFK7ND1HR6XS,../../model_fits/finalized_redone_trunc_cp/t2_a1_proportion/chicken_fish/vegan_dishes_prop/plots/SAFK7ND1HR6XS.png,Animal,0.15
chicken_fish,vegan,Proportion,1.7488487668311,0.31006629775,3.30711968,5.747981598464575,1.1911090842903844,1.00014041006179,Restaurant,V3Q26BHF3SE2H,../../model_fits/finalized_redone_trunc_cp/t2_a1_proportion/chicken_fish/vegan_dishes_prop/plots/V3Q26BHF3SE2H.png,Animal,0.15
chicken_fish,vegan,Proportion,0.289140973800707,-1.0181820475,1.6159578275,1.3352799547509429,1.029336168003533,1.00014039919761,Restaurant,W8T41JZK0ZMEP,../../model_fits/finalized_redone_trunc_cp/t2_a1_proportion/chicken_fish/vegan_dishes_prop/plots/W8T41JZK0ZMEP.png,Animal,0.15
chicken_fish,vegetarian,Count,0.065694356953,0.05268146935,0.078693066125,1.0679002709878156,1.0065910617690739,1.00077331829538,Restaurant,1SQPTEGYPH0GA,../../model_fits/finalized_redone_trunc_cp/t2_a1_proportion/chicken_fish/vegetarian_dishes_count/plots/1SQPTEGYPH0GA.png,Animal,0.15
chicken_fish,vegetarian,Count,-0.038651489659543,-0.13679392425,0.0418048243,0.9620859476270914,0.9961423111077831,1.00283306763213,Restaurant,2HRX9P6HKXA8V,../../model_fits/finalized_redone_trunc_cp/t2_a1_proportion/chicken_fish/vegetarian_dishes_count/plots/2HRX9P6HKXA8V.png,Animal,0.15
chicken_fish,vegetarian,Count,-0.005854718633341,-0.034965072075,0.02254517905,0.994162386832952,0.9994146994918744,1.0090110081973,Restaurant,78AY09MVJVTYE,../../model_fits/finalized_redone_trunc_cp/t2_a1_proportion/chicken_fish/vegetarian_dishes_count/plots/78AY09MVJVTYE.png,Animal,0.15
chicken_fish,vegetarian,Count,0.0150239344135,0.005211635465,0.0251284268,1.015137361042316,1.0015035225997855,0.999695108978826,Restaurant,9XKJD8DQTH559,../../model_fits/finalized_redone_trunc_cp/t2_a1_proportion/chicken_fish/vegetarian_dishes_count/plots/9XKJD8DQTH559.png,Animal,0.15
chicken_fish,vegetarian,Count,0.0202306192436308,-0.0026196434575,0.046946130775,1.020436645220054,1.0020251096948274,0.999615450456062,Restaurant,C0BE4NDSW26QN,../../model_fits/finalized_redone_trunc_cp/t2_a1_proportion/chicken_fish/vegetarian_dishes_count/plots/C0BE4NDSW26QN.png,Animal,0.15
chicken_fish,vegetarian,Count,0.041787240421,0.0238795232,0.06058059785,1.0426726165630125,1.0041874670834203,0.999960896212061,Restaurant,CB2KHY1C2G9PT,../../model_fits/finalized_redone_trunc_cp/t2_a1_proportion/chicken_fish/vegetarian_dishes_count/plots/CB2KHY1C2G9PT.png,Animal,0.15
chicken_fish,vegetarian,Count,0.0907983377195,0.0395672153,0.14374940625,1.0950481530826293,1.0091211805083657,1.0021188130653,Restaurant,ED5J990H5VAZT,../../model_fits/finalized_redone_trunc_cp/t2_a1_proportion/chicken_fish/vegetarian_dishes_count/plots/ED5J990H5VAZT.png,Animal,0.15
chicken_fish,vegetarian,Count,0.016980913615603,-0.057124760225,0.0962322875,1.017125908883898,1.0016995339351213,1.00190442463741,Restaurant,EMBVNVD207CC6,../../model_fits/finalized_redone_trunc_cp/t2_a1_proportion/chicken_fish/vegetarian_dishes_count/plots/EMBVNVD207CC6.png,Animal,0.15
chicken_fish,vegetarian,Count,-0.038629850721,-0.054411708025,-0.02415921325,0.9621067663710322,0.9961444666563403,1.00250207168983,Restaurant,JHDN7CF1C03X5,../../model_fits/finalized_redone_trunc_cp/t2_a1_proportion/chicken_fish/vegetarian_dishes_count/plots/JHDN7CF1C03X5.png,Animal,0.15
chicken_fish,vegetarian,Count,0.068923276900276,-0.010885127775,0.167980465,1.0713540083946125,1.0069161344437414,0.999750296774872,Restaurant,L69HYJ4Y3TR91,../../model_fits/finalized_redone_trunc_cp/t2_a1_proportion/chicken_fish/vegetarian_dishes_count/plots/L69HYJ4Y3TR91.png,Animal,0.15
chicken_fish,vegetarian,Count,0.04117819098174,-0.00597000305,0.08683933545,1.0420377707364346,1.0041263089644812,1.00024604942772,Restaurant,LBZEEFSBJNB3Z,../../model_fits/finalized_redone_trunc_cp/t2_a1_proportion/chicken_fish/vegetarian_dishes_count/plots/LBZEEFSBJNB3Z.png,Animal,0.15
chicken_fish,vegetarian,Count,-0.004662015902295,-0.11394411875,0.0900502055499999,0.9953488344258256,0.9995339070648461,1.00073650319167,Restaurant,LFZFT3VASXPED,../../model_fits/finalized_redone_trunc_cp/t2_a1_proportion/chicken_fish/vegetarian_dishes_count/plots/LFZFT3VASXPED.png,Animal,0.15
chicken_fish,vegetarian,Count,0.0721858480300798,-0.020317318475,0.17924139575,1.0748550852026963,1.0072447015905481,1.00123897314754,Restaurant,LQ5EH4BKGV61T,../../model_fits/finalized_redone_trunc_cp/t2_a1_proportion/chicken_fish/vegetarian_dishes_count/plots/LQ5EH4BKGV61T.png,Animal,0.15
chicken_fish,vegetarian,Count,-0.0640042525449,-0.11035832425,-0.0192162922,0.9380010106308341,0.9936200138376869,1.00254981857521,Restaurant,S8MT0YGD2KTN9,../../model_fits/finalized_redone_trunc_cp/t2_a1_proportion/chicken_fish/vegetarian_dishes_count/plots/S8MT0YGD2KTN9.png,Animal,0.15
chicken_fish,vegetarian,Count,0.02503844586987,-0.0824966389,0.1368120995,1.0253545404138893,1.002506981823683,1.00003467572173,Restaurant,SAFK7ND1HR6XS,../../model_fits/finalized_redone_trunc_cp/t2_a1_proportion/chicken_fish/vegetarian_dishes_count/plots/SAFK7ND1HR6XS.png,Animal,0.15
chicken_fish,vegetarian,Count,0.013458090676269,-0.04388311855,0.074448383475,1.0135490584044933,1.0013467150750421,1.00074298985506,Restaurant,V3Q26BHF3SE2H,../../model_fits/finalized_redone_trunc_cp/t2_a1_proportion/chicken_fish/vegetarian_dishes_count/plots/V3Q26BHF3SE2H.png,Animal,0.15
chicken_fish,vegetarian,Count,-0.0039696834299599,-0.0171078571,0.009971772015,0.9960381853476782,0.9996031104385118,0.99983654338622,Restaurant,W8T41JZK0ZMEP,../../model_fits/finalized_redone_trunc_cp/t2_a1_proportion/chicken_fish/vegetarian_dishes_count/plots/W8T41JZK0ZMEP.png,Animal,0.15
chicken_fish,vegetarian,Proportion,-2.86644800511,-4.0782703675,-1.635475395,0.05690067897694858,0.750778357570031,1.0026341302292,Restaurant,1SQPTEGYPH0GA,../../model_fits/finalized_redone_trunc_cp/t2_a1_proportion/chicken_fish/vegetarian_dishes_prop/plots/1SQPTEGYPH0GA.png,Animal,0.15
chicken_fish,vegetarian,Proportion,-2.143893376448,-4.642171275,0.0933268765750013,0.1171976589992319,0.8070341150864518,1.00325803783738,Restaurant,2HRX9P6HKXA8V,../../model_fits/finalized_redone_trunc_cp/t2_a1_proportion/chicken_fish/vegetarian_dishes_prop/plots/2HRX9P6HKXA8V.png,Animal,0.15
chicken_fish,vegetarian,Proportion,-0.243391446431366,-1.170814195,0.66342409775,0.7839645735655121,0.9759546638286739,1.00398602188678,Restaurant,78AY09MVJVTYE,../../model_fits/finalized_redone_trunc_cp/t2_a1_proportion/chicken_fish/vegetarian_dishes_prop/plots/78AY09MVJVTYE.png,Animal,0.15
chicken_fish,vegetarian,Proportion,0.262615197624983,-0.7876989245,1.38847717,1.3003262540370053,1.0266093920146449,1.00416797157914,Restaurant,9XKJD8DQTH559,../../model_fits/finalized_redone_trunc_cp/t2_a1_proportion/chicken_fish/vegetarian_dishes_prop/plots/9XKJD8DQTH559.png,Animal,0.15
chicken_fish,vegetarian,Proportion,-0.0425162041908067,-1.24574853,1.1718639825,0.9583749357048007,0.9957574049237056,1.0033643331012,Restaurant,C0BE4NDSW26QN,../../model_fits/finalized_redone_trunc_cp/t2_a1_proportion/chicken_fish/vegetarian_dishes_prop/plots/C0BE4NDSW26QN.png,Animal,0.15
chicken_fish,vegetarian,Proportion,0.301696240352581,-0.997885468,1.6949184625,1.352150435582187,1.0306293386348346,1.00354452494214,Restaurant,CB2KHY1C2G9PT,../../model_fits/finalized_redone_trunc_cp/t2_a1_proportion/chicken_fish/vegetarian_dishes_prop/plots/CB2KHY1C2G9PT.png,Animal,0.15
chicken_fish,vegetarian,Proportion,-4.67278733873333,-6.769803605,-2.6438212,0.009346182211117158,0.626705382046362,1.00070514648571,Restaurant,ED5J990H5VAZT,../../model_fits/finalized_redone_trunc_cp/t2_a1_proportion/chicken_fish/vegetarian_dishes_prop/plots/ED5J990H5VAZT.png,Animal,0.15
chicken_fish,vegetarian,Proportion,-3.92279859306667,-6.280507935,-1.748529225,0.01978564522070042,0.6755150383343019,1.01477293232779,Restaurant,EMBVNVD207CC6,../../model_fits/finalized_redone_trunc_cp/t2_a1_proportion/chicken_fish/vegetarian_dishes_prop/plots/EMBVNVD207CC6.png,Animal,0.15
chicken_fish,vegetarian,Proportion,-3.17972549333333,-4.32201365,-2.073904605,0.041597072227706,0.7276227618703472,1.00294348080887,Restaurant,JHDN7CF1C03X5,../../model_fits/finalized_redone_trunc_cp/t2_a1_proportion/chicken_fish/vegetarian_dishes_prop/plots/JHDN7CF1C03X5.png,Animal,0.15
chicken_fish,vegetarian,Proportion,-1.4802070791273,-4.3427506475,1.5490839525,0.22759055425037764,0.8624132559786931,1.00327086186232,Restaurant,L69HYJ4Y3TR91,../../model_fits/finalized_redone_trunc_cp/t2_a1_proportion/chicken_fish/vegetarian_dishes_prop/plots/L69HYJ4Y3TR91.png,Animal,0.15
chicken_fish,vegetarian,Proportion,-0.3114136973926,-1.6673803925,1.1956895925,0.7324108167410713,0.9693385282542648,1.0044004356749,Restaurant,LBZEEFSBJNB3Z,../../model_fits/finalized_redone_trunc_cp/t2_a1_proportion/chicken_fish/vegetarian_dishes_prop/plots/LBZEEFSBJNB3Z.png,Animal,0.15
chicken_fish,vegetarian,Proportion,-0.1340693176419,-2.9880862025,2.925415685,0.8745294421835524,0.986682540848074,1.00750939395517,Restaurant,LFZFT3VASXPED,../../model_fits/finalized_redone_trunc_cp/t2_a1_proportion/chicken_fish/vegetarian_dishes_prop/plots/LFZFT3VASXPED.png,Animal,0.15
chicken_fish,vegetarian,Proportion,-1.23187947213385,-4.501634985,1.79155829,0.2917437378523197,0.8840974832864998,1.01381886326305,Restaurant,LQ5EH4BKGV61T,../../model_fits/finalized_redone_trunc_cp/t2_a1_proportion/chicken_fish/vegetarian_dishes_prop/plots/LQ5EH4BKGV61T.png,Animal,0.15
chicken_fish,vegetarian,Proportion,-2.98654756254667,-4.642013315,-1.5657819425,0.05046135099489531,0.7418154723824328,1.00757973037945,Restaurant,S8MT0YGD2KTN9,../../model_fits/finalized_redone_trunc_cp/t2_a1_proportion/chicken_fish/vegetarian_dishes_prop/plots/S8MT0YGD2KTN9.png,Animal,0.15
chicken_fish,vegetarian,Proportion,-1.08472284120171,-3.707811555,1.450412055,0.3379954513271314,0.8972037612640009,1.00545073308693,Restaurant,SAFK7ND1HR6XS,../../model_fits/finalized_redone_trunc_cp/t2_a1_proportion/chicken_fish/vegetarian_dishes_prop/plots/SAFK7ND1HR6XS.png,Animal,0.15
chicken_fish,vegetarian,Proportion,-3.42519940579,-5.0592858825,-1.7573277875,0.032542791121094,0.7099789618528197,1.01126160885478,Restaurant,V3Q26BHF3SE2H,../../model_fits/finalized_redone_trunc_cp/t2_a1_proportion/chicken_fish/vegetarian_dishes_prop/plots/V3Q26BHF3SE2H.png,Animal,0.15
chicken_fish,vegetarian,Proportion,-1.36473560186345,-2.721702385,0.0126707773500001,0.2554482070900752,0.8724293868250976,1.00107500692208,Restaurant,W8T41JZK0ZMEP,../../model_fits/finalized_redone_trunc_cp/t2_a1_proportion/chicken_fish/vegetarian_dishes_prop/plots/W8T41JZK0ZMEP.png,Animal,0.15
vegetarian,mpbamod,Count,0.00480181567028,-0.0724778145,0.081822401455,1.0048133628622433,1.0004802968726518,1.008786766822,Restaurant,1SQPTEGYPH0GA,../../model_fits/finalized_redone_trunc/t2_a1_proportion/vegetarian/mpbamod_dishes_count/plots/1SQPTEGYPH0GA.png,Plant-based,0.15
vegetarian,mpbamod,Count,-0.0627546317309164,-0.286705369065,0.14383787325,0.9391738888911733,0.9937441864210058,1.00225912838172,Restaurant,2HRX9P6HKXA8V,../../model_fits/finalized_redone_trunc/t2_a1_proportion/vegetarian/mpbamod_dishes_count/plots/2HRX9P6HKXA8V.png,Plant-based,0.15
vegetarian,mpbamod,Count,0.0298808302618667,-0.069387869725,0.13267600175,1.0303317422732188,1.0029925517961824,1.00204164032356,Restaurant,78AY09MVJVTYE,../../model_fits/finalized_redone_trunc/t2_a1_proportion/vegetarian/mpbamod_dishes_count/plots/78AY09MVJVTYE.png,Plant-based,0.15
vegetarian,mpbamod,Count,-0.0117533491073333,-0.03691538955,0.01774154115,0.9883154516898907,0.9988253555248187,1.00394807978971,Restaurant,9XKJD8DQTH559,../../model_fits/finalized_redone_trunc/t2_a1_proportion/vegetarian/mpbamod_dishes_count/plots/9XKJD8DQTH559.png,Plant-based,0.15
vegetarian,mpbamod,Count,0.04296485981841,-0.12217858965,0.19125460525,1.0439012113279555,1.0043057291106539,1.00339202127266,Restaurant,C0BE4NDSW26QN,../../model_fits/finalized_redone_trunc/t2_a1_proportion/vegetarian/mpbamod_dishes_count/plots/C0BE4NDSW26QN.png,Plant-based,0.15
vegetarian,mpbamod,Count,-0.021227233766065,-0.110506807225,0.067454676625,0.9789964782354993,0.9978795280073568,1.00092231566852,Restaurant,CB2KHY1C2G9PT,../../model_fits/finalized_redone_trunc/t2_a1_proportion/vegetarian/mpbamod_dishes_count/plots/CB2KHY1C2G9PT.png,Plant-based,0.15
vegetarian,mpbamod,Count,0.0035050372640268,-0.01628440175,0.020723219045,1.003511187090162,1.000350565160011,1.00924146294868,Restaurant,ED5J990H5VAZT,../../model_fits/finalized_redone_trunc/t2_a1_proportion/vegetarian/mpbamod_dishes_count/plots/ED5J990H5VAZT.png,Plant-based,0.15
vegetarian,mpbamod,Count,-0.0465206043172333,-0.22019508175,0.1078410579,0.9545448926215677,0.9953587436411806,1.00562554018403,Restaurant,EMBVNVD207CC6,../../model_fits/finalized_redone_trunc/t2_a1_proportion/vegetarian/mpbamod_dishes_count/plots/EMBVNVD207CC6.png,Plant-based,0.15
vegetarian,mpbamod,Count,-0.00209480957539233,-0.0448445478,0.0453504467,0.9979073830069048,0.9997905409820645,1.00004995812083,Restaurant,JHDN7CF1C03X5,../../model_fits/finalized_redone_trunc/t2_a1_proportion/vegetarian/mpbamod_dishes_count/plots/JHDN7CF1C03X5.png,Plant-based,0.15
vegetarian,mpbamod,Count,0.0471986402885087,-0.14305232475,0.21130889532,1.0483302290176812,1.004731020131934,1.00076675558124,Restaurant,L69HYJ4Y3TR91,../../model_fits/finalized_redone_trunc/t2_a1_proportion/vegetarian/mpbamod_dishes_count/plots/L69HYJ4Y3TR91.png,Plant-based,0.15
vegetarian,mpbamod,Count,-0.030800229855678,-0.129935507575,0.0718681010750001,0.9696692646974334,0.9969247154191812,1.00896957144368,Restaurant,LBZEEFSBJNB3Z,../../model_fits/finalized_redone_trunc/t2_a1_proportion/vegetarian/mpbamod_dishes_count/plots/LBZEEFSBJNB3Z.png,Plant-based,0.15
vegetarian,mpbamod,Count,-0.0210738421632367,-0.333431538,0.316212303705,0.9791466595924442,0.9978948347587758,1.00778562272793,Restaurant,LFZFT3VASXPED,../../model_fits/finalized_redone_trunc/t2_a1_proportion/vegetarian/mpbamod_dishes_count/plots/LFZFT3VASXPED.png,Plant-based,0.15
vegetarian,mpbamod,Count,0.0402018735164267,-0.17159848885,0.247145956575,1.0410209075327739,1.0040282791446882,1.01216838798767,Restaurant,LQ5EH4BKGV61T,../../model_fits/finalized_redone_trunc/t2_a1_proportion/vegetarian/mpbamod_dishes_count/plots/LQ5EH4BKGV61T.png,Plant-based,0.15
vegetarian,mpbamod,Count,0.0156859873931733,-0.162308883625,0.18484594415,1.0158096582806102,1.001569829633829,1.02518247567533,Restaurant,S8MT0YGD2KTN9,../../model_fits/finalized_redone_trunc/t2_a1_proportion/vegetarian/mpbamod_dishes_count/plots/S8MT0YGD2KTN9.png,Plant-based,0.15
vegetarian,mpbamod,Count,-0.0280883447750343,-0.27831424875,0.233188781975,0.9723024651642721,0.9971951066072424,1.00091151859584,Restaurant,SAFK7ND1HR6XS,../../model_fits/finalized_redone_trunc/t2_a1_proportion/vegetarian/mpbamod_dishes_count/plots/SAFK7ND1HR6XS.png,Plant-based,0.15
vegetarian,mpbamod,Count,0.15646994046,0.07264436525,0.24608650275,1.169375610897777,1.0157700492341926,1.00732882147425,Restaurant,SRQS8F7JWA9MZ,../../model_fits/finalized_redone_trunc/t2_a1_proportion/vegetarian/mpbamod_dishes_count/plots/SRQS8F7JWA9MZ.png,Plant-based,0.15
vegetarian,mpbamod,Count,0.00283007945831,-0.04728478954225,0.050207213325,1.0028340879137039,1.0002830479963578,1.01053926575522,Restaurant,V3Q26BHF3SE2H,../../model_fits/finalized_redone_trunc/t2_a1_proportion/vegetarian/mpbamod_dishes_count/plots/V3Q26BHF3SE2H.png,Plant-based,0.15
vegetarian,mpbamod,Count,-0.0092701362402676,-0.037085966725,0.02224599289,0.9907726990076391,0.9990734159203614,1.00262183880574,Restaurant,W8T41JZK0ZMEP,../../model_fits/finalized_redone_trunc/t2_a1_proportion/vegetarian/mpbamod_dishes_count/plots/W8T41JZK0ZMEP.png,Plant-based,0.15
vegetarian,mpbamod,Proportion,0.302344996892333,-2.30600052,2.94332522,1.3530279366314943,1.0306962035561138,1.00021465513208,Restaurant,1SQPTEGYPH0GA,../../model_fits/finalized_redone_trunc/t2_a1_proportion/vegetarian/mpbamod_dishes_prop/plots/1SQPTEGYPH0GA.png,Plant-based,0.15
vegetarian,mpbamod,Proportion,-1.91018434406939,-6.5730616775,2.738149315,0.14805309137033434,0.8261173590272487,1.00518633352557,Restaurant,2HRX9P6HKXA8V,../../model_fits/finalized_redone_trunc/t2_a1_proportion/vegetarian/mpbamod_dishes_prop/plots/2HRX9P6HKXA8V.png,Plant-based,0.15
vegetarian,mpbamod,Proportion,0.511202077663333,-2.1301685,3.0700592025,1.6672942079416722,1.0524493982709555,1.01589643222801,Restaurant,78AY09MVJVTYE,../../model_fits/finalized_redone_trunc/t2_a1_proportion/vegetarian/mpbamod_dishes_prop/plots/78AY09MVJVTYE.png,Plant-based,0.15
vegetarian,mpbamod,Proportion,-0.09558738267349,-1.53877319875,1.31351827795,0.9088389414072731,0.9904868012556484,1.00169645198406,Restaurant,9XKJD8DQTH559,../../model_fits/finalized_redone_trunc/t2_a1_proportion/vegetarian/mpbamod_dishes_prop/plots/9XKJD8DQTH559.png,Plant-based,0.15
vegetarian,mpbamod,Proportion,1.39501998163467,-2.1405582625,5.1813302225,4.0350551988255345,1.1497011030065092,1.00366650407777,Restaurant,C0BE4NDSW26QN,../../model_fits/finalized_redone_trunc/t2_a1_proportion/vegetarian/mpbamod_dishes_prop/plots/C0BE4NDSW26QN.png,Plant-based,0.15
vegetarian,mpbamod,Proportion,-1.23018770508,-2.7412151325,0.26746696,0.2922377180280612,0.8842470646384448,1.00076976996582,Restaurant,CB2KHY1C2G9PT,../../model_fits/finalized_redone_trunc/t2_a1_proportion/vegetarian/mpbamod_dishes_prop/plots/CB2KHY1C2G9PT.png,Plant-based,0.15
vegetarian,mpbamod,Proportion,0.0593824952495967,-0.346008982,0.46488731895,1.0611810598376228,1.0059559158804343,1.00092454040866,Restaurant,ED5J990H5VAZT,../../model_fits/finalized_redone_trunc/t2_a1_proportion/vegetarian/mpbamod_dishes_prop/plots/ED5J990H5VAZT.png,Plant-based,0.15
vegetarian,mpbamod,Proportion,-0.51866674794698,-1.9989437105,0.944124773000001,0.5953137223445267,0.9494554447467856,1.009014112133,Restaurant,EMBVNVD207CC6,../../model_fits/finalized_redone_trunc/t2_a1_proportion/vegetarian/mpbamod_dishes_prop/plots/EMBVNVD207CC6.png,Plant-based,0.15
vegetarian,mpbamod,Proportion,-2.50616638626105,-4.351153255,-0.6418483975,0.08158038822641175,0.7783206924629414,1.00704639918241,Restaurant,JHDN7CF1C03X5,../../model_fits/finalized_redone_trunc/t2_a1_proportion/vegetarian/mpbamod_dishes_prop/plots/JHDN7CF1C03X5.png,Plant-based,0.15
vegetarian,mpbamod,Proportion,0.4353660367256,-5.02112861,5.6741811,1.5455286756825428,1.0444982260833673,1.00534292984367,Restaurant,L69HYJ4Y3TR91,../../model_fits/finalized_redone_trunc/t2_a1_proportion/vegetarian/mpbamod_dishes_prop/plots/L69HYJ4Y3TR91.png,Plant-based,0.15
vegetarian,mpbamod,Proportion,-1.13026121364417,-4.725758909,2.506128165,0.3229488867478895,0.8931273301068505,1.00331317953106,Restaurant,LBZEEFSBJNB3Z,../../model_fits/finalized_redone_trunc/t2_a1_proportion/vegetarian/mpbamod_dishes_prop/plots/LBZEEFSBJNB3Z.png,Plant-based,0.15
vegetarian,mpbamod,Proportion,1.4432564126369,-7.7731122275,10.43245944385,4.234462547103021,1.155260247685321,1.01290466923501,Restaurant,LFZFT3VASXPED,../../model_fits/finalized_redone_trunc/t2_a1_proportion/vegetarian/mpbamod_dishes_prop/plots/LFZFT3VASXPED.png,Plant-based,0.15
vegetarian,mpbamod,Proportion,-0.242301219904933,-4.3789761525,3.93653202575,0.7848197386165048,0.9760610707952636,1.0041183282739,Restaurant,LQ5EH4BKGV61T,../../model_fits/finalized_redone_trunc/t2_a1_proportion/vegetarian/mpbamod_dishes_prop/plots/LQ5EH4BKGV61T.png,Plant-based,0.15
vegetarian,mpbamod,Proportion,3.50398795462667,-0.0174088200000001,7.169825935,33.247778559410634,1.4196335791505617,1.00122623937372,Restaurant,S8MT0YGD2KTN9,../../model_fits/finalized_redone_trunc/t2_a1_proportion/vegetarian/mpbamod_dishes_prop/plots/S8MT0YGD2KTN9.png,Plant-based,0.15
vegetarian,mpbamod,Proportion,-0.761253481353187,-5.3026805925,3.7294376,0.46708058311304823,0.9267000391569427,1.00596363803791,Restaurant,SAFK7ND1HR6XS,../../model_fits/finalized_redone_trunc/t2_a1_proportion/vegetarian/mpbamod_dishes_prop/plots/SAFK7ND1HR6XS.png,Plant-based,0.15
vegetarian,mpbamod,Proportion,1.57339491009667,0.6737359225,2.5177478795,4.822994062938089,1.1703928843242357,1.00415512600867,Restaurant,SRQS8F7JWA9MZ,../../model_fits/finalized_redone_trunc/t2_a1_proportion/vegetarian/mpbamod_dishes_prop/plots/SRQS8F7JWA9MZ.png,Plant-based,0.15
vegetarian,mpbamod,Proportion,-0.188305957513,-1.00502280425,0.562125162500001,0.8283612251169767,0.9813455922751461,1.00099416752669,Restaurant,V3Q26BHF3SE2H,../../model_fits/finalized_redone_trunc/t2_a1_proportion/vegetarian/mpbamod_dishes_prop/plots/V3Q26BHF3SE2H.png,Plant-based,0.15
vegetarian,mpbamod,Proportion,-0.120148467421463,-1.58124196,1.3091675971,0.8867887677013968,0.9880570433248853,1.00658968644613,Restaurant,W8T41JZK0ZMEP,../../model_fits/finalized_redone_trunc/t2_a1_proportion/vegetarian/mpbamod_dishes_prop/plots/W8T41JZK0ZMEP.png,Plant-based,0.15
vegetarian,vegan,Count,0.00333956341,-0.04143176525,0.050865435,1.0033451459645866,1.0003340121106268,1.0044797949829,Restaurant,1SQPTEGYPH0GA,../../model_fits/finalized_redone_trunc/t2_a1_proportion/vegetarian/vegan_dishes_count/plots/1SQPTEGYPH0GA.png,Plant-based,0.15
vegetarian,vegan,Count,0.0334164278385825,-0.092961428875,0.1580309007,1.033981028085976,1.003347232296423,1.00514165605771,Restaurant,2HRX9P6HKXA8V,../../model_fits/finalized_redone_trunc/t2_a1_proportion/vegetarian/vegan_dishes_count/plots/2HRX9P6HKXA8V.png,Plant-based,0.15
vegetarian,vegan,Count,-0.006093663173904,-0.040456033175,0.0276782849775,0.9939248655365237,0.9993908193085573,1.00021681506207,Restaurant,78AY09MVJVTYE,../../model_fits/finalized_redone_trunc/t2_a1_proportion/vegetarian/vegan_dishes_count/plots/78AY09MVJVTYE.png,Plant-based,0.15
vegetarian,vegan,Count,-0.00722658391645,-0.028780616925,0.0137447976,0.9927994650549716,0.9992776026630422,1.00323827022646,Restaurant,9XKJD8DQTH559,../../model_fits/finalized_redone_trunc/t2_a1_proportion/vegetarian/vegan_dishes_count/plots/9XKJD8DQTH559.png,Plant-based,0.15
vegetarian,vegan,Count,-9.7714406135e-5,-0.0454026359,0.042029250525,0.9999022903677621,0.9999902286071268,1.00092937411632,Restaurant,C0BE4NDSW26QN,../../model_fits/finalized_redone_trunc/t2_a1_proportion/vegetarian/vegan_dishes_count/plots/C0BE4NDSW26QN.png,Plant-based,0.15
vegetarian,vegan,Count,0.02109487355205,-0.0064295313,0.04823614465,1.0213189431971499,1.0021117138889957,1.00653559109703,Restaurant,CB2KHY1C2G9PT,../../model_fits/finalized_redone_trunc/t2_a1_proportion/vegetarian/vegan_dishes_count/plots/CB2KHY1C2G9PT.png,Plant-based,0.15
vegetarian,vegan,Count,0.03248652846,-0.0417993045,0.11083742875,1.033019976680298,1.0032539354375434,1.00089029208315,Restaurant,ED5J990H5VAZT,../../model_fits/finalized_redone_trunc/t2_a1_proportion/vegetarian/vegan_dishes_count/plots/ED5J990H5VAZT.png,Plant-based,0.15
vegetarian,vegan,Count,-0.0730050639195,-0.2312900205,0.091438493,0.9295961226139413,0.9927260775733653,1.00013060251271,Restaurant,EMBVNVD207CC6,../../model_fits/finalized_redone_trunc/t2_a1_proportion/vegetarian/vegan_dishes_count/plots/EMBVNVD207CC6.png,Plant-based,0.15
vegetarian,vegan,Count,0.0371279732993293,0.0106083915825,0.0636647969875,1.0378258263353224,1.0037196982999308,1.000646092723,Restaurant,JHDN7CF1C03X5,../../model_fits/finalized_redone_trunc/t2_a1_proportion/vegetarian/vegan_dishes_count/plots/JHDN7CF1C03X5.png,Plant-based,0.15
vegetarian,vegan,Count,0.013975728645,-0.05347826675,0.0792607747,1.0140738456934901,1.0013985499245737,1.00146728854129,Restaurant,L69HYJ4Y3TR91,../../model_fits/finalized_redone_trunc/t2_a1_proportion/vegetarian/vegan_dishes_count/plots/L69HYJ4Y3TR91.png,Plant-based,0.15
vegetarian,vegan,Count,-0.0471030123073,-0.1271359795,0.030754247425,0.9539891199081718,0.9953007748407436,1.0084060735781,Restaurant,LBZEEFSBJNB3Z,../../model_fits/finalized_redone_trunc/t2_a1_proportion/vegetarian/vegan_dishes_count/plots/LBZEEFSBJNB3Z.png,Plant-based,0.15
vegetarian,vegan,Count,0.01580684585868,-0.21585626585,0.231018983225,1.0159324348963041,1.0015819345262484,1.00311625352584,Restaurant,LFZFT3VASXPED,../../model_fits/finalized_redone_trunc/t2_a1_proportion/vegetarian/vegan_dishes_count/plots/LFZFT3VASXPED.png,Plant-based,0.15
vegetarian,vegan,Count,-0.0332522095921,-0.25017668575,0.1772311226475,0.9672945678533984,0.9966803014652141,1.0076939459287,Restaurant,LQ5EH4BKGV61T,../../model_fits/finalized_redone_trunc/t2_a1_proportion/vegetarian/vegan_dishes_count/plots/LQ5EH4BKGV61T.png,Plant-based,0.15
vegetarian,vegan,Count,-0.018385377352989,-0.1552391467,0.112174419675,0.9817826026632421,0.9981631513399017,1.00473205410534,Restaurant,S8MT0YGD2KTN9,../../model_fits/finalized_redone_trunc/t2_a1_proportion/vegetarian/vegan_dishes_count/plots/S8MT0YGD2KTN9.png,Plant-based,0.15
vegetarian,vegan,Count,-0.008177458522035,-0.30193447475,0.265529220874999,0.9918558859390181,0.9991825884108156,1.00183193395681,Restaurant,SAFK7ND1HR6XS,../../model_fits/finalized_redone_trunc/t2_a1_proportion/vegetarian/vegan_dishes_count/plots/SAFK7ND1HR6XS.png,Plant-based,0.15
vegetarian,vegan,Count,-0.34133674541,-0.523911338,-0.1396669645,0.7108195026944476,0.9664423072706723,1.00614165967215,Restaurant,SRQS8F7JWA9MZ,../../model_fits/finalized_redone_trunc/t2_a1_proportion/vegetarian/vegan_dishes_count/plots/SRQS8F7JWA9MZ.png,Plant-based,0.15
vegetarian,vegan,Count,-7.669315345e-4,-0.08347536925,0.08847327775,0.9992333624823209,0.9999233097873947,1.00355720821628,Restaurant,V3Q26BHF3SE2H,../../model_fits/finalized_redone_trunc/t2_a1_proportion/vegetarian/vegan_dishes_count/plots/V3Q26BHF3SE2H.png,Plant-based,0.15
vegetarian,vegan,Count,-0.0029413876801,-0.022580873,0.015478718025,0.9970629339623952,0.9997059044865564,1.0001531270945,Restaurant,W8T41JZK0ZMEP,../../model_fits/finalized_redone_trunc/t2_a1_proportion/vegetarian/vegan_dishes_count/plots/W8T41JZK0ZMEP.png,Plant-based,0.15
vegetarian,vegan,Proportion,0.420334969385733,-1.36888810965,2.2570618825,1.522471451541023,1.0429294131081501,1.00392725479628,Restaurant,1SQPTEGYPH0GA,../../model_fits/finalized_redone_trunc/t2_a1_proportion/vegetarian/vegan_dishes_prop/plots/1SQPTEGYPH0GA.png,Plant-based,0.15
vegetarian,vegan,Proportion,0.485996570003995,-1.56233776775,2.62755005225,1.6257944197334133,1.0497999865251213,1.00413059114591,Restaurant,2HRX9P6HKXA8V,../../model_fits/finalized_redone_trunc/t2_a1_proportion/vegetarian/vegan_dishes_prop/plots/2HRX9P6HKXA8V.png,Plant-based,0.15
vegetarian,vegan,Proportion,-0.299026359261817,-1.11035869275,0.543815268175,0.7415398627340039,0.9705400246790193,1.00039960128464,Restaurant,78AY09MVJVTYE,../../model_fits/finalized_redone_trunc/t2_a1_proportion/vegetarian/vegan_dishes_prop/plots/78AY09MVJVTYE.png,Plant-based,0.15
vegetarian,vegan,Proportion,-0.838905122830733,-2.38122325,0.72521001075,0.43218345227716987,0.9195319280352955,1.0004139419177,Restaurant,9XKJD8DQTH559,../../model_fits/finalized_redone_trunc/t2_a1_proportion/vegetarian/vegan_dishes_prop/plots/9XKJD8DQTH559.png,Plant-based,0.15
vegetarian,vegan,Proportion,-0.163973315840433,-1.7762269375,1.367297418875,0.8487646701499235,0.9837363728612845,1.00065465345892,Restaurant,C0BE4NDSW26QN,../../model_fits/finalized_redone_trunc/t2_a1_proportion/vegetarian/vegan_dishes_prop/plots/C0BE4NDSW26QN.png,Plant-based,0.15
vegetarian,vegan,Proportion,0.5939362541582,-0.40083354,1.639525755,1.811103366240088,1.0611928710249419,1.00353689153353,Restaurant,CB2KHY1C2G9PT,../../model_fits/finalized_redone_trunc/t2_a1_proportion/vegetarian/vegan_dishes_prop/plots/CB2KHY1C2G9PT.png,Plant-based,0.15
vegetarian,vegan,Proportion,0.139237087405,-1.230382295,1.47340311775,1.1493965751534347,1.014021095040935,1.00121513777285,Restaurant,ED5J990H5VAZT,../../model_fits/finalized_redone_trunc/t2_a1_proportion/vegetarian/vegan_dishes_prop/plots/ED5J990H5VAZT.png,Plant-based,0.15
vegetarian,vegan,Proportion,-1.2443797048368,-2.35154708425,-0.243384342325,0.28811957188977533,0.8829930312983398,1.00017440067571,Restaurant,EMBVNVD207CC6,../../model_fits/finalized_redone_trunc/t2_a1_proportion/vegetarian/vegan_dishes_prop/plots/EMBVNVD207CC6.png,Plant-based,0.15
vegetarian,vegan,Proportion,1.54587920863468,0.1659369035,2.9381250575,4.6920951446061325,1.1671768927466726,1.0014075343211,Restaurant,JHDN7CF1C03X5,../../model_fits/finalized_redone_trunc/t2_a1_proportion/vegetarian/vegan_dishes_prop/plots/JHDN7CF1C03X5.png,Plant-based,0.15
vegetarian,vegan,Proportion,-0.350133219873333,-2.5791972675,1.9316146,0.7045942175136223,0.9655925525601273,1.00751891899953,Restaurant,L69HYJ4Y3TR91,../../model_fits/finalized_redone_trunc/t2_a1_proportion/vegetarian/vegan_dishes_prop/plots/L69HYJ4Y3TR91.png,Plant-based,0.15
vegetarian,vegan,Proportion,-1.12224215720267,-3.2155266475,0.94363969,0.3255490435669518,0.8938438211945363,1.02176641200518,Restaurant,LBZEEFSBJNB3Z,../../model_fits/finalized_redone_trunc/t2_a1_proportion/vegetarian/vegan_dishes_prop/plots/LBZEEFSBJNB3Z.png,Plant-based,0.15
vegetarian,vegan,Proportion,-0.414464412982167,-3.8403191475,2.97059931325,0.6606940451140365,0.9594007182224178,1.00049174953018,Restaurant,LFZFT3VASXPED,../../model_fits/finalized_redone_trunc/t2_a1_proportion/vegetarian/vegan_dishes_prop/plots/LFZFT3VASXPED.png,Plant-based,0.15
vegetarian,vegan,Proportion,0.15123313681976,-2.3305058125,2.6077302565,1.163267827032582,1.0152382496636947,1.0083074486316,Restaurant,LQ5EH4BKGV61T,../../model_fits/finalized_redone_trunc/t2_a1_proportion/vegetarian/vegan_dishes_prop/plots/LQ5EH4BKGV61T.png,Plant-based,0.15
vegetarian,vegan,Proportion,-0.145611093606857,-3.0646313575,2.71605399675,0.8644938449997087,0.9855443909045035,1.00350156669732,Restaurant,S8MT0YGD2KTN9,../../model_fits/finalized_redone_trunc/t2_a1_proportion/vegetarian/vegan_dishes_prop/plots/S8MT0YGD2KTN9.png,Plant-based,0.15
vegetarian,vegan,Proportion,-0.417751913008867,-3.62500167325,2.821586805,0.6585255797909894,0.9590853670724264,1.00414531121605,Restaurant,SAFK7ND1HR6XS,../../model_fits/finalized_redone_trunc/t2_a1_proportion/vegetarian/vegan_dishes_prop/plots/SAFK7ND1HR6XS.png,Plant-based,0.15
vegetarian,vegan,Proportion,-1.523165291102,-2.2633809175,-0.809288295,0.21802069465205381,0.8587164289717174,1.00264464064422,Restaurant,SRQS8F7JWA9MZ,../../model_fits/finalized_redone_trunc/t2_a1_proportion/vegetarian/vegan_dishes_prop/plots/SRQS8F7JWA9MZ.png,Plant-based,0.15
vegetarian,vegan,Proportion,-0.307952430033333,-1.6442566625,1.078771615,0.7349502787377833,0.9696741003069369,1.00308047170488,Restaurant,V3Q26BHF3SE2H,../../model_fits/finalized_redone_trunc/t2_a1_proportion/vegetarian/vegan_dishes_prop/plots/V3Q26BHF3SE2H.png,Plant-based,0.15
vegetarian,vegan,Proportion,-0.248836624910333,-1.5713085775,1.03777590725,0.7797073477373695,0.9754233837543496,1.00094987301202,Restaurant,W8T41JZK0ZMEP,../../model_fits/finalized_redone_trunc/t2_a1_proportion/vegetarian/vegan_dishes_prop/plots/W8T41JZK0ZMEP.png,Plant-based,0.15
vegetarian,vegetarian,Count,-0.002329205396,-0.017186653775,0.011861248875,0.9976735050980475,0.9997671065842829,1.00054641206023,Restaurant,1SQPTEGYPH0GA,../../model_fits/finalized_redone_trunc/t2_a1_proportion/vegetarian/vegetarian_dishes_count/plots/1SQPTEGYPH0GA.png,Plant-based,0.15
vegetarian,vegetarian,Count,-0.006420473203986,-0.100592816525,0.0963314698,0.993600093993508,0.999358158747878,1.00118155119164,Restaurant,2HRX9P6HKXA8V,../../model_fits/finalized_redone_trunc/t2_a1_proportion/vegetarian/vegetarian_dishes_count/plots/2HRX9P6HKXA8V.png,Plant-based,0.15
vegetarian,vegetarian,Count,0.0126380124759909,-0.013410564275,0.03896586111,1.0127182096438256,1.0012646001809247,1.00085056797833,Restaurant,78AY09MVJVTYE,../../model_fits/finalized_redone_trunc/t2_a1_proportion/vegetarian/vegetarian_dishes_count/plots/78AY09MVJVTYE.png,Plant-based,0.15
vegetarian,vegetarian,Count,-7.316468786e-4,-0.012907348975,0.01161066125,0.9992686207097135,0.9999268379886105,1.00064301714524,Restaurant,9XKJD8DQTH559,../../model_fits/finalized_redone_trunc/t2_a1_proportion/vegetarian/vegetarian_dishes_count/plots/9XKJD8DQTH559.png,Plant-based,0.15
vegetarian,vegetarian,Count,0.0087473124103,-0.01800225745,0.0351540870175,1.0087856819426646,1.0008751139299772,1.00111413301144,Restaurant,C0BE4NDSW26QN,../../model_fits/finalized_redone_trunc/t2_a1_proportion/vegetarian/vegetarian_dishes_count/plots/C0BE4NDSW26QN.png,Plant-based,0.15
vegetarian,vegetarian,Count,0.016087776272,-0.002611611875,0.03307775125,1.0162178813085567,1.0016100724041699,1.00944152213805,Restaurant,CB2KHY1C2G9PT,../../model_fits/finalized_redone_trunc/t2_a1_proportion/vegetarian/vegetarian_dishes_count/plots/CB2KHY1C2G9PT.png,Plant-based,0.15
vegetarian,vegetarian,Count,0.031269961438,-2.76649749999998e-4,0.061687104625,1.0317640027867185,1.003131890296244,1.00181872363816,Restaurant,ED5J990H5VAZT,../../model_fits/finalized_redone_trunc/t2_a1_proportion/vegetarian/vegetarian_dishes_count/plots/ED5J990H5VAZT.png,Plant-based,0.15
vegetarian,vegetarian,Count,0.026514324654,-0.069211497,0.133016639525,1.0268689566988363,1.0026549506211562,1.00174788113223,Restaurant,EMBVNVD207CC6,../../model_fits/finalized_redone_trunc/t2_a1_proportion/vegetarian/vegetarian_dishes_count/plots/EMBVNVD207CC6.png,Plant-based,0.15
vegetarian,vegetarian,Count,0.0318232344960891,0.010671343825,0.0514645788825,1.0323350079580893,1.0031873924164822,1.00072719234709,Restaurant,JHDN7CF1C03X5,../../model_fits/finalized_redone_trunc/t2_a1_proportion/vegetarian/vegetarian_dishes_count/plots/JHDN7CF1C03X5.png,Plant-based,0.15
vegetarian,vegetarian,Count,0.009748473886,-0.041238967075,0.06154032055,1.0097961450386246,1.0009753227067573,1.00160807417417,Restaurant,L69HYJ4Y3TR91,../../model_fits/finalized_redone_trunc/t2_a1_proportion/vegetarian/vegetarian_dishes_count/plots/L69HYJ4Y3TR91.png,Plant-based,0.15
vegetarian,vegetarian,Count,-0.002602827039558,-0.052636741325,0.049399988525,0.9974005573777531,0.9997397511666485,1.01441757646775,Restaurant,LBZEEFSBJNB3Z,../../model_fits/finalized_redone_trunc/t2_a1_proportion/vegetarian/vegetarian_dishes_count/plots/LBZEEFSBJNB3Z.png,Plant-based,0.15
vegetarian,vegetarian,Count,7.1724309628e-4,-0.14421990755,0.15486625045,1.0007175003766167,1.0000717268818777,1.00544981368675,Restaurant,LFZFT3VASXPED,../../model_fits/finalized_redone_trunc/t2_a1_proportion/vegetarian/vegetarian_dishes_count/plots/LFZFT3VASXPED.png,Plant-based,0.15
vegetarian,vegetarian,Count,0.02289954265026,-0.129357,0.16978606113,1.0231637500656428,1.0022925782128185,1.00854173853929,Restaurant,LQ5EH4BKGV61T,../../model_fits/finalized_redone_trunc/t2_a1_proportion/vegetarian/vegetarian_dishes_count/plots/LQ5EH4BKGV61T.png,Plant-based,0.15
vegetarian,vegetarian,Count,-0.02082630418,-0.062085791375,0.0189828068,0.9793890655829599,0.9979195367519965,1.0004542596704,Restaurant,S8MT0YGD2KTN9,../../model_fits/finalized_redone_trunc/t2_a1_proportion/vegetarian/vegetarian_dishes_count/plots/S8MT0YGD2KTN9.png,Plant-based,0.15
vegetarian,vegetarian,Count,0.016129860309206,-0.140921003275,0.19493986655,1.0162606487595902,1.0016142875925949,1.00183291253363,Restaurant,SAFK7ND1HR6XS,../../model_fits/finalized_redone_trunc/t2_a1_proportion/vegetarian/vegetarian_dishes_count/plots/SAFK7ND1HR6XS.png,Plant-based,0.15
vegetarian,vegetarian,Count,0.073725050219,0.0364211001,0.116683336425,1.076510778399027,1.0073997488476427,1.00055074483301,Restaurant,SRQS8F7JWA9MZ,../../model_fits/finalized_redone_trunc/t2_a1_proportion/vegetarian/vegetarian_dishes_count/plots/SRQS8F7JWA9MZ.png,Plant-based,0.15
vegetarian,vegetarian,Count,0.012335531172,-0.0489868786,0.07725702685,1.012411927643822,1.001234314256783,1.00219692753213,Restaurant,V3Q26BHF3SE2H,../../model_fits/finalized_redone_trunc/t2_a1_proportion/vegetarian/vegetarian_dishes_count/plots/V3Q26BHF3SE2H.png,Plant-based,0.15
vegetarian,vegetarian,Count,1.52354843e-5,-0.014980984125,0.015324447625,1.0000152356003607,1.0000015235495907,1.00228430787755,Restaurant,W8T41JZK0ZMEP,../../model_fits/finalized_redone_trunc/t2_a1_proportion/vegetarian/vegetarian_dishes_count/plots/W8T41JZK0ZMEP.png,Plant-based,0.15
vegetarian,vegetarian,Proportion,0.2291926468475,-1.01476513225,1.4842549425,1.2575842853231287,1.0231839291353961,1.00434051309498,Restaurant,1SQPTEGYPH0GA,../../model_fits/finalized_redone_trunc/t2_a1_proportion/vegetarian/vegetarian_dishes_prop/plots/1SQPTEGYPH0GA.png,Plant-based,0.15
vegetarian,vegetarian,Proportion,-0.241279455896662,-2.61871032,2.08774395825,0.7856220489945366,0.9761608062976854,1.00168070508029,Restaurant,2HRX9P6HKXA8V,../../model_fits/finalized_redone_trunc/t2_a1_proportion/vegetarian/vegetarian_dishes_prop/plots/2HRX9P6HKXA8V.png,Plant-based,0.15
vegetarian,vegetarian,Proportion,0.0343206113324313,-0.73419890075,0.821451750000001,1.0349163594563942,1.0034379573985723,1.00068144622179,Restaurant,78AY09MVJVTYE,../../model_fits/finalized_redone_trunc/t2_a1_proportion/vegetarian/vegetarian_dishes_prop/plots/78AY09MVJVTYE.png,Plant-based,0.15
vegetarian,vegetarian,Proportion,-0.0286773300298433,-1.27243622,1.186188771,0.971729961963598,0.9971363750154656,1.00264706926557,Restaurant,9XKJD8DQTH559,../../model_fits/finalized_redone_trunc/t2_a1_proportion/vegetarian/vegetarian_dishes_prop/plots/9XKJD8DQTH559.png,Plant-based,0.15
vegetarian,vegetarian,Proportion,0.299982910021056,-0.92873571325,1.53806664025,1.3498357387145279,1.030452772910393,1.00161961356275,Restaurant,C0BE4NDSW26QN,../../model_fits/finalized_redone_trunc/t2_a1_proportion/vegetarian/vegetarian_dishes_prop/plots/C0BE4NDSW26QN.png,Plant-based,0.15
vegetarian,vegetarian,Proportion,0.865969609080462,-0.1381314245,1.96754352825,2.3773100302263575,1.0904570943020728,1.00589182140454,Restaurant,CB2KHY1C2G9PT,../../model_fits/finalized_redone_trunc/t2_a1_proportion/vegetarian/vegetarian_dishes_prop/plots/CB2KHY1C2G9PT.png,Plant-based,0.15
vegetarian,vegetarian,Proportion,0.835943706220667,-0.4702516825,2.14390413,2.30699014227708,1.087187809041726,1.00106247008596,Restaurant,ED5J990H5VAZT,../../model_fits/finalized_redone_trunc/t2_a1_proportion/vegetarian/vegetarian_dishes_prop/plots/ED5J990H5VAZT.png,Plant-based,0.15
vegetarian,vegetarian,Proportion,0.199074010590567,-1.0206206975,1.42416749475,1.220272275629665,1.0201068748368762,1.00857546725103,Restaurant,EMBVNVD207CC6,../../model_fits/finalized_redone_trunc/t2_a1_proportion/vegetarian/vegetarian_dishes_prop/plots/EMBVNVD207CC6.png,Plant-based,0.15
vegetarian,vegetarian,Proportion,1.89345449737596,0.5244531735,3.3314890305,6.642274814592081,1.2084583420023414,1.00787401122528,Restaurant,JHDN7CF1C03X5,../../model_fits/finalized_redone_trunc/t2_a1_proportion/vegetarian/vegetarian_dishes_prop/plots/JHDN7CF1C03X5.png,Plant-based,0.15
vegetarian,vegetarian,Proportion,0.653794320793233,-1.8940390025,3.14146080175,1.9228228117645156,1.0675640155802504,1.01105821284607,Restaurant,L69HYJ4Y3TR91,../../model_fits/finalized_redone_trunc/t2_a1_proportion/vegetarian/vegetarian_dishes_prop/plots/L69HYJ4Y3TR91.png,Plant-based,0.15
vegetarian,vegetarian,Proportion,0.0919445432474403,-1.276880668125,1.45753172,1.0963040229340408,1.009236853165017,1.00154253225495,Restaurant,LBZEEFSBJNB3Z,../../model_fits/finalized_redone_trunc/t2_a1_proportion/vegetarian/vegetarian_dishes_prop/plots/LBZEEFSBJNB3Z.png,Plant-based,0.15
vegetarian,vegetarian,Proportion,0.763338471576587,-2.488548555,3.974227428,2.1454267241171237,1.079322842879885,1.00506553067515,Restaurant,LFZFT3VASXPED,../../model_fits/finalized_redone_trunc/t2_a1_proportion/vegetarian/vegetarian_dishes_prop/plots/LFZFT3VASXPED.png,Plant-based,0.15
vegetarian,vegetarian,Proportion,0.344949656715597,-2.0739216795,2.80946051,1.4119188372468354,1.0350968173456514,1.00127945121995,Restaurant,LQ5EH4BKGV61T,../../model_fits/finalized_redone_trunc/t2_a1_proportion/vegetarian/vegetarian_dishes_prop/plots/LQ5EH4BKGV61T.png,Plant-based,0.15
vegetarian,vegetarian,Proportion,-0.299382887161533,-1.5921128405,0.9414139875,0.7412755302079477,0.9705054228361901,1.00031073446308,Restaurant,S8MT0YGD2KTN9,../../model_fits/finalized_redone_trunc/t2_a1_proportion/vegetarian/vegetarian_dishes_prop/plots/S8MT0YGD2KTN9.png,Plant-based,0.15
vegetarian,vegetarian,Proportion,0.234213939805633,-2.6727311825,3.100970009075,1.2639148649855485,1.023697828772454,1.00286897500096,Restaurant,SAFK7ND1HR6XS,../../model_fits/finalized_redone_trunc/t2_a1_proportion/vegetarian/vegetarian_dishes_prop/plots/SAFK7ND1HR6XS.png,Plant-based,0.15
vegetarian,vegetarian,Proportion,1.00927881321,0.40560692075,1.63867641125,2.743621637670464,1.1061968614302717,1.00371473357392,Restaurant,SRQS8F7JWA9MZ,../../model_fits/finalized_redone_trunc/t2_a1_proportion/vegetarian/vegetarian_dishes_prop/plots/SRQS8F7JWA9MZ.png,Plant-based,0.15
vegetarian,vegetarian,Proportion,0.895953671959543,-0.0302841874999999,1.84594810525,2.449670858248143,1.0937316344579227,1.00353945404814,Restaurant,V3Q26BHF3SE2H,../../model_fits/finalized_redone_trunc/t2_a1_proportion/vegetarian/vegetarian_dishes_prop/plots/V3Q26BHF3SE2H.png,Plant-based,0.15
vegetarian,vegetarian,Proportion,0.1713448819102,-1.473526855,1.77014584925,1.1869000187884817,1.0172821255586482,1.00270133922851,Restaurant,W8T41JZK0ZMEP,../../model_fits/finalized_redone_trunc/t2_a1_proportion/vegetarian/vegetarian_dishes_prop/plots/W8T41JZK0ZMEP.png,Plant-based,0.15
vegan,mpbamod,Count,0.0299146546388467,-0.0651403072,0.12719107295,1.030366593191886,1.002995944361738,1.00059779533744,Restaurant,1SQPTEGYPH0GA,../../model_fits/finalized_redone_trunc/t2_a1_proportion/vegan/mpbamod_dishes_count/plots/1SQPTEGYPH0GA.png,Plant-based,0.15
vegan,mpbamod,Count,-0.019273361619283,-0.230415707425,0.1734712535,0.9809111821202825,0.9980745199577652,1.00475125619859,Restaurant,2HRX9P6HKXA8V,../../model_fits/finalized_redone_trunc/t2_a1_proportion/vegan/mpbamod_dishes_count/plots/2HRX9P6HKXA8V.png,Plant-based,0.15
vegan,mpbamod,Count,0.0201071369044667,-0.13004428835,0.1542853255,1.020310647095565,1.0020127365307763,1.0017500268395,Restaurant,78AY09MVJVTYE,../../model_fits/finalized_redone_trunc/t2_a1_proportion/vegan/mpbamod_dishes_count/plots/78AY09MVJVTYE.png,Plant-based,0.15
vegan,mpbamod,Count,-0.0369985398515667,-0.062667215575,-0.007434790475,0.96367754246028,0.9963069820412338,0.999911625105337,Restaurant,9XKJD8DQTH559,../../model_fits/finalized_redone_trunc/t2_a1_proportion/vegan/mpbamod_dishes_count/plots/9XKJD8DQTH559.png,Plant-based,0.15
vegan,mpbamod,Count,0.11684338145411,-0.072984376525,0.306765600725,1.1239433855263024,1.0117528666677502,1.0033205728697,Restaurant,C0BE4NDSW26QN,../../model_fits/finalized_redone_trunc/t2_a1_proportion/vegan/mpbamod_dishes_count/plots/C0BE4NDSW26QN.png,Plant-based,0.15
vegan,mpbamod,Count,-0.00742957798345167,-0.1467953278,0.128038918925,0.9925979531074,0.9992573181264621,1.00358701521142,Restaurant,CB2KHY1C2G9PT,../../model_fits/finalized_redone_trunc/t2_a1_proportion/vegan/mpbamod_dishes_count/plots/CB2KHY1C2G9PT.png,Plant-based,0.15
vegan,mpbamod,Count,0.0218469320681601,-0.004228509125,0.047550424175,1.0220873237033816,1.0021870813878508,1.00002966815483,Restaurant,ED5J990H5VAZT,../../model_fits/finalized_redone_trunc/t2_a1_proportion/vegan/mpbamod_dishes_count/plots/ED5J990H5VAZT.png,Plant-based,0.15
vegan,mpbamod,Count,0.0620554007850667,-0.11742001675,0.230525302725,1.0640212907100248,1.0062248343321136,1.01029107254963,Restaurant,EMBVNVD207CC6,../../model_fits/finalized_redone_trunc/t2_a1_proportion/vegan/mpbamod_dishes_count/plots/EMBVNVD207CC6.png,Plant-based,0.15
vegan,mpbamod,Count,-0.00661717285558567,-0.0569404059,0.0461934491,0.9934046724214977,0.9993385016010414,1.00044750013044,Restaurant,JHDN7CF1C03X5,../../model_fits/finalized_redone_trunc/t2_a1_proportion/vegan/mpbamod_dishes_count/plots/JHDN7CF1C03X5.png,Plant-based,0.15
vegan,mpbamod,Count,0.0974019713479087,-0.128815532725,0.334600060305,1.1023033789523622,1.0097877872417478,1.00419515306413,Restaurant,L69HYJ4Y3TR91,../../model_fits/finalized_redone_trunc/t2_a1_proportion/vegan/mpbamod_dishes_count/plots/L69HYJ4Y3TR91.png,Plant-based,0.15
vegan,mpbamod,Count,0.00816472844909867,-0.1310724344,0.1400788832475,1.0081981507438194,1.0008168062495955,1.00243303662331,Restaurant,LBZEEFSBJNB3Z,../../model_fits/finalized_redone_trunc/t2_a1_proportion/vegan/mpbamod_dishes_count/plots/LBZEEFSBJNB3Z.png,Plant-based,0.15
vegan,mpbamod,Count,0.0196595093033667,-0.31033754125,0.3981374535425,1.0198540300930399,1.0019678846788775,1.00133665349366,Restaurant,LFZFT3VASXPED,../../model_fits/finalized_redone_trunc/t2_a1_proportion/vegan/mpbamod_dishes_count/plots/LFZFT3VASXPED.png,Plant-based,0.15
vegan,mpbamod,Count,0.140417576900093,-0.11248015165,0.43503216945,1.1507542269252629,1.014140806231736,1.00710956259017,Restaurant,LQ5EH4BKGV61T,../../model_fits/finalized_redone_trunc/t2_a1_proportion/vegan/mpbamod_dishes_count/plots/LQ5EH4BKGV61T.png,Plant-based,0.15
vegan,mpbamod,Count,0.0267061689263067,-0.160424024125,0.217964963125,1.0270659745243549,1.0026741861666049,1.00534478126478,Restaurant,S8MT0YGD2KTN9,../../model_fits/finalized_redone_trunc/t2_a1_proportion/vegan/mpbamod_dishes_count/plots/S8MT0YGD2KTN9.png,Plant-based,0.15
vegan,mpbamod,Count,0.002468811425999,-0.23847825425,0.277374924675,1.0024718614503894,1.0002469116202573,1.00793615439036,Restaurant,SAFK7ND1HR6XS,../../model_fits/finalized_redone_trunc/t2_a1_proportion/vegan/mpbamod_dishes_count/plots/SAFK7ND1HR6XS.png,Plant-based,0.15
vegan,mpbamod,Count,-0.0162022700116667,-0.12273175875,0.09631643525,0.9839282807412968,0.9983810848580021,1.00540678251287,Restaurant,SRQS8F7JWA9MZ,../../model_fits/finalized_redone_trunc/t2_a1_proportion/vegan/mpbamod_dishes_count/plots/SRQS8F7JWA9MZ.png,Plant-based,0.15
vegan,mpbamod,Count,0.0329978547111633,-0.03118541473,0.096575639775,1.0335483219792498,1.0033052357564693,1.00105737080013,Restaurant,V3Q26BHF3SE2H,../../model_fits/finalized_redone_trunc/t2_a1_proportion/vegan/mpbamod_dishes_count/plots/V3Q26BHF3SE2H.png,Plant-based,0.15
vegan,mpbamod,Count,-0.0177704433744976,-0.0459731878,0.01407721122,0.9823865198106679,0.9982245336709702,1.00138030371023,Restaurant,W8T41JZK0ZMEP,../../model_fits/finalized_redone_trunc/t2_a1_proportion/vegan/mpbamod_dishes_count/plots/W8T41JZK0ZMEP.png,Plant-based,0.15
vegan,mpbamod,Proportion,0.657887006243,-2.967303342,4.277994995,1.9307084464127204,1.0680010253726573,1.00184886300923,Restaurant,1SQPTEGYPH0GA,../../model_fits/finalized_redone_trunc/t2_a1_proportion/vegan/mpbamod_dishes_prop/plots/1SQPTEGYPH0GA.png,Plant-based,0.15
vegan,mpbamod,Proportion,-0.14242670116939,-4.656988585,4.4660938575,0.8672511204555384,0.9858582768891774,1.00126172857505,Restaurant,2HRX9P6HKXA8V,../../model_fits/finalized_redone_trunc/t2_a1_proportion/vegan/mpbamod_dishes_prop/plots/2HRX9P6HKXA8V.png,Plant-based,0.15
vegan,mpbamod,Proportion,-0.902004377943333,-4.86376705,2.8322007625,0.405755556639893,0.9137480172777875,0.999966647972267,Restaurant,78AY09MVJVTYE,../../model_fits/finalized_redone_trunc/t2_a1_proportion/vegan/mpbamod_dishes_prop/plots/78AY09MVJVTYE.png,Plant-based,0.15
vegan,mpbamod,Proportion,-0.70555129204039,-2.21053106225,0.718362508775,0.49383625120372854,0.9318763645074434,1.00105972352494,Restaurant,9XKJD8DQTH559,../../model_fits/finalized_redone_trunc/t2_a1_proportion/vegan/mpbamod_dishes_prop/plots/9XKJD8DQTH559.png,Plant-based,0.15
vegan,mpbamod,Proportion,0.641735232568,-4.1181982875,5.0875644,1.899774571525865,1.0662774066377085,1.00090303025214,Restaurant,C0BE4NDSW26QN,../../model_fits/finalized_redone_trunc/t2_a1_proportion/vegan/mpbamod_dishes_prop/plots/C0BE4NDSW26QN.png,Plant-based,0.15
vegan,mpbamod,Proportion,-4.44653949508,-6.82681334,-2.25986412,0.01171905071555499,0.6410460719624074,1.00169004324964,Restaurant,CB2KHY1C2G9PT,../../model_fits/finalized_redone_trunc/t2_a1_proportion/vegan/mpbamod_dishes_prop/plots/CB2KHY1C2G9PT.png,Plant-based,0.15
vegan,mpbamod,Proportion,0.54894608560873,-0.00845267525,1.11709536875,1.7314272798229453,1.0564292702070974,1.00388746454651,Restaurant,ED5J990H5VAZT,../../model_fits/finalized_redone_trunc/t2_a1_proportion/vegan/mpbamod_dishes_prop/plots/ED5J990H5VAZT.png,Plant-based,0.15
vegan,mpbamod,Proportion,1.44032719306069,-0.4149349575,3.1757549697,4.222077025327726,1.1549218961497238,1.00565058547464,Restaurant,EMBVNVD207CC6,../../model_fits/finalized_redone_trunc/t2_a1_proportion/vegan/mpbamod_dishes_prop/plots/EMBVNVD207CC6.png,Plant-based,0.15
vegan,mpbamod,Proportion,-1.24843186571105,-3.21091592725,0.80090237,0.2869544273044152,0.8826353008009448,1.00077430532588,Restaurant,JHDN7CF1C03X5,../../model_fits/finalized_redone_trunc/t2_a1_proportion/vegan/mpbamod_dishes_prop/plots/JHDN7CF1C03X5.png,Plant-based,0.15
vegan,mpbamod,Proportion,1.44715155245727,-4.73620482,7.95485925125,4.250988535411162,1.155710325354768,1.00099584273829,Restaurant,L69HYJ4Y3TR91,../../model_fits/finalized_redone_trunc/t2_a1_proportion/vegan/mpbamod_dishes_prop/plots/L69HYJ4Y3TR91.png,Plant-based,0.15
vegan,mpbamod,Proportion,3.8635315748425,-0.33755360175,8.32098521,47.63327515281459,1.4716042871240005,1.00186538512982,Restaurant,LBZEEFSBJNB3Z,../../model_fits/finalized_redone_trunc/t2_a1_proportion/vegan/mpbamod_dishes_prop/plots/LBZEEFSBJNB3Z.png,Plant-based,0.15
vegan,mpbamod,Proportion,1.06514006434356,-8.00249419325,10.6864551325,2.901245316623397,1.112393507003204,1.00247887188399,Restaurant,LFZFT3VASXPED,../../model_fits/finalized_redone_trunc/t2_a1_proportion/vegan/mpbamod_dishes_prop/plots/LFZFT3VASXPED.png,Plant-based,0.15
vegan,mpbamod,Proportion,2.0283478620814,-3.2723404175,7.40566541225,7.601517223822391,1.2248700860983381,1.0048551440281,Restaurant,LQ5EH4BKGV61T,../../model_fits/finalized_redone_trunc/t2_a1_proportion/vegan/mpbamod_dishes_prop/plots/LQ5EH4BKGV61T.png,Plant-based,0.15
vegan,mpbamod,Proportion,3.29255881329333,-1.15614556,7.536801775,26.91163748442079,1.3899334681118725,1.00203243861632,Restaurant,S8MT0YGD2KTN9,../../model_fits/finalized_redone_trunc/t2_a1_proportion/vegan/mpbamod_dishes_prop/plots/S8MT0YGD2KTN9.png,Plant-based,0.15
vegan,mpbamod,Proportion,-0.271760565342187,-4.895949015,4.33205344425,0.7620366972440424,0.9731898900018314,1.00197014524792,Restaurant,SAFK7ND1HR6XS,../../model_fits/finalized_redone_trunc/t2_a1_proportion/vegan/mpbamod_dishes_prop/plots/SAFK7ND1HR6XS.png,Plant-based,0.15
vegan,mpbamod,Proportion,-0.218807524753333,-1.3618542675,0.9588283775,0.8034763525806534,0.9783568947333202,1.00000132448564,Restaurant,SRQS8F7JWA9MZ,../../model_fits/finalized_redone_trunc/t2_a1_proportion/vegan/mpbamod_dishes_prop/plots/SRQS8F7JWA9MZ.png,Plant-based,0.15
vegan,mpbamod,Proportion,0.197162116772667,-0.94534873625,1.309156675,1.2179414734428688,1.0199118598771053,1.00006936305831,Restaurant,V3Q26BHF3SE2H,../../model_fits/finalized_redone_trunc/t2_a1_proportion/vegan/mpbamod_dishes_prop/plots/V3Q26BHF3SE2H.png,Plant-based,0.15
vegan,mpbamod,Proportion,0.05021224492587,-1.487004325,1.53620547935,1.0514942470124011,1.00503385196657,0.999944415851621,Restaurant,W8T41JZK0ZMEP,../../model_fits/finalized_redone_trunc/t2_a1_proportion/vegan/mpbamod_dishes_prop/plots/W8T41JZK0ZMEP.png,Plant-based,0.15
vegan,vegan,Count,0.2011922555,0.158305875,0.246465825,1.2228598507570312,1.0203229813438637,1.0005007584785,Restaurant,1SQPTEGYPH0GA,../../model_fits/finalized_redone_trunc/t2_a1_proportion/vegan/vegan_dishes_count/plots/1SQPTEGYPH0GA.png,Plant-based,0.15
vegan,vegan,Count,-0.02025248969165,-0.12550755,0.0777234375,0.9799512144876914,0.9979768004637578,1.00424149719133,Restaurant,2HRX9P6HKXA8V,../../model_fits/finalized_redone_trunc/t2_a1_proportion/vegan/vegan_dishes_count/plots/2HRX9P6HKXA8V.png,Plant-based,0.15
vegan,vegan,Count,0.08123450124,0.0282729725,0.137715075,1.0846252127041844,1.0081565348717119,0.999931469400802,Restaurant,78AY09MVJVTYE,../../model_fits/finalized_redone_trunc/t2_a1_proportion/vegan/vegan_dishes_count/plots/78AY09MVJVTYE.png,Plant-based,0.15
vegan,vegan,Count,0.0311084745469,0.0141005025,0.0500788725,1.0315973998780146,1.003115691162009,1.00116797384415,Restaurant,9XKJD8DQTH559,../../model_fits/finalized_redone_trunc/t2_a1_proportion/vegan/vegan_dishes_count/plots/9XKJD8DQTH559.png,Plant-based,0.15
vegan,vegan,Count,0.083830506045,0.0415014075,0.12435475,1.0874445629079703,1.0084182867665725,1.00010404545235,Restaurant,C0BE4NDSW26QN,../../model_fits/finalized_redone_trunc/t2_a1_proportion/vegan/vegan_dishes_count/plots/C0BE4NDSW26QN.png,Plant-based,0.15
vegan,vegan,Count,0.197724748,0.143732125,0.253311825,1.2186269181571103,1.0199692449175704,1.00563339414548,Restaurant,CB2KHY1C2G9PT,../../model_fits/finalized_redone_trunc/t2_a1_proportion/vegan/vegan_dishes_count/plots/CB2KHY1C2G9PT.png,Plant-based,0.15
vegan,vegan,Count,0.3374680845,0.2336681,0.4492421,1.4013948814598964,1.034322691806656,1.00145090755028,Restaurant,ED5J990H5VAZT,../../model_fits/finalized_redone_trunc/t2_a1_proportion/vegan/vegan_dishes_count/plots/ED5J990H5VAZT.png,Plant-based,0.15
vegan,vegan,Count,0.3134903724,0.167402875,0.47237005,1.3681922902903005,1.0318455935785997,1.00037686390064,Restaurant,EMBVNVD207CC6,../../model_fits/finalized_redone_trunc/t2_a1_proportion/vegan/vegan_dishes_count/plots/EMBVNVD207CC6.png,Plant-based,0.15
vegan,vegan,Count,0.01457209854067,-0.00974607375,0.038968995,1.0146787891741589,1.0014582721002556,1.00044411358104,Restaurant,JHDN7CF1C03X5,../../model_fits/finalized_redone_trunc/t2_a1_proportion/vegan/vegan_dishes_count/plots/JHDN7CF1C03X5.png,Plant-based,0.15
vegan,vegan,Count,0.19235377475,0.111201125,0.285423,1.2120992512323299,1.0194215692552753,1.00420650909123,Restaurant,L69HYJ4Y3TR91,../../model_fits/finalized_redone_trunc/t2_a1_proportion/vegan/vegan_dishes_count/plots/L69HYJ4Y3TR91.png,Plant-based,0.15
vegan,vegan,Count,-0.03422548926245,-0.1157125,0.0451140875,0.9663535777128349,0.9965833013181788,1.00127523022667,Restaurant,LBZEEFSBJNB3Z,../../model_fits/finalized_redone_trunc/t2_a1_proportion/vegan/vegan_dishes_count/plots/LBZEEFSBJNB3Z.png,Plant-based,0.15
vegan,vegan,Count,0.0660270817728,-0.121469825,0.25797595,1.0682556470309807,1.0066245541092214,0.999937486034792,Restaurant,LFZFT3VASXPED,../../model_fits/finalized_redone_trunc/t2_a1_proportion/vegan/vegan_dishes_count/plots/LFZFT3VASXPED.png,Plant-based,0.15
vegan,vegan,Count,0.339577046865,0.110757175,0.607056175,1.404353489223023,1.0345408495732018,1.00461289320113,Restaurant,LQ5EH4BKGV61T,../../model_fits/finalized_redone_trunc/t2_a1_proportion/vegan/vegan_dishes_count/plots/LQ5EH4BKGV61T.png,Plant-based,0.15
vegan,vegan,Count,-0.0672043056512,-0.24044435,0.0919954125,0.9350041551887367,0.9933021010261176,1.00106618951425,Restaurant,S8MT0YGD2KTN9,../../model_fits/finalized_redone_trunc/t2_a1_proportion/vegan/vegan_dishes_count/plots/S8MT0YGD2KTN9.png,Plant-based,0.15
vegan,vegan,Count,0.1074707995349,-0.117539525,0.34841315,1.1134583467702317,1.0108050372550925,1.0025251188773,Restaurant,SAFK7ND1HR6XS,../../model_fits/finalized_redone_trunc/t2_a1_proportion/vegan/vegan_dishes_count/plots/SAFK7ND1HR6XS.png,Plant-based,0.15
vegan,vegan,Count,0.3022879495,0.187544125,0.430675225,1.3529507521175643,1.0306903237198153,1.00049681622139,Restaurant,V3Q26BHF3SE2H,../../model_fits/finalized_redone_trunc/t2_a1_proportion/vegan/vegan_dishes_count/plots/V3Q26BHF3SE2H.png,Plant-based,0.15
vegan,vegan,Count,0.0183366916151,0.00359041,0.034800105,1.0185058410433374,1.001835351360849,0.999878904583424,Restaurant,W8T41JZK0ZMEP,../../model_fits/finalized_redone_trunc/t2_a1_proportion/vegan/vegan_dishes_count/plots/W8T41JZK0ZMEP.png,Plant-based,0.15
vegan,vegan,Proportion,-0.359989789266,-2.32132075,1.4308245,0.6976834498947844,0.9646412784521702,1.00480308173803,Restaurant,1SQPTEGYPH0GA,../../model_fits/finalized_redone_trunc/t2_a1_proportion/vegan/vegan_dishes_prop/plots/1SQPTEGYPH0GA.png,Plant-based,0.15
vegan,vegan,Proportion,-0.122130457500333,-1.9806655,1.73470775,0.8850329017909615,0.9878612308047272,1.00140049141852,Restaurant,2HRX9P6HKXA8V,../../model_fits/finalized_redone_trunc/t2_a1_proportion/vegan/vegan_dishes_prop/plots/2HRX9P6HKXA8V.png,Plant-based,0.15
vegan,vegan,Proportion,1.5649141769444,0.24766585,2.936618,4.782264489731452,1.1694007261216226,1.00123069854208,Restaurant,78AY09MVJVTYE,../../model_fits/finalized_redone_trunc/t2_a1_proportion/vegan/vegan_dishes_prop/plots/78AY09MVJVTYE.png,Plant-based,0.15
vegan,vegan,Proportion,2.44298225833333,1.159394,3.7554465,11.50730738475103,1.2767250261048468,1.00154143986165,Restaurant,9XKJD8DQTH559,../../model_fits/finalized_redone_trunc/t2_a1_proportion/vegan/vegan_dishes_prop/plots/9XKJD8DQTH559.png,Plant-based,0.15
vegan,vegan,Proportion,0.704595088405333,-0.7828491,2.23786825,2.023027371819676,1.073001121491572,1.0007727595562,Restaurant,C0BE4NDSW26QN,../../model_fits/finalized_redone_trunc/t2_a1_proportion/vegan/vegan_dishes_prop/plots/C0BE4NDSW26QN.png,Plant-based,0.15
vegan,vegan,Proportion,4.10821289,2.255308,6.318138,60.83789634789556,1.5080558263099897,1.00041248276353,Restaurant,CB2KHY1C2G9PT,../../model_fits/finalized_redone_trunc/t2_a1_proportion/vegan/vegan_dishes_prop/plots/CB2KHY1C2G9PT.png,Plant-based,0.15
vegan,vegan,Proportion,2.786969347,0.9491067,4.7533165,16.23175237423116,1.3214068106272565,1.00137891304567,Restaurant,ED5J990H5VAZT,../../model_fits/finalized_redone_trunc/t2_a1_proportion/vegan/vegan_dishes_prop/plots/ED5J990H5VAZT.png,Plant-based,0.15
vegan,vegan,Proportion,-0.447132973533,-1.62672375,0.736546425,0.6394588715157534,0.9562716081358705,1.00246887122481,Restaurant,EMBVNVD207CC6,../../model_fits/finalized_redone_trunc/t2_a1_proportion/vegan/vegan_dishes_prop/plots/EMBVNVD207CC6.png,Plant-based,0.15
vegan,vegan,Proportion,0.249723705897667,-0.911578925,1.488838,1.2836706970435943,1.0252867920636966,1.00045028630637,Restaurant,JHDN7CF1C03X5,../../model_fits/finalized_redone_trunc/t2_a1_proportion/vegan/vegan_dishes_prop/plots/JHDN7CF1C03X5.png,Plant-based,0.15
vegan,vegan,Proportion,4.525718593,1.89866825,7.4072985,92.36227287029166,1.5723508549884446,1.00093619061036,Restaurant,L69HYJ4Y3TR91,../../model_fits/finalized_redone_trunc/t2_a1_proportion/vegan/vegan_dishes_prop/plots/L69HYJ4Y3TR91.png,Plant-based,0.15
vegan,vegan,Proportion,-0.483140439610667,-2.967551,1.77942625,0.6168431880730003,0.9528345081634119,1.00104512044057,Restaurant,LBZEEFSBJNB3Z,../../model_fits/finalized_redone_trunc/t2_a1_proportion/vegan/vegan_dishes_prop/plots/LBZEEFSBJNB3Z.png,Plant-based,0.15
vegan,vegan,Proportion,2.33033740901333,-1.03139475,6.199909,10.281409988266297,1.262424073934786,1.00058925698889,Restaurant,LFZFT3VASXPED,../../model_fits/finalized_redone_trunc/t2_a1_proportion/vegan/vegan_dishes_prop/plots/LFZFT3VASXPED.png,Plant-based,0.15
vegan,vegan,Proportion,1.28984792903667,-1.702394,4.4191455,3.6322341564047185,1.1376728233339644,1.00401784703644,Restaurant,LQ5EH4BKGV61T,../../model_fits/finalized_redone_trunc/t2_a1_proportion/vegan/vegan_dishes_prop/plots/LQ5EH4BKGV61T.png,Plant-based,0.15
vegan,vegan,Proportion,1.240763567689,-2.0434505,4.43962925,3.4582530671793523,1.13210231137354,1.00427238788917,Restaurant,S8MT0YGD2KTN9,../../model_fits/finalized_redone_trunc/t2_a1_proportion/vegan/vegan_dishes_prop/plots/S8MT0YGD2KTN9.png,Plant-based,0.15
vegan,vegan,Proportion,0.947528422829,-2.5040735,4.1906805,2.5793267695026802,1.09938709953851,1.00462905312792,Restaurant,SAFK7ND1HR6XS,../../model_fits/finalized_redone_trunc/t2_a1_proportion/vegan/vegan_dishes_prop/plots/SAFK7ND1HR6XS.png,Plant-based,0.15
vegan,vegan,Proportion,4.49713587333333,2.73831825,6.39732025,89.7596796973023,1.567863065334877,1.00055307479897,Restaurant,V3Q26BHF3SE2H,../../model_fits/finalized_redone_trunc/t2_a1_proportion/vegan/vegan_dishes_prop/plots/V3Q26BHF3SE2H.png,Plant-based,0.15
vegan,vegan,Proportion,1.36989992139667,0.2542247,2.483766,3.934956870776298,1.1468166712818932,1.00111243545094,Restaurant,W8T41JZK0ZMEP,../../model_fits/finalized_redone_trunc/t2_a1_proportion/vegan/vegan_dishes_prop/plots/W8T41JZK0ZMEP.png,Plant-based,0.15
vegan,vegetarian,Count,-0.003864738796,-0.02059929685,0.0133968131,0.9961427196955132,0.9996136007918099,1.00284884836289,Restaurant,1SQPTEGYPH0GA,../../model_fits/finalized_redone_trunc/t2_a1_proportion/vegan/vegetarian_dishes_count/plots/1SQPTEGYPH0GA.png,Plant-based,0.15
vegan,vegetarian,Count,-0.043325924686656,-0.1382856438,0.04793537905,0.9575992339698313,0.9956767796699796,1.00234895658963,Restaurant,2HRX9P6HKXA8V,../../model_fits/finalized_redone_trunc/t2_a1_proportion/vegan/vegetarian_dishes_count/plots/2HRX9P6HKXA8V.png,Plant-based,0.15
vegan,vegetarian,Count,0.0385368059709909,-0.001120576435,0.0809464512275,1.0392889796940787,1.003861115571776,1.00213008645057,Restaurant,78AY09MVJVTYE,../../model_fits/finalized_redone_trunc/t2_a1_proportion/vegan/vegetarian_dishes_count/plots/78AY09MVJVTYE.png,Plant-based,0.15
vegan,vegetarian,Count,-0.0067263831116,-0.018772023325,0.005193294125,0.9932961883667902,0.9993275878592757,1.0010704019637,Restaurant,9XKJD8DQTH559,../../model_fits/finalized_redone_trunc/t2_a1_proportion/vegan/vegetarian_dishes_count/plots/9XKJD8DQTH559.png,Plant-based,0.15
vegan,vegetarian,Count,0.0170817977073,-0.01315485825,0.046698218975,1.0172285258834817,1.0017096395408596,1.00682175522581,Restaurant,C0BE4NDSW26QN,../../model_fits/finalized_redone_trunc/t2_a1_proportion/vegan/vegetarian_dishes_count/plots/C0BE4NDSW26QN.png,Plant-based,0.15
vegan,vegetarian,Count,0.061614201272,0.0331954485,0.08903207805,1.0635519485790441,1.0061804407207486,1.00214104514679,Restaurant,CB2KHY1C2G9PT,../../model_fits/finalized_redone_trunc/t2_a1_proportion/vegan/vegetarian_dishes_count/plots/CB2KHY1C2G9PT.png,Plant-based,0.15
vegan,vegetarian,Count,0.029373369438,-0.01300218575,0.077051428775,1.029809021919697,1.0029416551449295,1.00059591633774,Restaurant,ED5J990H5VAZT,../../model_fits/finalized_redone_trunc/t2_a1_proportion/vegan/vegetarian_dishes_count/plots/ED5J990H5VAZT.png,Plant-based,0.15
vegan,vegetarian,Count,0.069683543954,-0.04560823025,0.1705457291,1.0721688332530694,1.006992689870121,1.00334985688947,Restaurant,EMBVNVD207CC6,../../model_fits/finalized_redone_trunc/t2_a1_proportion/vegan/vegetarian_dishes_count/plots/EMBVNVD207CC6.png,Plant-based,0.15
vegan,vegetarian,Count,0.0139932080348891,-0.00778133521,0.036451296197,1.0140915712405307,1.0014003003096723,1.0021273757559,Restaurant,JHDN7CF1C03X5,../../model_fits/finalized_redone_trunc/t2_a1_proportion/vegan/vegetarian_dishes_count/plots/JHDN7CF1C03X5.png,Plant-based,0.15
vegan,vegetarian,Count,0.033694432836,-0.0254097931,0.097061582075,1.0342685199392532,1.0033751262386263,1.00044942211948,Restaurant,L69HYJ4Y3TR91,../../model_fits/finalized_redone_trunc/t2_a1_proportion/vegan/vegetarian_dishes_count/plots/L69HYJ4Y3TR91.png,Plant-based,0.15
vegan,vegetarian,Count,-0.044059310798358,-0.106734084075,0.0183105169,0.9568972014529762,0.9956037607953684,1.00161837320218,Restaurant,LBZEEFSBJNB3Z,../../model_fits/finalized_redone_trunc/t2_a1_proportion/vegan/vegetarian_dishes_count/plots/LBZEEFSBJNB3Z.png,Plant-based,0.15
vegan,vegetarian,Count,0.00661842918158,-0.167140822325,0.1820823298,1.0066403793825593,1.0006620619845086,1.00142427419269,Restaurant,LFZFT3VASXPED,../../model_fits/finalized_redone_trunc/t2_a1_proportion/vegan/vegetarian_dishes_count/plots/LFZFT3VASXPED.png,Plant-based,0.15
vegan,vegetarian,Count,0.10767928192926,-0.0858881435,0.30180778145,1.113690507432251,1.0108261109802066,1.00548230283914,Restaurant,LQ5EH4BKGV61T,../../model_fits/finalized_redone_trunc/t2_a1_proportion/vegan/vegetarian_dishes_count/plots/LQ5EH4BKGV61T.png,Plant-based,0.15
vegan,vegetarian,Count,-0.027738267946,-0.082531721275,0.025452565125,0.9726429053147664,0.9972300167083847,1.0013526473084,Restaurant,S8MT0YGD2KTN9,../../model_fits/finalized_redone_trunc/t2_a1_proportion/vegan/vegetarian_dishes_count/plots/S8MT0YGD2KTN9.png,Plant-based,0.15
vegan,vegetarian,Count,7.17336954906e-4,-0.17965899575,0.196676180225,1.0007175943025908,1.0000717362684137,1.00261696644658,Restaurant,SAFK7ND1HR6XS,../../model_fits/finalized_redone_trunc/t2_a1_proportion/vegan/vegetarian_dishes_count/plots/SAFK7ND1HR6XS.png,Plant-based,0.15
vegan,vegetarian,Count,-0.0172111986636,-0.0655524421,0.03179634225,0.9829360679275453,0.9982803604110705,1.00186164744258,Restaurant,SRQS8F7JWA9MZ,../../model_fits/finalized_redone_trunc/t2_a1_proportion/vegan/vegetarian_dishes_count/plots/SRQS8F7JWA9MZ.png,Plant-based,0.15
vegan,vegetarian,Count,0.0133744595679,-0.0637753135,0.083896425625,1.013464297717717,1.0013383407364957,1.00128360465456,Restaurant,V3Q26BHF3SE2H,../../model_fits/finalized_redone_trunc/t2_a1_proportion/vegan/vegetarian_dishes_count/plots/V3Q26BHF3SE2H.png,Plant-based,0.15
vegan,vegetarian,Count,-0.0112312761453,-0.02674420845,0.0047792467,0.9888315591763372,0.9988775028572338,1.00032578683904,Restaurant,W8T41JZK0ZMEP,../../model_fits/finalized_redone_trunc/t2_a1_proportion/vegan/vegetarian_dishes_count/plots/W8T41JZK0ZMEP.png,Plant-based,0.15
vegan,vegetarian,Proportion,-1.2361599749787,-2.75030844025,0.365279295,0.2904975969101219,0.8837191260909963,1.00087415256094,Restaurant,1SQPTEGYPH0GA,../../model_fits/finalized_redone_trunc/t2_a1_proportion/vegan/vegetarian_dishes_prop/plots/1SQPTEGYPH0GA.png,Plant-based,0.15
vegan,vegetarian,Proportion,-0.838077311943328,-3.09108335025,1.41665256475,0.4325413665665549,0.919608051040159,1.00093538093981,Restaurant,2HRX9P6HKXA8V,../../model_fits/finalized_redone_trunc/t2_a1_proportion/vegan/vegetarian_dishes_prop/plots/2HRX9P6HKXA8V.png,Plant-based,0.15
vegan,vegetarian,Proportion,0.487322964677198,-0.63331917275,1.652283583,1.6279522955726133,1.0499392406712205,1.00986427536218,Restaurant,78AY09MVJVTYE,../../model_fits/finalized_redone_trunc/t2_a1_proportion/vegan/vegetarian_dishes_prop/plots/78AY09MVJVTYE.png,Plant-based,0.15
vegan,vegetarian,Proportion,-0.371582861351177,-1.6606232925,0.965562040000001,0.6896418588052723,0.9635236108496591,1.0010038372904,Restaurant,9XKJD8DQTH559,../../model_fits/finalized_redone_trunc/t2_a1_proportion/vegan/vegetarian_dishes_prop/plots/9XKJD8DQTH559.png,Plant-based,0.15
vegan,vegetarian,Proportion,-0.146409038383344,-1.5218945395,1.27686854525,0.86380430179707135,0.985465753042107,1.00274856410327,Restaurant,C0BE4NDSW26QN,../../model_fits/finalized_redone_trunc/t2_a1_proportion/vegan/vegetarian_dishes_prop/plots/C0BE4NDSW26QN.png,Plant-based,0.15
vegan,vegetarian,Proportion,0.828839381644462,-0.6145622078,2.38681689925,2.2906586164320135,1.086415709829298,1.00286896462165,Restaurant,CB2KHY1C2G9PT,../../model_fits/finalized_redone_trunc/t2_a1_proportion/vegan/vegetarian_dishes_prop/plots/CB2KHY1C2G9PT.png,Plant-based,0.15
vegan,vegetarian,Proportion,0.372981610444,-1.3312439925,2.172825954,1.4520576368920195,1.0380024666030605,1.00230189787889,Restaurant,ED5J990H5VAZT,../../model_fits/finalized_redone_trunc/t2_a1_proportion/vegan/vegetarian_dishes_prop/plots/ED5J990H5VAZT.png,Plant-based,0.15
vegan,vegetarian,Proportion,0.0412652201605667,-1.356045585,1.4240399918,1.0421284623742804,1.0041350478313187,1.00908660182252,Restaurant,EMBVNVD207CC6,../../model_fits/finalized_redone_trunc/t2_a1_proportion/vegan/vegetarian_dishes_prop/plots/EMBVNVD207CC6.png,Plant-based,0.15
vegan,vegetarian,Proportion,0.672253854688957,-0.8042009295,2.23581218225,1.9586468549425247,1.069536508998739,1.00076369800855,Restaurant,JHDN7CF1C03X5,../../model_fits/finalized_redone_trunc/t2_a1_proportion/vegan/vegetarian_dishes_prop/plots/JHDN7CF1C03X5.png,Plant-based,0.15
vegan,vegetarian,Proportion,0.0780090960899,-2.6779556525,2.9687281225,1.081132492703705,1.0078314159785697,1.00137656600801,Restaurant,L69HYJ4Y3TR91,../../model_fits/finalized_redone_trunc/t2_a1_proportion/vegan/vegetarian_dishes_prop/plots/L69HYJ4Y3TR91.png,Plant-based,0.15
vegan,vegetarian,Proportion,-0.825619305895893,-2.691641232,0.942232526500001,0.43796367497326194,0.9207544132273602,1.00724347185434,Restaurant,LBZEEFSBJNB3Z,../../model_fits/finalized_redone_trunc/t2_a1_proportion/vegan/vegetarian_dishes_prop/plots/LBZEEFSBJNB3Z.png,Plant-based,0.15
vegan,vegetarian,Proportion,-0.264403169516747,-3.9025099075,3.2587645297,0.7676639785428437,0.9739061677898869,1.00357037110689,Restaurant,LFZFT3VASXPED,../../model_fits/finalized_redone_trunc/t2_a1_proportion/vegan/vegetarian_dishes_prop/plots/LFZFT3VASXPED.png,Plant-based,0.15
vegan,vegetarian,Proportion,0.490546672845597,-2.4623196375,3.6157797375,1.6332088068625392,1.050277765004119,1.00077353999256,Restaurant,LQ5EH4BKGV61T,../../model_fits/finalized_redone_trunc/t2_a1_proportion/vegan/vegetarian_dishes_prop/plots/LQ5EH4BKGV61T.png,Plant-based,0.15
vegan,vegetarian,Proportion,-0.358738225614867,-2.1330601755,1.271666265,0.6985571917984199,0.9647620170036609,1.0021316788501,Restaurant,S8MT0YGD2KTN9,../../model_fits/finalized_redone_trunc/t2_a1_proportion/vegan/vegetarian_dishes_prop/plots/S8MT0YGD2KTN9.png,Plant-based,0.15
vegan,vegetarian,Proportion,-0.7629752310797,-3.78458275,2.28168369775,0.46627707916166183,0.926540498337907,1.01213629663467,Restaurant,SAFK7ND1HR6XS,../../model_fits/finalized_redone_trunc/t2_a1_proportion/vegan/vegetarian_dishes_prop/plots/SAFK7ND1HR6XS.png,Plant-based,0.15
vegan,vegetarian,Proportion,-0.458497096794667,-1.27908711225,0.341121557,0.6322331170244104,0.955185506539728,1.00180299276282,Restaurant,SRQS8F7JWA9MZ,../../model_fits/finalized_redone_trunc/t2_a1_proportion/vegan/vegetarian_dishes_prop/plots/SRQS8F7JWA9MZ.png,Plant-based,0.15
vegan,vegetarian,Proportion,-0.86260598002079,-2.0047938562,0.294527300900001,0.4220607660130814,0.9173551391515866,1.00113667967501,Restaurant,V3Q26BHF3SE2H,../../model_fits/finalized_redone_trunc/t2_a1_proportion/vegan/vegetarian_dishes_prop/plots/V3Q26BHF3SE2H.png,Plant-based,0.15
vegan,vegetarian,Proportion,-0.466513237256467,-2.201270365,1.2466816785,0.6271853065629514,0.9544201232329682,1.00128011008373,Restaurant,W8T41JZK0ZMEP,../../model_fits/finalized_redone_trunc/t2_a1_proportion/vegan/vegetarian_dishes_prop/plots/W8T41JZK0ZMEP.png,Plant-based,0.15
