outcome,effect_type,mean,q2.5,q97.5,rhat,ess_bulk,estimate_type,restaurant_id,pred_path,color_group
total,Level Change,0,0,0,NA,NA,Pooled,POOLED,NA,Total
total,Slope Change,0,0,0,NA,NA,Pooled,POOLED,NA,Total
total,Gender x Level,0,0,0,NA,NA,Pooled,POOLED,NA,Total
nonvegan,Level Change,-0.0094143650190537,-0.113587337275,0.0891215549000001,1.03025788155072,144.508486699308,Pooled,POOLED,NA,Animal
nonvegan,Slope Change,-0.012146677333898,-0.135054773425,0.107872486125,1.061169794339,41.8384772615723,Pooled,POOLED,NA,Animal
nonvegan,Gender x Level,0.0343097868926947,-0.102231856475,0.179862958025,1.03596322328133,139.69043642086,Pooled,POOLED,NA,Animal
meat,Level Change,-0.024177305644762,-0.12200243438,0.069288052175,1.0058054170661,259.383321295813,Pooled,POOLED,NA,Animal
meat,Slope Change,0.0117153165828243,-0.1068039974,0.13304056,1.0255959598793,148.896080250758,Pooled,POOLED,NA,Animal
meat,Gender x Level,-0.0296503451686017,-0.152155463975,0.09351628,1.01510361898832,335.919048313916,Pooled,POOLED,NA,Animal
chicken_fish,Level Change,0.0450255218445,-0.0860232377,0.14557795025,2.79714950781998,3.48849435999126,Pooled,POOLED,NA,Animal
chicken_fish,Slope Change,0.00313537470013667,-0.12711970835,0.1576893895,2.53378444887143,3.62491780838906,Pooled,POOLED,NA,Animal
chicken_fish,Gender x Level,0.00643724567362,-0.099661269525,0.10311897835,2.45909514839359,3.6587773071735,Pooled,POOLED,NA,Animal
vegetarian,Level Change,-0.0227069127095416,-0.123256344375,0.0834579969000001,1.01563977836808,364.414173171482,Pooled,POOLED,NA,Plant-based
vegetarian,Slope Change,-0.015698365762685,-0.151447419995,0.118428580075,1.00295013986364,499.855904321175,Pooled,POOLED,NA,Plant-based
vegetarian,Gender x Level,0.056366038286605,-0.06185474215,0.1620427748,1.00589180472569,538.245270899632,Pooled,POOLED,NA,Plant-based
vegan,Level Change,-0.0187739962109667,-0.095078325,0.04884664,1.00187155161884,196.816848203545,Pooled,POOLED,NA,Plant-based
vegan,Slope Change,-0.0304824561470767,-0.1369705,0.066749755,1.02677503231156,165.43099339286,Pooled,POOLED,NA,Plant-based
vegan,Gender x Level,-0.00949477593306,-0.111399455,0.0793912425,1.01802562113738,233.27154257232,Pooled,POOLED,NA,Plant-based
nonvegan,NA,0.019644577699049,-0.29478883875,0.33832401625,1.07100414538858,33.4167944347014,Restaurant,1SQPTEGYPH0GA,../../model_fits/finalized_redone_trunc_cp/t2_a5_customer_day/nonvegan/plots/1SQPTEGYPH0GA.png,Animal
nonvegan,NA,-0.0737313097671887,-0.35032572185,0.24457007675,1.10081667526916,23.8490210800196,Restaurant,1SQPTEGYPH0GA,../../model_fits/finalized_redone_trunc_cp/t2_a5_customer_day/nonvegan/plots/1SQPTEGYPH0GA.png,Animal
nonvegan,NA,0.0770950627041557,-0.228658477695,0.3613286795,1.26408026012701,570.176296901014,Restaurant,1SQPTEGYPH0GA,../../model_fits/finalized_redone_trunc_cp/t2_a5_customer_day/nonvegan/plots/1SQPTEGYPH0GA.png,Animal
nonvegan,NA,0.105137096168833,-0.32713713125,0.49839130075,1.10252420062902,507.135658525436,Restaurant,1SQPTEGYPH0GA,../../model_fits/finalized_redone_trunc_cp/t2_a5_customer_day/nonvegan/plots/1SQPTEGYPH0GA.png,Animal
nonvegan,NA,-0.0286723674890697,-0.205468967075,0.14315307545,1.03756697377994,78.5405967860483,Restaurant,2HRX9P6HKXA8V,../../model_fits/finalized_redone_trunc_cp/t2_a5_customer_day/nonvegan/plots/2HRX9P6HKXA8V.png,Animal
nonvegan,NA,0.0291013779456905,-0.07679619215,0.137457005,1.1703828298009,596.148904679892,Restaurant,2HRX9P6HKXA8V,../../model_fits/finalized_redone_trunc_cp/t2_a5_customer_day/nonvegan/plots/2HRX9P6HKXA8V.png,Animal
nonvegan,NA,-0.00217228289586033,-0.21509774535,0.1999145623,1.26645335814238,596.412047551988,Restaurant,2HRX9P6HKXA8V,../../model_fits/finalized_redone_trunc_cp/t2_a5_customer_day/nonvegan/plots/2HRX9P6HKXA8V.png,Animal
nonvegan,NA,0.06232604588329,-0.19007559075,0.31316764743,1.16465433435529,499.60737109533,Restaurant,2HRX9P6HKXA8V,../../model_fits/finalized_redone_trunc_cp/t2_a5_customer_day/nonvegan/plots/2HRX9P6HKXA8V.png,Animal
nonvegan,NA,0.0724475077088857,-0.1900452186575,0.43050790925,1.33375700346238,7.27917595933585,Restaurant,78AY09MVJVTYE,../../model_fits/finalized_redone_trunc_cp/t2_a5_customer_day/nonvegan/plots/78AY09MVJVTYE.png,Animal
nonvegan,NA,0.026114369435255,-0.0813498675,0.142928612925,1.16414473538321,12.4607682793061,Restaurant,78AY09MVJVTYE,../../model_fits/finalized_redone_trunc_cp/t2_a5_customer_day/nonvegan/plots/78AY09MVJVTYE.png,Animal
nonvegan,NA,-0.0702459434628233,-0.36832653625,0.2353497927,1.20780339694201,10.3183235239417,Restaurant,78AY09MVJVTYE,../../model_fits/finalized_redone_trunc_cp/t2_a5_customer_day/nonvegan/plots/78AY09MVJVTYE.png,Animal
nonvegan,NA,-0.0783219832951744,-0.4020866217695,0.2525387665,1.07625602055835,36.4705924323541,Restaurant,78AY09MVJVTYE,../../model_fits/finalized_redone_trunc_cp/t2_a5_customer_day/nonvegan/plots/78AY09MVJVTYE.png,Animal
nonvegan,NA,-0.0370183407526937,-0.309855984325,0.246178780875,1.03387149049374,109.508199084674,Restaurant,9XKJD8DQTH559,../../model_fits/finalized_redone_trunc_cp/t2_a5_customer_day/nonvegan/plots/9XKJD8DQTH559.png,Animal
nonvegan,NA,0.0544942423406067,-0.2377178076,0.39472335375,1.07284218477509,467.531177378587,Restaurant,9XKJD8DQTH559,../../model_fits/finalized_redone_trunc_cp/t2_a5_customer_day/nonvegan/plots/9XKJD8DQTH559.png,Animal
nonvegan,NA,0.0254535802679267,-0.290183397175,0.35051318025,1.02945645939797,132.966344451893,Restaurant,9XKJD8DQTH559,../../model_fits/finalized_redone_trunc_cp/t2_a5_customer_day/nonvegan/plots/9XKJD8DQTH559.png,Animal
nonvegan,NA,0.043897325239672,-0.2516697572,0.355567345,1.11136341541026,488.42518679833597,Restaurant,9XKJD8DQTH559,../../model_fits/finalized_redone_trunc_cp/t2_a5_customer_day/nonvegan/plots/9XKJD8DQTH559.png,Animal
nonvegan,NA,1.6823468328706e-4,-0.41939399495,0.424749996,1.20620801213116,10.5898679427116,Restaurant,9XKJD8DQTH559,../../model_fits/finalized_redone_trunc_cp/t2_a5_customer_day/nonvegan/plots/9XKJD8DQTH559.png,Animal
nonvegan,NA,0.13527083141343,-0.8345838875,1.1206676318,1.10115407766876,317.398811860939,Restaurant,9XKJD8DQTH559,../../model_fits/finalized_redone_trunc_cp/t2_a5_customer_day/nonvegan/plots/9XKJD8DQTH559.png,Animal
nonvegan,NA,-0.0526619927122447,-0.423820350775,0.307311250475,1.23948150707991,773.623461571732,Restaurant,9XKJD8DQTH559,../../model_fits/finalized_redone_trunc_cp/t2_a5_customer_day/nonvegan/plots/9XKJD8DQTH559.png,Animal
nonvegan,NA,-0.201393216033437,-1.14134855109,0.67623624425,1.02519204211411,249.371334114364,Restaurant,9XKJD8DQTH559,../../model_fits/finalized_redone_trunc_cp/t2_a5_customer_day/nonvegan/plots/9XKJD8DQTH559.png,Animal
nonvegan,NA,-0.0673627445528163,-0.354209727,0.21045995425,1.2564344999708,9.02606301168601,Restaurant,C0BE4NDSW26QN,../../model_fits/finalized_redone_trunc_cp/t2_a5_customer_day/nonvegan/plots/C0BE4NDSW26QN.png,Animal
nonvegan,NA,-0.00742457640369787,-0.27066505275,0.2422352095,1.17307906592058,11.8597416994606,Restaurant,C0BE4NDSW26QN,../../model_fits/finalized_redone_trunc_cp/t2_a5_customer_day/nonvegan/plots/C0BE4NDSW26QN.png,Animal
nonvegan,NA,0.0179733079671533,-0.19633062875,0.21462650305,1.1063024585406,152.354292615386,Restaurant,C0BE4NDSW26QN,../../model_fits/finalized_redone_trunc_cp/t2_a5_customer_day/nonvegan/plots/C0BE4NDSW26QN.png,Animal
nonvegan,NA,-0.004077495696646,-0.2218192755,0.22686332405,1.03670812050688,220.398151209284,Restaurant,C0BE4NDSW26QN,../../model_fits/finalized_redone_trunc_cp/t2_a5_customer_day/nonvegan/plots/C0BE4NDSW26QN.png,Animal
nonvegan,NA,0.0061977328962043304,-0.378028160125,0.378930340205,1.04244377981172,79.1607936720602,Restaurant,C0BE4NDSW26QN,../../model_fits/finalized_redone_trunc_cp/t2_a5_customer_day/nonvegan/plots/C0BE4NDSW26QN.png,Animal
nonvegan,NA,-0.01244343093805,-0.660657781625,0.601839459,1.10500828346266,21.108553988278,Restaurant,C0BE4NDSW26QN,../../model_fits/finalized_redone_trunc_cp/t2_a5_customer_day/nonvegan/plots/C0BE4NDSW26QN.png,Animal
nonvegan,NA,-0.006894990158211,-0.3982386249075,0.376802326275,1.03818577739236,496.1250243527,Restaurant,C0BE4NDSW26QN,../../model_fits/finalized_redone_trunc_cp/t2_a5_customer_day/nonvegan/plots/C0BE4NDSW26QN.png,Animal
nonvegan,NA,0.0452351090665467,-0.57529865025,0.6868932775,1.11277661937724,19.1289472425211,Restaurant,C0BE4NDSW26QN,../../model_fits/finalized_redone_trunc_cp/t2_a5_customer_day/nonvegan/plots/C0BE4NDSW26QN.png,Animal
nonvegan,NA,-0.0118865348897035,-0.090981496125,0.0724003870575,1.04656855840556,50.886178160784,Restaurant,ED5J990H5VAZT,../../model_fits/finalized_redone_trunc_cp/t2_a5_customer_day/nonvegan/plots/ED5J990H5VAZT.png,Animal
nonvegan,NA,-0.0173437205151183,-0.137716389575,0.099721970825,1.02771501512088,298.581802048113,Restaurant,ED5J990H5VAZT,../../model_fits/finalized_redone_trunc_cp/t2_a5_customer_day/nonvegan/plots/ED5J990H5VAZT.png,Animal
nonvegan,NA,0.0151206511007938,-0.04392942135,0.075637933805,1.17817408324024,1750.74035309155,Restaurant,ED5J990H5VAZT,../../model_fits/finalized_redone_trunc_cp/t2_a5_customer_day/nonvegan/plots/ED5J990H5VAZT.png,Animal
nonvegan,NA,0.00310586127314667,-0.058201277025,0.064545677575,1.04958146438065,222.645476950537,Restaurant,ED5J990H5VAZT,../../model_fits/finalized_redone_trunc_cp/t2_a5_customer_day/nonvegan/plots/ED5J990H5VAZT.png,Animal
nonvegan,NA,-0.00924929186032113,-0.3038678209,0.278213591,1.20031004678013,10.7270277209125,Restaurant,EMBVNVD207CC6,../../model_fits/finalized_redone_trunc_cp/t2_a5_customer_day/nonvegan/plots/EMBVNVD207CC6.png,Animal
nonvegan,NA,-0.134703909486135,-0.3931471812,0.1731874635,1.20643925073248,10.5140810301492,Restaurant,EMBVNVD207CC6,../../model_fits/finalized_redone_trunc_cp/t2_a5_customer_day/nonvegan/plots/EMBVNVD207CC6.png,Animal
nonvegan,NA,0.212249655949867,-0.0270672965,0.46382996725,1.11193807146022,18.4463628782089,Restaurant,EMBVNVD207CC6,../../model_fits/finalized_redone_trunc_cp/t2_a5_customer_day/nonvegan/plots/EMBVNVD207CC6.png,Animal
nonvegan,NA,0.157378781596383,-0.1862594067,0.49802835025,1.23652517729504,622.060641131196,Restaurant,EMBVNVD207CC6,../../model_fits/finalized_redone_trunc_cp/t2_a5_customer_day/nonvegan/plots/EMBVNVD207CC6.png,Animal
nonvegan,NA,0.0177361035382165,-0.19784434345,0.219161299075,1.18047289513664,11.7324290481768,Restaurant,L69HYJ4Y3TR91,../../model_fits/finalized_redone_trunc_cp/t2_a5_customer_day/nonvegan/plots/L69HYJ4Y3TR91.png,Animal
nonvegan,NA,-0.00600072430794667,-0.330057339,0.306795840875,1.15659691456371,546.046817524747,Restaurant,L69HYJ4Y3TR91,../../model_fits/finalized_redone_trunc_cp/t2_a5_customer_day/nonvegan/plots/L69HYJ4Y3TR91.png,Animal
nonvegan,NA,0.116068516549433,-0.151636859375,0.377844217,1.09985640736192,23.6659632345015,Restaurant,L69HYJ4Y3TR91,../../model_fits/finalized_redone_trunc_cp/t2_a5_customer_day/nonvegan/plots/L69HYJ4Y3TR91.png,Animal
nonvegan,NA,0.0278643558794411,-0.2180828911,0.263431536725,1.06228138930484,35.3270196028238,Restaurant,L69HYJ4Y3TR91,../../model_fits/finalized_redone_trunc_cp/t2_a5_customer_day/nonvegan/plots/L69HYJ4Y3TR91.png,Animal
nonvegan,NA,-0.0211967278128353,-0.212462056325,0.154014551125,1.13755818202282,502.514769162427,Restaurant,LBZEEFSBJNB3Z,../../model_fits/finalized_redone_trunc_cp/t2_a5_customer_day/nonvegan/plots/LBZEEFSBJNB3Z.png,Animal
nonvegan,NA,-0.0392455656159335,-0.351134103,0.209842864775,1.07675712162863,219.145770621397,Restaurant,LBZEEFSBJNB3Z,../../model_fits/finalized_redone_trunc_cp/t2_a5_customer_day/nonvegan/plots/LBZEEFSBJNB3Z.png,Animal
nonvegan,NA,-0.03441507020088,-0.2331353675,0.190066235675,1.08690917765503,25.4390028889529,Restaurant,LBZEEFSBJNB3Z,../../model_fits/finalized_redone_trunc_cp/t2_a5_customer_day/nonvegan/plots/LBZEEFSBJNB3Z.png,Animal
nonvegan,NA,-5.9884095280766e-4,-0.1849129644,0.19265742,1.17016756323387,12.705203885382,Restaurant,LBZEEFSBJNB3Z,../../model_fits/finalized_redone_trunc_cp/t2_a5_customer_day/nonvegan/plots/LBZEEFSBJNB3Z.png,Animal
nonvegan,NA,-0.0408995235386353,-0.33846949875,0.27879366645,1.182899458522,11.5453451585826,Restaurant,LQ5EH4BKGV61T,../../model_fits/finalized_redone_trunc_cp/t2_a5_customer_day/nonvegan/plots/LQ5EH4BKGV61T.png,Animal
nonvegan,NA,-0.010812414550509,-0.348954843,0.3072096525,1.14098677692559,801.037537660283,Restaurant,LQ5EH4BKGV61T,../../model_fits/finalized_redone_trunc_cp/t2_a5_customer_day/nonvegan/plots/LQ5EH4BKGV61T.png,Animal
nonvegan,NA,0.0208525115160607,-0.396662169075,0.4609888848,1.04183541338314,66.8471132672816,Restaurant,LQ5EH4BKGV61T,../../model_fits/finalized_redone_trunc_cp/t2_a5_customer_day/nonvegan/plots/LQ5EH4BKGV61T.png,Animal
nonvegan,NA,0.094005625588023,-0.556824639075,0.743477631,1.1791767805985,11.9309556911789,Restaurant,LQ5EH4BKGV61T,../../model_fits/finalized_redone_trunc_cp/t2_a5_customer_day/nonvegan/plots/LQ5EH4BKGV61T.png,Animal
nonvegan,NA,-0.00395791607729667,-0.248688388,0.24755029225,1.04765514978692,70.6648884224883,Restaurant,S8MT0YGD2KTN9,../../model_fits/finalized_redone_trunc_cp/t2_a5_customer_day/nonvegan/plots/S8MT0YGD2KTN9.png,Animal
nonvegan,NA,0.0430543882809785,-0.10335497874,0.205505332875,1.04200264770536,198.998113258496,Restaurant,S8MT0YGD2KTN9,../../model_fits/finalized_redone_trunc_cp/t2_a5_customer_day/nonvegan/plots/S8MT0YGD2KTN9.png,Animal
nonvegan,NA,0.032581857482884,-0.1832652871,0.27006810475,1.03558031081072,118.636391828378,Restaurant,S8MT0YGD2KTN9,../../model_fits/finalized_redone_trunc_cp/t2_a5_customer_day/nonvegan/plots/S8MT0YGD2KTN9.png,Animal
nonvegan,NA,0.01246426859932,-0.28785900175,0.284472857875,1.1848201485256,614.746560482486,Restaurant,S8MT0YGD2KTN9,../../model_fits/finalized_redone_trunc_cp/t2_a5_customer_day/nonvegan/plots/S8MT0YGD2KTN9.png,Animal
nonvegan,NA,-0.00801002724989027,-0.17949681765,0.1817324195,1.08737064463492,25.0180872038634,Restaurant,SAFK7ND1HR6XS,../../model_fits/finalized_redone_trunc_cp/t2_a5_customer_day/nonvegan/plots/SAFK7ND1HR6XS.png,Animal
nonvegan,NA,-0.014127950574502,-0.336749965025,0.29935001575,1.02935620517766,182.180708527646,Restaurant,SAFK7ND1HR6XS,../../model_fits/finalized_redone_trunc_cp/t2_a5_customer_day/nonvegan/plots/SAFK7ND1HR6XS.png,Animal
nonvegan,NA,0.0727377917464233,-0.167665525775,0.2937553795,1.07335081081729,31.137997264144,Restaurant,SAFK7ND1HR6XS,../../model_fits/finalized_redone_trunc_cp/t2_a5_customer_day/nonvegan/plots/SAFK7ND1HR6XS.png,Animal
nonvegan,NA,-0.0117707217271373,-0.2973591935,0.249532811175,1.11762519799896,18.3695584558115,Restaurant,SAFK7ND1HR6XS,../../model_fits/finalized_redone_trunc_cp/t2_a5_customer_day/nonvegan/plots/SAFK7ND1HR6XS.png,Animal
nonvegan,NA,0.0221082982175816,-0.11947480175,0.1614941108,1.06855765480995,447.222194202176,Restaurant,SRQS8F7JWA9MZ,../../model_fits/finalized_redone_trunc_cp/t2_a5_customer_day/nonvegan/plots/SRQS8F7JWA9MZ.png,Animal
nonvegan,NA,-0.0119129791033427,-0.172845213,0.134867170625,1.20639172807955,10.55561467043,Restaurant,SRQS8F7JWA9MZ,../../model_fits/finalized_redone_trunc_cp/t2_a5_customer_day/nonvegan/plots/SRQS8F7JWA9MZ.png,Animal
nonvegan,NA,0.0044605409506919,-0.26169314975,0.283677877,1.06139954752775,39.1849773271388,Restaurant,SRQS8F7JWA9MZ,../../model_fits/finalized_redone_trunc_cp/t2_a5_customer_day/nonvegan/plots/SRQS8F7JWA9MZ.png,Animal
nonvegan,NA,0.00598469553267,-0.272105096775,0.273408008275,1.03244322466563,343.298025556208,Restaurant,SRQS8F7JWA9MZ,../../model_fits/finalized_redone_trunc_cp/t2_a5_customer_day/nonvegan/plots/SRQS8F7JWA9MZ.png,Animal
nonvegan,NA,-0.0372579938103783,-0.24605786685,0.17740679125,1.0400411051901,77.8527897722924,Restaurant,SRQS8F7JWA9MZ,../../model_fits/finalized_redone_trunc_cp/t2_a5_customer_day/nonvegan/plots/SRQS8F7JWA9MZ.png,Animal
nonvegan,NA,0.0720865216753723,-0.13936296625,0.302181051375,1.07611425039129,716.651952224132,Restaurant,SRQS8F7JWA9MZ,../../model_fits/finalized_redone_trunc_cp/t2_a5_customer_day/nonvegan/plots/SRQS8F7JWA9MZ.png,Animal
nonvegan,NA,0.0985927454109793,-0.11331101325,0.310816816825,1.20109065883216,759.961204221929,Restaurant,SRQS8F7JWA9MZ,../../model_fits/finalized_redone_trunc_cp/t2_a5_customer_day/nonvegan/plots/SRQS8F7JWA9MZ.png,Animal
nonvegan,NA,-0.0682045564458659,-0.311531944,0.146969413475,1.16439809733875,936.166544244851,Restaurant,SRQS8F7JWA9MZ,../../model_fits/finalized_redone_trunc_cp/t2_a5_customer_day/nonvegan/plots/SRQS8F7JWA9MZ.png,Animal
nonvegan,NA,-0.0663714338351767,-0.2602195125,0.110956817875,1.24979953918846,713.934296258215,Restaurant,V3Q26BHF3SE2H,../../model_fits/finalized_redone_trunc_cp/t2_a5_customer_day/nonvegan/plots/V3Q26BHF3SE2H.png,Animal
nonvegan,NA,-0.0658068439871167,-0.257814961125,0.108832253875,1.03248172479633,336.643620847018,Restaurant,V3Q26BHF3SE2H,../../model_fits/finalized_redone_trunc_cp/t2_a5_customer_day/nonvegan/plots/V3Q26BHF3SE2H.png,Animal
nonvegan,NA,0.0689871183218813,-0.101202855875,0.25571725525,1.21214979542487,532.866255177718,Restaurant,V3Q26BHF3SE2H,../../model_fits/finalized_redone_trunc_cp/t2_a5_customer_day/nonvegan/plots/V3Q26BHF3SE2H.png,Animal
nonvegan,NA,0.00216985008229,-0.1708310555,0.176828869625,1.06693239576752,34.3998619763363,Restaurant,V3Q26BHF3SE2H,../../model_fits/finalized_redone_trunc_cp/t2_a5_customer_day/nonvegan/plots/V3Q26BHF3SE2H.png,Animal
nonvegan,NA,0.0254486689611517,-0.31173611575,0.3370674614,1.03519153716622,111.636941583124,Restaurant,V3Q26BHF3SE2H,../../model_fits/finalized_redone_trunc_cp/t2_a5_customer_day/nonvegan/plots/V3Q26BHF3SE2H.png,Animal
nonvegan,NA,0.018312645950378,-0.290185308,0.361999524,1.0695362115216,31.7449938596746,Restaurant,V3Q26BHF3SE2H,../../model_fits/finalized_redone_trunc_cp/t2_a5_customer_day/nonvegan/plots/V3Q26BHF3SE2H.png,Animal
nonvegan,NA,-0.0322268230137247,-0.4355021215,0.295464500175,1.03059569527791,163.906119434198,Restaurant,V3Q26BHF3SE2H,../../model_fits/finalized_redone_trunc_cp/t2_a5_customer_day/nonvegan/plots/V3Q26BHF3SE2H.png,Animal
nonvegan,NA,0.0371541503131897,-0.29124264425,0.3988206208275,1.0733324618204,35.3560582506076,Restaurant,V3Q26BHF3SE2H,../../model_fits/finalized_redone_trunc_cp/t2_a5_customer_day/nonvegan/plots/V3Q26BHF3SE2H.png,Animal
nonvegan,NA,0.0395610266063158,-0.270818907225,0.34736560825,1.23797783916812,929.741149255128,Restaurant,V3Q26BHF3SE2H,../../model_fits/finalized_redone_trunc_cp/t2_a5_customer_day/nonvegan/plots/V3Q26BHF3SE2H.png,Animal
nonvegan,NA,0.0378618664532633,-0.37797293625,0.483166740825,1.03289278118579,214.894185515733,Restaurant,V3Q26BHF3SE2H,../../model_fits/finalized_redone_trunc_cp/t2_a5_customer_day/nonvegan/plots/V3Q26BHF3SE2H.png,Animal
nonvegan,NA,0.001404725102336,-0.282142381975,0.285707435125,1.06017429996451,42.9531498259489,Restaurant,V3Q26BHF3SE2H,../../model_fits/finalized_redone_trunc_cp/t2_a5_customer_day/nonvegan/plots/V3Q26BHF3SE2H.png,Animal
nonvegan,NA,-0.0650996997362716,-0.435151677575,0.268964059075,1.07821426970204,30.005268436831,Restaurant,V3Q26BHF3SE2H,../../model_fits/finalized_redone_trunc_cp/t2_a5_customer_day/nonvegan/plots/V3Q26BHF3SE2H.png,Animal
nonvegan,NA,-0.0601892595574458,-0.28235644725,0.165643839425,1.11699702430752,17.5989187035724,Restaurant,V3Q26BHF3SE2H,../../model_fits/finalized_redone_trunc_cp/t2_a5_customer_day/nonvegan/plots/V3Q26BHF3SE2H.png,Animal
nonvegan,NA,0.025183032471869,-0.2404703624,0.273717096,1.12223550533853,17.3891929684626,Restaurant,V3Q26BHF3SE2H,../../model_fits/finalized_redone_trunc_cp/t2_a5_customer_day/nonvegan/plots/V3Q26BHF3SE2H.png,Animal
nonvegan,NA,-0.0123697781544607,-0.250262102565,0.221171193953,1.20448511155716,1421.38342849621,Restaurant,V3Q26BHF3SE2H,../../model_fits/finalized_redone_trunc_cp/t2_a5_customer_day/nonvegan/plots/V3Q26BHF3SE2H.png,Animal
nonvegan,NA,-0.0503495516273303,-0.3521485856,0.26248654025,1.14567946447684,14.7930829394825,Restaurant,V3Q26BHF3SE2H,../../model_fits/finalized_redone_trunc_cp/t2_a5_customer_day/nonvegan/plots/V3Q26BHF3SE2H.png,Animal
nonvegan,NA,0.037739817219433,-0.144019083425,0.2301083275,1.0985137028264,22.0986021046436,Restaurant,W8T41JZK0ZMEP,../../model_fits/finalized_redone_trunc_cp/t2_a5_customer_day/nonvegan/plots/W8T41JZK0ZMEP.png,Animal
nonvegan,NA,-0.187134962811143,-0.3908034475,-0.0142150441,1.18470574700486,563.947258379645,Restaurant,W8T41JZK0ZMEP,../../model_fits/finalized_redone_trunc_cp/t2_a5_customer_day/nonvegan/plots/W8T41JZK0ZMEP.png,Animal
nonvegan,NA,0.0786628252609067,-0.11800335905,0.2853060525,1.20297652376773,10.6722157898972,Restaurant,W8T41JZK0ZMEP,../../model_fits/finalized_redone_trunc_cp/t2_a5_customer_day/nonvegan/plots/W8T41JZK0ZMEP.png,Animal
nonvegan,NA,-0.0414127944569519,-0.19923564025,0.129370442,1.03531544430684,96.9030903650341,Restaurant,W8T41JZK0ZMEP,../../model_fits/finalized_redone_trunc_cp/t2_a5_customer_day/nonvegan/plots/W8T41JZK0ZMEP.png,Animal
nonvegan,NA,-0.0668672708695657,-0.264853990575,0.13476885915,1.08367818237863,29.9236795119423,Restaurant,W8T41JZK0ZMEP,../../model_fits/finalized_redone_trunc_cp/t2_a5_customer_day/nonvegan/plots/W8T41JZK0ZMEP.png,Animal
nonvegan,NA,-0.00604908976780567,-0.38694242175,0.3243627105,1.17812669838491,12.6028798807728,Restaurant,W8T41JZK0ZMEP,../../model_fits/finalized_redone_trunc_cp/t2_a5_customer_day/nonvegan/plots/W8T41JZK0ZMEP.png,Animal
nonvegan,NA,-0.0548468473176927,-0.41584490025,0.285616535425,1.15754781454381,13.2657617520448,Restaurant,W8T41JZK0ZMEP,../../model_fits/finalized_redone_trunc_cp/t2_a5_customer_day/nonvegan/plots/W8T41JZK0ZMEP.png,Animal
nonvegan,NA,0.0253926325269317,-0.3155110905,0.39281694696725,1.1569617062192,13.6673324078337,Restaurant,W8T41JZK0ZMEP,../../model_fits/finalized_redone_trunc_cp/t2_a5_customer_day/nonvegan/plots/W8T41JZK0ZMEP.png,Animal
nonvegan,NA,0.0127232595225317,-0.299480968,0.39874228675,1.03572679201842,87.3168887823828,Restaurant,W8T41JZK0ZMEP,../../model_fits/finalized_redone_trunc_cp/t2_a5_customer_day/nonvegan/plots/W8T41JZK0ZMEP.png,Animal
nonvegan,NA,-0.0516730665221835,-0.4142526045,0.3022168286,1.11691541517612,18.6453944543504,Restaurant,W8T41JZK0ZMEP,../../model_fits/finalized_redone_trunc_cp/t2_a5_customer_day/nonvegan/plots/W8T41JZK0ZMEP.png,Animal
nonvegan,NA,0.16004761111968,-0.1988898885,0.640667199675,1.16163978097752,12.801668092933,Restaurant,W8T41JZK0ZMEP,../../model_fits/finalized_redone_trunc_cp/t2_a5_customer_day/nonvegan/plots/W8T41JZK0ZMEP.png,Animal
nonvegan,NA,0.0554717101439783,-0.30357851775,0.403332227,1.09735927055052,20.652723346652,Restaurant,W8T41JZK0ZMEP,../../model_fits/finalized_redone_trunc_cp/t2_a5_customer_day/nonvegan/plots/W8T41JZK0ZMEP.png,Animal
nonvegan,NA,0.157827725937791,-0.1340842655,0.44056126245,1.16453085706436,468.081856070397,Restaurant,W8T41JZK0ZMEP,../../model_fits/finalized_redone_trunc_cp/t2_a5_customer_day/nonvegan/plots/W8T41JZK0ZMEP.png,Animal
nonvegan,NA,-0.060515344953736,-0.319807642425,0.188903656425,1.07127654813649,417.1911175468,Restaurant,W8T41JZK0ZMEP,../../model_fits/finalized_redone_trunc_cp/t2_a5_customer_day/nonvegan/plots/W8T41JZK0ZMEP.png,Animal
nonvegan,NA,-0.0894404596635023,-0.4078651246,0.1854200286,1.02644301211328,624.839415633058,Restaurant,W8T41JZK0ZMEP,../../model_fits/finalized_redone_trunc_cp/t2_a5_customer_day/nonvegan/plots/W8T41JZK0ZMEP.png,Animal
nonvegan,NA,-0.0575444360284033,-0.3719827539,0.2569570535,1.17284654332677,531.518939038077,Restaurant,W8T41JZK0ZMEP,../../model_fits/finalized_redone_trunc_cp/t2_a5_customer_day/nonvegan/plots/W8T41JZK0ZMEP.png,Animal
nonvegan,NA,0.11649044611993,-0.15345966095,0.431983368425,1.13931156184571,14.8770247567941,Restaurant,W8T41JZK0ZMEP,../../model_fits/finalized_redone_trunc_cp/t2_a5_customer_day/nonvegan/plots/W8T41JZK0ZMEP.png,Animal
nonvegan,NA,0.0923745369642873,-0.2151607716,0.42244579395,1.08495792182535,909.530227956986,Restaurant,W8T41JZK0ZMEP,../../model_fits/finalized_redone_trunc_cp/t2_a5_customer_day/nonvegan/plots/W8T41JZK0ZMEP.png,Animal
nonvegan,NA,-0.180152094136659,-0.68323109524,0.2479537555,1.15777104800311,13.2356207068018,Restaurant,W8T41JZK0ZMEP,../../model_fits/finalized_redone_trunc_cp/t2_a5_customer_day/nonvegan/plots/W8T41JZK0ZMEP.png,Animal
nonvegan,NA,-0.1237181802525,-0.500389078,0.2970369975,1.0743616711656,33.0216398904414,Restaurant,W8T41JZK0ZMEP,../../model_fits/finalized_redone_trunc_cp/t2_a5_customer_day/nonvegan/plots/W8T41JZK0ZMEP.png,Animal
meat,NA,-0.0343455940663109,-0.32791223065,0.18526918625,1.01464753179727,308.454858664571,Restaurant,1SQPTEGYPH0GA,../../model_fits/finalized_redone_trunc_cp/t2_a5_customer_day/meat/plots/1SQPTEGYPH0GA.png,Animal
meat,NA,-0.0674578775865367,-0.306418986575,0.1807125875,1.00752010261793,443.143369945592,Restaurant,1SQPTEGYPH0GA,../../model_fits/finalized_redone_trunc_cp/t2_a5_customer_day/meat/plots/1SQPTEGYPH0GA.png,Animal
meat,NA,-0.0478144781114424,-0.299149956375,0.16813920525,1.00369128886084,678.884780686066,Restaurant,1SQPTEGYPH0GA,../../model_fits/finalized_redone_trunc_cp/t2_a5_customer_day/meat/plots/1SQPTEGYPH0GA.png,Animal
meat,NA,0.363234569605439,0.0137199705,0.684020068315,1.00609654845418,535.055064556864,Restaurant,1SQPTEGYPH0GA,../../model_fits/finalized_redone_trunc_cp/t2_a5_customer_day/meat/plots/1SQPTEGYPH0GA.png,Animal
meat,NA,-0.0271848014538309,-0.19926339625,0.1404856525,1.00635264931325,516.764574566273,Restaurant,2HRX9P6HKXA8V,../../model_fits/finalized_redone_trunc_cp/t2_a5_customer_day/meat/plots/2HRX9P6HKXA8V.png,Animal
meat,NA,0.00939644022175567,-0.102320475775,0.11979325845,1.00511955628491,631.817581403202,Restaurant,2HRX9P6HKXA8V,../../model_fits/finalized_redone_trunc_cp/t2_a5_customer_day/meat/plots/2HRX9P6HKXA8V.png,Animal
meat,NA,-0.00327847605678213,-0.211146713925,0.1955816144,1.00023463531568,670.300161399327,Restaurant,2HRX9P6HKXA8V,../../model_fits/finalized_redone_trunc_cp/t2_a5_customer_day/meat/plots/2HRX9P6HKXA8V.png,Animal
meat,NA,0.111061680280073,-0.11827742775,0.333639019675,1.00357113938198,389.577949407162,Restaurant,2HRX9P6HKXA8V,../../model_fits/finalized_redone_trunc_cp/t2_a5_customer_day/meat/plots/2HRX9P6HKXA8V.png,Animal
meat,NA,0.0099795525931,-0.216606321075,0.24802993,1.00900908869217,398.346345459604,Restaurant,78AY09MVJVTYE,../../model_fits/finalized_redone_trunc_cp/t2_a5_customer_day/meat/plots/78AY09MVJVTYE.png,Animal
meat,NA,0.0863933294109703,-0.027370644025,0.20054830375,1.00352245247499,404.061161650486,Restaurant,78AY09MVJVTYE,../../model_fits/finalized_redone_trunc_cp/t2_a5_customer_day/meat/plots/78AY09MVJVTYE.png,Animal
meat,NA,-0.126573669093,-0.41314123,0.154232953875,1.00359300638477,527.791696473845,Restaurant,78AY09MVJVTYE,../../model_fits/finalized_redone_trunc_cp/t2_a5_customer_day/meat/plots/78AY09MVJVTYE.png,Animal
meat,NA,-0.158922652921602,-0.467092041575,0.182962353,1.0036962345671,518.801314117304,Restaurant,78AY09MVJVTYE,../../model_fits/finalized_redone_trunc_cp/t2_a5_customer_day/meat/plots/78AY09MVJVTYE.png,Animal
meat,NA,-0.04077131134532,-0.38934335875,0.259576047,1.00189076996736,649.515584443197,Restaurant,9XKJD8DQTH559,../../model_fits/finalized_redone_trunc_cp/t2_a5_customer_day/meat/plots/9XKJD8DQTH559.png,Animal
meat,NA,0.163233664792268,-0.169566706525,0.59013497925,1.00821445351977,367.54997312728,Restaurant,9XKJD8DQTH559,../../model_fits/finalized_redone_trunc_cp/t2_a5_customer_day/meat/plots/9XKJD8DQTH559.png,Animal
meat,NA,0.0155763379429333,-0.3143101545925,0.359869219,1.00469347816417,963.333059005062,Restaurant,9XKJD8DQTH559,../../model_fits/finalized_redone_trunc_cp/t2_a5_customer_day/meat/plots/9XKJD8DQTH559.png,Animal
meat,NA,0.014806390841156,-0.30033608495,0.32691935775,1.0021522851571,600.078196612081,Restaurant,9XKJD8DQTH559,../../model_fits/finalized_redone_trunc_cp/t2_a5_customer_day/meat/plots/9XKJD8DQTH559.png,Animal
meat,NA,-0.0957832375818493,-0.52607086545,0.3136275045,1.0017484444896,807.05254145378,Restaurant,9XKJD8DQTH559,../../model_fits/finalized_redone_trunc_cp/t2_a5_customer_day/meat/plots/9XKJD8DQTH559.png,Animal
meat,NA,0.310461229726663,-0.5077301955,1.243739053725,1.01099833510517,241.047190307363,Restaurant,9XKJD8DQTH559,../../model_fits/finalized_redone_trunc_cp/t2_a5_customer_day/meat/plots/9XKJD8DQTH559.png,Animal
meat,NA,-0.143139742439486,-0.526087370975,0.241750091825,1.00109277061051,532.579594230597,Restaurant,9XKJD8DQTH559,../../model_fits/finalized_redone_trunc_cp/t2_a5_customer_day/meat/plots/9XKJD8DQTH559.png,Animal
meat,NA,-0.538406970949918,-1.3892798956,0.20265391375,1.00690623256674,273.651370829828,Restaurant,9XKJD8DQTH559,../../model_fits/finalized_redone_trunc_cp/t2_a5_customer_day/meat/plots/9XKJD8DQTH559.png,Animal
meat,NA,0.0333482423697387,-0.24676546215,0.3197035495,1.00609285965051,736.273247748723,Restaurant,C0BE4NDSW26QN,../../model_fits/finalized_redone_trunc_cp/t2_a5_customer_day/meat/plots/C0BE4NDSW26QN.png,Animal
meat,NA,0.0311739120951165,-0.246031129,0.31269840025,1.00384534875558,655.145643506925,Restaurant,C0BE4NDSW26QN,../../model_fits/finalized_redone_trunc_cp/t2_a5_customer_day/meat/plots/C0BE4NDSW26QN.png,Animal
meat,NA,0.04729714152143,-0.151184349,0.281790790375,1.00084522150915,689.089198429926,Restaurant,C0BE4NDSW26QN,../../model_fits/finalized_redone_trunc_cp/t2_a5_customer_day/meat/plots/C0BE4NDSW26QN.png,Animal
meat,NA,-0.023735122561498002,-0.266160380325,0.180024289725,1.00019639668953,603.722835015893,Restaurant,C0BE4NDSW26QN,../../model_fits/finalized_redone_trunc_cp/t2_a5_customer_day/meat/plots/C0BE4NDSW26QN.png,Animal
meat,NA,-0.0718213369101787,-0.50377851525,0.35631068645,1.00657722097391,625.531744104936,Restaurant,C0BE4NDSW26QN,../../model_fits/finalized_redone_trunc_cp/t2_a5_customer_day/meat/plots/C0BE4NDSW26QN.png,Animal
meat,NA,-0.0546197714420233,-0.61939453805,0.481940187025,1.00209527120858,840.223585699747,Restaurant,C0BE4NDSW26QN,../../model_fits/finalized_redone_trunc_cp/t2_a5_customer_day/meat/plots/C0BE4NDSW26QN.png,Animal
meat,NA,-0.059512011792601,-0.48292971505,0.377909918325,1.00695452405379,651.490092342205,Restaurant,C0BE4NDSW26QN,../../model_fits/finalized_redone_trunc_cp/t2_a5_customer_day/meat/plots/C0BE4NDSW26QN.png,Animal
meat,NA,-0.0435104764670693,-0.5758970072475,0.5180579,1.00121921484751,857.68857252635,Restaurant,C0BE4NDSW26QN,../../model_fits/finalized_redone_trunc_cp/t2_a5_customer_day/meat/plots/C0BE4NDSW26QN.png,Animal
meat,NA,0.00670324926882737,-0.07551113795,0.08911173215,1.00241363736743,1117.61328108268,Restaurant,ED5J990H5VAZT,../../model_fits/finalized_redone_trunc_cp/t2_a5_customer_day/meat/plots/ED5J990H5VAZT.png,Animal
meat,NA,0.1322271619857,0.0068585631,0.255579184,1.00166264981037,572.975924860571,Restaurant,ED5J990H5VAZT,../../model_fits/finalized_redone_trunc_cp/t2_a5_customer_day/meat/plots/ED5J990H5VAZT.png,Animal
meat,NA,-0.133908128848067,-0.1943748535,-0.06956146025,1.00091972192567,1646.81147876934,Restaurant,ED5J990H5VAZT,../../model_fits/finalized_redone_trunc_cp/t2_a5_customer_day/meat/plots/ED5J990H5VAZT.png,Animal
meat,NA,-0.0855009777041233,-0.146599063,-0.02260017875,1.00171198725947,1450.48719947854,Restaurant,ED5J990H5VAZT,../../model_fits/finalized_redone_trunc_cp/t2_a5_customer_day/meat/plots/ED5J990H5VAZT.png,Animal
meat,NA,-0.135367581678755,-0.42882674625,0.0680027591750001,1.01183493968581,288.207111585541,Restaurant,EMBVNVD207CC6,../../model_fits/finalized_redone_trunc_cp/t2_a5_customer_day/meat/plots/EMBVNVD207CC6.png,Animal
meat,NA,-0.19821916845808,-0.452745709175,0.0553614222750001,1.01669553593195,418.401438257878,Restaurant,EMBVNVD207CC6,../../model_fits/finalized_redone_trunc_cp/t2_a5_customer_day/meat/plots/EMBVNVD207CC6.png,Animal
meat,NA,0.116241984319013,-0.105297803175,0.35168273525,1.01605658731595,513.550448489831,Restaurant,EMBVNVD207CC6,../../model_fits/finalized_redone_trunc_cp/t2_a5_customer_day/meat/plots/EMBVNVD207CC6.png,Animal
meat,NA,0.10752693046283,-0.2003076585,0.44351733250000003,1.0062922416363,428.019402445863,Restaurant,EMBVNVD207CC6,../../model_fits/finalized_redone_trunc_cp/t2_a5_customer_day/meat/plots/EMBVNVD207CC6.png,Animal
meat,NA,-0.0257261138962953,-0.216960313925,0.148716648575,1.00419159847902,773.660357926624,Restaurant,L69HYJ4Y3TR91,../../model_fits/finalized_redone_trunc_cp/t2_a5_customer_day/meat/plots/L69HYJ4Y3TR91.png,Animal
meat,NA,0.0832986148440677,-0.229326290075,0.4341379885,1.00802403529293,322.554060146491,Restaurant,L69HYJ4Y3TR91,../../model_fits/finalized_redone_trunc_cp/t2_a5_customer_day/meat/plots/L69HYJ4Y3TR91.png,Animal
meat,NA,-0.131563452651702,-0.353161919575,0.0789555561500001,1.00029701185706,986.418115703198,Restaurant,L69HYJ4Y3TR91,../../model_fits/finalized_redone_trunc_cp/t2_a5_customer_day/meat/plots/L69HYJ4Y3TR91.png,Animal
meat,NA,0.0407992476436477,-0.151603901125,0.238071243375,1.00047215883068,1076.31176134855,Restaurant,L69HYJ4Y3TR91,../../model_fits/finalized_redone_trunc_cp/t2_a5_customer_day/meat/plots/L69HYJ4Y3TR91.png,Animal
meat,NA,-0.072216174447996,-0.2892163105,0.12981842062499999,1.03333773834261,146.830202115943,Restaurant,LBZEEFSBJNB3Z,../../model_fits/finalized_redone_trunc_cp/t2_a5_customer_day/meat/plots/LBZEEFSBJNB3Z.png,Animal
meat,NA,-0.0738363836729247,-0.353439021,0.186921321,1.03576082131522,132.457742767356,Restaurant,LBZEEFSBJNB3Z,../../model_fits/finalized_redone_trunc_cp/t2_a5_customer_day/meat/plots/LBZEEFSBJNB3Z.png,Animal
meat,NA,0.0246123930915567,-0.174492718825,0.2340441435,1.00044399399226,615.367797626036,Restaurant,LBZEEFSBJNB3Z,../../model_fits/finalized_redone_trunc_cp/t2_a5_customer_day/meat/plots/LBZEEFSBJNB3Z.png,Animal
meat,NA,-0.15478906136824,-0.324928253025,0.00162974560000001,1.00012190193116,784.547754274461,Restaurant,LBZEEFSBJNB3Z,../../model_fits/finalized_redone_trunc_cp/t2_a5_customer_day/meat/plots/LBZEEFSBJNB3Z.png,Animal
meat,NA,-0.0322670977734543,-0.314827575,0.2386785056,1.01251958030756,404.761381186361,Restaurant,LQ5EH4BKGV61T,../../model_fits/finalized_redone_trunc_cp/t2_a5_customer_day/meat/plots/LQ5EH4BKGV61T.png,Animal
meat,NA,0.0161591086598807,-0.35309175925,0.356510116125,1.01018964304753,447.30609881171,Restaurant,LQ5EH4BKGV61T,../../model_fits/finalized_redone_trunc_cp/t2_a5_customer_day/meat/plots/LQ5EH4BKGV61T.png,Animal
meat,NA,-0.0336240047547883,-0.4169393695,0.35675607775,1.00408827226126,762.347999641496,Restaurant,LQ5EH4BKGV61T,../../model_fits/finalized_redone_trunc_cp/t2_a5_customer_day/meat/plots/LQ5EH4BKGV61T.png,Animal
meat,NA,0.00709142829927067,-0.5062693675,0.556992537750001,1.0059986084151,565.190216497657,Restaurant,LQ5EH4BKGV61T,../../model_fits/finalized_redone_trunc_cp/t2_a5_customer_day/meat/plots/LQ5EH4BKGV61T.png,Animal
meat,NA,0.0083855313153043,-0.23448438325,0.258038414625,1.00912791133145,393.799788232593,Restaurant,S8MT0YGD2KTN9,../../model_fits/finalized_redone_trunc_cp/t2_a5_customer_day/meat/plots/S8MT0YGD2KTN9.png,Animal
meat,NA,0.0451025040836817,-0.12737309585,0.2191106365,1.01143217316688,404.307707115606,Restaurant,S8MT0YGD2KTN9,../../model_fits/finalized_redone_trunc_cp/t2_a5_customer_day/meat/plots/S8MT0YGD2KTN9.png,Animal
meat,NA,0.0335090144776973,-0.17228960205,0.252703027,1.00045444590148,656.619836557139,Restaurant,S8MT0YGD2KTN9,../../model_fits/finalized_redone_trunc_cp/t2_a5_customer_day/meat/plots/S8MT0YGD2KTN9.png,Animal
meat,NA,-0.0231147772421573,-0.29247825725,0.231291426725,1.00328161573979,538.248469823777,Restaurant,S8MT0YGD2KTN9,../../model_fits/finalized_redone_trunc_cp/t2_a5_customer_day/meat/plots/S8MT0YGD2KTN9.png,Animal
meat,NA,0.0228929969491973,-0.151406101925,0.2178817425,1.02270497385145,250.93509861943,Restaurant,SAFK7ND1HR6XS,../../model_fits/finalized_redone_trunc_cp/t2_a5_customer_day/meat/plots/SAFK7ND1HR6XS.png,Animal
meat,NA,0.0370358769721823,-0.271654852575,0.3698626145,1.00519124446811,539.450381385389,Restaurant,SAFK7ND1HR6XS,../../model_fits/finalized_redone_trunc_cp/t2_a5_customer_day/meat/plots/SAFK7ND1HR6XS.png,Animal
meat,NA,-0.0493369626478406,-0.261242804375,0.157203784775,1.00364606775459,750.687928796761,Restaurant,SAFK7ND1HR6XS,../../model_fits/finalized_redone_trunc_cp/t2_a5_customer_day/meat/plots/SAFK7ND1HR6XS.png,Animal
meat,NA,-0.0240094095125317,-0.250842037675,0.21527408025,1.00389898371362,834.071064530146,Restaurant,SAFK7ND1HR6XS,../../model_fits/finalized_redone_trunc_cp/t2_a5_customer_day/meat/plots/SAFK7ND1HR6XS.png,Animal
meat,NA,-0.00582788000778833,-0.158042976025,0.1465064661,1.0041936088073,626.569864663055,Restaurant,SRQS8F7JWA9MZ,../../model_fits/finalized_redone_trunc_cp/t2_a5_customer_day/meat/plots/SRQS8F7JWA9MZ.png,Animal
meat,NA,-0.0625731590880437,-0.20817152375,0.0905184866250001,1.00315207773088,716.67878192989,Restaurant,SRQS8F7JWA9MZ,../../model_fits/finalized_redone_trunc_cp/t2_a5_customer_day/meat/plots/SRQS8F7JWA9MZ.png,Animal
meat,NA,0.0304393466266327,-0.2589103615,0.307862336275,1.00207393483715,767.822396166301,Restaurant,SRQS8F7JWA9MZ,../../model_fits/finalized_redone_trunc_cp/t2_a5_customer_day/meat/plots/SRQS8F7JWA9MZ.png,Animal
meat,NA,0.0421534519848597,-0.22379275185,0.3413906165,1.00210597827666,604.590446179042,Restaurant,SRQS8F7JWA9MZ,../../model_fits/finalized_redone_trunc_cp/t2_a5_customer_day/meat/plots/SRQS8F7JWA9MZ.png,Animal
meat,NA,-0.0637474566626715,-0.283638817205,0.155137841725,1.00031397261334,795.438934661137,Restaurant,SRQS8F7JWA9MZ,../../model_fits/finalized_redone_trunc_cp/t2_a5_customer_day/meat/plots/SRQS8F7JWA9MZ.png,Animal
meat,NA,0.100625851010205,-0.084181399825,0.3066283239,1.00673464364418,713.581430734662,Restaurant,SRQS8F7JWA9MZ,../../model_fits/finalized_redone_trunc_cp/t2_a5_customer_day/meat/plots/SRQS8F7JWA9MZ.png,Animal
meat,NA,0.046137141492533,-0.17433196025,0.275935965375,1.0005808694008,855.143204457459,Restaurant,SRQS8F7JWA9MZ,../../model_fits/finalized_redone_trunc_cp/t2_a5_customer_day/meat/plots/SRQS8F7JWA9MZ.png,Animal
meat,NA,-0.0593933654907203,-0.272940254025,0.12943403755,1.00820547328873,682.83027672334,Restaurant,SRQS8F7JWA9MZ,../../model_fits/finalized_redone_trunc_cp/t2_a5_customer_day/meat/plots/SRQS8F7JWA9MZ.png,Animal
meat,NA,0.0438424778192963,-0.14396135675,0.27642941,1.00233576359239,590.543778061844,Restaurant,V3Q26BHF3SE2H,../../model_fits/finalized_redone_trunc_cp/t2_a5_customer_day/meat/plots/V3Q26BHF3SE2H.png,Animal
meat,NA,-0.111332694657841,-0.33944649125,0.068738689775,1.0022066119168,520.865574387024,Restaurant,V3Q26BHF3SE2H,../../model_fits/finalized_redone_trunc_cp/t2_a5_customer_day/meat/plots/V3Q26BHF3SE2H.png,Animal
meat,NA,0.029131557928727,-0.1430245467225,0.2052309735,1.00349803560634,832.145251044591,Restaurant,V3Q26BHF3SE2H,../../model_fits/finalized_redone_trunc_cp/t2_a5_customer_day/meat/plots/V3Q26BHF3SE2H.png,Animal
meat,NA,-0.09878674810178,-0.3054046945,0.0841079543500001,1.0081716161982,363.945746803115,Restaurant,V3Q26BHF3SE2H,../../model_fits/finalized_redone_trunc_cp/t2_a5_customer_day/meat/plots/V3Q26BHF3SE2H.png,Animal
meat,NA,0.0823763541237386,-0.25560854305,0.461102862825,1.00190855765203,754.616990078587,Restaurant,V3Q26BHF3SE2H,../../model_fits/finalized_redone_trunc_cp/t2_a5_customer_day/meat/plots/V3Q26BHF3SE2H.png,Animal
meat,NA,0.0819319973478161,-0.256886643725,0.4716385795,1.00211444815091,762.084842592388,Restaurant,V3Q26BHF3SE2H,../../model_fits/finalized_redone_trunc_cp/t2_a5_customer_day/meat/plots/V3Q26BHF3SE2H.png,Animal
meat,NA,0.0353427872128,-0.39601802425,0.363908529,1.01125438787868,448.26173529108,Restaurant,V3Q26BHF3SE2H,../../model_fits/finalized_redone_trunc_cp/t2_a5_customer_day/meat/plots/V3Q26BHF3SE2H.png,Animal
meat,NA,0.043995253583065,-0.302795113425,0.3703309880475,1.00169708703948,1148.33509581883,Restaurant,V3Q26BHF3SE2H,../../model_fits/finalized_redone_trunc_cp/t2_a5_customer_day/meat/plots/V3Q26BHF3SE2H.png,Animal
meat,NA,0.133477623237145,-0.208871192825,0.4993292,1.00126145665693,581.176786191153,Restaurant,V3Q26BHF3SE2H,../../model_fits/finalized_redone_trunc_cp/t2_a5_customer_day/meat/plots/V3Q26BHF3SE2H.png,Animal
meat,NA,0.157269792029335,-0.1863070895,0.527079197235,1.00419029964348,452.665212911839,Restaurant,V3Q26BHF3SE2H,../../model_fits/finalized_redone_trunc_cp/t2_a5_customer_day/meat/plots/V3Q26BHF3SE2H.png,Animal
meat,NA,-0.112845799060403,-0.4392480895,0.1953824358,1.00316197745366,722.046567219983,Restaurant,V3Q26BHF3SE2H,../../model_fits/finalized_redone_trunc_cp/t2_a5_customer_day/meat/plots/V3Q26BHF3SE2H.png,Animal
meat,NA,-0.0557450105899903,-0.36341865035,0.2419892289975,1.00396338446589,741.731769974377,Restaurant,V3Q26BHF3SE2H,../../model_fits/finalized_redone_trunc_cp/t2_a5_customer_day/meat/plots/V3Q26BHF3SE2H.png,Animal
meat,NA,-0.107657221038902,-0.34792060225,0.125176598525,1.00214822441972,783.954909591155,Restaurant,V3Q26BHF3SE2H,../../model_fits/finalized_redone_trunc_cp/t2_a5_customer_day/meat/plots/V3Q26BHF3SE2H.png,Animal
meat,NA,-0.0815194043371651,-0.286457694275,0.1325782842,1.00125680611882,736.525989822892,Restaurant,V3Q26BHF3SE2H,../../model_fits/finalized_redone_trunc_cp/t2_a5_customer_day/meat/plots/V3Q26BHF3SE2H.png,Animal
meat,NA,0.05865437084704,-0.20358101975,0.327184304,1.00994840124581,682.716601547652,Restaurant,V3Q26BHF3SE2H,../../model_fits/finalized_redone_trunc_cp/t2_a5_customer_day/meat/plots/V3Q26BHF3SE2H.png,Animal
meat,NA,-0.161271000775251,-0.411668804775,0.07643287635,1.00862455741089,680.559007434409,Restaurant,V3Q26BHF3SE2H,../../model_fits/finalized_redone_trunc_cp/t2_a5_customer_day/meat/plots/V3Q26BHF3SE2H.png,Animal
meat,NA,0.0561946330713593,-0.113026677,0.26317050575,1.00607477040969,614.502514450108,Restaurant,W8T41JZK0ZMEP,../../model_fits/finalized_redone_trunc_cp/t2_a5_customer_day/meat/plots/W8T41JZK0ZMEP.png,Animal
meat,NA,-0.209098290439707,-0.38560705575,-0.0573763746574998,1.00443953232833,551.58352957339,Restaurant,W8T41JZK0ZMEP,../../model_fits/finalized_redone_trunc_cp/t2_a5_customer_day/meat/plots/W8T41JZK0ZMEP.png,Animal
meat,NA,-0.0422473549449347,-0.206104003975,0.11412280650000001,1.00746435596093,557.654970732373,Restaurant,W8T41JZK0ZMEP,../../model_fits/finalized_redone_trunc_cp/t2_a5_customer_day/meat/plots/W8T41JZK0ZMEP.png,Animal
meat,NA,-0.0807587458208083,-0.25291272925,0.081390408505,1.00306001156101,787.934490174803,Restaurant,W8T41JZK0ZMEP,../../model_fits/finalized_redone_trunc_cp/t2_a5_customer_day/meat/plots/W8T41JZK0ZMEP.png,Animal
meat,NA,-0.124586552124662,-0.323181186,0.0644236077500001,1.00263176359205,531.495925932021,Restaurant,W8T41JZK0ZMEP,../../model_fits/finalized_redone_trunc_cp/t2_a5_customer_day/meat/plots/W8T41JZK0ZMEP.png,Animal
meat,NA,-0.023054028596722,-0.41319201925,0.314701691125,1.0048901759767,828.991893001191,Restaurant,W8T41JZK0ZMEP,../../model_fits/finalized_redone_trunc_cp/t2_a5_customer_day/meat/plots/W8T41JZK0ZMEP.png,Animal
meat,NA,-0.00764515980853533,-0.3789455152225,0.41957058325,1.00485281538313,592.198183428017,Restaurant,W8T41JZK0ZMEP,../../model_fits/finalized_redone_trunc_cp/t2_a5_customer_day/meat/plots/W8T41JZK0ZMEP.png,Animal
meat,NA,0.0348078290049837,-0.28231553905,0.41662058546,1.00170038663897,613.20648018151,Restaurant,W8T41JZK0ZMEP,../../model_fits/finalized_redone_trunc_cp/t2_a5_customer_day/meat/plots/W8T41JZK0ZMEP.png,Animal
meat,NA,0.002249504655924,-0.362540174525,0.3885484806,1.00119606057148,817.354458858018,Restaurant,W8T41JZK0ZMEP,../../model_fits/finalized_redone_trunc_cp/t2_a5_customer_day/meat/plots/W8T41JZK0ZMEP.png,Animal
meat,NA,-0.0341885578155069,-0.462623056725,0.2971900732525,1.00197852844508,683.296169109437,Restaurant,W8T41JZK0ZMEP,../../model_fits/finalized_redone_trunc_cp/t2_a5_customer_day/meat/plots/W8T41JZK0ZMEP.png,Animal
meat,NA,0.224017393917192,-0.13153038456,0.699958181375,1.00410987397963,835.520486547739,Restaurant,W8T41JZK0ZMEP,../../model_fits/finalized_redone_trunc_cp/t2_a5_customer_day/meat/plots/W8T41JZK0ZMEP.png,Animal
meat,NA,0.00659051417230967,-0.299627885025,0.2989551312075,1.0033188163406,652.230230634624,Restaurant,W8T41JZK0ZMEP,../../model_fits/finalized_redone_trunc_cp/t2_a5_customer_day/meat/plots/W8T41JZK0ZMEP.png,Animal
meat,NA,0.0606179026045333,-0.21725925075,0.340283392925,1.00544025606155,636.650884502874,Restaurant,W8T41JZK0ZMEP,../../model_fits/finalized_redone_trunc_cp/t2_a5_customer_day/meat/plots/W8T41JZK0ZMEP.png,Animal
meat,NA,-0.0448956427479334,-0.2815511953975,0.17776216826,1.00684399361836,799.695056884024,Restaurant,W8T41JZK0ZMEP,../../model_fits/finalized_redone_trunc_cp/t2_a5_customer_day/meat/plots/W8T41JZK0ZMEP.png,Animal
meat,NA,0.10275617958374,-0.2224872282,0.4117089785,1.00460207896374,657.38835453762,Restaurant,W8T41JZK0ZMEP,../../model_fits/finalized_redone_trunc_cp/t2_a5_customer_day/meat/plots/W8T41JZK0ZMEP.png,Animal
meat,NA,-0.064286687893821,-0.351445712175,0.192070344205,1.00965047506028,829.831559903223,Restaurant,W8T41JZK0ZMEP,../../model_fits/finalized_redone_trunc_cp/t2_a5_customer_day/meat/plots/W8T41JZK0ZMEP.png,Animal
meat,NA,0.185366837361327,-0.110352793425,0.4908401415,1.00301401058103,793.506243874535,Restaurant,W8T41JZK0ZMEP,../../model_fits/finalized_redone_trunc_cp/t2_a5_customer_day/meat/plots/W8T41JZK0ZMEP.png,Animal
meat,NA,0.123711221486329,-0.1516251484525,0.4396147007,1.00765952706053,575.097629780479,Restaurant,W8T41JZK0ZMEP,../../model_fits/finalized_redone_trunc_cp/t2_a5_customer_day/meat/plots/W8T41JZK0ZMEP.png,Animal
meat,NA,-0.253619166626072,-0.76567586745,0.1424177705,1.00160113825462,771.505568637615,Restaurant,W8T41JZK0ZMEP,../../model_fits/finalized_redone_trunc_cp/t2_a5_customer_day/meat/plots/W8T41JZK0ZMEP.png,Animal
meat,NA,0.0939003187573177,-0.21996565925,0.4314935882325,1.00191646779822,648.151854061614,Restaurant,W8T41JZK0ZMEP,../../model_fits/finalized_redone_trunc_cp/t2_a5_customer_day/meat/plots/W8T41JZK0ZMEP.png,Animal
chicken_fish,NA,-0.0722728854640667,-0.420979344,0.17786049625,2.81294159553165,3.48776958285154,Restaurant,1SQPTEGYPH0GA,../../model_fits/finalized_redone_trunc_cp/t2_a5_customer_day/chicken_fish/plots/1SQPTEGYPH0GA.png,Animal
chicken_fish,NA,-0.184384825800767,-0.43636673715,0.0619703456000001,2.66651052185841,3.555800063652,Restaurant,1SQPTEGYPH0GA,../../model_fits/finalized_redone_trunc_cp/t2_a5_customer_day/chicken_fish/plots/1SQPTEGYPH0GA.png,Animal
chicken_fish,NA,-0.146791988479967,-0.383554249775,0.04377291125,2.43255543549606,3.66659122636409,Restaurant,1SQPTEGYPH0GA,../../model_fits/finalized_redone_trunc_cp/t2_a5_customer_day/chicken_fish/plots/1SQPTEGYPH0GA.png,Animal
chicken_fish,NA,0.393415181613,0.07786483275,0.699476377625,2.66635471677612,3.53347806461862,Restaurant,1SQPTEGYPH0GA,../../model_fits/finalized_redone_trunc_cp/t2_a5_customer_day/chicken_fish/plots/1SQPTEGYPH0GA.png,Animal
chicken_fish,NA,0.0461176104243333,-0.102225991675,0.199105584,2.9690371927502,3.44546307826371,Restaurant,2HRX9P6HKXA8V,../../model_fits/finalized_redone_trunc_cp/t2_a5_customer_day/chicken_fish/plots/2HRX9P6HKXA8V.png,Animal
chicken_fish,NA,0.0185630344317007,-0.18137017375,0.241582407,2.52570874524798,3.63611960859468,Restaurant,2HRX9P6HKXA8V,../../model_fits/finalized_redone_trunc_cp/t2_a5_customer_day/chicken_fish/plots/2HRX9P6HKXA8V.png,Animal
chicken_fish,NA,-0.0645546801175167,-0.2360769755,0.0924456109000001,2.62622697488817,3.56757181353943,Restaurant,2HRX9P6HKXA8V,../../model_fits/finalized_redone_trunc_cp/t2_a5_customer_day/chicken_fish/plots/2HRX9P6HKXA8V.png,Animal
chicken_fish,NA,0.204947420396333,0.0137899383,0.4021599452,3.10283827045774,3.39828231461328,Restaurant,2HRX9P6HKXA8V,../../model_fits/finalized_redone_trunc_cp/t2_a5_customer_day/chicken_fish/plots/2HRX9P6HKXA8V.png,Animal
chicken_fish,NA,-0.0120299491154333,-0.204999362025,0.13683869815,2.82508422684668,3.48449887173363,Restaurant,78AY09MVJVTYE,../../model_fits/finalized_redone_trunc_cp/t2_a5_customer_day/chicken_fish/plots/78AY09MVJVTYE.png,Animal
chicken_fish,NA,0.0222442919277041,-0.0714925327173,0.1186750616,2.38633352145802,3.71281534749932,Restaurant,78AY09MVJVTYE,../../model_fits/finalized_redone_trunc_cp/t2_a5_customer_day/chicken_fish/plots/78AY09MVJVTYE.png,Animal
chicken_fish,NA,0.0905784235019,-0.0911767027,0.3079062545025,2.53211285603905,3.59353293747868,Restaurant,78AY09MVJVTYE,../../model_fits/finalized_redone_trunc_cp/t2_a5_customer_day/chicken_fish/plots/78AY09MVJVTYE.png,Animal
chicken_fish,NA,-0.323872872777333,-0.581051827125,-0.0759509945249999,2.70417343134645,3.51605235506456,Restaurant,78AY09MVJVTYE,../../model_fits/finalized_redone_trunc_cp/t2_a5_customer_day/chicken_fish/plots/78AY09MVJVTYE.png,Animal
chicken_fish,NA,-0.00375945747657,-0.216448558425,0.200967956475,3.05953131401634,3.40161388468909,Restaurant,9XKJD8DQTH559,../../model_fits/finalized_redone_trunc_cp/t2_a5_customer_day/chicken_fish/plots/9XKJD8DQTH559.png,Animal
chicken_fish,NA,-0.0775443943272,-0.29974091725,0.089072623225,2.84292911779509,3.46817933885986,Restaurant,9XKJD8DQTH559,../../model_fits/finalized_redone_trunc_cp/t2_a5_customer_day/chicken_fish/plots/9XKJD8DQTH559.png,Animal
chicken_fish,NA,-0.0176177125537667,-0.315694976425,0.30536771125,2.49854069046921,3.64976405147377,Restaurant,9XKJD8DQTH559,../../model_fits/finalized_redone_trunc_cp/t2_a5_customer_day/chicken_fish/plots/9XKJD8DQTH559.png,Animal
chicken_fish,NA,0.0302618952086667,-0.2852361606,0.370581952,2.72680707994228,3.51221481400741,Restaurant,9XKJD8DQTH559,../../model_fits/finalized_redone_trunc_cp/t2_a5_customer_day/chicken_fish/plots/9XKJD8DQTH559.png,Animal
chicken_fish,NA,-0.135861532679,-0.62271526475,0.31812495575,3.03971606852301,3.40215482829503,Restaurant,9XKJD8DQTH559,../../model_fits/finalized_redone_trunc_cp/t2_a5_customer_day/chicken_fish/plots/9XKJD8DQTH559.png,Animal
chicken_fish,NA,0.516707614168,-0.1775645475,1.40195572775,2.78393786457187,3.49970813525916,Restaurant,9XKJD8DQTH559,../../model_fits/finalized_redone_trunc_cp/t2_a5_customer_day/chicken_fish/plots/9XKJD8DQTH559.png,Animal
chicken_fish,NA,-0.2619203653656,-0.58373854,0.0597149847500002,2.64410929122976,3.54595278896207,Restaurant,9XKJD8DQTH559,../../model_fits/finalized_redone_trunc_cp/t2_a5_customer_day/chicken_fish/plots/9XKJD8DQTH559.png,Animal
chicken_fish,NA,-0.6229364058022,-1.492672034,0.0996645307500002,2.66967405600425,3.53915076148115,Restaurant,9XKJD8DQTH559,../../model_fits/finalized_redone_trunc_cp/t2_a5_customer_day/chicken_fish/plots/9XKJD8DQTH559.png,Animal
chicken_fish,NA,-0.0615919376076833,-0.2481616245,0.1288413042105,2.63396902296153,3.57702925495302,Restaurant,C0BE4NDSW26QN,../../model_fits/finalized_redone_trunc_cp/t2_a5_customer_day/chicken_fish/plots/C0BE4NDSW26QN.png,Animal
chicken_fish,NA,0.0607578213045645,-0.10326031935,0.221899545675,2.94064491159649,3.46726129915365,Restaurant,C0BE4NDSW26QN,../../model_fits/finalized_redone_trunc_cp/t2_a5_customer_day/chicken_fish/plots/C0BE4NDSW26QN.png,Animal
chicken_fish,NA,0.0161274535272033,-0.2291704565,0.234635168675,2.37677451001624,3.73940048605651,Restaurant,C0BE4NDSW26QN,../../model_fits/finalized_redone_trunc_cp/t2_a5_customer_day/chicken_fish/plots/C0BE4NDSW26QN.png,Animal
chicken_fish,NA,0.0795624875656667,-0.13095508855,0.2324884935,2.75048691390865,3.52401162630815,Restaurant,C0BE4NDSW26QN,../../model_fits/finalized_redone_trunc_cp/t2_a5_customer_day/chicken_fish/plots/C0BE4NDSW26QN.png,Animal
chicken_fish,NA,-0.0302664360953333,-0.4831504875,0.394868296,2.49447170169785,3.61283703693048,Restaurant,C0BE4NDSW26QN,../../model_fits/finalized_redone_trunc_cp/t2_a5_customer_day/chicken_fish/plots/C0BE4NDSW26QN.png,Animal
chicken_fish,NA,-0.0871348055621667,-0.6541313315,0.43145654025,3.58946561843072,3.3287984955137,Restaurant,C0BE4NDSW26QN,../../model_fits/finalized_redone_trunc_cp/t2_a5_customer_day/chicken_fish/plots/C0BE4NDSW26QN.png,Animal
chicken_fish,NA,-0.0823848685493333,-0.458869789775,0.3037167948,2.74043875049562,3.51823352000009,Restaurant,C0BE4NDSW26QN,../../model_fits/finalized_redone_trunc_cp/t2_a5_customer_day/chicken_fish/plots/C0BE4NDSW26QN.png,Animal
chicken_fish,NA,-0.113264180261133,-0.6298943421275,0.4416907457,2.61894661298505,3.55649029306688,Restaurant,C0BE4NDSW26QN,../../model_fits/finalized_redone_trunc_cp/t2_a5_customer_day/chicken_fish/plots/C0BE4NDSW26QN.png,Animal
chicken_fish,NA,0.04901573371562,-0.06562969345,0.184084254,2.92497463853268,3.43892020337332,Restaurant,ED5J990H5VAZT,../../model_fits/finalized_redone_trunc_cp/t2_a5_customer_day/chicken_fish/plots/ED5J990H5VAZT.png,Animal
chicken_fish,NA,0.00648615227756667,-0.112763483375,0.11599822715,2.52150506614818,3.63241952688167,Restaurant,ED5J990H5VAZT,../../model_fits/finalized_redone_trunc_cp/t2_a5_customer_day/chicken_fish/plots/ED5J990H5VAZT.png,Animal
chicken_fish,NA,-0.00529490673226667,-0.066057154825,0.0590332927225,2.46925747863183,3.68710129642216,Restaurant,ED5J990H5VAZT,../../model_fits/finalized_redone_trunc_cp/t2_a5_customer_day/chicken_fish/plots/ED5J990H5VAZT.png,Animal
chicken_fish,NA,-0.0486772384469333,-0.10566964855,0.00222820607,2.69013975360001,3.53840447164473,Restaurant,ED5J990H5VAZT,../../model_fits/finalized_redone_trunc_cp/t2_a5_customer_day/chicken_fish/plots/ED5J990H5VAZT.png,Animal
chicken_fish,NA,-0.0736020729195,-0.325797647,0.094604521075,2.67109501654628,3.62540908634698,Restaurant,EMBVNVD207CC6,../../model_fits/finalized_redone_trunc_cp/t2_a5_customer_day/chicken_fish/plots/EMBVNVD207CC6.png,Animal
chicken_fish,NA,-0.319378626280333,-0.6470593005,-0.0189095673,2.79517937046726,3.50560316666002,Restaurant,EMBVNVD207CC6,../../model_fits/finalized_redone_trunc_cp/t2_a5_customer_day/chicken_fish/plots/EMBVNVD207CC6.png,Animal
chicken_fish,NA,0.0259452341696,-0.1678584848875,0.22477041275,2.75543628141766,3.51551595584703,Restaurant,EMBVNVD207CC6,../../model_fits/finalized_redone_trunc_cp/t2_a5_customer_day/chicken_fish/plots/EMBVNVD207CC6.png,Animal
chicken_fish,NA,0.0655042319553333,-0.28871402825,0.48665036,2.58520277413406,3.58204983689593,Restaurant,EMBVNVD207CC6,../../model_fits/finalized_redone_trunc_cp/t2_a5_customer_day/chicken_fish/plots/EMBVNVD207CC6.png,Animal
chicken_fish,NA,0.0390794427826667,-0.23459840125,0.2696021245,2.65574349544428,3.57033917176383,Restaurant,L69HYJ4Y3TR91,../../model_fits/finalized_redone_trunc_cp/t2_a5_customer_day/chicken_fish/plots/L69HYJ4Y3TR91.png,Animal
chicken_fish,NA,-0.141668040179433,-0.5177365235,0.271297125,2.70410336923932,3.55901236429596,Restaurant,L69HYJ4Y3TR91,../../model_fits/finalized_redone_trunc_cp/t2_a5_customer_day/chicken_fish/plots/L69HYJ4Y3TR91.png,Animal
chicken_fish,NA,-0.156999979961167,-0.431028833375,0.10457035725,2.64000135539843,3.57314090639302,Restaurant,L69HYJ4Y3TR91,../../model_fits/finalized_redone_trunc_cp/t2_a5_customer_day/chicken_fish/plots/L69HYJ4Y3TR91.png,Animal
chicken_fish,NA,-0.0797199359042333,-0.27033985475,0.106113834775,2.75434256941271,3.52020801961382,Restaurant,L69HYJ4Y3TR91,../../model_fits/finalized_redone_trunc_cp/t2_a5_customer_day/chicken_fish/plots/L69HYJ4Y3TR91.png,Animal
chicken_fish,NA,0.126948499197167,-0.093159970375,0.364489066,2.70703913129633,3.54257273201039,Restaurant,LBZEEFSBJNB3Z,../../model_fits/finalized_redone_trunc_cp/t2_a5_customer_day/chicken_fish/plots/LBZEEFSBJNB3Z.png,Animal
chicken_fish,NA,0.0692693829442333,-0.125408876225,0.31555864045,2.54054783290129,3.62292501942978,Restaurant,LBZEEFSBJNB3Z,../../model_fits/finalized_redone_trunc_cp/t2_a5_customer_day/chicken_fish/plots/LBZEEFSBJNB3Z.png,Animal
chicken_fish,NA,0.103411314612333,-0.137689879,0.3172730009,2.80172759881668,3.49053082470428,Restaurant,LBZEEFSBJNB3Z,../../model_fits/finalized_redone_trunc_cp/t2_a5_customer_day/chicken_fish/plots/LBZEEFSBJNB3Z.png,Animal
chicken_fish,NA,-0.128423684691667,-0.477287227,0.15771248075,2.51303618848854,3.66708320035601,Restaurant,LBZEEFSBJNB3Z,../../model_fits/finalized_redone_trunc_cp/t2_a5_customer_day/chicken_fish/plots/LBZEEFSBJNB3Z.png,Animal
chicken_fish,NA,-0.0637079040813333,-0.251342786,0.169726587925,2.67773316394477,3.59343784752848,Restaurant,LQ5EH4BKGV61T,../../model_fits/finalized_redone_trunc_cp/t2_a5_customer_day/chicken_fish/plots/LQ5EH4BKGV61T.png,Animal
chicken_fish,NA,0.1140349245356,-0.259894807125,0.465079044,2.71627882814016,3.53598902896284,Restaurant,LQ5EH4BKGV61T,../../model_fits/finalized_redone_trunc_cp/t2_a5_customer_day/chicken_fish/plots/LQ5EH4BKGV61T.png,Animal
chicken_fish,NA,0.0014261651866,-0.369685224,0.33924386005,2.70048081853211,3.53820454039257,Restaurant,LQ5EH4BKGV61T,../../model_fits/finalized_redone_trunc_cp/t2_a5_customer_day/chicken_fish/plots/LQ5EH4BKGV61T.png,Animal
chicken_fish,NA,-0.0059096382495,-0.5335230125,0.57419701275,2.47585830927874,3.64621273777833,Restaurant,LQ5EH4BKGV61T,../../model_fits/finalized_redone_trunc_cp/t2_a5_customer_day/chicken_fish/plots/LQ5EH4BKGV61T.png,Animal
chicken_fish,NA,0.153148711416133,-0.081760475825,0.4517253435,2.70582771109051,3.53545619517547,Restaurant,S8MT0YGD2KTN9,../../model_fits/finalized_redone_trunc_cp/t2_a5_customer_day/chicken_fish/plots/S8MT0YGD2KTN9.png,Animal
chicken_fish,NA,0.0850367412033,-0.11281688655,0.374833462,2.43419032004339,3.71057635927445,Restaurant,S8MT0YGD2KTN9,../../model_fits/finalized_redone_trunc_cp/t2_a5_customer_day/chicken_fish/plots/S8MT0YGD2KTN9.png,Animal
chicken_fish,NA,0.0444476111502667,-0.11842595215,0.22117342395,2.85852572501544,3.47516584385869,Restaurant,S8MT0YGD2KTN9,../../model_fits/finalized_redone_trunc_cp/t2_a5_customer_day/chicken_fish/plots/S8MT0YGD2KTN9.png,Animal
chicken_fish,NA,-0.0849524255055333,-0.32600410375,0.16352796945,2.90843943951634,3.44933802731928,Restaurant,S8MT0YGD2KTN9,../../model_fits/finalized_redone_trunc_cp/t2_a5_customer_day/chicken_fish/plots/S8MT0YGD2KTN9.png,Animal
chicken_fish,NA,0.0752343772726133,-0.084399125925,0.25361531925,2.79702774986675,3.51023353174351,Restaurant,SAFK7ND1HR6XS,../../model_fits/finalized_redone_trunc_cp/t2_a5_customer_day/chicken_fish/plots/SAFK7ND1HR6XS.png,Animal
chicken_fish,NA,-0.0226175584084333,-0.34957323425,0.29634294125,2.38583907354382,3.71805233783736,Restaurant,SAFK7ND1HR6XS,../../model_fits/finalized_redone_trunc_cp/t2_a5_customer_day/chicken_fish/plots/SAFK7ND1HR6XS.png,Animal
chicken_fish,NA,0.0689393190571333,-0.113594593075,0.239136453,2.52631816820587,3.59734635409731,Restaurant,SAFK7ND1HR6XS,../../model_fits/finalized_redone_trunc_cp/t2_a5_customer_day/chicken_fish/plots/SAFK7ND1HR6XS.png,Animal
chicken_fish,NA,-0.0911399462197667,-0.2899487415,0.112992338975,2.68094310855386,3.55474858050392,Restaurant,SAFK7ND1HR6XS,../../model_fits/finalized_redone_trunc_cp/t2_a5_customer_day/chicken_fish/plots/SAFK7ND1HR6XS.png,Animal
chicken_fish,NA,0.0047722633928448,-0.08175321684095,0.090477811414,2.30878593385429,3.82017114069191,Restaurant,SRQS8F7JWA9MZ,../../model_fits/finalized_redone_trunc_cp/t2_a5_customer_day/chicken_fish/plots/SRQS8F7JWA9MZ.png,Animal
chicken_fish,NA,0.0101595602066688,-0.07577583850685,0.10237964897765,1.89476264366926,4.48106197890072,Restaurant,SRQS8F7JWA9MZ,../../model_fits/finalized_redone_trunc_cp/t2_a5_customer_day/chicken_fish/plots/SRQS8F7JWA9MZ.png,Animal
chicken_fish,NA,0.0797252904988083,-0.0963351017335,0.28677574688175,2.35010681008276,3.92525264173639,Restaurant,SRQS8F7JWA9MZ,../../model_fits/finalized_redone_trunc_cp/t2_a5_customer_day/chicken_fish/plots/SRQS8F7JWA9MZ.png,Animal
chicken_fish,NA,0.0566886388914752,-0.14906258173585,0.237544610208825,1.58538441865323,8.02273106412561,Restaurant,SRQS8F7JWA9MZ,../../model_fits/finalized_redone_trunc_cp/t2_a5_customer_day/chicken_fish/plots/SRQS8F7JWA9MZ.png,Animal
chicken_fish,NA,-0.0995465641948443,-0.267392756752989,0.0503091054494075,1.69235809770085,4.82194461370139,Restaurant,SRQS8F7JWA9MZ,../../model_fits/finalized_redone_trunc_cp/t2_a5_customer_day/chicken_fish/plots/SRQS8F7JWA9MZ.png,Animal
chicken_fish,NA,0.0853348558498881,-0.0673373685295475,0.253118102970375,1.8684896170255,4.61226571816861,Restaurant,SRQS8F7JWA9MZ,../../model_fits/finalized_redone_trunc_cp/t2_a5_customer_day/chicken_fish/plots/SRQS8F7JWA9MZ.png,Animal
chicken_fish,NA,0.13145925797877,-0.0216454814949127,0.311732278262663,1.69420846858317,4.91534509604702,Restaurant,SRQS8F7JWA9MZ,../../model_fits/finalized_redone_trunc_cp/t2_a5_customer_day/chicken_fish/plots/SRQS8F7JWA9MZ.png,Animal
chicken_fish,NA,-0.0403200013821653,-0.213061681548905,0.118962848564035,1.80895622490451,4.78511997621965,Restaurant,SRQS8F7JWA9MZ,../../model_fits/finalized_redone_trunc_cp/t2_a5_customer_day/chicken_fish/plots/SRQS8F7JWA9MZ.png,Animal
chicken_fish,NA,0.0111555172322,-0.19080862425,0.24275021425,2.52738551164654,3.65589564865294,Restaurant,V3Q26BHF3SE2H,../../model_fits/finalized_redone_trunc_cp/t2_a5_customer_day/chicken_fish/plots/V3Q26BHF3SE2H.png,Animal
chicken_fish,NA,0.0960253446940733,-0.160566043875,0.314991608,2.7909057955545,3.49122747808651,Restaurant,V3Q26BHF3SE2H,../../model_fits/finalized_redone_trunc_cp/t2_a5_customer_day/chicken_fish/plots/V3Q26BHF3SE2H.png,Animal
chicken_fish,NA,0.190775819462133,-0.057990384875,0.5176971955,2.89269088276882,3.50423427054982,Restaurant,V3Q26BHF3SE2H,../../model_fits/finalized_redone_trunc_cp/t2_a5_customer_day/chicken_fish/plots/V3Q26BHF3SE2H.png,Animal
chicken_fish,NA,0.02424875182925,-0.17407736075,0.21021307305,2.69930054355886,3.52589153071759,Restaurant,V3Q26BHF3SE2H,../../model_fits/finalized_redone_trunc_cp/t2_a5_customer_day/chicken_fish/plots/V3Q26BHF3SE2H.png,Animal
chicken_fish,NA,0.00393638936312,-0.2626149376,0.261698757225,2.45354319205242,3.66749818632641,Restaurant,V3Q26BHF3SE2H,../../model_fits/finalized_redone_trunc_cp/t2_a5_customer_day/chicken_fish/plots/V3Q26BHF3SE2H.png,Animal
chicken_fish,NA,-0.0228931477751,-0.29755578035,0.22565928835,2.55758453793732,3.62063541456357,Restaurant,V3Q26BHF3SE2H,../../model_fits/finalized_redone_trunc_cp/t2_a5_customer_day/chicken_fish/plots/V3Q26BHF3SE2H.png,Animal
chicken_fish,NA,0.0629650249176,-0.1756511269225,0.351514424,2.38887582053556,3.71271287154259,Restaurant,V3Q26BHF3SE2H,../../model_fits/finalized_redone_trunc_cp/t2_a5_customer_day/chicken_fish/plots/V3Q26BHF3SE2H.png,Animal
chicken_fish,NA,-0.0912484659958,-0.492285114125,0.230174605225,2.57548546086018,3.6090535807099,Restaurant,V3Q26BHF3SE2H,../../model_fits/finalized_redone_trunc_cp/t2_a5_customer_day/chicken_fish/plots/V3Q26BHF3SE2H.png,Animal
chicken_fish,NA,-0.0474923040092667,-0.348947188,0.2615235849,2.54361368256014,3.59511017699041,Restaurant,V3Q26BHF3SE2H,../../model_fits/finalized_redone_trunc_cp/t2_a5_customer_day/chicken_fish/plots/V3Q26BHF3SE2H.png,Animal
chicken_fish,NA,0.157864546713,-0.24607200725,0.57364945445,2.61749339478256,3.5632053690563,Restaurant,V3Q26BHF3SE2H,../../model_fits/finalized_redone_trunc_cp/t2_a5_customer_day/chicken_fish/plots/V3Q26BHF3SE2H.png,Animal
chicken_fish,NA,0.0615426363030667,-0.303225016025,0.51089982575,2.52069684532856,3.62145898197273,Restaurant,V3Q26BHF3SE2H,../../model_fits/finalized_redone_trunc_cp/t2_a5_customer_day/chicken_fish/plots/V3Q26BHF3SE2H.png,Animal
chicken_fish,NA,-0.126691778648977,-0.449282718525,0.150873890805,2.92519300993106,3.45853708830728,Restaurant,V3Q26BHF3SE2H,../../model_fits/finalized_redone_trunc_cp/t2_a5_customer_day/chicken_fish/plots/V3Q26BHF3SE2H.png,Animal
chicken_fish,NA,-0.0688971119622667,-0.25692595255,0.137084349775,2.42958537989115,3.6725635431584,Restaurant,V3Q26BHF3SE2H,../../model_fits/finalized_redone_trunc_cp/t2_a5_customer_day/chicken_fish/plots/V3Q26BHF3SE2H.png,Animal
chicken_fish,NA,-0.0353183467399967,-0.2845089284155,0.25790781975,2.38699682864395,3.71547972879784,Restaurant,V3Q26BHF3SE2H,../../model_fits/finalized_redone_trunc_cp/t2_a5_customer_day/chicken_fish/plots/V3Q26BHF3SE2H.png,Animal
chicken_fish,NA,-0.2308760548864,-0.620628129,0.105550079675,2.91891087346069,3.43653857925851,Restaurant,V3Q26BHF3SE2H,../../model_fits/finalized_redone_trunc_cp/t2_a5_customer_day/chicken_fish/plots/V3Q26BHF3SE2H.png,Animal
chicken_fish,NA,-0.149694492602233,-0.4052420089225,0.0974189498250001,2.79234862107603,3.51217563860874,Restaurant,V3Q26BHF3SE2H,../../model_fits/finalized_redone_trunc_cp/t2_a5_customer_day/chicken_fish/plots/V3Q26BHF3SE2H.png,Animal
chicken_fish,NA,-0.0260080854275667,-0.2138579445,0.198735379,2.64222362202106,3.55558857599436,Restaurant,W8T41JZK0ZMEP,../../model_fits/finalized_redone_trunc_cp/t2_a5_customer_day/chicken_fish/plots/W8T41JZK0ZMEP.png,Animal
chicken_fish,NA,0.00266680730186667,-0.1639221298475,0.12523890315,3.07544885311184,3.38796391588133,Restaurant,W8T41JZK0ZMEP,../../model_fits/finalized_redone_trunc_cp/t2_a5_customer_day/chicken_fish/plots/W8T41JZK0ZMEP.png,Animal
chicken_fish,NA,-0.0100743196422,-0.16323426405,0.1372474805,3.07951736279101,3.39094724253188,Restaurant,W8T41JZK0ZMEP,../../model_fits/finalized_redone_trunc_cp/t2_a5_customer_day/chicken_fish/plots/W8T41JZK0ZMEP.png,Animal
chicken_fish,NA,-0.054588935864,-0.201596080425,0.097638956,2.56744269699266,3.61710636021065,Restaurant,W8T41JZK0ZMEP,../../model_fits/finalized_redone_trunc_cp/t2_a5_customer_day/chicken_fish/plots/W8T41JZK0ZMEP.png,Animal
chicken_fish,NA,0.0581622222706,-0.17736358015,0.30408791125,3.1611090304279,3.36748720617578,Restaurant,W8T41JZK0ZMEP,../../model_fits/finalized_redone_trunc_cp/t2_a5_customer_day/chicken_fish/plots/W8T41JZK0ZMEP.png,Animal
chicken_fish,NA,-0.1254627988962,-0.42866202675,0.1734400614,2.69403089044252,3.55020488616109,Restaurant,W8T41JZK0ZMEP,../../model_fits/finalized_redone_trunc_cp/t2_a5_customer_day/chicken_fish/plots/W8T41JZK0ZMEP.png,Animal
chicken_fish,NA,-0.122152126078397,-0.47530115655,0.11572423125,2.60245333826306,3.60509191288842,Restaurant,W8T41JZK0ZMEP,../../model_fits/finalized_redone_trunc_cp/t2_a5_customer_day/chicken_fish/plots/W8T41JZK0ZMEP.png,Animal
chicken_fish,NA,0.085595477174,-0.12807937815,0.3839424735,2.40162564449696,3.72921394158686,Restaurant,W8T41JZK0ZMEP,../../model_fits/finalized_redone_trunc_cp/t2_a5_customer_day/chicken_fish/plots/W8T41JZK0ZMEP.png,Animal
chicken_fish,NA,-0.0394056979745533,-0.3751656305,0.291487009225,2.62850783177562,3.58465257759972,Restaurant,W8T41JZK0ZMEP,../../model_fits/finalized_redone_trunc_cp/t2_a5_customer_day/chicken_fish/plots/W8T41JZK0ZMEP.png,Animal
chicken_fish,NA,0.0325252089395,-0.222200117275,0.292928124750001,2.41650939750849,3.7152222021609,Restaurant,W8T41JZK0ZMEP,../../model_fits/finalized_redone_trunc_cp/t2_a5_customer_day/chicken_fish/plots/W8T41JZK0ZMEP.png,Animal
chicken_fish,NA,0.40533828079400003,-0.18338623125,1.13424469375,2.68904379715136,3.52617422036562,Restaurant,W8T41JZK0ZMEP,../../model_fits/finalized_redone_trunc_cp/t2_a5_customer_day/chicken_fish/plots/W8T41JZK0ZMEP.png,Animal
chicken_fish,NA,0.0393196949109333,-0.30192297825,0.3692739926625,2.73561418779884,3.58374278379321,Restaurant,W8T41JZK0ZMEP,../../model_fits/finalized_redone_trunc_cp/t2_a5_customer_day/chicken_fish/plots/W8T41JZK0ZMEP.png,Animal
chicken_fish,NA,0.288206018005333,0.0234688797,0.58988588375,2.47710542340281,3.67728027180732,Restaurant,W8T41JZK0ZMEP,../../model_fits/finalized_redone_trunc_cp/t2_a5_customer_day/chicken_fish/plots/W8T41JZK0ZMEP.png,Animal
chicken_fish,NA,-0.147981813772733,-0.4371817535,0.146227017925,2.66575874637879,3.53182529465532,Restaurant,W8T41JZK0ZMEP,../../model_fits/finalized_redone_trunc_cp/t2_a5_customer_day/chicken_fish/plots/W8T41JZK0ZMEP.png,Animal
chicken_fish,NA,-0.222240614389233,-0.61274999225,0.1422789687,2.4195951033959,3.67499248460685,Restaurant,W8T41JZK0ZMEP,../../model_fits/finalized_redone_trunc_cp/t2_a5_customer_day/chicken_fish/plots/W8T41JZK0ZMEP.png,Animal
chicken_fish,NA,0.105860522297,-0.16402350125,0.34475355475,2.72383567786894,3.52529992873494,Restaurant,W8T41JZK0ZMEP,../../model_fits/finalized_redone_trunc_cp/t2_a5_customer_day/chicken_fish/plots/W8T41JZK0ZMEP.png,Animal
chicken_fish,NA,0.238391032908167,-0.016654919975,0.50749430025,2.74527428591141,3.52635768627657,Restaurant,W8T41JZK0ZMEP,../../model_fits/finalized_redone_trunc_cp/t2_a5_customer_day/chicken_fish/plots/W8T41JZK0ZMEP.png,Animal
chicken_fish,NA,0.183760101134233,-0.071416735425,0.47407574825,2.7409955443737,3.54010831406464,Restaurant,W8T41JZK0ZMEP,../../model_fits/finalized_redone_trunc_cp/t2_a5_customer_day/chicken_fish/plots/W8T41JZK0ZMEP.png,Animal
chicken_fish,NA,-0.280108238395667,-0.908161601,0.18471208175,3.26225960937026,3.38705605220406,Restaurant,W8T41JZK0ZMEP,../../model_fits/finalized_redone_trunc_cp/t2_a5_customer_day/chicken_fish/plots/W8T41JZK0ZMEP.png,Animal
chicken_fish,NA,0.0597771770070333,-0.27029298525,0.47141411505,2.7316668584581,3.54297643499815,Restaurant,W8T41JZK0ZMEP,../../model_fits/finalized_redone_trunc_cp/t2_a5_customer_day/chicken_fish/plots/W8T41JZK0ZMEP.png,Animal
vegetarian,NA,-0.0609673718689218,-0.353174565825,0.19293690725,1.00645857817926,1020.65176640375,Restaurant,1SQPTEGYPH0GA,../../model_fits/finalized_redone_trunc_cp/t2_a5_customer_day/vegetarian/plots/1SQPTEGYPH0GA.png,Plant-based
vegetarian,NA,-0.056632421339954,-0.31507009695,0.2080675225,1.0032294049824,736.618224727157,Restaurant,1SQPTEGYPH0GA,../../model_fits/finalized_redone_trunc_cp/t2_a5_customer_day/vegetarian/plots/1SQPTEGYPH0GA.png,Plant-based
vegetarian,NA,0.013689529612748,-0.267243580325,0.249630935,1.00650931437135,758.922700266799,Restaurant,1SQPTEGYPH0GA,../../model_fits/finalized_redone_trunc_cp/t2_a5_customer_day/vegetarian/plots/1SQPTEGYPH0GA.png,Plant-based
vegetarian,NA,0.1693062122981,-0.2054602435,0.553693448,1.01125225609918,510.123625387281,Restaurant,1SQPTEGYPH0GA,../../model_fits/finalized_redone_trunc_cp/t2_a5_customer_day/vegetarian/plots/1SQPTEGYPH0GA.png,Plant-based
vegetarian,NA,-0.0565347909080873,-0.228448132925,0.12000470835,1.00559986580379,1323.31740996839,Restaurant,2HRX9P6HKXA8V,../../model_fits/finalized_redone_trunc_cp/t2_a5_customer_day/vegetarian/plots/2HRX9P6HKXA8V.png,Plant-based
vegetarian,NA,0.0240769680663523,-0.078435341695,0.13259614075,1.00727136587487,391.140487357828,Restaurant,2HRX9P6HKXA8V,../../model_fits/finalized_redone_trunc_cp/t2_a5_customer_day/vegetarian/plots/2HRX9P6HKXA8V.png,Plant-based
vegetarian,NA,0.0170751055017973,-0.1700179789,0.197778748425,1.00352872231962,1544.21217268269,Restaurant,2HRX9P6HKXA8V,../../model_fits/finalized_redone_trunc_cp/t2_a5_customer_day/vegetarian/plots/2HRX9P6HKXA8V.png,Plant-based
vegetarian,NA,0.156738090363773,-0.064382175,0.376467943475,1.006999497808,1950.4548557658,Restaurant,2HRX9P6HKXA8V,../../model_fits/finalized_redone_trunc_cp/t2_a5_customer_day/vegetarian/plots/2HRX9P6HKXA8V.png,Plant-based
vegetarian,NA,-0.107059491222483,-0.3199137275,0.0565237131125001,1.01514252483124,334.156843639619,Restaurant,78AY09MVJVTYE,../../model_fits/finalized_redone_trunc_cp/t2_a5_customer_day/vegetarian/plots/78AY09MVJVTYE.png,Plant-based
vegetarian,NA,-0.0761192771485333,-0.17258124525,0.0183876423,1.00413717475339,552.188483374065,Restaurant,78AY09MVJVTYE,../../model_fits/finalized_redone_trunc_cp/t2_a5_customer_day/vegetarian/plots/78AY09MVJVTYE.png,Plant-based
vegetarian,NA,0.2627449342496,0.079700472,0.4882775425,1.00077881002472,1864.66647214419,Restaurant,78AY09MVJVTYE,../../model_fits/finalized_redone_trunc_cp/t2_a5_customer_day/vegetarian/plots/78AY09MVJVTYE.png,Plant-based
vegetarian,NA,-0.182962075035678,-0.4510237672025,0.0749015296000001,1.00188470787303,841.640432615147,Restaurant,78AY09MVJVTYE,../../model_fits/finalized_redone_trunc_cp/t2_a5_customer_day/vegetarian/plots/78AY09MVJVTYE.png,Plant-based
vegetarian,NA,-0.196128768604503,-0.47171947975,0.0605914548500002,1.00335706916893,1129.20757236898,Restaurant,9XKJD8DQTH559,../../model_fits/finalized_redone_trunc_cp/t2_a5_customer_day/vegetarian/plots/9XKJD8DQTH559.png,Plant-based
vegetarian,NA,-0.214537214013537,-0.49940043325,0.0243800169,1.00526887010304,1234.5187653133,Restaurant,9XKJD8DQTH559,../../model_fits/finalized_redone_trunc_cp/t2_a5_customer_day/vegetarian/plots/9XKJD8DQTH559.png,Plant-based
vegetarian,NA,-0.0172069108465533,-0.33706167475,0.306135922775,1.00274448511456,680.019641519187,Restaurant,9XKJD8DQTH559,../../model_fits/finalized_redone_trunc_cp/t2_a5_customer_day/vegetarian/plots/9XKJD8DQTH559.png,Plant-based
vegetarian,NA,-0.00553486142255467,-0.31167514575,0.309625013675,1.01045146383582,438.491119047356,Restaurant,9XKJD8DQTH559,../../model_fits/finalized_redone_trunc_cp/t2_a5_customer_day/vegetarian/plots/9XKJD8DQTH559.png,Plant-based
vegetarian,NA,0.0478385830874,-0.33495629825,0.4436799215,1.00386987953874,611.801529215299,Restaurant,9XKJD8DQTH559,../../model_fits/finalized_redone_trunc_cp/t2_a5_customer_day/vegetarian/plots/9XKJD8DQTH559.png,Plant-based
vegetarian,NA,0.66462907622694,0.02867138075,1.530111363125,1.00622881114411,1205.75168286581,Restaurant,9XKJD8DQTH559,../../model_fits/finalized_redone_trunc_cp/t2_a5_customer_day/vegetarian/plots/9XKJD8DQTH559.png,Plant-based
vegetarian,NA,-0.0583903825605633,-0.431276812975,0.27975153025,1.00674132447612,649.521949607006,Restaurant,9XKJD8DQTH559,../../model_fits/finalized_redone_trunc_cp/t2_a5_customer_day/vegetarian/plots/9XKJD8DQTH559.png,Plant-based
vegetarian,NA,-0.365957581906965,-1.17757002275,0.2245948345,1.00402486119189,1173.23535387779,Restaurant,9XKJD8DQTH559,../../model_fits/finalized_redone_trunc_cp/t2_a5_customer_day/vegetarian/plots/9XKJD8DQTH559.png,Plant-based
vegetarian,NA,-0.042034936915591,-0.32871801225,0.24628154425,1.00103415782157,1189.41577141779,Restaurant,C0BE4NDSW26QN,../../model_fits/finalized_redone_trunc_cp/t2_a5_customer_day/vegetarian/plots/C0BE4NDSW26QN.png,Plant-based
vegetarian,NA,-0.0480548155495735,-0.331233696,0.24454997675,1.00222512744682,1173.4869120542,Restaurant,C0BE4NDSW26QN,../../model_fits/finalized_redone_trunc_cp/t2_a5_customer_day/vegetarian/plots/C0BE4NDSW26QN.png,Plant-based
vegetarian,NA,-0.006038156046641,-0.233470998475,0.20266950275,1.00097565194657,1121.64109406659,Restaurant,C0BE4NDSW26QN,../../model_fits/finalized_redone_trunc_cp/t2_a5_customer_day/vegetarian/plots/C0BE4NDSW26QN.png,Plant-based
vegetarian,NA,-0.032765389360306,-0.2655542918,0.20157411175,1.00696093763451,1068.98640601352,Restaurant,C0BE4NDSW26QN,../../model_fits/finalized_redone_trunc_cp/t2_a5_customer_day/vegetarian/plots/C0BE4NDSW26QN.png,Plant-based
vegetarian,NA,0.0341458000957367,-0.4272339265,0.47796474325,1.00766152770835,1256.15492853541,Restaurant,C0BE4NDSW26QN,../../model_fits/finalized_redone_trunc_cp/t2_a5_customer_day/vegetarian/plots/C0BE4NDSW26QN.png,Plant-based
vegetarian,NA,-0.0366201918660333,-0.6160290395,0.510552469975,1.00477054667662,994.643340171424,Restaurant,C0BE4NDSW26QN,../../model_fits/finalized_redone_trunc_cp/t2_a5_customer_day/vegetarian/plots/C0BE4NDSW26QN.png,Plant-based
vegetarian,NA,0.0308548508111433,-0.40350660375,0.47751378075,1.00703987612299,1325.75470305455,Restaurant,C0BE4NDSW26QN,../../model_fits/finalized_redone_trunc_cp/t2_a5_customer_day/vegetarian/plots/C0BE4NDSW26QN.png,Plant-based
vegetarian,NA,-0.0419511476259283,-0.6053897181,0.535196846025,1.00320248812145,1403.31564074965,Restaurant,C0BE4NDSW26QN,../../model_fits/finalized_redone_trunc_cp/t2_a5_customer_day/vegetarian/plots/C0BE4NDSW26QN.png,Plant-based
vegetarian,NA,-0.00170806483091767,-0.085752150275,0.084002672975,1.00346187626664,1183.34400279451,Restaurant,ED5J990H5VAZT,../../model_fits/finalized_redone_trunc_cp/t2_a5_customer_day/vegetarian/plots/ED5J990H5VAZT.png,Plant-based
vegetarian,NA,-0.1547435103753,-0.286020583,-0.028342040375,0.99949412543471,797.221529606902,Restaurant,ED5J990H5VAZT,../../model_fits/finalized_redone_trunc_cp/t2_a5_customer_day/vegetarian/plots/ED5J990H5VAZT.png,Plant-based
vegetarian,NA,0.1627120367276,0.098847828675,0.22558999925,1.00711135112309,1550.88674199965,Restaurant,ED5J990H5VAZT,../../model_fits/finalized_redone_trunc_cp/t2_a5_customer_day/vegetarian/plots/ED5J990H5VAZT.png,Plant-based
vegetarian,NA,0.0659122977679667,0.00297827365,0.13159919175,1.00440255821957,2589.39880661952,Restaurant,ED5J990H5VAZT,../../model_fits/finalized_redone_trunc_cp/t2_a5_customer_day/vegetarian/plots/ED5J990H5VAZT.png,Plant-based
vegetarian,NA,0.048303573483539,-0.279787743825,0.39050032025,1.01731912321637,293.368204687474,Restaurant,EMBVNVD207CC6,../../model_fits/finalized_redone_trunc_cp/t2_a5_customer_day/vegetarian/plots/EMBVNVD207CC6.png,Plant-based
vegetarian,NA,0.0902649595795,-0.20943770275,0.400301637,1.01006229247155,358.838430474451,Restaurant,EMBVNVD207CC6,../../model_fits/finalized_redone_trunc_cp/t2_a5_customer_day/vegetarian/plots/EMBVNVD207CC6.png,Plant-based
vegetarian,NA,-0.0966376233430143,-0.3414490045,0.1301505608725,1.00171579650983,607.933133035912,Restaurant,EMBVNVD207CC6,../../model_fits/finalized_redone_trunc_cp/t2_a5_customer_day/vegetarian/plots/EMBVNVD207CC6.png,Plant-based
vegetarian,NA,-0.12271675670723,-0.4775546625,0.2263790217,1.00463277033328,589.386580678317,Restaurant,EMBVNVD207CC6,../../model_fits/finalized_redone_trunc_cp/t2_a5_customer_day/vegetarian/plots/EMBVNVD207CC6.png,Plant-based
vegetarian,NA,-0.0381668786849413,-0.24420147375,0.180427714,1.00271315298897,1042.52528796634,Restaurant,L69HYJ4Y3TR91,../../model_fits/finalized_redone_trunc_cp/t2_a5_customer_day/vegetarian/plots/L69HYJ4Y3TR91.png,Plant-based
vegetarian,NA,-0.0722702868320479,-0.4583478865,0.301071573025,1.00484509126047,469.554902189008,Restaurant,L69HYJ4Y3TR91,../../model_fits/finalized_redone_trunc_cp/t2_a5_customer_day/vegetarian/plots/L69HYJ4Y3TR91.png,Plant-based
vegetarian,NA,0.00777687506383333,-0.243222895,0.2541732875,1.01143140557014,489.743279102893,Restaurant,L69HYJ4Y3TR91,../../model_fits/finalized_redone_trunc_cp/t2_a5_customer_day/vegetarian/plots/L69HYJ4Y3TR91.png,Plant-based
vegetarian,NA,0.0160693957891827,-0.22383814975,0.25882691455,1.01201017354209,320.766331861418,Restaurant,L69HYJ4Y3TR91,../../model_fits/finalized_redone_trunc_cp/t2_a5_customer_day/vegetarian/plots/L69HYJ4Y3TR91.png,Plant-based
vegetarian,NA,0.0737577486470767,-0.10222214625,0.27790528915,1.00508567375117,585.853025285503,Restaurant,LBZEEFSBJNB3Z,../../model_fits/finalized_redone_trunc_cp/t2_a5_customer_day/vegetarian/plots/LBZEEFSBJNB3Z.png,Plant-based
vegetarian,NA,0.183860773903071,-0.067527029975,0.46790134275,1.00324337574575,826.248228288972,Restaurant,LBZEEFSBJNB3Z,../../model_fits/finalized_redone_trunc_cp/t2_a5_customer_day/vegetarian/plots/LBZEEFSBJNB3Z.png,Plant-based
vegetarian,NA,0.110849247705935,-0.08570607,0.314778753125,1.00045363967477,1398.41999354492,Restaurant,LBZEEFSBJNB3Z,../../model_fits/finalized_redone_trunc_cp/t2_a5_customer_day/vegetarian/plots/LBZEEFSBJNB3Z.png,Plant-based
vegetarian,NA,0.0847074091870333,-0.09397277475,0.2613695065,1.00340798327387,1381.36001888161,Restaurant,LBZEEFSBJNB3Z,../../model_fits/finalized_redone_trunc_cp/t2_a5_customer_day/vegetarian/plots/LBZEEFSBJNB3Z.png,Plant-based
vegetarian,NA,0.0320812298727667,-0.228932543725,0.37756181626,1.00280938517619,956.048340917112,Restaurant,LQ5EH4BKGV61T,../../model_fits/finalized_redone_trunc_cp/t2_a5_customer_day/vegetarian/plots/LQ5EH4BKGV61T.png,Plant-based
vegetarian,NA,0.00470209537331333,-0.389518816175,0.4092078585,1.00098123594005,1328.44209997637,Restaurant,LQ5EH4BKGV61T,../../model_fits/finalized_redone_trunc_cp/t2_a5_customer_day/vegetarian/plots/LQ5EH4BKGV61T.png,Plant-based
vegetarian,NA,0.0534711232531437,-0.3013634545,0.402687708525,1.0010195482806,1720.75801415866,Restaurant,LQ5EH4BKGV61T,../../model_fits/finalized_redone_trunc_cp/t2_a5_customer_day/vegetarian/plots/LQ5EH4BKGV61T.png,Plant-based
vegetarian,NA,0.126629200708896,-0.46390510905,0.76265216725,1.00485444551774,649.0031787793,Restaurant,LQ5EH4BKGV61T,../../model_fits/finalized_redone_trunc_cp/t2_a5_customer_day/vegetarian/plots/LQ5EH4BKGV61T.png,Plant-based
vegetarian,NA,-0.0262432077249187,-0.2058095655,0.210034712075,1.00729951949102,838.210557885911,Restaurant,S8MT0YGD2KTN9,../../model_fits/finalized_redone_trunc_cp/t2_a5_customer_day/vegetarian/plots/S8MT0YGD2KTN9.png,Plant-based
vegetarian,NA,-0.0317328989667633,-0.17163624385,0.1185563500475,1.00584694961907,730.055650278214,Restaurant,S8MT0YGD2KTN9,../../model_fits/finalized_redone_trunc_cp/t2_a5_customer_day/vegetarian/plots/S8MT0YGD2KTN9.png,Plant-based
vegetarian,NA,0.072378771986529,-0.09866608565,0.252446835275,1.00257145694929,1027.6735139942,Restaurant,S8MT0YGD2KTN9,../../model_fits/finalized_redone_trunc_cp/t2_a5_customer_day/vegetarian/plots/S8MT0YGD2KTN9.png,Plant-based
vegetarian,NA,0.223688785375088,-0.00375566375,0.46182921725,1.00138082683196,1641.66072224098,Restaurant,S8MT0YGD2KTN9,../../model_fits/finalized_redone_trunc_cp/t2_a5_customer_day/vegetarian/plots/S8MT0YGD2KTN9.png,Plant-based
vegetarian,NA,-0.105783849073635,-0.28441968,0.058168133275,1.0099757071635,723.900498713283,Restaurant,SAFK7ND1HR6XS,../../model_fits/finalized_redone_trunc_cp/t2_a5_customer_day/vegetarian/plots/SAFK7ND1HR6XS.png,Plant-based
vegetarian,NA,-0.108578993558342,-0.53298495575,0.265876352125,1.00331755882722,912.297164426812,Restaurant,SAFK7ND1HR6XS,../../model_fits/finalized_redone_trunc_cp/t2_a5_customer_day/vegetarian/plots/SAFK7ND1HR6XS.png,Plant-based
vegetarian,NA,0.0829596313785967,-0.101350943425,0.25868213125,1.00204209925784,1302.76151218515,Restaurant,SAFK7ND1HR6XS,../../model_fits/finalized_redone_trunc_cp/t2_a5_customer_day/vegetarian/plots/SAFK7ND1HR6XS.png,Plant-based
vegetarian,NA,0.0655341590989533,-0.157989231575,0.28747607395,1.00370823108614,819.812164704129,Restaurant,SAFK7ND1HR6XS,../../model_fits/finalized_redone_trunc_cp/t2_a5_customer_day/vegetarian/plots/SAFK7ND1HR6XS.png,Plant-based
vegetarian,NA,-4.44109960677e-4,-0.12044449915,0.11565106075,1.00286823253945,1204.17748749537,Restaurant,SRQS8F7JWA9MZ,../../model_fits/finalized_redone_trunc_cp/t2_a5_customer_day/vegetarian/plots/SRQS8F7JWA9MZ.png,Plant-based
vegetarian,NA,0.071227403926682,-0.051969398675,0.199662913075,1.00326921623281,1036.76145263905,Restaurant,SRQS8F7JWA9MZ,../../model_fits/finalized_redone_trunc_cp/t2_a5_customer_day/vegetarian/plots/SRQS8F7JWA9MZ.png,Plant-based
vegetarian,NA,0.0775158234557733,-0.167644316325,0.3868178995,1.00168797384849,1562.44063314563,Restaurant,SRQS8F7JWA9MZ,../../model_fits/finalized_redone_trunc_cp/t2_a5_customer_day/vegetarian/plots/SRQS8F7JWA9MZ.png,Plant-based
vegetarian,NA,0.0119529220034255,-0.30898820975,0.26086493435,1.00418836110205,1568.75945715825,Restaurant,SRQS8F7JWA9MZ,../../model_fits/finalized_redone_trunc_cp/t2_a5_customer_day/vegetarian/plots/SRQS8F7JWA9MZ.png,Plant-based
vegetarian,NA,-0.0408748207195003,-0.231616426,0.150111411525,1.00334629071661,1229.40216462284,Restaurant,SRQS8F7JWA9MZ,../../model_fits/finalized_redone_trunc_cp/t2_a5_customer_day/vegetarian/plots/SRQS8F7JWA9MZ.png,Plant-based
vegetarian,NA,-0.022749188225598,-0.22279329825,0.1757479937075,1.00476712004498,613.334077492833,Restaurant,SRQS8F7JWA9MZ,../../model_fits/finalized_redone_trunc_cp/t2_a5_customer_day/vegetarian/plots/SRQS8F7JWA9MZ.png,Plant-based
vegetarian,NA,0.0920279658762607,-0.101920233125,0.30101769105,1.00452107524762,1046.77030628787,Restaurant,SRQS8F7JWA9MZ,../../model_fits/finalized_redone_trunc_cp/t2_a5_customer_day/vegetarian/plots/SRQS8F7JWA9MZ.png,Plant-based
vegetarian,NA,0.02352580786442,-0.18732873643925,0.22811073125,1.00595822782833,648.08583293754,Restaurant,SRQS8F7JWA9MZ,../../model_fits/finalized_redone_trunc_cp/t2_a5_customer_day/vegetarian/plots/SRQS8F7JWA9MZ.png,Plant-based
vegetarian,NA,-0.109046523903226,-0.35828055275,0.10122434597,1.0031046298545,520.018162567291,Restaurant,V3Q26BHF3SE2H,../../model_fits/finalized_redone_trunc_cp/t2_a5_customer_day/vegetarian/plots/V3Q26BHF3SE2H.png,Plant-based
vegetarian,NA,0.134200530793378,-0.06113658777,0.370619295,1.00513227876657,577.057694427406,Restaurant,V3Q26BHF3SE2H,../../model_fits/finalized_redone_trunc_cp/t2_a5_customer_day/vegetarian/plots/V3Q26BHF3SE2H.png,Plant-based
vegetarian,NA,-0.0226410837843685,-0.19897776375,0.1280168118,1.00452145310746,1349.36132587371,Restaurant,V3Q26BHF3SE2H,../../model_fits/finalized_redone_trunc_cp/t2_a5_customer_day/vegetarian/plots/V3Q26BHF3SE2H.png,Plant-based
vegetarian,NA,0.121319506982046,-0.04320299395,0.31710290525,1.00363280625067,710.365274931143,Restaurant,V3Q26BHF3SE2H,../../model_fits/finalized_redone_trunc_cp/t2_a5_customer_day/vegetarian/plots/V3Q26BHF3SE2H.png,Plant-based
vegetarian,NA,-0.060065775284803,-0.44644527525,0.25716429375,1.00560081046437,1708.86600202805,Restaurant,V3Q26BHF3SE2H,../../model_fits/finalized_redone_trunc_cp/t2_a5_customer_day/vegetarian/plots/V3Q26BHF3SE2H.png,Plant-based
vegetarian,NA,-0.0505238522074,-0.43519970605,0.27047039335,1.00301045082361,1731.67113878695,Restaurant,V3Q26BHF3SE2H,../../model_fits/finalized_redone_trunc_cp/t2_a5_customer_day/vegetarian/plots/V3Q26BHF3SE2H.png,Plant-based
vegetarian,NA,0.00983146843608433,-0.28222230425,0.375962223,1.00308334931635,1616.77976291214,Restaurant,V3Q26BHF3SE2H,../../model_fits/finalized_redone_trunc_cp/t2_a5_customer_day/vegetarian/plots/V3Q26BHF3SE2H.png,Plant-based
vegetarian,NA,-0.0235598623448989,-0.351543535275,0.32014219325,0.999963367279547,1481.99368626585,Restaurant,V3Q26BHF3SE2H,../../model_fits/finalized_redone_trunc_cp/t2_a5_customer_day/vegetarian/plots/V3Q26BHF3SE2H.png,Plant-based
vegetarian,NA,-0.0390284519763067,-0.416901964,0.285049458831,1.00668982273985,1148.70051495568,Restaurant,V3Q26BHF3SE2H,../../model_fits/finalized_redone_trunc_cp/t2_a5_customer_day/vegetarian/plots/V3Q26BHF3SE2H.png,Plant-based
vegetarian,NA,0.19421932860849,-0.1315662847,0.571478074075,1.00291935149361,1479.33653172501,Restaurant,V3Q26BHF3SE2H,../../model_fits/finalized_redone_trunc_cp/t2_a5_customer_day/vegetarian/plots/V3Q26BHF3SE2H.png,Plant-based
vegetarian,NA,0.0848143968126887,-0.2248673368875,0.4373574875,1.00857744924013,582.740989274968,Restaurant,V3Q26BHF3SE2H,../../model_fits/finalized_redone_trunc_cp/t2_a5_customer_day/vegetarian/plots/V3Q26BHF3SE2H.png,Plant-based
vegetarian,NA,-0.0319160051141764,-0.360110047,0.254630039025,1.00234354970649,1499.65326907358,Restaurant,V3Q26BHF3SE2H,../../model_fits/finalized_redone_trunc_cp/t2_a5_customer_day/vegetarian/plots/V3Q26BHF3SE2H.png,Plant-based
vegetarian,NA,0.0636450420907667,-0.1551095215025,0.2990132965,1.00581287414312,975.495454974838,Restaurant,V3Q26BHF3SE2H,../../model_fits/finalized_redone_trunc_cp/t2_a5_customer_day/vegetarian/plots/V3Q26BHF3SE2H.png,Plant-based
vegetarian,NA,-0.0638435247496773,-0.273773257875,0.153115462825,1.00067003685563,1533.80929884973,Restaurant,V3Q26BHF3SE2H,../../model_fits/finalized_redone_trunc_cp/t2_a5_customer_day/vegetarian/plots/V3Q26BHF3SE2H.png,Plant-based
vegetarian,NA,-0.076931602954512,-0.345014279,0.17677000845,1.006517584151,917.977308635115,Restaurant,V3Q26BHF3SE2H,../../model_fits/finalized_redone_trunc_cp/t2_a5_customer_day/vegetarian/plots/V3Q26BHF3SE2H.png,Plant-based
vegetarian,NA,-0.0536951590241447,-0.31638907365,0.20681207525,1.00359700227683,1165.7327410894,Restaurant,V3Q26BHF3SE2H,../../model_fits/finalized_redone_trunc_cp/t2_a5_customer_day/vegetarian/plots/V3Q26BHF3SE2H.png,Plant-based
vegetarian,NA,-0.0791541191528303,-0.3198386995,0.12867479575,1.00347454440773,739.308691755221,Restaurant,W8T41JZK0ZMEP,../../model_fits/finalized_redone_trunc_cp/t2_a5_customer_day/vegetarian/plots/W8T41JZK0ZMEP.png,Plant-based
vegetarian,NA,0.155343921165,-0.060435739375,0.39123469225,1.00687513322765,436.594976114176,Restaurant,W8T41JZK0ZMEP,../../model_fits/finalized_redone_trunc_cp/t2_a5_customer_day/vegetarian/plots/W8T41JZK0ZMEP.png,Plant-based
vegetarian,NA,-0.0204918651091233,-0.216030879125,0.16749290625,1.00434245600317,1322.2775581642,Restaurant,W8T41JZK0ZMEP,../../model_fits/finalized_redone_trunc_cp/t2_a5_customer_day/vegetarian/plots/W8T41JZK0ZMEP.png,Plant-based
vegetarian,NA,-0.0126768148077733,-0.2181784681,0.18065492225,1.00201503562828,1464.95019863136,Restaurant,W8T41JZK0ZMEP,../../model_fits/finalized_redone_trunc_cp/t2_a5_customer_day/vegetarian/plots/W8T41JZK0ZMEP.png,Plant-based
vegetarian,NA,0.0332075684194657,-0.183773460055,0.2909376825,1.00452946167292,1265.48713307648,Restaurant,W8T41JZK0ZMEP,../../model_fits/finalized_redone_trunc_cp/t2_a5_customer_day/vegetarian/plots/W8T41JZK0ZMEP.png,Plant-based
vegetarian,NA,0.0347393638206501,-0.28946103525,0.4191220281575,1.00611571150976,1483.3848418881,Restaurant,W8T41JZK0ZMEP,../../model_fits/finalized_redone_trunc_cp/t2_a5_customer_day/vegetarian/plots/W8T41JZK0ZMEP.png,Plant-based
vegetarian,NA,-0.0274361957288603,-0.4266560681,0.306162049075,1.00241988530466,1789.49798630429,Restaurant,W8T41JZK0ZMEP,../../model_fits/finalized_redone_trunc_cp/t2_a5_customer_day/vegetarian/plots/W8T41JZK0ZMEP.png,Plant-based
vegetarian,NA,0.011062480180769,-0.38644795075,0.371127531675,1.00611625926847,1864.03972590251,Restaurant,W8T41JZK0ZMEP,../../model_fits/finalized_redone_trunc_cp/t2_a5_customer_day/vegetarian/plots/W8T41JZK0ZMEP.png,Plant-based
vegetarian,NA,-0.00247040899731062,-0.36896127175,0.35189314005,1.00252092561311,1822.69148741333,Restaurant,W8T41JZK0ZMEP,../../model_fits/finalized_redone_trunc_cp/t2_a5_customer_day/vegetarian/plots/W8T41JZK0ZMEP.png,Plant-based
vegetarian,NA,0.024783401863141,-0.2931667765,0.39645977175,1.00022767658579,1724.9095423339,Restaurant,W8T41JZK0ZMEP,../../model_fits/finalized_redone_trunc_cp/t2_a5_customer_day/vegetarian/plots/W8T41JZK0ZMEP.png,Plant-based
vegetarian,NA,0.0866730240148433,-0.363776484325,0.600947271100001,1.00864395518004,905.487500818141,Restaurant,W8T41JZK0ZMEP,../../model_fits/finalized_redone_trunc_cp/t2_a5_customer_day/vegetarian/plots/W8T41JZK0ZMEP.png,Plant-based
vegetarian,NA,0.0265473986658857,-0.2810046452,0.344046303,1.00082300979958,1053.07556622413,Restaurant,W8T41JZK0ZMEP,../../model_fits/finalized_redone_trunc_cp/t2_a5_customer_day/vegetarian/plots/W8T41JZK0ZMEP.png,Plant-based
vegetarian,NA,0.198992258232599,-0.07864675225,0.489683178525,1.00692859609505,652.721862537251,Restaurant,W8T41JZK0ZMEP,../../model_fits/finalized_redone_trunc_cp/t2_a5_customer_day/vegetarian/plots/W8T41JZK0ZMEP.png,Plant-based
vegetarian,NA,-0.0296920985496583,-0.276324497875,0.216244848525,1.00208830844284,1419.3678399993,Restaurant,W8T41JZK0ZMEP,../../model_fits/finalized_redone_trunc_cp/t2_a5_customer_day/vegetarian/plots/W8T41JZK0ZMEP.png,Plant-based
vegetarian,NA,-0.177689408502802,-0.520025724,0.1290578713,1.00293158307879,1920.50937785278,Restaurant,W8T41JZK0ZMEP,../../model_fits/finalized_redone_trunc_cp/t2_a5_customer_day/vegetarian/plots/W8T41JZK0ZMEP.png,Plant-based
vegetarian,NA,-0.06503714842921,-0.3600330495,0.21817881725,1.00315129839597,1223.44299931509,Restaurant,W8T41JZK0ZMEP,../../model_fits/finalized_redone_trunc_cp/t2_a5_customer_day/vegetarian/plots/W8T41JZK0ZMEP.png,Plant-based
vegetarian,NA,-0.0189140602698233,-0.39452479775,0.3071465655575,1.0073394049144,388.788742628519,Restaurant,W8T41JZK0ZMEP,../../model_fits/finalized_redone_trunc_cp/t2_a5_customer_day/vegetarian/plots/W8T41JZK0ZMEP.png,Plant-based
vegetarian,NA,0.038591801167706,-0.255131072275,0.3495559489075,1.00116723813648,1567.11126216867,Restaurant,W8T41JZK0ZMEP,../../model_fits/finalized_redone_trunc_cp/t2_a5_customer_day/vegetarian/plots/W8T41JZK0ZMEP.png,Plant-based
vegetarian,NA,-0.0885298417654167,-0.6516742166575,0.4969052319,1.00832865440658,544.806360434031,Restaurant,W8T41JZK0ZMEP,../../model_fits/finalized_redone_trunc_cp/t2_a5_customer_day/vegetarian/plots/W8T41JZK0ZMEP.png,Plant-based
vegetarian,NA,0.097110373434649,-0.22373649975,0.45615673715,1.0048130905468,1730.09289513243,Restaurant,W8T41JZK0ZMEP,../../model_fits/finalized_redone_trunc_cp/t2_a5_customer_day/vegetarian/plots/W8T41JZK0ZMEP.png,Plant-based
vegan,NA,-0.0920460622515,-0.34619361185,0.04627278425,1.01842704098224,180.023693734523,Restaurant,1SQPTEGYPH0GA,../../model_fits/finalized_redone_trunc_cp/t2_a5_customer_day/vegan/plots/1SQPTEGYPH0GA.png,Plant-based
vegan,NA,-0.184712051778433,-0.399053983,0.03457479725,1.02076038647337,193.817184855604,Restaurant,1SQPTEGYPH0GA,../../model_fits/finalized_redone_trunc_cp/t2_a5_customer_day/vegan/plots/1SQPTEGYPH0GA.png,Plant-based
vegan,NA,-0.0694872766962667,-0.29221699,0.109018805,1.00509224131491,424.438116211885,Restaurant,1SQPTEGYPH0GA,../../model_fits/finalized_redone_trunc_cp/t2_a5_customer_day/vegan/plots/1SQPTEGYPH0GA.png,Plant-based
vegan,NA,0.479322567008567,0.1714359,0.773540985,1.00934539242031,344.767777578314,Restaurant,1SQPTEGYPH0GA,../../model_fits/finalized_redone_trunc_cp/t2_a5_customer_day/vegan/plots/1SQPTEGYPH0GA.png,Plant-based
vegan,NA,0.00962538829136667,-0.125568476,0.14490858275,1.00367580565256,291.003368391428,Restaurant,2HRX9P6HKXA8V,../../model_fits/finalized_redone_trunc_cp/t2_a5_customer_day/vegan/plots/2HRX9P6HKXA8V.png,Plant-based
vegan,NA,-0.025156211016566,-0.113678455,0.059595668,1.02210723391388,252.079497314853,Restaurant,2HRX9P6HKXA8V,../../model_fits/finalized_redone_trunc_cp/t2_a5_customer_day/vegan/plots/2HRX9P6HKXA8V.png,Plant-based
vegan,NA,0.00326205693526,-0.161696785,0.15993501,1.00946788441098,222.915663844505,Restaurant,2HRX9P6HKXA8V,../../model_fits/finalized_redone_trunc_cp/t2_a5_customer_day/vegan/plots/2HRX9P6HKXA8V.png,Plant-based
vegan,NA,0.1986176606659,0.011416845,0.3892877575,1.00518849532349,233.709381593714,Restaurant,2HRX9P6HKXA8V,../../model_fits/finalized_redone_trunc_cp/t2_a5_customer_day/vegan/plots/2HRX9P6HKXA8V.png,Plant-based
vegan,NA,-0.063451711636366,-0.249393565,0.08115591725,1.0082681195133,219.196681686599,Restaurant,78AY09MVJVTYE,../../model_fits/finalized_redone_trunc_cp/t2_a5_customer_day/vegan/plots/78AY09MVJVTYE.png,Plant-based
vegan,NA,-0.0263958277840333,-0.11392379,0.0548698325,1.01357429406594,168.909270469143,Restaurant,78AY09MVJVTYE,../../model_fits/finalized_redone_trunc_cp/t2_a5_customer_day/vegan/plots/78AY09MVJVTYE.png,Plant-based
vegan,NA,0.130322654227467,-0.0450910225,0.3502970925,1.00247023535294,523.101940508641,Restaurant,78AY09MVJVTYE,../../model_fits/finalized_redone_trunc_cp/t2_a5_customer_day/vegan/plots/78AY09MVJVTYE.png,Plant-based
vegan,NA,-0.214081999813833,-0.4744553325,0.03376437,1.01116787391107,281.622046929915,Restaurant,78AY09MVJVTYE,../../model_fits/finalized_redone_trunc_cp/t2_a5_customer_day/vegan/plots/78AY09MVJVTYE.png,Plant-based
vegan,NA,-0.114090796334466,-0.3254080525,0.11220929,1.01043364524342,278.43744683492,Restaurant,9XKJD8DQTH559,../../model_fits/finalized_redone_trunc_cp/t2_a5_customer_day/vegan/plots/9XKJD8DQTH559.png,Plant-based
vegan,NA,0.00495484926926667,-0.226571669,0.1868497104,1.01015720092689,482.250026294673,Restaurant,9XKJD8DQTH559,../../model_fits/finalized_redone_trunc_cp/t2_a5_customer_day/vegan/plots/9XKJD8DQTH559.png,Plant-based
vegan,NA,-0.06298849470907,-0.31092695,0.17121598925,1.0144053130457,301.428573140359,Restaurant,9XKJD8DQTH559,../../model_fits/finalized_redone_trunc_cp/t2_a5_customer_day/vegan/plots/9XKJD8DQTH559.png,Plant-based
vegan,NA,-0.0597974656475633,-0.28750494,0.1619123425,1.01084894822975,417.832293760474,Restaurant,9XKJD8DQTH559,../../model_fits/finalized_redone_trunc_cp/t2_a5_customer_day/vegan/plots/9XKJD8DQTH559.png,Plant-based
vegan,NA,-0.1550527002922,-0.4839612125,0.1636544175,1.00697321916157,593.819977938228,Restaurant,9XKJD8DQTH559,../../model_fits/finalized_redone_trunc_cp/t2_a5_customer_day/vegan/plots/9XKJD8DQTH559.png,Plant-based
vegan,NA,0.517218082766033,-0.089561515,1.3900144075,1.00603838147105,594.238503424332,Restaurant,9XKJD8DQTH559,../../model_fits/finalized_redone_trunc_cp/t2_a5_customer_day/vegan/plots/9XKJD8DQTH559.png,Plant-based
vegan,NA,-0.134787746988667,-0.45286078475,0.1754039125,1.01303333907464,384.566698901369,Restaurant,9XKJD8DQTH559,../../model_fits/finalized_redone_trunc_cp/t2_a5_customer_day/vegan/plots/9XKJD8DQTH559.png,Plant-based
vegan,NA,-0.515196292956997,-1.3242352625,0.0489999485,1.00392281440598,530.080652713269,Restaurant,9XKJD8DQTH559,../../model_fits/finalized_redone_trunc_cp/t2_a5_customer_day/vegan/plots/9XKJD8DQTH559.png,Plant-based
vegan,NA,0.0509253681826667,-0.17623925,0.2797103575,1.00565811580471,319.891706185735,Restaurant,C0BE4NDSW26QN,../../model_fits/finalized_redone_trunc_cp/t2_a5_customer_day/vegan/plots/C0BE4NDSW26QN.png,Plant-based
vegan,NA,0.0578853122793645,-0.157512905,0.2883857775,1.00606805069516,323.962484830143,Restaurant,C0BE4NDSW26QN,../../model_fits/finalized_redone_trunc_cp/t2_a5_customer_day/vegan/plots/C0BE4NDSW26QN.png,Plant-based
vegan,NA,-0.00496690725603,-0.15518057525,0.1608692495,1.00730037005786,370.907990334482,Restaurant,C0BE4NDSW26QN,../../model_fits/finalized_redone_trunc_cp/t2_a5_customer_day/vegan/plots/C0BE4NDSW26QN.png,Plant-based
vegan,NA,-0.0593118303399667,-0.24942183425,0.0942654075,1.00574267071241,377.191906224836,Restaurant,C0BE4NDSW26QN,../../model_fits/finalized_redone_trunc_cp/t2_a5_customer_day/vegan/plots/C0BE4NDSW26QN.png,Plant-based
vegan,NA,-0.0309169946907733,-0.38775541,0.3115337235,1.00568986566489,390.217193536669,Restaurant,C0BE4NDSW26QN,../../model_fits/finalized_redone_trunc_cp/t2_a5_customer_day/vegan/plots/C0BE4NDSW26QN.png,Plant-based
vegan,NA,-0.1075478401236,-0.68704070425,0.418705145,1.0059255775137,443.514959448112,Restaurant,C0BE4NDSW26QN,../../model_fits/finalized_redone_trunc_cp/t2_a5_customer_day/vegan/plots/C0BE4NDSW26QN.png,Plant-based
vegan,NA,-0.03282606484819,-0.37540119,0.31456046,1.00654667811641,397.305307290989,Restaurant,C0BE4NDSW26QN,../../model_fits/finalized_redone_trunc_cp/t2_a5_customer_day/vegan/plots/C0BE4NDSW26QN.png,Plant-based
vegan,NA,-0.09757060659093,-0.63073397,0.463748235,1.00770501815724,442.885650243224,Restaurant,C0BE4NDSW26QN,../../model_fits/finalized_redone_trunc_cp/t2_a5_customer_day/vegan/plots/C0BE4NDSW26QN.png,Plant-based
vegan,NA,0.0178845278364207,-0.04382734025,0.0811155465,1.00358301298433,663.140038965307,Restaurant,ED5J990H5VAZT,../../model_fits/finalized_redone_trunc_cp/t2_a5_customer_day/vegan/plots/ED5J990H5VAZT.png,Plant-based
vegan,NA,-0.00701416081916333,-0.1051023525,0.0879521715,1.01252074437778,285.036392161756,Restaurant,ED5J990H5VAZT,../../model_fits/finalized_redone_trunc_cp/t2_a5_customer_day/vegan/plots/ED5J990H5VAZT.png,Plant-based
vegan,NA,0.0150180482764433,-0.0309559754225,0.0612998507,1.00049784478614,1053.65165362605,Restaurant,ED5J990H5VAZT,../../model_fits/finalized_redone_trunc_cp/t2_a5_customer_day/vegan/plots/ED5J990H5VAZT.png,Plant-based
vegan,NA,-0.0266238453704167,-0.07365265,0.01912994525,0.999824254080402,958.328531964696,Restaurant,ED5J990H5VAZT,../../model_fits/finalized_redone_trunc_cp/t2_a5_customer_day/vegan/plots/ED5J990H5VAZT.png,Plant-based
vegan,NA,-0.0916580550919967,-0.3362712575,0.05906107025,1.00584901393131,348.6368737901,Restaurant,EMBVNVD207CC6,../../model_fits/finalized_redone_trunc_cp/t2_a5_customer_day/vegan/plots/EMBVNVD207CC6.png,Plant-based
vegan,NA,-0.184791416967433,-0.4023150375,0.0430481675000001,1.0135828335053,242.070952028159,Restaurant,EMBVNVD207CC6,../../model_fits/finalized_redone_trunc_cp/t2_a5_customer_day/vegan/plots/EMBVNVD207CC6.png,Plant-based
vegan,NA,-0.0520281358296,-0.2263132384,0.10827817000000001,1.00978969524798,234.06018430349,Restaurant,EMBVNVD207CC6,../../model_fits/finalized_redone_trunc_cp/t2_a5_customer_day/vegan/plots/EMBVNVD207CC6.png,Plant-based
vegan,NA,0.0228481918200367,-0.228804675,0.282369203,1.00331224271804,364.022634661689,Restaurant,EMBVNVD207CC6,../../model_fits/finalized_redone_trunc_cp/t2_a5_customer_day/vegan/plots/EMBVNVD207CC6.png,Plant-based
vegan,NA,-0.0367661029444633,-0.2074700575,0.110044265,1.00981065318029,383.880224145741,Restaurant,L69HYJ4Y3TR91,../../model_fits/finalized_redone_trunc_cp/t2_a5_customer_day/vegan/plots/L69HYJ4Y3TR91.png,Plant-based
vegan,NA,-0.0179962862716667,-0.269333313,0.240542355,1.00732639052992,329.220779530669,Restaurant,L69HYJ4Y3TR91,../../model_fits/finalized_redone_trunc_cp/t2_a5_customer_day/vegan/plots/L69HYJ4Y3TR91.png,Plant-based
vegan,NA,-0.176697345051233,-0.38015033,0.0155057625,1.00767168208866,363.032720551418,Restaurant,L69HYJ4Y3TR91,../../model_fits/finalized_redone_trunc_cp/t2_a5_customer_day/vegan/plots/L69HYJ4Y3TR91.png,Plant-based
vegan,NA,0.051631317813,-0.13612491175,0.23739695975,1.00523715086137,418.344861051803,Restaurant,L69HYJ4Y3TR91,../../model_fits/finalized_redone_trunc_cp/t2_a5_customer_day/vegan/plots/L69HYJ4Y3TR91.png,Plant-based
vegan,NA,0.0370001620976,-0.087862785,0.18504934175,1.01489114798566,218.572473993846,Restaurant,LBZEEFSBJNB3Z,../../model_fits/finalized_redone_trunc_cp/t2_a5_customer_day/vegan/plots/LBZEEFSBJNB3Z.png,Plant-based
vegan,NA,0.0965801259592,-0.07869526125,0.322775965,1.01079281155842,159.727150232483,Restaurant,LBZEEFSBJNB3Z,../../model_fits/finalized_redone_trunc_cp/t2_a5_customer_day/vegan/plots/LBZEEFSBJNB3Z.png,Plant-based
vegan,NA,0.118981474498667,-0.02301749475,0.27993901375,1.00749141183427,506.610348465201,Restaurant,LBZEEFSBJNB3Z,../../model_fits/finalized_redone_trunc_cp/t2_a5_customer_day/vegan/plots/LBZEEFSBJNB3Z.png,Plant-based
vegan,NA,-0.0902379317363333,-0.2237446333,0.042454402,1.01350490350314,445.15008591367,Restaurant,LBZEEFSBJNB3Z,../../model_fits/finalized_redone_trunc_cp/t2_a5_customer_day/vegan/plots/LBZEEFSBJNB3Z.png,Plant-based
vegan,NA,-0.00220412516993333,-0.20504389,0.2206660175,1.00320594323979,397.28193805512,Restaurant,LQ5EH4BKGV61T,../../model_fits/finalized_redone_trunc_cp/t2_a5_customer_day/vegan/plots/LQ5EH4BKGV61T.png,Plant-based
vegan,NA,-0.0193372005316,-0.303488005,0.2564910725,1.00230080047693,462.276409159226,Restaurant,LQ5EH4BKGV61T,../../model_fits/finalized_redone_trunc_cp/t2_a5_customer_day/vegan/plots/LQ5EH4BKGV61T.png,Plant-based
vegan,NA,-0.00554809756918667,-0.2934913805,0.28431469,1.0061972188925,541.176238147488,Restaurant,LQ5EH4BKGV61T,../../model_fits/finalized_redone_trunc_cp/t2_a5_customer_day/vegan/plots/LQ5EH4BKGV61T.png,Plant-based
vegan,NA,0.0435485547801333,-0.43962645,0.548988557000001,1.00677282400101,422.131230910228,Restaurant,LQ5EH4BKGV61T,../../model_fits/finalized_redone_trunc_cp/t2_a5_customer_day/vegan/plots/LQ5EH4BKGV61T.png,Plant-based
vegan,NA,0.0450259256138867,-0.1041953175,0.274245553,1.00532424913564,191.944376072141,Restaurant,S8MT0YGD2KTN9,../../model_fits/finalized_redone_trunc_cp/t2_a5_customer_day/vegan/plots/S8MT0YGD2KTN9.png,Plant-based
vegan,NA,-0.0213424509640333,-0.1396795,0.1084506325,1.00985443083342,259.49107480141,Restaurant,S8MT0YGD2KTN9,../../model_fits/finalized_redone_trunc_cp/t2_a5_customer_day/vegan/plots/S8MT0YGD2KTN9.png,Plant-based
vegan,NA,0.0273925998929233,-0.128228189,0.18871857575,1.00255091486401,368.335085194916,Restaurant,S8MT0YGD2KTN9,../../model_fits/finalized_redone_trunc_cp/t2_a5_customer_day/vegan/plots/S8MT0YGD2KTN9.png,Plant-based
vegan,NA,0.0869851059580467,-0.123454635,0.30398233075,1.00210364585199,518.025932640627,Restaurant,S8MT0YGD2KTN9,../../model_fits/finalized_redone_trunc_cp/t2_a5_customer_day/vegan/plots/S8MT0YGD2KTN9.png,Plant-based
vegan,NA,-0.0332291850348533,-0.17186231825,0.10020861675,1.00296774479308,348.987734161578,Restaurant,SAFK7ND1HR6XS,../../model_fits/finalized_redone_trunc_cp/t2_a5_customer_day/vegan/plots/SAFK7ND1HR6XS.png,Plant-based
vegan,NA,-0.0285835928827133,-0.29828317875,0.241235265,1.00412116505362,471.25530366697,Restaurant,SAFK7ND1HR6XS,../../model_fits/finalized_redone_trunc_cp/t2_a5_customer_day/vegan/plots/SAFK7ND1HR6XS.png,Plant-based
vegan,NA,-0.0398575507653167,-0.205056113,0.1058657285,1.00931919200382,323.140406787834,Restaurant,SAFK7ND1HR6XS,../../model_fits/finalized_redone_trunc_cp/t2_a5_customer_day/vegan/plots/SAFK7ND1HR6XS.png,Plant-based
vegan,NA,0.0276394174315667,-0.164382525,0.231120225,1.00895440068543,327.796506336531,Restaurant,SAFK7ND1HR6XS,../../model_fits/finalized_redone_trunc_cp/t2_a5_customer_day/vegan/plots/SAFK7ND1HR6XS.png,Plant-based
vegan,NA,-0.0237484811111667,-0.12149181,0.071353515,1.00910193402746,324.994254401757,Restaurant,SRQS8F7JWA9MZ,../../model_fits/finalized_redone_trunc_cp/t2_a5_customer_day/vegan/plots/SRQS8F7JWA9MZ.png,Plant-based
vegan,NA,0.0338528007919333,-0.064258785,0.1328817125,1.00642725418213,317.478594128926,Restaurant,SRQS8F7JWA9MZ,../../model_fits/finalized_redone_trunc_cp/t2_a5_customer_day/vegan/plots/SRQS8F7JWA9MZ.png,Plant-based
vegan,NA,0.0775988567047224,-0.108212945,0.30378393,1.00614202216249,377.049047097443,Restaurant,SRQS8F7JWA9MZ,../../model_fits/finalized_redone_trunc_cp/t2_a5_customer_day/vegan/plots/SRQS8F7JWA9MZ.png,Plant-based
vegan,NA,0.0562614158425233,-0.16346395775,0.25053915,1.00418104036738,503.767736571473,Restaurant,SRQS8F7JWA9MZ,../../model_fits/finalized_redone_trunc_cp/t2_a5_customer_day/vegan/plots/SRQS8F7JWA9MZ.png,Plant-based
vegan,NA,-0.101255512262467,-0.2743165275,0.0552655575,1.01491142510125,202.94530726209,Restaurant,SRQS8F7JWA9MZ,../../model_fits/finalized_redone_trunc_cp/t2_a5_customer_day/vegan/plots/SRQS8F7JWA9MZ.png,Plant-based
vegan,NA,0.029071435724430002,-0.137867855,0.2036665325,1.01336333778255,206.799233124062,Restaurant,SRQS8F7JWA9MZ,../../model_fits/finalized_redone_trunc_cp/t2_a5_customer_day/vegan/plots/SRQS8F7JWA9MZ.png,Plant-based
vegan,NA,0.0698116507336667,-0.09039949,0.250891193,1.01503692498454,203.775044031627,Restaurant,SRQS8F7JWA9MZ,../../model_fits/finalized_redone_trunc_cp/t2_a5_customer_day/vegan/plots/SRQS8F7JWA9MZ.png,Plant-based
vegan,NA,0.01237412419274,-0.1687510835,0.186322055,1.01102615044957,218.77574415894,Restaurant,SRQS8F7JWA9MZ,../../model_fits/finalized_redone_trunc_cp/t2_a5_customer_day/vegan/plots/SRQS8F7JWA9MZ.png,Plant-based
vegan,NA,0.0457572063554333,-0.0966929275,0.19372350425,1.00361863062507,489.263024904458,Restaurant,V3Q26BHF3SE2H,../../model_fits/finalized_redone_trunc_cp/t2_a5_customer_day/vegan/plots/V3Q26BHF3SE2H.png,Plant-based
vegan,NA,0.0750615426490067,-0.06953717675,0.209210825,1.00321168116683,408.58265023845,Restaurant,V3Q26BHF3SE2H,../../model_fits/finalized_redone_trunc_cp/t2_a5_customer_day/vegan/plots/V3Q26BHF3SE2H.png,Plant-based
vegan,NA,-0.1043905131888,-0.24388751,0.02087328,1.0072624446916,443.927100979798,Restaurant,V3Q26BHF3SE2H,../../model_fits/finalized_redone_trunc_cp/t2_a5_customer_day/vegan/plots/V3Q26BHF3SE2H.png,Plant-based
vegan,NA,0.0042356732044,-0.120150345,0.1474190275,1.00105846666188,303.28940870482,Restaurant,V3Q26BHF3SE2H,../../model_fits/finalized_redone_trunc_cp/t2_a5_customer_day/vegan/plots/V3Q26BHF3SE2H.png,Plant-based
vegan,NA,0.01325180938912,-0.26420627425,0.274087275,1.00341731350469,546.755202442629,Restaurant,V3Q26BHF3SE2H,../../model_fits/finalized_redone_trunc_cp/t2_a5_customer_day/vegan/plots/V3Q26BHF3SE2H.png,Plant-based
vegan,NA,0.0141571720702267,-0.2545473875,0.248147465,1.00412398122796,488.297211553227,Restaurant,V3Q26BHF3SE2H,../../model_fits/finalized_redone_trunc_cp/t2_a5_customer_day/vegan/plots/V3Q26BHF3SE2H.png,Plant-based
vegan,NA,0.0560631774721,-0.1532774975,0.34337078375,1.0045277578783,395.411988862759,Restaurant,V3Q26BHF3SE2H,../../model_fits/finalized_redone_trunc_cp/t2_a5_customer_day/vegan/plots/V3Q26BHF3SE2H.png,Plant-based
vegan,NA,0.0147515439055633,-0.258447715,0.25334963,1.00504639785885,514.741762826994,Restaurant,V3Q26BHF3SE2H,../../model_fits/finalized_redone_trunc_cp/t2_a5_customer_day/vegan/plots/V3Q26BHF3SE2H.png,Plant-based
vegan,NA,0.0392813803413933,-0.24024603025,0.318955828,1.00568261728277,332.164320460531,Restaurant,V3Q26BHF3SE2H,../../model_fits/finalized_redone_trunc_cp/t2_a5_customer_day/vegan/plots/V3Q26BHF3SE2H.png,Plant-based
vegan,NA,0.21734343774601,-0.0625123225,0.5878612125,1.00547134485197,449.05740902313,Restaurant,V3Q26BHF3SE2H,../../model_fits/finalized_redone_trunc_cp/t2_a5_customer_day/vegan/plots/V3Q26BHF3SE2H.png,Plant-based
vegan,NA,-0.0389035259914333,-0.29013165225,0.2003845525,1.00076203746659,355.324873985898,Restaurant,V3Q26BHF3SE2H,../../model_fits/finalized_redone_trunc_cp/t2_a5_customer_day/vegan/plots/V3Q26BHF3SE2H.png,Plant-based
vegan,NA,-0.0103472221934433,-0.31053385,0.2445878985,1.00374422384245,489.310926408529,Restaurant,V3Q26BHF3SE2H,../../model_fits/finalized_redone_trunc_cp/t2_a5_customer_day/vegan/plots/V3Q26BHF3SE2H.png,Plant-based
vegan,NA,0.0382703573025743,-0.1415376825,0.2241894375,1.01145982725747,270.333241589264,Restaurant,V3Q26BHF3SE2H,../../model_fits/finalized_redone_trunc_cp/t2_a5_customer_day/vegan/plots/V3Q26BHF3SE2H.png,Plant-based
vegan,NA,-0.0932058075433233,-0.283455785,0.0863181625,1.00793285780095,484.909129622934,Restaurant,V3Q26BHF3SE2H,../../model_fits/finalized_redone_trunc_cp/t2_a5_customer_day/vegan/plots/V3Q26BHF3SE2H.png,Plant-based
vegan,NA,0.00106084804486667,-0.2122991675,0.2037483325,1.00687597450346,399.842649524255,Restaurant,V3Q26BHF3SE2H,../../model_fits/finalized_redone_trunc_cp/t2_a5_customer_day/vegan/plots/V3Q26BHF3SE2H.png,Plant-based
vegan,NA,-0.140677265357533,-0.3739040025,0.080643735,1.00179333322645,508.324196494095,Restaurant,V3Q26BHF3SE2H,../../model_fits/finalized_redone_trunc_cp/t2_a5_customer_day/vegan/plots/V3Q26BHF3SE2H.png,Plant-based
vegan,NA,-0.0736305953554,-0.25863225,0.1278696,1.02094133668315,342.130939355033,Restaurant,W8T41JZK0ZMEP,../../model_fits/finalized_redone_trunc_cp/t2_a5_customer_day/vegan/plots/W8T41JZK0ZMEP.png,Plant-based
vegan,NA,0.149540694912033,-0.041133975,0.339137315,1.01547375571855,255.863544896013,Restaurant,W8T41JZK0ZMEP,../../model_fits/finalized_redone_trunc_cp/t2_a5_customer_day/vegan/plots/W8T41JZK0ZMEP.png,Plant-based
vegan,NA,-0.108123991986667,-0.285514835,0.0566502625,1.00592735048607,430.4663783453,Restaurant,W8T41JZK0ZMEP,../../model_fits/finalized_redone_trunc_cp/t2_a5_customer_day/vegan/plots/W8T41JZK0ZMEP.png,Plant-based
vegan,NA,-0.0661063293625667,-0.2467608325,0.10110973775,1.01113293973604,391.7266504887,Restaurant,W8T41JZK0ZMEP,../../model_fits/finalized_redone_trunc_cp/t2_a5_customer_day/vegan/plots/W8T41JZK0ZMEP.png,Plant-based
vegan,NA,2.7490456003333e-4,-0.193053025,0.2074007975,1.01288875250234,409.942473347204,Restaurant,W8T41JZK0ZMEP,../../model_fits/finalized_redone_trunc_cp/t2_a5_customer_day/vegan/plots/W8T41JZK0ZMEP.png,Plant-based
vegan,NA,0.027952214199673302,-0.22412701825,0.30357993,1.00430982279532,398.995330775397,Restaurant,W8T41JZK0ZMEP,../../model_fits/finalized_redone_trunc_cp/t2_a5_customer_day/vegan/plots/W8T41JZK0ZMEP.png,Plant-based
vegan,NA,-0.0267093381540353,-0.3557492805,0.1811314425,1.00548302273171,554.508922647609,Restaurant,W8T41JZK0ZMEP,../../model_fits/finalized_redone_trunc_cp/t2_a5_customer_day/vegan/plots/W8T41JZK0ZMEP.png,Plant-based
vegan,NA,0.03495724779257,-0.209888565,0.34159840725,1.01228842577871,573.640337528191,Restaurant,W8T41JZK0ZMEP,../../model_fits/finalized_redone_trunc_cp/t2_a5_customer_day/vegan/plots/W8T41JZK0ZMEP.png,Plant-based
vegan,NA,0.0142275697501467,-0.23995383675,0.293210785,1.00339171886613,521.746694312636,Restaurant,W8T41JZK0ZMEP,../../model_fits/finalized_redone_trunc_cp/t2_a5_customer_day/vegan/plots/W8T41JZK0ZMEP.png,Plant-based
vegan,NA,0.0224166595902567,-0.21992703075,0.287067117,1.00578508169377,441.724080754982,Restaurant,W8T41JZK0ZMEP,../../model_fits/finalized_redone_trunc_cp/t2_a5_customer_day/vegan/plots/W8T41JZK0ZMEP.png,Plant-based
vegan,NA,0.2150697140506,-0.08580006475,0.6594146075,1.011000554087,282.245623406705,Restaurant,W8T41JZK0ZMEP,../../model_fits/finalized_redone_trunc_cp/t2_a5_customer_day/vegan/plots/W8T41JZK0ZMEP.png,Plant-based
vegan,NA,0.0641588818898,-0.23142103125,0.346781515,1.0045504108861,445.988581532404,Restaurant,W8T41JZK0ZMEP,../../model_fits/finalized_redone_trunc_cp/t2_a5_customer_day/vegan/plots/W8T41JZK0ZMEP.png,Plant-based
vegan,NA,0.245101613699023,0.0183893175,0.4982205625,1.00447143332811,386.570991423194,Restaurant,W8T41JZK0ZMEP,../../model_fits/finalized_redone_trunc_cp/t2_a5_customer_day/vegan/plots/W8T41JZK0ZMEP.png,Plant-based
vegan,NA,0.00234525534003333,-0.2234348275,0.222441855,1.00511456781853,569.098537985131,Restaurant,W8T41JZK0ZMEP,../../model_fits/finalized_redone_trunc_cp/t2_a5_customer_day/vegan/plots/W8T41JZK0ZMEP.png,Plant-based
vegan,NA,-0.1186429687964,-0.4096520675,0.140895035,1.0026016333444,406.149131021101,Restaurant,W8T41JZK0ZMEP,../../model_fits/finalized_redone_trunc_cp/t2_a5_customer_day/vegan/plots/W8T41JZK0ZMEP.png,Plant-based
vegan,NA,-0.0473533265859333,-0.3187341525,0.1967910675,1.00512906397448,659.948301688055,Restaurant,W8T41JZK0ZMEP,../../model_fits/finalized_redone_trunc_cp/t2_a5_customer_day/vegan/plots/W8T41JZK0ZMEP.png,Plant-based
vegan,NA,0.0715293784395333,-0.18500652,0.3388142325,1.0057071002148,396.607783191848,Restaurant,W8T41JZK0ZMEP,../../model_fits/finalized_redone_trunc_cp/t2_a5_customer_day/vegan/plots/W8T41JZK0ZMEP.png,Plant-based
vegan,NA,0.0995941748099333,-0.16872145025,0.387918182,1.00488916590961,442.974684377109,Restaurant,W8T41JZK0ZMEP,../../model_fits/finalized_redone_trunc_cp/t2_a5_customer_day/vegan/plots/W8T41JZK0ZMEP.png,Plant-based
vegan,NA,-0.258818280507733,-0.7440657225,0.0925198875,1.00412213473282,354.798633197749,Restaurant,W8T41JZK0ZMEP,../../model_fits/finalized_redone_trunc_cp/t2_a5_customer_day/vegan/plots/W8T41JZK0ZMEP.png,Plant-based
vegan,NA,0.151294177462967,-0.1396969475,0.4846415725,1.00617094860981,591.889670667201,Restaurant,W8T41JZK0ZMEP,../../model_fits/finalized_redone_trunc_cp/t2_a5_customer_day/vegan/plots/W8T41JZK0ZMEP.png,Plant-based
