outcome,exposure_group,exposure_type,mean,q2.5,q97.5,mean_exp,mean_exp_p10,rhat,estimate_type,restaurant_id,pred_path,color_group,step_size
total,mpbamod,Count,1,1,1,1,1,NA,Pooled,POOLED,NA,Total,0.15
total,mpbamod,Proportion,1,1,1,1,1,NA,Pooled,POOLED,NA,Total,0.15
total,vegan,Count,1,1,1,1,1,NA,Pooled,POOLED,NA,Total,0.15
total,vegan,Proportion,1,1,1,1,1,NA,Pooled,POOLED,NA,Total,0.15
total,vegetarian,Count,1,1,1,1,1,NA,Pooled,POOLED,NA,Total,0.15
total,vegetarian,Proportion,1,1,1,1,1,NA,Pooled,POOLED,NA,Total,0.15
nonvegan,mpbamod,Count,1.00508073275755,0.9338926501112139,1.082655010949764,1.00508073275755,1.00044434101901,1.00056189053564,Pooled,POOLED,NA,Animal,0.15
nonvegan,mpbamod,Proportion,0.999376457435162,0.8501473656006149,1.158708669870916,1.30245129340097,0.999376457435162,1.00360910329107,Pooled,POOLED,NA,Animal,0.15
nonvegan,vegan,Count,1.00841652991698,0.8852847943861101,1.136181576165437,1.00841652991698,1.00066293445917,1.00398620412241,Pooled,POOLED,NA,Animal,0.15
nonvegan,vegan,Proportion,0.989703123478078,0.8961824754554127,1.081675419183202,0.997190672281089,0.989703123478078,1.00273386236915,Pooled,POOLED,NA,Animal,0.15
nonvegan,vegetarian,Count,1.00230748749973,0.9582569831347841,1.0447733873082363,1.00230748749973,1.00020861068456,1.00339872863888,Pooled,POOLED,NA,Animal,0.15
nonvegan,vegetarian,Proportion,0.986076703645408,0.9112910599220699,1.0695167294446801,0.936864810810942,0.986076703645408,1.03252746942009,Pooled,POOLED,NA,Animal,0.15
meat,mpbamod,Count,1.00816019036618,0.9404965948657711,1.0760839159771824,1.00816019036618,1.00076619242496,1.00023192038229,Pooled,POOLED,NA,Animal,0.15
meat,mpbamod,Proportion,1.02426717928531,0.8820432970538383,1.165893612524043,1.58371268650484,1.02426717928531,1.62180190276185,Pooled,POOLED,NA,Animal,0.15
meat,vegan,Count,1.00622624860531,0.8706041293700127,1.1568591812069164,1.00622624860531,1.00038893082737,1.03774088429,Pooled,POOLED,NA,Animal,0.15
meat,vegan,Proportion,0.967684228939839,0.8613778871872025,1.087373282388626,0.836716720404112,0.967684228939839,1.00333658072244,Pooled,POOLED,NA,Animal,0.15
meat,vegetarian,Count,0.985780335369518,0.948532762339916,1.0225222186911218,0.985780335369518,0.998552500223623,1.00164047837956,Pooled,POOLED,NA,Animal,0.15
meat,vegetarian,Proportion,0.902212647178279,0.8280727332627489,0.9820765599597665,0.390390951112136,0.902212647178279,0.999939242075121,Pooled,POOLED,NA,Animal,0.15
chicken_fish,mpbamod,Count,1.01769392462198,0.9390576285367153,1.1009622968284147,1.01769392462198,1.00168793723662,1.00063852885335,Pooled,POOLED,NA,Animal,0.15
chicken_fish,mpbamod,Proportion,1.00171359305766,0.8508640295811025,1.172267653324013,1.37730934330532,1.00171359305766,1.00312560585915,Pooled,POOLED,NA,Animal,0.15
chicken_fish,vegan,Count,0.953029530748632,0.8496182570971765,1.059560972985018,0.953029530748632,0.995047633946727,1.00316881478204,Pooled,POOLED,NA,Animal,0.15
chicken_fish,vegan,Proportion,0.913392864945756,0.7917001676858375,1.0471783648400075,0.511493631536105,0.913392864945756,1.00278823757493,Pooled,POOLED,NA,Animal,0.15
chicken_fish,vegetarian,Count,0.97865252079758,0.9341083017066336,1.0219638798199304,0.97865252079758,0.997821840509633,1.00137997375096,Pooled,POOLED,NA,Animal,0.15
chicken_fish,vegetarian,Proportion,0.833532901192528,0.7439968533881436,0.9393842923691972,0.190095909214767,0.833532901192528,1.00540853581113,Pooled,POOLED,NA,Animal,0.15
vegetarian,mpbamod,Count,1.00720761140073,0.9317848334705549,1.087640666857124,1.00720761140073,1.00064825793739,1.00986550584983,Pooled,POOLED,NA,Plant-based,0.15
vegetarian,mpbamod,Proportion,1.01328551491492,0.8693943160791211,1.1885821953208613,1.52131897417438,1.01328551491492,1.02611729398468,Pooled,POOLED,NA,Plant-based,0.15
vegetarian,vegan,Count,0.986664014102702,0.8851111983625071,1.0847853260595544,0.986664014102702,0.998534032897097,1.00211710872981,Pooled,POOLED,NA,Plant-based,0.15
vegetarian,vegan,Proportion,0.988831415039422,0.9041799628078966,1.0813155588626446,0.982808737119964,0.988831415039422,1.00214940861979,Pooled,POOLED,NA,Plant-based,0.15
vegetarian,vegetarian,Count,1.00435615564146,0.9598618839558364,1.04955640890995,1.00435615564146,1.00041252465696,1.04278265808056,Pooled,POOLED,NA,Plant-based,0.15
vegetarian,vegetarian,Proportion,1.03723568395833,0.9522685526517206,1.1302983569241551,1.57213393843071,1.03723568395833,1.01601935396981,Pooled,POOLED,NA,Plant-based,0.15
vegan,mpbamod,Count,1.02425956324775,0.9408177903789429,1.121646786577542,1.02425956324775,1.00230843922715,1.0216551946903,Pooled,POOLED,NA,Plant-based,0.15
vegan,mpbamod,Proportion,1.03423281544657,0.8604901064844075,1.2304860011438306,2.03996900251632,1.03423281544657,1.010702546537,Pooled,POOLED,NA,Plant-based,0.15
vegan,vegan,Count,1.02643049448861,0.9155823429650082,1.1543475668103078,1.02643049448861,1.0024393218941,1.0050888444834,Pooled,POOLED,NA,Plant-based,0.15
vegan,vegan,Proportion,1.0334904089325,0.9128490279728416,1.1657764051703707,1.64687273837238,1.0334904089325,1.00467684333929,Pooled,POOLED,NA,Plant-based,0.15
vegan,vegetarian,Count,1.0151691942769001,0.9576708239985854,1.0637209454160335,1.0151691942769001,1.00147475621064,1.01591069401392,Pooled,POOLED,NA,Plant-based,0.15
vegan,vegetarian,Proportion,0.987405960288995,0.9017501379213102,1.0858361132073078,0.978124381207143,0.987405960288995,1.00386486160666,Pooled,POOLED,NA,Plant-based,0.15
nonvegan,mpbamod,Count,0.998362111141708,0.9323832918405697,1.0699288310774528,0.998362111141708,0.999781068333977,0.99980634594859,Restaurant,1SQPTEGYPH0GA,../../model_fits/finalized_redone_trunc_cp/t2_a1_proportion/nonvegan/mpbamod_dishes_count/plots/1SQPTEGYPH0GA.png,Animal,0.15
nonvegan,mpbamod,Count,0.995642555829206,0.8238958928774643,1.1887226888687152,0.995642555829206,0.999194286011009,1.00034753022509,Restaurant,2HRX9P6HKXA8V,../../model_fits/finalized_redone_trunc_cp/t2_a1_proportion/nonvegan/mpbamod_dishes_count/plots/2HRX9P6HKXA8V.png,Animal,0.15
nonvegan,mpbamod,Count,0.999816024504088,0.9225132541992548,1.0898864415232934,0.999816024504088,0.999900394175908,0.99979377936328,Restaurant,78AY09MVJVTYE,../../model_fits/finalized_redone_trunc_cp/t2_a1_proportion/nonvegan/mpbamod_dishes_count/plots/78AY09MVJVTYE.png,Animal,0.15
nonvegan,mpbamod,Count,0.996547914790549,0.9711459951837674,1.025410490364819,0.996547914790549,0.999645267834669,1.00138451815796,Restaurant,9XKJD8DQTH559,../../model_fits/finalized_redone_trunc_cp/t2_a1_proportion/nonvegan/mpbamod_dishes_count/plots/9XKJD8DQTH559.png,Animal,0.15
nonvegan,mpbamod,Count,1.01670061569369,0.8526264326731758,1.1839255563402622,1.01670061569369,1.00134494072465,1.00009539972885,Restaurant,C0BE4NDSW26QN,../../model_fits/finalized_redone_trunc_cp/t2_a1_proportion/nonvegan/mpbamod_dishes_count/plots/C0BE4NDSW26QN.png,Animal,0.15
nonvegan,mpbamod,Count,1.01038940134083,0.937334448856451,1.0893022212251982,1.01038940134083,1.00096985782579,0.999204531021544,Restaurant,CB2KHY1C2G9PT,../../model_fits/finalized_redone_trunc_cp/t2_a1_proportion/nonvegan/mpbamod_dishes_count/plots/CB2KHY1C2G9PT.png,Animal,0.15
nonvegan,mpbamod,Count,1.00172356464074,0.9817955948163162,1.0189257266372564,1.00172356464074,1.00016797928806,1.00071313230548,Restaurant,ED5J990H5VAZT,../../model_fits/finalized_redone_trunc_cp/t2_a1_proportion/nonvegan/mpbamod_dishes_count/plots/ED5J990H5VAZT.png,Animal,0.15
nonvegan,mpbamod,Count,1.06590143743371,0.907411881915731,1.2318588028290314,1.06590143743371,1.00613464348673,1.0017088950305,Restaurant,EMBVNVD207CC6,../../model_fits/finalized_redone_trunc_cp/t2_a1_proportion/nonvegan/mpbamod_dishes_count/plots/EMBVNVD207CC6.png,Animal,0.15
nonvegan,mpbamod,Count,0.996918033486696,0.9581580551938511,1.0431709187718292,0.996918033486696,0.999669826036819,1.00256819809078,Restaurant,JHDN7CF1C03X5,../../model_fits/finalized_redone_trunc_cp/t2_a1_proportion/nonvegan/mpbamod_dishes_count/plots/JHDN7CF1C03X5.png,Animal,0.15
nonvegan,mpbamod,Count,1.01821596337793,0.8478346252202974,1.1801743900990451,1.01821596337793,1.00148966131059,1.00069893835527,Restaurant,L69HYJ4Y3TR91,../../model_fits/finalized_redone_trunc_cp/t2_a1_proportion/nonvegan/mpbamod_dishes_count/plots/L69HYJ4Y3TR91.png,Animal,0.15
nonvegan,mpbamod,Count,1.00765801176325,0.91078994830277,1.1167315105978282,1.00765801176325,1.00064579186264,1.00036674496163,Restaurant,LBZEEFSBJNB3Z,../../model_fits/finalized_redone_trunc_cp/t2_a1_proportion/nonvegan/mpbamod_dishes_count/plots/LBZEEFSBJNB3Z.png,Animal,0.15
nonvegan,mpbamod,Count,0.994913378518804,0.7414848463133602,1.346851991551138,0.994913378518804,0.998488661974711,1.00154936305391,Restaurant,LFZFT3VASXPED,../../model_fits/finalized_redone_trunc_cp/t2_a1_proportion/nonvegan/mpbamod_dishes_count/plots/LFZFT3VASXPED.png,Animal,0.15
nonvegan,mpbamod,Count,1.01677255671082,0.8369896616596962,1.2114350249698658,1.01677255671082,1.00129507494363,1.00073627457043,Restaurant,LQ5EH4BKGV61T,../../model_fits/finalized_redone_trunc_cp/t2_a1_proportion/nonvegan/mpbamod_dishes_count/plots/LQ5EH4BKGV61T.png,Animal,0.15
nonvegan,mpbamod,Count,1.00109340588359,0.8697901998825722,1.1549318351632505,1.00109340588359,0.999880470560308,0.999731585860922,Restaurant,S8MT0YGD2KTN9,../../model_fits/finalized_redone_trunc_cp/t2_a1_proportion/nonvegan/mpbamod_dishes_count/plots/S8MT0YGD2KTN9.png,Animal,0.15
nonvegan,mpbamod,Count,0.997578141717454,0.7824699160495188,1.2940079225021035,0.997578141717454,0.999071561937426,1.00139092027259,Restaurant,SAFK7ND1HR6XS,../../model_fits/finalized_redone_trunc_cp/t2_a1_proportion/nonvegan/mpbamod_dishes_count/plots/SAFK7ND1HR6XS.png,Animal,0.15
nonvegan,mpbamod,Count,0.999031706468422,0.9353207086051958,1.0668969311036083,0.999031706468422,0.999853063335573,1.0001670034183,Restaurant,SRQS8F7JWA9MZ,../../model_fits/finalized_redone_trunc_cp/t2_a1_proportion/nonvegan/mpbamod_dishes_count/plots/SRQS8F7JWA9MZ.png,Animal,0.15
nonvegan,mpbamod,Count,1.0090737748199201,0.9653254407024191,1.050374036523496,1.0090737748199201,1.00088325710183,1.00016161148219,Restaurant,V3Q26BHF3SE2H,../../model_fits/finalized_redone_trunc_cp/t2_a1_proportion/nonvegan/mpbamod_dishes_count/plots/V3Q26BHF3SE2H.png,Animal,0.15
nonvegan,mpbamod,Count,0.997369791306308,0.969282401961946,1.028794419692085,0.997369791306308,0.999725276178756,1.0006585219728,Restaurant,W8T41JZK0ZMEP,../../model_fits/finalized_redone_trunc_cp/t2_a1_proportion/nonvegan/mpbamod_dishes_count/plots/W8T41JZK0ZMEP.png,Animal,0.15
nonvegan,mpbamod,Proportion,1.0314605032075,0.799379897305226,1.3105168403197756,2.7102904640529,1.0314605032075,1.00063361128206,Restaurant,1SQPTEGYPH0GA,../../model_fits/finalized_redone_trunc_cp/t2_a1_proportion/nonvegan/mpbamod_dishes_prop/plots/1SQPTEGYPH0GA.png,Animal,0.15
nonvegan,mpbamod,Proportion,1.00822080217098,0.6361519921026632,1.493379577492224,8.89996752208454,1.00822080217098,1.00142655872107,Restaurant,2HRX9P6HKXA8V,../../model_fits/finalized_redone_trunc_cp/t2_a1_proportion/nonvegan/mpbamod_dishes_prop/plots/2HRX9P6HKXA8V.png,Animal,0.15
nonvegan,mpbamod,Proportion,1.02625865223185,0.8161396042593538,1.2761767274901168,2.30705597731848,1.02625865223185,1.00115634695736,Restaurant,78AY09MVJVTYE,../../model_fits/finalized_redone_trunc_cp/t2_a1_proportion/nonvegan/mpbamod_dishes_prop/plots/78AY09MVJVTYE.png,Animal,0.15
nonvegan,mpbamod,Proportion,1.02025325590217,0.886698258608189,1.1657037150555087,1.52273294703779,1.02025325590217,1.00026504304417,Restaurant,9XKJD8DQTH559,../../model_fits/finalized_redone_trunc_cp/t2_a1_proportion/nonvegan/mpbamod_dishes_prop/plots/9XKJD8DQTH559.png,Animal,0.15
nonvegan,mpbamod,Proportion,1.0509600723745,0.6810397465893778,1.5551145056592122,10.5835562904827,1.0509600723745,1.00033294542483,Restaurant,C0BE4NDSW26QN,../../model_fits/finalized_redone_trunc_cp/t2_a1_proportion/nonvegan/mpbamod_dishes_prop/plots/C0BE4NDSW26QN.png,Animal,0.15
nonvegan,mpbamod,Proportion,1.00209614171562,0.8840072732234528,1.1279864033663678,1.21576680748036,1.00209614171562,0.999905032672287,Restaurant,CB2KHY1C2G9PT,../../model_fits/finalized_redone_trunc_cp/t2_a1_proportion/nonvegan/mpbamod_dishes_prop/plots/CB2KHY1C2G9PT.png,Animal,0.15
nonvegan,mpbamod,Proportion,0.99756998463997,0.9572063309852116,1.040348948702456,0.995394380558809,0.99756998463997,1.0004681793043,Restaurant,ED5J990H5VAZT,../../model_fits/finalized_redone_trunc_cp/t2_a1_proportion/nonvegan/mpbamod_dishes_prop/plots/ED5J990H5VAZT.png,Animal,0.15
nonvegan,mpbamod,Proportion,1.00511256622885,0.8617209199270148,1.1587635439629105,1.34996951598422,1.00511256622885,1.00114330017458,Restaurant,EMBVNVD207CC6,../../model_fits/finalized_redone_trunc_cp/t2_a1_proportion/nonvegan/mpbamod_dishes_prop/plots/EMBVNVD207CC6.png,Animal,0.15
nonvegan,mpbamod,Proportion,1.05481142556752,0.880443892489518,1.2514468063549142,2.44763023834537,1.05481142556752,1.00482270381403,Restaurant,JHDN7CF1C03X5,../../model_fits/finalized_redone_trunc_cp/t2_a1_proportion/nonvegan/mpbamod_dishes_prop/plots/JHDN7CF1C03X5.png,Animal,0.15
nonvegan,mpbamod,Proportion,0.989721121054851,0.5871054982683217,1.567235563073645,11.7326251222236,0.989721121054851,0.999990225678712,Restaurant,L69HYJ4Y3TR91,../../model_fits/finalized_redone_trunc_cp/t2_a1_proportion/nonvegan/mpbamod_dishes_prop/plots/L69HYJ4Y3TR91.png,Animal,0.15
nonvegan,mpbamod,Proportion,0.997502781534114,0.7101243959181139,1.3493160919090084,3.0281853265887,0.997502781534114,1.0004003480459,Restaurant,LBZEEFSBJNB3Z,../../model_fits/finalized_redone_trunc_cp/t2_a1_proportion/nonvegan/mpbamod_dishes_prop/plots/LBZEEFSBJNB3Z.png,Animal,0.15
nonvegan,mpbamod,Proportion,1.03997589149909,0.461229162539036,2.0518608087199364,2307.84494850976,1.03997589149909,1.00046718502808,Restaurant,LFZFT3VASXPED,../../model_fits/finalized_redone_trunc_cp/t2_a1_proportion/nonvegan/mpbamod_dishes_prop/plots/LFZFT3VASXPED.png,Animal,0.15
nonvegan,mpbamod,Proportion,1.03779478048938,0.6558170932048586,1.5576920823082485,13.6890753442744,1.03779478048938,1.00039100390588,Restaurant,LQ5EH4BKGV61T,../../model_fits/finalized_redone_trunc_cp/t2_a1_proportion/nonvegan/mpbamod_dishes_prop/plots/LQ5EH4BKGV61T.png,Animal,0.15
nonvegan,mpbamod,Proportion,0.948906586537551,0.6817739876296994,1.2993148970061394,1.80813691212848,0.948906586537551,1.0000445933136899,Restaurant,S8MT0YGD2KTN9,../../model_fits/finalized_redone_trunc_cp/t2_a1_proportion/nonvegan/mpbamod_dishes_prop/plots/S8MT0YGD2KTN9.png,Animal,0.15
nonvegan,mpbamod,Proportion,1.01540872717034,0.641028467515171,1.5183934228391225,10.2658286203398,1.01540872717034,0.99985020960545,Restaurant,SAFK7ND1HR6XS,../../model_fits/finalized_redone_trunc_cp/t2_a1_proportion/nonvegan/mpbamod_dishes_prop/plots/SAFK7ND1HR6XS.png,Animal,0.15
nonvegan,mpbamod,Proportion,1.00093945735791,0.924213362915842,1.0785839305749663,1.08067921589879,1.00093945735791,1.00157559302491,Restaurant,SRQS8F7JWA9MZ,../../model_fits/finalized_redone_trunc_cp/t2_a1_proportion/nonvegan/mpbamod_dishes_prop/plots/SRQS8F7JWA9MZ.png,Animal,0.15
nonvegan,mpbamod,Proportion,1.0120350896804,0.9441509209050514,1.0852443691433622,1.19223452797266,1.0120350896804,1.00035787577406,Restaurant,V3Q26BHF3SE2H,../../model_fits/finalized_redone_trunc_cp/t2_a1_proportion/nonvegan/mpbamod_dishes_prop/plots/V3Q26BHF3SE2H.png,Animal,0.15
nonvegan,mpbamod,Proportion,0.921515985863338,0.787794096599751,1.0655056907291927,0.573748821529411,0.921515985863338,0.999371992528132,Restaurant,W8T41JZK0ZMEP,../../model_fits/finalized_redone_trunc_cp/t2_a1_proportion/nonvegan/mpbamod_dishes_prop/plots/W8T41JZK0ZMEP.png,Animal,0.15
nonvegan,vegan,Count,0.988641178902063,0.947736971688451,1.031095754926979,0.988641178902063,0.998837794689336,1.0005685678707,Restaurant,1SQPTEGYPH0GA,../../model_fits/finalized_redone_trunc_cp/t2_a1_proportion/nonvegan/vegan_dishes_count/plots/1SQPTEGYPH0GA.png,Animal,0.15
nonvegan,vegan,Count,0.997926176730052,0.8865631339180948,1.121436146267914,0.997926176730052,0.999627637140081,1.00070809623826,Restaurant,2HRX9P6HKXA8V,../../model_fits/finalized_redone_trunc_cp/t2_a1_proportion/nonvegan/vegan_dishes_count/plots/2HRX9P6HKXA8V.png,Animal,0.15
nonvegan,vegan,Count,0.993851930903363,0.9658389947144151,1.0224205336239987,0.993851930903363,0.999373706208806,1.00081088172333,Restaurant,78AY09MVJVTYE,../../model_fits/finalized_redone_trunc_cp/t2_a1_proportion/nonvegan/vegan_dishes_count/plots/78AY09MVJVTYE.png,Animal,0.15
nonvegan,vegan,Count,0.995886793433398,0.9743219428722888,1.016787841464923,0.995886793433398,0.999582633232171,1.00111511642985,Restaurant,9XKJD8DQTH559,../../model_fits/finalized_redone_trunc_cp/t2_a1_proportion/nonvegan/vegan_dishes_count/plots/9XKJD8DQTH559.png,Animal,0.15
nonvegan,vegan,Count,0.996779350723033,0.9476969540359094,1.043985241013218,0.996779350723033,0.999649644489685,1.00025841141992,Restaurant,C0BE4NDSW26QN,../../model_fits/finalized_redone_trunc_cp/t2_a1_proportion/nonvegan/vegan_dishes_count/plots/C0BE4NDSW26QN.png,Animal,0.15
nonvegan,vegan,Count,0.998023074386571,0.9756800922820112,1.0209451593435608,0.998023074386571,0.999796029803469,0.999477615758941,Restaurant,CB2KHY1C2G9PT,../../model_fits/finalized_redone_trunc_cp/t2_a1_proportion/nonvegan/vegan_dishes_count/plots/CB2KHY1C2G9PT.png,Animal,0.15
nonvegan,vegan,Count,0.98772432888586,0.9217606726528209,1.0572703809416475,0.98772432888586,0.998708680657106,1.00083972816549,Restaurant,ED5J990H5VAZT,../../model_fits/finalized_redone_trunc_cp/t2_a1_proportion/nonvegan/vegan_dishes_count/plots/ED5J990H5VAZT.png,Animal,0.15
nonvegan,vegan,Count,1.03837414615102,0.8726796513280307,1.2245054041466505,1.03837414615102,1.00342262171752,0.999912279942738,Restaurant,EMBVNVD207CC6,../../model_fits/finalized_redone_trunc_cp/t2_a1_proportion/nonvegan/vegan_dishes_count/plots/EMBVNVD207CC6.png,Animal,0.15
nonvegan,vegan,Count,0.993331665802643,0.9687189928887222,1.0167621694618698,0.993331665802643,0.999324264775316,1.00033171369242,Restaurant,JHDN7CF1C03X5,../../model_fits/finalized_redone_trunc_cp/t2_a1_proportion/nonvegan/vegan_dishes_count/plots/JHDN7CF1C03X5.png,Animal,0.15
nonvegan,vegan,Count,0.990140753951218,0.9251558884637987,1.0528131131647744,0.990140753951218,0.998961200541055,1.00029554323538,Restaurant,L69HYJ4Y3TR91,../../model_fits/finalized_redone_trunc_cp/t2_a1_proportion/nonvegan/vegan_dishes_count/plots/L69HYJ4Y3TR91.png,Animal,0.15
nonvegan,vegan,Count,1.01576267112608,0.9457518080572586,1.0904713546756246,1.01576267112608,1.00150352689796,1.00036179830992,Restaurant,LBZEEFSBJNB3Z,../../model_fits/finalized_redone_trunc_cp/t2_a1_proportion/nonvegan/vegan_dishes_count/plots/LBZEEFSBJNB3Z.png,Animal,0.15
nonvegan,vegan,Count,1.01060825049673,0.7893205449513826,1.2492601117612772,1.01060825049673,1.00043501645547,1.00327667219394,Restaurant,LFZFT3VASXPED,../../model_fits/finalized_redone_trunc_cp/t2_a1_proportion/nonvegan/vegan_dishes_count/plots/LFZFT3VASXPED.png,Animal,0.15
nonvegan,vegan,Count,0.980508365019189,0.7755415849685909,1.2199311009264973,0.980508365019189,0.997419476551835,1.00034695591961,Restaurant,LQ5EH4BKGV61T,../../model_fits/finalized_redone_trunc_cp/t2_a1_proportion/nonvegan/vegan_dishes_count/plots/LQ5EH4BKGV61T.png,Animal,0.15
nonvegan,vegan,Count,1.02680740892285,0.9138399107237264,1.1520312070385812,1.02680740892285,1.00248767365918,1.00194824463865,Restaurant,S8MT0YGD2KTN9,../../model_fits/finalized_redone_trunc_cp/t2_a1_proportion/nonvegan/vegan_dishes_count/plots/S8MT0YGD2KTN9.png,Animal,0.15
nonvegan,vegan,Count,1.02097784982246,0.715760052191644,1.363417639856189,1.02097784982246,1.00089317389839,1.00096161838076,Restaurant,SAFK7ND1HR6XS,../../model_fits/finalized_redone_trunc_cp/t2_a1_proportion/nonvegan/vegan_dishes_count/plots/SAFK7ND1HR6XS.png,Animal,0.15
nonvegan,vegan,Count,0.935521643119472,0.7847801628461891,1.1208483738857098,0.935521643119472,0.992972005543159,1.00210550127583,Restaurant,SRQS8F7JWA9MZ,../../model_fits/finalized_redone_trunc_cp/t2_a1_proportion/nonvegan/vegan_dishes_count/plots/SRQS8F7JWA9MZ.png,Animal,0.15
nonvegan,vegan,Count,0.965951534616614,0.9028595231948776,1.03974545433639,0.965951534616614,0.996483509214896,1.00001445259922,Restaurant,V3Q26BHF3SE2H,../../model_fits/finalized_redone_trunc_cp/t2_a1_proportion/nonvegan/vegan_dishes_count/plots/V3Q26BHF3SE2H.png,Animal,0.15
nonvegan,vegan,Count,1.00848230214304,0.9890616714968543,1.027744227123034,1.00848230214304,1.00084061235187,1.00045397278355,Restaurant,W8T41JZK0ZMEP,../../model_fits/finalized_redone_trunc_cp/t2_a1_proportion/nonvegan/vegan_dishes_count/plots/W8T41JZK0ZMEP.png,Animal,0.15
nonvegan,vegan,Proportion,0.997497817173153,0.8358082252262711,1.1733097075460384,1.35567353846372,0.997497817173153,1.00079331571239,Restaurant,1SQPTEGYPH0GA,../../model_fits/finalized_redone_trunc_cp/t2_a1_proportion/nonvegan/vegan_dishes_prop/plots/1SQPTEGYPH0GA.png,Animal,0.15
nonvegan,vegan,Proportion,0.998776677675611,0.8103358200954753,1.212006901545037,1.58825066609389,0.998776677675611,1.00072655635851,Restaurant,2HRX9P6HKXA8V,../../model_fits/finalized_redone_trunc_cp/t2_a1_proportion/nonvegan/vegan_dishes_prop/plots/2HRX9P6HKXA8V.png,Animal,0.15
nonvegan,vegan,Proportion,0.997323543959293,0.9272581574921996,1.0709474504823142,1.03428533627793,0.997323543959293,1.00009793573758,Restaurant,78AY09MVJVTYE,../../model_fits/finalized_redone_trunc_cp/t2_a1_proportion/nonvegan/vegan_dishes_prop/plots/78AY09MVJVTYE.png,Animal,0.15
nonvegan,vegan,Proportion,0.974846208457302,0.8392714518583155,1.13525842671284,1.0209693267965,0.974846208457302,1.00138060306897,Restaurant,9XKJD8DQTH559,../../model_fits/finalized_redone_trunc_cp/t2_a1_proportion/nonvegan/vegan_dishes_prop/plots/9XKJD8DQTH559.png,Animal,0.15
nonvegan,vegan,Proportion,0.998815705961028,0.8296868500535819,1.1921200141062387,1.41787547362918,0.998815705961028,0.999579086028655,Restaurant,C0BE4NDSW26QN,../../model_fits/finalized_redone_trunc_cp/t2_a1_proportion/nonvegan/vegan_dishes_prop/plots/C0BE4NDSW26QN.png,Animal,0.15
nonvegan,vegan,Proportion,0.987569662013517,0.9091585705217449,1.0708264635277458,0.957300987474456,0.987569662013517,0.999183649414232,Restaurant,CB2KHY1C2G9PT,../../model_fits/finalized_redone_trunc_cp/t2_a1_proportion/nonvegan/vegan_dishes_prop/plots/CB2KHY1C2G9PT.png,Animal,0.15
nonvegan,vegan,Proportion,0.991363717391089,0.8649996465829202,1.1247781908183045,1.12452321773261,0.991363717391089,1.00024994158231,Restaurant,ED5J990H5VAZT,../../model_fits/finalized_redone_trunc_cp/t2_a1_proportion/nonvegan/vegan_dishes_prop/plots/ED5J990H5VAZT.png,Animal,0.15
nonvegan,vegan,Proportion,0.989948484838426,0.9023540359045996,1.08417521953521,0.996969696124258,0.989948484838426,1.00184479862609,Restaurant,EMBVNVD207CC6,../../model_fits/finalized_redone_trunc_cp/t2_a1_proportion/nonvegan/vegan_dishes_prop/plots/EMBVNVD207CC6.png,Animal,0.15
nonvegan,vegan,Proportion,0.965743707728286,0.8455706376236292,1.0977581953960767,0.858460204820222,0.965743707728286,0.999818696354406,Restaurant,JHDN7CF1C03X5,../../model_fits/finalized_redone_trunc_cp/t2_a1_proportion/nonvegan/vegan_dishes_prop/plots/JHDN7CF1C03X5.png,Animal,0.15
nonvegan,vegan,Proportion,0.956337078956302,0.7705792102939291,1.178271866759416,1.09998806242672,0.956337078956302,1.00049924298683,Restaurant,L69HYJ4Y3TR91,../../model_fits/finalized_redone_trunc_cp/t2_a1_proportion/nonvegan/vegan_dishes_prop/plots/L69HYJ4Y3TR91.png,Animal,0.15
nonvegan,vegan,Proportion,1.0635440079225,0.8597464612072979,1.300162147161114,3.07064604861803,1.0635440079225,0.999974838505603,Restaurant,LBZEEFSBJNB3Z,../../model_fits/finalized_redone_trunc_cp/t2_a1_proportion/nonvegan/vegan_dishes_prop/plots/LBZEEFSBJNB3Z.png,Animal,0.15
nonvegan,vegan,Proportion,0.986335627946676,0.6910170515264051,1.380314949872302,3.48452356959984,0.986335627946676,1.00056551653423,Restaurant,LFZFT3VASXPED,../../model_fits/finalized_redone_trunc_cp/t2_a1_proportion/nonvegan/vegan_dishes_prop/plots/LFZFT3VASXPED.png,Animal,0.15
nonvegan,vegan,Proportion,1.01760879319683,0.7779491195331538,1.3146413476994203,2.69822565095141,1.01760879319683,1.00316613201169,Restaurant,LQ5EH4BKGV61T,../../model_fits/finalized_redone_trunc_cp/t2_a1_proportion/nonvegan/vegan_dishes_prop/plots/LQ5EH4BKGV61T.png,Animal,0.15
nonvegan,vegan,Proportion,1.00393604773268,0.7607395505657626,1.2872336530661739,2.32694311468089,1.00393604773268,1.0007296410945,Restaurant,S8MT0YGD2KTN9,../../model_fits/finalized_redone_trunc_cp/t2_a1_proportion/nonvegan/vegan_dishes_prop/plots/S8MT0YGD2KTN9.png,Animal,0.15
nonvegan,vegan,Proportion,1.00999784232818,0.7256342758361203,1.358664388500645,3.33618222437645,1.00999784232818,1.0009395728584,Restaurant,SAFK7ND1HR6XS,../../model_fits/finalized_redone_trunc_cp/t2_a1_proportion/nonvegan/vegan_dishes_prop/plots/SAFK7ND1HR6XS.png,Animal,0.15
nonvegan,vegan,Proportion,0.985722647432132,0.9202425976059565,1.0540820661916335,0.913791831434825,0.985722647432132,1.0018503059566,Restaurant,SRQS8F7JWA9MZ,../../model_fits/finalized_redone_trunc_cp/t2_a1_proportion/nonvegan/vegan_dishes_prop/plots/SRQS8F7JWA9MZ.png,Animal,0.15
nonvegan,vegan,Proportion,0.952932790869175,0.845975122784796,1.0770909212974435,0.734466084199276,0.952932790869175,1.00067021485167,Restaurant,V3Q26BHF3SE2H,../../model_fits/finalized_redone_trunc_cp/t2_a1_proportion/nonvegan/vegan_dishes_prop/plots/V3Q26BHF3SE2H.png,Animal,0.15
nonvegan,vegan,Proportion,0.978056800292864,0.8545918756082794,1.1108255709652977,0.984733029518728,0.978056800292864,1.00157037838263,Restaurant,W8T41JZK0ZMEP,../../model_fits/finalized_redone_trunc_cp/t2_a1_proportion/nonvegan/vegan_dishes_prop/plots/W8T41JZK0ZMEP.png,Animal,0.15
nonvegan,vegetarian,Count,0.997670801642538,0.9840617352477306,1.0115030756467678,0.997670801642538,0.999764484733734,1.00114680957858,Restaurant,1SQPTEGYPH0GA,../../model_fits/finalized_redone_trunc_cp/t2_a1_proportion/nonvegan/vegetarian_dishes_count/plots/1SQPTEGYPH0GA.png,Animal,0.15
nonvegan,vegetarian,Count,1.00043336601764,0.9184980074215399,1.0893990505148476,1.00043336601764,0.999957389157708,1.00097970458054,Restaurant,2HRX9P6HKXA8V,../../model_fits/finalized_redone_trunc_cp/t2_a1_proportion/nonvegan/vegetarian_dishes_count/plots/2HRX9P6HKXA8V.png,Animal,0.15
nonvegan,vegetarian,Count,0.997721078013869,0.9752919966519553,1.0210844823623129,0.997721078013869,0.999765910979578,1.00397723368404,Restaurant,78AY09MVJVTYE,../../model_fits/finalized_redone_trunc_cp/t2_a1_proportion/nonvegan/vegetarian_dishes_count/plots/78AY09MVJVTYE.png,Animal,0.15
nonvegan,vegetarian,Count,0.998657121026451,0.9867425575788595,1.0105274623410678,0.998657121026451,0.999863919563368,1.00011675566245,Restaurant,9XKJD8DQTH559,../../model_fits/finalized_redone_trunc_cp/t2_a1_proportion/nonvegan/vegetarian_dishes_count/plots/9XKJD8DQTH559.png,Animal,0.15
nonvegan,vegetarian,Count,0.995170581814543,0.9646090208605798,1.0257713876744716,0.995170581814543,0.999505267245209,0.999866230509,Restaurant,C0BE4NDSW26QN,../../model_fits/finalized_redone_trunc_cp/t2_a1_proportion/nonvegan/vegetarian_dishes_count/plots/C0BE4NDSW26QN.png,Animal,0.15
nonvegan,vegetarian,Count,0.998527904932789,0.9836164784282734,1.0122024362186877,0.998527904932789,0.999850200957405,1.00044122896259,Restaurant,CB2KHY1C2G9PT,../../model_fits/finalized_redone_trunc_cp/t2_a1_proportion/nonvegan/vegetarian_dishes_count/plots/CB2KHY1C2G9PT.png,Animal,0.15
nonvegan,vegetarian,Count,0.99692279903919,0.9694942223783635,1.0258172329712911,0.99692279903919,0.99968243070329,1.00111236090047,Restaurant,ED5J990H5VAZT,../../model_fits/finalized_redone_trunc_cp/t2_a1_proportion/nonvegan/vegetarian_dishes_count/plots/ED5J990H5VAZT.png,Animal,0.15
nonvegan,vegetarian,Count,1.03446680177351,0.9358405032831157,1.1432072409848313,1.03446680177351,1.00327816893234,1.00331176826173,Restaurant,EMBVNVD207CC6,../../model_fits/finalized_redone_trunc_cp/t2_a1_proportion/nonvegan/vegetarian_dishes_count/plots/EMBVNVD207CC6.png,Animal,0.15
nonvegan,vegetarian,Count,0.995032496539991,0.977168623372543,1.013572802671964,0.995032496539991,0.999498270934518,1.00024105810254,Restaurant,JHDN7CF1C03X5,../../model_fits/finalized_redone_trunc_cp/t2_a1_proportion/nonvegan/vegetarian_dishes_count/plots/JHDN7CF1C03X5.png,Animal,0.15
nonvegan,vegetarian,Count,0.993766052977814,0.9459750021433623,1.0449406993258539,0.993766052977814,0.999347025041904,1.00178894315104,Restaurant,L69HYJ4Y3TR91,../../model_fits/finalized_redone_trunc_cp/t2_a1_proportion/nonvegan/vegetarian_dishes_count/plots/L69HYJ4Y3TR91.png,Animal,0.15
nonvegan,vegetarian,Count,1.01320562652818,0.9613879449509765,1.0676747173212382,1.01320562652818,1.00128238062326,1.00212876337868,Restaurant,LBZEEFSBJNB3Z,../../model_fits/finalized_redone_trunc_cp/t2_a1_proportion/nonvegan/vegetarian_dishes_count/plots/LBZEEFSBJNB3Z.png,Animal,0.15
nonvegan,vegetarian,Count,0.995626524268477,0.8670720281381689,1.1449189675463947,0.995626524268477,0.99934014044359,1.00049584056498,Restaurant,LFZFT3VASXPED,../../model_fits/finalized_redone_trunc_cp/t2_a1_proportion/nonvegan/vegetarian_dishes_count/plots/LFZFT3VASXPED.png,Animal,0.15
nonvegan,vegetarian,Count,1.00305121460079,0.8806501646607225,1.145645612113666,1.00305121460079,1.00010925897722,1.00217409822637,Restaurant,LQ5EH4BKGV61T,../../model_fits/finalized_redone_trunc_cp/t2_a1_proportion/nonvegan/vegetarian_dishes_count/plots/LQ5EH4BKGV61T.png,Animal,0.15
nonvegan,vegetarian,Count,1.00521821872788,0.973555080090135,1.0364027154173476,1.00521821872788,1.00050954301252,1.00111606924232,Restaurant,S8MT0YGD2KTN9,../../model_fits/finalized_redone_trunc_cp/t2_a1_proportion/nonvegan/vegetarian_dishes_count/plots/S8MT0YGD2KTN9.png,Animal,0.15
nonvegan,vegetarian,Count,1.00730530184702,0.8609635259535551,1.1795125936352122,1.00730530184702,1.00046971896657,1.00102020959533,Restaurant,SAFK7ND1HR6XS,../../model_fits/finalized_redone_trunc_cp/t2_a1_proportion/nonvegan/vegetarian_dishes_count/plots/SAFK7ND1HR6XS.png,Animal,0.15
nonvegan,vegetarian,Count,1.00038825044967,0.9716763645708977,1.0322860730358914,1.00038825044967,1.00002823460358,0.999553266312974,Restaurant,SRQS8F7JWA9MZ,../../model_fits/finalized_redone_trunc_cp/t2_a1_proportion/nonvegan/vegetarian_dishes_count/plots/SRQS8F7JWA9MZ.png,Animal,0.15
nonvegan,vegetarian,Count,1.0006810784701,0.9503728788922766,1.0531627237093961,1.0006810784701,1.00003566935218,1.00065298994686,Restaurant,V3Q26BHF3SE2H,../../model_fits/finalized_redone_trunc_cp/t2_a1_proportion/nonvegan/vegetarian_dishes_count/plots/V3Q26BHF3SE2H.png,Animal,0.15
nonvegan,vegetarian,Count,1.00645502159018,0.991939729470676,1.0217785091515366,1.00645502159018,1.000640981915,1.00163779818325,Restaurant,W8T41JZK0ZMEP,../../model_fits/finalized_redone_trunc_cp/t2_a1_proportion/nonvegan/vegetarian_dishes_count/plots/W8T41JZK0ZMEP.png,Animal,0.15
nonvegan,vegetarian,Proportion,1.01421495956383,0.8961606893002033,1.14396647787905,1.36837011506496,1.01421495956383,1.0157134399852,Restaurant,1SQPTEGYPH0GA,../../model_fits/finalized_redone_trunc_cp/t2_a1_proportion/nonvegan/vegetarian_dishes_prop/plots/1SQPTEGYPH0GA.png,Animal,0.15
nonvegan,vegetarian,Proportion,1.00092854036271,0.8203896740871848,1.193120895987703,1.53616142387125,1.00092854036271,1.00958648903703,Restaurant,2HRX9P6HKXA8V,../../model_fits/finalized_redone_trunc_cp/t2_a1_proportion/nonvegan/vegetarian_dishes_prop/plots/2HRX9P6HKXA8V.png,Animal,0.15
nonvegan,vegetarian,Proportion,0.998579079208078,0.933565640163297,1.066005762469226,1.03863880194971,0.998579079208078,1.01081962274136,Restaurant,78AY09MVJVTYE,../../model_fits/finalized_redone_trunc_cp/t2_a1_proportion/nonvegan/vegetarian_dishes_prop/plots/78AY09MVJVTYE.png,Animal,0.15
nonvegan,vegetarian,Proportion,0.979873587178602,0.8736894485225675,1.0920026537568217,0.950153606401383,0.979873587178602,1.01780328020944,Restaurant,9XKJD8DQTH559,../../model_fits/finalized_redone_trunc_cp/t2_a1_proportion/nonvegan/vegetarian_dishes_prop/plots/9XKJD8DQTH559.png,Animal,0.15
nonvegan,vegetarian,Proportion,0.989855207668489,0.8674752045659714,1.1274874287329382,1.0992788386697,0.989855207668489,1.01197849810247,Restaurant,C0BE4NDSW26QN,../../model_fits/finalized_redone_trunc_cp/t2_a1_proportion/nonvegan/vegetarian_dishes_prop/plots/C0BE4NDSW26QN.png,Animal,0.15
nonvegan,vegetarian,Proportion,1.00705262400344,0.9262104623545375,1.094531725028478,1.16298708466162,1.00705262400344,1.00470582171003,Restaurant,CB2KHY1C2G9PT,../../model_fits/finalized_redone_trunc_cp/t2_a1_proportion/nonvegan/vegetarian_dishes_prop/plots/CB2KHY1C2G9PT.png,Animal,0.15
nonvegan,vegetarian,Proportion,0.971289335493436,0.8584352347109376,1.0924229841002877,0.889817392888046,0.971289335493436,1.00884986941718,Restaurant,ED5J990H5VAZT,../../model_fits/finalized_redone_trunc_cp/t2_a1_proportion/nonvegan/vegetarian_dishes_prop/plots/ED5J990H5VAZT.png,Animal,0.15
nonvegan,vegetarian,Proportion,0.961291895655292,0.8475592267966269,1.085733048716271,0.806237574592655,0.961291895655292,1.01466330449523,Restaurant,EMBVNVD207CC6,../../model_fits/finalized_redone_trunc_cp/t2_a1_proportion/nonvegan/vegetarian_dishes_prop/plots/EMBVNVD207CC6.png,Animal,0.15
nonvegan,vegetarian,Proportion,0.972907287891165,0.8587332567242412,1.0911501170881792,0.901318721263038,0.972907287891165,1.00581162921682,Restaurant,JHDN7CF1C03X5,../../model_fits/finalized_redone_trunc_cp/t2_a1_proportion/nonvegan/vegetarian_dishes_prop/plots/JHDN7CF1C03X5.png,Animal,0.15
nonvegan,vegetarian,Proportion,0.94718929386464,0.7539016592524056,1.18215332916295,1.07314442457851,0.94718929386464,1.00530208796305,Restaurant,L69HYJ4Y3TR91,../../model_fits/finalized_redone_trunc_cp/t2_a1_proportion/nonvegan/vegetarian_dishes_prop/plots/L69HYJ4Y3TR91.png,Animal,0.15
nonvegan,vegetarian,Proportion,1.00631516193151,0.8821582191692743,1.1411006134743567,1.28034569873163,1.00631516193151,1.01587158622441,Restaurant,LBZEEFSBJNB3Z,../../model_fits/finalized_redone_trunc_cp/t2_a1_proportion/nonvegan/vegetarian_dishes_prop/plots/LBZEEFSBJNB3Z.png,Animal,0.15
nonvegan,vegetarian,Proportion,0.953670218894883,0.6965925552667667,1.2503640426890295,1.83202753478066,0.953670218894883,1.01774863868938,Restaurant,LFZFT3VASXPED,../../model_fits/finalized_redone_trunc_cp/t2_a1_proportion/nonvegan/vegetarian_dishes_prop/plots/LFZFT3VASXPED.png,Animal,0.15
nonvegan,vegetarian,Proportion,1.00900039218741,0.8089052412709652,1.2509622940711993,1.91697347299298,1.00900039218741,1.00088135660848,Restaurant,LQ5EH4BKGV61T,../../model_fits/finalized_redone_trunc_cp/t2_a1_proportion/nonvegan/vegetarian_dishes_prop/plots/LQ5EH4BKGV61T.png,Animal,0.15
nonvegan,vegetarian,Proportion,1.01312500431912,0.9101983240271598,1.118943422205711,1.29092994377416,1.01312500431912,1.00395837295875,Restaurant,S8MT0YGD2KTN9,../../model_fits/finalized_redone_trunc_cp/t2_a1_proportion/nonvegan/vegetarian_dishes_prop/plots/S8MT0YGD2KTN9.png,Animal,0.15
nonvegan,vegetarian,Proportion,0.991167196048751,0.7624678456435792,1.2850793445211504,2.82092866521679,0.991167196048751,1.03416725814205,Restaurant,SAFK7ND1HR6XS,../../model_fits/finalized_redone_trunc_cp/t2_a1_proportion/nonvegan/vegetarian_dishes_prop/plots/SAFK7ND1HR6XS.png,Animal,0.15
nonvegan,vegetarian,Proportion,0.998977189132919,0.951310677779063,1.046392477697276,1.01661669249193,0.998977189132919,1.0034787648215,Restaurant,SRQS8F7JWA9MZ,../../model_fits/finalized_redone_trunc_cp/t2_a1_proportion/nonvegan/vegetarian_dishes_prop/plots/SRQS8F7JWA9MZ.png,Animal,0.15
nonvegan,vegetarian,Proportion,1.00425204286004,0.9263970606587346,1.0886951748868519,1.12735941224132,1.00425204286004,1.00513885297622,Restaurant,V3Q26BHF3SE2H,../../model_fits/finalized_redone_trunc_cp/t2_a1_proportion/nonvegan/vegetarian_dishes_prop/plots/V3Q26BHF3SE2H.png,Animal,0.15
nonvegan,vegetarian,Proportion,0.899476331991598,0.7685460033436103,1.0368310039034154,0.446374535056121,0.899476331991598,1.00771355994412,Restaurant,W8T41JZK0ZMEP,../../model_fits/finalized_redone_trunc_cp/t2_a1_proportion/nonvegan/vegetarian_dishes_prop/plots/W8T41JZK0ZMEP.png,Animal,0.15
meat,mpbamod,Count,1.03357421969892,0.9619588480511699,1.110943077420702,1.03357421969892,1.00324960966041,1.00230850359003,Restaurant,1SQPTEGYPH0GA,../../model_fits/finalized_redone_trunc_cp/t2_a1_proportion/meat/mpbamod_dishes_count/plots/1SQPTEGYPH0GA.png,Animal,0.15
meat,mpbamod,Count,1.07184170189361,0.8942960721804261,1.2818124373170445,1.07184170189361,1.00661134703774,1.00092526050538,Restaurant,2HRX9P6HKXA8V,../../model_fits/finalized_redone_trunc_cp/t2_a1_proportion/meat/mpbamod_dishes_count/plots/2HRX9P6HKXA8V.png,Animal,0.15
meat,mpbamod,Count,1.02371693776207,0.929910806149844,1.1198041573966193,1.02371693776207,1.00224642732521,1.00284233365273,Restaurant,78AY09MVJVTYE,../../model_fits/finalized_redone_trunc_cp/t2_a1_proportion/meat/mpbamod_dishes_count/plots/78AY09MVJVTYE.png,Animal,0.15
meat,mpbamod,Count,0.99411638669782,0.968973858274671,1.0244404191721692,0.99411638669782,0.999400902915029,1.00105586694368,Restaurant,9XKJD8DQTH559,../../model_fits/finalized_redone_trunc_cp/t2_a1_proportion/meat/mpbamod_dishes_count/plots/9XKJD8DQTH559.png,Animal,0.15
meat,mpbamod,Count,1.01583032611737,0.8638413876410029,1.1715746583652122,1.01583032611737,1.00131376965762,1.00122556182053,Restaurant,C0BE4NDSW26QN,../../model_fits/finalized_redone_trunc_cp/t2_a1_proportion/meat/mpbamod_dishes_count/plots/C0BE4NDSW26QN.png,Animal,0.15
meat,mpbamod,Count,1.05875206644205,0.9795997882488291,1.1436013655552553,1.05875206644205,1.00565469529651,1.00100623682949,Restaurant,CB2KHY1C2G9PT,../../model_fits/finalized_redone_trunc_cp/t2_a1_proportion/meat/mpbamod_dishes_count/plots/CB2KHY1C2G9PT.png,Animal,0.15
meat,mpbamod,Count,0.998267363381799,0.9758157376686905,1.0190532694180081,0.998267363381799,0.999821114043309,1.00167282204045,Restaurant,ED5J990H5VAZT,../../model_fits/finalized_redone_trunc_cp/t2_a1_proportion/meat/mpbamod_dishes_count/plots/ED5J990H5VAZT.png,Animal,0.15
meat,mpbamod,Count,0.975412669270283,0.83719789623231,1.1012803826751347,0.975412669270283,0.997298642080053,1.00213627973621,Restaurant,EMBVNVD207CC6,../../model_fits/finalized_redone_trunc_cp/t2_a1_proportion/meat/mpbamod_dishes_count/plots/EMBVNVD207CC6.png,Animal,0.15
meat,mpbamod,Count,0.992453894007663,0.9546731035949176,1.0391176576267618,0.992453894007663,0.999221208171295,1.0009177152974,Restaurant,JHDN7CF1C03X5,../../model_fits/finalized_redone_trunc_cp/t2_a1_proportion/meat/mpbamod_dishes_count/plots/JHDN7CF1C03X5.png,Animal,0.15
meat,mpbamod,Count,0.991257238847887,0.8300094599510992,1.152270683578999,0.991257238847887,0.998802085126846,0.99964206255526,Restaurant,L69HYJ4Y3TR91,../../model_fits/finalized_redone_trunc_cp/t2_a1_proportion/meat/mpbamod_dishes_count/plots/L69HYJ4Y3TR91.png,Animal,0.15
meat,mpbamod,Count,1.06290673025893,0.9544305273906516,1.1825637468947434,1.06290673025893,1.0059868165453,1.00286621919415,Restaurant,LBZEEFSBJNB3Z,../../model_fits/finalized_redone_trunc_cp/t2_a1_proportion/meat/mpbamod_dishes_count/plots/LBZEEFSBJNB3Z.png,Animal,0.15
meat,mpbamod,Count,0.98877751722326,0.7885941176878368,1.264751410589225,0.98877751722326,0.998195116078209,1.00065404745587,Restaurant,LFZFT3VASXPED,../../model_fits/finalized_redone_trunc_cp/t2_a1_proportion/meat/mpbamod_dishes_count/plots/LFZFT3VASXPED.png,Animal,0.15
meat,mpbamod,Count,1.01220813076432,0.8313175253978641,1.237946442168175,1.01220813076432,1.00079126263612,1.00028396611557,Restaurant,LQ5EH4BKGV61T,../../model_fits/finalized_redone_trunc_cp/t2_a1_proportion/meat/mpbamod_dishes_count/plots/LQ5EH4BKGV61T.png,Animal,0.15
meat,mpbamod,Count,1.0346851850502,0.9068557524568123,1.1802247883951864,1.0346851850502,1.00321810305798,1.00074794943773,Restaurant,S8MT0YGD2KTN9,../../model_fits/finalized_redone_trunc_cp/t2_a1_proportion/meat/mpbamod_dishes_count/plots/S8MT0YGD2KTN9.png,Animal,0.15
meat,mpbamod,Count,0.978494460166976,0.7872310603181671,1.2141582875564354,0.978494460166976,0.997288570068939,1.00063765343093,Restaurant,SAFK7ND1HR6XS,../../model_fits/finalized_redone_trunc_cp/t2_a1_proportion/meat/mpbamod_dishes_count/plots/SAFK7ND1HR6XS.png,Animal,0.15
meat,mpbamod,Count,0.958268690085161,0.8975580749032909,1.0273539107899843,0.958268690085161,0.995694823370384,1.00064624798916,Restaurant,SRQS8F7JWA9MZ,../../model_fits/finalized_redone_trunc_cp/t2_a1_proportion/meat/mpbamod_dishes_count/plots/SRQS8F7JWA9MZ.png,Animal,0.15
meat,mpbamod,Count,1.05904096422666,1.0053075004137115,1.1099701469800405,1.05904096422666,1.00572485802353,1.00013432482922,Restaurant,V3Q26BHF3SE2H,../../model_fits/finalized_redone_trunc_cp/t2_a1_proportion/meat/mpbamod_dishes_count/plots/V3Q26BHF3SE2H.png,Animal,0.15
meat,mpbamod,Count,0.974245196041409,0.9448673470818785,1.005900437462831,0.974245196041409,0.997381973889728,0.999666149496159,Restaurant,W8T41JZK0ZMEP,../../model_fits/finalized_redone_trunc_cp/t2_a1_proportion/meat/mpbamod_dishes_count/plots/W8T41JZK0ZMEP.png,Animal,0.15
meat,mpbamod,Proportion,1.19970251884518,0.9395446492751445,1.504956049974979,12.3277018646639,1.19970251884518,1.57468825584898,Restaurant,1SQPTEGYPH0GA,../../model_fits/finalized_redone_trunc_cp/t2_a1_proportion/meat/mpbamod_dishes_prop/plots/1SQPTEGYPH0GA.png,Animal,0.15
meat,mpbamod,Proportion,1.06523655191774,0.7053822496119332,1.6039033805657341,14.3918717373685,1.06523655191774,1.14157541765297,Restaurant,2HRX9P6HKXA8V,../../model_fits/finalized_redone_trunc_cp/t2_a1_proportion/meat/mpbamod_dishes_prop/plots/2HRX9P6HKXA8V.png,Animal,0.15
meat,mpbamod,Proportion,1.00781375092234,0.8097053033823863,1.2820507887199672,2.16628830534221,1.00781375092234,1.26572722277956,Restaurant,78AY09MVJVTYE,../../model_fits/finalized_redone_trunc_cp/t2_a1_proportion/meat/mpbamod_dishes_prop/plots/78AY09MVJVTYE.png,Animal,0.15
meat,mpbamod,Proportion,1.00972316770273,0.8871351220116027,1.1677487564052058,1.41262129212939,1.00972316770273,1.2490339268331,Restaurant,9XKJD8DQTH559,../../model_fits/finalized_redone_trunc_cp/t2_a1_proportion/meat/mpbamod_dishes_prop/plots/9XKJD8DQTH559.png,Animal,0.15
meat,mpbamod,Proportion,1.12026578422619,0.6935530506022233,1.6063244728390291,18.3167929453298,1.12026578422619,1.57367745691859,Restaurant,C0BE4NDSW26QN,../../model_fits/finalized_redone_trunc_cp/t2_a1_proportion/meat/mpbamod_dishes_prop/plots/C0BE4NDSW26QN.png,Animal,0.15
meat,mpbamod,Proportion,0.981416279371612,0.8752997794189525,1.125120685046886,1.01151743074213,0.981416279371612,1.26572554491571,Restaurant,CB2KHY1C2G9PT,../../model_fits/finalized_redone_trunc_cp/t2_a1_proportion/meat/mpbamod_dishes_prop/plots/CB2KHY1C2G9PT.png,Animal,0.15
meat,mpbamod,Proportion,0.9970493560391,0.9501010949618395,1.0388956062836985,0.992918064264782,0.9970493560391,1.41421235982293,Restaurant,ED5J990H5VAZT,../../model_fits/finalized_redone_trunc_cp/t2_a1_proportion/meat/mpbamod_dishes_prop/plots/ED5J990H5VAZT.png,Animal,0.15
meat,mpbamod,Proportion,0.964521790602887,0.8482743788159403,1.0887760568270823,0.829987156634245,0.964521790602887,1.55122652523114,Restaurant,EMBVNVD207CC6,../../model_fits/finalized_redone_trunc_cp/t2_a1_proportion/meat/mpbamod_dishes_prop/plots/EMBVNVD207CC6.png,Animal,0.15
meat,mpbamod,Proportion,1.21334900596254,1.0236187123175675,1.4127657751684652,9.26911170108819,1.21334900596254,1.57303519069364,Restaurant,JHDN7CF1C03X5,../../model_fits/finalized_redone_trunc_cp/t2_a1_proportion/meat/mpbamod_dishes_prop/plots/JHDN7CF1C03X5.png,Animal,0.15
meat,mpbamod,Proportion,0.909244639778841,0.5568602048670389,1.4644583087891054,9.8109538270849,0.909244639778841,1.47629574138656,Restaurant,L69HYJ4Y3TR91,../../model_fits/finalized_redone_trunc_cp/t2_a1_proportion/meat/mpbamod_dishes_prop/plots/L69HYJ4Y3TR91.png,Animal,0.15
meat,mpbamod,Proportion,1.18171682011927,0.803726190253807,1.5860317332232874,16.2375846786917,1.18171682011927,1.18742657518147,Restaurant,LBZEEFSBJNB3Z,../../model_fits/finalized_redone_trunc_cp/t2_a1_proportion/meat/mpbamod_dishes_prop/plots/LBZEEFSBJNB3Z.png,Animal,0.15
meat,mpbamod,Proportion,1.06118315928736,0.47283746645203045,1.969745683507067,11873.5190354036,1.06118315928736,1.15035360017036,Restaurant,LFZFT3VASXPED,../../model_fits/finalized_redone_trunc_cp/t2_a1_proportion/meat/mpbamod_dishes_prop/plots/LFZFT3VASXPED.png,Animal,0.15
meat,mpbamod,Proportion,1.01835245484908,0.6446389687954222,1.5578611192563094,13.3318728981461,1.01835245484908,1.19857638944267,Restaurant,LQ5EH4BKGV61T,../../model_fits/finalized_redone_trunc_cp/t2_a1_proportion/meat/mpbamod_dishes_prop/plots/LQ5EH4BKGV61T.png,Animal,0.15
meat,mpbamod,Proportion,0.923474318147444,0.686450477692843,1.2101929551969017,1.17162491136744,0.923474318147444,1.59377865488071,Restaurant,S8MT0YGD2KTN9,../../model_fits/finalized_redone_trunc_cp/t2_a1_proportion/meat/mpbamod_dishes_prop/plots/S8MT0YGD2KTN9.png,Animal,0.15
meat,mpbamod,Proportion,0.98716457625884,0.6543064358451708,1.4134387340162469,4.58305797721033,0.98716457625884,1.63331895966665,Restaurant,SAFK7ND1HR6XS,../../model_fits/finalized_redone_trunc_cp/t2_a1_proportion/meat/mpbamod_dishes_prop/plots/SAFK7ND1HR6XS.png,Animal,0.15
meat,mpbamod,Proportion,0.95775671756159,0.8926814578064461,1.0285018127473753,0.686908199773594,0.95775671756159,1.51783112280709,Restaurant,SRQS8F7JWA9MZ,../../model_fits/finalized_redone_trunc_cp/t2_a1_proportion/meat/mpbamod_dishes_prop/plots/SRQS8F7JWA9MZ.png,Animal,0.15
meat,mpbamod,Proportion,1.12767594513233,1.043274140495357,1.20983851829734,3.54391642880152,1.12767594513233,1.30652600311862,Restaurant,V3Q26BHF3SE2H,../../model_fits/finalized_redone_trunc_cp/t2_a1_proportion/meat/mpbamod_dishes_prop/plots/V3Q26BHF3SE2H.png,Animal,0.15
meat,mpbamod,Proportion,0.953719067632136,0.8233624895058032,1.1101250532898521,0.805886261879819,0.953719067632136,1.47750040319678,Restaurant,W8T41JZK0ZMEP,../../model_fits/finalized_redone_trunc_cp/t2_a1_proportion/meat/mpbamod_dishes_prop/plots/W8T41JZK0ZMEP.png,Animal,0.15
meat,vegan,Count,0.957898131537839,0.9207504904440287,1.0007615828570666,0.957898131537839,0.995687602898794,1.01450557148448,Restaurant,1SQPTEGYPH0GA,../../model_fits/finalized_redone_trunc_cp/t2_a1_proportion/meat/vegan_dishes_count/plots/1SQPTEGYPH0GA.png,Animal,0.15
meat,vegan,Count,0.938625297512404,0.8308893115050899,1.0579050961407523,0.938625297512404,0.993515205908434,1.00125526715593,Restaurant,2HRX9P6HKXA8V,../../model_fits/finalized_redone_trunc_cp/t2_a1_proportion/meat/vegan_dishes_count/plots/2HRX9P6HKXA8V.png,Animal,0.15
meat,vegan,Count,0.999334441873621,0.9698862047529938,1.0305256563652483,0.999334441873621,0.999922275454563,1.00042020518555,Restaurant,78AY09MVJVTYE,../../model_fits/finalized_redone_trunc_cp/t2_a1_proportion/meat/vegan_dishes_count/plots/78AY09MVJVTYE.png,Animal,0.15
meat,vegan,Count,0.995887518189163,0.9755813102589703,1.018585959211829,0.995887518189163,0.99958279680901,1.00242701512298,Restaurant,9XKJD8DQTH559,../../model_fits/finalized_redone_trunc_cp/t2_a1_proportion/meat/vegan_dishes_count/plots/9XKJD8DQTH559.png,Animal,0.15
meat,vegan,Count,0.993068708325138,0.9444296375038016,1.0420005585760501,0.993068708325138,0.999275301604849,1.00087956091155,Restaurant,C0BE4NDSW26QN,../../model_fits/finalized_redone_trunc_cp/t2_a1_proportion/meat/vegan_dishes_count/plots/C0BE4NDSW26QN.png,Animal,0.15
meat,vegan,Count,0.993902752985817,0.9715556728242437,1.016159775329561,0.993902752985817,0.999382481725653,1.00202188829655,Restaurant,CB2KHY1C2G9PT,../../model_fits/finalized_redone_trunc_cp/t2_a1_proportion/meat/vegan_dishes_count/plots/CB2KHY1C2G9PT.png,Animal,0.15
meat,vegan,Count,0.898704605834553,0.8266633603506862,0.9731920982054981,0.898704605834553,0.989303505351443,1.00181524171249,Restaurant,ED5J990H5VAZT,../../model_fits/finalized_redone_trunc_cp/t2_a1_proportion/meat/vegan_dishes_count/plots/ED5J990H5VAZT.png,Animal,0.15
meat,vegan,Count,1.02457537304227,0.8608566830280157,1.2244516639266378,1.02457537304227,1.00204896603619,1.00132003564795,Restaurant,EMBVNVD207CC6,../../model_fits/finalized_redone_trunc_cp/t2_a1_proportion/meat/vegan_dishes_count/plots/EMBVNVD207CC6.png,Animal,0.15
meat,vegan,Count,0.975165006674554,0.9506722282859595,0.996742658909133,0.975165006674554,0.997481534671582,1.00159764531681,Restaurant,JHDN7CF1C03X5,../../model_fits/finalized_redone_trunc_cp/t2_a1_proportion/meat/vegan_dishes_count/plots/JHDN7CF1C03X5.png,Animal,0.15
meat,vegan,Count,0.992035715365539,0.9216232717679527,1.0669518447416104,0.992035715365539,0.99913436008673,1.00053112096183,Restaurant,L69HYJ4Y3TR91,../../model_fits/finalized_redone_trunc_cp/t2_a1_proportion/meat/vegan_dishes_count/plots/L69HYJ4Y3TR91.png,Animal,0.15
meat,vegan,Count,1.08379961228895,0.9983631191531918,1.1644049314315255,1.08379961228895,1.00800793573899,1.00003706706825,Restaurant,LBZEEFSBJNB3Z,../../model_fits/finalized_redone_trunc_cp/t2_a1_proportion/meat/vegan_dishes_count/plots/LBZEEFSBJNB3Z.png,Animal,0.15
meat,vegan,Count,1.02704612163767,0.8061987819730567,1.2844606781162942,1.02704612163767,1.0020475310188801,1.00322361035999,Restaurant,LFZFT3VASXPED,../../model_fits/finalized_redone_trunc_cp/t2_a1_proportion/meat/vegan_dishes_count/plots/LFZFT3VASXPED.png,Animal,0.15
meat,vegan,Count,1.06570349547771,0.8279120300641793,1.3591520451430283,1.06570349547771,1.00564647704897,1.00244737939056,Restaurant,LQ5EH4BKGV61T,../../model_fits/finalized_redone_trunc_cp/t2_a1_proportion/meat/vegan_dishes_count/plots/LQ5EH4BKGV61T.png,Animal,0.15
meat,vegan,Count,1.02887080049436,0.9134686083074456,1.146050703407613,1.02887080049436,1.0026911956998,1.00140754233205,Restaurant,S8MT0YGD2KTN9,../../model_fits/finalized_redone_trunc_cp/t2_a1_proportion/meat/vegan_dishes_count/plots/S8MT0YGD2KTN9.png,Animal,0.15
meat,vegan,Count,1.00440024242661,0.7115976204245779,1.378188757185072,1.00440024242661,0.99923240328904706,1.00093762694661,Restaurant,SAFK7ND1HR6XS,../../model_fits/finalized_redone_trunc_cp/t2_a1_proportion/meat/vegan_dishes_count/plots/SAFK7ND1HR6XS.png,Animal,0.15
meat,vegan,Count,1.03012688715693,0.8605865165067929,1.22325566067942,1.03012688715693,1.0025893641913,1.00500022531517,Restaurant,SRQS8F7JWA9MZ,../../model_fits/finalized_redone_trunc_cp/t2_a1_proportion/meat/vegan_dishes_count/plots/SRQS8F7JWA9MZ.png,Animal,0.15
meat,vegan,Count,0.941427842514713,0.8779286837221526,1.0124219865914679,0.941427842514713,0.993920783526183,1.00047306317696,Restaurant,V3Q26BHF3SE2H,../../model_fits/finalized_redone_trunc_cp/t2_a1_proportion/meat/vegan_dishes_count/plots/V3Q26BHF3SE2H.png,Animal,0.15
meat,vegan,Count,0.965617123667256,0.9458127608644795,0.9835934063268127,0.965617123667256,0.996502797697831,1.00089899803571,Restaurant,W8T41JZK0ZMEP,../../model_fits/finalized_redone_trunc_cp/t2_a1_proportion/meat/vegan_dishes_count/plots/W8T41JZK0ZMEP.png,Animal,0.15
meat,vegan,Proportion,0.903369466033973,0.7544686936522842,1.0712597100094958,0.519789591282076,0.903369466033973,1.00325558152418,Restaurant,1SQPTEGYPH0GA,../../model_fits/finalized_redone_trunc_cp/t2_a1_proportion/meat/vegan_dishes_prop/plots/1SQPTEGYPH0GA.png,Animal,0.15
meat,vegan,Proportion,0.874711816053109,0.6955646914937839,1.0909847965835144,0.464684766669487,0.874711816053109,1.00176333230408,Restaurant,2HRX9P6HKXA8V,../../model_fits/finalized_redone_trunc_cp/t2_a1_proportion/meat/vegan_dishes_prop/plots/2HRX9P6HKXA8V.png,Animal,0.15
meat,vegan,Proportion,1.00721743297813,0.9298840992392827,1.0925602887849162,1.16279132474022,1.00721743297813,1.00111125318953,Restaurant,78AY09MVJVTYE,../../model_fits/finalized_redone_trunc_cp/t2_a1_proportion/meat/vegan_dishes_prop/plots/78AY09MVJVTYE.png,Animal,0.15
meat,vegan,Proportion,1.02291841164501,0.8666483644768382,1.192874816231321,1.68618677772784,1.02291841164501,1.00025705378836,Restaurant,9XKJD8DQTH559,../../model_fits/finalized_redone_trunc_cp/t2_a1_proportion/meat/vegan_dishes_prop/plots/9XKJD8DQTH559.png,Animal,0.15
meat,vegan,Proportion,0.960700438582159,0.7929824450357138,1.1515623923454719,0.995754654250442,0.960700438582159,1.00017444113028,Restaurant,C0BE4NDSW26QN,../../model_fits/finalized_redone_trunc_cp/t2_a1_proportion/meat/vegan_dishes_prop/plots/C0BE4NDSW26QN.png,Animal,0.15
meat,vegan,Proportion,0.961013262029477,0.8835893342645595,1.0446309113777983,0.73117341830749,0.961013262029477,1.00151786908128,Restaurant,CB2KHY1C2G9PT,../../model_fits/finalized_redone_trunc_cp/t2_a1_proportion/meat/vegan_dishes_prop/plots/CB2KHY1C2G9PT.png,Animal,0.15
meat,vegan,Proportion,0.892179485416858,0.7597818469260436,1.0386435618974952,0.430035598130091,0.892179485416858,0.999868983674001,Restaurant,ED5J990H5VAZT,../../model_fits/finalized_redone_trunc_cp/t2_a1_proportion/meat/vegan_dishes_prop/plots/ED5J990H5VAZT.png,Animal,0.15
meat,vegan,Proportion,0.996840763143868,0.9029070014940509,1.0925572913143675,1.072104356308,0.996840763143868,1.00053459440968,Restaurant,EMBVNVD207CC6,../../model_fits/finalized_redone_trunc_cp/t2_a1_proportion/meat/vegan_dishes_prop/plots/EMBVNVD207CC6.png,Animal,0.15
meat,vegan,Proportion,0.872775794347845,0.7696082415024688,0.9867618451060937,0.309697918286406,0.872775794347845,1.0031657367947,Restaurant,JHDN7CF1C03X5,../../model_fits/finalized_redone_trunc_cp/t2_a1_proportion/meat/vegan_dishes_prop/plots/JHDN7CF1C03X5.png,Animal,0.15
meat,vegan,Proportion,0.983878665394379,0.7480674762394244,1.268111085767602,1.87446146683934,0.983878665394379,1.00066649149852,Restaurant,L69HYJ4Y3TR91,../../model_fits/finalized_redone_trunc_cp/t2_a1_proportion/meat/vegan_dishes_prop/plots/L69HYJ4Y3TR91.png,Animal,0.15
meat,vegan,Proportion,1.35084077709654,1.0756754025657786,1.6953991453623536,38.4764815908048,1.35084077709654,1.00182427232298,Restaurant,LBZEEFSBJNB3Z,../../model_fits/finalized_redone_trunc_cp/t2_a1_proportion/meat/vegan_dishes_prop/plots/LBZEEFSBJNB3Z.png,Animal,0.15
meat,vegan,Proportion,1.02835980277995,0.6739509248102299,1.5136065780586283,11.6067997913959,1.02835980277995,1.00035682261269,Restaurant,LFZFT3VASXPED,../../model_fits/finalized_redone_trunc_cp/t2_a1_proportion/meat/vegan_dishes_prop/plots/LFZFT3VASXPED.png,Animal,0.15
meat,vegan,Proportion,1.03201809281845,0.7542601503069432,1.375429479740564,4.06304230903508,1.03201809281845,1.00046814723833,Restaurant,LQ5EH4BKGV61T,../../model_fits/finalized_redone_trunc_cp/t2_a1_proportion/meat/vegan_dishes_prop/plots/LQ5EH4BKGV61T.png,Animal,0.15
meat,vegan,Proportion,1.00282826719938,0.7470019813449195,1.325162713612549,2.75252042353059,1.00282826719938,1.00086066094304,Restaurant,S8MT0YGD2KTN9,../../model_fits/finalized_redone_trunc_cp/t2_a1_proportion/meat/vegan_dishes_prop/plots/S8MT0YGD2KTN9.png,Animal,0.15
meat,vegan,Proportion,0.99847924102618,0.6777731777033791,1.4399134665591276,6.36407800511682,0.99847924102618,1.00090552994464,Restaurant,SAFK7ND1HR6XS,../../model_fits/finalized_redone_trunc_cp/t2_a1_proportion/meat/vegan_dishes_prop/plots/SAFK7ND1HR6XS.png,Animal,0.15
meat,vegan,Proportion,1.03695582318011,0.965644689918314,1.1106611401291586,1.52061022743153,1.03695582318011,1.00151484975902,Restaurant,SRQS8F7JWA9MZ,../../model_fits/finalized_redone_trunc_cp/t2_a1_proportion/meat/vegan_dishes_prop/plots/SRQS8F7JWA9MZ.png,Animal,0.15
meat,vegan,Proportion,0.927226354095585,0.8154891792806336,1.0522825611504314,0.567051617443524,0.927226354095585,1.00194698186638,Restaurant,V3Q26BHF3SE2H,../../model_fits/finalized_redone_trunc_cp/t2_a1_proportion/meat/vegan_dishes_prop/plots/V3Q26BHF3SE2H.png,Animal,0.15
meat,vegan,Proportion,0.807563250627182,0.7030097188112244,0.9199641776744576,0.146073318343218,0.807563250627182,1.00138977518833,Restaurant,W8T41JZK0ZMEP,../../model_fits/finalized_redone_trunc_cp/t2_a1_proportion/meat/vegan_dishes_prop/plots/W8T41JZK0ZMEP.png,Animal,0.15
meat,vegetarian,Count,0.986456835153674,0.9719913717125866,1.0011703851667895,0.986456835153674,0.998634980075543,1.00363448273978,Restaurant,1SQPTEGYPH0GA,../../model_fits/finalized_redone_trunc_cp/t2_a1_proportion/meat/vegetarian_dishes_count/plots/1SQPTEGYPH0GA.png,Animal,0.15
meat,vegetarian,Count,0.998044804471947,0.9158353415954477,1.0858774355954384,0.998044804471947,0.999721131494393,1.00103080435162,Restaurant,2HRX9P6HKXA8V,../../model_fits/finalized_redone_trunc_cp/t2_a1_proportion/meat/vegetarian_dishes_count/plots/2HRX9P6HKXA8V.png,Animal,0.15
meat,vegetarian,Count,1.00089784793693,0.9774789825709106,1.0264218534902596,1.00089784793693,1.00008270038548,1.00264087741046,Restaurant,78AY09MVJVTYE,../../model_fits/finalized_redone_trunc_cp/t2_a1_proportion/meat/vegetarian_dishes_count/plots/78AY09MVJVTYE.png,Animal,0.15
meat,vegetarian,Count,0.996556499163493,0.9839817931277677,1.0095174344318278,0.996556499163493,0.999653297706263,1.00201250492808,Restaurant,9XKJD8DQTH559,../../model_fits/finalized_redone_trunc_cp/t2_a1_proportion/meat/vegetarian_dishes_count/plots/9XKJD8DQTH559.png,Animal,0.15
meat,vegetarian,Count,0.986602185672776,0.9607809512876732,1.0148094575812645,0.986602185672776,0.998642760966429,1.00084057838427,Restaurant,C0BE4NDSW26QN,../../model_fits/finalized_redone_trunc_cp/t2_a1_proportion/meat/vegetarian_dishes_count/plots/C0BE4NDSW26QN.png,Animal,0.15
meat,vegetarian,Count,0.995409256589175,0.9818739958587991,1.0108806676292614,0.995409256589175,0.999537577434217,1.00157137325587,Restaurant,CB2KHY1C2G9PT,../../model_fits/finalized_redone_trunc_cp/t2_a1_proportion/meat/vegetarian_dishes_count/plots/CB2KHY1C2G9PT.png,Animal,0.15
meat,vegetarian,Count,0.956809768340858,0.9278775703977133,0.984364378029071,0.956809768340858,0.995584049311737,1.0033694814272,Restaurant,ED5J990H5VAZT,../../model_fits/finalized_redone_trunc_cp/t2_a1_proportion/meat/vegetarian_dishes_count/plots/ED5J990H5VAZT.png,Animal,0.15
meat,vegetarian,Count,0.953245751701394,0.8680144639055192,1.0492587569127678,0.953245751701394,0.995118351287867,1.00170375709766,Restaurant,EMBVNVD207CC6,../../model_fits/finalized_redone_trunc_cp/t2_a1_proportion/meat/vegetarian_dishes_count/plots/EMBVNVD207CC6.png,Animal,0.15
meat,vegetarian,Count,0.980105301507797,0.9631563107951916,0.998795994689207,0.980105301507797,0.997988473354475,1.00128327887098,Restaurant,JHDN7CF1C03X5,../../model_fits/finalized_redone_trunc_cp/t2_a1_proportion/meat/vegetarian_dishes_count/plots/JHDN7CF1C03X5.png,Animal,0.15
meat,vegetarian,Count,0.975000921354848,0.926977208632949,1.0255572011084104,0.975000921354848,0.997440372945941,1.00358422137098,Restaurant,L69HYJ4Y3TR91,../../model_fits/finalized_redone_trunc_cp/t2_a1_proportion/meat/vegetarian_dishes_count/plots/L69HYJ4Y3TR91.png,Animal,0.15
meat,vegetarian,Count,1.0311358142049,0.9805398800950232,1.0872206852859436,1.0311358142049,1.00304043823582,1.00213514458148,Restaurant,LBZEEFSBJNB3Z,../../model_fits/finalized_redone_trunc_cp/t2_a1_proportion/meat/vegetarian_dishes_count/plots/LBZEEFSBJNB3Z.png,Animal,0.15
meat,vegetarian,Count,0.99886773654518,0.8878461869608291,1.1189983196495537,0.99886773654518,0.999727804956094,1.00020063048862,Restaurant,LFZFT3VASXPED,../../model_fits/finalized_redone_trunc_cp/t2_a1_proportion/meat/vegetarian_dishes_count/plots/LFZFT3VASXPED.png,Animal,0.15
meat,vegetarian,Count,0.975513547717864,0.8590427001884909,1.103917166311469,0.975513547717864,0.99735220860283,1.00061043076507,Restaurant,LQ5EH4BKGV61T,../../model_fits/finalized_redone_trunc_cp/t2_a1_proportion/meat/vegetarian_dishes_count/plots/LQ5EH4BKGV61T.png,Animal,0.15
meat,vegetarian,Count,1.01341456442981,0.9806807717839165,1.0464447959345777,1.01341456442981,1.00132158484246,1.00078720379448,Restaurant,S8MT0YGD2KTN9,../../model_fits/finalized_redone_trunc_cp/t2_a1_proportion/meat/vegetarian_dishes_count/plots/S8MT0YGD2KTN9.png,Animal,0.15
meat,vegetarian,Count,0.975899854197251,0.8486454929799895,1.1065597800737295,0.975899854197251,0.997368855910593,1.00164838327664,Restaurant,SAFK7ND1HR6XS,../../model_fits/finalized_redone_trunc_cp/t2_a1_proportion/meat/vegetarian_dishes_count/plots/SAFK7ND1HR6XS.png,Animal,0.15
meat,vegetarian,Count,0.980156681926957,0.9500109557719707,1.0095932983683047,0.980156681926957,0.997987021011616,1.00094293198666,Restaurant,SRQS8F7JWA9MZ,../../model_fits/finalized_redone_trunc_cp/t2_a1_proportion/meat/vegetarian_dishes_count/plots/SRQS8F7JWA9MZ.png,Animal,0.15
meat,vegetarian,Count,0.977271469020828,0.9287010976081231,1.0284928961638484,0.977271469020828,0.997671625416267,1.00002004790105,Restaurant,V3Q26BHF3SE2H,../../model_fits/finalized_redone_trunc_cp/t2_a1_proportion/meat/vegetarian_dishes_count/plots/V3Q26BHF3SE2H.png,Animal,0.15
meat,vegetarian,Count,0.973973506978135,0.9583190715144478,0.9890590390830469,0.973973506978135,0.997363392142864,1.0009039489667,Restaurant,W8T41JZK0ZMEP,../../model_fits/finalized_redone_trunc_cp/t2_a1_proportion/meat/vegetarian_dishes_count/plots/W8T41JZK0ZMEP.png,Animal,0.15
meat,vegetarian,Proportion,0.886749892501422,0.7809195816749619,1.003931491114875,0.364585491036828,0.886749892501422,1.00252596383299,Restaurant,1SQPTEGYPH0GA,../../model_fits/finalized_redone_trunc_cp/t2_a1_proportion/meat/vegetarian_dishes_prop/plots/1SQPTEGYPH0GA.png,Animal,0.15
meat,vegetarian,Proportion,0.928263383466011,0.7525391922226164,1.144382623884102,0.802150534836275,0.928263383466011,1.00212865865524,Restaurant,2HRX9P6HKXA8V,../../model_fits/finalized_redone_trunc_cp/t2_a1_proportion/meat/vegetarian_dishes_prop/plots/2HRX9P6HKXA8V.png,Animal,0.15
meat,vegetarian,Proportion,1.00728648809049,0.9327335345132657,1.085508439625743,1.14945991586789,1.00728648809049,1.00255367229627,Restaurant,78AY09MVJVTYE,../../model_fits/finalized_redone_trunc_cp/t2_a1_proportion/meat/vegetarian_dishes_prop/plots/78AY09MVJVTYE.png,Animal,0.15
meat,vegetarian,Proportion,0.965655743965897,0.8572457276387586,1.088575898479963,0.83183773448504,0.965655743965897,1.00197413313098,Restaurant,9XKJD8DQTH559,../../model_fits/finalized_redone_trunc_cp/t2_a1_proportion/meat/vegetarian_dishes_prop/plots/9XKJD8DQTH559.png,Animal,0.15
meat,vegetarian,Proportion,0.902812189711043,0.7901332750142984,1.0277196387906988,0.435616527425685,0.902812189711043,1.00569009168887,Restaurant,C0BE4NDSW26QN,../../model_fits/finalized_redone_trunc_cp/t2_a1_proportion/meat/vegetarian_dishes_prop/plots/C0BE4NDSW26QN.png,Animal,0.15
meat,vegetarian,Proportion,0.979232865260028,0.8946653742846274,1.0664694602453668,0.886139604062096,0.979232865260028,1.00055104578761,Restaurant,CB2KHY1C2G9PT,../../model_fits/finalized_redone_trunc_cp/t2_a1_proportion/meat/vegetarian_dishes_prop/plots/CB2KHY1C2G9PT.png,Animal,0.15
meat,vegetarian,Proportion,0.782177408777343,0.6763887249846698,0.9020893349357674,0.108225111311503,0.782177408777343,1.0006497943821,Restaurant,ED5J990H5VAZT,../../model_fits/finalized_redone_trunc_cp/t2_a1_proportion/meat/vegetarian_dishes_prop/plots/ED5J990H5VAZT.png,Animal,0.15
meat,vegetarian,Proportion,0.828857693835259,0.7321329615894545,0.941082802135671,0.183693136581687,0.828857693835259,1.00250152341606,Restaurant,EMBVNVD207CC6,../../model_fits/finalized_redone_trunc_cp/t2_a1_proportion/meat/vegetarian_dishes_prop/plots/EMBVNVD207CC6.png,Animal,0.15
meat,vegetarian,Proportion,0.864789146493632,0.7667918875371184,0.9781824810613626,0.276731533968254,0.864789146493632,1.00176572831097,Restaurant,JHDN7CF1C03X5,../../model_fits/finalized_redone_trunc_cp/t2_a1_proportion/meat/vegetarian_dishes_prop/plots/JHDN7CF1C03X5.png,Animal,0.15
meat,vegetarian,Proportion,0.879590764145076,0.6792743538250299,1.1291168536884888,0.600763030011336,0.879590764145076,1.00099504811046,Restaurant,L69HYJ4Y3TR91,../../model_fits/finalized_redone_trunc_cp/t2_a1_proportion/meat/vegetarian_dishes_prop/plots/L69HYJ4Y3TR91.png,Animal,0.15
meat,vegetarian,Proportion,1.0009797194515,0.8736675016144335,1.1447519361401297,1.25056074688104,1.0009797194515,0.99983186964082,Restaurant,LBZEEFSBJNB3Z,../../model_fits/finalized_redone_trunc_cp/t2_a1_proportion/meat/vegetarian_dishes_prop/plots/LBZEEFSBJNB3Z.png,Animal,0.15
meat,vegetarian,Proportion,0.896745230808317,0.6356425903258065,1.2242238079407806,1.12428142682629,0.896745230808317,1.00016177459003,Restaurant,LFZFT3VASXPED,../../model_fits/finalized_redone_trunc_cp/t2_a1_proportion/meat/vegetarian_dishes_prop/plots/LFZFT3VASXPED.png,Animal,0.15
meat,vegetarian,Proportion,0.966117265061306,0.74892198181209,1.2364141149332255,1.63625501657273,0.966117265061306,1.00385932883153,Restaurant,LQ5EH4BKGV61T,../../model_fits/finalized_redone_trunc_cp/t2_a1_proportion/meat/vegetarian_dishes_prop/plots/LQ5EH4BKGV61T.png,Animal,0.15
meat,vegetarian,Proportion,1.01058049485111,0.905702212606278,1.1221074848093437,1.26548858805029,1.01058049485111,1.00427978232574,Restaurant,S8MT0YGD2KTN9,../../model_fits/finalized_redone_trunc_cp/t2_a1_proportion/meat/vegetarian_dishes_prop/plots/S8MT0YGD2KTN9.png,Animal,0.15
meat,vegetarian,Proportion,0.910268306878334,0.6761816283745604,1.1765821436735981,0.953482841740836,0.910268306878334,1.00217415597693,Restaurant,SAFK7ND1HR6XS,../../model_fits/finalized_redone_trunc_cp/t2_a1_proportion/meat/vegetarian_dishes_prop/plots/SAFK7ND1HR6XS.png,Animal,0.15
meat,vegetarian,Proportion,0.968195637843176,0.9185626478796035,1.0204099378918294,0.747573768235967,0.968195637843176,1.00071921970545,Restaurant,SRQS8F7JWA9MZ,../../model_fits/finalized_redone_trunc_cp/t2_a1_proportion/meat/vegetarian_dishes_prop/plots/SRQS8F7JWA9MZ.png,Animal,0.15
meat,vegetarian,Proportion,0.764344143245339,0.6843167578388059,0.8475238112411068,0.0779253231316992,0.764344143245339,1.00118961277032,Restaurant,V3Q26BHF3SE2H,../../model_fits/finalized_redone_trunc_cp/t2_a1_proportion/meat/vegetarian_dishes_prop/plots/V3Q26BHF3SE2H.png,Animal,0.15
meat,vegetarian,Proportion,0.682491732250484,0.575462315807749,0.8008479700222736,0.0301881683951872,0.682491732250484,1.00337313192044,Restaurant,W8T41JZK0ZMEP,../../model_fits/finalized_redone_trunc_cp/t2_a1_proportion/meat/vegetarian_dishes_prop/plots/W8T41JZK0ZMEP.png,Animal,0.15
chicken_fish,mpbamod,Count,1.21809195439557,1.114250719978967,1.3324678017819196,1.21809195439557,1.01982458826547,1.0012409628058,Restaurant,1SQPTEGYPH0GA,../../model_fits/finalized_redone_trunc_cp/t2_a1_proportion/chicken_fish/mpbamod_dishes_count/plots/1SQPTEGYPH0GA.png,Animal,0.15
chicken_fish,mpbamod,Count,0.969002375163344,0.7994359843658879,1.119706069032287,0.969002375163344,0.996528929700284,0.999645729610352,Restaurant,2HRX9P6HKXA8V,../../model_fits/finalized_redone_trunc_cp/t2_a1_proportion/chicken_fish/mpbamod_dishes_count/plots/2HRX9P6HKXA8V.png,Animal,0.15
chicken_fish,mpbamod,Count,1.07801843007377,0.97417328347659915,1.1996361434215785,1.07801843007377,1.0074145783523,1.000169828445,Restaurant,78AY09MVJVTYE,../../model_fits/finalized_redone_trunc_cp/t2_a1_proportion/chicken_fish/mpbamod_dishes_count/plots/78AY09MVJVTYE.png,Animal,0.15
chicken_fish,mpbamod,Count,1.04523740220482,1.0241771306668594,1.0676218574139524,1.04523740220482,1.00442898585997,1.00035722498079,Restaurant,9XKJD8DQTH559,../../model_fits/finalized_redone_trunc_cp/t2_a1_proportion/chicken_fish/mpbamod_dishes_count/plots/9XKJD8DQTH559.png,Animal,0.15
chicken_fish,mpbamod,Count,1.01516580700149,0.8805679642759067,1.1561848496403577,1.01516580700149,1.0013035161884,0.999786930656529,Restaurant,C0BE4NDSW26QN,../../model_fits/finalized_redone_trunc_cp/t2_a1_proportion/chicken_fish/mpbamod_dishes_count/plots/C0BE4NDSW26QN.png,Animal,0.15
chicken_fish,mpbamod,Count,1.1256494185253,1.0074647109722583,1.2763303612962884,1.1256494185253,1.01173101516569,1.00090273210425,Restaurant,CB2KHY1C2G9PT,../../model_fits/finalized_redone_trunc_cp/t2_a1_proportion/chicken_fish/mpbamod_dishes_count/plots/CB2KHY1C2G9PT.png,Animal,0.15
chicken_fish,mpbamod,Count,1.00768752091865,0.971132722427923,1.0424532291659554,1.00768752091865,1.00075195149255,1.00474023189567,Restaurant,ED5J990H5VAZT,../../model_fits/finalized_redone_trunc_cp/t2_a1_proportion/chicken_fish/mpbamod_dishes_count/plots/ED5J990H5VAZT.png,Animal,0.15
chicken_fish,mpbamod,Count,0.946411826719606,0.8102862872190828,1.0791682801487914,0.946411826719606,0.994273647602413,1.00055690848876,Restaurant,EMBVNVD207CC6,../../model_fits/finalized_redone_trunc_cp/t2_a1_proportion/chicken_fish/mpbamod_dishes_count/plots/EMBVNVD207CC6.png,Animal,0.15
chicken_fish,mpbamod,Count,1.03421753769166,0.9964960501352258,1.0712174521648878,1.03421753769166,1.00335470769722,1.00077908531671,Restaurant,JHDN7CF1C03X5,../../model_fits/finalized_redone_trunc_cp/t2_a1_proportion/chicken_fish/mpbamod_dishes_count/plots/JHDN7CF1C03X5.png,Animal,0.15
chicken_fish,mpbamod,Count,1.0231441923666,0.8405284296649805,1.2147331080421908,1.0231441923666,1.00191908672835,1.00013429209746,Restaurant,L69HYJ4Y3TR91,../../model_fits/finalized_redone_trunc_cp/t2_a1_proportion/chicken_fish/mpbamod_dishes_count/plots/L69HYJ4Y3TR91.png,Animal,0.15
chicken_fish,mpbamod,Count,1.08310429202077,0.9729973671347736,1.2081110930747456,1.08310429202077,1.00788010797066,1.00146305386744,Restaurant,LBZEEFSBJNB3Z,../../model_fits/finalized_redone_trunc_cp/t2_a1_proportion/chicken_fish/mpbamod_dishes_count/plots/LBZEEFSBJNB3Z.png,Animal,0.15
chicken_fish,mpbamod,Count,1.06907130196138,0.8766395015794841,1.3184093769251701,1.06907130196138,1.00622754118288,0.999708870717084,Restaurant,LFZFT3VASXPED,../../model_fits/finalized_redone_trunc_cp/t2_a1_proportion/chicken_fish/mpbamod_dishes_count/plots/LFZFT3VASXPED.png,Animal,0.15
chicken_fish,mpbamod,Count,1.08814607511973,0.9198075280201393,1.3325423987486755,1.08814607511973,1.0080762881807,1.00121414940802,Restaurant,LQ5EH4BKGV61T,../../model_fits/finalized_redone_trunc_cp/t2_a1_proportion/chicken_fish/mpbamod_dishes_count/plots/LQ5EH4BKGV61T.png,Animal,0.15
chicken_fish,mpbamod,Count,1.02935195139928,0.8846383591203956,1.176488156898502,1.02935195139928,1.00266901241686,1.0008239887392,Restaurant,S8MT0YGD2KTN9,../../model_fits/finalized_redone_trunc_cp/t2_a1_proportion/chicken_fish/mpbamod_dishes_count/plots/S8MT0YGD2KTN9.png,Animal,0.15
chicken_fish,mpbamod,Count,1.07863586817569,0.9136623563378058,1.293487180645579,1.07863586817569,1.00724468940017,1.00040181125224,Restaurant,SAFK7ND1HR6XS,../../model_fits/finalized_redone_trunc_cp/t2_a1_proportion/chicken_fish/mpbamod_dishes_count/plots/SAFK7ND1HR6XS.png,Animal,0.15
chicken_fish,mpbamod,Count,0.992639047559599,0.9185321851041948,1.0679670598764062,0.992639047559599,0.999195076510239,1.00048444276665,Restaurant,V3Q26BHF3SE2H,../../model_fits/finalized_redone_trunc_cp/t2_a1_proportion/chicken_fish/mpbamod_dishes_count/plots/V3Q26BHF3SE2H.png,Animal,0.15
chicken_fish,mpbamod,Count,1.00024023884475,0.9730182509473294,1.0272801266216351,1.00024023884475,1.00001540334686,1.00059094536535,Restaurant,W8T41JZK0ZMEP,../../model_fits/finalized_redone_trunc_cp/t2_a1_proportion/chicken_fish/mpbamod_dishes_count/plots/W8T41JZK0ZMEP.png,Animal,0.15
chicken_fish,mpbamod,Proportion,1.25178707099792,0.97218811835051,1.5946877096597134,19.8649579940137,1.25178707099792,1.00113965964405,Restaurant,1SQPTEGYPH0GA,../../model_fits/finalized_redone_trunc_cp/t2_a1_proportion/chicken_fish/mpbamod_dishes_prop/plots/1SQPTEGYPH0GA.png,Animal,0.15
chicken_fish,mpbamod,Proportion,0.844384399963175,0.5543550611076528,1.2230697029514712,1.42357792595026,0.844384399963175,1.00048464812633,Restaurant,2HRX9P6HKXA8V,../../model_fits/finalized_redone_trunc_cp/t2_a1_proportion/chicken_fish/mpbamod_dishes_prop/plots/2HRX9P6HKXA8V.png,Animal,0.15
chicken_fish,mpbamod,Proportion,1.13434739561864,0.8647189635249104,1.4676206470773188,8.96109760628818,1.13434739561864,1.0001113983217,Restaurant,78AY09MVJVTYE,../../model_fits/finalized_redone_trunc_cp/t2_a1_proportion/chicken_fish/mpbamod_dishes_prop/plots/78AY09MVJVTYE.png,Animal,0.15
chicken_fish,mpbamod,Proportion,1.10458999508839,0.9864236204021707,1.2342280593563173,3.15472483398957,1.10458999508839,1.00031117711835,Restaurant,9XKJD8DQTH559,../../model_fits/finalized_redone_trunc_cp/t2_a1_proportion/chicken_fish/mpbamod_dishes_prop/plots/9XKJD8DQTH559.png,Animal,0.15
chicken_fish,mpbamod,Proportion,0.745887355686062,0.4984355714587629,1.0485287071331055,0.236456723779604,0.745887355686062,1.00171193176205,Restaurant,C0BE4NDSW26QN,../../model_fits/finalized_redone_trunc_cp/t2_a1_proportion/chicken_fish/mpbamod_dishes_prop/plots/C0BE4NDSW26QN.png,Animal,0.15
chicken_fish,mpbamod,Proportion,0.522977309675225,0.4221530885099325,0.6198699410179702,0.0022572087405879,0.522977309675225,1.00225909417168,Restaurant,CB2KHY1C2G9PT,../../model_fits/finalized_redone_trunc_cp/t2_a1_proportion/chicken_fish/mpbamod_dishes_prop/plots/CB2KHY1C2G9PT.png,Animal,0.15
chicken_fish,mpbamod,Proportion,0.955963136531641,0.8836889619562043,1.0312407607717675,0.683910460451605,0.955963136531641,1.00547697389629,Restaurant,ED5J990H5VAZT,../../model_fits/finalized_redone_trunc_cp/t2_a1_proportion/chicken_fish/mpbamod_dishes_prop/plots/ED5J990H5VAZT.png,Animal,0.15
chicken_fish,mpbamod,Proportion,0.730486697746654,0.6048262554621311,0.859359239531178,0.060767026722142,0.730486697746654,1.00042525189934,Restaurant,EMBVNVD207CC6,../../model_fits/finalized_redone_trunc_cp/t2_a1_proportion/chicken_fish/mpbamod_dishes_prop/plots/EMBVNVD207CC6.png,Animal,0.15
chicken_fish,mpbamod,Proportion,1.38115485916265,1.1912283578807574,1.5969772724835716,32.3574318025717,1.38115485916265,0.999976107961895,Restaurant,JHDN7CF1C03X5,../../model_fits/finalized_redone_trunc_cp/t2_a1_proportion/chicken_fish/mpbamod_dishes_prop/plots/JHDN7CF1C03X5.png,Animal,0.15
chicken_fish,mpbamod,Proportion,0.930824571877857,0.5076178288199309,1.5364507727292724,9.87936024454703,0.930824571877857,1.00069488774848,Restaurant,L69HYJ4Y3TR91,../../model_fits/finalized_redone_trunc_cp/t2_a1_proportion/chicken_fish/mpbamod_dishes_prop/plots/L69HYJ4Y3TR91.png,Animal,0.15
chicken_fish,mpbamod,Proportion,0.938045551761381,0.6758095850758494,1.2630921036946654,1.55822095719706,0.938045551761381,1.00002225909726,Restaurant,LBZEEFSBJNB3Z,../../model_fits/finalized_redone_trunc_cp/t2_a1_proportion/chicken_fish/mpbamod_dishes_prop/plots/LBZEEFSBJNB3Z.png,Animal,0.15
chicken_fish,mpbamod,Proportion,1.20310663648971,0.6810290254055564,2.104118700244223,775.429165629442,1.20310663648971,0.999660893303683,Restaurant,LFZFT3VASXPED,../../model_fits/finalized_redone_trunc_cp/t2_a1_proportion/chicken_fish/mpbamod_dishes_prop/plots/LFZFT3VASXPED.png,Animal,0.15
chicken_fish,mpbamod,Proportion,0.964354737047743,0.622608289180134,1.4651719766000115,8.22667520368794,0.964354737047743,1.00194158981264,Restaurant,LQ5EH4BKGV61T,../../model_fits/finalized_redone_trunc_cp/t2_a1_proportion/chicken_fish/mpbamod_dishes_prop/plots/LQ5EH4BKGV61T.png,Animal,0.15
chicken_fish,mpbamod,Proportion,1.20211095110324,0.8228051611964913,1.726607130321445,37.0880549068273,1.20211095110324,1.00074603990644,Restaurant,S8MT0YGD2KTN9,../../model_fits/finalized_redone_trunc_cp/t2_a1_proportion/chicken_fish/mpbamod_dishes_prop/plots/S8MT0YGD2KTN9.png,Animal,0.15
chicken_fish,mpbamod,Proportion,1.07480090779063,0.7647797307703332,1.4757429837276115,7.47985633960855,1.07480090779063,0.999570435532167,Restaurant,SAFK7ND1HR6XS,../../model_fits/finalized_redone_trunc_cp/t2_a1_proportion/chicken_fish/mpbamod_dishes_prop/plots/SAFK7ND1HR6XS.png,Animal,0.15
chicken_fish,mpbamod,Proportion,0.9060461036431,0.7964315128112751,1.0225750675123275,0.448299067880228,0.9060461036431,1.00056652245038,Restaurant,V3Q26BHF3SE2H,../../model_fits/finalized_redone_trunc_cp/t2_a1_proportion/chicken_fish/mpbamod_dishes_prop/plots/V3Q26BHF3SE2H.png,Animal,0.15
chicken_fish,mpbamod,Proportion,1.03022425076198,0.8943221314086259,1.1788886064982644,1.6781951569403,1.03022425076198,0.999510895838924,Restaurant,W8T41JZK0ZMEP,../../model_fits/finalized_redone_trunc_cp/t2_a1_proportion/chicken_fish/mpbamod_dishes_prop/plots/W8T41JZK0ZMEP.png,Animal,0.15
chicken_fish,vegan,Count,1.19118341992138,1.1452771432795212,1.2387446635854293,1.19118341992138,1.01763010751262,1.00089204189623,Restaurant,1SQPTEGYPH0GA,../../model_fits/finalized_redone_trunc_cp/t2_a1_proportion/chicken_fish/vegan_dishes_count/plots/1SQPTEGYPH0GA.png,Animal,0.15
chicken_fish,vegan,Count,0.886470879561048,0.7696340573856955,1.009665606724719,0.886470879561048,0.987801347741735,1.00026966682483,Restaurant,2HRX9P6HKXA8V,../../model_fits/finalized_redone_trunc_cp/t2_a1_proportion/chicken_fish/vegan_dishes_count/plots/2HRX9P6HKXA8V.png,Animal,0.15
chicken_fish,vegan,Count,0.969261352925964,0.9355903472747736,1.000430710450621,0.969261352925964,0.99686942451569,1.00143715823438,Restaurant,78AY09MVJVTYE,../../model_fits/finalized_redone_trunc_cp/t2_a1_proportion/chicken_fish/vegan_dishes_count/plots/78AY09MVJVTYE.png,Animal,0.15
chicken_fish,vegan,Count,1.026342320623,1.0095938994424736,1.0452192844948847,1.026342320623,1.00259998305583,1.00015753099512,Restaurant,9XKJD8DQTH559,../../model_fits/finalized_redone_trunc_cp/t2_a1_proportion/chicken_fish/vegan_dishes_count/plots/9XKJD8DQTH559.png,Animal,0.15
chicken_fish,vegan,Count,1.0502370314314,1.0041701166793102,1.101131291435699,1.0502370314314,1.00488859307027,1.00139112023783,Restaurant,C0BE4NDSW26QN,../../model_fits/finalized_redone_trunc_cp/t2_a1_proportion/chicken_fish/vegan_dishes_count/plots/C0BE4NDSW26QN.png,Animal,0.15
chicken_fish,vegan,Count,1.03985014730988,1.0125692650149338,1.070286730627875,1.03985014730988,1.00390642118887,0.999413866660557,Restaurant,CB2KHY1C2G9PT,../../model_fits/finalized_redone_trunc_cp/t2_a1_proportion/chicken_fish/vegan_dishes_count/plots/CB2KHY1C2G9PT.png,Animal,0.15
chicken_fish,vegan,Count,1.33668029120853,1.1669176488192499,1.542130956223359,1.33668029120853,1.02920050374031,1.00334047151025,Restaurant,ED5J990H5VAZT,../../model_fits/finalized_redone_trunc_cp/t2_a1_proportion/chicken_fish/vegan_dishes_count/plots/ED5J990H5VAZT.png,Animal,0.15
chicken_fish,vegan,Count,1.13425602265604,0.9607019361885115,1.3504469203151719,1.13425602265604,1.01234651305548,1.00226174576208,Restaurant,EMBVNVD207CC6,../../model_fits/finalized_redone_trunc_cp/t2_a1_proportion/chicken_fish/vegan_dishes_count/plots/EMBVNVD207CC6.png,Animal,0.15
chicken_fish,vegan,Count,0.926744646324345,0.9083828585408477,0.9456981360608705,0.926744646324345,0.992416275635505,0.999707352098717,Restaurant,JHDN7CF1C03X5,../../model_fits/finalized_redone_trunc_cp/t2_a1_proportion/chicken_fish/vegan_dishes_count/plots/JHDN7CF1C03X5.png,Animal,0.15
chicken_fish,vegan,Count,1.16349214971364,1.0118522083290824,1.3351486650630722,1.16349214971364,1.01502275405005,1.00076889569304,Restaurant,L69HYJ4Y3TR91,../../model_fits/finalized_redone_trunc_cp/t2_a1_proportion/chicken_fish/vegan_dishes_count/plots/L69HYJ4Y3TR91.png,Animal,0.15
chicken_fish,vegan,Count,1.20046435046922,1.1153675524003315,1.2914460257218223,1.20046435046922,1.01837270548479,1.00027260211882,Restaurant,LBZEEFSBJNB3Z,../../model_fits/finalized_redone_trunc_cp/t2_a1_proportion/chicken_fish/vegan_dishes_count/plots/LBZEEFSBJNB3Z.png,Animal,0.15
chicken_fish,vegan,Count,1.00773027195805,0.8408763509814405,1.1903543474323242,1.00773027195805,1.00042092002422,1.00035807044403,Restaurant,LFZFT3VASXPED,../../model_fits/finalized_redone_trunc_cp/t2_a1_proportion/chicken_fish/vegan_dishes_count/plots/LFZFT3VASXPED.png,Animal,0.15
chicken_fish,vegan,Count,1.06818677045642,0.9075069117442747,1.3236236588131858,1.06818677045642,1.00618417219842,1.00621457330412,Restaurant,LQ5EH4BKGV61T,../../model_fits/finalized_redone_trunc_cp/t2_a1_proportion/chicken_fish/vegan_dishes_count/plots/LQ5EH4BKGV61T.png,Animal,0.15
chicken_fish,vegan,Count,0.970620361826624,0.8371588088145564,1.108552044937329,0.970620361826624,0.996790574240051,1.0016864086781,Restaurant,S8MT0YGD2KTN9,../../model_fits/finalized_redone_trunc_cp/t2_a1_proportion/chicken_fish/vegan_dishes_count/plots/S8MT0YGD2KTN9.png,Animal,0.15
chicken_fish,vegan,Count,1.05871992258139,0.8585792678006829,1.3003127126724678,1.05871992258139,1.00522455646402,1.00089696786174,Restaurant,SAFK7ND1HR6XS,../../model_fits/finalized_redone_trunc_cp/t2_a1_proportion/chicken_fish/vegan_dishes_count/plots/SAFK7ND1HR6XS.png,Animal,0.15
chicken_fish,vegan,Count,1.11901800010453,1.0234825072866278,1.226245481709406,1.11901800010453,1.0112154215323,1.00033938210304,Restaurant,V3Q26BHF3SE2H,../../model_fits/finalized_redone_trunc_cp/t2_a1_proportion/chicken_fish/vegan_dishes_count/plots/V3Q26BHF3SE2H.png,Animal,0.15
chicken_fish,vegan,Count,1.00093201212533,0.9830056677338153,1.0192595016281178,1.00093201212533,1.00008915037678,1.00040696178923,Restaurant,W8T41JZK0ZMEP,../../model_fits/finalized_redone_trunc_cp/t2_a1_proportion/chicken_fish/vegan_dishes_count/plots/W8T41JZK0ZMEP.png,Animal,0.15
chicken_fish,vegan,Proportion,0.778019052096227,0.645870630428066,0.9260183141099496,0.119443268612064,0.778019052096227,1.00037098895437,Restaurant,1SQPTEGYPH0GA,../../model_fits/finalized_redone_trunc_cp/t2_a1_proportion/chicken_fish/vegan_dishes_prop/plots/1SQPTEGYPH0GA.png,Animal,0.15
chicken_fish,vegan,Proportion,0.75181217873111,0.573418879524649,0.9651225005738149,0.126220759811368,0.75181217873111,1.00035505979042,Restaurant,2HRX9P6HKXA8V,../../model_fits/finalized_redone_trunc_cp/t2_a1_proportion/chicken_fish/vegan_dishes_prop/plots/2HRX9P6HKXA8V.png,Animal,0.15
chicken_fish,vegan,Proportion,0.926552892915605,0.8424852755502819,1.0144683427082313,0.517264357348562,0.926552892915605,1.00096970192054,Restaurant,78AY09MVJVTYE,../../model_fits/finalized_redone_trunc_cp/t2_a1_proportion/chicken_fish/vegan_dishes_prop/plots/78AY09MVJVTYE.png,Animal,0.15
chicken_fish,vegan,Proportion,1.2917050082887,1.1322196895589616,1.4701467022350185,15.8604230538285,1.2917050082887,0.999830583197014,Restaurant,9XKJD8DQTH559,../../model_fits/finalized_redone_trunc_cp/t2_a1_proportion/chicken_fish/vegan_dishes_prop/plots/9XKJD8DQTH559.png,Animal,0.15
chicken_fish,vegan,Proportion,1.12545756294175,0.9551374883547773,1.3254827722611338,4.47923921216264,1.12545756294175,1.00274099413584,Restaurant,C0BE4NDSW26QN,../../model_fits/finalized_redone_trunc_cp/t2_a1_proportion/chicken_fish/vegan_dishes_prop/plots/C0BE4NDSW26QN.png,Animal,0.15
chicken_fish,vegan,Proportion,0.942098728339356,0.8351224931560159,1.0543742994807626,0.645833372281633,0.942098728339356,1.00007703181012,Restaurant,CB2KHY1C2G9PT,../../model_fits/finalized_redone_trunc_cp/t2_a1_proportion/chicken_fish/vegan_dishes_prop/plots/CB2KHY1C2G9PT.png,Animal,0.15
chicken_fish,vegan,Proportion,1.09905872453533,0.798912386436665,1.4966286191356615,8.83402950504647,1.09905872453533,1.00064114302855,Restaurant,ED5J990H5VAZT,../../model_fits/finalized_redone_trunc_cp/t2_a1_proportion/chicken_fish/vegan_dishes_prop/plots/ED5J990H5VAZT.png,Animal,0.15
chicken_fish,vegan,Proportion,1.0108786631072,0.8386623440471623,1.2002627147009803,1.66404289692123,1.0108786631072,1.01348132382512,Restaurant,EMBVNVD207CC6,../../model_fits/finalized_redone_trunc_cp/t2_a1_proportion/chicken_fish/vegan_dishes_prop/plots/EMBVNVD207CC6.png,Animal,0.15
chicken_fish,vegan,Proportion,0.634098028942876,0.5681541366402809,0.7054873654471641,0.0120451336292548,0.634098028942876,1.00042956406195,Restaurant,JHDN7CF1C03X5,../../model_fits/finalized_redone_trunc_cp/t2_a1_proportion/chicken_fish/vegan_dishes_prop/plots/JHDN7CF1C03X5.png,Animal,0.15
chicken_fish,vegan,Proportion,1.30418358012191,0.8441096004195828,1.9814721642849313,169.984106556957,1.30418358012191,1.00253751661717,Restaurant,L69HYJ4Y3TR91,../../model_fits/finalized_redone_trunc_cp/t2_a1_proportion/chicken_fish/vegan_dishes_prop/plots/L69HYJ4Y3TR91.png,Animal,0.15
chicken_fish,vegan,Proportion,1.69324880330354,1.3247175587392264,2.1396814322116575,392.731399179831,1.69324880330354,1.00076993427381,Restaurant,LBZEEFSBJNB3Z,../../model_fits/finalized_redone_trunc_cp/t2_a1_proportion/chicken_fish/vegan_dishes_prop/plots/LBZEEFSBJNB3Z.png,Animal,0.15
chicken_fish,vegan,Proportion,1.24093579226729,0.7923148504248156,1.9305517695185117,142.375037961864,1.24093579226729,1.00072016759298,Restaurant,LFZFT3VASXPED,../../model_fits/finalized_redone_trunc_cp/t2_a1_proportion/chicken_fish/vegan_dishes_prop/plots/LFZFT3VASXPED.png,Animal,0.15
chicken_fish,vegan,Proportion,0.708032590787062,0.5167416321646083,0.9333478166668621,0.0944726660005344,0.708032590787062,1.0002676156419401,Restaurant,LQ5EH4BKGV61T,../../model_fits/finalized_redone_trunc_cp/t2_a1_proportion/chicken_fish/vegan_dishes_prop/plots/LQ5EH4BKGV61T.png,Animal,0.15
chicken_fish,vegan,Proportion,0.95630007271991,0.6339032659829327,1.3360120239011963,2.72010066537272,0.95630007271991,1.00017501671551,Restaurant,S8MT0YGD2KTN9,../../model_fits/finalized_redone_trunc_cp/t2_a1_proportion/chicken_fish/vegan_dishes_prop/plots/S8MT0YGD2KTN9.png,Animal,0.15
chicken_fish,vegan,Proportion,1.07568081920799,0.7167011429455246,1.5956864766047312,13.3585032112898,1.07568081920799,1.0006397382179,Restaurant,SAFK7ND1HR6XS,../../model_fits/finalized_redone_trunc_cp/t2_a1_proportion/chicken_fish/vegan_dishes_prop/plots/SAFK7ND1HR6XS.png,Animal,0.15
chicken_fish,vegan,Proportion,1.1947300621607,1.0314923424259983,1.3919588058837293,7.87905401491213,1.1947300621607,1.00014041006179,Restaurant,V3Q26BHF3SE2H,../../model_fits/finalized_redone_trunc_cp/t2_a1_proportion/chicken_fish/vegan_dishes_prop/plots/V3Q26BHF3SE2H.png,Animal,0.15
chicken_fish,vegan,Proportion,1.03163190600033,0.9031937330752275,1.1753850343777608,1.66993946487164,1.03163190600033,1.00014039919761,Restaurant,W8T41JZK0ZMEP,../../model_fits/finalized_redone_trunc_cp/t2_a1_proportion/chicken_fish/vegan_dishes_prop/plots/W8T41JZK0ZMEP.png,Animal,0.15
chicken_fish,vegetarian,Count,1.06792379211461,1.0540938304455894,1.0818722078753558,1.06792379211461,1.00659128345436,1.00077331829538,Restaurant,1SQPTEGYPH0GA,../../model_fits/finalized_redone_trunc_cp/t2_a1_proportion/chicken_fish/vegetarian_dishes_count/plots/1SQPTEGYPH0GA.png,Animal,0.15
chicken_fish,vegetarian,Count,0.963101624560827,0.8721499365667826,1.042690950953333,0.963101624560827,0.996152882924591,1.00283306763213,Restaurant,2HRX9P6HKXA8V,../../model_fits/finalized_redone_trunc_cp/t2_a1_proportion/chicken_fish/vegetarian_dishes_count/plots/2HRX9P6HKXA8V.png,Animal,0.15
chicken_fish,vegetarian,Count,0.994277300702053,0.9656391434401319,1.0228012423090844,0.994277300702053,0.999415854239598,1.0090110081973,Restaurant,78AY09MVJVTYE,../../model_fits/finalized_redone_trunc_cp/t2_a1_proportion/chicken_fish/vegetarian_dishes_count/plots/78AY09MVJVTYE.png,Animal,0.15
chicken_fish,vegetarian,Count,1.01515034814422,1.0052252396602113,1.0254468069201996,1.01515034814422,1.00150365070525,0.999695108978826,Restaurant,9XKJD8DQTH559,../../model_fits/finalized_redone_trunc_cp/t2_a1_proportion/chicken_fish/vegetarian_dishes_count/plots/9XKJD8DQTH559.png,Animal,0.15
chicken_fish,vegetarian,Count,1.02052221996969,0.9973837848141524,1.048065549080063,1.02052221996969,1.00202594936759,0.999615450456062,Restaurant,C0BE4NDSW26QN,../../model_fits/finalized_redone_trunc_cp/t2_a1_proportion/chicken_fish/vegetarian_dishes_count/plots/C0BE4NDSW26QN.png,Animal,0.15
chicken_fish,vegetarian,Count,1.04271990617346,1.0241669221041652,1.0624532255652686,1.04271990617346,1.00418792239624,0.999960896212061,Restaurant,CB2KHY1C2G9PT,../../model_fits/finalized_redone_trunc_cp/t2_a1_proportion/chicken_fish/vegetarian_dishes_count/plots/CB2KHY1C2G9PT.png,Animal,0.15
chicken_fish,vegetarian,Count,1.09546546460893,1.0403604246729428,1.1545947380440742,1.09546546460893,1.00912502419532,1.0021188130653,Restaurant,ED5J990H5VAZT,../../model_fits/finalized_redone_trunc_cp/t2_a1_proportion/chicken_fish/vegetarian_dishes_count/plots/ED5J990H5VAZT.png,Animal,0.15
chicken_fish,vegetarian,Count,1.01783571716284,0.9444762289489469,1.10101478626445,1.01783571716284,1.00170651094805,1.00190442463741,Restaurant,EMBVNVD207CC6,../../model_fits/finalized_redone_trunc_cp/t2_a1_proportion/chicken_fish/vegetarian_dishes_count/plots/EMBVNVD207CC6.png,Animal,0.15
chicken_fish,vegetarian,Count,0.962135499642747,0.9470421213859185,0.9761302845103379,0.962135499642747,0.996144764195152,1.00250207168983,Restaurant,JHDN7CF1C03X5,../../model_fits/finalized_redone_trunc_cp/t2_a1_proportion/chicken_fish/vegetarian_dishes_count/plots/JHDN7CF1C03X5.png,Animal,0.15
chicken_fish,vegetarian,Count,1.07254066250051,0.9891739008561364,1.1829135022068342,1.07254066250051,1.00692721656667,0.999750296774872,Restaurant,L69HYJ4Y3TR91,../../model_fits/finalized_redone_trunc_cp/t2_a1_proportion/chicken_fish/vegetarian_dishes_count/plots/L69HYJ4Y3TR91.png,Animal,0.15
chicken_fish,vegetarian,Count,1.04234154606122,0.9940477820083237,1.0907214253730915,1.04234154606122,1.0041292351217,1.00024604942772,Restaurant,LBZEEFSBJNB3Z,../../model_fits/finalized_redone_trunc_cp/t2_a1_proportion/chicken_fish/vegetarian_dishes_count/plots/LBZEEFSBJNB3Z.png,Animal,0.15
chicken_fish,vegetarian,Count,0.996672527659333,0.8923078177654646,1.094229218705929,0.996672527659333,0.999547239523275,1.00073650319167,Restaurant,LFZFT3VASXPED,../../model_fits/finalized_redone_trunc_cp/t2_a1_proportion/chicken_fish/vegetarian_dishes_count/plots/LFZFT3VASXPED.png,Animal,0.15
chicken_fish,vegetarian,Count,1.07629680084687,0.9798876875019247,1.1963094933424472,1.07629680084687,1.00725811910421,1.00123897314754,Restaurant,LQ5EH4BKGV61T,../../model_fits/finalized_redone_trunc_cp/t2_a1_proportion/chicken_fish/vegetarian_dishes_count/plots/LQ5EH4BKGV61T.png,Animal,0.15
chicken_fish,vegetarian,Count,0.938247952291924,0.8955131937058851,0.9809671637492187,0.938247952291924,0.993622631313596,1.00254981857521,Restaurant,S8MT0YGD2KTN9,../../model_fits/finalized_redone_trunc_cp/t2_a1_proportion/chicken_fish/vegetarian_dishes_count/plots/S8MT0YGD2KTN9.png,Animal,0.15
chicken_fish,vegetarian,Count,1.02694002392802,0.9208145328013295,1.1466126791819093,1.02694002392802,1.00252246678036,1.00003467572173,Restaurant,SAFK7ND1HR6XS,../../model_fits/finalized_redone_trunc_cp/t2_a1_proportion/chicken_fish/vegetarian_dishes_count/plots/SAFK7ND1HR6XS.png,Animal,0.15
chicken_fish,vegetarian,Count,1.01402111087723,0.9570658141760389,1.07728973613454,1.01402111087723,1.00135136786551,1.00074298985506,Restaurant,V3Q26BHF3SE2H,../../model_fits/finalized_redone_trunc_cp/t2_a1_proportion/chicken_fish/vegetarian_dishes_count/plots/V3Q26BHF3SE2H.png,Animal,0.15
chicken_fish,vegetarian,Count,0.996062771148323,0.983037651326527,1.0100216558056123,0.996062771148323,0.999603357140864,0.99983654338622,Restaurant,W8T41JZK0ZMEP,../../model_fits/finalized_redone_trunc_cp/t2_a1_proportion/chicken_fish/vegetarian_dishes_count/plots/W8T41JZK0ZMEP.png,Animal,0.15
chicken_fish,vegetarian,Proportion,0.752259230451865,0.665093905677887,0.8491261310103493,0.069114448411206,0.752259230451865,1.0026341302292,Restaurant,1SQPTEGYPH0GA,../../model_fits/finalized_redone_trunc_cp/t2_a1_proportion/chicken_fish/vegetarian_dishes_prop/plots/1SQPTEGYPH0GA.png,Animal,0.15
chicken_fish,vegetarian,Proportion,0.812728881853503,0.6286270474286781,1.009376372981693,0.23614861816278299,0.812728881853503,1.00325803783738,Restaurant,2HRX9P6HKXA8V,../../model_fits/finalized_redone_trunc_cp/t2_a1_proportion/chicken_fish/vegetarian_dishes_prop/plots/2HRX9P6HKXA8V.png,Animal,0.15
chicken_fish,vegetarian,Proportion,0.976999454229354,0.8895127665302867,1.0685925510648442,0.873119514230948,0.976999454229354,1.00398602188678,Restaurant,78AY09MVJVTYE,../../model_fits/finalized_redone_trunc_cp/t2_a1_proportion/chicken_fish/vegetarian_dishes_prop/plots/78AY09MVJVTYE.png,Animal,0.15
chicken_fish,vegetarian,Proportion,1.02828959475282,0.9242525774737984,1.1489491212617662,1.53224269964583,1.02828959475282,1.00416797157914,Restaurant,9XKJD8DQTH559,../../model_fits/finalized_redone_trunc_cp/t2_a1_proportion/chicken_fish/vegetarian_dishes_prop/plots/9XKJD8DQTH559.png,Animal,0.15
chicken_fish,vegetarian,Proportion,0.997664796843312,0.8828721732621874,1.1243289831146113,1.16551155183038,0.997664796843312,1.0033643331012,Restaurant,C0BE4NDSW26QN,../../model_fits/finalized_redone_trunc_cp/t2_a1_proportion/chicken_fish/vegetarian_dishes_prop/plots/C0BE4NDSW26QN.png,Animal,0.15
chicken_fish,vegetarian,Proportion,1.03312255448849,0.9050287690336605,1.1847026872242032,1.73394811980408,1.03312255448849,1.00354452494214,Restaurant,CB2KHY1C2G9PT,../../model_fits/finalized_redone_trunc_cp/t2_a1_proportion/chicken_fish/vegetarian_dishes_prop/plots/CB2KHY1C2G9PT.png,Animal,0.15
chicken_fish,vegetarian,Proportion,0.630249703924906,0.5081491050969905,0.7676801376686865,0.0159692371926398,0.630249703924906,1.00070514648571,Restaurant,ED5J990H5VAZT,../../model_fits/finalized_redone_trunc_cp/t2_a1_proportion/chicken_fish/vegetarian_dishes_prop/plots/ED5J990H5VAZT.png,Animal,0.15
chicken_fish,vegetarian,Proportion,0.679804459494406,0.5336309448312041,0.8395804950891042,0.0355179258353114,0.679804459494406,1.01477293232779,Restaurant,EMBVNVD207CC6,../../model_fits/finalized_redone_trunc_cp/t2_a1_proportion/chicken_fish/vegetarian_dishes_prop/plots/EMBVNVD207CC6.png,Animal,0.15
chicken_fish,vegetarian,Proportion,0.728779213472995,0.6490786618001543,0.8127022598967062,0.0487385325297277,0.728779213472995,1.00294348080887,Restaurant,JHDN7CF1C03X5,../../model_fits/finalized_redone_trunc_cp/t2_a1_proportion/chicken_fish/vegetarian_dishes_prop/plots/JHDN7CF1C03X5.png,Animal,0.15
chicken_fish,vegetarian,Proportion,0.872228265528833,0.6477340621712468,1.167551002988523,1.17502433180038,0.872228265528833,1.00327086186232,Restaurant,L69HYJ4Y3TR91,../../model_fits/finalized_redone_trunc_cp/t2_a1_proportion/chicken_fish/vegetarian_dishes_prop/plots/L69HYJ4Y3TR91.png,Animal,0.15
chicken_fish,vegetarian,Proportion,0.971919964735338,0.8464213114591211,1.1270109592180753,0.961717079784556,0.971919964735338,1.0044004356749,Restaurant,LBZEEFSBJNB3Z,../../model_fits/finalized_redone_trunc_cp/t2_a1_proportion/chicken_fish/vegetarian_dishes_prop/plots/LBZEEFSBJNB3Z.png,Animal,0.15
chicken_fish,vegetarian,Proportion,0.998383799043511,0.7417013424705196,1.3398284300644316,3.10258580006168,0.998383799043511,1.00750939395517,Restaurant,LFZFT3VASXPED,../../model_fits/finalized_redone_trunc_cp/t2_a1_proportion/chicken_fish/vegetarian_dishes_prop/plots/LFZFT3VASXPED.png,Animal,0.15
chicken_fish,vegetarian,Proportion,0.896165991749673,0.637523908897422,1.1962071334064737,1.04889128233543,0.896165991749673,1.01381886326305,Restaurant,LQ5EH4BKGV61T,../../model_fits/finalized_redone_trunc_cp/t2_a1_proportion/chicken_fish/vegetarian_dishes_prop/plots/LQ5EH4BKGV61T.png,Animal,0.15
chicken_fish,vegetarian,Proportion,0.74407158052199,0.6286369772999453,0.8550646539494463,0.0671535250959429,0.74407158052199,1.00757973037945,Restaurant,S8MT0YGD2KTN9,../../model_fits/finalized_redone_trunc_cp/t2_a1_proportion/chicken_fish/vegetarian_dishes_prop/plots/S8MT0YGD2KTN9.png,Animal,0.15
chicken_fish,vegetarian,Proportion,0.904831392312696,0.690194970405471,1.1560872064379637,0.827161435972793,0.904831392312696,1.00545073308693,Restaurant,SAFK7ND1HR6XS,../../model_fits/finalized_redone_trunc_cp/t2_a1_proportion/chicken_fish/vegetarian_dishes_prop/plots/SAFK7ND1HR6XS.png,Animal,0.15
chicken_fish,vegetarian,Proportion,0.712534364915772,0.6029454273545988,0.8388421098272005,0.0462882898285416,0.712534364915772,1.01126160885478,Restaurant,V3Q26BHF3SE2H,../../model_fits/finalized_redone_trunc_cp/t2_a1_proportion/chicken_fish/vegetarian_dishes_prop/plots/V3Q26BHF3SE2H.png,Animal,0.15
chicken_fish,vegetarian,Proportion,0.874471214816726,0.7617245752022896,1.0012678808171467,0.325338394940619,0.874471214816726,1.00107500692208,Restaurant,W8T41JZK0ZMEP,../../model_fits/finalized_redone_trunc_cp/t2_a1_proportion/chicken_fish/vegetarian_dishes_prop/plots/W8T41JZK0ZMEP.png,Animal,0.15
vegetarian,mpbamod,Count,1.00559735382735,0.9300863808627902,1.085263051574361,1.00559735382735,1.00048809728026,1.008786766822,Restaurant,1SQPTEGYPH0GA,../../model_fits/finalized_redone_trunc/t2_a1_proportion/vegetarian/mpbamod_dishes_count/plots/1SQPTEGYPH0GA.png,Plant-based,0.15
vegetarian,mpbamod,Count,0.944474056492363,0.7507328853876445,1.154696886095064,0.944474056492363,0.99380039086166,1.00225912838172,Restaurant,2HRX9P6HKXA8V,../../model_fits/finalized_redone_trunc/t2_a1_proportion/vegetarian/mpbamod_dishes_count/plots/2HRX9P6HKXA8V.png,Plant-based,0.15
vegetarian,mpbamod,Count,1.03168462506311,0.932964741112586,1.1418799712776684,1.03168462506311,1.0030056970323,1.00204164032356,Restaurant,78AY09MVJVTYE,../../model_fits/finalized_redone_trunc/t2_a1_proportion/vegetarian/mpbamod_dishes_count/plots/78AY09MVJVTYE.png,Plant-based,0.15
vegetarian,mpbamod,Count,0.988409137830606,0.963757675870061,1.0178998571620148,0.988409137830606,0.998826301229592,1.00394807978971,Restaurant,9XKJD8DQTH559,../../model_fits/finalized_redone_trunc/t2_a1_proportion/vegetarian/mpbamod_dishes_count/plots/9XKJD8DQTH559.png,Plant-based,0.15
vegetarian,mpbamod,Count,1.04719098474451,0.8849903042800353,1.2107676806493524,1.04719098474451,1.00433748501962,1.00339202127266,Restaurant,C0BE4NDSW26QN,../../model_fits/finalized_redone_trunc/t2_a1_proportion/vegetarian/mpbamod_dishes_count/plots/C0BE4NDSW26QN.png,Plant-based,0.15
vegetarian,mpbamod,Count,0.97999047293454,0.8953802351140198,1.0697817723786704,0.97999047293454,0.997889655482409,1.00092231566852,Restaurant,CB2KHY1C2G9PT,../../model_fits/finalized_redone_trunc/t2_a1_proportion/vegetarian/mpbamod_dishes_count/plots/CB2KHY1C2G9PT.png,Plant-based,0.15
vegetarian,mpbamod,Count,1.0035566428358,0.9838474723197177,1.0209394359359354,1.0035566428358,1.00035101855385,1.00924146294868,Restaurant,ED5J990H5VAZT,../../model_fits/finalized_redone_trunc/t2_a1_proportion/vegetarian/mpbamod_dishes_count/plots/ED5J990H5VAZT.png,Plant-based,0.15
vegetarian,mpbamod,Count,0.957855103810079,0.8023622564606556,1.1138706903694364,0.957855103810079,0.995393398397786,1.00562554018403,Restaurant,EMBVNVD207CC6,../../model_fits/finalized_redone_trunc/t2_a1_proportion/vegetarian/mpbamod_dishes_count/plots/EMBVNVD207CC6.png,Plant-based,0.15
vegetarian,mpbamod,Count,0.998180943683537,0.9561461052964682,1.046394501160686,0.998180943683537,0.999793277617015,1.00004995812083,Restaurant,JHDN7CF1C03X5,../../model_fits/finalized_redone_trunc/t2_a1_proportion/vegetarian/mpbamod_dishes_count/plots/JHDN7CF1C03X5.png,Plant-based,0.15
vegetarian,mpbamod,Count,1.05271737179763,0.8667087173920359,1.2352938726299452,1.05271737179763,1.00477328417433,1.00076675558124,Restaurant,L69HYJ4Y3TR91,../../model_fits/finalized_redone_trunc/t2_a1_proportion/vegetarian/mpbamod_dishes_count/plots/L69HYJ4Y3TR91.png,Plant-based,0.15
vegetarian,mpbamod,Count,0.970975086567135,0.8781520632504414,1.0745136075268402,0.970975086567135,0.996938113979668,1.00896957144368,Restaurant,LBZEEFSBJNB3Z,../../model_fits/finalized_redone_trunc/t2_a1_proportion/vegetarian/mpbamod_dishes_count/plots/LBZEEFSBJNB3Z.png,Plant-based,0.15
vegetarian,mpbamod,Count,0.992932039276065,0.716460947310335,1.3719214887250413,0.992932039276065,0.998033406904154,1.00778562272793,Restaurant,LFZFT3VASXPED,../../model_fits/finalized_redone_trunc/t2_a1_proportion/vegetarian/mpbamod_dishes_count/plots/LFZFT3VASXPED.png,Plant-based,0.15
vegetarian,mpbamod,Count,1.04675653580452,0.8423173050719169,1.2803659769736548,1.04675653580452,1.00408345975463,1.01216838798767,Restaurant,LQ5EH4BKGV61T,../../model_fits/finalized_redone_trunc/t2_a1_proportion/vegetarian/mpbamod_dishes_count/plots/LQ5EH4BKGV61T.png,Plant-based,0.15
vegetarian,mpbamod,Count,1.01977212923341,0.8501785577438608,1.2030330915655476,1.01977212923341,1.0016088845067,1.02518247567533,Restaurant,S8MT0YGD2KTN9,../../model_fits/finalized_redone_trunc/t2_a1_proportion/vegetarian/mpbamod_dishes_count/plots/S8MT0YGD2KTN9.png,Plant-based,0.15
vegetarian,mpbamod,Count,0.980557074661735,0.7570588793232719,1.2626198166923237,0.980557074661735,0.997279221724684,1.00091151859584,Restaurant,SAFK7ND1HR6XS,../../model_fits/finalized_redone_trunc/t2_a1_proportion/vegetarian/mpbamod_dishes_count/plots/SAFK7ND1HR6XS.png,Plant-based,0.15
vegetarian,mpbamod,Count,1.17053240814031,1.0753480377731652,1.2790102066567888,1.17053240814031,1.01578008497602,1.00732882147425,Restaurant,SRQS8F7JWA9MZ,../../model_fits/finalized_redone_trunc/t2_a1_proportion/vegetarian/mpbamod_dishes_count/plots/SRQS8F7JWA9MZ.png,Plant-based,0.15
vegetarian,mpbamod,Count,1.0031363495258,0.9538157221641412,1.0514889563263434,1.0031363495258,1.00028606790456,1.01053926575522,Restaurant,V3Q26BHF3SE2H,../../model_fits/finalized_redone_trunc/t2_a1_proportion/vegetarian/mpbamod_dishes_count/plots/V3Q26BHF3SE2H.png,Plant-based,0.15
vegetarian,mpbamod,Count,0.990889497085377,0.9635932948285519,1.0224952801050655,0.990889497085377,0.999074592654441,1.00262183880574,Restaurant,W8T41JZK0ZMEP,../../model_fits/finalized_redone_trunc/t2_a1_proportion/vegetarian/mpbamod_dishes_count/plots/W8T41JZK0ZMEP.png,Plant-based,0.15
vegetarian,mpbamod,Proportion,1.04025572374656,0.7940569840383173,1.3422301505235235,3.4416226398592,1.04025572374656,1.00021465513208,Restaurant,1SQPTEGYPH0GA,../../model_fits/finalized_redone_trunc/t2_a1_proportion/vegetarian/mpbamod_dishes_prop/plots/1SQPTEGYPH0GA.png,Plant-based,0.15
vegetarian,mpbamod,Proportion,0.849198395277935,0.5182455222959395,1.3149714199299904,2.17109476569233,0.849198395277935,1.00518633352557,Restaurant,2HRX9P6HKXA8V,../../model_fits/finalized_redone_trunc/t2_a1_proportion/vegetarian/mpbamod_dishes_prop/plots/2HRX9P6HKXA8V.png,Plant-based,0.15
vegetarian,mpbamod,Proportion,1.061681167534,0.8081425199003025,1.359349015734169,3.93020382919117,1.061681167534,1.01589643222801,Restaurant,78AY09MVJVTYE,../../model_fits/finalized_redone_trunc/t2_a1_proportion/vegetarian/mpbamod_dishes_prop/plots/78AY09MVJVTYE.png,Plant-based,0.15
vegetarian,mpbamod,Proportion,0.993046048866515,0.857377197701567,1.1403689242253359,1.17986178018848,0.993046048866515,1.00169645198406,Restaurant,9XKJD8DQTH559,../../model_fits/finalized_redone_trunc/t2_a1_proportion/vegetarian/mpbamod_dishes_prop/plots/9XKJD8DQTH559.png,Plant-based,0.15
vegetarian,mpbamod,Proportion,1.17016402371119,0.8073033150479576,1.678890271121318,24.7428940693894,1.17016402371119,1.00366650407777,Restaurant,C0BE4NDSW26QN,../../model_fits/finalized_redone_trunc/t2_a1_proportion/vegetarian/mpbamod_dishes_prop/plots/C0BE4NDSW26QN.png,Plant-based,0.15
vegetarian,mpbamod,Proportion,0.886856669153764,0.7602396904524407,1.0271075993462526,0.392265191642096,0.886856669153764,1.00076976996582,Restaurant,CB2KHY1C2G9PT,../../model_fits/finalized_redone_trunc/t2_a1_proportion/vegetarian/mpbamod_dishes_prop/plots/CB2KHY1C2G9PT.png,Plant-based,0.15
vegetarian,mpbamod,Proportion,1.00617365868547,0.9659908680294162,1.0475862746898876,1.0844407374114,1.00617365868547,1.00092454040866,Restaurant,ED5J990H5VAZT,../../model_fits/finalized_redone_trunc/t2_a1_proportion/vegetarian/mpbamod_dishes_prop/plots/ED5J990H5VAZT.png,Plant-based,0.15
vegetarian,mpbamod,Proportion,0.952132693298233,0.818817239315407,1.0990129703410259,0.789276257295254,0.952132693298233,1.009014112133,Restaurant,EMBVNVD207CC6,../../model_fits/finalized_redone_trunc/t2_a1_proportion/vegetarian/mpbamod_dishes_prop/plots/EMBVNVD207CC6.png,Plant-based,0.15
vegetarian,mpbamod,Proportion,0.782002071712948,0.6471900252608067,0.9378316349439445,0.131117465953147,0.782002071712948,1.00704639918241,Restaurant,JHDN7CF1C03X5,../../model_fits/finalized_redone_trunc/t2_a1_proportion/vegetarian/mpbamod_dishes_prop/plots/JHDN7CF1C03X5.png,Plant-based,0.15
vegetarian,mpbamod,Proportion,1.08283831194576,0.605250497614947,1.763707469119207,62.8288205196394,1.08283831194576,1.00534292984367,Restaurant,L69HYJ4Y3TR91,../../model_fits/finalized_redone_trunc/t2_a1_proportion/vegetarian/mpbamod_dishes_prop/plots/L69HYJ4Y3TR91.png,Plant-based,0.15
vegetarian,mpbamod,Proportion,0.908498262106802,0.6233944023599959,1.2848125298028263,1.62211771657726,0.908498262106802,1.00331317953106,Restaurant,LBZEEFSBJNB3Z,../../model_fits/finalized_redone_trunc/t2_a1_proportion/vegetarian/mpbamod_dishes_prop/plots/LBZEEFSBJNB3Z.png,Plant-based,0.15
vegetarian,mpbamod,Proportion,1.28475964919569,0.45964022147423383,2.838415416107191,83083.1354783675,1.28475964919569,1.01290466923501,Restaurant,LFZFT3VASXPED,../../model_fits/finalized_redone_trunc/t2_a1_proportion/vegetarian/mpbamod_dishes_prop/plots/LFZFT3VASXPED.png,Plant-based,0.15
vegetarian,mpbamod,Proportion,0.998308551013073,0.6453918577587143,1.4823863717457124,7.58987340966269,0.998308551013073,1.0041183282739,Restaurant,LQ5EH4BKGV61T,../../model_fits/finalized_redone_trunc/t2_a1_proportion/vegetarian/mpbamod_dishes_prop/plots/LQ5EH4BKGV61T.png,Plant-based,0.15
vegetarian,mpbamod,Proportion,1.4438281800744,0.9982606324561116,2.048243493662715,174.148229469002,1.4438281800744,1.00122623937372,Restaurant,S8MT0YGD2KTN9,../../model_fits/finalized_redone_trunc/t2_a1_proportion/vegetarian/mpbamod_dishes_prop/plots/S8MT0YGD2KTN9.png,Plant-based,0.15
vegetarian,mpbamod,Proportion,0.951507317372951,0.5884472098170767,1.452002676905886,5.88888838493033,0.951507317372951,1.00596363803791,Restaurant,SAFK7ND1HR6XS,../../model_fits/finalized_redone_trunc/t2_a1_proportion/vegetarian/mpbamod_dishes_prop/plots/SAFK7ND1HR6XS.png,Plant-based,0.15
vegetarian,mpbamod,Proportion,1.17173947590772,1.06969503330891,1.2863063129796888,5.41561451615242,1.17173947590772,1.00415512600867,Restaurant,SRQS8F7JWA9MZ,../../model_fits/finalized_redone_trunc/t2_a1_proportion/vegetarian/mpbamod_dishes_prop/plots/SRQS8F7JWA9MZ.png,Plant-based,0.15
vegetarian,mpbamod,Proportion,0.982140969558794,0.904383050032702,1.0578224643142844,0.896986015756246,0.982140969558794,1.00099416752669,Restaurant,V3Q26BHF3SE2H,../../model_fits/finalized_redone_trunc/t2_a1_proportion/vegetarian/mpbamod_dishes_prop/plots/V3Q26BHF3SE2H.png,Plant-based,0.15
vegetarian,mpbamod,Proportion,0.990741725146486,0.8537437438258533,1.1398728940125613,1.16153888732855,0.990741725146486,1.00658968644613,Restaurant,W8T41JZK0ZMEP,../../model_fits/finalized_redone_trunc/t2_a1_proportion/vegetarian/mpbamod_dishes_prop/plots/W8T41JZK0ZMEP.png,Plant-based,0.15
vegetarian,vegan,Count,1.00361450519723,0.959414798536939,1.0521812969802362,1.00361450519723,1.00033669714402,1.0044797949829,Restaurant,1SQPTEGYPH0GA,../../model_fits/finalized_redone_trunc/t2_a1_proportion/vegetarian/vegan_dishes_count/plots/1SQPTEGYPH0GA.png,Plant-based,0.15
vegetarian,vegan,Count,1.03600483037998,0.9112286467323542,1.1712023851220539,1.03600483037998,1.00336688376453,1.00514165605771,Restaurant,2HRX9P6HKXA8V,../../model_fits/finalized_redone_trunc/t2_a1_proportion/vegetarian/vegan_dishes_count/plots/2HRX9P6HKXA8V.png,Plant-based,0.15
vegetarian,vegan,Count,0.994080661772831,0.9603513871845866,1.0280648872947282,0.994080661772831,0.999392385738536,1.00021681506207,Restaurant,78AY09MVJVTYE,../../model_fits/finalized_redone_trunc/t2_a1_proportion/vegetarian/vegan_dishes_count/plots/78AY09MVJVTYE.png,Plant-based,0.15
vegetarian,vegan,Count,0.992857587353359,0.971629600176014,1.0138396915983625,0.992857587353359,0.999278187598361,1.00323827022646,Restaurant,9XKJD8DQTH559,../../model_fits/finalized_redone_trunc/t2_a1_proportion/vegetarian/vegan_dishes_count/plots/9XKJD8DQTH559.png,Plant-based,0.15
vegetarian,vegan,Count,1.00014167085502,0.9556126404072903,1.0429249844079373,1.00014167085502,0.999992625067494,1.00092937411632,Restaurant,C0BE4NDSW26QN,../../model_fits/finalized_redone_trunc/t2_a1_proportion/vegetarian/vegan_dishes_count/plots/C0BE4NDSW26QN.png,Plant-based,0.15
vegetarian,vegan,Count,1.02141484128575,0.993591093909219,1.0494184406170965,1.02141484128575,1.00211265497588,1.00653559109703,Restaurant,CB2KHY1C2G9PT,../../model_fits/finalized_redone_trunc/t2_a1_proportion/vegetarian/vegan_dishes_count/plots/CB2KHY1C2G9PT.png,Plant-based,0.15
vegetarian,vegan,Count,1.0337639588749,0.9590622407348297,1.1172132653329518,1.0337639588749,1.00326114908635,1.00089029208315,Restaurant,ED5J990H5VAZT,../../model_fits/finalized_redone_trunc/t2_a1_proportion/vegetarian/vegan_dishes_count/plots/ED5J990H5VAZT.png,Plant-based,0.15
vegetarian,vegan,Count,0.932871810445464,0.7935092986966701,1.095749378362813,0.932871810445464,0.992760975896894,1.00013060251271,Restaurant,EMBVNVD207CC6,../../model_fits/finalized_redone_trunc/t2_a1_proportion/vegetarian/vegan_dishes_count/plots/EMBVNVD207CC6.png,Plant-based,0.15
vegetarian,vegan,Count,1.03792054317785,1.0106648600717842,1.065735101264781,1.03792054317785,1.00372061425435,1.000646092723,Restaurant,JHDN7CF1C03X5,../../model_fits/finalized_redone_trunc/t2_a1_proportion/vegetarian/vegan_dishes_count/plots/JHDN7CF1C03X5.png,Plant-based,0.15
vegetarian,vegan,Count,1.01467545195212,0.9479265423044613,1.0824865703777506,1.01467545195212,1.00140448914327,1.00146728854129,Restaurant,L69HYJ4Y3TR91,../../model_fits/finalized_redone_trunc/t2_a1_proportion/vegetarian/vegan_dishes_count/plots/L69HYJ4Y3TR91.png,Plant-based,0.15
vegetarian,vegan,Count,0.954761265346094,0.8806139190149247,1.031232044813253,0.954761265346094,0.995308832467497,1.0084060735781,Restaurant,LBZEEFSBJNB3Z,../../model_fits/finalized_redone_trunc/t2_a1_proportion/vegetarian/vegan_dishes_count/plots/LBZEEFSBJNB3Z.png,Plant-based,0.15
vegetarian,vegan,Count,1.02232890510582,0.8058511218756648,1.2598831558676469,1.02232890510582,1.00164507304088,1.00311625352584,Restaurant,LFZFT3VASXPED,../../model_fits/finalized_redone_trunc/t2_a1_proportion/vegetarian/vegan_dishes_count/plots/LFZFT3VASXPED.png,Plant-based,0.15
vegetarian,vegan,Count,0.97315999762004,0.7786631922264761,1.1939070001884777,0.97315999762004,0.996740649719223,1.0076939459287,Restaurant,LQ5EH4BKGV61T,../../model_fits/finalized_redone_trunc/t2_a1_proportion/vegetarian/vegan_dishes_count/plots/LQ5EH4BKGV61T.png,Plant-based,0.15
vegetarian,vegan,Count,0.984090181205942,0.8562103931078182,1.1187079683094954,0.984090181205942,0.998186627338991,1.00473205410534,Restaurant,S8MT0YGD2KTN9,../../model_fits/finalized_redone_trunc/t2_a1_proportion/vegetarian/vegan_dishes_count/plots/S8MT0YGD2KTN9.png,Plant-based,0.15
vegetarian,vegan,Count,1.00235894621019,0.7393865117882985,1.3041209612211169,1.00235894621019,0.999288160104334,1.00183193395681,Restaurant,SAFK7ND1HR6XS,../../model_fits/finalized_redone_trunc/t2_a1_proportion/vegetarian/vegan_dishes_count/plots/SAFK7ND1HR6XS.png,Plant-based,0.15
vegetarian,vegan,Count,0.714545332953986,0.5921997188914002,0.8696478107701738,0.714545332953986,0.966492562286992,1.00614165967215,Restaurant,SRQS8F7JWA9MZ,../../model_fits/finalized_redone_trunc/t2_a1_proportion/vegetarian/vegan_dishes_count/plots/SRQS8F7JWA9MZ.png,Plant-based,0.15
vegetarian,vegan,Count,1.00015954358977,0.9199137445576587,1.0925050580271218,1.00015954358977,0.999932558841116,1.00355720821628,Restaurant,V3Q26BHF3SE2H,../../model_fits/finalized_redone_trunc/t2_a1_proportion/vegetarian/vegan_dishes_count/plots/V3Q26BHF3SE2H.png,Plant-based,0.15
vegetarian,vegan,Count,0.997110948592268,0.9776721667149073,1.0155991338729382,0.997110948592268,0.999706385994902,1.0001531270945,Restaurant,W8T41JZK0ZMEP,../../model_fits/finalized_redone_trunc/t2_a1_proportion/vegetarian/vegan_dishes_count/plots/W8T41JZK0ZMEP.png,Plant-based,0.15
vegetarian,vegan,Proportion,1.04736539112558,0.8720671850503862,1.253207404120591,2.32581237284041,1.04736539112558,1.00392725479628,Restaurant,1SQPTEGYPH0GA,../../model_fits/finalized_redone_trunc/t2_a1_proportion/vegetarian/vegan_dishes_prop/plots/1SQPTEGYPH0GA.png,Plant-based,0.15
vegetarian,vegan,Proportion,1.05586969216928,0.8553592038796812,1.3005080622386094,2.93087429348321,1.05586969216928,1.00413059114591,Restaurant,2HRX9P6HKXA8V,../../model_fits/finalized_redone_trunc/t2_a1_proportion/vegetarian/vegan_dishes_prop/plots/2HRX9P6HKXA8V.png,Plant-based,0.15
vegetarian,vegan,Proportion,0.971389695863255,0.894906648700647,1.0558873746656319,0.809568534972976,0.971389695863255,1.00039960128464,Restaurant,78AY09MVJVTYE,../../model_fits/finalized_redone_trunc/t2_a1_proportion/vegetarian/vegan_dishes_prop/plots/78AY09MVJVTYE.png,Plant-based,0.15
vegetarian,vegan,Proportion,0.922361451279924,0.7881062800964402,1.075215386532021,0.586348452288686,0.922361451279924,1.0004139419177,Restaurant,9XKJD8DQTH559,../../model_fits/finalized_redone_trunc/t2_a1_proportion/vegetarian/vegan_dishes_prop/plots/9XKJD8DQTH559.png,Plant-based,0.15
vegetarian,vegan,Proportion,0.986856973654122,0.837258266677098,1.1465182507876917,1.15667476080014,0.986856973654122,1.00065465345892,Restaurant,C0BE4NDSW26QN,../../model_fits/finalized_redone_trunc/t2_a1_proportion/vegetarian/vegan_dishes_prop/plots/C0BE4NDSW26QN.png,Plant-based,0.15
vegetarian,vegan,Proportion,1.06262589682877,0.9607093568470487,1.1781584401928662,2.07653070411762,1.06262589682877,1.00353689153353,Restaurant,CB2KHY1C2G9PT,../../model_fits/finalized_redone_trunc/t2_a1_proportion/vegetarian/vegan_dishes_prop/plots/CB2KHY1C2G9PT.png,Plant-based,0.15
vegetarian,vegan,Proportion,1.0164173710554,0.8842298582492981,1.1587482316064068,1.45461454099913,1.0164173710554,1.00121513777285,Restaurant,ED5J990H5VAZT,../../model_fits/finalized_redone_trunc/t2_a1_proportion/vegetarian/vegan_dishes_prop/plots/ED5J990H5VAZT.png,Plant-based,0.15
vegetarian,vegan,Proportion,0.884244468706023,0.7904485511182875,0.9759553571574943,0.330923021404632,0.884244468706023,1.00017440067571,Restaurant,EMBVNVD207CC6,../../model_fits/finalized_redone_trunc/t2_a1_proportion/vegetarian/vegan_dishes_prop/plots/EMBVNVD207CC6.png,Plant-based,0.15
vegetarian,vegan,Proportion,1.16996779971019,1.016732130312963,1.341532350483416,5.94201786208995,1.16996779971019,1.0014075343211,Restaurant,JHDN7CF1C03X5,../../model_fits/finalized_redone_trunc/t2_a1_proportion/vegetarian/vegan_dishes_prop/plots/JHDN7CF1C03X5.png,Plant-based,0.15
vegetarian,vegan,Proportion,0.971855062627985,0.7726572533264329,1.2130786413853338,1.36250725692529,0.971855062627985,1.00751891899953,Restaurant,L69HYJ4Y3TR91,../../model_fits/finalized_redone_trunc/t2_a1_proportion/vegetarian/vegan_dishes_prop/plots/L69HYJ4Y3TR91.png,Plant-based,0.15
vegetarian,vegan,Proportion,0.898941801330788,0.7250224458961139,1.0989596603831548,0.574773598744489,0.898941801330788,1.02176641200518,Restaurant,LBZEEFSBJNB3Z,../../model_fits/finalized_redone_trunc/t2_a1_proportion/vegetarian/vegan_dishes_prop/plots/LBZEEFSBJNB3Z.png,Plant-based,0.15
vegetarian,vegan,Proportion,0.973543477845589,0.6811096893872115,1.3458959583591723,3.0065993868311,0.973543477845589,1.00049174953018,Restaurant,LFZFT3VASXPED,../../model_fits/finalized_redone_trunc/t2_a1_proportion/vegetarian/vegan_dishes_prop/plots/LFZFT3VASXPED.png,Plant-based,0.15
vegetarian,vegan,Proportion,1.02327014239854,0.7921135064197038,1.2979330344912743,2.70811590113836,1.02327014239854,1.0083074486316,Restaurant,LQ5EH4BKGV61T,../../model_fits/finalized_redone_trunc/t2_a1_proportion/vegetarian/vegan_dishes_prop/plots/LQ5EH4BKGV61T.png,Plant-based,0.15
vegetarian,vegan,Proportion,0.995841759128136,0.7360456514501396,1.312069156231438,2.66013624055665,0.995841759128136,1.00350156669732,Restaurant,S8MT0YGD2KTN9,../../model_fits/finalized_redone_trunc/t2_a1_proportion/vegetarian/vegan_dishes_prop/plots/S8MT0YGD2KTN9.png,Plant-based,0.15
vegetarian,vegan,Proportion,0.971455947826018,0.6959341972314427,1.3259891119090752,2.35062079902257,0.971455947826018,1.00414531121605,Restaurant,SAFK7ND1HR6XS,../../model_fits/finalized_redone_trunc/t2_a1_proportion/vegetarian/vegan_dishes_prop/plots/SAFK7ND1HR6XS.png,Plant-based,0.15
vegetarian,vegan,Proportion,0.859325244841824,0.797448445343533,0.9222593267663467,0.233999264587093,0.859325244841824,1.00264464064422,Restaurant,SRQS8F7JWA9MZ,../../model_fits/finalized_redone_trunc/t2_a1_proportion/vegetarian/vegan_dishes_prop/plots/SRQS8F7JWA9MZ.png,Plant-based,0.15
vegetarian,vegan,Proportion,0.972131884261042,0.8483808179281553,1.1139109058372505,0.948646449110759,0.972131884261042,1.00308047170488,Restaurant,V3Q26BHF3SE2H,../../model_fits/finalized_redone_trunc/t2_a1_proportion/vegetarian/vegan_dishes_prop/plots/V3Q26BHF3SE2H.png,Plant-based,0.15
vegetarian,vegan,Proportion,0.9775475065574,0.8545922214851828,1.1093536969245152,0.967529846434556,0.9775475065574,1.00094987301202,Restaurant,W8T41JZK0ZMEP,../../model_fits/finalized_redone_trunc/t2_a1_proportion/vegetarian/vegan_dishes_prop/plots/W8T41JZK0ZMEP.png,Plant-based,0.15
vegetarian,vegetarian,Count,0.99770110445714,0.9829601942799215,1.0119318724391102,0.99770110445714,0.99976738315745,1.00054641206023,Restaurant,1SQPTEGYPH0GA,../../model_fits/finalized_redone_trunc/t2_a1_proportion/vegetarian/vegetarian_dishes_count/plots/1SQPTEGYPH0GA.png,Plant-based,0.15
vegetarian,vegetarian,Count,0.994795403492301,0.9043011744248509,1.1011239928588767,0.994795403492301,0.999370171819135,1.00118155119164,Restaurant,2HRX9P6HKXA8V,../../model_fits/finalized_redone_trunc/t2_a1_proportion/vegetarian/vegetarian_dishes_count/plots/2HRX9P6HKXA8V.png,Plant-based,0.15
vegetarian,vegetarian,Count,1.01280946491522,0.9866789567195882,1.039734987645892,1.01280946491522,1.00126550221224,1.00085056797833,Restaurant,78AY09MVJVTYE,../../model_fits/finalized_redone_trunc/t2_a1_proportion/vegetarian/vegetarian_dishes_count/plots/78AY09MVJVTYE.png,Plant-based,0.15
vegetarian,vegetarian,Count,0.999286100859277,0.9871755936139592,1.011678326603585,0.999286100859277,0.999927012910647,1.00064301714524,Restaurant,9XKJD8DQTH559,../../model_fits/finalized_redone_trunc/t2_a1_proportion/vegetarian/vegetarian_dishes_count/plots/9XKJD8DQTH559.png,Plant-based,0.15
vegetarian,vegetarian,Count,1.00887684868131,0.9821588151813808,1.0357792966467083,1.00887684868131,1.00087601853333,1.00111413301144,Restaurant,C0BE4NDSW26QN,../../model_fits/finalized_redone_trunc/t2_a1_proportion/vegetarian/vegetarian_dishes_count/plots/C0BE4NDSW26QN.png,Plant-based,0.15
vegetarian,vegetarian,Count,1.01626034232616,0.997391795416473,1.0336309022117898,1.01626034232616,1.00161049105792,1.00944152213805,Restaurant,CB2KHY1C2G9PT,../../model_fits/finalized_redone_trunc/t2_a1_proportion/vegetarian/vegetarian_dishes_count/plots/CB2KHY1C2G9PT.png,Plant-based,0.15
vegetarian,vegetarian,Count,1.03189955098203,0.9997233885140134,1.0636294879085895,1.03189955098203,1.00313320861348,1.00181872363816,Restaurant,ED5J990H5VAZT,../../model_fits/finalized_redone_trunc/t2_a1_proportion/vegetarian/vegetarian_dishes_count/plots/ED5J990H5VAZT.png,Plant-based,0.15
vegetarian,vegetarian,Count,1.02841231835877,0.9331293051581829,1.1422690049864281,1.02841231835877,1.00266996403512,1.00174788113223,Restaurant,EMBVNVD207CC6,../../model_fits/finalized_redone_trunc/t2_a1_proportion/vegetarian/vegetarian_dishes_count/plots/EMBVNVD207CC6.png,Plant-based,0.15
vegetarian,vegetarian,Count,1.03239155936595,1.0107284856938086,1.0528118938578697,1.03239155936595,1.00318794205738,1.00072719234709,Restaurant,JHDN7CF1C03X5,../../model_fits/finalized_redone_trunc/t2_a1_proportion/vegetarian/vegetarian_dishes_count/plots/JHDN7CF1C03X5.png,Plant-based,0.15
vegetarian,vegetarian,Count,1.01012857080003,0.95959978979158,1.0634733754957524,1.01012857080003,1.00097861724376,1.00160807417417,Restaurant,L69HYJ4Y3TR91,../../model_fits/finalized_redone_trunc/t2_a1_proportion/vegetarian/vegetarian_dishes_count/plots/L69HYJ4Y3TR91.png,Plant-based,0.15
vegetarian,vegetarian,Count,0.997724427941579,0.948724582329233,1.0506405108530557,0.997724427941579,0.999742995613415,1.01441757646775,Restaurant,LBZEEFSBJNB3Z,../../model_fits/finalized_redone_trunc/t2_a1_proportion/vegetarian/vegetarian_dishes_count/plots/LBZEEFSBJNB3Z.png,Plant-based,0.15
vegetarian,vegetarian,Count,1.00360029290414,0.8656973537412955,1.1675017978218907,1.00360029290414,1.00010042013495,1.00544981368675,Restaurant,LFZFT3VASXPED,../../model_fits/finalized_redone_trunc/t2_a1_proportion/vegetarian/vegetarian_dishes_count/plots/LFZFT3VASXPED.png,Plant-based,0.15
vegetarian,vegetarian,Count,1.02589141948174,0.878660227845395,1.185051295663541,1.02589141948174,1.00231927978985,1.00854173853929,Restaurant,LQ5EH4BKGV61T,../../model_fits/finalized_redone_trunc/t2_a1_proportion/vegetarian/vegetarian_dishes_count/plots/LQ5EH4BKGV61T.png,Plant-based,0.15
vegetarian,vegetarian,Count,0.979593760359252,0.9398022564046374,1.0191641257741244,0.979593760359252,0.997921623542013,1.0004542596704,Restaurant,S8MT0YGD2KTN9,../../model_fits/finalized_redone_trunc/t2_a1_proportion/vegetarian/vegetarian_dishes_count/plots/S8MT0YGD2KTN9.png,Plant-based,0.15
vegetarian,vegetarian,Count,1.0198334087049,0.8685579222189571,1.2152379078445479,1.0198334087049,1.00164913847179,1.00183291253363,Restaurant,SAFK7ND1HR6XS,../../model_fits/finalized_redone_trunc/t2_a1_proportion/vegetarian/vegetarian_dishes_count/plots/SAFK7ND1HR6XS.png,Plant-based,0.15
vegetarian,vegetarian,Count,1.07673673136803,1.037092474297101,1.123763518368254,1.07673673136803,1.00740186060369,1.00055074483301,Restaurant,SRQS8F7JWA9MZ,../../model_fits/finalized_redone_trunc/t2_a1_proportion/vegetarian/vegetarian_dishes_count/plots/SRQS8F7JWA9MZ.png,Plant-based,0.15
vegetarian,vegetarian,Count,1.01292904460612,0.9521936237299495,1.0803197118837224,1.01292904460612,1.00123942262996,1.00219692753213,Restaurant,V3Q26BHF3SE2H,../../model_fits/finalized_redone_trunc/t2_a1_proportion/vegetarian/vegetarian_dishes_count/plots/V3Q26BHF3SE2H.png,Plant-based,0.15
vegetarian,vegetarian,Count,1.00004562093458,0.9851306725466783,1.0154424690729973,1.00004562093458,1.00000182735257,1.00228430787755,Restaurant,W8T41JZK0ZMEP,../../model_fits/finalized_redone_trunc/t2_a1_proportion/vegetarian/vegetarian_dishes_count/plots/W8T41JZK0ZMEP.png,Plant-based,0.15
vegetarian,vegetarian,Proportion,1.02525844632704,0.9035023994505916,1.1600063674102787,1.53675475868671,1.02525844632704,1.00434051309498,Restaurant,1SQPTEGYPH0GA,../../model_fits/finalized_redone_trunc/t2_a1_proportion/vegetarian/vegetarian_dishes_prop/plots/1SQPTEGYPH0GA.png,Plant-based,0.15
vegetarian,vegetarian,Proportion,0.983188692258135,0.7696102724050967,1.232166985154797,1.62280672604697,0.983188692258135,1.00168070508029,Restaurant,2HRX9P6HKXA8V,../../model_fits/finalized_redone_trunc/t2_a1_proportion/vegetarian/vegetarian_dishes_prop/plots/2HRX9P6HKXA8V.png,Plant-based,0.15
vegetarian,vegetarian,Proportion,1.00425726000542,0.9292105817999652,1.085613402315709,1.12395623247525,1.00425726000542,1.00068144622179,Restaurant,78AY09MVJVTYE,../../model_fits/finalized_redone_trunc/t2_a1_proportion/vegetarian/vegetarian_dishes_prop/plots/78AY09MVJVTYE.png,Plant-based,0.15
vegetarian,vegetarian,Proportion,0.999031087128995,0.8805191326327602,1.125940714713473,1.1751466297966,0.999031087128995,1.00264706926557,Restaurant,9XKJD8DQTH559,../../model_fits/finalized_redone_trunc/t2_a1_proportion/vegetarian/vegetarian_dishes_prop/plots/9XKJD8DQTH559.png,Plant-based,0.15
vegetarian,vegetarian,Proportion,1.03256083729896,0.9113087085657126,1.166265383925125,1.65365650743021,1.03256083729896,1.00161961356275,Restaurant,C0BE4NDSW26QN,../../model_fits/finalized_redone_trunc/t2_a1_proportion/vegetarian/vegetarian_dishes_prop/plots/C0BE4NDSW26QN.png,Plant-based,0.15
vegetarian,vegetarian,Proportion,1.09203396658099,0.9862818212502809,1.2174449420603086,2.75556487840645,1.09203396658099,1.00589182140454,Restaurant,CB2KHY1C2G9PT,../../model_fits/finalized_redone_trunc/t2_a1_proportion/vegetarian/vegetarian_dishes_prop/plots/CB2KHY1C2G9PT.png,Plant-based,0.15
vegetarian,vegetarian,Proportion,1.08956249277134,0.9540633851824032,1.2391063235891275,2.87199961742152,1.08956249277134,1.00106247008596,Restaurant,ED5J990H5VAZT,../../model_fits/finalized_redone_trunc/t2_a1_proportion/vegetarian/vegetarian_dishes_prop/plots/ED5J990H5VAZT.png,Plant-based,0.15
vegetarian,vegetarian,Proportion,1.02208684306402,0.9029735025898563,1.1530570843539139,1.48157650127837,1.02208684306402,1.00857546725103,Restaurant,EMBVNVD207CC6,../../model_fits/finalized_redone_trunc/t2_a1_proportion/vegetarian/vegetarian_dishes_prop/plots/EMBVNVD207CC6.png,Plant-based,0.15
vegetarian,vegetarian,Proportion,1.21154800620792,1.053844933469258,1.3953550556251981,8.60953693125693,1.21154800620792,1.00787401122528,Restaurant,JHDN7CF1C03X5,../../model_fits/finalized_redone_trunc/t2_a1_proportion/vegetarian/vegetarian_dishes_prop/plots/JHDN7CF1C03X5.png,Plant-based,0.15
vegetarian,vegetarian,Proportion,1.07646090516723,0.8274522310292898,1.3690897188060123,4.26233733857088,1.07646090516723,1.01105821284607,Restaurant,L69HYJ4Y3TR91,../../model_fits/finalized_redone_trunc/t2_a1_proportion/vegetarian/vegetarian_dishes_prop/plots/L69HYJ4Y3TR91.png,Plant-based,0.15
vegetarian,vegetarian,Proportion,1.01162769281474,0.880127877424069,1.1569105948777378,1.38962291564638,1.01162769281474,1.00154253225495,Restaurant,LBZEEFSBJNB3Z,../../model_fits/finalized_redone_trunc/t2_a1_proportion/vegetarian/vegetarian_dishes_prop/plots/LBZEEFSBJNB3Z.png,Plant-based,0.15
vegetarian,vegetarian,Proportion,1.09414904553631,0.7796931333422213,1.4879848319842892,8.7546911122785,1.09414904553631,1.00506553067515,Restaurant,LFZFT3VASXPED,../../model_fits/finalized_redone_trunc/t2_a1_proportion/vegetarian/vegetarian_dishes_prop/plots/LFZFT3VASXPED.png,Plant-based,0.15
vegetarian,vegetarian,Proportion,1.0430438172869,0.8127008722494172,1.3243821529151516,3.34847203485646,1.0430438172869,1.00127945121995,Restaurant,LQ5EH4BKGV61T,../../model_fits/finalized_redone_trunc/t2_a1_proportion/vegetarian/vegetarian_dishes_prop/plots/LQ5EH4BKGV61T.png,Plant-based,0.15
vegetarian,vegetarian,Proportion,0.972510796592166,0.8528161534817162,1.09871509187465,0.910567667725097,0.972510796592166,1.00031073446308,Restaurant,S8MT0YGD2KTN9,../../model_fits/finalized_redone_trunc/t2_a1_proportion/vegetarian/vegetarian_dishes_prop/plots/S8MT0YGD2KTN9.png,Plant-based,0.15
vegetarian,vegetarian,Proportion,1.03490728719462,0.7654639807305706,1.363557374020118,3.58917305815288,1.03490728719462,1.00286897500096,Restaurant,SAFK7ND1HR6XS,../../model_fits/finalized_redone_trunc/t2_a1_proportion/vegetarian/vegetarian_dishes_prop/plots/SAFK7ND1HR6XS.png,Plant-based,0.15
vegetarian,vegetarian,Proportion,1.10674502342411,1.0413945121783912,1.178058378291505,2.88402367092626,1.10674502342411,1.00371473357392,Restaurant,SRQS8F7JWA9MZ,../../model_fits/finalized_redone_trunc/t2_a1_proportion/vegetarian/vegetarian_dishes_prop/plots/SRQS8F7JWA9MZ.png,Plant-based,0.15
vegetarian,vegetarian,Proportion,1.09499480021035,0.9969761622844656,1.2027310074375965,2.75031605946226,1.09499480021035,1.00353945404814,Restaurant,V3Q26BHF3SE2H,../../model_fits/finalized_redone_trunc/t2_a1_proportion/vegetarian/vegetarian_dishes_prop/plots/V3Q26BHF3SE2H.png,Plant-based,0.15
vegetarian,vegetarian,Proportion,1.020738813825,0.8629895598332366,1.193648502274065,1.66173365769691,1.020738813825,1.00270133922851,Restaurant,W8T41JZK0ZMEP,../../model_fits/finalized_redone_trunc/t2_a1_proportion/vegetarian/vegetarian_dishes_prop/plots/W8T41JZK0ZMEP.png,Plant-based,0.15
vegan,mpbamod,Count,1.03163221602952,0.9369359952885813,1.1356339859882718,1.03163221602952,1.00300825938264,1.00059779533744,Restaurant,1SQPTEGYPH0GA,../../model_fits/finalized_redone_trunc/t2_a1_proportion/vegan/mpbamod_dishes_count/plots/1SQPTEGYPH0GA.png,Plant-based,0.15
vegan,mpbamod,Count,0.98608925767287,0.7942033776285832,1.1894264944294337,0.98608925767287,0.998127189723243,1.00475125619859,Restaurant,2HRX9P6HKXA8V,../../model_fits/finalized_redone_trunc/t2_a1_proportion/vegan/mpbamod_dishes_count/plots/2HRX9P6HKXA8V.png,Plant-based,0.15
vegan,mpbamod,Count,1.02294018899426,0.8780565423839443,1.1668237638608567,1.02294018899426,1.00203863160047,1.0017500268395,Restaurant,78AY09MVJVTYE,../../model_fits/finalized_redone_trunc/t2_a1_proportion/vegan/mpbamod_dishes_count/plots/78AY09MVJVTYE.png,Plant-based,0.15
vegan,mpbamod,Count,0.963773659073531,0.93925599145077,0.9925927792124429,0.963773659073531,0.996307974635731,0.999911625105337,Restaurant,9XKJD8DQTH559,../../model_fits/finalized_redone_trunc/t2_a1_proportion/vegan/mpbamod_dishes_count/plots/9XKJD8DQTH559.png,Plant-based,0.15
vegan,mpbamod,Count,1.12898983445563,0.9296153537345757,1.3590223768748182,1.12898983445563,1.01179821682996,1.0033205728697,Restaurant,C0BE4NDSW26QN,../../model_fits/finalized_redone_trunc/t2_a1_proportion/vegan/mpbamod_dishes_count/plots/C0BE4NDSW26QN.png,Plant-based,0.15
vegan,mpbamod,Count,0.994991502944411,0.8634706877771563,1.1365972369789006,0.994991502944411,0.999281395341917,1.00358701521142,Restaurant,CB2KHY1C2G9PT,../../model_fits/finalized_redone_trunc/t2_a1_proportion/vegan/mpbamod_dishes_count/plots/CB2KHY1C2G9PT.png,Plant-based,0.15
vegan,mpbamod,Count,1.02217523474561,0.9957804184318587,1.0486990795740085,1.02217523474561,1.00218794349664,1.00002966815483,Restaurant,ED5J990H5VAZT,../../model_fits/finalized_redone_trunc/t2_a1_proportion/vegan/mpbamod_dishes_count/plots/ED5J990H5VAZT.png,Plant-based,0.15
vegan,mpbamod,Count,1.06819004577033,0.8892116309384184,1.259261329625691,1.06819004577033,1.00626429156039,1.01029107254963,Restaurant,EMBVNVD207CC6,../../model_fits/finalized_redone_trunc/t2_a1_proportion/vegan/mpbamod_dishes_count/plots/EMBVNVD207CC6.png,Plant-based,0.15
vegan,mpbamod,Count,0.993754133345279,0.9446503632773284,1.0472769861527327,0.993754133345279,0.999342012813521,1.00044750013044,Restaurant,JHDN7CF1C03X5,../../model_fits/finalized_redone_trunc/t2_a1_proportion/vegan/mpbamod_dishes_count/plots/JHDN7CF1C03X5.png,Plant-based,0.15
vegan,mpbamod,Count,1.10972490722412,0.8791361224336631,1.397381405157782,1.10972490722412,1.00985537417582,1.00419515306413,Restaurant,L69HYJ4Y3TR91,../../model_fits/finalized_redone_trunc/t2_a1_proportion/vegan/mpbamod_dishes_count/plots/L69HYJ4Y3TR91.png,Plant-based,0.15
vegan,mpbamod,Count,1.01054373576532,0.8771542359490985,1.150364539768917,1.01054373576532,1.00084008187265,1.00243303662331,Restaurant,LBZEEFSBJNB3Z,../../model_fits/finalized_redone_trunc/t2_a1_proportion/vegan/mpbamod_dishes_count/plots/LBZEEFSBJNB3Z.png,Plant-based,0.15
vegan,mpbamod,Count,1.03664561319509,0.7331994293994837,1.4890486908587826,1.03664561319509,1.00212680350674,1.00133665349366,Restaurant,LFZFT3VASXPED,../../model_fits/finalized_redone_trunc/t2_a1_proportion/vegan/mpbamod_dishes_count/plots/LFZFT3VASXPED.png,Plant-based,0.15
vegan,mpbamod,Count,1.16226994007907,0.8936150837174408,1.5450127603626445,1.16226994007907,1.01423971041329,1.00710956259017,Restaurant,LQ5EH4BKGV61T,../../model_fits/finalized_redone_trunc/t2_a1_proportion/vegan/mpbamod_dishes_count/plots/LQ5EH4BKGV61T.png,Plant-based,0.15
vegan,mpbamod,Count,1.03168932135368,0.851782536037112,1.2435434969777162,1.03168932135368,1.00271912227573,1.00534478126478,Restaurant,S8MT0YGD2KTN9,../../model_fits/finalized_redone_trunc/t2_a1_proportion/vegan/mpbamod_dishes_count/plots/S8MT0YGD2KTN9.png,Plant-based,0.15
vegan,mpbamod,Count,1.01155560552917,0.7878258199341936,1.3196610517861054,1.01155560552917,1.00033601741408,1.00793615439036,Restaurant,SAFK7ND1HR6XS,../../model_fits/finalized_redone_trunc/t2_a1_proportion/vegan/mpbamod_dishes_count/plots/SAFK7ND1HR6XS.png,Plant-based,0.15
vegan,mpbamod,Count,0.985480118742822,0.8845008903667149,1.101107438079597,0.985480118742822,0.998396787441613,1.00540678251287,Restaurant,SRQS8F7JWA9MZ,../../model_fits/finalized_redone_trunc/t2_a1_proportion/vegan/mpbamod_dishes_count/plots/SRQS8F7JWA9MZ.png,Plant-based,0.15
vegan,mpbamod,Count,1.03411015348896,0.9692958346879897,1.1013928871032996,1.03411015348896,1.00331069072431,1.00105737080013,Restaurant,V3Q26BHF3SE2H,../../model_fits/finalized_redone_trunc/t2_a1_proportion/vegan/mpbamod_dishes_count/plots/V3Q26BHF3SE2H.png,Plant-based,0.15
vegan,mpbamod,Count,0.982512840752234,0.9550675693101034,1.0141767617405957,0.982512840752234,0.99822581599386,1.00138030371023,Restaurant,W8T41JZK0ZMEP,../../model_fits/finalized_redone_trunc/t2_a1_proportion/vegan/mpbamod_dishes_count/plots/W8T41JZK0ZMEP.png,Plant-based,0.15
vegan,mpbamod,Proportion,1.08595805555883,0.7432444129393452,1.5338785067266776,11.0861577492045,1.08595805555883,1.00184886300923,Restaurant,1SQPTEGYPH0GA,../../model_fits/finalized_redone_trunc/t2_a1_proportion/vegan/mpbamod_dishes_prop/plots/1SQPTEGYPH0GA.png,Plant-based,0.15
vegan,mpbamod,Proportion,1.01239694997389,0.6276962809881025,1.5630036485318206,13.4819346608166,1.01239694997389,1.00126172857505,Restaurant,2HRX9P6HKXA8V,../../model_fits/finalized_redone_trunc/t2_a1_proportion/vegan/mpbamod_dishes_prop/plots/2HRX9P6HKXA8V.png,Plant-based,0.15
vegan,mpbamod,Proportion,0.930974142069476,0.6148501465579266,1.3273972582850941,2.45931762641792,0.930974142069476,0.999966647972267,Restaurant,78AY09MVJVTYE,../../model_fits/finalized_redone_trunc/t2_a1_proportion/vegan/mpbamod_dishes_prop/plots/78AY09MVJVTYE.png,Plant-based,0.15
vegan,mpbamod,Proportion,0.934529250541523,0.8016741052742947,1.0744793846012302,0.653173995599088,0.934529250541523,1.00105972352494,Restaurant,9XKJD8DQTH559,../../model_fits/finalized_redone_trunc/t2_a1_proportion/vegan/mpbamod_dishes_prop/plots/9XKJD8DQTH559.png,Plant-based,0.15
vegan,mpbamod,Proportion,1.09641476960814,0.6624436185955687,1.6632215925315985,23.3602922692973,1.09641476960814,1.00090303025214,Restaurant,C0BE4NDSW26QN,../../model_fits/finalized_redone_trunc/t2_a1_proportion/vegan/mpbamod_dishes_prop/plots/C0BE4NDSW26QN.png,Plant-based,0.15
vegan,mpbamod,Proportion,0.645234571598488,0.505260402546957,0.7977289411328828,0.0220155730751813,0.645234571598488,1.00169004324964,Restaurant,CB2KHY1C2G9PT,../../model_fits/finalized_redone_trunc/t2_a1_proportion/vegan/mpbamod_dishes_prop/plots/CB2KHY1C2G9PT.png,Plant-based,0.15
vegan,mpbamod,Proportion,1.0568697914772,0.9991550896129616,1.1181880210834305,1.80541112532219,1.0568697914772,1.00388746454651,Restaurant,ED5J990H5VAZT,../../model_fits/finalized_redone_trunc/t2_a1_proportion/vegan/mpbamod_dishes_prop/plots/ED5J990H5VAZT.png,Plant-based,0.15
vegan,mpbamod,Proportion,1.1598266990618,0.9593555752096795,1.37379295815603,6.38092505333068,1.1598266990618,1.00565058547464,Restaurant,EMBVNVD207CC6,../../model_fits/finalized_redone_trunc/t2_a1_proportion/vegan/mpbamod_dishes_prop/plots/EMBVNVD207CC6.png,Plant-based,0.15
vegan,mpbamod,Proportion,0.887296500831507,0.725356810540582,1.0833848246606665,0.487422555072285,0.887296500831507,1.00077430532588,Restaurant,JHDN7CF1C03X5,../../model_fits/finalized_redone_trunc/t2_a1_proportion/vegan/mpbamod_dishes_prop/plots/JHDN7CF1C03X5.png,Plant-based,0.15
vegan,mpbamod,Proportion,1.2181902847653,0.6227435501119162,2.2155173108050805,1199.92770290302,1.2181902847653,1.00099584273829,Restaurant,L69HYJ4Y3TR91,../../model_fits/finalized_redone_trunc/t2_a1_proportion/vegan/mpbamod_dishes_prop/plots/L69HYJ4Y3TR91.png,Plant-based,0.15
vegan,mpbamod,Proportion,1.50720481258434,0.9668079954476069,2.2981363709819504,593.144210174637,1.50720481258434,1.00186538512982,Restaurant,LBZEEFSBJNB3Z,../../model_fits/finalized_redone_trunc/t2_a1_proportion/vegan/mpbamod_dishes_prop/plots/LBZEEFSBJNB3Z.png,Plant-based,0.15
vegan,mpbamod,Proportion,1.24223982635465,0.44921690676550396,2.911433330193714,186843.881210393,1.24223982635465,1.00247887188399,Restaurant,LFZFT3VASXPED,../../model_fits/finalized_redone_trunc/t2_a1_proportion/vegan/mpbamod_dishes_prop/plots/LFZFT3VASXPED.png,Plant-based,0.15
vegan,mpbamod,Proportion,1.27035128644007,0.7209149990728279,2.097123284796919,335.610022093089,1.27035128644007,1.0048551440281,Restaurant,LQ5EH4BKGV61T,../../model_fits/finalized_redone_trunc/t2_a1_proportion/vegan/mpbamod_dishes_prop/plots/LQ5EH4BKGV61T.png,Plant-based,0.15
vegan,mpbamod,Proportion,1.42340184896317,0.8908185177855914,2.1248053060572327,247.094550529833,1.42340184896317,1.00203243861632,Restaurant,S8MT0YGD2KTN9,../../model_fits/finalized_redone_trunc/t2_a1_proportion/vegan/mpbamod_dishes_prop/plots/S8MT0YGD2KTN9.png,Plant-based,0.15
vegan,mpbamod,Proportion,1.00068554078017,0.6128746184920133,1.5421928688964515,13.9540222367824,1.00068554078017,1.00197014524792,Restaurant,SAFK7ND1HR6XS,../../model_fits/finalized_redone_trunc/t2_a1_proportion/vegan/mpbamod_dishes_prop/plots/SAFK7ND1HR6XS.png,Plant-based,0.15
vegan,mpbamod,Proportion,0.980055659171279,0.872680799120697,1.1006301041400943,0.955494458945706,0.980055659171279,1.00000132448564,Restaurant,SRQS8F7JWA9MZ,../../model_fits/finalized_redone_trunc/t2_a1_proportion/vegan/mpbamod_dishes_prop/plots/SRQS8F7JWA9MZ.png,Plant-based,0.15
vegan,mpbamod,Proportion,1.02159289091551,0.909796006188044,1.1398716490326675,1.43776795002085,1.02159289091551,1.00006936305831,Restaurant,V3Q26BHF3SE2H,../../model_fits/finalized_redone_trunc/t2_a1_proportion/vegan/mpbamod_dishes_prop/plots/V3Q26BHF3SE2H.png,Plant-based,0.15
vegan,mpbamod,Proportion,1.00800903387716,0.8618272516675485,1.1660483433699629,1.41421120265908,1.00800903387716,0.999944415851621,Restaurant,W8T41JZK0ZMEP,../../model_fits/finalized_redone_trunc/t2_a1_proportion/vegan/mpbamod_dishes_prop/plots/W8T41JZK0ZMEP.png,Plant-based,0.15
vegan,vegan,Count,1.22318423438874,1.1715244799599331,1.2794954557132143,1.22318423438874,1.02032568651305,1.0005007584785,Restaurant,1SQPTEGYPH0GA,../../model_fits/finalized_redone_trunc/t2_a1_proportion/vegan/vegan_dishes_count/plots/1SQPTEGYPH0GA.png,Plant-based,0.15
vegan,vegan,Count,0.981272639783694,0.8820491049311511,1.0808237020267986,0.981272639783694,0.997990272695327,1.00424149719133,Restaurant,2HRX9P6HKXA8V,../../model_fits/finalized_redone_trunc/t2_a1_proportion/vegan/vegan_dishes_count/plots/2HRX9P6HKXA8V.png,Plant-based,0.15
vegan,vegan,Count,1.08506460608036,1.028676446480808,1.1476485099337137,1.08506460608036,1.00816061202825,0.999931469400802,Restaurant,78AY09MVJVTYE,../../model_fits/finalized_redone_trunc/t2_a1_proportion/vegan/vegan_dishes_count/plots/78AY09MVJVTYE.png,Plant-based,0.15
vegan,vegan,Count,1.03164024563638,1.0142003834906121,1.05135401602557,1.03164024563638,1.0031161076237,1.00116797384415,Restaurant,9XKJD8DQTH559,../../model_fits/finalized_redone_trunc/t2_a1_proportion/vegan/vegan_dishes_count/plots/9XKJD8DQTH559.png,Plant-based,0.15
vegan,vegan,Count,1.08768745799418,1.0423746289927311,1.1324175248685548,1.08768745799418,1.0084205397333,1.00010404545235,Restaurant,C0BE4NDSW26QN,../../model_fits/finalized_redone_trunc/t2_a1_proportion/vegan/vegan_dishes_count/plots/C0BE4NDSW26QN.png,Plant-based,0.15
vegan,vegan,Count,1.21912923756117,1.1545747853761614,1.2882849336574942,1.21912923756117,1.01997344342782,1.00563339414548,Restaurant,CB2KHY1C2G9PT,../../model_fits/finalized_redone_trunc/t2_a1_proportion/vegan/vegan_dishes_count/plots/CB2KHY1C2G9PT.png,Plant-based,0.15
vegan,vegan,Count,1.40355687007275,1.263225158193143,1.567124012000005,1.40355687007275,1.03433859179502,1.00145090755028,Restaurant,ED5J990H5VAZT,../../model_fits/finalized_redone_trunc/t2_a1_proportion/vegan/vegan_dishes_count/plots/ED5J990H5VAZT.png,Plant-based,0.15
vegan,vegan,Count,1.37257193516913,1.1822304604751206,1.6037907567004854,1.37257193516913,1.03187841693432,1.00037686390064,Restaurant,EMBVNVD207CC6,../../model_fits/finalized_redone_trunc/t2_a1_proportion/vegan/vegan_dishes_count/plots/EMBVNVD207CC6.png,Plant-based,0.15
vegan,vegan,Count,1.01475515464184,0.9903012653119511,1.039738246066078,1.01475515464184,1.00145902585095,1.00044411358104,Restaurant,JHDN7CF1C03X5,../../model_fits/finalized_redone_trunc/t2_a1_proportion/vegan/vegan_dishes_count/plots/JHDN7CF1C03X5.png,Plant-based,0.15
vegan,vegan,Count,1.21330991648725,1.1176196655066337,1.3303246364426402,1.21330991648725,1.01943171490977,1.00420650909123,Restaurant,L69HYJ4Y3TR91,../../model_fits/finalized_redone_trunc/t2_a1_proportion/vegan/vegan_dishes_count/plots/L69HYJ4Y3TR91.png,Plant-based,0.15
vegan,vegan,Count,0.967153143553338,0.8907312717293691,1.0461472054199703,0.967153143553338,0.996591550751232,1.00127523022667,Restaurant,LBZEEFSBJNB3Z,../../model_fits/finalized_redone_trunc/t2_a1_proportion/vegan/vegan_dishes_count/plots/LBZEEFSBJNB3Z.png,Plant-based,0.15
vegan,vegan,Count,1.07338467789663,0.8856177764620851,1.2943076901499713,1.07338467789663,1.00667267113827,0.999937486034792,Restaurant,LFZFT3VASXPED,../../model_fits/finalized_redone_trunc/t2_a1_proportion/vegan/vegan_dishes_count/plots/LFZFT3VASXPED.png,Plant-based,0.15
vegan,vegan,Count,1.41587143106481,1.1171236083765608,1.8350214576859682,1.41587143106481,1.0346241037502,1.00461289320113,Restaurant,LQ5EH4BKGV61T,../../model_fits/finalized_redone_trunc/t2_a1_proportion/vegan/vegan_dishes_count/plots/LQ5EH4BKGV61T.png,Plant-based,0.15
vegan,vegan,Count,0.9382758644879,0.7862784006236124,1.0963597925187323,0.9382758644879,0.993336961893667,1.00106618951425,Restaurant,S8MT0YGD2KTN9,../../model_fits/finalized_redone_trunc/t2_a1_proportion/vegan/vegan_dishes_count/plots/S8MT0YGD2KTN9.png,Plant-based,0.15
vegan,vegan,Count,1.12104710157881,0.8891053691622312,1.4168174869810621,1.12104710157881,1.01087316529176,1.0025251188773,Restaurant,SAFK7ND1HR6XS,../../model_fits/finalized_redone_trunc/t2_a1_proportion/vegan/vegan_dishes_count/plots/SAFK7ND1HR6XS.png,Plant-based,0.15
vegan,vegan,Count,1.35551297614661,1.2062834755050282,1.5382958687784973,1.35551297614661,1.03070968355908,1.00049681622139,Restaurant,V3Q26BHF3SE2H,../../model_fits/finalized_redone_trunc/t2_a1_proportion/vegan/vegan_dishes_count/plots/V3Q26BHF3SE2H.png,Plant-based,0.15
vegan,vegan,Count,1.01853788047691,1.0035968632429353,1.035412714287206,1.01853788047691,1.00183566647321,0.999878904583424,Restaurant,W8T41JZK0ZMEP,../../model_fits/finalized_redone_trunc/t2_a1_proportion/vegan/vegan_dishes_count/plots/W8T41JZK0ZMEP.png,Plant-based,0.15
vegan,vegan,Proportion,0.968987222220379,0.7928414018631426,1.1538249306097945,1.08176254135364,0.968987222220379,1.00480308173803,Restaurant,1SQPTEGYPH0GA,../../model_fits/finalized_redone_trunc/t2_a1_proportion/vegan/vegan_dishes_prop/plots/1SQPTEGYPH0GA.png,Plant-based,0.15
vegan,vegan,Proportion,0.99234176028212,0.8203152593407335,1.1894259252889923,1.38088523134714,0.99234176028212,1.00140049141852,Restaurant,2HRX9P6HKXA8V,../../model_fits/finalized_redone_trunc/t2_a1_proportion/vegan/vegan_dishes_prop/plots/2HRX9P6HKXA8V.png,Plant-based,0.15
vegan,vegan,Proportion,1.17210442214357,1.0250758245242961,1.3413301890782128,6.03542813738586,1.17210442214357,1.00123069854208,Restaurant,78AY09MVJVTYE,../../model_fits/finalized_redone_trunc/t2_a1_proportion/vegan/vegan_dishes_prop/plots/78AY09MVJVTYE.png,Plant-based,0.15
vegan,vegan,Proportion,1.2795926820606,1.1229278206453843,1.4557840915383202,14.4096492070688,1.2795926820606,1.00154143986165,Restaurant,9XKJD8DQTH559,../../model_fits/finalized_redone_trunc/t2_a1_proportion/vegan/vegan_dishes_prop/plots/9XKJD8DQTH559.png,Plant-based,0.15
vegan,vegan,Proportion,1.076183727799,0.9247009324666039,1.2508043507883493,2.73182320968,1.076183727799,1.0007727595562,Restaurant,C0BE4NDSW26QN,../../model_fits/finalized_redone_trunc/t2_a1_proportion/vegan/vegan_dishes_prop/plots/C0BE4NDSW26QN.png,Plant-based,0.15
vegan,vegan,Proportion,1.51637499351373,1.252987625540949,1.8810192797489673,110.594272749227,1.51637499351373,1.00041248276353,Restaurant,CB2KHY1C2G9PT,../../model_fits/finalized_redone_trunc/t2_a1_proportion/vegan/vegan_dishes_prop/plots/CB2KHY1C2G9PT.png,Plant-based,0.15
vegan,vegan,Proportion,1.32756676876998,1.0995606269879996,1.608547583838282,26.0591078410718,1.32756676876998,1.00137891304567,Restaurant,ED5J990H5VAZT,../../model_fits/finalized_redone_trunc/t2_a1_proportion/vegan/vegan_dishes_prop/plots/ED5J990H5VAZT.png,Plant-based,0.15
vegan,vegan,Proportion,0.957992866710556,0.8498695813294438,1.0764349863988434,0.764825522361623,0.957992866710556,1.00246887122481,Restaurant,EMBVNVD207CC6,../../model_fits/finalized_redone_trunc/t2_a1_proportion/vegan/vegan_dishes_prop/plots/EMBVNVD207CC6.png,Plant-based,0.15
vegan,vegan,Proportion,1.02726025166018,0.9128735636305334,1.1605381268433947,1.56035511085329,1.02726025166018,1.00045028630637,Restaurant,JHDN7CF1C03X5,../../model_fits/finalized_redone_trunc/t2_a1_proportion/vegan/vegan_dishes_prop/plots/JHDN7CF1C03X5.png,Plant-based,0.15
vegan,vegan,Proportion,1.58731509680455,1.2090885665649793,2.097465791397988,257.907094596442,1.58731509680455,1.00093619061036,Restaurant,L69HYJ4Y3TR91,../../model_fits/finalized_redone_trunc/t2_a1_proportion/vegan/vegan_dishes_prop/plots/L69HYJ4Y3TR91.png,Plant-based,0.15
vegan,vegan,Proportion,0.960040337446595,0.743226006124794,1.1947567700985744,1.23643509381937,0.960040337446595,1.00104512044057,Restaurant,LBZEEFSBJNB3Z,../../model_fits/finalized_redone_trunc/t2_a1_proportion/vegan/vegan_dishes_prop/plots/LBZEEFSBJNB3Z.png,Plant-based,0.15
vegan,vegan,Proportion,1.28372472673527,0.9020011580961446,1.8589111256781299,70.3294867982841,1.28372472673527,1.00058925698889,Restaurant,LFZFT3VASXPED,../../model_fits/finalized_redone_trunc/t2_a1_proportion/vegan/vegan_dishes_prop/plots/LFZFT3VASXPED.png,Plant-based,0.15
vegan,vegan,Proportion,1.15171604731947,0.8434628674135722,1.5556828016589777,19.0982197024228,1.15171604731947,1.00401784703644,Restaurant,LQ5EH4BKGV61T,../../model_fits/finalized_redone_trunc/t2_a1_proportion/vegan/vegan_dishes_prop/plots/LQ5EH4BKGV61T.png,Plant-based,0.15
vegan,vegan,Proportion,1.14731187560357,0.8151810444348037,1.558872689345566,25.1954920228504,1.14731187560357,1.00427238788917,Restaurant,S8MT0YGD2KTN9,../../model_fits/finalized_redone_trunc/t2_a1_proportion/vegan/vegan_dishes_prop/plots/S8MT0YGD2KTN9.png,Plant-based,0.15
vegan,vegan,Proportion,1.11452241974907,0.7784836031784214,1.520543824276849,10.03263410801,1.11452241974907,1.00462905312792,Restaurant,SAFK7ND1HR6XS,../../model_fits/finalized_redone_trunc/t2_a1_proportion/vegan/vegan_dishes_prop/plots/SAFK7ND1HR6XS.png,Plant-based,0.15
vegan,vegan,Proportion,1.57508518436499,1.314993634587314,1.895972737928953,144.74503729897,1.57508518436499,1.00055307479897,Restaurant,V3Q26BHF3SE2H,../../model_fits/finalized_redone_trunc/t2_a1_proportion/vegan/vegan_dishes_prop/plots/V3Q26BHF3SE2H.png,Plant-based,0.15
vegan,vegan,Proportion,1.14864004804581,1.0257483769158666,1.2819426208890619,4.61780169699491,1.14864004804581,1.00111243545094,Restaurant,W8T41JZK0ZMEP,../../model_fits/finalized_redone_trunc/t2_a1_proportion/vegan/vegan_dishes_prop/plots/W8T41JZK0ZMEP.png,Plant-based,0.15
vegan,vegetarian,Count,0.996179942858757,0.9796114193167779,1.0134869524776342,0.996179942858757,0.999613974262665,1.00284884836289,Restaurant,1SQPTEGYPH0GA,../../model_fits/finalized_redone_trunc/t2_a1_proportion/vegan/vegetarian_dishes_count/plots/1SQPTEGYPH0GA.png,Plant-based,0.15
vegan,vegetarian,Count,0.958775412155546,0.8708499033394376,1.049102859110563,0.958775412155546,0.995688994366887,1.00234895658963,Restaurant,2HRX9P6HKXA8V,../../model_fits/finalized_redone_trunc/t2_a1_proportion/vegan/vegetarian_dishes_count/plots/2HRX9P6HKXA8V.png,Plant-based,0.15
vegan,vegetarian,Count,1.03953224176327,0.9988800511763226,1.0843128313909878,1.03953224176327,1.00386346286293,1.00213008645057,Restaurant,78AY09MVJVTYE,../../model_fits/finalized_redone_trunc/t2_a1_proportion/vegan/vegetarian_dishes_count/plots/78AY09MVJVTYE.png,Plant-based,0.15
vegan,vegetarian,Count,0.993315647199001,0.9814030737509227,1.0052068026513943,0.993315647199001,0.999327783652395,1.0010704019637,Restaurant,9XKJD8DQTH559,../../model_fits/finalized_redone_trunc/t2_a1_proportion/vegan/vegetarian_dishes_count/plots/9XKJD8DQTH559.png,Plant-based,0.15
vegan,vegetarian,Count,1.017341582285,0.9869312887335953,1.047805753467802,1.017341582285,1.0017107530799,1.00682175522581,Restaurant,C0BE4NDSW26QN,../../model_fits/finalized_redone_trunc/t2_a1_proportion/vegan/vegetarian_dishes_count/plots/C0BE4NDSW26QN.png,Plant-based,0.15
vegan,vegetarian,Count,1.06366252071048,1.033752564886036,1.0931157207846747,1.06366252071048,1.00618148687123,1.00214104514679,Restaurant,CB2KHY1C2G9PT,../../model_fits/finalized_redone_trunc/t2_a1_proportion/vegan/vegetarian_dishes_count/plots/CB2KHY1C2G9PT.png,Plant-based,0.15
vegan,vegetarian,Count,1.03008629716826,0.9870819775034974,1.080097623061874,1.03008629716826,1.00294435188873,1.00059591633774,Restaurant,ED5J990H5VAZT,../../model_fits/finalized_redone_trunc/t2_a1_proportion/vegan/vegetarian_dishes_count/plots/ED5J990H5VAZT.png,Plant-based,0.15
vegan,vegetarian,Count,1.07375701478559,0.9554161920426628,1.1859518832061082,1.07375701478559,1.00700765260399,1.00334985688947,Restaurant,EMBVNVD207CC6,../../model_fits/finalized_redone_trunc/t2_a1_proportion/vegan/vegetarian_dishes_count/plots/EMBVNVD207CC6.png,Plant-based,0.15
vegan,vegetarian,Count,1.01415839821333,0.9922488610057716,1.0371237909148703,1.01415839821333,1.00140096006843,1.0021273757559,Restaurant,JHDN7CF1C03X5,../../model_fits/finalized_redone_trunc/t2_a1_proportion/vegan/vegetarian_dishes_count/plots/JHDN7CF1C03X5.png,Plant-based,0.15
vegan,vegetarian,Count,1.034791867267,0.9749103186369211,1.1019282305585425,1.034791867267,1.00338018993866,1.00044942211948,Restaurant,L69HYJ4Y3TR91,../../model_fits/finalized_redone_trunc/t2_a1_proportion/vegan/vegetarian_dishes_count/plots/L69HYJ4Y3TR91.png,Plant-based,0.15
vegan,vegetarian,Count,0.957374666321581,0.8987646370465409,1.0184791822920147,0.957374666321581,0.995608724933845,1.00161837320218,Restaurant,LBZEEFSBJNB3Z,../../model_fits/finalized_redone_trunc/t2_a1_proportion/vegan/vegetarian_dishes_count/plots/LBZEEFSBJNB3Z.png,Plant-based,0.15
vegan,vegetarian,Count,1.01046247666488,0.8460804559305732,1.1997129619422493,1.01046247666488,1.00069989884943,1.00142427419269,Restaurant,LFZFT3VASXPED,../../model_fits/finalized_redone_trunc/t2_a1_proportion/vegan/vegetarian_dishes_count/plots/LFZFT3VASXPED.png,Plant-based,0.15
vegan,vegetarian,Count,1.11896590782873,0.9176968758399023,1.3523012643372934,1.11896590782873,1.01087369727345,1.00548230283914,Restaurant,LQ5EH4BKGV61T,../../model_fits/finalized_redone_trunc/t2_a1_proportion/vegan/vegetarian_dishes_count/plots/LQ5EH4BKGV61T.png,Plant-based,0.15
vegan,vegetarian,Count,0.973004300424,0.9207822290072346,1.0257792474060117,0.973004300424,0.997233723542513,1.0013526473084,Restaurant,S8MT0YGD2KTN9,../../model_fits/finalized_redone_trunc/t2_a1_proportion/vegan/vegetarian_dishes_count/plots/S8MT0YGD2KTN9.png,Plant-based,0.15
vegan,vegetarian,Count,1.00555893478127,0.8355550906730206,1.2173497749436097,1.00555893478127,1.0001197050929,1.00261696644658,Restaurant,SAFK7ND1HR6XS,../../model_fits/finalized_redone_trunc/t2_a1_proportion/vegan/vegetarian_dishes_count/plots/SAFK7ND1HR6XS.png,Plant-based,0.15
vegan,vegetarian,Count,0.983243353654515,0.9365499308266404,1.0323072465242942,0.983243353654515,0.998283479763121,1.00186164744258,Restaurant,SRQS8F7JWA9MZ,../../model_fits/finalized_redone_trunc/t2_a1_proportion/vegan/vegetarian_dishes_count/plots/SRQS8F7JWA9MZ.png,Plant-based,0.15
vegan,vegetarian,Count,1.01419780821612,0.9382157802699631,1.0875162491595682,1.01419780821612,1.0013455936971,1.00128360465456,Restaurant,V3Q26BHF3SE2H,../../model_fits/finalized_redone_trunc/t2_a1_proportion/vegan/vegetarian_dishes_count/plots/V3Q26BHF3SE2H.png,Plant-based,0.15
vegan,vegetarian,Count,0.988862467883209,0.9736102509509121,1.004790685515223,0.988862467883209,0.998877815013389,1.00032578683904,Restaurant,W8T41JZK0ZMEP,../../model_fits/finalized_redone_trunc/t2_a1_proportion/vegan/vegetarian_dishes_count/plots/W8T41JZK0ZMEP.png,Plant-based,0.15
vegan,vegetarian,Proportion,0.886506604191092,0.7595486953247177,1.037203272182005,0.398787928865141,0.886506604191092,1.00087415256094,Restaurant,1SQPTEGYPH0GA,../../model_fits/finalized_redone_trunc/t2_a1_proportion/vegan/vegetarian_dishes_prop/plots/1SQPTEGYPH0GA.png,Plant-based,0.15
vegan,vegetarian,Proportion,0.92565313424198,0.7341012368423806,1.152190895534603,0.820398644527642,0.92565313424198,1.00093538093981,Restaurant,2HRX9P6HKXA8V,../../model_fits/finalized_redone_trunc/t2_a1_proportion/vegan/vegetarian_dishes_prop/plots/2HRX9P6HKXA8V.png,Plant-based,0.15
vegan,vegetarian,Proportion,1.05164049657227,0.9386318738455135,1.1796624736725612,1.91960999098035,1.05164049657227,1.00986427536218,Restaurant,78AY09MVJVTYE,../../model_fits/finalized_redone_trunc/t2_a1_proportion/vegan/vegetarian_dishes_prop/plots/78AY09MVJVTYE.png,Plant-based,0.15
vegan,vegetarian,Proportion,0.965704070898908,0.8469934400782331,1.1013714808869832,0.871491153727821,0.965704070898908,1.0010038372904,Restaurant,9XKJD8DQTH559,../../model_fits/finalized_redone_trunc/t2_a1_proportion/vegan/vegetarian_dishes_prop/plots/9XKJD8DQTH559.png,Plant-based,0.15
vegan,vegetarian,Proportion,0.987957373932241,0.8588255574331068,1.1361971519865959,1.11411305520395,0.987957373932241,1.00274856410327,Restaurant,C0BE4NDSW26QN,../../model_fits/finalized_redone_trunc/t2_a1_proportion/vegan/vegetarian_dishes_prop/plots/C0BE4NDSW26QN.png,Plant-based,0.15
vegan,vegetarian,Proportion,1.08969651596708,0.9403941145590806,1.2695743539517228,3.13773096257121,1.08969651596708,1.00286896462165,Restaurant,CB2KHY1C2G9PT,../../model_fits/finalized_redone_trunc/t2_a1_proportion/vegan/vegetarian_dishes_prop/plots/CB2KHY1C2G9PT.png,Plant-based,0.15
vegan,vegetarian,Proportion,1.04221382723025,0.8753561916816178,1.242695232477818,2.20484809237828,1.04221382723025,1.00230189787889,Restaurant,ED5J990H5VAZT,../../model_fits/finalized_redone_trunc/t2_a1_proportion/vegan/vegetarian_dishes_prop/plots/ED5J990H5VAZT.png,Plant-based,0.15
vegan,vegetarian,Proportion,1.00673211172701,0.8731878589425093,1.1530423826296623,1.35217769802997,1.00673211172701,1.00908660182252,Restaurant,EMBVNVD207CC6,../../model_fits/finalized_redone_trunc/t2_a1_proportion/vegan/vegetarian_dishes_prop/plots/EMBVNVD207CC6.png,Plant-based,0.15
vegan,vegetarian,Proportion,1.07279470282617,0.9227286331609873,1.2505472033761587,2.67536335178329,1.07279470282617,1.00076369800855,Restaurant,JHDN7CF1C03X5,../../model_fits/finalized_redone_trunc/t2_a1_proportion/vegan/vegetarian_dishes_prop/plots/JHDN7CF1C03X5.png,Plant-based,0.15
vegan,vegetarian,Proportion,1.01840601811054,0.7650641708190684,1.345644139113225,3.08454739855705,1.01840601811054,1.00137656600801,Restaurant,L69HYJ4Y3TR91,../../model_fits/finalized_redone_trunc/t2_a1_proportion/vegan/vegetarian_dishes_prop/plots/L69HYJ4Y3TR91.png,Plant-based,0.15
vegan,vegetarian,Proportion,0.924790029388791,0.7640178523029042,1.0988050296707383,0.669885850143326,0.924790029388791,1.00724347185434,Restaurant,LBZEEFSBJNB3Z,../../model_fits/finalized_redone_trunc/t2_a1_proportion/vegan/vegetarian_dishes_prop/plots/LBZEEFSBJNB3Z.png,Plant-based,0.15
vegan,vegetarian,Proportion,0.989991738370615,0.6768869608097158,1.3852442154916078,4.07662241434261,0.989991738370615,1.00357037110689,Restaurant,LFZFT3VASXPED,../../model_fits/finalized_redone_trunc/t2_a1_proportion/vegan/vegetarian_dishes_prop/plots/LFZFT3VASXPED.png,Plant-based,0.15
vegan,vegetarian,Proportion,1.06277200812119,0.7817408683488642,1.4355929561865683,5.90689090373021,1.06277200812119,1.00077353999256,Restaurant,LQ5EH4BKGV61T,../../model_fits/finalized_redone_trunc/t2_a1_proportion/vegan/vegetarian_dishes_prop/plots/LQ5EH4BKGV61T.png,Plant-based,0.15
vegan,vegetarian,Proportion,0.968278053286091,0.8079088650920945,1.135606224108156,0.992487315124406,0.968278053286091,1.0021316788501,Restaurant,S8MT0YGD2KTN9,../../model_fits/finalized_redone_trunc/t2_a1_proportion/vegan/vegetarian_dishes_prop/plots/S8MT0YGD2KTN9.png,Plant-based,0.15
vegan,vegetarian,Proportion,0.937262322797036,0.6849165486018632,1.25629683004096,1.4583218930163,0.937262322797036,1.01213629663467,Restaurant,SAFK7ND1HR6XS,../../model_fits/finalized_redone_trunc/t2_a1_proportion/vegan/vegetarian_dishes_prop/plots/SAFK7ND1HR6XS.png,Plant-based,0.15
vegan,vegetarian,Proportion,0.955997693279364,0.879933703548108,1.0347006477961067,0.688152195983247,0.955997693279364,1.00180299276282,Restaurant,SRQS8F7JWA9MZ,../../model_fits/finalized_redone_trunc/t2_a1_proportion/vegan/vegetarian_dishes_prop/plots/SRQS8F7JWA9MZ.png,Plant-based,0.15
vegan,vegetarian,Proportion,0.918955220499292,0.818338359389765,1.0298907514781246,0.501815186691229,0.918955220499292,1.00113667967501,Restaurant,V3Q26BHF3SE2H,../../model_fits/finalized_redone_trunc/t2_a1_proportion/vegan/vegetarian_dishes_prop/plots/V3Q26BHF3SE2H.png,Plant-based,0.15
vegan,vegetarian,Proportion,0.958136958020932,0.8024168552585603,1.1327725003594233,0.919657431897528,0.958136958020932,1.00128011008373,Restaurant,W8T41JZK0ZMEP,../../model_fits/finalized_redone_trunc/t2_a1_proportion/vegan/vegetarian_dishes_prop/plots/W8T41JZK0ZMEP.png,Plant-based,0.15
