fit_dir,total_dir,analysis,outcome,gamma_index,level,restaurant,type_fine,model_col,total_source,mean,median,q2.5,q16,q84,q97.5
model_fits/finalized_redone_trunc_cp/a5_customer_day/chicken_fish,model_fits/finalized_redone_trunc_cp/a5_customer_day/total,a5_customer_day,chicken_fish,NA,restaurant,SRQS8F7JWA9MZ,level,exposure_SRQS8F7JWA9MZ_1,matched_restaurant,0.00507426824156667,0.0089029635,-0.153567252825,-0.06605186028,0.070894353896,0.159042311275
model_fits/finalized_redone_trunc_cp/a5_customer_day/chicken_fish,model_fits/finalized_redone_trunc_cp/a5_customer_day/total,a5_customer_day,chicken_fish,NA,restaurant,SRQS8F7JWA9MZ,level,exposure_SRQS8F7JWA9MZ_2,matched_restaurant,0.0166725182851685,0.0174076481,-0.147572718713425,-0.051197777004,0.0873710044628,0.16970550170275
model_fits/finalized_redone_trunc_cp/a5_customer_day/chicken_fish,model_fits/finalized_redone_trunc_cp/a5_customer_day/total,a5_customer_day,chicken_fish,NA,restaurant,2HRX9P6HKXA8V,level,exposure_2HRX9P6HKXA8V_1,matched_restaurant,0.198499944196267,0.1702857,-0.0360892575,0.0621437084,0.356483888,0.464350925
model_fits/finalized_redone_trunc_cp/a5_customer_day/chicken_fish,model_fits/finalized_redone_trunc_cp/a5_customer_day/total,a5_customer_day,chicken_fish,NA,restaurant,L69HYJ4Y3TR91,level,exposure_L69HYJ4Y3TR91_1,matched_restaurant,0.212440793425217,0.2300915,-0.093004225,0.078667472,0.349949786,0.445952835
model_fits/finalized_redone_trunc_cp/a5_customer_day/chicken_fish,model_fits/finalized_redone_trunc_cp/a5_customer_day/total,a5_customer_day,chicken_fish,NA,restaurant,ED5J990H5VAZT,level,exposure_ED5J990H5VAZT_1,matched_restaurant,-0.0115953682134033,-0.0120487,-0.0854185025,-0.0510018692,0.0279385944,0.067474344
model_fits/finalized_redone_trunc_cp/a5_customer_day/chicken_fish,model_fits/finalized_redone_trunc_cp/a5_customer_day/total,a5_customer_day,chicken_fish,NA,restaurant,SRQS8F7JWA9MZ,slope,exposure_SRQS8F7JWA9MZ_1_slope,matched_restaurant,0.155387240204667,0.078456675,-0.367663097625,-0.06078830488,0.38922421756,1.067034735775
model_fits/finalized_redone_trunc_cp/a5_customer_day/chicken_fish,model_fits/finalized_redone_trunc_cp/a5_customer_day/total,a5_customer_day,chicken_fish,NA,restaurant,SRQS8F7JWA9MZ,slope,exposure_SRQS8F7JWA9MZ_2_slope,matched_restaurant,-0.0501976096101698,0.0215709868,-0.9765233551625,-0.2961063074736,0.1901670834124,0.494158101675
model_fits/finalized_redone_trunc_cp/a5_customer_day/chicken_fish,model_fits/finalized_redone_trunc_cp/a5_customer_day/total,a5_customer_day,chicken_fish,NA,restaurant,2HRX9P6HKXA8V,slope,exposure_2HRX9P6HKXA8V_1_slope,matched_restaurant,-0.127287887265,-0.12144855,-0.3989117175,-0.296325564,0.03614848,0.133973525
model_fits/finalized_redone_trunc_cp/a5_customer_day/chicken_fish,model_fits/finalized_redone_trunc_cp/a5_customer_day/total,a5_customer_day,chicken_fish,NA,restaurant,L69HYJ4Y3TR91,slope,exposure_L69HYJ4Y3TR91_1_slope,matched_restaurant,-0.478722297801933,-0.40638385,-1.1346573,-0.860070184,-0.1644804808,0.10651965
model_fits/finalized_redone_trunc_cp/a5_customer_day/chicken_fish,model_fits/finalized_redone_trunc_cp/a5_customer_day/total,a5_customer_day,chicken_fish,NA,restaurant,ED5J990H5VAZT,slope,exposure_ED5J990H5VAZT_1_slope,matched_restaurant,-0.0711170671777933,-0.04473715,-0.364681725,-0.261401644,0.09426572,0.17509947
model_fits/finalized_redone_trunc_cp/a5_customer_day/chicken_fish,model_fits/finalized_redone_trunc_cp/a5_customer_day/total,a5_customer_day,chicken_fish,NA,restaurant,SRQS8F7JWA9MZ,gender_male,exposure_SRQS8F7JWA9MZ_1_gendermale,matched_restaurant,-0.121418740234364,-0.11702345818,-0.3184767188475,-0.2181687115776,-0.0211062728448,0.04183560780825
model_fits/finalized_redone_trunc_cp/a5_customer_day/chicken_fish,model_fits/finalized_redone_trunc_cp/a5_customer_day/total,a5_customer_day,chicken_fish,NA,restaurant,SRQS8F7JWA9MZ,gender_female,exposure_SRQS8F7JWA9MZ_1_genderfemale,matched_restaurant,0.0635742695051174,0.053359653065,-0.078413741264,-0.0058705848088,0.140875490682,0.24207372168725
model_fits/finalized_redone_trunc_cp/a5_customer_day/chicken_fish,model_fits/finalized_redone_trunc_cp/a5_customer_day/total,a5_customer_day,chicken_fish,NA,restaurant,SRQS8F7JWA9MZ,gender_male,exposure_SRQS8F7JWA9MZ_2_gendermale,matched_restaurant,0.152817527363908,0.152146711925,-0.01768092907,0.0461011988616,0.254026703368,0.35465732347575
model_fits/finalized_redone_trunc_cp/a5_customer_day/chicken_fish,model_fits/finalized_redone_trunc_cp/a5_customer_day/total,a5_customer_day,chicken_fish,NA,restaurant,SRQS8F7JWA9MZ,gender_female,exposure_SRQS8F7JWA9MZ_2_genderfemale,matched_restaurant,-0.0184159840531602,-0.005135973895,-0.20926414123475,-0.0981154928768,0.0533742356352,0.132927708118
model_fits/finalized_redone_trunc_cp/a5_customer_day/chicken_fish,model_fits/finalized_redone_trunc_cp/a5_customer_day/total,a5_customer_day,chicken_fish,NA,restaurant,2HRX9P6HKXA8V,gender_male,exposure_2HRX9P6HKXA8V_1_gendermale,matched_restaurant,-0.1746141095022,-0.17549106,-0.391458475,-0.292524976,-0.0544255448,0.0498710175
model_fits/finalized_redone_trunc_cp/a5_customer_day/chicken_fish,model_fits/finalized_redone_trunc_cp/a5_customer_day/total,a5_customer_day,chicken_fish,NA,restaurant,2HRX9P6HKXA8V,gender_female,exposure_2HRX9P6HKXA8V_1_genderfemale,matched_restaurant,0.118900927525033,0.121741,-0.129698295,-0.019995016,0.2567358784,0.36513554575
model_fits/finalized_redone_trunc_cp/a5_customer_day/chicken_fish,model_fits/finalized_redone_trunc_cp/a5_customer_day/total,a5_customer_day,chicken_fish,NA,restaurant,L69HYJ4Y3TR91,gender_male,exposure_L69HYJ4Y3TR91_1_gendermale,matched_restaurant,-0.542861651923333,-0.433463,-1.0798784,-0.93175588,-0.261165284,-0.1292637225
model_fits/finalized_redone_trunc_cp/a5_customer_day/chicken_fish,model_fits/finalized_redone_trunc_cp/a5_customer_day/total,a5_customer_day,chicken_fish,NA,restaurant,L69HYJ4Y3TR91,gender_female,exposure_L69HYJ4Y3TR91_1_genderfemale,matched_restaurant,-0.168134272108867,-0.16935239,-0.399072525,-0.28659324,-0.0500912229,0.0658838450000001
model_fits/finalized_redone_trunc_cp/a5_customer_day/chicken_fish,model_fits/finalized_redone_trunc_cp/a5_customer_day/total,a5_customer_day,chicken_fish,NA,restaurant,ED5J990H5VAZT,gender_male,exposure_ED5J990H5VAZT_1_gendermale,matched_restaurant,0.0239497861973667,0.024107565,-0.0248195395,-0.00103656,0.0492819176,0.07117676875
model_fits/finalized_redone_trunc_cp/a5_customer_day/chicken_fish,model_fits/finalized_redone_trunc_cp/a5_customer_day/total,a5_customer_day,chicken_fish,NA,restaurant,ED5J990H5VAZT,gender_female,exposure_ED5J990H5VAZT_1_genderfemale,matched_restaurant,-0.0291276957975,-0.02923461,-0.093876085,-0.06386252,0.007229436,0.031310782
model_fits/finalized_redone_trunc_cp/a5_customer_day/chicken_fish,model_fits/finalized_redone_trunc_cp/a5_customer_day/total,a5_customer_day,chicken_fish,1,pooled,NA,level,NA,mu_gamma_total,0.0594097367424,0.1040186,-0.262377225,-0.1218289128,0.21272118,0.303703725
model_fits/finalized_redone_trunc_cp/a5_customer_day/chicken_fish,model_fits/finalized_redone_trunc_cp/a5_customer_day/total,a5_customer_day,chicken_fish,2,pooled,NA,slope,NA,mu_gamma_total,-0.187749527326333,-0.193170685,-0.4188112425,-0.31071544,-0.0676742912,0.0805696850000001
model_fits/finalized_redone_trunc_cp/a5_customer_day/chicken_fish,model_fits/finalized_redone_trunc_cp/a5_customer_day/total,a5_customer_day,chicken_fish,3,pooled,NA,gender_male,NA,mu_gamma_total,-0.0950679795884,-0.1045059,-0.3827714775,-0.220578944,0.024528248,0.30547369
model_fits/finalized_redone_trunc_cp/a5_customer_day/chicken_fish,model_fits/finalized_redone_trunc_cp/a5_customer_day/total,a5_customer_day,chicken_fish,4,pooled,NA,gender_female,NA,mu_gamma_total,-0.0002143290657,-0.03113195,-0.306993075,-0.166989584,0.19852794,0.355147875
model_fits/finalized_redone_trunc_cp/a5_customer_day/meat,model_fits/finalized_redone_trunc_cp/a5_customer_day/total,a5_customer_day,meat,NA,restaurant,SRQS8F7JWA9MZ,level,exposure_SRQS8F7JWA9MZ_1,matched_restaurant,0.0379013341143133,0.035098165,-0.1720127325,-0.06930387576,0.145406244,0.26969571
model_fits/finalized_redone_trunc_cp/a5_customer_day/meat,model_fits/finalized_redone_trunc_cp/a5_customer_day/total,a5_customer_day,meat,NA,restaurant,SRQS8F7JWA9MZ,level,exposure_SRQS8F7JWA9MZ_2,matched_restaurant,-0.0200392612682,-0.01544685,-0.2343280025,-0.1280858752,0.081572152,0.1922594925
model_fits/finalized_redone_trunc_cp/a5_customer_day/meat,model_fits/finalized_redone_trunc_cp/a5_customer_day/total,a5_customer_day,meat,NA,restaurant,2HRX9P6HKXA8V,level,exposure_2HRX9P6HKXA8V_1,matched_restaurant,0.0466744253942667,0.03900274,-0.1722840825,-0.056099088,0.151188808,0.2888229625
model_fits/finalized_redone_trunc_cp/a5_customer_day/meat,model_fits/finalized_redone_trunc_cp/a5_customer_day/total,a5_customer_day,meat,NA,restaurant,L69HYJ4Y3TR91,level,exposure_L69HYJ4Y3TR91_1,matched_restaurant,-0.02097643372326,-0.00681314,-0.29676615,-0.124299044,0.07982184,0.18657416
model_fits/finalized_redone_trunc_cp/a5_customer_day/meat,model_fits/finalized_redone_trunc_cp/a5_customer_day/total,a5_customer_day,meat,NA,restaurant,ED5J990H5VAZT,level,exposure_ED5J990H5VAZT_1,matched_restaurant,0.0243634932567967,0.023265045,-0.064598835,-0.021334532,0.0709727572,0.1130206625
model_fits/finalized_redone_trunc_cp/a5_customer_day/meat,model_fits/finalized_redone_trunc_cp/a5_customer_day/total,a5_customer_day,meat,NA,restaurant,SRQS8F7JWA9MZ,slope,exposure_SRQS8F7JWA9MZ_1_slope,matched_restaurant,-0.0906564358023333,-0.069209405,-1.232861475,-0.522901328,0.325167136,0.9865005625
model_fits/finalized_redone_trunc_cp/a5_customer_day/meat,model_fits/finalized_redone_trunc_cp/a5_customer_day/total,a5_customer_day,meat,NA,restaurant,SRQS8F7JWA9MZ,slope,exposure_SRQS8F7JWA9MZ_2_slope,matched_restaurant,0.145966129950767,0.1214107,-0.9097963175,-0.28763128,0.579408564,1.334350525
model_fits/finalized_redone_trunc_cp/a5_customer_day/meat,model_fits/finalized_redone_trunc_cp/a5_customer_day/total,a5_customer_day,meat,NA,restaurant,2HRX9P6HKXA8V,slope,exposure_2HRX9P6HKXA8V_1_slope,matched_restaurant,0.0343876994993367,0.034841995,-0.206082945,-0.076746996,0.146486744,0.2751558975
model_fits/finalized_redone_trunc_cp/a5_customer_day/meat,model_fits/finalized_redone_trunc_cp/a5_customer_day/total,a5_customer_day,meat,NA,restaurant,L69HYJ4Y3TR91,slope,exposure_L69HYJ4Y3TR91_1_slope,matched_restaurant,0.192625192751067,0.16731,-0.403839155,-0.07201448,0.475203068,0.915607527500001
model_fits/finalized_redone_trunc_cp/a5_customer_day/meat,model_fits/finalized_redone_trunc_cp/a5_customer_day/total,a5_customer_day,meat,NA,restaurant,ED5J990H5VAZT,slope,exposure_ED5J990H5VAZT_1_slope,matched_restaurant,0.155630916002207,0.1559711,-0.0313396,0.06441448,0.247609764,0.3398462355
model_fits/finalized_redone_trunc_cp/a5_customer_day/meat,model_fits/finalized_redone_trunc_cp/a5_customer_day/total,a5_customer_day,meat,NA,restaurant,SRQS8F7JWA9MZ,gender_male,exposure_SRQS8F7JWA9MZ_1_gendermale,matched_restaurant,-0.076484293944,-0.07635097055,-0.3302775775,-0.203453192,0.050691772,0.1793288125
model_fits/finalized_redone_trunc_cp/a5_customer_day/meat,model_fits/finalized_redone_trunc_cp/a5_customer_day/total,a5_customer_day,meat,NA,restaurant,SRQS8F7JWA9MZ,gender_female,exposure_SRQS8F7JWA9MZ_1_genderfemale,matched_restaurant,0.09887598630291,0.090153265,-0.1052578775,-0.008762968,0.2082102788,0.3486771525
model_fits/finalized_redone_trunc_cp/a5_customer_day/meat,model_fits/finalized_redone_trunc_cp/a5_customer_day/total,a5_customer_day,meat,NA,restaurant,SRQS8F7JWA9MZ,gender_male,exposure_SRQS8F7JWA9MZ_2_gendermale,matched_restaurant,0.0566575402002667,0.0537515,-0.209548215,-0.070900484,0.18969046,0.3164595905
model_fits/finalized_redone_trunc_cp/a5_customer_day/meat,model_fits/finalized_redone_trunc_cp/a5_customer_day/total,a5_customer_day,meat,NA,restaurant,SRQS8F7JWA9MZ,gender_female,exposure_SRQS8F7JWA9MZ_2_genderfemale,matched_restaurant,-0.0595114109679333,-0.04863405,-0.3133548825,-0.175855608,0.0495393488,0.1575177125
model_fits/finalized_redone_trunc_cp/a5_customer_day/meat,model_fits/finalized_redone_trunc_cp/a5_customer_day/total,a5_customer_day,meat,NA,restaurant,2HRX9P6HKXA8V,gender_male,exposure_2HRX9P6HKXA8V_1_gendermale,matched_restaurant,-0.0304826770414667,-0.03118214,-0.275646435,-0.1547898584,0.097824716,0.2133797725
model_fits/finalized_redone_trunc_cp/a5_customer_day/meat,model_fits/finalized_redone_trunc_cp/a5_customer_day/total,a5_customer_day,meat,NA,restaurant,2HRX9P6HKXA8V,gender_female,exposure_2HRX9P6HKXA8V_1_genderfemale,matched_restaurant,0.0598427850101333,0.05883515,-0.217912148,-0.09021312,0.216045804,0.33786049575
model_fits/finalized_redone_trunc_cp/a5_customer_day/meat,model_fits/finalized_redone_trunc_cp/a5_customer_day/total,a5_customer_day,meat,NA,restaurant,L69HYJ4Y3TR91,gender_male,exposure_L69HYJ4Y3TR91_1_gendermale,matched_restaurant,-0.248508377657179,-0.2473303,-0.4742299575,-0.3606804752,-0.134170364,-0.0316851674999999
model_fits/finalized_redone_trunc_cp/a5_customer_day/meat,model_fits/finalized_redone_trunc_cp/a5_customer_day/total,a5_customer_day,meat,NA,restaurant,L69HYJ4Y3TR91,gender_female,exposure_L69HYJ4Y3TR91_1_genderfemale,matched_restaurant,-0.0210770252734667,-0.021393105,-0.2202823875,-0.11911938,0.077779288,0.1749143725
model_fits/finalized_redone_trunc_cp/a5_customer_day/meat,model_fits/finalized_redone_trunc_cp/a5_customer_day/total,a5_customer_day,meat,NA,restaurant,ED5J990H5VAZT,gender_male,exposure_ED5J990H5VAZT_1_gendermale,matched_restaurant,-0.1394098451893,-0.139395155,-0.20167647325,-0.1718256456,-0.106429584,-0.074814075
model_fits/finalized_redone_trunc_cp/a5_customer_day/meat,model_fits/finalized_redone_trunc_cp/a5_customer_day/total,a5_customer_day,meat,NA,restaurant,ED5J990H5VAZT,gender_female,exposure_ED5J990H5VAZT_1_genderfemale,matched_restaurant,-0.0895408181821667,-0.0898308,-0.1507825075,-0.120657204,-0.0585365532,-0.0257041699
model_fits/finalized_redone_trunc_cp/a5_customer_day/meat,model_fits/finalized_redone_trunc_cp/a5_customer_day/total,a5_customer_day,meat,1,pooled,NA,level,NA,mu_gamma_total,0.0100245427367967,0.017890775,-0.2610397325,-0.07760874,0.1024804848,0.22186940175
model_fits/finalized_redone_trunc_cp/a5_customer_day/meat,model_fits/finalized_redone_trunc_cp/a5_customer_day/total,a5_customer_day,meat,2,pooled,NA,slope,NA,mu_gamma_total,0.129379685370633,0.11765615,-0.247034669,-0.0567031,0.310821092,0.6011882
model_fits/finalized_redone_trunc_cp/a5_customer_day/meat,model_fits/finalized_redone_trunc_cp/a5_customer_day/total,a5_customer_day,meat,3,pooled,NA,gender_male,NA,mu_gamma_total,-0.0860689038801,-0.09674525,-0.49241265,-0.255345008,0.0888507279999999,0.4073916075
model_fits/finalized_redone_trunc_cp/a5_customer_day/meat,model_fits/finalized_redone_trunc_cp/a5_customer_day/total,a5_customer_day,meat,4,pooled,NA,gender_female,NA,mu_gamma_total,-0.0127182294285407,-0.016233815,-0.294366215,-0.132352408,0.108459528,0.2803115485
model_fits/finalized_redone_trunc_cp/a5_customer_day/nonvegan,model_fits/finalized_redone_trunc_cp/a5_customer_day/total,a5_customer_day,nonvegan,NA,restaurant,SRQS8F7JWA9MZ,level,exposure_SRQS8F7JWA9MZ_1,matched_restaurant,0.0302828811685,0.027943895,-0.1774907425,-0.0707972584,0.131180916,0.2437358725
model_fits/finalized_redone_trunc_cp/a5_customer_day/nonvegan,model_fits/finalized_redone_trunc_cp/a5_customer_day/total,a5_customer_day,nonvegan,NA,restaurant,SRQS8F7JWA9MZ,level,exposure_SRQS8F7JWA9MZ_2,matched_restaurant,-0.0195433306339667,-0.0171631,-0.238225605,-0.1254197928,0.085838264,0.1857863975
model_fits/finalized_redone_trunc_cp/a5_customer_day/nonvegan,model_fits/finalized_redone_trunc_cp/a5_customer_day/total,a5_customer_day,nonvegan,NA,restaurant,2HRX9P6HKXA8V,level,exposure_2HRX9P6HKXA8V_1,matched_restaurant,-0.03980232298952,-0.038335445,-0.33308077375,-0.169498904,0.086807704,0.2462139425
model_fits/finalized_redone_trunc_cp/a5_customer_day/nonvegan,model_fits/finalized_redone_trunc_cp/a5_customer_day/total,a5_customer_day,nonvegan,NA,restaurant,L69HYJ4Y3TR91,level,exposure_L69HYJ4Y3TR91_1,matched_restaurant,0.00815840458158333,0.006787015,-0.33288098,-0.136133664,0.1594044048,0.33815584925
model_fits/finalized_redone_trunc_cp/a5_customer_day/nonvegan,model_fits/finalized_redone_trunc_cp/a5_customer_day/total,a5_customer_day,nonvegan,NA,restaurant,ED5J990H5VAZT,level,exposure_ED5J990H5VAZT_1,matched_restaurant,-0.007576420278854,-0.00756925,-0.10476494,-0.0537935816,0.040364688,0.0859996125
model_fits/finalized_redone_trunc_cp/a5_customer_day/nonvegan,model_fits/finalized_redone_trunc_cp/a5_customer_day/total,a5_customer_day,nonvegan,NA,restaurant,SRQS8F7JWA9MZ,slope,exposure_SRQS8F7JWA9MZ_1_slope,matched_restaurant,0.00782866505533333,-0.0087976,-0.994589825,-0.38748348,0.417676864,1.0771695775
model_fits/finalized_redone_trunc_cp/a5_customer_day/nonvegan,model_fits/finalized_redone_trunc_cp/a5_customer_day/total,a5_customer_day,nonvegan,NA,restaurant,SRQS8F7JWA9MZ,slope,exposure_SRQS8F7JWA9MZ_2_slope,matched_restaurant,-0.00629763288356667,0.00291665,-1.084246065,-0.414202556,0.395756344,0.991227150000001
model_fits/finalized_redone_trunc_cp/a5_customer_day/nonvegan,model_fits/finalized_redone_trunc_cp/a5_customer_day/total,a5_customer_day,nonvegan,NA,restaurant,2HRX9P6HKXA8V,slope,exposure_2HRX9P6HKXA8V_1_slope,matched_restaurant,0.0244557835787867,0.02671295,-0.2078002325,-0.0903213,0.1367240384,0.24377114
model_fits/finalized_redone_trunc_cp/a5_customer_day/nonvegan,model_fits/finalized_redone_trunc_cp/a5_customer_day/total,a5_customer_day,nonvegan,NA,restaurant,L69HYJ4Y3TR91,slope,exposure_L69HYJ4Y3TR91_1_slope,matched_restaurant,-0.0135592973195333,-0.0024516,-0.715602275,-0.236423704,0.205627228,0.555801550000001
model_fits/finalized_redone_trunc_cp/a5_customer_day/nonvegan,model_fits/finalized_redone_trunc_cp/a5_customer_day/total,a5_customer_day,nonvegan,NA,restaurant,ED5J990H5VAZT,slope,exposure_ED5J990H5VAZT_1_slope,matched_restaurant,-0.0158917629754023,-0.015612015,-0.2130866575,-0.110890776,0.07913203944,0.17575749775
model_fits/finalized_redone_trunc_cp/a5_customer_day/nonvegan,model_fits/finalized_redone_trunc_cp/a5_customer_day/total,a5_customer_day,nonvegan,NA,restaurant,SRQS8F7JWA9MZ,gender_male,exposure_SRQS8F7JWA9MZ_1_gendermale,matched_restaurant,-0.00712304593474667,-0.00963319999999999,-0.2598848475,-0.141157608,0.126075936,0.26184128
model_fits/finalized_redone_trunc_cp/a5_customer_day/nonvegan,model_fits/finalized_redone_trunc_cp/a5_customer_day/total,a5_customer_day,nonvegan,NA,restaurant,SRQS8F7JWA9MZ,gender_female,exposure_SRQS8F7JWA9MZ_1_genderfemale,matched_restaurant,0.0504957306316333,0.0439969,-0.145598833,-0.046876492,0.1511441,0.2740215575
model_fits/finalized_redone_trunc_cp/a5_customer_day/nonvegan,model_fits/finalized_redone_trunc_cp/a5_customer_day/total,a5_customer_day,nonvegan,NA,restaurant,SRQS8F7JWA9MZ,gender_male,exposure_SRQS8F7JWA9MZ_2_gendermale,matched_restaurant,0.0728940505178667,0.07666475,-0.2080031775,-0.065796064,0.2091965352,0.3373629425
model_fits/finalized_redone_trunc_cp/a5_customer_day/nonvegan,model_fits/finalized_redone_trunc_cp/a5_customer_day/total,a5_customer_day,nonvegan,NA,restaurant,SRQS8F7JWA9MZ,gender_female,exposure_SRQS8F7JWA9MZ_2_genderfemale,matched_restaurant,-0.0454355411912333,-0.03731235,-0.2790952888,-0.149970408,0.0550751006,0.162824205
model_fits/finalized_redone_trunc_cp/a5_customer_day/nonvegan,model_fits/finalized_redone_trunc_cp/a5_customer_day/total,a5_customer_day,nonvegan,NA,restaurant,2HRX9P6HKXA8V,gender_male,exposure_2HRX9P6HKXA8V_1_gendermale,matched_restaurant,-0.00122374079063333,0.0032072,-0.276852415,-0.136619916,0.131408284,0.26056643
model_fits/finalized_redone_trunc_cp/a5_customer_day/nonvegan,model_fits/finalized_redone_trunc_cp/a5_customer_day/total,a5_customer_day,nonvegan,NA,restaurant,2HRX9P6HKXA8V,gender_female,exposure_2HRX9P6HKXA8V_1_genderfemale,matched_restaurant,0.0756453795025733,0.0763633,-0.245354155,-0.085417236,0.237185952,0.377701432
model_fits/finalized_redone_trunc_cp/a5_customer_day/nonvegan,model_fits/finalized_redone_trunc_cp/a5_customer_day/total,a5_customer_day,nonvegan,NA,restaurant,L69HYJ4Y3TR91,gender_male,exposure_L69HYJ4Y3TR91_1_gendermale,matched_restaurant,0.0278745391433333,0.027022,-0.238331425,-0.10577492,0.165857016,0.30201025
model_fits/finalized_redone_trunc_cp/a5_customer_day/nonvegan,model_fits/finalized_redone_trunc_cp/a5_customer_day/total,a5_customer_day,nonvegan,NA,restaurant,L69HYJ4Y3TR91,gender_female,exposure_L69HYJ4Y3TR91_1_genderfemale,matched_restaurant,-0.0194639646773,-0.0183424,-0.248255775,-0.127617352,0.0944506376,0.2004423375
model_fits/finalized_redone_trunc_cp/a5_customer_day/nonvegan,model_fits/finalized_redone_trunc_cp/a5_customer_day/total,a5_customer_day,nonvegan,NA,restaurant,ED5J990H5VAZT,gender_male,exposure_ED5J990H5VAZT_1_gendermale,matched_restaurant,0.0148065386400167,0.014267505,-0.049596122,-0.017585992,0.049617872,0.08046390325
model_fits/finalized_redone_trunc_cp/a5_customer_day/nonvegan,model_fits/finalized_redone_trunc_cp/a5_customer_day/total,a5_customer_day,nonvegan,NA,restaurant,ED5J990H5VAZT,gender_female,exposure_ED5J990H5VAZT_1_genderfemale,matched_restaurant,0.0026059734427,0.00167175,-0.059668852625,-0.02871018888,0.03410916,0.06769955625
model_fits/finalized_redone_trunc_cp/a5_customer_day/nonvegan,model_fits/finalized_redone_trunc_cp/a5_customer_day/total,a5_customer_day,nonvegan,1,pooled,NA,level,NA,mu_gamma_total,-0.0246668804752667,-0.01707885,-0.35734522275,-0.1411119,0.0859651068,0.2999346725
model_fits/finalized_redone_trunc_cp/a5_customer_day/nonvegan,model_fits/finalized_redone_trunc_cp/a5_customer_day/total,a5_customer_day,nonvegan,2,pooled,NA,slope,NA,mu_gamma_total,0.00262415504775,0.0064148,-0.40734145,-0.159508368,0.165908688,0.36643775375
model_fits/finalized_redone_trunc_cp/a5_customer_day/nonvegan,model_fits/finalized_redone_trunc_cp/a5_customer_day/total,a5_customer_day,nonvegan,3,pooled,NA,gender_male,NA,mu_gamma_total,0.0550398493289,0.0417991,-0.3732714475,-0.141332476,0.266904892,0.5546288825
model_fits/finalized_redone_trunc_cp/a5_customer_day/nonvegan,model_fits/finalized_redone_trunc_cp/a5_customer_day/total,a5_customer_day,nonvegan,4,pooled,NA,gender_female,NA,mu_gamma_total,0.0134114180896823,0.01441125,-0.3044513425,-0.120570224,0.1480834208,0.3226126725
model_fits/finalized_redone_trunc_cp/a5_customer_day/vegan,model_fits/finalized_redone_trunc_cp/a5_customer_day/total,a5_customer_day,vegan,NA,restaurant,SRQS8F7JWA9MZ,level,exposure_SRQS8F7JWA9MZ_1,matched_restaurant,-0.0115683626448333,-0.00871864,-0.177872145,-0.086075426,0.059367692,0.1462072575
model_fits/finalized_redone_trunc_cp/a5_customer_day/vegan,model_fits/finalized_redone_trunc_cp/a5_customer_day/total,a5_customer_day,vegan,NA,restaurant,SRQS8F7JWA9MZ,level,exposure_SRQS8F7JWA9MZ_2,matched_restaurant,0.02933064349042,0.02984845,-0.1444411205,-0.0450356832,0.1052772336,0.19406772075
model_fits/finalized_redone_trunc_cp/a5_customer_day/vegan,model_fits/finalized_redone_trunc_cp/a5_customer_day/total,a5_customer_day,vegan,NA,restaurant,2HRX9P6HKXA8V,level,exposure_2HRX9P6HKXA8V_1,matched_restaurant,0.0783137823259,0.07439606,-0.12028304865,-0.0121850724,0.16761658,0.30856139
model_fits/finalized_redone_trunc_cp/a5_customer_day/vegan,model_fits/finalized_redone_trunc_cp/a5_customer_day/total,a5_customer_day,vegan,NA,restaurant,L69HYJ4Y3TR91,level,exposure_L69HYJ4Y3TR91_1,matched_restaurant,-0.0348563003853833,-0.02131368,-0.325081111,-0.13860384,0.06817844,0.17151522
model_fits/finalized_redone_trunc_cp/a5_customer_day/vegan,model_fits/finalized_redone_trunc_cp/a5_customer_day/total,a5_customer_day,vegan,NA,restaurant,ED5J990H5VAZT,level,exposure_ED5J990H5VAZT_1,matched_restaurant,0.0143264741900267,0.014493745,-0.0596604782,-0.02141338,0.05025809876,0.08694952025
model_fits/finalized_redone_trunc_cp/a5_customer_day/vegan,model_fits/finalized_redone_trunc_cp/a5_customer_day/total,a5_customer_day,vegan,NA,restaurant,SRQS8F7JWA9MZ,slope,exposure_SRQS8F7JWA9MZ_1_slope,matched_restaurant,0.0947284325826667,0.052700425,-0.512693405,-0.190431696,0.362747812,0.996107095
model_fits/finalized_redone_trunc_cp/a5_customer_day/vegan,model_fits/finalized_redone_trunc_cp/a5_customer_day/total,a5_customer_day,vegan,NA,restaurant,SRQS8F7JWA9MZ,slope,exposure_SRQS8F7JWA9MZ_2_slope,matched_restaurant,-0.0152846803992333,0.0331817,-0.93727388,-0.284447348,0.26241192,0.6038064975
model_fits/finalized_redone_trunc_cp/a5_customer_day/vegan,model_fits/finalized_redone_trunc_cp/a5_customer_day/total,a5_customer_day,vegan,NA,restaurant,2HRX9P6HKXA8V,slope,exposure_2HRX9P6HKXA8V_1_slope,matched_restaurant,-0.0849908539866333,-0.08115815,-0.2762219625,-0.173928336,0.00318699999999998,0.0907079700000001
model_fits/finalized_redone_trunc_cp/a5_customer_day/vegan,model_fits/finalized_redone_trunc_cp/a5_customer_day/total,a5_customer_day,vegan,NA,restaurant,L69HYJ4Y3TR91,slope,exposure_L69HYJ4Y3TR91_1_slope,matched_restaurant,-0.0606417915863,-0.06269665,-0.6011023135,-0.24708684,0.1369209892,0.451228105
model_fits/finalized_redone_trunc_cp/a5_customer_day/vegan,model_fits/finalized_redone_trunc_cp/a5_customer_day/total,a5_customer_day,vegan,NA,restaurant,ED5J990H5VAZT,slope,exposure_ED5J990H5VAZT_1_slope,matched_restaurant,-0.06054484032429,-0.061057271,-0.21384845875,-0.1355944984,0.015209932,0.089445215
model_fits/finalized_redone_trunc_cp/a5_customer_day/vegan,model_fits/finalized_redone_trunc_cp/a5_customer_day/total,a5_customer_day,vegan,NA,restaurant,SRQS8F7JWA9MZ,gender_male,exposure_SRQS8F7JWA9MZ_1_gendermale,matched_restaurant,-0.128925504266867,-0.12370935,-0.3337631175,-0.22866948,-0.0293866688,0.0488699775
model_fits/finalized_redone_trunc_cp/a5_customer_day/vegan,model_fits/finalized_redone_trunc_cp/a5_customer_day/total,a5_customer_day,vegan,NA,restaurant,SRQS8F7JWA9MZ,gender_female,exposure_SRQS8F7JWA9MZ_1_genderfemale,matched_restaurant,-0.0293110461445,-0.0381451,-0.179614525,-0.107681984,0.051634932,0.1539747175
model_fits/finalized_redone_trunc_cp/a5_customer_day/vegan,model_fits/finalized_redone_trunc_cp/a5_customer_day/total,a5_customer_day,vegan,NA,restaurant,SRQS8F7JWA9MZ,gender_male,exposure_SRQS8F7JWA9MZ_2_gendermale,matched_restaurant,0.0972284774485,0.09337505,-0.09137341575,-0.009892044,0.203090452,0.30576887
model_fits/finalized_redone_trunc_cp/a5_customer_day/vegan,model_fits/finalized_redone_trunc_cp/a5_customer_day/total,a5_customer_day,vegan,NA,restaurant,SRQS8F7JWA9MZ,gender_female,exposure_SRQS8F7JWA9MZ_2_genderfemale,matched_restaurant,0.0729451747466333,0.0825080585,-0.123901185,-0.01308876,0.152816528,0.2339986925
model_fits/finalized_redone_trunc_cp/a5_customer_day/vegan,model_fits/finalized_redone_trunc_cp/a5_customer_day/total,a5_customer_day,vegan,NA,restaurant,2HRX9P6HKXA8V,gender_male,exposure_2HRX9P6HKXA8V_1_gendermale,matched_restaurant,-0.0304175884827033,-0.03447475,-0.22891781,-0.133488712,0.074298604,0.17722264575
model_fits/finalized_redone_trunc_cp/a5_customer_day/vegan,model_fits/finalized_redone_trunc_cp/a5_customer_day/total,a5_customer_day,vegan,NA,restaurant,2HRX9P6HKXA8V,gender_female,exposure_2HRX9P6HKXA8V_1_genderfemale,matched_restaurant,0.1296680702676,0.13011045,-0.1011114575,-0.003327564,0.2563095756,0.37328949
model_fits/finalized_redone_trunc_cp/a5_customer_day/vegan,model_fits/finalized_redone_trunc_cp/a5_customer_day/total,a5_customer_day,vegan,NA,restaurant,L69HYJ4Y3TR91,gender_male,exposure_L69HYJ4Y3TR91_1_gendermale,matched_restaurant,-0.2856740453686,-0.28592333,-0.4905252725,-0.39191478,-0.1772473304,-0.0777321659999998
model_fits/finalized_redone_trunc_cp/a5_customer_day/vegan,model_fits/finalized_redone_trunc_cp/a5_customer_day/total,a5_customer_day,vegan,NA,restaurant,L69HYJ4Y3TR91,gender_female,exposure_L69HYJ4Y3TR91_1_genderfemale,matched_restaurant,0.00242254370893333,0.00117945,-0.202069385,-0.092701556,0.0984409,0.1998717275
model_fits/finalized_redone_trunc_cp/a5_customer_day/vegan,model_fits/finalized_redone_trunc_cp/a5_customer_day/total,a5_customer_day,vegan,NA,restaurant,ED5J990H5VAZT,gender_male,exposure_ED5J990H5VAZT_1_gendermale,matched_restaurant,0.00892496827756667,0.00931165,-0.037890008275,-0.016339302,0.0338905928,0.056425967
model_fits/finalized_redone_trunc_cp/a5_customer_day/vegan,model_fits/finalized_redone_trunc_cp/a5_customer_day/total,a5_customer_day,vegan,NA,restaurant,ED5J990H5VAZT,gender_female,exposure_ED5J990H5VAZT_1_genderfemale,matched_restaurant,-0.0327323404769667,-0.032749555,-0.07905859275,-0.0569321084,-0.0087061784,0.0138257405
model_fits/finalized_redone_trunc_cp/a5_customer_day/vegan,model_fits/finalized_redone_trunc_cp/a5_customer_day/total,a5_customer_day,vegan,1,pooled,NA,level,NA,mu_gamma_total,0.00596859461376667,0.01258502,-0.249207422,-0.07674182,0.0873593719999999,0.2190025075
model_fits/finalized_redone_trunc_cp/a5_customer_day/vegan,model_fits/finalized_redone_trunc_cp/a5_customer_day/total,a5_customer_day,vegan,2,pooled,NA,slope,NA,mu_gamma_total,-0.0491056079316667,-0.047199525,-0.349359015,-0.196999448,0.090317196,0.27643169
model_fits/finalized_redone_trunc_cp/a5_customer_day/vegan,model_fits/finalized_redone_trunc_cp/a5_customer_day/total,a5_customer_day,vegan,3,pooled,NA,gender_male,NA,mu_gamma_total,-0.0571019387607667,-0.061866085,-0.3457486925,-0.184318872,0.061508676,0.3041206175
model_fits/finalized_redone_trunc_cp/a5_customer_day/vegan,model_fits/finalized_redone_trunc_cp/a5_customer_day/total,a5_customer_day,vegan,4,pooled,NA,gender_female,NA,mu_gamma_total,0.0197215616210667,0.01387645,-0.2289473715,-0.0920461344,0.138722596,0.276133785
model_fits/finalized_redone_trunc_cp/a5_customer_day/vegetarian,model_fits/finalized_redone_trunc_cp/a5_customer_day/total,a5_customer_day,vegetarian,NA,restaurant,SRQS8F7JWA9MZ,level,exposure_SRQS8F7JWA9MZ_1,matched_restaurant,-0.0114319382279,-0.0081131,-0.19090991,-0.095913076,0.0686445148,0.162816955
model_fits/finalized_redone_trunc_cp/a5_customer_day/vegetarian,model_fits/finalized_redone_trunc_cp/a5_customer_day/total,a5_customer_day,vegetarian,NA,restaurant,SRQS8F7JWA9MZ,level,exposure_SRQS8F7JWA9MZ_2,matched_restaurant,0.0235997001606133,0.02491125,-0.1565389075,-0.06073767232,0.10645962,0.2021999765
model_fits/finalized_redone_trunc_cp/a5_customer_day/vegetarian,model_fits/finalized_redone_trunc_cp/a5_customer_day/total,a5_customer_day,vegetarian,NA,restaurant,2HRX9P6HKXA8V,level,exposure_2HRX9P6HKXA8V_1,matched_restaurant,-0.0310619960323,-0.029037295,-0.2725254225,-0.138651816,0.072283352,0.20951796
model_fits/finalized_redone_trunc_cp/a5_customer_day/vegetarian,model_fits/finalized_redone_trunc_cp/a5_customer_day/total,a5_customer_day,vegetarian,NA,restaurant,L69HYJ4Y3TR91,level,exposure_L69HYJ4Y3TR91_1,matched_restaurant,-0.02956628692905,-0.02838785,-0.32975552,-0.156984704,0.097071752,0.28246648
model_fits/finalized_redone_trunc_cp/a5_customer_day/vegetarian,model_fits/finalized_redone_trunc_cp/a5_customer_day/total,a5_customer_day,vegetarian,NA,restaurant,ED5J990H5VAZT,level,exposure_ED5J990H5VAZT_1,matched_restaurant,-0.0140537984989509,-0.01397395,-0.110817475,-0.0616541064,0.03458117942,0.0831202605
model_fits/finalized_redone_trunc_cp/a5_customer_day/vegetarian,model_fits/finalized_redone_trunc_cp/a5_customer_day/total,a5_customer_day,vegetarian,NA,restaurant,SRQS8F7JWA9MZ,slope,exposure_SRQS8F7JWA9MZ_1_slope,matched_restaurant,0.207613703196133,0.13762865,-0.471827205,-0.1187908452,0.5616948,1.1714578375
model_fits/finalized_redone_trunc_cp/a5_customer_day/vegetarian,model_fits/finalized_redone_trunc_cp/a5_customer_day/total,a5_customer_day,vegetarian,NA,restaurant,SRQS8F7JWA9MZ,slope,exposure_SRQS8F7JWA9MZ_2_slope,matched_restaurant,-0.128737833640423,-0.0540253,-1.127143275,-0.503430056,0.2006644912,0.55762557
model_fits/finalized_redone_trunc_cp/a5_customer_day/vegetarian,model_fits/finalized_redone_trunc_cp/a5_customer_day/total,a5_customer_day,vegetarian,NA,restaurant,2HRX9P6HKXA8V,slope,exposure_2HRX9P6HKXA8V_1_slope,matched_restaurant,-0.0284932177111333,-0.02527705,-0.2514540675,-0.133676544,0.072844752,0.1790191625
model_fits/finalized_redone_trunc_cp/a5_customer_day/vegetarian,model_fits/finalized_redone_trunc_cp/a5_customer_day/total,a5_customer_day,vegetarian,NA,restaurant,L69HYJ4Y3TR91,slope,exposure_L69HYJ4Y3TR91_1_slope,matched_restaurant,-0.1527597728443,-0.12741305,-0.8926037,-0.42126416,0.112536132,0.442987345
model_fits/finalized_redone_trunc_cp/a5_customer_day/vegetarian,model_fits/finalized_redone_trunc_cp/a5_customer_day/total,a5_customer_day,vegetarian,NA,restaurant,ED5J990H5VAZT,slope,exposure_ED5J990H5VAZT_1_slope,matched_restaurant,-0.166719849217127,-0.16487265,-0.366117875,-0.263104632,-0.0677312448,0.0136632202500002
model_fits/finalized_redone_trunc_cp/a5_customer_day/vegetarian,model_fits/finalized_redone_trunc_cp/a5_customer_day/total,a5_customer_day,vegetarian,NA,restaurant,SRQS8F7JWA9MZ,gender_male,exposure_SRQS8F7JWA9MZ_1_gendermale,matched_restaurant,-0.0807124716496,-0.08027865,-0.29658848975,-0.1875054612,0.024560152,0.1203295225
model_fits/finalized_redone_trunc_cp/a5_customer_day/vegetarian,model_fits/finalized_redone_trunc_cp/a5_customer_day/total,a5_customer_day,vegetarian,NA,restaurant,SRQS8F7JWA9MZ,gender_female,exposure_SRQS8F7JWA9MZ_1_genderfemale,matched_restaurant,-0.0955671496605,-0.1003655,-0.28661112,-0.189700552,0.000305304000000002,0.1111169075
model_fits/finalized_redone_trunc_cp/a5_customer_day/vegetarian,model_fits/finalized_redone_trunc_cp/a5_customer_day/total,a5_customer_day,vegetarian,NA,restaurant,SRQS8F7JWA9MZ,gender_male,exposure_SRQS8F7JWA9MZ_2_gendermale,matched_restaurant,0.132846826738023,0.131577,-0.0740741025,0.019063044,0.2448425208,0.348338255
model_fits/finalized_redone_trunc_cp/a5_customer_day/vegetarian,model_fits/finalized_redone_trunc_cp/a5_customer_day/total,a5_customer_day,vegetarian,NA,restaurant,SRQS8F7JWA9MZ,gender_female,exposure_SRQS8F7JWA9MZ_2_genderfemale,matched_restaurant,0.101196833350667,0.107027035,-0.12149245075,0.00391541600000001,0.1995568,0.300082565
model_fits/finalized_redone_trunc_cp/a5_customer_day/vegetarian,model_fits/finalized_redone_trunc_cp/a5_customer_day/total,a5_customer_day,vegetarian,NA,restaurant,2HRX9P6HKXA8V,gender_male,exposure_2HRX9P6HKXA8V_1_gendermale,matched_restaurant,0.00331336240683333,0.000359700000000004,-0.2246839065,-0.11396348,0.123647892,0.22854086
model_fits/finalized_redone_trunc_cp/a5_customer_day/vegetarian,model_fits/finalized_redone_trunc_cp/a5_customer_day/total,a5_customer_day,vegetarian,NA,restaurant,2HRX9P6HKXA8V,gender_female,exposure_2HRX9P6HKXA8V_1_genderfemale,matched_restaurant,0.1360498209632,0.13630105,-0.12820473,-0.007983176,0.275605404,0.4042313825
model_fits/finalized_redone_trunc_cp/a5_customer_day/vegetarian,model_fits/finalized_redone_trunc_cp/a5_customer_day/total,a5_customer_day,vegetarian,NA,restaurant,L69HYJ4Y3TR91,gender_male,exposure_L69HYJ4Y3TR91_1_gendermale,matched_restaurant,-0.0325416729696667,-0.0322405,-0.30072225,-0.16756448,0.10071872,0.226042425
model_fits/finalized_redone_trunc_cp/a5_customer_day/vegetarian,model_fits/finalized_redone_trunc_cp/a5_customer_day/total,a5_customer_day,vegetarian,NA,restaurant,L69HYJ4Y3TR91,gender_female,exposure_L69HYJ4Y3TR91_1_genderfemale,matched_restaurant,0.00362414345973333,0.0033501,-0.2336869335,-0.112041024,0.120428192,0.2288070575
model_fits/finalized_redone_trunc_cp/a5_customer_day/vegetarian,model_fits/finalized_redone_trunc_cp/a5_customer_day/total,a5_customer_day,vegetarian,NA,restaurant,ED5J990H5VAZT,gender_male,exposure_ED5J990H5VAZT_1_gendermale,matched_restaurant,0.1643970744107,0.16462875,0.0962267575,0.12998714,0.197578184,0.23111846
model_fits/finalized_redone_trunc_cp/a5_customer_day/vegetarian,model_fits/finalized_redone_trunc_cp/a5_customer_day/total,a5_customer_day,vegetarian,NA,restaurant,ED5J990H5VAZT,gender_female,exposure_ED5J990H5VAZT_1_genderfemale,matched_restaurant,0.0633080911251667,0.0635475,-0.004180125,0.0301726,0.0965379368,0.1294426175
model_fits/finalized_redone_trunc_cp/a5_customer_day/vegetarian,model_fits/finalized_redone_trunc_cp/a5_customer_day/total,a5_customer_day,vegetarian,1,pooled,NA,level,NA,mu_gamma_total,-0.0329014642691,-0.0236158,-0.3127071625,-0.121489304,0.0612322196,0.1687175525
model_fits/finalized_redone_trunc_cp/a5_customer_day/vegetarian,model_fits/finalized_redone_trunc_cp/a5_customer_day/total,a5_customer_day,vegetarian,2,pooled,NA,slope,NA,mu_gamma_total,-0.0888298011733667,-0.09471625,-0.4959276975,-0.266776776,0.076420932,0.391881745000001
model_fits/finalized_redone_trunc_cp/a5_customer_day/vegetarian,model_fits/finalized_redone_trunc_cp/a5_customer_day/total,a5_customer_day,vegetarian,3,pooled,NA,gender_male,NA,mu_gamma_total,0.0659612523287667,0.06567503,-0.3438686475,-0.09352048,0.22557536,0.500864075
model_fits/finalized_redone_trunc_cp/a5_customer_day/vegetarian,model_fits/finalized_redone_trunc_cp/a5_customer_day/total,a5_customer_day,vegetarian,4,pooled,NA,gender_female,NA,mu_gamma_total,0.0444271030421667,0.050769,-0.31300556,-0.1117764276,0.197529236,0.377023790825
model_fits/finalized_uncontaminated2/a6_customer_t_day/breakfast,model_fits/finalized_redone_trunc_cp/a5_customer_day/total,a6_customer_t_day,breakfast,NA,restaurant,2HRX9P6HKXA8V,level,exposure_2HRX9P6HKXA8V_1,matched_restaurant,0.0641966902844333,0.057643,-0.1589141875,-0.043807414,0.175229672,0.31996086
model_fits/finalized_uncontaminated2/a6_customer_t_day/breakfast,model_fits/finalized_redone_trunc_cp/a5_customer_day/total,a6_customer_t_day,breakfast,NA,restaurant,L69HYJ4Y3TR91,level,exposure_L69HYJ4Y3TR91_1,matched_restaurant,-0.03240743360865,-0.0188418,-0.32050802,-0.146063564,0.0787914679999999,0.17424644641
model_fits/finalized_uncontaminated2/a6_customer_t_day/breakfast,model_fits/finalized_redone_trunc_cp/a5_customer_day/total,a6_customer_t_day,breakfast,NA,restaurant,ED5J990H5VAZT,level,exposure_ED5J990H5VAZT_1,matched_restaurant,0.0442725362921133,0.044528185,-0.043439245,0.000296491199999998,0.086839776,0.13095988
model_fits/finalized_uncontaminated2/a6_customer_t_day/breakfast,model_fits/finalized_redone_trunc_cp/a5_customer_day/total,a6_customer_t_day,breakfast,NA,restaurant,2HRX9P6HKXA8V,slope,exposure_2HRX9P6HKXA8V_1_slope,matched_restaurant,0.0284102496180667,0.02776382,-0.2278396625,-0.098238764,0.1579028,0.280441885
model_fits/finalized_uncontaminated2/a6_customer_t_day/breakfast,model_fits/finalized_redone_trunc_cp/a5_customer_day/total,a6_customer_t_day,breakfast,NA,restaurant,L69HYJ4Y3TR91,slope,exposure_L69HYJ4Y3TR91_1_slope,matched_restaurant,0.162620130132733,0.135742265,-0.4843306925,-0.109916888,0.467038072,0.914123562500001
model_fits/finalized_uncontaminated2/a6_customer_t_day/breakfast,model_fits/finalized_redone_trunc_cp/a5_customer_day/total,a6_customer_t_day,breakfast,NA,restaurant,ED5J990H5VAZT,slope,exposure_ED5J990H5VAZT_1_slope,matched_restaurant,0.10611396309854,0.10687455,-0.08256168,0.01784912,0.19714728,0.291388668
model_fits/finalized_uncontaminated2/a6_customer_t_day/breakfast,model_fits/finalized_redone_trunc_cp/a5_customer_day/total,a6_customer_t_day,breakfast,NA,restaurant,2HRX9P6HKXA8V,gender_male,exposure_2HRX9P6HKXA8V_1_gendermale,matched_restaurant,-0.0379934763985333,-0.0411994,-0.265774285,-0.151723656,0.078542736,0.1925127125
model_fits/finalized_uncontaminated2/a6_customer_t_day/breakfast,model_fits/finalized_redone_trunc_cp/a5_customer_day/total,a6_customer_t_day,breakfast,NA,restaurant,2HRX9P6HKXA8V,gender_female,exposure_2HRX9P6HKXA8V_1_genderfemale,matched_restaurant,0.0750931593653667,0.0726276,-0.17738087675,-0.0679509448,0.218478348,0.3436742325
model_fits/finalized_uncontaminated2/a6_customer_t_day/breakfast,model_fits/finalized_redone_trunc_cp/a5_customer_day/total,a6_customer_t_day,breakfast,NA,restaurant,L69HYJ4Y3TR91,gender_male,exposure_L69HYJ4Y3TR91_1_gendermale,matched_restaurant,-0.2680027402135,-0.2709133,-0.487167005,-0.385571072,-0.151644368,-0.0471823025
model_fits/finalized_uncontaminated2/a6_customer_t_day/breakfast,model_fits/finalized_redone_trunc_cp/a5_customer_day/total,a6_customer_t_day,breakfast,NA,restaurant,L69HYJ4Y3TR91,gender_female,exposure_L69HYJ4Y3TR91_1_genderfemale,matched_restaurant,-0.0165835678199333,-0.01574405,-0.22048689,-0.113616612,0.0801242604,0.17449695
model_fits/finalized_uncontaminated2/a6_customer_t_day/breakfast,model_fits/finalized_redone_trunc_cp/a5_customer_day/total,a6_customer_t_day,breakfast,NA,restaurant,ED5J990H5VAZT,gender_male,exposure_ED5J990H5VAZT_1_gendermale,matched_restaurant,-0.0558458030626333,-0.05589761,-0.11294519525,-0.08566142928,-0.026575088,0.00388900500000001
model_fits/finalized_uncontaminated2/a6_customer_t_day/breakfast,model_fits/finalized_redone_trunc_cp/a5_customer_day/total,a6_customer_t_day,breakfast,NA,restaurant,ED5J990H5VAZT,gender_female,exposure_ED5J990H5VAZT_1_genderfemale,matched_restaurant,-0.0620033895315,-0.0621234,-0.1179077125,-0.091297744,-0.0331155956,-0.00471975999999997
model_fits/finalized_uncontaminated2/a6_customer_t_day/breakfast,model_fits/finalized_redone_trunc_cp/a5_customer_day/total,a6_customer_t_day,breakfast,1,pooled,NA,level,NA,mu_gamma_total_subset,0.03868448204968,0.027356685,-0.2051274075,-0.07006984,0.133206948,0.465597220500001
model_fits/finalized_uncontaminated2/a6_customer_t_day/breakfast,model_fits/finalized_redone_trunc_cp/a5_customer_day/total,a6_customer_t_day,breakfast,2,pooled,NA,slope,NA,mu_gamma_total_subset,0.0814523244633333,0.0898843,-0.406622325,-0.104876636,0.283313572,0.535075800000001
model_fits/finalized_uncontaminated2/a6_customer_t_day/breakfast,model_fits/finalized_redone_trunc_cp/a5_customer_day/total,a6_customer_t_day,breakfast,3,pooled,NA,gender_male,NA,mu_gamma_total_subset,-0.0767466142633,-0.0808719,-0.48979889,-0.235016444,0.0838879719999999,0.354508707500001
model_fits/finalized_uncontaminated2/a6_customer_t_day/breakfast,model_fits/finalized_redone_trunc_cp/a5_customer_day/total,a6_customer_t_day,breakfast,4,pooled,NA,gender_female,NA,mu_gamma_total_subset,-0.0176284155927,-0.0142883,-0.3734234825,-0.159527844,0.125476556,0.334054265
model_fits/finalized_uncontaminated2/a6_customer_t_day/untextured,model_fits/finalized_redone_trunc_cp/a5_customer_day/total,a6_customer_t_day,untextured,NA,restaurant,SRQS8F7JWA9MZ,level,exposure_SRQS8F7JWA9MZ_1,matched_restaurant,0.159407806018233,0.16517775,-0.105522045,0.020558072,0.29236707344,0.403163095
model_fits/finalized_uncontaminated2/a6_customer_t_day/untextured,model_fits/finalized_redone_trunc_cp/a5_customer_day/total,a6_customer_t_day,untextured,NA,restaurant,SRQS8F7JWA9MZ,level,exposure_SRQS8F7JWA9MZ_2,matched_restaurant,0.101635644663453,0.1116752,-0.171748035,-0.0393185416,0.2340211212,0.3412469975
model_fits/finalized_uncontaminated2/a6_customer_t_day/untextured,model_fits/finalized_redone_trunc_cp/a5_customer_day/total,a6_customer_t_day,untextured,NA,restaurant,SRQS8F7JWA9MZ,slope,exposure_SRQS8F7JWA9MZ_1_slope,matched_restaurant,-0.716530126173,-0.70243385,-1.998761135,-1.454233156,-0.00759456000000008,0.629144030000001
model_fits/finalized_uncontaminated2/a6_customer_t_day/untextured,model_fits/finalized_redone_trunc_cp/a5_customer_day/total,a6_customer_t_day,untextured,NA,restaurant,SRQS8F7JWA9MZ,slope,exposure_SRQS8F7JWA9MZ_2_slope,matched_restaurant,0.514998853779767,0.52626285,-0.922538745,-0.23858092,1.27426628,1.789317675
model_fits/finalized_uncontaminated2/a6_customer_t_day/untextured,model_fits/finalized_redone_trunc_cp/a5_customer_day/total,a6_customer_t_day,untextured,NA,restaurant,SRQS8F7JWA9MZ,gender_male,exposure_SRQS8F7JWA9MZ_1_gendermale,matched_restaurant,-0.220076508172833,-0.21222135,-0.470737,-0.34261618,-0.0950946324,-0.00376244249999985
model_fits/finalized_uncontaminated2/a6_customer_t_day/untextured,model_fits/finalized_redone_trunc_cp/a5_customer_day/total,a6_customer_t_day,untextured,NA,restaurant,SRQS8F7JWA9MZ,gender_female,exposure_SRQS8F7JWA9MZ_1_genderfemale,matched_restaurant,0.0657380985464667,0.0564732,-0.12551918,-0.0329124024,0.171437812,0.3059734375
model_fits/finalized_uncontaminated2/a6_customer_t_day/untextured,model_fits/finalized_redone_trunc_cp/a5_customer_day/total,a6_customer_t_day,untextured,NA,restaurant,SRQS8F7JWA9MZ,gender_male,exposure_SRQS8F7JWA9MZ_2_gendermale,matched_restaurant,0.117800653695174,0.113470855,-0.108951550175,-0.014058272,0.241183432,0.3802866
model_fits/finalized_uncontaminated2/a6_customer_t_day/untextured,model_fits/finalized_redone_trunc_cp/a5_customer_day/total,a6_customer_t_day,untextured,NA,restaurant,SRQS8F7JWA9MZ,gender_female,exposure_SRQS8F7JWA9MZ_2_genderfemale,matched_restaurant,-0.0304305755318333,-0.01735191175,-0.2796200825,-0.141965792,0.070929848,0.1687141625
model_fits/finalized_uncontaminated2/a6_customer_t_day/untextured,model_fits/finalized_redone_trunc_cp/a5_customer_day/total,a6_customer_t_day,untextured,1,pooled,NA,level,NA,mu_gamma_total_subset,0.180844500276933,0.179623545,-0.2621895325,-0.045410664,0.3898263376,0.7149
model_fits/finalized_uncontaminated2/a6_customer_t_day/untextured,model_fits/finalized_redone_trunc_cp/a5_customer_day/total,a6_customer_t_day,untextured,2,pooled,NA,slope,NA,mu_gamma_total_subset,-0.256621415513,-0.2366511,-1.018506625,-0.6024748,0.080597428,0.416686705
model_fits/finalized_uncontaminated2/a6_customer_t_day/untextured,model_fits/finalized_redone_trunc_cp/a5_customer_day/total,a6_customer_t_day,untextured,3,pooled,NA,gender_male,NA,mu_gamma_total_subset,-0.113077350606067,-0.11539425,-0.69159451,-0.288913488,0.084922344,0.366494315
model_fits/finalized_uncontaminated2/a6_customer_t_day/untextured,model_fits/finalized_redone_trunc_cp/a5_customer_day/total,a6_customer_t_day,untextured,4,pooled,NA,gender_female,NA,mu_gamma_total_subset,-0.0867714574096,-0.069806615,-0.572601335,-0.2902248,0.107215192,0.32839015
model_fits/finalized_redone_trunc_cp/t2_a5_customer_day/chicken_fish,model_fits/finalized_redone_trunc_cp/t2_a5_customer_day/total,t2_a5_customer_day,chicken_fish,NA,restaurant,SRQS8F7JWA9MZ,level,exposure_SRQS8F7JWA9MZ_1,matched_restaurant,0.0047722633928448,0.0052289785975,-0.08175321684095,-0.03375852790524,0.04394680426088,0.090477811414
model_fits/finalized_redone_trunc_cp/t2_a5_customer_day/chicken_fish,model_fits/finalized_redone_trunc_cp/t2_a5_customer_day/total,t2_a5_customer_day,chicken_fish,NA,restaurant,SRQS8F7JWA9MZ,level,exposure_SRQS8F7JWA9MZ_2,matched_restaurant,0.0101595602066688,0.00934151670756,-0.07577583850685,-0.027981050497048,0.050199147984704,0.10237964897765
model_fits/finalized_redone_trunc_cp/t2_a5_customer_day/chicken_fish,model_fits/finalized_redone_trunc_cp/t2_a5_customer_day/total,t2_a5_customer_day,chicken_fish,NA,restaurant,2HRX9P6HKXA8V,level,exposure_2HRX9P6HKXA8V_1,matched_restaurant,0.0461176104243333,0.04503352,-0.102225991675,-0.02201355592,0.11708699512,0.199105584
model_fits/finalized_redone_trunc_cp/t2_a5_customer_day/chicken_fish,model_fits/finalized_redone_trunc_cp/t2_a5_customer_day/total,t2_a5_customer_day,chicken_fish,NA,restaurant,L69HYJ4Y3TR91,level,exposure_L69HYJ4Y3TR91_1,matched_restaurant,0.0390794427826667,0.07543155,-0.23459840125,-0.14042293,0.1922849856,0.2696021245
model_fits/finalized_redone_trunc_cp/t2_a5_customer_day/chicken_fish,model_fits/finalized_redone_trunc_cp/t2_a5_customer_day/total,t2_a5_customer_day,chicken_fish,NA,restaurant,ED5J990H5VAZT,level,exposure_ED5J990H5VAZT_1,matched_restaurant,0.04901573371562,0.032151053,-0.06562969345,-0.02730131116,0.1406190196,0.184084254
model_fits/finalized_redone_trunc_cp/t2_a5_customer_day/chicken_fish,model_fits/finalized_redone_trunc_cp/t2_a5_customer_day/total,t2_a5_customer_day,chicken_fish,NA,restaurant,W8T41JZK0ZMEP,level,exposure_W8T41JZK0ZMEP_1,matched_restaurant,-0.0260080854275667,-0.0525102365,-0.2138579445,-0.1524270064,0.1153568584,0.198735379
model_fits/finalized_redone_trunc_cp/t2_a5_customer_day/chicken_fish,model_fits/finalized_redone_trunc_cp/t2_a5_customer_day/total,t2_a5_customer_day,chicken_fish,NA,restaurant,W8T41JZK0ZMEP,level,exposure_W8T41JZK0ZMEP_2,matched_restaurant,0.00266680730186667,0.01704178035,-0.1639221298475,-0.079727721112,0.077548928,0.12523890315
model_fits/finalized_redone_trunc_cp/t2_a5_customer_day/chicken_fish,model_fits/finalized_redone_trunc_cp/t2_a5_customer_day/total,t2_a5_customer_day,chicken_fish,NA,restaurant,W8T41JZK0ZMEP,level,exposure_W8T41JZK0ZMEP_3,matched_restaurant,-0.0100743196422,-0.00750212300000001,-0.16323426405,-0.09771032124,0.0727393372,0.1372474805
model_fits/finalized_redone_trunc_cp/t2_a5_customer_day/chicken_fish,model_fits/finalized_redone_trunc_cp/t2_a5_customer_day/total,t2_a5_customer_day,chicken_fish,NA,restaurant,W8T41JZK0ZMEP,level,exposure_W8T41JZK0ZMEP_4,matched_restaurant,-0.054588935864,-0.06167837095,-0.201596080425,-0.13535444204,0.03244067352,0.097638956
model_fits/finalized_redone_trunc_cp/t2_a5_customer_day/chicken_fish,model_fits/finalized_redone_trunc_cp/t2_a5_customer_day/total,t2_a5_customer_day,chicken_fish,NA,restaurant,W8T41JZK0ZMEP,level,exposure_W8T41JZK0ZMEP_5,matched_restaurant,0.0581622222706,0.0458048865,-0.17736358015,-0.10568595452,0.2242414248,0.30408791125
model_fits/finalized_redone_trunc_cp/t2_a5_customer_day/chicken_fish,model_fits/finalized_redone_trunc_cp/t2_a5_customer_day/total,t2_a5_customer_day,chicken_fish,NA,restaurant,EMBVNVD207CC6,level,exposure_EMBVNVD207CC6_1,matched_restaurant,-0.0736020729195,-0.069083537,-0.325797647,-0.18344948964,0.04284933416,0.094604521075
model_fits/finalized_redone_trunc_cp/t2_a5_customer_day/chicken_fish,model_fits/finalized_redone_trunc_cp/t2_a5_customer_day/total,t2_a5_customer_day,chicken_fish,NA,restaurant,C0BE4NDSW26QN,level,exposure_C0BE4NDSW26QN_1,matched_restaurant,-0.0615919376076833,-0.06889596,-0.2481616245,-0.1546604892,0.0431962753168,0.1288413042105
model_fits/finalized_redone_trunc_cp/t2_a5_customer_day/chicken_fish,model_fits/finalized_redone_trunc_cp/t2_a5_customer_day/total,t2_a5_customer_day,chicken_fish,NA,restaurant,C0BE4NDSW26QN,level,exposure_C0BE4NDSW26QN_2,matched_restaurant,0.0607578213045645,0.062499799,-0.10326031935,-0.01827443624,0.13446537436,0.221899545675
model_fits/finalized_redone_trunc_cp/t2_a5_customer_day/chicken_fish,model_fits/finalized_redone_trunc_cp/t2_a5_customer_day/total,t2_a5_customer_day,chicken_fish,NA,restaurant,V3Q26BHF3SE2H,level,exposure_V3Q26BHF3SE2H_1,matched_restaurant,0.0111555172322,-0.019493752,-0.19080862425,-0.1253355232,0.1715446092,0.24275021425
model_fits/finalized_redone_trunc_cp/t2_a5_customer_day/chicken_fish,model_fits/finalized_redone_trunc_cp/t2_a5_customer_day/total,t2_a5_customer_day,chicken_fish,NA,restaurant,V3Q26BHF3SE2H,level,exposure_V3Q26BHF3SE2H_2,matched_restaurant,0.0960253446940733,0.12870548,-0.160566043875,-0.09442497268,0.2586131832,0.314991608
model_fits/finalized_redone_trunc_cp/t2_a5_customer_day/chicken_fish,model_fits/finalized_redone_trunc_cp/t2_a5_customer_day/total,t2_a5_customer_day,chicken_fish,NA,restaurant,V3Q26BHF3SE2H,level,exposure_V3Q26BHF3SE2H_3,matched_restaurant,0.190775819462133,0.109122055,-0.057990384875,0.01135981052,0.4612077324,0.5176971955
model_fits/finalized_redone_trunc_cp/t2_a5_customer_day/chicken_fish,model_fits/finalized_redone_trunc_cp/t2_a5_customer_day/total,t2_a5_customer_day,chicken_fish,NA,restaurant,V3Q26BHF3SE2H,level,exposure_V3Q26BHF3SE2H_4,matched_restaurant,0.02424875182925,0.032824302,-0.17407736075,-0.1136982216,0.14765837328,0.21021307305
model_fits/finalized_redone_trunc_cp/t2_a5_customer_day/chicken_fish,model_fits/finalized_redone_trunc_cp/t2_a5_customer_day/total,t2_a5_customer_day,chicken_fish,NA,restaurant,LBZEEFSBJNB3Z,level,exposure_LBZEEFSBJNB3Z_1,matched_restaurant,0.126948499197167,0.12970704,-0.093159970375,-0.03941636588,0.2699098636,0.364489066
model_fits/finalized_redone_trunc_cp/t2_a5_customer_day/chicken_fish,model_fits/finalized_redone_trunc_cp/t2_a5_customer_day/total,t2_a5_customer_day,chicken_fish,NA,restaurant,SAFK7ND1HR6XS,level,exposure_SAFK7ND1HR6XS_1,matched_restaurant,0.0752343772726133,0.0628059035,-0.084399125925,-0.00549531043999999,0.1726495124,0.25361531925
model_fits/finalized_redone_trunc_cp/t2_a5_customer_day/chicken_fish,model_fits/finalized_redone_trunc_cp/t2_a5_customer_day/total,t2_a5_customer_day,chicken_fish,NA,restaurant,S8MT0YGD2KTN9,level,exposure_S8MT0YGD2KTN9_1,matched_restaurant,0.153148711416133,0.1470115035,-0.081760475825,-0.01884093248,0.3093314468,0.4517253435
model_fits/finalized_redone_trunc_cp/t2_a5_customer_day/chicken_fish,model_fits/finalized_redone_trunc_cp/t2_a5_customer_day/total,t2_a5_customer_day,chicken_fish,NA,restaurant,1SQPTEGYPH0GA,level,exposure_1SQPTEGYPH0GA_1,matched_restaurant,-0.0722728854640667,-0.0526231365,-0.420979344,-0.2374526816,0.1138541152,0.17786049625
model_fits/finalized_redone_trunc_cp/t2_a5_customer_day/chicken_fish,model_fits/finalized_redone_trunc_cp/t2_a5_customer_day/total,t2_a5_customer_day,chicken_fish,NA,restaurant,9XKJD8DQTH559,level,exposure_9XKJD8DQTH559_1,matched_restaurant,-0.00375945747657,0.0044043095,-0.216448558425,-0.11192410948,0.0941608982,0.200967956475
model_fits/finalized_redone_trunc_cp/t2_a5_customer_day/chicken_fish,model_fits/finalized_redone_trunc_cp/t2_a5_customer_day/total,t2_a5_customer_day,chicken_fish,NA,restaurant,9XKJD8DQTH559,level,exposure_9XKJD8DQTH559_2,matched_restaurant,-0.0775443943272,-0.0679442675,-0.29974091725,-0.17271210244,0.01916867216,0.089072623225
model_fits/finalized_redone_trunc_cp/t2_a5_customer_day/chicken_fish,model_fits/finalized_redone_trunc_cp/t2_a5_customer_day/total,t2_a5_customer_day,chicken_fish,NA,restaurant,LQ5EH4BKGV61T,level,exposure_LQ5EH4BKGV61T_1,matched_restaurant,-0.0637079040813333,-0.0735605085,-0.251342786,-0.1462159196,0.02145005868,0.169726587925
model_fits/finalized_redone_trunc_cp/t2_a5_customer_day/chicken_fish,model_fits/finalized_redone_trunc_cp/t2_a5_customer_day/total,t2_a5_customer_day,chicken_fish,NA,restaurant,78AY09MVJVTYE,level,exposure_78AY09MVJVTYE_1,matched_restaurant,-0.0120299491154333,-0.005803728,-0.204999362025,-0.08778588896,0.06719993844,0.13683869815
model_fits/finalized_redone_trunc_cp/t2_a5_customer_day/chicken_fish,model_fits/finalized_redone_trunc_cp/t2_a5_customer_day/total,t2_a5_customer_day,chicken_fish,NA,restaurant,SRQS8F7JWA9MZ,slope,exposure_SRQS8F7JWA9MZ_1_slope,matched_restaurant,0.0797252904988083,0.07317675182,-0.0963351017335,0.0148708160576,0.1451629312012,0.28677574688175
model_fits/finalized_redone_trunc_cp/t2_a5_customer_day/chicken_fish,model_fits/finalized_redone_trunc_cp/t2_a5_customer_day/total,t2_a5_customer_day,chicken_fish,NA,restaurant,SRQS8F7JWA9MZ,slope,exposure_SRQS8F7JWA9MZ_2_slope,matched_restaurant,0.0566886388914752,0.061771568182,-0.14906258173585,-0.00909513559631998,0.122057788097908,0.237544610208825
model_fits/finalized_redone_trunc_cp/t2_a5_customer_day/chicken_fish,model_fits/finalized_redone_trunc_cp/t2_a5_customer_day/total,t2_a5_customer_day,chicken_fish,NA,restaurant,2HRX9P6HKXA8V,slope,exposure_2HRX9P6HKXA8V_1_slope,matched_restaurant,0.0185630344317007,-0.00022688595,-0.18137017375,-0.1251427488,0.1820709868,0.241582407
model_fits/finalized_redone_trunc_cp/t2_a5_customer_day/chicken_fish,model_fits/finalized_redone_trunc_cp/t2_a5_customer_day/total,t2_a5_customer_day,chicken_fish,NA,restaurant,L69HYJ4Y3TR91,slope,exposure_L69HYJ4Y3TR91_1_slope,matched_restaurant,-0.141668040179433,-0.16237723,-0.5177365235,-0.3644561544,0.1106151864,0.271297125
model_fits/finalized_redone_trunc_cp/t2_a5_customer_day/chicken_fish,model_fits/finalized_redone_trunc_cp/t2_a5_customer_day/total,t2_a5_customer_day,chicken_fish,NA,restaurant,ED5J990H5VAZT,slope,exposure_ED5J990H5VAZT_1_slope,matched_restaurant,0.00648615227756667,0.009254861,-0.112763483375,-0.05843053896,0.06980270536,0.11599822715
model_fits/finalized_redone_trunc_cp/t2_a5_customer_day/chicken_fish,model_fits/finalized_redone_trunc_cp/t2_a5_customer_day/total,t2_a5_customer_day,chicken_fish,NA,restaurant,W8T41JZK0ZMEP,slope,exposure_W8T41JZK0ZMEP_1_slope,matched_restaurant,-0.1254627988962,-0.0939896555,-0.42866202675,-0.2909219964,0.00185014776,0.1734400614
model_fits/finalized_redone_trunc_cp/t2_a5_customer_day/chicken_fish,model_fits/finalized_redone_trunc_cp/t2_a5_customer_day/total,t2_a5_customer_day,chicken_fish,NA,restaurant,W8T41JZK0ZMEP,slope,exposure_W8T41JZK0ZMEP_2_slope,matched_restaurant,-0.122152126078397,-0.11928056,-0.47530115655,-0.2276326456,0.00524896059199999,0.11572423125
model_fits/finalized_redone_trunc_cp/t2_a5_customer_day/chicken_fish,model_fits/finalized_redone_trunc_cp/t2_a5_customer_day/total,t2_a5_customer_day,chicken_fish,NA,restaurant,W8T41JZK0ZMEP,slope,exposure_W8T41JZK0ZMEP_3_slope,matched_restaurant,0.085595477174,0.073609527,-0.12807937815,0.00177439288,0.16813609892,0.3839424735
model_fits/finalized_redone_trunc_cp/t2_a5_customer_day/chicken_fish,model_fits/finalized_redone_trunc_cp/t2_a5_customer_day/total,t2_a5_customer_day,chicken_fish,NA,restaurant,W8T41JZK0ZMEP,slope,exposure_W8T41JZK0ZMEP_4_slope,matched_restaurant,-0.0394056979745533,-0.000405692000000001,-0.3751656305,-0.2343231164,0.10784568636,0.291487009225
model_fits/finalized_redone_trunc_cp/t2_a5_customer_day/chicken_fish,model_fits/finalized_redone_trunc_cp/t2_a5_customer_day/total,t2_a5_customer_day,chicken_fish,NA,restaurant,W8T41JZK0ZMEP,slope,exposure_W8T41JZK0ZMEP_5_slope,matched_restaurant,0.0325252089395,0.0302197705,-0.222200117275,-0.0665239536,0.13236117388,0.292928124750001
model_fits/finalized_redone_trunc_cp/t2_a5_customer_day/chicken_fish,model_fits/finalized_redone_trunc_cp/t2_a5_customer_day/total,t2_a5_customer_day,chicken_fish,NA,restaurant,EMBVNVD207CC6,slope,exposure_EMBVNVD207CC6_1_slope,matched_restaurant,-0.319378626280333,-0.3090908475,-0.6470593005,-0.5065959616,-0.14243339012,-0.0189095673
model_fits/finalized_redone_trunc_cp/t2_a5_customer_day/chicken_fish,model_fits/finalized_redone_trunc_cp/t2_a5_customer_day/total,t2_a5_customer_day,chicken_fish,NA,restaurant,C0BE4NDSW26QN,slope,exposure_C0BE4NDSW26QN_1_slope,matched_restaurant,0.0161274535272033,0.0565682115,-0.2291704565,-0.152691368,0.12955697024,0.234635168675
model_fits/finalized_redone_trunc_cp/t2_a5_customer_day/chicken_fish,model_fits/finalized_redone_trunc_cp/t2_a5_customer_day/total,t2_a5_customer_day,chicken_fish,NA,restaurant,C0BE4NDSW26QN,slope,exposure_C0BE4NDSW26QN_2_slope,matched_restaurant,0.0795624875656667,0.0905586955,-0.13095508855,-0.00595596799999999,0.1631986628,0.2324884935
model_fits/finalized_redone_trunc_cp/t2_a5_customer_day/chicken_fish,model_fits/finalized_redone_trunc_cp/t2_a5_customer_day/total,t2_a5_customer_day,chicken_fish,NA,restaurant,V3Q26BHF3SE2H,slope,exposure_V3Q26BHF3SE2H_1_slope,matched_restaurant,0.00393638936312,0.0073772725,-0.2626149376,-0.0915754324,0.09958753888,0.261698757225
model_fits/finalized_redone_trunc_cp/t2_a5_customer_day/chicken_fish,model_fits/finalized_redone_trunc_cp/t2_a5_customer_day/total,t2_a5_customer_day,chicken_fish,NA,restaurant,V3Q26BHF3SE2H,slope,exposure_V3Q26BHF3SE2H_2_slope,matched_restaurant,-0.0228931477751,-0.012863589,-0.29755578035,-0.13617626292,0.08910393364,0.22565928835
model_fits/finalized_redone_trunc_cp/t2_a5_customer_day/chicken_fish,model_fits/finalized_redone_trunc_cp/t2_a5_customer_day/total,t2_a5_customer_day,chicken_fish,NA,restaurant,V3Q26BHF3SE2H,slope,exposure_V3Q26BHF3SE2H_3_slope,matched_restaurant,0.0629650249176,0.05074324975,-0.1756511269225,-0.052881257428,0.175427949324,0.351514424
model_fits/finalized_redone_trunc_cp/t2_a5_customer_day/chicken_fish,model_fits/finalized_redone_trunc_cp/t2_a5_customer_day/total,t2_a5_customer_day,chicken_fish,NA,restaurant,V3Q26BHF3SE2H,slope,exposure_V3Q26BHF3SE2H_4_slope,matched_restaurant,-0.0912484659958,-0.0301282815,-0.492285114125,-0.3321893628,0.09865166372,0.230174605225
model_fits/finalized_redone_trunc_cp/t2_a5_customer_day/chicken_fish,model_fits/finalized_redone_trunc_cp/t2_a5_customer_day/total,t2_a5_customer_day,chicken_fish,NA,restaurant,LBZEEFSBJNB3Z,slope,exposure_LBZEEFSBJNB3Z_1_slope,matched_restaurant,0.0692693829442333,0.0619336,-0.125408876225,-0.04662690232,0.18777688856,0.31555864045
model_fits/finalized_redone_trunc_cp/t2_a5_customer_day/chicken_fish,model_fits/finalized_redone_trunc_cp/t2_a5_customer_day/total,t2_a5_customer_day,chicken_fish,NA,restaurant,SAFK7ND1HR6XS,slope,exposure_SAFK7ND1HR6XS_1_slope,matched_restaurant,-0.0226175584084333,-0.02867003,-0.34957323425,-0.1957869964,0.170565304,0.29634294125
model_fits/finalized_redone_trunc_cp/t2_a5_customer_day/chicken_fish,model_fits/finalized_redone_trunc_cp/t2_a5_customer_day/total,t2_a5_customer_day,chicken_fish,NA,restaurant,S8MT0YGD2KTN9,slope,exposure_S8MT0YGD2KTN9_1_slope,matched_restaurant,0.0850367412033,0.0249408825,-0.11281688655,-0.05509598784,0.2849045344,0.374833462
model_fits/finalized_redone_trunc_cp/t2_a5_customer_day/chicken_fish,model_fits/finalized_redone_trunc_cp/t2_a5_customer_day/total,t2_a5_customer_day,chicken_fish,NA,restaurant,1SQPTEGYPH0GA,slope,exposure_1SQPTEGYPH0GA_1_slope,matched_restaurant,-0.184384825800767,-0.186249614,-0.43636673715,-0.32087952624,-0.04437702168,0.0619703456000001
model_fits/finalized_redone_trunc_cp/t2_a5_customer_day/chicken_fish,model_fits/finalized_redone_trunc_cp/t2_a5_customer_day/total,t2_a5_customer_day,chicken_fish,NA,restaurant,9XKJD8DQTH559,slope,exposure_9XKJD8DQTH559_1_slope,matched_restaurant,-0.0176177125537667,-0.049740691,-0.315694976425,-0.17053631332,0.171744032,0.30536771125
model_fits/finalized_redone_trunc_cp/t2_a5_customer_day/chicken_fish,model_fits/finalized_redone_trunc_cp/t2_a5_customer_day/total,t2_a5_customer_day,chicken_fish,NA,restaurant,9XKJD8DQTH559,slope,exposure_9XKJD8DQTH559_2_slope,matched_restaurant,0.0302618952086667,0.0033899615,-0.2852361606,-0.14543340312,0.23354180156,0.370581952
model_fits/finalized_redone_trunc_cp/t2_a5_customer_day/chicken_fish,model_fits/finalized_redone_trunc_cp/t2_a5_customer_day/total,t2_a5_customer_day,chicken_fish,NA,restaurant,LQ5EH4BKGV61T,slope,exposure_LQ5EH4BKGV61T_1_slope,matched_restaurant,0.1140349245356,0.151776735,-0.259894807125,-0.10332114772,0.2986138564,0.465079044
model_fits/finalized_redone_trunc_cp/t2_a5_customer_day/chicken_fish,model_fits/finalized_redone_trunc_cp/t2_a5_customer_day/total,t2_a5_customer_day,chicken_fish,NA,restaurant,78AY09MVJVTYE,slope,exposure_78AY09MVJVTYE_1_slope,matched_restaurant,0.0222442919277041,0.0204103052655,-0.0714925327173,-0.02466527680664,0.0705988252,0.1186750616
model_fits/finalized_redone_trunc_cp/t2_a5_customer_day/chicken_fish,model_fits/finalized_redone_trunc_cp/t2_a5_customer_day/total,t2_a5_customer_day,chicken_fish,NA,restaurant,SRQS8F7JWA9MZ,gender_male,exposure_SRQS8F7JWA9MZ_1_gendermale,matched_restaurant,-0.0995465641948443,-0.0965255221628,-0.267392756752989,-0.182433349488281,-0.015904422793576,0.0503091054494075
model_fits/finalized_redone_trunc_cp/t2_a5_customer_day/chicken_fish,model_fits/finalized_redone_trunc_cp/t2_a5_customer_day/total,t2_a5_customer_day,chicken_fish,NA,restaurant,SRQS8F7JWA9MZ,gender_female,exposure_SRQS8F7JWA9MZ_1_genderfemale,matched_restaurant,0.0853348558498881,0.0793099840108,-0.0673373685295475,0.006353017541052,0.169197605539072,0.253118102970375
model_fits/finalized_redone_trunc_cp/t2_a5_customer_day/chicken_fish,model_fits/finalized_redone_trunc_cp/t2_a5_customer_day/total,t2_a5_customer_day,chicken_fish,NA,restaurant,SRQS8F7JWA9MZ,gender_male,exposure_SRQS8F7JWA9MZ_2_gendermale,matched_restaurant,0.13145925797877,0.1285662322385,-0.0216454814949127,0.044716406718944,0.215052236671132,0.311732278262663
model_fits/finalized_redone_trunc_cp/t2_a5_customer_day/chicken_fish,model_fits/finalized_redone_trunc_cp/t2_a5_customer_day/total,t2_a5_customer_day,chicken_fish,NA,restaurant,SRQS8F7JWA9MZ,gender_female,exposure_SRQS8F7JWA9MZ_2_genderfemale,matched_restaurant,-0.0403200013821653,-0.037557043957041,-0.213061681548905,-0.13018794195112,0.045651995203224,0.118962848564035
model_fits/finalized_redone_trunc_cp/t2_a5_customer_day/chicken_fish,model_fits/finalized_redone_trunc_cp/t2_a5_customer_day/total,t2_a5_customer_day,chicken_fish,NA,restaurant,2HRX9P6HKXA8V,gender_male,exposure_2HRX9P6HKXA8V_1_gendermale,matched_restaurant,-0.0645546801175167,-0.0612044575,-0.2360769755,-0.14180138984,0.01042062836,0.0924456109000001
model_fits/finalized_redone_trunc_cp/t2_a5_customer_day/chicken_fish,model_fits/finalized_redone_trunc_cp/t2_a5_customer_day/total,t2_a5_customer_day,chicken_fish,NA,restaurant,2HRX9P6HKXA8V,gender_female,exposure_2HRX9P6HKXA8V_1_genderfemale,matched_restaurant,0.204947420396333,0.206734547,0.0137899383,0.10578835688,0.30334443968,0.4021599452
model_fits/finalized_redone_trunc_cp/t2_a5_customer_day/chicken_fish,model_fits/finalized_redone_trunc_cp/t2_a5_customer_day/total,t2_a5_customer_day,chicken_fish,NA,restaurant,L69HYJ4Y3TR91,gender_male,exposure_L69HYJ4Y3TR91_1_gendermale,matched_restaurant,-0.156999979961167,-0.15246538,-0.431028833375,-0.30064028944,-0.01331651304,0.10457035725
model_fits/finalized_redone_trunc_cp/t2_a5_customer_day/chicken_fish,model_fits/finalized_redone_trunc_cp/t2_a5_customer_day/total,t2_a5_customer_day,chicken_fish,NA,restaurant,L69HYJ4Y3TR91,gender_female,exposure_L69HYJ4Y3TR91_1_genderfemale,matched_restaurant,-0.0797199359042333,-0.0818932875,-0.27033985475,-0.1735788356,0.01695509608,0.106113834775
model_fits/finalized_redone_trunc_cp/t2_a5_customer_day/chicken_fish,model_fits/finalized_redone_trunc_cp/t2_a5_customer_day/total,t2_a5_customer_day,chicken_fish,NA,restaurant,ED5J990H5VAZT,gender_male,exposure_ED5J990H5VAZT_1_gendermale,matched_restaurant,-0.00529490673226667,-0.007477745,-0.066057154825,-0.04009379228,0.03213565262,0.0590332927225
model_fits/finalized_redone_trunc_cp/t2_a5_customer_day/chicken_fish,model_fits/finalized_redone_trunc_cp/t2_a5_customer_day/total,t2_a5_customer_day,chicken_fish,NA,restaurant,ED5J990H5VAZT,gender_female,exposure_ED5J990H5VAZT_1_genderfemale,matched_restaurant,-0.0486772384469333,-0.04803564225,-0.10566964855,-0.07810832436,-0.01930243188,0.00222820607
model_fits/finalized_redone_trunc_cp/t2_a5_customer_day/chicken_fish,model_fits/finalized_redone_trunc_cp/t2_a5_customer_day/total,t2_a5_customer_day,chicken_fish,NA,restaurant,W8T41JZK0ZMEP,gender_male,exposure_W8T41JZK0ZMEP_1_gendermale,matched_restaurant,0.405338280794,0.335016668,-0.18338623125,0.00480120760000001,0.83867321488,1.13424469375
model_fits/finalized_redone_trunc_cp/t2_a5_customer_day/chicken_fish,model_fits/finalized_redone_trunc_cp/t2_a5_customer_day/total,t2_a5_customer_day,chicken_fish,NA,restaurant,W8T41JZK0ZMEP,gender_female,exposure_W8T41JZK0ZMEP_1_genderfemale,matched_restaurant,0.0393196949109333,0.04151237,-0.30192297825,-0.1316510304,0.206874004064,0.3692739926625
model_fits/finalized_redone_trunc_cp/t2_a5_customer_day/chicken_fish,model_fits/finalized_redone_trunc_cp/t2_a5_customer_day/total,t2_a5_customer_day,chicken_fish,NA,restaurant,W8T41JZK0ZMEP,gender_male,exposure_W8T41JZK0ZMEP_2_gendermale,matched_restaurant,0.288206018005333,0.279679219,0.0234688797,0.13844808828,0.4414202732,0.58988588375
model_fits/finalized_redone_trunc_cp/t2_a5_customer_day/chicken_fish,model_fits/finalized_redone_trunc_cp/t2_a5_customer_day/total,t2_a5_customer_day,chicken_fish,NA,restaurant,W8T41JZK0ZMEP,gender_female,exposure_W8T41JZK0ZMEP_2_genderfemale,matched_restaurant,-0.147981813772733,-0.1511588,-0.4371817535,-0.3088280776,0.0217003575199999,0.146227017925
model_fits/finalized_redone_trunc_cp/t2_a5_customer_day/chicken_fish,model_fits/finalized_redone_trunc_cp/t2_a5_customer_day/total,t2_a5_customer_day,chicken_fish,NA,restaurant,W8T41JZK0ZMEP,gender_male,exposure_W8T41JZK0ZMEP_3_gendermale,matched_restaurant,-0.222240614389233,-0.22117845,-0.61274999225,-0.4289206084,-0.01612384896,0.1422789687
model_fits/finalized_redone_trunc_cp/t2_a5_customer_day/chicken_fish,model_fits/finalized_redone_trunc_cp/t2_a5_customer_day/total,t2_a5_customer_day,chicken_fish,NA,restaurant,W8T41JZK0ZMEP,gender_female,exposure_W8T41JZK0ZMEP_3_genderfemale,matched_restaurant,0.105860522297,0.11206119,-0.16402350125,-0.0212805088,0.2296210832,0.34475355475
model_fits/finalized_redone_trunc_cp/t2_a5_customer_day/chicken_fish,model_fits/finalized_redone_trunc_cp/t2_a5_customer_day/total,t2_a5_customer_day,chicken_fish,NA,restaurant,W8T41JZK0ZMEP,gender_male,exposure_W8T41JZK0ZMEP_4_gendermale,matched_restaurant,0.238391032908167,0.234125346,-0.016654919975,0.11331300656,0.3651232696,0.50749430025
model_fits/finalized_redone_trunc_cp/t2_a5_customer_day/chicken_fish,model_fits/finalized_redone_trunc_cp/t2_a5_customer_day/total,t2_a5_customer_day,chicken_fish,NA,restaurant,W8T41JZK0ZMEP,gender_female,exposure_W8T41JZK0ZMEP_4_genderfemale,matched_restaurant,0.183760101134233,0.1759591065,-0.071416735425,0.0583248004,0.31431764276,0.47407574825
model_fits/finalized_redone_trunc_cp/t2_a5_customer_day/chicken_fish,model_fits/finalized_redone_trunc_cp/t2_a5_customer_day/total,t2_a5_customer_day,chicken_fish,NA,restaurant,W8T41JZK0ZMEP,gender_male,exposure_W8T41JZK0ZMEP_5_gendermale,matched_restaurant,-0.280108238395667,-0.251100535,-0.908161601,-0.6017127552,0.0284602935599999,0.18471208175
model_fits/finalized_redone_trunc_cp/t2_a5_customer_day/chicken_fish,model_fits/finalized_redone_trunc_cp/t2_a5_customer_day/total,t2_a5_customer_day,chicken_fish,NA,restaurant,W8T41JZK0ZMEP,gender_female,exposure_W8T41JZK0ZMEP_5_genderfemale,matched_restaurant,0.0597771770070333,0.047582337,-0.27029298525,-0.1234639184,0.23833863848,0.47141411505
model_fits/finalized_redone_trunc_cp/t2_a5_customer_day/chicken_fish,model_fits/finalized_redone_trunc_cp/t2_a5_customer_day/total,t2_a5_customer_day,chicken_fish,NA,restaurant,EMBVNVD207CC6,gender_male,exposure_EMBVNVD207CC6_1_gendermale,matched_restaurant,0.0259452341696,0.0234975795,-0.1678584848875,-0.07965102192,0.1318931352,0.22477041275
model_fits/finalized_redone_trunc_cp/t2_a5_customer_day/chicken_fish,model_fits/finalized_redone_trunc_cp/t2_a5_customer_day/total,t2_a5_customer_day,chicken_fish,NA,restaurant,EMBVNVD207CC6,gender_female,exposure_EMBVNVD207CC6_1_genderfemale,matched_restaurant,0.0655042319553333,0.0286417345,-0.28871402825,-0.15347752128,0.3177722288,0.48665036
model_fits/finalized_redone_trunc_cp/t2_a5_customer_day/chicken_fish,model_fits/finalized_redone_trunc_cp/t2_a5_customer_day/total,t2_a5_customer_day,chicken_fish,NA,restaurant,C0BE4NDSW26QN,gender_male,exposure_C0BE4NDSW26QN_1_gendermale,matched_restaurant,-0.0302664360953333,0.002869845,-0.4831504875,-0.2771681748,0.18788499,0.394868296
model_fits/finalized_redone_trunc_cp/t2_a5_customer_day/chicken_fish,model_fits/finalized_redone_trunc_cp/t2_a5_customer_day/total,t2_a5_customer_day,chicken_fish,NA,restaurant,C0BE4NDSW26QN,gender_female,exposure_C0BE4NDSW26QN_1_genderfemale,matched_restaurant,-0.0871348055621667,-0.0849184075,-0.6541313315,-0.2890004414,0.11409353664,0.43145654025
model_fits/finalized_redone_trunc_cp/t2_a5_customer_day/chicken_fish,model_fits/finalized_redone_trunc_cp/t2_a5_customer_day/total,t2_a5_customer_day,chicken_fish,NA,restaurant,C0BE4NDSW26QN,gender_male,exposure_C0BE4NDSW26QN_2_gendermale,matched_restaurant,-0.0823848685493333,-0.09008207,-0.458869789775,-0.2653841552,0.1045417936,0.3037167948
model_fits/finalized_redone_trunc_cp/t2_a5_customer_day/chicken_fish,model_fits/finalized_redone_trunc_cp/t2_a5_customer_day/total,t2_a5_customer_day,chicken_fish,NA,restaurant,C0BE4NDSW26QN,gender_female,exposure_C0BE4NDSW26QN_2_genderfemale,matched_restaurant,-0.113264180261133,-0.11526857125,-0.6298943421275,-0.317074465316,0.08070629876,0.4416907457
model_fits/finalized_redone_trunc_cp/t2_a5_customer_day/chicken_fish,model_fits/finalized_redone_trunc_cp/t2_a5_customer_day/total,t2_a5_customer_day,chicken_fish,NA,restaurant,V3Q26BHF3SE2H,gender_male,exposure_V3Q26BHF3SE2H_1_gendermale,matched_restaurant,-0.0474923040092667,-0.0510502705,-0.348947188,-0.1987660856,0.1068549728,0.2615235849
model_fits/finalized_redone_trunc_cp/t2_a5_customer_day/chicken_fish,model_fits/finalized_redone_trunc_cp/t2_a5_customer_day/total,t2_a5_customer_day,chicken_fish,NA,restaurant,V3Q26BHF3SE2H,gender_female,exposure_V3Q26BHF3SE2H_1_genderfemale,matched_restaurant,0.157864546713,0.1585616745,-0.24607200725,-0.0659791544,0.378068275808,0.57364945445
model_fits/finalized_redone_trunc_cp/t2_a5_customer_day/chicken_fish,model_fits/finalized_redone_trunc_cp/t2_a5_customer_day/total,t2_a5_customer_day,chicken_fish,NA,restaurant,V3Q26BHF3SE2H,gender_male,exposure_V3Q26BHF3SE2H_2_gendermale,matched_restaurant,0.0615426363030667,-0.0099947065,-0.303225016025,-0.16818042224,0.3633055,0.51089982575
model_fits/finalized_redone_trunc_cp/t2_a5_customer_day/chicken_fish,model_fits/finalized_redone_trunc_cp/t2_a5_customer_day/total,t2_a5_customer_day,chicken_fish,NA,restaurant,V3Q26BHF3SE2H,gender_female,exposure_V3Q26BHF3SE2H_2_genderfemale,matched_restaurant,-0.126691778648977,-0.12112975135,-0.449282718525,-0.2793011808,0.0254717675359999,0.150873890805
model_fits/finalized_redone_trunc_cp/t2_a5_customer_day/chicken_fish,model_fits/finalized_redone_trunc_cp/t2_a5_customer_day/total,t2_a5_customer_day,chicken_fish,NA,restaurant,V3Q26BHF3SE2H,gender_male,exposure_V3Q26BHF3SE2H_3_gendermale,matched_restaurant,-0.0688971119622667,-0.072389064,-0.25692595255,-0.164919707,0.03021738424,0.137084349775
model_fits/finalized_redone_trunc_cp/t2_a5_customer_day/chicken_fish,model_fits/finalized_redone_trunc_cp/t2_a5_customer_day/total,t2_a5_customer_day,chicken_fish,NA,restaurant,V3Q26BHF3SE2H,gender_female,exposure_V3Q26BHF3SE2H_3_genderfemale,matched_restaurant,-0.0353183467399967,-0.05878209567,-0.2845089284155,-0.1826430629016,0.14221386808,0.25790781975
model_fits/finalized_redone_trunc_cp/t2_a5_customer_day/chicken_fish,model_fits/finalized_redone_trunc_cp/t2_a5_customer_day/total,t2_a5_customer_day,chicken_fish,NA,restaurant,V3Q26BHF3SE2H,gender_male,exposure_V3Q26BHF3SE2H_4_gendermale,matched_restaurant,-0.2308760548864,-0.186848035,-0.620628129,-0.4906704268,-0.01744898624,0.105550079675
model_fits/finalized_redone_trunc_cp/t2_a5_customer_day/chicken_fish,model_fits/finalized_redone_trunc_cp/t2_a5_customer_day/total,t2_a5_customer_day,chicken_fish,NA,restaurant,V3Q26BHF3SE2H,gender_female,exposure_V3Q26BHF3SE2H_4_genderfemale,matched_restaurant,-0.149694492602233,-0.14666882145,-0.4052420089225,-0.28504288332,-0.01682223198,0.0974189498250001
model_fits/finalized_redone_trunc_cp/t2_a5_customer_day/chicken_fish,model_fits/finalized_redone_trunc_cp/t2_a5_customer_day/total,t2_a5_customer_day,chicken_fish,NA,restaurant,LBZEEFSBJNB3Z,gender_male,exposure_LBZEEFSBJNB3Z_1_gendermale,matched_restaurant,0.103411314612333,0.117290048,-0.137689879,-0.0450005812,0.22946953844,0.3172730009
model_fits/finalized_redone_trunc_cp/t2_a5_customer_day/chicken_fish,model_fits/finalized_redone_trunc_cp/t2_a5_customer_day/total,t2_a5_customer_day,chicken_fish,NA,restaurant,LBZEEFSBJNB3Z,gender_female,exposure_LBZEEFSBJNB3Z_1_genderfemale,matched_restaurant,-0.128423684691667,-0.0710865975,-0.477287227,-0.3814643264,0.0684361528,0.15771248075
model_fits/finalized_redone_trunc_cp/t2_a5_customer_day/chicken_fish,model_fits/finalized_redone_trunc_cp/t2_a5_customer_day/total,t2_a5_customer_day,chicken_fish,NA,restaurant,SAFK7ND1HR6XS,gender_male,exposure_SAFK7ND1HR6XS_1_gendermale,matched_restaurant,0.0689393190571333,0.0693176995,-0.113594593075,-0.02187272456,0.16159980316,0.239136453
model_fits/finalized_redone_trunc_cp/t2_a5_customer_day/chicken_fish,model_fits/finalized_redone_trunc_cp/t2_a5_customer_day/total,t2_a5_customer_day,chicken_fish,NA,restaurant,SAFK7ND1HR6XS,gender_female,exposure_SAFK7ND1HR6XS_1_genderfemale,matched_restaurant,-0.0911399462197667,-0.0897684985,-0.2899487415,-0.19506251748,0.011624265,0.112992338975
model_fits/finalized_redone_trunc_cp/t2_a5_customer_day/chicken_fish,model_fits/finalized_redone_trunc_cp/t2_a5_customer_day/total,t2_a5_customer_day,chicken_fish,NA,restaurant,S8MT0YGD2KTN9,gender_male,exposure_S8MT0YGD2KTN9_1_gendermale,matched_restaurant,0.0444476111502667,0.039700104,-0.11842595215,-0.03690489712,0.13080532064,0.22117342395
model_fits/finalized_redone_trunc_cp/t2_a5_customer_day/chicken_fish,model_fits/finalized_redone_trunc_cp/t2_a5_customer_day/total,t2_a5_customer_day,chicken_fish,NA,restaurant,S8MT0YGD2KTN9,gender_female,exposure_S8MT0YGD2KTN9_1_genderfemale,matched_restaurant,-0.0849524255055333,-0.0855076,-0.32600410375,-0.2118628772,0.04334872192,0.16352796945
model_fits/finalized_redone_trunc_cp/t2_a5_customer_day/chicken_fish,model_fits/finalized_redone_trunc_cp/t2_a5_customer_day/total,t2_a5_customer_day,chicken_fish,NA,restaurant,1SQPTEGYPH0GA,gender_male,exposure_1SQPTEGYPH0GA_1_gendermale,matched_restaurant,-0.146791988479967,-0.138941522,-0.383554249775,-0.25225038744,-0.041426928,0.04377291125
model_fits/finalized_redone_trunc_cp/t2_a5_customer_day/chicken_fish,model_fits/finalized_redone_trunc_cp/t2_a5_customer_day/total,t2_a5_customer_day,chicken_fish,NA,restaurant,1SQPTEGYPH0GA,gender_female,exposure_1SQPTEGYPH0GA_1_genderfemale,matched_restaurant,0.393415181613,0.39120162,0.07786483275,0.2346404492,0.55262990568,0.699476377625
model_fits/finalized_redone_trunc_cp/t2_a5_customer_day/chicken_fish,model_fits/finalized_redone_trunc_cp/t2_a5_customer_day/total,t2_a5_customer_day,chicken_fish,NA,restaurant,9XKJD8DQTH559,gender_male,exposure_9XKJD8DQTH559_1_gendermale,matched_restaurant,-0.135861532679,-0.1249776135,-0.62271526475,-0.3935113306,0.1198104236,0.31812495575
model_fits/finalized_redone_trunc_cp/t2_a5_customer_day/chicken_fish,model_fits/finalized_redone_trunc_cp/t2_a5_customer_day/total,t2_a5_customer_day,chicken_fish,NA,restaurant,9XKJD8DQTH559,gender_female,exposure_9XKJD8DQTH559_1_genderfemale,matched_restaurant,0.516707614168,0.4740987725,-0.1775645475,0.10905232336,0.9442737176,1.40195572775
model_fits/finalized_redone_trunc_cp/t2_a5_customer_day/chicken_fish,model_fits/finalized_redone_trunc_cp/t2_a5_customer_day/total,t2_a5_customer_day,chicken_fish,NA,restaurant,9XKJD8DQTH559,gender_male,exposure_9XKJD8DQTH559_2_gendermale,matched_restaurant,-0.2619203653656,-0.2589136959,-0.58373854,-0.4225513304,-0.106916283568,0.0597149847500002
model_fits/finalized_redone_trunc_cp/t2_a5_customer_day/chicken_fish,model_fits/finalized_redone_trunc_cp/t2_a5_customer_day/total,t2_a5_customer_day,chicken_fish,NA,restaurant,9XKJD8DQTH559,gender_female,exposure_9XKJD8DQTH559_2_genderfemale,matched_restaurant,-0.6229364058022,-0.58293982,-1.492672034,-1.0502695508,-0.2181881672,0.0996645307500002
model_fits/finalized_redone_trunc_cp/t2_a5_customer_day/chicken_fish,model_fits/finalized_redone_trunc_cp/t2_a5_customer_day/total,t2_a5_customer_day,chicken_fish,NA,restaurant,LQ5EH4BKGV61T,gender_male,exposure_LQ5EH4BKGV61T_1_gendermale,matched_restaurant,0.0014261651866,0.0249378205,-0.369685224,-0.18632896212,0.16375062172,0.33924386005
model_fits/finalized_redone_trunc_cp/t2_a5_customer_day/chicken_fish,model_fits/finalized_redone_trunc_cp/t2_a5_customer_day/total,t2_a5_customer_day,chicken_fish,NA,restaurant,LQ5EH4BKGV61T,gender_female,exposure_LQ5EH4BKGV61T_1_genderfemale,matched_restaurant,-0.0059096382495,-0.018113415,-0.5335230125,-0.2877354624,0.2795399704,0.57419701275
model_fits/finalized_redone_trunc_cp/t2_a5_customer_day/chicken_fish,model_fits/finalized_redone_trunc_cp/t2_a5_customer_day/total,t2_a5_customer_day,chicken_fish,NA,restaurant,78AY09MVJVTYE,gender_male,exposure_78AY09MVJVTYE_1_gendermale,matched_restaurant,0.0905784235019,0.0826034489,-0.0911767027,-0.01758826248,0.201740189432,0.3079062545025
model_fits/finalized_redone_trunc_cp/t2_a5_customer_day/chicken_fish,model_fits/finalized_redone_trunc_cp/t2_a5_customer_day/total,t2_a5_customer_day,chicken_fish,NA,restaurant,78AY09MVJVTYE,gender_female,exposure_78AY09MVJVTYE_1_genderfemale,matched_restaurant,-0.323872872777333,-0.322498776,-0.581051827125,-0.4535481842,-0.19654126896,-0.0759509945249999
model_fits/finalized_redone_trunc_cp/t2_a5_customer_day/chicken_fish,model_fits/finalized_redone_trunc_cp/t2_a5_customer_day/total,t2_a5_customer_day,chicken_fish,1,pooled,NA,level,NA,mu_gamma_total,0.0450255218445,0.0639502,-0.0860232377,-0.0367709474,0.11137872104,0.14557795025
model_fits/finalized_redone_trunc_cp/t2_a5_customer_day/chicken_fish,model_fits/finalized_redone_trunc_cp/t2_a5_customer_day/total,t2_a5_customer_day,chicken_fish,2,pooled,NA,slope,NA,mu_gamma_total,0.00313537470013667,-0.012819615,-0.12711970835,-0.07152331148,0.0992128836,0.1576893895
model_fits/finalized_redone_trunc_cp/t2_a5_customer_day/chicken_fish,model_fits/finalized_redone_trunc_cp/t2_a5_customer_day/total,t2_a5_customer_day,chicken_fish,3,pooled,NA,gender_male,NA,mu_gamma_total,0.00643724567362,0.00811173686,-0.099661269525,-0.04051083416,0.05555708116,0.10311897835
model_fits/finalized_redone_trunc_cp/t2_a5_customer_day/chicken_fish,model_fits/finalized_redone_trunc_cp/t2_a5_customer_day/total,t2_a5_customer_day,chicken_fish,4,pooled,NA,gender_female,NA,mu_gamma_total,-0.0412862321174467,-0.042638408,-0.188916991025,-0.11083607836,0.02995879092,0.112508534375
model_fits/finalized_redone_trunc_cp/t2_a5_customer_day/meat,model_fits/finalized_redone_trunc_cp/t2_a5_customer_day/total,t2_a5_customer_day,meat,NA,restaurant,SRQS8F7JWA9MZ,level,exposure_SRQS8F7JWA9MZ_1,matched_restaurant,-0.00582788000778833,-0.0063867385,-0.158042976025,-0.080815238,0.07084079144,0.1465064661
model_fits/finalized_redone_trunc_cp/t2_a5_customer_day/meat,model_fits/finalized_redone_trunc_cp/t2_a5_customer_day/total,t2_a5_customer_day,meat,NA,restaurant,SRQS8F7JWA9MZ,level,exposure_SRQS8F7JWA9MZ_2,matched_restaurant,-0.0625731590880437,-0.061737645,-0.20817152375,-0.1384460412,0.01053913468,0.0905184866250001
model_fits/finalized_redone_trunc_cp/t2_a5_customer_day/meat,model_fits/finalized_redone_trunc_cp/t2_a5_customer_day/total,t2_a5_customer_day,meat,NA,restaurant,2HRX9P6HKXA8V,level,exposure_2HRX9P6HKXA8V_1,matched_restaurant,-0.0271848014538309,-0.025004217,-0.19926339625,-0.10912536548,0.05372567604,0.1404856525
model_fits/finalized_redone_trunc_cp/t2_a5_customer_day/meat,model_fits/finalized_redone_trunc_cp/t2_a5_customer_day/total,t2_a5_customer_day,meat,NA,restaurant,L69HYJ4Y3TR91,level,exposure_L69HYJ4Y3TR91_1,matched_restaurant,-0.0257261138962953,-0.023138806,-0.216960313925,-0.10651930696,0.05745651408,0.148716648575
model_fits/finalized_redone_trunc_cp/t2_a5_customer_day/meat,model_fits/finalized_redone_trunc_cp/t2_a5_customer_day/total,t2_a5_customer_day,meat,NA,restaurant,ED5J990H5VAZT,level,exposure_ED5J990H5VAZT_1,matched_restaurant,0.00670324926882737,0.0065121885,-0.07551113795,-0.03396893976,0.048106766792,0.08911173215
model_fits/finalized_redone_trunc_cp/t2_a5_customer_day/meat,model_fits/finalized_redone_trunc_cp/t2_a5_customer_day/total,t2_a5_customer_day,meat,NA,restaurant,W8T41JZK0ZMEP,level,exposure_W8T41JZK0ZMEP_1,matched_restaurant,0.0561946330713593,0.051088165,-0.113026677,-0.039270121528,0.1485214996,0.26317050575
model_fits/finalized_redone_trunc_cp/t2_a5_customer_day/meat,model_fits/finalized_redone_trunc_cp/t2_a5_customer_day/total,t2_a5_customer_day,meat,NA,restaurant,W8T41JZK0ZMEP,level,exposure_W8T41JZK0ZMEP_2,matched_restaurant,-0.209098290439707,-0.20409315,-0.38560705575,-0.2927363592,-0.12502728564,-0.0573763746574998
model_fits/finalized_redone_trunc_cp/t2_a5_customer_day/meat,model_fits/finalized_redone_trunc_cp/t2_a5_customer_day/total,t2_a5_customer_day,meat,NA,restaurant,W8T41JZK0ZMEP,level,exposure_W8T41JZK0ZMEP_3,matched_restaurant,-0.0422473549449347,-0.04293847435,-0.206104003975,-0.11901443788,0.03661152096,0.1141228065
model_fits/finalized_redone_trunc_cp/t2_a5_customer_day/meat,model_fits/finalized_redone_trunc_cp/t2_a5_customer_day/total,t2_a5_customer_day,meat,NA,restaurant,W8T41JZK0ZMEP,level,exposure_W8T41JZK0ZMEP_4,matched_restaurant,-0.0807587458208083,-0.0809311045,-0.25291272925,-0.15629964508,-0.00468433972000002,0.081390408505
model_fits/finalized_redone_trunc_cp/t2_a5_customer_day/meat,model_fits/finalized_redone_trunc_cp/t2_a5_customer_day/total,t2_a5_customer_day,meat,NA,restaurant,W8T41JZK0ZMEP,level,exposure_W8T41JZK0ZMEP_5,matched_restaurant,-0.124586552124662,-0.123086887,-0.323181186,-0.21852065,-0.031527031764,0.0644236077500001
model_fits/finalized_redone_trunc_cp/t2_a5_customer_day/meat,model_fits/finalized_redone_trunc_cp/t2_a5_customer_day/total,t2_a5_customer_day,meat,NA,restaurant,EMBVNVD207CC6,level,exposure_EMBVNVD207CC6_1,matched_restaurant,-0.135367581678755,-0.11392342,-0.42882674625,-0.2667104396,-0.015337957912,0.0680027591750001
model_fits/finalized_redone_trunc_cp/t2_a5_customer_day/meat,model_fits/finalized_redone_trunc_cp/t2_a5_customer_day/total,t2_a5_customer_day,meat,NA,restaurant,C0BE4NDSW26QN,level,exposure_C0BE4NDSW26QN_1,matched_restaurant,0.0333482423697387,0.0347287955,-0.24676546215,-0.08881897244,0.15535664696,0.3197035495
model_fits/finalized_redone_trunc_cp/t2_a5_customer_day/meat,model_fits/finalized_redone_trunc_cp/t2_a5_customer_day/total,t2_a5_customer_day,meat,NA,restaurant,C0BE4NDSW26QN,level,exposure_C0BE4NDSW26QN_2,matched_restaurant,0.0311739120951165,0.03143884875,-0.246031129,-0.09005841828,0.15234409996,0.31269840025
model_fits/finalized_redone_trunc_cp/t2_a5_customer_day/meat,model_fits/finalized_redone_trunc_cp/t2_a5_customer_day/total,t2_a5_customer_day,meat,NA,restaurant,V3Q26BHF3SE2H,level,exposure_V3Q26BHF3SE2H_1,matched_restaurant,0.0438424778192963,0.032279706,-0.14396135675,-0.0578344308,0.1489459668,0.27642941
model_fits/finalized_redone_trunc_cp/t2_a5_customer_day/meat,model_fits/finalized_redone_trunc_cp/t2_a5_customer_day/total,t2_a5_customer_day,meat,NA,restaurant,V3Q26BHF3SE2H,level,exposure_V3Q26BHF3SE2H_2,matched_restaurant,-0.111332694657841,-0.10243927,-0.33944649125,-0.21067741,-0.013571979576,0.068738689775
model_fits/finalized_redone_trunc_cp/t2_a5_customer_day/meat,model_fits/finalized_redone_trunc_cp/t2_a5_customer_day/total,t2_a5_customer_day,meat,NA,restaurant,V3Q26BHF3SE2H,level,exposure_V3Q26BHF3SE2H_3,matched_restaurant,0.029131557928727,0.0264951235,-0.1430245467225,-0.053345188,0.11373501092,0.2052309735
model_fits/finalized_redone_trunc_cp/t2_a5_customer_day/meat,model_fits/finalized_redone_trunc_cp/t2_a5_customer_day/total,t2_a5_customer_day,meat,NA,restaurant,V3Q26BHF3SE2H,level,exposure_V3Q26BHF3SE2H_4,matched_restaurant,-0.09878674810178,-0.094625805,-0.3054046945,-0.1895781032,-0.00894350493600003,0.0841079543500001
model_fits/finalized_redone_trunc_cp/t2_a5_customer_day/meat,model_fits/finalized_redone_trunc_cp/t2_a5_customer_day/total,t2_a5_customer_day,meat,NA,restaurant,LBZEEFSBJNB3Z,level,exposure_LBZEEFSBJNB3Z_1,matched_restaurant,-0.072216174447996,-0.06722082,-0.2892163105,-0.179418842,0.03184475868,0.129818420625
model_fits/finalized_redone_trunc_cp/t2_a5_customer_day/meat,model_fits/finalized_redone_trunc_cp/t2_a5_customer_day/total,t2_a5_customer_day,meat,NA,restaurant,SAFK7ND1HR6XS,level,exposure_SAFK7ND1HR6XS_1,matched_restaurant,0.0228929969491973,0.017184466,-0.151406101925,-0.06434789688,0.11434650084,0.2178817425
model_fits/finalized_redone_trunc_cp/t2_a5_customer_day/meat,model_fits/finalized_redone_trunc_cp/t2_a5_customer_day/total,t2_a5_customer_day,meat,NA,restaurant,S8MT0YGD2KTN9,level,exposure_S8MT0YGD2KTN9_1,matched_restaurant,0.0083855313153043,0.0072902293,-0.23448438325,-0.10956010904,0.12297999532,0.258038414625
model_fits/finalized_redone_trunc_cp/t2_a5_customer_day/meat,model_fits/finalized_redone_trunc_cp/t2_a5_customer_day/total,t2_a5_customer_day,meat,NA,restaurant,1SQPTEGYPH0GA,level,exposure_1SQPTEGYPH0GA_1,matched_restaurant,-0.0343455940663109,-0.0196365135,-0.32791223065,-0.15599155092,0.08442163364,0.18526918625
model_fits/finalized_redone_trunc_cp/t2_a5_customer_day/meat,model_fits/finalized_redone_trunc_cp/t2_a5_customer_day/total,t2_a5_customer_day,meat,NA,restaurant,9XKJD8DQTH559,level,exposure_9XKJD8DQTH559_1,matched_restaurant,-0.04077131134532,-0.0323836216,-0.38934335875,-0.18385632828,0.10272054416,0.259576047
model_fits/finalized_redone_trunc_cp/t2_a5_customer_day/meat,model_fits/finalized_redone_trunc_cp/t2_a5_customer_day/total,t2_a5_customer_day,meat,NA,restaurant,9XKJD8DQTH559,level,exposure_9XKJD8DQTH559_2,matched_restaurant,0.163233664792268,0.14616395,-0.169566706525,-0.02381572716,0.3535403196,0.59013497925
model_fits/finalized_redone_trunc_cp/t2_a5_customer_day/meat,model_fits/finalized_redone_trunc_cp/t2_a5_customer_day/total,t2_a5_customer_day,meat,NA,restaurant,LQ5EH4BKGV61T,level,exposure_LQ5EH4BKGV61T_1,matched_restaurant,-0.0322670977734543,-0.027973898,-0.314827575,-0.147026154388,0.07947016836,0.2386785056
model_fits/finalized_redone_trunc_cp/t2_a5_customer_day/meat,model_fits/finalized_redone_trunc_cp/t2_a5_customer_day/total,t2_a5_customer_day,meat,NA,restaurant,78AY09MVJVTYE,level,exposure_78AY09MVJVTYE_1,matched_restaurant,0.0099795525931,0.003322914,-0.216606321075,-0.0926883866,0.12134842352,0.24802993
model_fits/finalized_redone_trunc_cp/t2_a5_customer_day/meat,model_fits/finalized_redone_trunc_cp/t2_a5_customer_day/total,t2_a5_customer_day,meat,NA,restaurant,SRQS8F7JWA9MZ,slope,exposure_SRQS8F7JWA9MZ_1_slope,matched_restaurant,0.0304393466266327,0.0323818908,-0.2589103615,-0.0750793308,0.13869825032,0.307862336275
model_fits/finalized_redone_trunc_cp/t2_a5_customer_day/meat,model_fits/finalized_redone_trunc_cp/t2_a5_customer_day/total,t2_a5_customer_day,meat,NA,restaurant,SRQS8F7JWA9MZ,slope,exposure_SRQS8F7JWA9MZ_2_slope,matched_restaurant,0.0421534519848597,0.037130016,-0.22379275185,-0.06921874392,0.156215690076,0.3413906165
model_fits/finalized_redone_trunc_cp/t2_a5_customer_day/meat,model_fits/finalized_redone_trunc_cp/t2_a5_customer_day/total,t2_a5_customer_day,meat,NA,restaurant,2HRX9P6HKXA8V,slope,exposure_2HRX9P6HKXA8V_1_slope,matched_restaurant,0.00939644022175567,0.009478223285,-0.102320475775,-0.04721912524,0.06588756384,0.11979325845
model_fits/finalized_redone_trunc_cp/t2_a5_customer_day/meat,model_fits/finalized_redone_trunc_cp/t2_a5_customer_day/total,t2_a5_customer_day,meat,NA,restaurant,L69HYJ4Y3TR91,slope,exposure_L69HYJ4Y3TR91_1_slope,matched_restaurant,0.0832986148440677,0.0780365415,-0.229326290075,-0.07284398912,0.23586313544,0.4341379885
model_fits/finalized_redone_trunc_cp/t2_a5_customer_day/meat,model_fits/finalized_redone_trunc_cp/t2_a5_customer_day/total,t2_a5_customer_day,meat,NA,restaurant,ED5J990H5VAZT,slope,exposure_ED5J990H5VAZT_1_slope,matched_restaurant,0.1322271619857,0.133041305,0.0068585631,0.06998990968,0.1924181224,0.255579184
model_fits/finalized_redone_trunc_cp/t2_a5_customer_day/meat,model_fits/finalized_redone_trunc_cp/t2_a5_customer_day/total,t2_a5_customer_day,meat,NA,restaurant,W8T41JZK0ZMEP,slope,exposure_W8T41JZK0ZMEP_1_slope,matched_restaurant,-0.023054028596722,-0.01676149659,-0.41319201925,-0.1589036668,0.10963626424,0.314701691125
model_fits/finalized_redone_trunc_cp/t2_a5_customer_day/meat,model_fits/finalized_redone_trunc_cp/t2_a5_customer_day/total,t2_a5_customer_day,meat,NA,restaurant,W8T41JZK0ZMEP,slope,exposure_W8T41JZK0ZMEP_2_slope,matched_restaurant,-0.00764515980853533,-0.01264775245,-0.3789455152225,-0.1430540728,0.12174544992,0.41957058325
model_fits/finalized_redone_trunc_cp/t2_a5_customer_day/meat,model_fits/finalized_redone_trunc_cp/t2_a5_customer_day/total,t2_a5_customer_day,meat,NA,restaurant,W8T41JZK0ZMEP,slope,exposure_W8T41JZK0ZMEP_3_slope,matched_restaurant,0.0348078290049837,0.0179770485,-0.28231553905,-0.10263297772,0.168897296548,0.41662058546
model_fits/finalized_redone_trunc_cp/t2_a5_customer_day/meat,model_fits/finalized_redone_trunc_cp/t2_a5_customer_day/total,t2_a5_customer_day,meat,NA,restaurant,W8T41JZK0ZMEP,slope,exposure_W8T41JZK0ZMEP_4_slope,matched_restaurant,0.002249504655924,-0.001455158,-0.362540174525,-0.130829216,0.13521674536,0.3885484806
model_fits/finalized_redone_trunc_cp/t2_a5_customer_day/meat,model_fits/finalized_redone_trunc_cp/t2_a5_customer_day/total,t2_a5_customer_day,meat,NA,restaurant,W8T41JZK0ZMEP,slope,exposure_W8T41JZK0ZMEP_5_slope,matched_restaurant,-0.0341885578155069,-0.0155167861,-0.462623056725,-0.16892010596,0.0954926885279999,0.2971900732525
model_fits/finalized_redone_trunc_cp/t2_a5_customer_day/meat,model_fits/finalized_redone_trunc_cp/t2_a5_customer_day/total,t2_a5_customer_day,meat,NA,restaurant,EMBVNVD207CC6,slope,exposure_EMBVNVD207CC6_1_slope,matched_restaurant,-0.19821916845808,-0.2036305545,-0.452745709175,-0.3258182079104,-0.05936542228,0.0553614222750001
model_fits/finalized_redone_trunc_cp/t2_a5_customer_day/meat,model_fits/finalized_redone_trunc_cp/t2_a5_customer_day/total,t2_a5_customer_day,meat,NA,restaurant,C0BE4NDSW26QN,slope,exposure_C0BE4NDSW26QN_1_slope,matched_restaurant,0.04729714152143,0.0387987905,-0.151184349,-0.03979157678,0.13783701076,0.281790790375
model_fits/finalized_redone_trunc_cp/t2_a5_customer_day/meat,model_fits/finalized_redone_trunc_cp/t2_a5_customer_day/total,t2_a5_customer_day,meat,NA,restaurant,C0BE4NDSW26QN,slope,exposure_C0BE4NDSW26QN_2_slope,matched_restaurant,-0.023735122561498,-0.0143193245,-0.266160380325,-0.120764585304,0.0699693212,0.180024289725
model_fits/finalized_redone_trunc_cp/t2_a5_customer_day/meat,model_fits/finalized_redone_trunc_cp/t2_a5_customer_day/total,t2_a5_customer_day,meat,NA,restaurant,V3Q26BHF3SE2H,slope,exposure_V3Q26BHF3SE2H_1_slope,matched_restaurant,0.0823763541237386,0.0723584855,-0.25560854305,-0.05267406064,0.20981221248,0.461102862825
model_fits/finalized_redone_trunc_cp/t2_a5_customer_day/meat,model_fits/finalized_redone_trunc_cp/t2_a5_customer_day/total,t2_a5_customer_day,meat,NA,restaurant,V3Q26BHF3SE2H,slope,exposure_V3Q26BHF3SE2H_2_slope,matched_restaurant,0.0819319973478161,0.072397264,-0.256886643725,-0.04725419352,0.2104324004,0.4716385795
model_fits/finalized_redone_trunc_cp/t2_a5_customer_day/meat,model_fits/finalized_redone_trunc_cp/t2_a5_customer_day/total,t2_a5_customer_day,meat,NA,restaurant,V3Q26BHF3SE2H,slope,exposure_V3Q26BHF3SE2H_3_slope,matched_restaurant,0.0353427872128,0.0527635305,-0.39601802425,-0.090328452004,0.17041340848,0.363908529
model_fits/finalized_redone_trunc_cp/t2_a5_customer_day/meat,model_fits/finalized_redone_trunc_cp/t2_a5_customer_day/total,t2_a5_customer_day,meat,NA,restaurant,V3Q26BHF3SE2H,slope,exposure_V3Q26BHF3SE2H_4_slope,matched_restaurant,0.043995253583065,0.050394675,-0.302795113425,-0.079985801728,0.1724365748,0.3703309880475
model_fits/finalized_redone_trunc_cp/t2_a5_customer_day/meat,model_fits/finalized_redone_trunc_cp/t2_a5_customer_day/total,t2_a5_customer_day,meat,NA,restaurant,LBZEEFSBJNB3Z,slope,exposure_LBZEEFSBJNB3Z_1_slope,matched_restaurant,-0.0738363836729247,-0.070412527,-0.353439021,-0.2058138912,0.06142049648,0.186921321
model_fits/finalized_redone_trunc_cp/t2_a5_customer_day/meat,model_fits/finalized_redone_trunc_cp/t2_a5_customer_day/total,t2_a5_customer_day,meat,NA,restaurant,SAFK7ND1HR6XS,slope,exposure_SAFK7ND1HR6XS_1_slope,matched_restaurant,0.0370358769721823,0.032350761,-0.271654852575,-0.117368074792,0.186820938,0.3698626145
model_fits/finalized_redone_trunc_cp/t2_a5_customer_day/meat,model_fits/finalized_redone_trunc_cp/t2_a5_customer_day/total,t2_a5_customer_day,meat,NA,restaurant,S8MT0YGD2KTN9,slope,exposure_S8MT0YGD2KTN9_1_slope,matched_restaurant,0.0451025040836817,0.0455897755,-0.12737309585,-0.04087383492,0.13052624372,0.2191106365
model_fits/finalized_redone_trunc_cp/t2_a5_customer_day/meat,model_fits/finalized_redone_trunc_cp/t2_a5_customer_day/total,t2_a5_customer_day,meat,NA,restaurant,1SQPTEGYPH0GA,slope,exposure_1SQPTEGYPH0GA_1_slope,matched_restaurant,-0.0674578775865367,-0.07592105,-0.306418986575,-0.1999688016,0.07734515344,0.1807125875
model_fits/finalized_redone_trunc_cp/t2_a5_customer_day/meat,model_fits/finalized_redone_trunc_cp/t2_a5_customer_day/total,t2_a5_customer_day,meat,NA,restaurant,9XKJD8DQTH559,slope,exposure_9XKJD8DQTH559_1_slope,matched_restaurant,0.0155763379429333,0.0168182235,-0.3143101545925,-0.126350276544,0.1562001676,0.359869219
model_fits/finalized_redone_trunc_cp/t2_a5_customer_day/meat,model_fits/finalized_redone_trunc_cp/t2_a5_customer_day/total,t2_a5_customer_day,meat,NA,restaurant,9XKJD8DQTH559,slope,exposure_9XKJD8DQTH559_2_slope,matched_restaurant,0.014806390841156,0.014842939,-0.30033608495,-0.12596739404,0.15341020016,0.32691935775
model_fits/finalized_redone_trunc_cp/t2_a5_customer_day/meat,model_fits/finalized_redone_trunc_cp/t2_a5_customer_day/total,t2_a5_customer_day,meat,NA,restaurant,LQ5EH4BKGV61T,slope,exposure_LQ5EH4BKGV61T_1_slope,matched_restaurant,0.0161591086598807,0.0211141556,-0.35309175925,-0.141391824184,0.1733427544,0.356510116125
model_fits/finalized_redone_trunc_cp/t2_a5_customer_day/meat,model_fits/finalized_redone_trunc_cp/t2_a5_customer_day/total,t2_a5_customer_day,meat,NA,restaurant,78AY09MVJVTYE,slope,exposure_78AY09MVJVTYE_1_slope,matched_restaurant,0.0863933294109703,0.0863204535,-0.027370644025,0.03043379652,0.1440056924,0.20054830375
model_fits/finalized_redone_trunc_cp/t2_a5_customer_day/meat,model_fits/finalized_redone_trunc_cp/t2_a5_customer_day/total,t2_a5_customer_day,meat,NA,restaurant,SRQS8F7JWA9MZ,gender_male,exposure_SRQS8F7JWA9MZ_1_gendermale,matched_restaurant,-0.0637474566626715,-0.06304491375,-0.283638817205,-0.17246783908,0.0449438956,0.155137841725
model_fits/finalized_redone_trunc_cp/t2_a5_customer_day/meat,model_fits/finalized_redone_trunc_cp/t2_a5_customer_day/total,t2_a5_customer_day,meat,NA,restaurant,SRQS8F7JWA9MZ,gender_female,exposure_SRQS8F7JWA9MZ_1_genderfemale,matched_restaurant,0.100625851010205,0.096125404,-0.084181399825,0.00284293686400001,0.199546170072,0.3066283239
model_fits/finalized_redone_trunc_cp/t2_a5_customer_day/meat,model_fits/finalized_redone_trunc_cp/t2_a5_customer_day/total,t2_a5_customer_day,meat,NA,restaurant,SRQS8F7JWA9MZ,gender_male,exposure_SRQS8F7JWA9MZ_2_gendermale,matched_restaurant,0.046137141492533,0.0437145815,-0.17433196025,-0.0659629516,0.162810737056,0.275935965375
model_fits/finalized_redone_trunc_cp/t2_a5_customer_day/meat,model_fits/finalized_redone_trunc_cp/t2_a5_customer_day/total,t2_a5_customer_day,meat,NA,restaurant,SRQS8F7JWA9MZ,gender_female,exposure_SRQS8F7JWA9MZ_2_genderfemale,matched_restaurant,-0.0593933654907203,-0.052150279,-0.272940254025,-0.1638210908,0.040620188144,0.12943403755
model_fits/finalized_redone_trunc_cp/t2_a5_customer_day/meat,model_fits/finalized_redone_trunc_cp/t2_a5_customer_day/total,t2_a5_customer_day,meat,NA,restaurant,2HRX9P6HKXA8V,gender_male,exposure_2HRX9P6HKXA8V_1_gendermale,matched_restaurant,-0.00327847605678213,-0.001259924605,-0.211146713925,-0.1023422848,0.09445083712,0.1955816144
model_fits/finalized_redone_trunc_cp/t2_a5_customer_day/meat,model_fits/finalized_redone_trunc_cp/t2_a5_customer_day/total,t2_a5_customer_day,meat,NA,restaurant,2HRX9P6HKXA8V,gender_female,exposure_2HRX9P6HKXA8V_1_genderfemale,matched_restaurant,0.111061680280073,0.111273145,-0.11827742775,-0.008694418,0.2284336884,0.333639019675
model_fits/finalized_redone_trunc_cp/t2_a5_customer_day/meat,model_fits/finalized_redone_trunc_cp/t2_a5_customer_day/total,t2_a5_customer_day,meat,NA,restaurant,L69HYJ4Y3TR91,gender_male,exposure_L69HYJ4Y3TR91_1_gendermale,matched_restaurant,-0.131563452651702,-0.1312614785,-0.353161919575,-0.24185305068,-0.01729032564,0.0789555561500001
model_fits/finalized_redone_trunc_cp/t2_a5_customer_day/meat,model_fits/finalized_redone_trunc_cp/t2_a5_customer_day/total,t2_a5_customer_day,meat,NA,restaurant,L69HYJ4Y3TR91,gender_female,exposure_L69HYJ4Y3TR91_1_genderfemale,matched_restaurant,0.0407992476436477,0.0396846613,-0.151603901125,-0.0554782398,0.13924826584,0.238071243375
model_fits/finalized_redone_trunc_cp/t2_a5_customer_day/meat,model_fits/finalized_redone_trunc_cp/t2_a5_customer_day/total,t2_a5_customer_day,meat,NA,restaurant,ED5J990H5VAZT,gender_male,exposure_ED5J990H5VAZT_1_gendermale,matched_restaurant,-0.133908128848067,-0.134759405,-0.1943748535,-0.1650899964,-0.1028810884,-0.06956146025
model_fits/finalized_redone_trunc_cp/t2_a5_customer_day/meat,model_fits/finalized_redone_trunc_cp/t2_a5_customer_day/total,t2_a5_customer_day,meat,NA,restaurant,ED5J990H5VAZT,gender_female,exposure_ED5J990H5VAZT_1_genderfemale,matched_restaurant,-0.0855009777041233,-0.085840854,-0.146599063,-0.11697848416,-0.05443714912,-0.02260017875
model_fits/finalized_redone_trunc_cp/t2_a5_customer_day/meat,model_fits/finalized_redone_trunc_cp/t2_a5_customer_day/total,t2_a5_customer_day,meat,NA,restaurant,W8T41JZK0ZMEP,gender_male,exposure_W8T41JZK0ZMEP_1_gendermale,matched_restaurant,0.224017393917192,0.205414382,-0.13153038456,0.0136536184,0.4251882236,0.699958181375
model_fits/finalized_redone_trunc_cp/t2_a5_customer_day/meat,model_fits/finalized_redone_trunc_cp/t2_a5_customer_day/total,t2_a5_customer_day,meat,NA,restaurant,W8T41JZK0ZMEP,gender_female,exposure_W8T41JZK0ZMEP_1_genderfemale,matched_restaurant,0.00659051417230967,0.0097739525,-0.299627885025,-0.138069859312,0.1481673288784,0.2989551312075
model_fits/finalized_redone_trunc_cp/t2_a5_customer_day/meat,model_fits/finalized_redone_trunc_cp/t2_a5_customer_day/total,t2_a5_customer_day,meat,NA,restaurant,W8T41JZK0ZMEP,gender_male,exposure_W8T41JZK0ZMEP_2_gendermale,matched_restaurant,0.0606179026045333,0.06080627,-0.21725925075,-0.0892771448,0.2078002044,0.340283392925
model_fits/finalized_redone_trunc_cp/t2_a5_customer_day/meat,model_fits/finalized_redone_trunc_cp/t2_a5_customer_day/total,t2_a5_customer_day,meat,NA,restaurant,W8T41JZK0ZMEP,gender_female,exposure_W8T41JZK0ZMEP_2_genderfemale,matched_restaurant,-0.0448956427479334,-0.0408154645,-0.2815511953975,-0.159975486524,0.0695009587159999,0.17776216826
model_fits/finalized_redone_trunc_cp/t2_a5_customer_day/meat,model_fits/finalized_redone_trunc_cp/t2_a5_customer_day/total,t2_a5_customer_day,meat,NA,restaurant,W8T41JZK0ZMEP,gender_male,exposure_W8T41JZK0ZMEP_3_gendermale,matched_restaurant,0.10275617958374,0.108394345,-0.2224872282,-0.0626123096,0.2629651688,0.4117089785
model_fits/finalized_redone_trunc_cp/t2_a5_customer_day/meat,model_fits/finalized_redone_trunc_cp/t2_a5_customer_day/total,t2_a5_customer_day,meat,NA,restaurant,W8T41JZK0ZMEP,gender_female,exposure_W8T41JZK0ZMEP_3_genderfemale,matched_restaurant,-0.064286687893821,-0.05699693565,-0.351445712175,-0.19839335248,0.066828482964,0.192070344205
model_fits/finalized_redone_trunc_cp/t2_a5_customer_day/meat,model_fits/finalized_redone_trunc_cp/t2_a5_customer_day/total,t2_a5_customer_day,meat,NA,restaurant,W8T41JZK0ZMEP,gender_male,exposure_W8T41JZK0ZMEP_4_gendermale,matched_restaurant,0.185366837361327,0.1798746522,-0.110352793425,0.033644218,0.338722274,0.4908401415
model_fits/finalized_redone_trunc_cp/t2_a5_customer_day/meat,model_fits/finalized_redone_trunc_cp/t2_a5_customer_day/total,t2_a5_customer_day,meat,NA,restaurant,W8T41JZK0ZMEP,gender_female,exposure_W8T41JZK0ZMEP_4_genderfemale,matched_restaurant,0.123711221486329,0.1136858175,-0.1516251484525,-0.01110615052,0.26881186104,0.4396147007
model_fits/finalized_redone_trunc_cp/t2_a5_customer_day/meat,model_fits/finalized_redone_trunc_cp/t2_a5_customer_day/total,t2_a5_customer_day,meat,NA,restaurant,W8T41JZK0ZMEP,gender_male,exposure_W8T41JZK0ZMEP_5_gendermale,matched_restaurant,-0.253619166626072,-0.2306349285,-0.76567586745,-0.48273870956,-0.0199925023040001,0.1424177705
model_fits/finalized_redone_trunc_cp/t2_a5_customer_day/meat,model_fits/finalized_redone_trunc_cp/t2_a5_customer_day/total,t2_a5_customer_day,meat,NA,restaurant,W8T41JZK0ZMEP,gender_female,exposure_W8T41JZK0ZMEP_5_genderfemale,matched_restaurant,0.0939003187573177,0.083140782,-0.21996565925,-0.055304122336,0.24954131072,0.4314935882325
model_fits/finalized_redone_trunc_cp/t2_a5_customer_day/meat,model_fits/finalized_redone_trunc_cp/t2_a5_customer_day/total,t2_a5_customer_day,meat,NA,restaurant,EMBVNVD207CC6,gender_male,exposure_EMBVNVD207CC6_1_gendermale,matched_restaurant,0.116241984319013,0.1167506815,-0.105297803175,-0.00301482244,0.228745192,0.35168273525
model_fits/finalized_redone_trunc_cp/t2_a5_customer_day/meat,model_fits/finalized_redone_trunc_cp/t2_a5_customer_day/total,t2_a5_customer_day,meat,NA,restaurant,EMBVNVD207CC6,gender_female,exposure_EMBVNVD207CC6_1_genderfemale,matched_restaurant,0.10752693046283,0.101443172,-0.2003076585,-0.056612049176,0.26984675232,0.4435173325
model_fits/finalized_redone_trunc_cp/t2_a5_customer_day/meat,model_fits/finalized_redone_trunc_cp/t2_a5_customer_day/total,t2_a5_customer_day,meat,NA,restaurant,C0BE4NDSW26QN,gender_male,exposure_C0BE4NDSW26QN_1_gendermale,matched_restaurant,-0.0718213369101787,-0.0727925725,-0.50377851525,-0.2626983834,0.121810485504,0.35631068645
model_fits/finalized_redone_trunc_cp/t2_a5_customer_day/meat,model_fits/finalized_redone_trunc_cp/t2_a5_customer_day/total,t2_a5_customer_day,meat,NA,restaurant,C0BE4NDSW26QN,gender_female,exposure_C0BE4NDSW26QN_1_genderfemale,matched_restaurant,-0.0546197714420233,-0.0492761845,-0.61939453805,-0.26107711196,0.159841341,0.481940187025
model_fits/finalized_redone_trunc_cp/t2_a5_customer_day/meat,model_fits/finalized_redone_trunc_cp/t2_a5_customer_day/total,t2_a5_customer_day,meat,NA,restaurant,C0BE4NDSW26QN,gender_male,exposure_C0BE4NDSW26QN_2_gendermale,matched_restaurant,-0.059512011792601,-0.0599210655,-0.48292971505,-0.2532183052,0.13680536508,0.377909918325
model_fits/finalized_redone_trunc_cp/t2_a5_customer_day/meat,model_fits/finalized_redone_trunc_cp/t2_a5_customer_day/total,t2_a5_customer_day,meat,NA,restaurant,C0BE4NDSW26QN,gender_female,exposure_C0BE4NDSW26QN_2_genderfemale,matched_restaurant,-0.0435104764670693,-0.04458654165,-0.5758970072475,-0.2638239012,0.16464624008,0.5180579
model_fits/finalized_redone_trunc_cp/t2_a5_customer_day/meat,model_fits/finalized_redone_trunc_cp/t2_a5_customer_day/total,t2_a5_customer_day,meat,NA,restaurant,V3Q26BHF3SE2H,gender_male,exposure_V3Q26BHF3SE2H_1_gendermale,matched_restaurant,0.133477623237145,0.1231771935,-0.208871192825,-0.03671585724,0.31012911672,0.4993292
model_fits/finalized_redone_trunc_cp/t2_a5_customer_day/meat,model_fits/finalized_redone_trunc_cp/t2_a5_customer_day/total,t2_a5_customer_day,meat,NA,restaurant,V3Q26BHF3SE2H,gender_female,exposure_V3Q26BHF3SE2H_1_genderfemale,matched_restaurant,0.157269792029335,0.14956441725,-0.1863070895,-0.02603295816,0.3439367652,0.527079197235
model_fits/finalized_redone_trunc_cp/t2_a5_customer_day/meat,model_fits/finalized_redone_trunc_cp/t2_a5_customer_day/total,t2_a5_customer_day,meat,NA,restaurant,V3Q26BHF3SE2H,gender_male,exposure_V3Q26BHF3SE2H_2_gendermale,matched_restaurant,-0.112845799060403,-0.1092756785,-0.4392480895,-0.27089748648,0.04188529156,0.1953824358
model_fits/finalized_redone_trunc_cp/t2_a5_customer_day/meat,model_fits/finalized_redone_trunc_cp/t2_a5_customer_day/total,t2_a5_customer_day,meat,NA,restaurant,V3Q26BHF3SE2H,gender_female,exposure_V3Q26BHF3SE2H_2_genderfemale,matched_restaurant,-0.0557450105899903,-0.051201261,-0.36341865035,-0.20427798956,0.0885656788399999,0.2419892289975
model_fits/finalized_redone_trunc_cp/t2_a5_customer_day/meat,model_fits/finalized_redone_trunc_cp/t2_a5_customer_day/total,t2_a5_customer_day,meat,NA,restaurant,V3Q26BHF3SE2H,gender_male,exposure_V3Q26BHF3SE2H_3_gendermale,matched_restaurant,-0.107657221038902,-0.10616266,-0.34792060225,-0.22610016424,0.00817240824,0.125176598525
model_fits/finalized_redone_trunc_cp/t2_a5_customer_day/meat,model_fits/finalized_redone_trunc_cp/t2_a5_customer_day/total,t2_a5_customer_day,meat,NA,restaurant,V3Q26BHF3SE2H,gender_female,exposure_V3Q26BHF3SE2H_3_genderfemale,matched_restaurant,-0.0815194043371651,-0.084558118,-0.286457694275,-0.186233265528,0.02231108896,0.1325782842
model_fits/finalized_redone_trunc_cp/t2_a5_customer_day/meat,model_fits/finalized_redone_trunc_cp/t2_a5_customer_day/total,t2_a5_customer_day,meat,NA,restaurant,V3Q26BHF3SE2H,gender_male,exposure_V3Q26BHF3SE2H_4_gendermale,matched_restaurant,0.05865437084704,0.0562330062,-0.20358101975,-0.07433380832,0.1913259912,0.327184304
model_fits/finalized_redone_trunc_cp/t2_a5_customer_day/meat,model_fits/finalized_redone_trunc_cp/t2_a5_customer_day/total,t2_a5_customer_day,meat,NA,restaurant,V3Q26BHF3SE2H,gender_female,exposure_V3Q26BHF3SE2H_4_genderfemale,matched_restaurant,-0.161271000775251,-0.159801072,-0.411668804775,-0.28591619568,-0.03744083344,0.07643287635
model_fits/finalized_redone_trunc_cp/t2_a5_customer_day/meat,model_fits/finalized_redone_trunc_cp/t2_a5_customer_day/total,t2_a5_customer_day,meat,NA,restaurant,LBZEEFSBJNB3Z,gender_male,exposure_LBZEEFSBJNB3Z_1_gendermale,matched_restaurant,0.0246123930915567,0.025044458,-0.174492718825,-0.08067755832,0.12954877164,0.2340441435
model_fits/finalized_redone_trunc_cp/t2_a5_customer_day/meat,model_fits/finalized_redone_trunc_cp/t2_a5_customer_day/total,t2_a5_customer_day,meat,NA,restaurant,LBZEEFSBJNB3Z,gender_female,exposure_LBZEEFSBJNB3Z_1_genderfemale,matched_restaurant,-0.15478906136824,-0.1553618585,-0.324928253025,-0.23629274648,-0.071862374008,0.00162974560000001
model_fits/finalized_redone_trunc_cp/t2_a5_customer_day/meat,model_fits/finalized_redone_trunc_cp/t2_a5_customer_day/total,t2_a5_customer_day,meat,NA,restaurant,SAFK7ND1HR6XS,gender_male,exposure_SAFK7ND1HR6XS_1_gendermale,matched_restaurant,-0.0493369626478406,-0.0459382682,-0.261242804375,-0.15995209636,0.0541535308,0.157203784775
model_fits/finalized_redone_trunc_cp/t2_a5_customer_day/meat,model_fits/finalized_redone_trunc_cp/t2_a5_customer_day/total,t2_a5_customer_day,meat,NA,restaurant,SAFK7ND1HR6XS,gender_female,exposure_SAFK7ND1HR6XS_1_genderfemale,matched_restaurant,-0.0240094095125317,-0.02634717525,-0.250842037675,-0.142205034768,0.0914814734,0.21527408025
model_fits/finalized_redone_trunc_cp/t2_a5_customer_day/meat,model_fits/finalized_redone_trunc_cp/t2_a5_customer_day/total,t2_a5_customer_day,meat,NA,restaurant,S8MT0YGD2KTN9,gender_male,exposure_S8MT0YGD2KTN9_1_gendermale,matched_restaurant,0.0335090144776973,0.032253058,-0.17228960205,-0.0723681232,0.138108284248,0.252703027
model_fits/finalized_redone_trunc_cp/t2_a5_customer_day/meat,model_fits/finalized_redone_trunc_cp/t2_a5_customer_day/total,t2_a5_customer_day,meat,NA,restaurant,S8MT0YGD2KTN9,gender_female,exposure_S8MT0YGD2KTN9_1_genderfemale,matched_restaurant,-0.0231147772421573,-0.0273871635,-0.29247825725,-0.15118001432,0.10864978052,0.231291426725
model_fits/finalized_redone_trunc_cp/t2_a5_customer_day/meat,model_fits/finalized_redone_trunc_cp/t2_a5_customer_day/total,t2_a5_customer_day,meat,NA,restaurant,1SQPTEGYPH0GA,gender_male,exposure_1SQPTEGYPH0GA_1_gendermale,matched_restaurant,-0.0478144781114424,-0.0407722965,-0.299149956375,-0.1669222152,0.07008301944,0.16813920525
model_fits/finalized_redone_trunc_cp/t2_a5_customer_day/meat,model_fits/finalized_redone_trunc_cp/t2_a5_customer_day/total,t2_a5_customer_day,meat,NA,restaurant,1SQPTEGYPH0GA,gender_female,exposure_1SQPTEGYPH0GA_1_genderfemale,matched_restaurant,0.363234569605439,0.368405175,0.0137199705,0.18964019224,0.53417206576,0.684020068315
model_fits/finalized_redone_trunc_cp/t2_a5_customer_day/meat,model_fits/finalized_redone_trunc_cp/t2_a5_customer_day/total,t2_a5_customer_day,meat,NA,restaurant,9XKJD8DQTH559,gender_male,exposure_9XKJD8DQTH559_1_gendermale,matched_restaurant,-0.0957832375818493,-0.0994951845,-0.52607086545,-0.29989135672,0.1196454444,0.3136275045
model_fits/finalized_redone_trunc_cp/t2_a5_customer_day/meat,model_fits/finalized_redone_trunc_cp/t2_a5_customer_day/total,t2_a5_customer_day,meat,NA,restaurant,9XKJD8DQTH559,gender_female,exposure_9XKJD8DQTH559_1_genderfemale,matched_restaurant,0.310461229726663,0.2719149465,-0.5077301955,-0.12596913176,0.765605625164,1.243739053725
model_fits/finalized_redone_trunc_cp/t2_a5_customer_day/meat,model_fits/finalized_redone_trunc_cp/t2_a5_customer_day/total,t2_a5_customer_day,meat,NA,restaurant,9XKJD8DQTH559,gender_male,exposure_9XKJD8DQTH559_2_gendermale,matched_restaurant,-0.143139742439486,-0.1406686605,-0.526087370975,-0.3332023608,0.0429100947999999,0.241750091825
model_fits/finalized_redone_trunc_cp/t2_a5_customer_day/meat,model_fits/finalized_redone_trunc_cp/t2_a5_customer_day/total,t2_a5_customer_day,meat,NA,restaurant,9XKJD8DQTH559,gender_female,exposure_9XKJD8DQTH559_2_genderfemale,matched_restaurant,-0.538406970949918,-0.5021944693,-1.3892798956,-0.97144921048,-0.14308366208,0.20265391375
model_fits/finalized_redone_trunc_cp/t2_a5_customer_day/meat,model_fits/finalized_redone_trunc_cp/t2_a5_customer_day/total,t2_a5_customer_day,meat,NA,restaurant,LQ5EH4BKGV61T,gender_male,exposure_LQ5EH4BKGV61T_1_gendermale,matched_restaurant,-0.0336240047547883,-0.0321205385,-0.4169393695,-0.218851406736,0.15059158112,0.35675607775
model_fits/finalized_redone_trunc_cp/t2_a5_customer_day/meat,model_fits/finalized_redone_trunc_cp/t2_a5_customer_day/total,t2_a5_customer_day,meat,NA,restaurant,LQ5EH4BKGV61T,gender_female,exposure_LQ5EH4BKGV61T_1_genderfemale,matched_restaurant,0.00709142829927067,0.0016148095,-0.5062693675,-0.2496094596,0.2576969768,0.556992537750001
model_fits/finalized_redone_trunc_cp/t2_a5_customer_day/meat,model_fits/finalized_redone_trunc_cp/t2_a5_customer_day/total,t2_a5_customer_day,meat,NA,restaurant,78AY09MVJVTYE,gender_male,exposure_78AY09MVJVTYE_1_gendermale,matched_restaurant,-0.126573669093,-0.12422456,-0.41314123,-0.2775651436,0.02542259456,0.154232953875
model_fits/finalized_redone_trunc_cp/t2_a5_customer_day/meat,model_fits/finalized_redone_trunc_cp/t2_a5_customer_day/total,t2_a5_customer_day,meat,NA,restaurant,78AY09MVJVTYE,gender_female,exposure_78AY09MVJVTYE_1_genderfemale,matched_restaurant,-0.158922652921602,-0.1682587,-0.467092041575,-0.3184495282,0.00605649732,0.182962353
model_fits/finalized_redone_trunc_cp/t2_a5_customer_day/meat,model_fits/finalized_redone_trunc_cp/t2_a5_customer_day/total,t2_a5_customer_day,meat,1,pooled,NA,level,NA,mu_gamma_total,-0.024177305644762,-0.02362792135,-0.12200243438,-0.07092184652,0.02126065396,0.069288052175
model_fits/finalized_redone_trunc_cp/t2_a5_customer_day/meat,model_fits/finalized_redone_trunc_cp/t2_a5_customer_day/total,t2_a5_customer_day,meat,2,pooled,NA,slope,NA,mu_gamma_total,0.0117153165828243,0.0117444899,-0.1068039974,-0.05001847084,0.0729367339999999,0.13304056
model_fits/finalized_redone_trunc_cp/t2_a5_customer_day/meat,model_fits/finalized_redone_trunc_cp/t2_a5_customer_day/total,t2_a5_customer_day,meat,3,pooled,NA,gender_male,NA,mu_gamma_total,-0.0296503451686017,-0.0290351057,-0.152155463975,-0.0891116276,0.03074083516,0.09351628
model_fits/finalized_redone_trunc_cp/t2_a5_customer_day/meat,model_fits/finalized_redone_trunc_cp/t2_a5_customer_day/total,t2_a5_customer_day,meat,4,pooled,NA,gender_female,NA,mu_gamma_total,0.0102959762912801,0.00792024,-0.152073748125,-0.065104068208,0.0864661546976,0.1802655566
model_fits/finalized_redone_trunc_cp/t2_a5_customer_day/nonvegan,model_fits/finalized_redone_trunc_cp/t2_a5_customer_day/total,t2_a5_customer_day,nonvegan,NA,restaurant,SRQS8F7JWA9MZ,level,exposure_SRQS8F7JWA9MZ_1,matched_restaurant,0.0221082982175816,0.025773849,-0.11947480175,-0.047687222568,0.08832909684,0.1614941108
model_fits/finalized_redone_trunc_cp/t2_a5_customer_day/nonvegan,model_fits/finalized_redone_trunc_cp/t2_a5_customer_day/total,t2_a5_customer_day,nonvegan,NA,restaurant,SRQS8F7JWA9MZ,level,exposure_SRQS8F7JWA9MZ_2,matched_restaurant,-0.0119129791033427,-0.012122114,-0.172845213,-0.09351950932,0.07457737004,0.134867170625
model_fits/finalized_redone_trunc_cp/t2_a5_customer_day/nonvegan,model_fits/finalized_redone_trunc_cp/t2_a5_customer_day/total,t2_a5_customer_day,nonvegan,NA,restaurant,2HRX9P6HKXA8V,level,exposure_2HRX9P6HKXA8V_1,matched_restaurant,-0.0286723674890697,-0.0286250905,-0.205468967075,-0.10511929504,0.05067163432,0.14315307545
model_fits/finalized_redone_trunc_cp/t2_a5_customer_day/nonvegan,model_fits/finalized_redone_trunc_cp/t2_a5_customer_day/total,t2_a5_customer_day,nonvegan,NA,restaurant,L69HYJ4Y3TR91,level,exposure_L69HYJ4Y3TR91_1,matched_restaurant,0.0177361035382165,0.0151417285,-0.19784434345,-0.07936156632,0.12472324232,0.219161299075
model_fits/finalized_redone_trunc_cp/t2_a5_customer_day/nonvegan,model_fits/finalized_redone_trunc_cp/t2_a5_customer_day/total,t2_a5_customer_day,nonvegan,NA,restaurant,ED5J990H5VAZT,level,exposure_ED5J990H5VAZT_1,matched_restaurant,-0.0118865348897035,-0.01240459475,-0.090981496125,-0.05219756672,0.029102344768,0.0724003870575
model_fits/finalized_redone_trunc_cp/t2_a5_customer_day/nonvegan,model_fits/finalized_redone_trunc_cp/t2_a5_customer_day/total,t2_a5_customer_day,nonvegan,NA,restaurant,W8T41JZK0ZMEP,level,exposure_W8T41JZK0ZMEP_1,matched_restaurant,0.037739817219433,0.0345926255,-0.144019083425,-0.05795480324,0.13180331464,0.2301083275
model_fits/finalized_redone_trunc_cp/t2_a5_customer_day/nonvegan,model_fits/finalized_redone_trunc_cp/t2_a5_customer_day/total,t2_a5_customer_day,nonvegan,NA,restaurant,W8T41JZK0ZMEP,level,exposure_W8T41JZK0ZMEP_2,matched_restaurant,-0.187134962811143,-0.179883575,-0.3908034475,-0.2800758384,-0.095152530304,-0.0142150441
model_fits/finalized_redone_trunc_cp/t2_a5_customer_day/nonvegan,model_fits/finalized_redone_trunc_cp/t2_a5_customer_day/total,t2_a5_customer_day,nonvegan,NA,restaurant,W8T41JZK0ZMEP,level,exposure_W8T41JZK0ZMEP_3,matched_restaurant,0.0786628252609067,0.072865105,-0.11800335905,-0.0333166604,0.1970615576,0.2853060525
model_fits/finalized_redone_trunc_cp/t2_a5_customer_day/nonvegan,model_fits/finalized_redone_trunc_cp/t2_a5_customer_day/total,t2_a5_customer_day,nonvegan,NA,restaurant,W8T41JZK0ZMEP,level,exposure_W8T41JZK0ZMEP_4,matched_restaurant,-0.0414127944569519,-0.0452919405,-0.19923564025,-0.117995838468,0.0405103164,0.129370442
model_fits/finalized_redone_trunc_cp/t2_a5_customer_day/nonvegan,model_fits/finalized_redone_trunc_cp/t2_a5_customer_day/total,t2_a5_customer_day,nonvegan,NA,restaurant,W8T41JZK0ZMEP,level,exposure_W8T41JZK0ZMEP_5,matched_restaurant,-0.0668672708695657,-0.0648964725,-0.264853990575,-0.16678452296,0.0311418628,0.13476885915
model_fits/finalized_redone_trunc_cp/t2_a5_customer_day/nonvegan,model_fits/finalized_redone_trunc_cp/t2_a5_customer_day/total,t2_a5_customer_day,nonvegan,NA,restaurant,EMBVNVD207CC6,level,exposure_EMBVNVD207CC6_1,matched_restaurant,-0.00924929186032113,-0.0140447675,-0.3038678209,-0.146538370092,0.1393337592,0.278213591
model_fits/finalized_redone_trunc_cp/t2_a5_customer_day/nonvegan,model_fits/finalized_redone_trunc_cp/t2_a5_customer_day/total,t2_a5_customer_day,nonvegan,NA,restaurant,C0BE4NDSW26QN,level,exposure_C0BE4NDSW26QN_1,matched_restaurant,-0.0673627445528163,-0.0570680665,-0.354209727,-0.2314546156,0.07401356792,0.21045995425
model_fits/finalized_redone_trunc_cp/t2_a5_customer_day/nonvegan,model_fits/finalized_redone_trunc_cp/t2_a5_customer_day/total,t2_a5_customer_day,nonvegan,NA,restaurant,C0BE4NDSW26QN,level,exposure_C0BE4NDSW26QN_2,matched_restaurant,-0.00742457640369787,-0.0081281175,-0.27066505275,-0.1348022732,0.1267205417836,0.2422352095
model_fits/finalized_redone_trunc_cp/t2_a5_customer_day/nonvegan,model_fits/finalized_redone_trunc_cp/t2_a5_customer_day/total,t2_a5_customer_day,nonvegan,NA,restaurant,V3Q26BHF3SE2H,level,exposure_V3Q26BHF3SE2H_1,matched_restaurant,-0.0663714338351767,-0.0628447775,-0.2602195125,-0.153205016,0.019085191008,0.110956817875
model_fits/finalized_redone_trunc_cp/t2_a5_customer_day/nonvegan,model_fits/finalized_redone_trunc_cp/t2_a5_customer_day/total,t2_a5_customer_day,nonvegan,NA,restaurant,V3Q26BHF3SE2H,level,exposure_V3Q26BHF3SE2H_2,matched_restaurant,-0.0658068439871167,-0.06619456655,-0.257814961125,-0.14434648136,0.018117623352,0.108832253875
model_fits/finalized_redone_trunc_cp/t2_a5_customer_day/nonvegan,model_fits/finalized_redone_trunc_cp/t2_a5_customer_day/total,t2_a5_customer_day,nonvegan,NA,restaurant,V3Q26BHF3SE2H,level,exposure_V3Q26BHF3SE2H_3,matched_restaurant,0.0689871183218813,0.068406486,-0.101202855875,-0.01659500488,0.1528068136,0.25571725525
model_fits/finalized_redone_trunc_cp/t2_a5_customer_day/nonvegan,model_fits/finalized_redone_trunc_cp/t2_a5_customer_day/total,t2_a5_customer_day,nonvegan,NA,restaurant,V3Q26BHF3SE2H,level,exposure_V3Q26BHF3SE2H_4,matched_restaurant,0.00216985008229,0.0039855635,-0.1708310555,-0.08180624336,0.08061914168,0.176828869625
model_fits/finalized_redone_trunc_cp/t2_a5_customer_day/nonvegan,model_fits/finalized_redone_trunc_cp/t2_a5_customer_day/total,t2_a5_customer_day,nonvegan,NA,restaurant,LBZEEFSBJNB3Z,level,exposure_LBZEEFSBJNB3Z_1,matched_restaurant,-0.0211967278128353,-0.0191773175,-0.212462056325,-0.10480821188,0.06216875892,0.154014551125
model_fits/finalized_redone_trunc_cp/t2_a5_customer_day/nonvegan,model_fits/finalized_redone_trunc_cp/t2_a5_customer_day/total,t2_a5_customer_day,nonvegan,NA,restaurant,SAFK7ND1HR6XS,level,exposure_SAFK7ND1HR6XS_1,matched_restaurant,-0.00801002724989027,-0.0130278655,-0.17949681765,-0.092782178712,0.0787271776,0.1817324195
model_fits/finalized_redone_trunc_cp/t2_a5_customer_day/nonvegan,model_fits/finalized_redone_trunc_cp/t2_a5_customer_day/total,t2_a5_customer_day,nonvegan,NA,restaurant,S8MT0YGD2KTN9,level,exposure_S8MT0YGD2KTN9_1,matched_restaurant,-0.00395791607729667,-0.006274263,-0.248688388,-0.11973777824,0.11298842856,0.24755029225
model_fits/finalized_redone_trunc_cp/t2_a5_customer_day/nonvegan,model_fits/finalized_redone_trunc_cp/t2_a5_customer_day/total,t2_a5_customer_day,nonvegan,NA,restaurant,1SQPTEGYPH0GA,level,exposure_1SQPTEGYPH0GA_1,matched_restaurant,0.019644577699049,0.01222987035,-0.29478883875,-0.1176926788,0.1699047484,0.33832401625
model_fits/finalized_redone_trunc_cp/t2_a5_customer_day/nonvegan,model_fits/finalized_redone_trunc_cp/t2_a5_customer_day/total,t2_a5_customer_day,nonvegan,NA,restaurant,9XKJD8DQTH559,level,exposure_9XKJD8DQTH559_1,matched_restaurant,-0.0370183407526937,-0.041268957,-0.309855984325,-0.17215469952,0.0969728007199999,0.246178780875
model_fits/finalized_redone_trunc_cp/t2_a5_customer_day/nonvegan,model_fits/finalized_redone_trunc_cp/t2_a5_customer_day/total,t2_a5_customer_day,nonvegan,NA,restaurant,9XKJD8DQTH559,level,exposure_9XKJD8DQTH559_2,matched_restaurant,0.0544942423406067,0.043303175,-0.2377178076,-0.092334231,0.2107140888,0.39472335375
model_fits/finalized_redone_trunc_cp/t2_a5_customer_day/nonvegan,model_fits/finalized_redone_trunc_cp/t2_a5_customer_day/total,t2_a5_customer_day,nonvegan,NA,restaurant,LQ5EH4BKGV61T,level,exposure_LQ5EH4BKGV61T_1,matched_restaurant,-0.0408995235386353,-0.03464786105,-0.33846949875,-0.1868533424,0.08923809652,0.27879366645
model_fits/finalized_redone_trunc_cp/t2_a5_customer_day/nonvegan,model_fits/finalized_redone_trunc_cp/t2_a5_customer_day/total,t2_a5_customer_day,nonvegan,NA,restaurant,78AY09MVJVTYE,level,exposure_78AY09MVJVTYE_1,matched_restaurant,0.0724475077088857,0.04113169635,-0.1900452186575,-0.06605101896,0.2521212448,0.43050790925
model_fits/finalized_redone_trunc_cp/t2_a5_customer_day/nonvegan,model_fits/finalized_redone_trunc_cp/t2_a5_customer_day/total,t2_a5_customer_day,nonvegan,NA,restaurant,SRQS8F7JWA9MZ,slope,exposure_SRQS8F7JWA9MZ_1_slope,matched_restaurant,0.0044605409506919,-0.002532003,-0.26169314975,-0.0983792376,0.1138877992,0.283677877
model_fits/finalized_redone_trunc_cp/t2_a5_customer_day/nonvegan,model_fits/finalized_redone_trunc_cp/t2_a5_customer_day/total,t2_a5_customer_day,nonvegan,NA,restaurant,SRQS8F7JWA9MZ,slope,exposure_SRQS8F7JWA9MZ_2_slope,matched_restaurant,0.00598469553267,0.01248913,-0.272105096775,-0.0994185054,0.10890457044,0.273408008275
model_fits/finalized_redone_trunc_cp/t2_a5_customer_day/nonvegan,model_fits/finalized_redone_trunc_cp/t2_a5_customer_day/total,t2_a5_customer_day,nonvegan,NA,restaurant,2HRX9P6HKXA8V,slope,exposure_2HRX9P6HKXA8V_1_slope,matched_restaurant,0.0291013779456905,0.0298844695,-0.07679619215,-0.026179667056,0.082523954,0.137457005
model_fits/finalized_redone_trunc_cp/t2_a5_customer_day/nonvegan,model_fits/finalized_redone_trunc_cp/t2_a5_customer_day/total,t2_a5_customer_day,nonvegan,NA,restaurant,L69HYJ4Y3TR91,slope,exposure_L69HYJ4Y3TR91_1_slope,matched_restaurant,-0.00600072430794667,-0.0037174095,-0.330057339,-0.14676399096,0.132674322,0.306795840875
model_fits/finalized_redone_trunc_cp/t2_a5_customer_day/nonvegan,model_fits/finalized_redone_trunc_cp/t2_a5_customer_day/total,t2_a5_customer_day,nonvegan,NA,restaurant,ED5J990H5VAZT,slope,exposure_ED5J990H5VAZT_1_slope,matched_restaurant,-0.0173437205151183,-0.017351362,-0.137716389575,-0.076208002904,0.04080676736,0.099721970825
model_fits/finalized_redone_trunc_cp/t2_a5_customer_day/nonvegan,model_fits/finalized_redone_trunc_cp/t2_a5_customer_day/total,t2_a5_customer_day,nonvegan,NA,restaurant,W8T41JZK0ZMEP,slope,exposure_W8T41JZK0ZMEP_1_slope,matched_restaurant,-0.00604908976780567,-0.0034575468,-0.38694242175,-0.15591490732,0.14514956528,0.3243627105
model_fits/finalized_redone_trunc_cp/t2_a5_customer_day/nonvegan,model_fits/finalized_redone_trunc_cp/t2_a5_customer_day/total,t2_a5_customer_day,nonvegan,NA,restaurant,W8T41JZK0ZMEP,slope,exposure_W8T41JZK0ZMEP_2_slope,matched_restaurant,-0.0548468473176927,-0.046980208,-0.41584490025,-0.191241302,0.0829389825599999,0.285616535425
model_fits/finalized_redone_trunc_cp/t2_a5_customer_day/nonvegan,model_fits/finalized_redone_trunc_cp/t2_a5_customer_day/total,t2_a5_customer_day,nonvegan,NA,restaurant,W8T41JZK0ZMEP,slope,exposure_W8T41JZK0ZMEP_3_slope,matched_restaurant,0.0253926325269317,0.0187614295,-0.3155110905,-0.11754275456,0.16613756984,0.39281694696725
model_fits/finalized_redone_trunc_cp/t2_a5_customer_day/nonvegan,model_fits/finalized_redone_trunc_cp/t2_a5_customer_day/total,t2_a5_customer_day,nonvegan,NA,restaurant,W8T41JZK0ZMEP,slope,exposure_W8T41JZK0ZMEP_4_slope,matched_restaurant,0.0127232595225317,-0.003876119,-0.299480968,-0.112360430264,0.14190359908,0.39874228675
model_fits/finalized_redone_trunc_cp/t2_a5_customer_day/nonvegan,model_fits/finalized_redone_trunc_cp/t2_a5_customer_day/total,t2_a5_customer_day,nonvegan,NA,restaurant,W8T41JZK0ZMEP,slope,exposure_W8T41JZK0ZMEP_5_slope,matched_restaurant,-0.0516730665221835,-0.041502250705,-0.4142526045,-0.1904952664,0.09073513648,0.3022168286
model_fits/finalized_redone_trunc_cp/t2_a5_customer_day/nonvegan,model_fits/finalized_redone_trunc_cp/t2_a5_customer_day/total,t2_a5_customer_day,nonvegan,NA,restaurant,EMBVNVD207CC6,slope,exposure_EMBVNVD207CC6_1_slope,matched_restaurant,-0.134703909486135,-0.143548412,-0.3931471812,-0.283246456168,0.012873164,0.1731874635
model_fits/finalized_redone_trunc_cp/t2_a5_customer_day/nonvegan,model_fits/finalized_redone_trunc_cp/t2_a5_customer_day/total,t2_a5_customer_day,nonvegan,NA,restaurant,C0BE4NDSW26QN,slope,exposure_C0BE4NDSW26QN_1_slope,matched_restaurant,0.0179733079671533,0.019842833,-0.19633062875,-0.067858898,0.105973588,0.21462650305
model_fits/finalized_redone_trunc_cp/t2_a5_customer_day/nonvegan,model_fits/finalized_redone_trunc_cp/t2_a5_customer_day/total,t2_a5_customer_day,nonvegan,NA,restaurant,C0BE4NDSW26QN,slope,exposure_C0BE4NDSW26QN_2_slope,matched_restaurant,-0.004077495696646,-0.00370908735,-0.2218192755,-0.09724513008,0.0848408832,0.22686332405
model_fits/finalized_redone_trunc_cp/t2_a5_customer_day/nonvegan,model_fits/finalized_redone_trunc_cp/t2_a5_customer_day/total,t2_a5_customer_day,nonvegan,NA,restaurant,V3Q26BHF3SE2H,slope,exposure_V3Q26BHF3SE2H_1_slope,matched_restaurant,0.0254486689611517,0.0272766475,-0.31173611575,-0.09423355192,0.14360835136,0.3370674614
model_fits/finalized_redone_trunc_cp/t2_a5_customer_day/nonvegan,model_fits/finalized_redone_trunc_cp/t2_a5_customer_day/total,t2_a5_customer_day,nonvegan,NA,restaurant,V3Q26BHF3SE2H,slope,exposure_V3Q26BHF3SE2H_2_slope,matched_restaurant,0.018312645950378,0.0111587635,-0.290185308,-0.101621136048,0.141434371304,0.361999524
model_fits/finalized_redone_trunc_cp/t2_a5_customer_day/nonvegan,model_fits/finalized_redone_trunc_cp/t2_a5_customer_day/total,t2_a5_customer_day,nonvegan,NA,restaurant,V3Q26BHF3SE2H,slope,exposure_V3Q26BHF3SE2H_3_slope,matched_restaurant,-0.0322268230137247,-0.026342408,-0.4355021215,-0.1572207,0.10190571156,0.295464500175
model_fits/finalized_redone_trunc_cp/t2_a5_customer_day/nonvegan,model_fits/finalized_redone_trunc_cp/t2_a5_customer_day/total,t2_a5_customer_day,nonvegan,NA,restaurant,V3Q26BHF3SE2H,slope,exposure_V3Q26BHF3SE2H_4_slope,matched_restaurant,0.0371541503131897,0.034045775,-0.29124264425,-0.09560844448,0.165394835248,0.3988206208275
model_fits/finalized_redone_trunc_cp/t2_a5_customer_day/nonvegan,model_fits/finalized_redone_trunc_cp/t2_a5_customer_day/total,t2_a5_customer_day,nonvegan,NA,restaurant,LBZEEFSBJNB3Z,slope,exposure_LBZEEFSBJNB3Z_1_slope,matched_restaurant,-0.0392455656159335,-0.0276822475,-0.351134103,-0.1758568308,0.0935093182,0.209842864775
model_fits/finalized_redone_trunc_cp/t2_a5_customer_day/nonvegan,model_fits/finalized_redone_trunc_cp/t2_a5_customer_day/total,t2_a5_customer_day,nonvegan,NA,restaurant,SAFK7ND1HR6XS,slope,exposure_SAFK7ND1HR6XS_1_slope,matched_restaurant,-0.014127950574502,-0.0133131605,-0.336749965025,-0.15252211928,0.1265482732,0.29935001575
model_fits/finalized_redone_trunc_cp/t2_a5_customer_day/nonvegan,model_fits/finalized_redone_trunc_cp/t2_a5_customer_day/total,t2_a5_customer_day,nonvegan,NA,restaurant,S8MT0YGD2KTN9,slope,exposure_S8MT0YGD2KTN9_1_slope,matched_restaurant,0.0430543882809785,0.04077000005,-0.10335497874,-0.036870033164,0.12086472008,0.205505332875
model_fits/finalized_redone_trunc_cp/t2_a5_customer_day/nonvegan,model_fits/finalized_redone_trunc_cp/t2_a5_customer_day/total,t2_a5_customer_day,nonvegan,NA,restaurant,1SQPTEGYPH0GA,slope,exposure_1SQPTEGYPH0GA_1_slope,matched_restaurant,-0.0737313097671887,-0.083056155,-0.35032572185,-0.24282947228,0.0939753323999998,0.24457007675
model_fits/finalized_redone_trunc_cp/t2_a5_customer_day/nonvegan,model_fits/finalized_redone_trunc_cp/t2_a5_customer_day/total,t2_a5_customer_day,nonvegan,NA,restaurant,9XKJD8DQTH559,slope,exposure_9XKJD8DQTH559_1_slope,matched_restaurant,0.0254535802679267,0.019243543,-0.290183397175,-0.1043706116,0.16924593712,0.35051318025
model_fits/finalized_redone_trunc_cp/t2_a5_customer_day/nonvegan,model_fits/finalized_redone_trunc_cp/t2_a5_customer_day/total,t2_a5_customer_day,nonvegan,NA,restaurant,9XKJD8DQTH559,slope,exposure_9XKJD8DQTH559_2_slope,matched_restaurant,0.043897325239672,0.03668006,-0.2516697572,-0.09375240608,0.1816048276,0.355567345
model_fits/finalized_redone_trunc_cp/t2_a5_customer_day/nonvegan,model_fits/finalized_redone_trunc_cp/t2_a5_customer_day/total,t2_a5_customer_day,nonvegan,NA,restaurant,LQ5EH4BKGV61T,slope,exposure_LQ5EH4BKGV61T_1_slope,matched_restaurant,-0.010812414550509,-0.00810624485,-0.348954843,-0.15258512576,0.12850359,0.3072096525
model_fits/finalized_redone_trunc_cp/t2_a5_customer_day/nonvegan,model_fits/finalized_redone_trunc_cp/t2_a5_customer_day/total,t2_a5_customer_day,nonvegan,NA,restaurant,78AY09MVJVTYE,slope,exposure_78AY09MVJVTYE_1_slope,matched_restaurant,0.026114369435255,0.02451399,-0.0813498675,-0.03059368836,0.082069291,0.142928612925
model_fits/finalized_redone_trunc_cp/t2_a5_customer_day/nonvegan,model_fits/finalized_redone_trunc_cp/t2_a5_customer_day/total,t2_a5_customer_day,nonvegan,NA,restaurant,SRQS8F7JWA9MZ,gender_male,exposure_SRQS8F7JWA9MZ_1_gendermale,matched_restaurant,-0.0372579938103783,-0.039149926,-0.24605786685,-0.13713331584,0.06294764648,0.17740679125
model_fits/finalized_redone_trunc_cp/t2_a5_customer_day/nonvegan,model_fits/finalized_redone_trunc_cp/t2_a5_customer_day/total,t2_a5_customer_day,nonvegan,NA,restaurant,SRQS8F7JWA9MZ,gender_female,exposure_SRQS8F7JWA9MZ_1_genderfemale,matched_restaurant,0.0720865216753723,0.071011038,-0.13936296625,-0.0395107712,0.181151638584,0.302181051375
model_fits/finalized_redone_trunc_cp/t2_a5_customer_day/nonvegan,model_fits/finalized_redone_trunc_cp/t2_a5_customer_day/total,t2_a5_customer_day,nonvegan,NA,restaurant,SRQS8F7JWA9MZ,gender_male,exposure_SRQS8F7JWA9MZ_2_gendermale,matched_restaurant,0.0985927454109793,0.0997552185,-0.11331101325,-0.00303459464,0.20240827144,0.310816816825
model_fits/finalized_redone_trunc_cp/t2_a5_customer_day/nonvegan,model_fits/finalized_redone_trunc_cp/t2_a5_customer_day/total,t2_a5_customer_day,nonvegan,NA,restaurant,SRQS8F7JWA9MZ,gender_female,exposure_SRQS8F7JWA9MZ_2_genderfemale,matched_restaurant,-0.0682045564458659,-0.064234218,-0.311531944,-0.17889637956,0.04513677712,0.146969413475
model_fits/finalized_redone_trunc_cp/t2_a5_customer_day/nonvegan,model_fits/finalized_redone_trunc_cp/t2_a5_customer_day/total,t2_a5_customer_day,nonvegan,NA,restaurant,2HRX9P6HKXA8V,gender_male,exposure_2HRX9P6HKXA8V_1_gendermale,matched_restaurant,-0.00217228289586033,0.00323506099999999,-0.21509774535,-0.10382677968,0.09385322108,0.1999145623
model_fits/finalized_redone_trunc_cp/t2_a5_customer_day/nonvegan,model_fits/finalized_redone_trunc_cp/t2_a5_customer_day/total,t2_a5_customer_day,nonvegan,NA,restaurant,2HRX9P6HKXA8V,gender_female,exposure_2HRX9P6HKXA8V_1_genderfemale,matched_restaurant,0.06232604588329,0.063720535,-0.19007559075,-0.0634021936,0.18611293736,0.31316764743
model_fits/finalized_redone_trunc_cp/t2_a5_customer_day/nonvegan,model_fits/finalized_redone_trunc_cp/t2_a5_customer_day/total,t2_a5_customer_day,nonvegan,NA,restaurant,L69HYJ4Y3TR91,gender_male,exposure_L69HYJ4Y3TR91_1_gendermale,matched_restaurant,0.116068516549433,0.115686665,-0.151636859375,-0.0214298536,0.257755714,0.377844217
model_fits/finalized_redone_trunc_cp/t2_a5_customer_day/nonvegan,model_fits/finalized_redone_trunc_cp/t2_a5_customer_day/total,t2_a5_customer_day,nonvegan,NA,restaurant,L69HYJ4Y3TR91,gender_female,exposure_L69HYJ4Y3TR91_1_genderfemale,matched_restaurant,0.0278643558794411,0.0301626172,-0.2180828911,-0.09219965776,0.14411634276,0.263431536725
model_fits/finalized_redone_trunc_cp/t2_a5_customer_day/nonvegan,model_fits/finalized_redone_trunc_cp/t2_a5_customer_day/total,t2_a5_customer_day,nonvegan,NA,restaurant,ED5J990H5VAZT,gender_male,exposure_ED5J990H5VAZT_1_gendermale,matched_restaurant,0.0151206511007938,0.0151342055,-0.04392942135,-0.01442481912,0.04496115784,0.075637933805
model_fits/finalized_redone_trunc_cp/t2_a5_customer_day/nonvegan,model_fits/finalized_redone_trunc_cp/t2_a5_customer_day/total,t2_a5_customer_day,nonvegan,NA,restaurant,ED5J990H5VAZT,gender_female,exposure_ED5J990H5VAZT_1_genderfemale,matched_restaurant,0.00310586127314667,0.0029007265,-0.058201277025,-0.02725208364,0.03414877072,0.064545677575
model_fits/finalized_redone_trunc_cp/t2_a5_customer_day/nonvegan,model_fits/finalized_redone_trunc_cp/t2_a5_customer_day/total,t2_a5_customer_day,nonvegan,NA,restaurant,W8T41JZK0ZMEP,gender_male,exposure_W8T41JZK0ZMEP_1_gendermale,matched_restaurant,0.16004761111968,0.1417416655,-0.1988898885,-0.04378714876,0.3682683216,0.640667199675
model_fits/finalized_redone_trunc_cp/t2_a5_customer_day/nonvegan,model_fits/finalized_redone_trunc_cp/t2_a5_customer_day/total,t2_a5_customer_day,nonvegan,NA,restaurant,W8T41JZK0ZMEP,gender_female,exposure_W8T41JZK0ZMEP_1_genderfemale,matched_restaurant,0.0554717101439783,0.0558970735,-0.30357851775,-0.12271757984,0.2350137384,0.403332227
model_fits/finalized_redone_trunc_cp/t2_a5_customer_day/nonvegan,model_fits/finalized_redone_trunc_cp/t2_a5_customer_day/total,t2_a5_customer_day,nonvegan,NA,restaurant,W8T41JZK0ZMEP,gender_male,exposure_W8T41JZK0ZMEP_2_gendermale,matched_restaurant,0.157827725937791,0.1589129515,-0.1340842655,0.01190776604,0.304973562,0.44056126245
model_fits/finalized_redone_trunc_cp/t2_a5_customer_day/nonvegan,model_fits/finalized_redone_trunc_cp/t2_a5_customer_day/total,t2_a5_customer_day,nonvegan,NA,restaurant,W8T41JZK0ZMEP,gender_female,exposure_W8T41JZK0ZMEP_2_genderfemale,matched_restaurant,-0.060515344953736,-0.057167841,-0.319807642425,-0.18985788592,0.0699757135199999,0.188903656425
model_fits/finalized_redone_trunc_cp/t2_a5_customer_day/nonvegan,model_fits/finalized_redone_trunc_cp/t2_a5_customer_day/total,t2_a5_customer_day,nonvegan,NA,restaurant,W8T41JZK0ZMEP,gender_male,exposure_W8T41JZK0ZMEP_3_gendermale,matched_restaurant,-0.0894404596635023,-0.0812971515,-0.4078651246,-0.23780228708,0.05782484956,0.1854200286
model_fits/finalized_redone_trunc_cp/t2_a5_customer_day/nonvegan,model_fits/finalized_redone_trunc_cp/t2_a5_customer_day/total,t2_a5_customer_day,nonvegan,NA,restaurant,W8T41JZK0ZMEP,gender_female,exposure_W8T41JZK0ZMEP_3_genderfemale,matched_restaurant,-0.0575444360284033,-0.055164115,-0.3719827539,-0.21549473648,0.0953227349071999,0.2569570535
model_fits/finalized_redone_trunc_cp/t2_a5_customer_day/nonvegan,model_fits/finalized_redone_trunc_cp/t2_a5_customer_day/total,t2_a5_customer_day,nonvegan,NA,restaurant,W8T41JZK0ZMEP,gender_male,exposure_W8T41JZK0ZMEP_4_gendermale,matched_restaurant,0.11649044611993,0.1114776105,-0.15345966095,-0.02204288672,0.25796421436,0.431983368425
model_fits/finalized_redone_trunc_cp/t2_a5_customer_day/nonvegan,model_fits/finalized_redone_trunc_cp/t2_a5_customer_day/total,t2_a5_customer_day,nonvegan,NA,restaurant,W8T41JZK0ZMEP,gender_female,exposure_W8T41JZK0ZMEP_4_genderfemale,matched_restaurant,0.0923745369642873,0.0887004385,-0.2151607716,-0.06582611312,0.249961473072,0.42244579395
model_fits/finalized_redone_trunc_cp/t2_a5_customer_day/nonvegan,model_fits/finalized_redone_trunc_cp/t2_a5_customer_day/total,t2_a5_customer_day,nonvegan,NA,restaurant,W8T41JZK0ZMEP,gender_male,exposure_W8T41JZK0ZMEP_5_gendermale,matched_restaurant,-0.180152094136659,-0.1657295408,-0.68323109524,-0.41833789824,0.0509633650399998,0.2479537555
model_fits/finalized_redone_trunc_cp/t2_a5_customer_day/nonvegan,model_fits/finalized_redone_trunc_cp/t2_a5_customer_day/total,t2_a5_customer_day,nonvegan,NA,restaurant,W8T41JZK0ZMEP,gender_female,exposure_W8T41JZK0ZMEP_5_genderfemale,matched_restaurant,-0.1237181802525,-0.1247884995,-0.500389078,-0.3292927688,0.07099281828,0.2970369975
model_fits/finalized_redone_trunc_cp/t2_a5_customer_day/nonvegan,model_fits/finalized_redone_trunc_cp/t2_a5_customer_day/total,t2_a5_customer_day,nonvegan,NA,restaurant,EMBVNVD207CC6,gender_male,exposure_EMBVNVD207CC6_1_gendermale,matched_restaurant,0.212249655949867,0.20648072,-0.0270672965,0.0915360416,0.338207832,0.46382996725
model_fits/finalized_redone_trunc_cp/t2_a5_customer_day/nonvegan,model_fits/finalized_redone_trunc_cp/t2_a5_customer_day/total,t2_a5_customer_day,nonvegan,NA,restaurant,EMBVNVD207CC6,gender_female,exposure_EMBVNVD207CC6_1_genderfemale,matched_restaurant,0.157378781596383,0.152413531,-0.1862594067,-0.00872872332,0.329615696,0.49802835025
model_fits/finalized_redone_trunc_cp/t2_a5_customer_day/nonvegan,model_fits/finalized_redone_trunc_cp/t2_a5_customer_day/total,t2_a5_customer_day,nonvegan,NA,restaurant,C0BE4NDSW26QN,gender_male,exposure_C0BE4NDSW26QN_1_gendermale,matched_restaurant,0.00619773289620433,0.007945191,-0.378028160125,-0.16281922568,0.178834860456,0.378930340205
model_fits/finalized_redone_trunc_cp/t2_a5_customer_day/nonvegan,model_fits/finalized_redone_trunc_cp/t2_a5_customer_day/total,t2_a5_customer_day,nonvegan,NA,restaurant,C0BE4NDSW26QN,gender_female,exposure_C0BE4NDSW26QN_1_genderfemale,matched_restaurant,-0.01244343093805,-0.009736971,-0.660657781625,-0.274225096884,0.262515949,0.601839459
model_fits/finalized_redone_trunc_cp/t2_a5_customer_day/nonvegan,model_fits/finalized_redone_trunc_cp/t2_a5_customer_day/total,t2_a5_customer_day,nonvegan,NA,restaurant,C0BE4NDSW26QN,gender_male,exposure_C0BE4NDSW26QN_2_gendermale,matched_restaurant,-0.006894990158211,-0.00588256354999999,-0.3982386249075,-0.17852102904,0.16866105452,0.376802326275
model_fits/finalized_redone_trunc_cp/t2_a5_customer_day/nonvegan,model_fits/finalized_redone_trunc_cp/t2_a5_customer_day/total,t2_a5_customer_day,nonvegan,NA,restaurant,C0BE4NDSW26QN,gender_female,exposure_C0BE4NDSW26QN_2_genderfemale,matched_restaurant,0.0452351090665467,0.043674416,-0.57529865025,-0.22394126472,0.31243003676,0.6868932775
model_fits/finalized_redone_trunc_cp/t2_a5_customer_day/nonvegan,model_fits/finalized_redone_trunc_cp/t2_a5_customer_day/total,t2_a5_customer_day,nonvegan,NA,restaurant,V3Q26BHF3SE2H,gender_male,exposure_V3Q26BHF3SE2H_1_gendermale,matched_restaurant,0.0395610266063158,0.0378625385,-0.270818907225,-0.10021219044,0.18431176228,0.34736560825
model_fits/finalized_redone_trunc_cp/t2_a5_customer_day/nonvegan,model_fits/finalized_redone_trunc_cp/t2_a5_customer_day/total,t2_a5_customer_day,nonvegan,NA,restaurant,V3Q26BHF3SE2H,gender_female,exposure_V3Q26BHF3SE2H_1_genderfemale,matched_restaurant,0.0378618664532633,0.032981475,-0.37797293625,-0.1771024984,0.257653536,0.483166740825
model_fits/finalized_redone_trunc_cp/t2_a5_customer_day/nonvegan,model_fits/finalized_redone_trunc_cp/t2_a5_customer_day/total,t2_a5_customer_day,nonvegan,NA,restaurant,V3Q26BHF3SE2H,gender_male,exposure_V3Q26BHF3SE2H_2_gendermale,matched_restaurant,0.001404725102336,0.0043911225,-0.282142381975,-0.1313633438,0.13109448572,0.285707435125
model_fits/finalized_redone_trunc_cp/t2_a5_customer_day/nonvegan,model_fits/finalized_redone_trunc_cp/t2_a5_customer_day/total,t2_a5_customer_day,nonvegan,NA,restaurant,V3Q26BHF3SE2H,gender_female,exposure_V3Q26BHF3SE2H_2_genderfemale,matched_restaurant,-0.0650996997362716,-0.058892081,-0.435151677575,-0.2355311392,0.10673646996,0.268964059075
model_fits/finalized_redone_trunc_cp/t2_a5_customer_day/nonvegan,model_fits/finalized_redone_trunc_cp/t2_a5_customer_day/total,t2_a5_customer_day,nonvegan,NA,restaurant,V3Q26BHF3SE2H,gender_male,exposure_V3Q26BHF3SE2H_3_gendermale,matched_restaurant,-0.0601892595574458,-0.059205985,-0.28235644725,-0.17596071752,0.05370310644,0.165643839425
model_fits/finalized_redone_trunc_cp/t2_a5_customer_day/nonvegan,model_fits/finalized_redone_trunc_cp/t2_a5_customer_day/total,t2_a5_customer_day,nonvegan,NA,restaurant,V3Q26BHF3SE2H,gender_female,exposure_V3Q26BHF3SE2H_3_genderfemale,matched_restaurant,0.025183032471869,0.0255766935,-0.2404703624,-0.108040416512,0.157731716,0.273717096
model_fits/finalized_redone_trunc_cp/t2_a5_customer_day/nonvegan,model_fits/finalized_redone_trunc_cp/t2_a5_customer_day/total,t2_a5_customer_day,nonvegan,NA,restaurant,V3Q26BHF3SE2H,gender_male,exposure_V3Q26BHF3SE2H_4_gendermale,matched_restaurant,-0.0123697781544607,-0.01238938925,-0.250262102565,-0.1259170228,0.1071083354,0.221171193953
model_fits/finalized_redone_trunc_cp/t2_a5_customer_day/nonvegan,model_fits/finalized_redone_trunc_cp/t2_a5_customer_day/total,t2_a5_customer_day,nonvegan,NA,restaurant,V3Q26BHF3SE2H,gender_female,exposure_V3Q26BHF3SE2H_4_genderfemale,matched_restaurant,-0.0503495516273303,-0.05303448,-0.3521485856,-0.20750063424,0.1057508372,0.26248654025
model_fits/finalized_redone_trunc_cp/t2_a5_customer_day/nonvegan,model_fits/finalized_redone_trunc_cp/t2_a5_customer_day/total,t2_a5_customer_day,nonvegan,NA,restaurant,LBZEEFSBJNB3Z,gender_male,exposure_LBZEEFSBJNB3Z_1_gendermale,matched_restaurant,-0.03441507020088,-0.037668705,-0.2331353675,-0.1512374276,0.0795520788,0.190066235675
model_fits/finalized_redone_trunc_cp/t2_a5_customer_day/nonvegan,model_fits/finalized_redone_trunc_cp/t2_a5_customer_day/total,t2_a5_customer_day,nonvegan,NA,restaurant,LBZEEFSBJNB3Z,gender_female,exposure_LBZEEFSBJNB3Z_1_genderfemale,matched_restaurant,-0.000598840952807667,-0.0012720265,-0.1849129644,-0.103770083056,0.10146229936,0.19265742
model_fits/finalized_redone_trunc_cp/t2_a5_customer_day/nonvegan,model_fits/finalized_redone_trunc_cp/t2_a5_customer_day/total,t2_a5_customer_day,nonvegan,NA,restaurant,SAFK7ND1HR6XS,gender_male,exposure_SAFK7ND1HR6XS_1_gendermale,matched_restaurant,0.0727377917464233,0.07710156485,-0.167665525775,-0.046396141376,0.1919485828,0.2937553795
model_fits/finalized_redone_trunc_cp/t2_a5_customer_day/nonvegan,model_fits/finalized_redone_trunc_cp/t2_a5_customer_day/total,t2_a5_customer_day,nonvegan,NA,restaurant,SAFK7ND1HR6XS,gender_female,exposure_SAFK7ND1HR6XS_1_genderfemale,matched_restaurant,-0.0117707217271373,-0.009770122,-0.2973591935,-0.1464083152,0.12749700218,0.249532811175
model_fits/finalized_redone_trunc_cp/t2_a5_customer_day/nonvegan,model_fits/finalized_redone_trunc_cp/t2_a5_customer_day/total,t2_a5_customer_day,nonvegan,NA,restaurant,S8MT0YGD2KTN9,gender_male,exposure_S8MT0YGD2KTN9_1_gendermale,matched_restaurant,0.032581857482884,0.028810528,-0.1832652871,-0.07563436748,0.14142923384,0.27006810475
model_fits/finalized_redone_trunc_cp/t2_a5_customer_day/nonvegan,model_fits/finalized_redone_trunc_cp/t2_a5_customer_day/total,t2_a5_customer_day,nonvegan,NA,restaurant,S8MT0YGD2KTN9,gender_female,exposure_S8MT0YGD2KTN9_1_genderfemale,matched_restaurant,0.01246426859932,0.0163469085,-0.28785900175,-0.12845649,0.15318649732,0.284472857875
model_fits/finalized_redone_trunc_cp/t2_a5_customer_day/nonvegan,model_fits/finalized_redone_trunc_cp/t2_a5_customer_day/total,t2_a5_customer_day,nonvegan,NA,restaurant,1SQPTEGYPH0GA,gender_male,exposure_1SQPTEGYPH0GA_1_gendermale,matched_restaurant,0.0770950627041557,0.08486147,-0.228658477695,-0.06628470032,0.211792384,0.3613286795
model_fits/finalized_redone_trunc_cp/t2_a5_customer_day/nonvegan,model_fits/finalized_redone_trunc_cp/t2_a5_customer_day/total,t2_a5_customer_day,nonvegan,NA,restaurant,1SQPTEGYPH0GA,gender_female,exposure_1SQPTEGYPH0GA_1_genderfemale,matched_restaurant,0.105137096168833,0.108489875,-0.32713713125,-0.1038804256,0.3125270128,0.49839130075
model_fits/finalized_redone_trunc_cp/t2_a5_customer_day/nonvegan,model_fits/finalized_redone_trunc_cp/t2_a5_customer_day/total,t2_a5_customer_day,nonvegan,NA,restaurant,9XKJD8DQTH559,gender_male,exposure_9XKJD8DQTH559_1_gendermale,matched_restaurant,0.000168234683287067,-0.00351665500000002,-0.41939399495,-0.216843088,0.2269119248,0.424749996
model_fits/finalized_redone_trunc_cp/t2_a5_customer_day/nonvegan,model_fits/finalized_redone_trunc_cp/t2_a5_customer_day/total,t2_a5_customer_day,nonvegan,NA,restaurant,9XKJD8DQTH559,gender_female,exposure_9XKJD8DQTH559_1_genderfemale,matched_restaurant,0.13527083141343,0.116854763,-0.8345838875,-0.3149654376,0.61738564916,1.1206676318
model_fits/finalized_redone_trunc_cp/t2_a5_customer_day/nonvegan,model_fits/finalized_redone_trunc_cp/t2_a5_customer_day/total,t2_a5_customer_day,nonvegan,NA,restaurant,9XKJD8DQTH559,gender_male,exposure_9XKJD8DQTH559_2_gendermale,matched_restaurant,-0.0526619927122447,-0.04941419,-0.423820350775,-0.229842048,0.1193278204,0.307311250475
model_fits/finalized_redone_trunc_cp/t2_a5_customer_day/nonvegan,model_fits/finalized_redone_trunc_cp/t2_a5_customer_day/total,t2_a5_customer_day,nonvegan,NA,restaurant,9XKJD8DQTH559,gender_female,exposure_9XKJD8DQTH559_2_genderfemale,matched_restaurant,-0.201393216033437,-0.1887144255,-1.14134855109,-0.664380134068,0.2530674284,0.67623624425
model_fits/finalized_redone_trunc_cp/t2_a5_customer_day/nonvegan,model_fits/finalized_redone_trunc_cp/t2_a5_customer_day/total,t2_a5_customer_day,nonvegan,NA,restaurant,LQ5EH4BKGV61T,gender_male,exposure_LQ5EH4BKGV61T_1_gendermale,matched_restaurant,0.0208525115160607,0.00895298,-0.396662169075,-0.1658508308,0.217557564,0.4609888848
model_fits/finalized_redone_trunc_cp/t2_a5_customer_day/nonvegan,model_fits/finalized_redone_trunc_cp/t2_a5_customer_day/total,t2_a5_customer_day,nonvegan,NA,restaurant,LQ5EH4BKGV61T,gender_female,exposure_LQ5EH4BKGV61T_1_genderfemale,matched_restaurant,0.094005625588023,0.09258671195,-0.556824639075,-0.22502919604,0.409868934,0.743477631
model_fits/finalized_redone_trunc_cp/t2_a5_customer_day/nonvegan,model_fits/finalized_redone_trunc_cp/t2_a5_customer_day/total,t2_a5_customer_day,nonvegan,NA,restaurant,78AY09MVJVTYE,gender_male,exposure_78AY09MVJVTYE_1_gendermale,matched_restaurant,-0.0702459434628233,-0.07043202,-0.36832653625,-0.236966742,0.0927612508,0.2353497927
model_fits/finalized_redone_trunc_cp/t2_a5_customer_day/nonvegan,model_fits/finalized_redone_trunc_cp/t2_a5_customer_day/total,t2_a5_customer_day,nonvegan,NA,restaurant,78AY09MVJVTYE,gender_female,exposure_78AY09MVJVTYE_1_genderfemale,matched_restaurant,-0.0783219832951744,-0.079671465,-0.4020866217695,-0.24783055264,0.0925024228,0.2525387665
model_fits/finalized_redone_trunc_cp/t2_a5_customer_day/nonvegan,model_fits/finalized_redone_trunc_cp/t2_a5_customer_day/total,t2_a5_customer_day,nonvegan,1,pooled,NA,level,NA,mu_gamma_total,-0.0094143650190537,-0.0084465263,-0.113587337275,-0.055166163664,0.03628409968,0.0891215549000001
model_fits/finalized_redone_trunc_cp/t2_a5_customer_day/nonvegan,model_fits/finalized_redone_trunc_cp/t2_a5_customer_day/total,t2_a5_customer_day,nonvegan,2,pooled,NA,slope,NA,mu_gamma_total,-0.012146677333898,-0.0116251765,-0.135054773425,-0.070543567556,0.04681815712,0.107872486125
model_fits/finalized_redone_trunc_cp/t2_a5_customer_day/nonvegan,model_fits/finalized_redone_trunc_cp/t2_a5_customer_day/total,t2_a5_customer_day,nonvegan,3,pooled,NA,gender_male,NA,mu_gamma_total,0.0343097868926947,0.0332340233,-0.102231856475,-0.02610357332,0.095281578,0.179862958025
model_fits/finalized_redone_trunc_cp/t2_a5_customer_day/nonvegan,model_fits/finalized_redone_trunc_cp/t2_a5_customer_day/total,t2_a5_customer_day,nonvegan,4,pooled,NA,gender_female,NA,mu_gamma_total,0.0501410759160188,0.041510315,-0.1742710775,-0.06612102632,0.17576402316,0.29570281025
model_fits/finalized_redone_trunc_cp/t2_a5_customer_day/vegan,model_fits/finalized_redone_trunc_cp/t2_a5_customer_day/total,t2_a5_customer_day,vegan,NA,restaurant,SRQS8F7JWA9MZ,level,exposure_SRQS8F7JWA9MZ_1,matched_restaurant,-0.0237484811111667,-0.0241467,-0.12149181,-0.06821904084,0.023509256,0.071353515
model_fits/finalized_redone_trunc_cp/t2_a5_customer_day/vegan,model_fits/finalized_redone_trunc_cp/t2_a5_customer_day/total,t2_a5_customer_day,vegan,NA,restaurant,SRQS8F7JWA9MZ,level,exposure_SRQS8F7JWA9MZ_2,matched_restaurant,0.0338528007919333,0.03403215,-0.064258785,-0.012644468,0.079905496,0.1328817125
model_fits/finalized_redone_trunc_cp/t2_a5_customer_day/vegan,model_fits/finalized_redone_trunc_cp/t2_a5_customer_day/total,t2_a5_customer_day,vegan,NA,restaurant,2HRX9P6HKXA8V,level,exposure_2HRX9P6HKXA8V_1,matched_restaurant,0.00962538829136667,0.01054318,-0.125568476,-0.053604088,0.072254428,0.14490858275
model_fits/finalized_redone_trunc_cp/t2_a5_customer_day/vegan,model_fits/finalized_redone_trunc_cp/t2_a5_customer_day/total,t2_a5_customer_day,vegan,NA,restaurant,L69HYJ4Y3TR91,level,exposure_L69HYJ4Y3TR91_1,matched_restaurant,-0.0367661029444633,-0.03065615,-0.2074700575,-0.104159656,0.0322660772,0.110044265
model_fits/finalized_redone_trunc_cp/t2_a5_customer_day/vegan,model_fits/finalized_redone_trunc_cp/t2_a5_customer_day/total,t2_a5_customer_day,vegan,NA,restaurant,ED5J990H5VAZT,level,exposure_ED5J990H5VAZT_1,matched_restaurant,0.0178845278364207,0.01731222,-0.04382734025,-0.0136574756,0.0500532584,0.0811155465
model_fits/finalized_redone_trunc_cp/t2_a5_customer_day/vegan,model_fits/finalized_redone_trunc_cp/t2_a5_customer_day/total,t2_a5_customer_day,vegan,NA,restaurant,W8T41JZK0ZMEP,level,exposure_W8T41JZK0ZMEP_1,matched_restaurant,-0.0736305953554,-0.07308187,-0.25863225,-0.170232088,0.020179184,0.1278696
model_fits/finalized_redone_trunc_cp/t2_a5_customer_day/vegan,model_fits/finalized_redone_trunc_cp/t2_a5_customer_day/total,t2_a5_customer_day,vegan,NA,restaurant,W8T41JZK0ZMEP,level,exposure_W8T41JZK0ZMEP_2,matched_restaurant,0.149540694912033,0.1501015,-0.041133975,0.050518856,0.2475453568,0.339137315
model_fits/finalized_redone_trunc_cp/t2_a5_customer_day/vegan,model_fits/finalized_redone_trunc_cp/t2_a5_customer_day/total,t2_a5_customer_day,vegan,NA,restaurant,W8T41JZK0ZMEP,level,exposure_W8T41JZK0ZMEP_3,matched_restaurant,-0.108123991986667,-0.10405805,-0.285514835,-0.196170892,-0.0235860644,0.0566502625
model_fits/finalized_redone_trunc_cp/t2_a5_customer_day/vegan,model_fits/finalized_redone_trunc_cp/t2_a5_customer_day/total,t2_a5_customer_day,vegan,NA,restaurant,W8T41JZK0ZMEP,level,exposure_W8T41JZK0ZMEP_4,matched_restaurant,-0.0661063293625667,-0.0631284,-0.2467608325,-0.14941132,0.016009312,0.10110973775
model_fits/finalized_redone_trunc_cp/t2_a5_customer_day/vegan,model_fits/finalized_redone_trunc_cp/t2_a5_customer_day/total,t2_a5_customer_day,vegan,NA,restaurant,W8T41JZK0ZMEP,level,exposure_W8T41JZK0ZMEP_5,matched_restaurant,0.000274904560033333,-0.0022123,-0.193053025,-0.0960572892,0.0971467888,0.2074007975
model_fits/finalized_redone_trunc_cp/t2_a5_customer_day/vegan,model_fits/finalized_redone_trunc_cp/t2_a5_customer_day/total,t2_a5_customer_day,vegan,NA,restaurant,EMBVNVD207CC6,level,exposure_EMBVNVD207CC6_1,matched_restaurant,-0.0916580550919967,-0.07013633,-0.3362712575,-0.197372552,0.002699292,0.05906107025
model_fits/finalized_redone_trunc_cp/t2_a5_customer_day/vegan,model_fits/finalized_redone_trunc_cp/t2_a5_customer_day/total,t2_a5_customer_day,vegan,NA,restaurant,C0BE4NDSW26QN,level,exposure_C0BE4NDSW26QN_1,matched_restaurant,0.0509253681826667,0.04963399,-0.17623925,-0.058276896,0.155523916,0.2797103575
model_fits/finalized_redone_trunc_cp/t2_a5_customer_day/vegan,model_fits/finalized_redone_trunc_cp/t2_a5_customer_day/total,t2_a5_customer_day,vegan,NA,restaurant,C0BE4NDSW26QN,level,exposure_C0BE4NDSW26QN_2,matched_restaurant,0.0578853122793645,0.0538367,-0.157512905,-0.048772596,0.16525136,0.2883857775
model_fits/finalized_redone_trunc_cp/t2_a5_customer_day/vegan,model_fits/finalized_redone_trunc_cp/t2_a5_customer_day/total,t2_a5_customer_day,vegan,NA,restaurant,V3Q26BHF3SE2H,level,exposure_V3Q26BHF3SE2H_1,matched_restaurant,0.0457572063554333,0.045694955,-0.0966929275,-0.023360936,0.1128931364,0.19372350425
model_fits/finalized_redone_trunc_cp/t2_a5_customer_day/vegan,model_fits/finalized_redone_trunc_cp/t2_a5_customer_day/total,t2_a5_customer_day,vegan,NA,restaurant,V3Q26BHF3SE2H,level,exposure_V3Q26BHF3SE2H_2,matched_restaurant,0.0750615426490067,0.07595965,-0.06953717675,0.00714211240000002,0.145068252,0.209210825
model_fits/finalized_redone_trunc_cp/t2_a5_customer_day/vegan,model_fits/finalized_redone_trunc_cp/t2_a5_customer_day/total,t2_a5_customer_day,vegan,NA,restaurant,V3Q26BHF3SE2H,level,exposure_V3Q26BHF3SE2H_3,matched_restaurant,-0.1043905131888,-0.1012909,-0.24388751,-0.169064356,-0.041354464,0.02087328
model_fits/finalized_redone_trunc_cp/t2_a5_customer_day/vegan,model_fits/finalized_redone_trunc_cp/t2_a5_customer_day/total,t2_a5_customer_day,vegan,NA,restaurant,V3Q26BHF3SE2H,level,exposure_V3Q26BHF3SE2H_4,matched_restaurant,0.0042356732044,0.00252651,-0.120150345,-0.0564324864,0.0636717096,0.1474190275
model_fits/finalized_redone_trunc_cp/t2_a5_customer_day/vegan,model_fits/finalized_redone_trunc_cp/t2_a5_customer_day/total,t2_a5_customer_day,vegan,NA,restaurant,LBZEEFSBJNB3Z,level,exposure_LBZEEFSBJNB3Z_1,matched_restaurant,0.0370001620976,0.030403278,-0.087862785,-0.025605672,0.102184748,0.18504934175
model_fits/finalized_redone_trunc_cp/t2_a5_customer_day/vegan,model_fits/finalized_redone_trunc_cp/t2_a5_customer_day/total,t2_a5_customer_day,vegan,NA,restaurant,SAFK7ND1HR6XS,level,exposure_SAFK7ND1HR6XS_1,matched_restaurant,-0.0332291850348533,-0.03025397,-0.17186231825,-0.097713688,0.0291921168,0.10020861675
model_fits/finalized_redone_trunc_cp/t2_a5_customer_day/vegan,model_fits/finalized_redone_trunc_cp/t2_a5_customer_day/total,t2_a5_customer_day,vegan,NA,restaurant,S8MT0YGD2KTN9,level,exposure_S8MT0YGD2KTN9_1,matched_restaurant,0.0450259256138867,0.0295619,-0.1041953175,-0.043889236,0.136867152,0.274245553
model_fits/finalized_redone_trunc_cp/t2_a5_customer_day/vegan,model_fits/finalized_redone_trunc_cp/t2_a5_customer_day/total,t2_a5_customer_day,vegan,NA,restaurant,1SQPTEGYPH0GA,level,exposure_1SQPTEGYPH0GA_1,matched_restaurant,-0.0920460622515,-0.06547449,-0.34619361185,-0.19126188,-0.00209637920000002,0.04627278425
model_fits/finalized_redone_trunc_cp/t2_a5_customer_day/vegan,model_fits/finalized_redone_trunc_cp/t2_a5_customer_day/total,t2_a5_customer_day,vegan,NA,restaurant,9XKJD8DQTH559,level,exposure_9XKJD8DQTH559_1,matched_restaurant,-0.114090796334466,-0.1161833,-0.3254080525,-0.218721376,-0.011928832,0.11220929
model_fits/finalized_redone_trunc_cp/t2_a5_customer_day/vegan,model_fits/finalized_redone_trunc_cp/t2_a5_customer_day/total,t2_a5_customer_day,vegan,NA,restaurant,9XKJD8DQTH559,level,exposure_9XKJD8DQTH559_2,matched_restaurant,0.00495484926926667,0.01382927,-0.226571669,-0.09028448,0.1043442448,0.1868497104
model_fits/finalized_redone_trunc_cp/t2_a5_customer_day/vegan,model_fits/finalized_redone_trunc_cp/t2_a5_customer_day/total,t2_a5_customer_day,vegan,NA,restaurant,LQ5EH4BKGV61T,level,exposure_LQ5EH4BKGV61T_1,matched_restaurant,-0.00220412516993333,-0.0053268,-0.20504389,-0.0802447406,0.074596022,0.2206660175
model_fits/finalized_redone_trunc_cp/t2_a5_customer_day/vegan,model_fits/finalized_redone_trunc_cp/t2_a5_customer_day/total,t2_a5_customer_day,vegan,NA,restaurant,78AY09MVJVTYE,level,exposure_78AY09MVJVTYE_1,matched_restaurant,-0.063451711636366,-0.054978419,-0.249393565,-0.136440656,0.0069956712,0.08115591725
model_fits/finalized_redone_trunc_cp/t2_a5_customer_day/vegan,model_fits/finalized_redone_trunc_cp/t2_a5_customer_day/total,t2_a5_customer_day,vegan,NA,restaurant,SRQS8F7JWA9MZ,slope,exposure_SRQS8F7JWA9MZ_1_slope,matched_restaurant,0.0775988567047224,0.070102,-0.108212945,0.0050489616,0.1524084896,0.30378393
model_fits/finalized_redone_trunc_cp/t2_a5_customer_day/vegan,model_fits/finalized_redone_trunc_cp/t2_a5_customer_day/total,t2_a5_customer_day,vegan,NA,restaurant,SRQS8F7JWA9MZ,slope,exposure_SRQS8F7JWA9MZ_2_slope,matched_restaurant,0.0562614158425233,0.060984425,-0.16346395775,-0.0152141148,0.1318296356,0.25053915
model_fits/finalized_redone_trunc_cp/t2_a5_customer_day/vegan,model_fits/finalized_redone_trunc_cp/t2_a5_customer_day/total,t2_a5_customer_day,vegan,NA,restaurant,2HRX9P6HKXA8V,slope,exposure_2HRX9P6HKXA8V_1_slope,matched_restaurant,-0.025156211016566,-0.025740305,-0.113678455,-0.0696957928,0.019112096,0.059595668
model_fits/finalized_redone_trunc_cp/t2_a5_customer_day/vegan,model_fits/finalized_redone_trunc_cp/t2_a5_customer_day/total,t2_a5_customer_day,vegan,NA,restaurant,L69HYJ4Y3TR91,slope,exposure_L69HYJ4Y3TR91_1_slope,matched_restaurant,-0.0179962862716667,-0.01549085,-0.269333313,-0.134850218,0.09431738,0.240542355
model_fits/finalized_redone_trunc_cp/t2_a5_customer_day/vegan,model_fits/finalized_redone_trunc_cp/t2_a5_customer_day/total,t2_a5_customer_day,vegan,NA,restaurant,ED5J990H5VAZT,slope,exposure_ED5J990H5VAZT_1_slope,matched_restaurant,-0.00701416081916333,-0.006783055,-0.1051023525,-0.0550854568,0.040309914,0.0879521715
model_fits/finalized_redone_trunc_cp/t2_a5_customer_day/vegan,model_fits/finalized_redone_trunc_cp/t2_a5_customer_day/total,t2_a5_customer_day,vegan,NA,restaurant,W8T41JZK0ZMEP,slope,exposure_W8T41JZK0ZMEP_1_slope,matched_restaurant,0.0279522141996733,0.0221533255,-0.22412701825,-0.06065224784,0.113373456,0.30357993
model_fits/finalized_redone_trunc_cp/t2_a5_customer_day/vegan,model_fits/finalized_redone_trunc_cp/t2_a5_customer_day/total,t2_a5_customer_day,vegan,NA,restaurant,W8T41JZK0ZMEP,slope,exposure_W8T41JZK0ZMEP_2_slope,matched_restaurant,-0.0267093381540353,-0.00522025,-0.3557492805,-0.118485732,0.0695509516,0.1811314425
model_fits/finalized_redone_trunc_cp/t2_a5_customer_day/vegan,model_fits/finalized_redone_trunc_cp/t2_a5_customer_day/total,t2_a5_customer_day,vegan,NA,restaurant,W8T41JZK0ZMEP,slope,exposure_W8T41JZK0ZMEP_3_slope,matched_restaurant,0.03495724779257,0.02510985,-0.209888565,-0.056766224,0.125700736,0.34159840725
model_fits/finalized_redone_trunc_cp/t2_a5_customer_day/vegan,model_fits/finalized_redone_trunc_cp/t2_a5_customer_day/total,t2_a5_customer_day,vegan,NA,restaurant,W8T41JZK0ZMEP,slope,exposure_W8T41JZK0ZMEP_4_slope,matched_restaurant,0.0142275697501467,0.01209998,-0.23995383675,-0.07651774,0.103094052,0.293210785
model_fits/finalized_redone_trunc_cp/t2_a5_customer_day/vegan,model_fits/finalized_redone_trunc_cp/t2_a5_customer_day/total,t2_a5_customer_day,vegan,NA,restaurant,W8T41JZK0ZMEP,slope,exposure_W8T41JZK0ZMEP_5_slope,matched_restaurant,0.0224166595902567,0.018484405,-0.21992703075,-0.0657311468,0.109709816,0.287067117
model_fits/finalized_redone_trunc_cp/t2_a5_customer_day/vegan,model_fits/finalized_redone_trunc_cp/t2_a5_customer_day/total,t2_a5_customer_day,vegan,NA,restaurant,EMBVNVD207CC6,slope,exposure_EMBVNVD207CC6_1_slope,matched_restaurant,-0.184791416967433,-0.19359455,-0.4023150375,-0.305328036,-0.049961704,0.0430481675000001
model_fits/finalized_redone_trunc_cp/t2_a5_customer_day/vegan,model_fits/finalized_redone_trunc_cp/t2_a5_customer_day/total,t2_a5_customer_day,vegan,NA,restaurant,C0BE4NDSW26QN,slope,exposure_C0BE4NDSW26QN_1_slope,matched_restaurant,-0.00496690725603,-0.01161527,-0.15518057525,-0.0689455952,0.0634547528,0.1608692495
model_fits/finalized_redone_trunc_cp/t2_a5_customer_day/vegan,model_fits/finalized_redone_trunc_cp/t2_a5_customer_day/total,t2_a5_customer_day,vegan,NA,restaurant,C0BE4NDSW26QN,slope,exposure_C0BE4NDSW26QN_2_slope,matched_restaurant,-0.0593118303399667,-0.04703229,-0.24942183425,-0.134053944,0.00879207199999997,0.0942654075
model_fits/finalized_redone_trunc_cp/t2_a5_customer_day/vegan,model_fits/finalized_redone_trunc_cp/t2_a5_customer_day/total,t2_a5_customer_day,vegan,NA,restaurant,V3Q26BHF3SE2H,slope,exposure_V3Q26BHF3SE2H_1_slope,matched_restaurant,0.01325180938912,0.01784215,-0.26420627425,-0.0736880976,0.100574144,0.274087275
model_fits/finalized_redone_trunc_cp/t2_a5_customer_day/vegan,model_fits/finalized_redone_trunc_cp/t2_a5_customer_day/total,t2_a5_customer_day,vegan,NA,restaurant,V3Q26BHF3SE2H,slope,exposure_V3Q26BHF3SE2H_2_slope,matched_restaurant,0.0141571720702267,0.0200604,-0.2545473875,-0.071867192,0.1027608656,0.248147465
model_fits/finalized_redone_trunc_cp/t2_a5_customer_day/vegan,model_fits/finalized_redone_trunc_cp/t2_a5_customer_day/total,t2_a5_customer_day,vegan,NA,restaurant,V3Q26BHF3SE2H,slope,exposure_V3Q26BHF3SE2H_3_slope,matched_restaurant,0.0560631774721,0.043428225,-0.1532774975,-0.0345522224,0.1441720864,0.34337078375
model_fits/finalized_redone_trunc_cp/t2_a5_customer_day/vegan,model_fits/finalized_redone_trunc_cp/t2_a5_customer_day/total,t2_a5_customer_day,vegan,NA,restaurant,V3Q26BHF3SE2H,slope,exposure_V3Q26BHF3SE2H_4_slope,matched_restaurant,0.0147515439055633,0.019765795,-0.258447715,-0.072123196,0.1026219092,0.25334963
model_fits/finalized_redone_trunc_cp/t2_a5_customer_day/vegan,model_fits/finalized_redone_trunc_cp/t2_a5_customer_day/total,t2_a5_customer_day,vegan,NA,restaurant,LBZEEFSBJNB3Z,slope,exposure_LBZEEFSBJNB3Z_1_slope,matched_restaurant,0.0965801259592,0.087963105,-0.07869526125,-0.00384435679999999,0.199780376,0.322775965
model_fits/finalized_redone_trunc_cp/t2_a5_customer_day/vegan,model_fits/finalized_redone_trunc_cp/t2_a5_customer_day/total,t2_a5_customer_day,vegan,NA,restaurant,SAFK7ND1HR6XS,slope,exposure_SAFK7ND1HR6XS_1_slope,matched_restaurant,-0.0285835928827133,-0.024933955,-0.29828317875,-0.1476097156,0.08104716,0.241235265
model_fits/finalized_redone_trunc_cp/t2_a5_customer_day/vegan,model_fits/finalized_redone_trunc_cp/t2_a5_customer_day/total,t2_a5_customer_day,vegan,NA,restaurant,S8MT0YGD2KTN9,slope,exposure_S8MT0YGD2KTN9_1_slope,matched_restaurant,-0.0213424509640333,-0.0232229,-0.1396795,-0.083313728,0.040158388,0.1084506325
model_fits/finalized_redone_trunc_cp/t2_a5_customer_day/vegan,model_fits/finalized_redone_trunc_cp/t2_a5_customer_day/total,t2_a5_customer_day,vegan,NA,restaurant,1SQPTEGYPH0GA,slope,exposure_1SQPTEGYPH0GA_1_slope,matched_restaurant,-0.184712051778433,-0.195804195,-0.399053983,-0.30385812,-0.047096336,0.03457479725
model_fits/finalized_redone_trunc_cp/t2_a5_customer_day/vegan,model_fits/finalized_redone_trunc_cp/t2_a5_customer_day/total,t2_a5_customer_day,vegan,NA,restaurant,9XKJD8DQTH559,slope,exposure_9XKJD8DQTH559_1_slope,matched_restaurant,-0.06298849470907,-0.05862549,-0.31092695,-0.162961628,0.0418253936,0.17121598925
model_fits/finalized_redone_trunc_cp/t2_a5_customer_day/vegan,model_fits/finalized_redone_trunc_cp/t2_a5_customer_day/total,t2_a5_customer_day,vegan,NA,restaurant,9XKJD8DQTH559,slope,exposure_9XKJD8DQTH559_2_slope,matched_restaurant,-0.0597974656475633,-0.05987965,-0.28750494,-0.162584596,0.042270372,0.1619123425
model_fits/finalized_redone_trunc_cp/t2_a5_customer_day/vegan,model_fits/finalized_redone_trunc_cp/t2_a5_customer_day/total,t2_a5_customer_day,vegan,NA,restaurant,LQ5EH4BKGV61T,slope,exposure_LQ5EH4BKGV61T_1_slope,matched_restaurant,-0.0193372005316,-0.013754415,-0.303488005,-0.1386264428,0.0929886924,0.2564910725
model_fits/finalized_redone_trunc_cp/t2_a5_customer_day/vegan,model_fits/finalized_redone_trunc_cp/t2_a5_customer_day/total,t2_a5_customer_day,vegan,NA,restaurant,78AY09MVJVTYE,slope,exposure_78AY09MVJVTYE_1_slope,matched_restaurant,-0.0263958277840333,-0.026310855,-0.11392379,-0.0674156,0.016013684,0.0548698325
model_fits/finalized_redone_trunc_cp/t2_a5_customer_day/vegan,model_fits/finalized_redone_trunc_cp/t2_a5_customer_day/total,t2_a5_customer_day,vegan,NA,restaurant,SRQS8F7JWA9MZ,gender_male,exposure_SRQS8F7JWA9MZ_1_gendermale,matched_restaurant,-0.101255512262467,-0.09829865,-0.2743165275,-0.18841738,-0.01515028432,0.0552655575
model_fits/finalized_redone_trunc_cp/t2_a5_customer_day/vegan,model_fits/finalized_redone_trunc_cp/t2_a5_customer_day/total,t2_a5_customer_day,vegan,NA,restaurant,SRQS8F7JWA9MZ,gender_female,exposure_SRQS8F7JWA9MZ_1_genderfemale,matched_restaurant,0.02907143572443,0.02457635,-0.137867855,-0.0556917308,0.117964648,0.2036665325
model_fits/finalized_redone_trunc_cp/t2_a5_customer_day/vegan,model_fits/finalized_redone_trunc_cp/t2_a5_customer_day/total,t2_a5_customer_day,vegan,NA,restaurant,SRQS8F7JWA9MZ,gender_male,exposure_SRQS8F7JWA9MZ_2_gendermale,matched_restaurant,0.0698116507336667,0.06652885,-0.09039949,-0.018727868,0.158110052,0.250891193
model_fits/finalized_redone_trunc_cp/t2_a5_customer_day/vegan,model_fits/finalized_redone_trunc_cp/t2_a5_customer_day/total,t2_a5_customer_day,vegan,NA,restaurant,SRQS8F7JWA9MZ,gender_female,exposure_SRQS8F7JWA9MZ_2_genderfemale,matched_restaurant,0.01237412419274,0.0145585,-0.1687510835,-0.0810851088,0.1043499876,0.186322055
model_fits/finalized_redone_trunc_cp/t2_a5_customer_day/vegan,model_fits/finalized_redone_trunc_cp/t2_a5_customer_day/total,t2_a5_customer_day,vegan,NA,restaurant,2HRX9P6HKXA8V,gender_male,exposure_2HRX9P6HKXA8V_1_gendermale,matched_restaurant,0.00326205693526,0.0057657025,-0.161696785,-0.0736256272,0.075504146,0.15993501
model_fits/finalized_redone_trunc_cp/t2_a5_customer_day/vegan,model_fits/finalized_redone_trunc_cp/t2_a5_customer_day/total,t2_a5_customer_day,vegan,NA,restaurant,2HRX9P6HKXA8V,gender_female,exposure_2HRX9P6HKXA8V_1_genderfemale,matched_restaurant,0.1986176606659,0.19769105,0.011416845,0.099112368,0.297427572,0.3892877575
model_fits/finalized_redone_trunc_cp/t2_a5_customer_day/vegan,model_fits/finalized_redone_trunc_cp/t2_a5_customer_day/total,t2_a5_customer_day,vegan,NA,restaurant,L69HYJ4Y3TR91,gender_male,exposure_L69HYJ4Y3TR91_1_gendermale,matched_restaurant,-0.176697345051233,-0.174171505,-0.38015033,-0.2807090232,-0.0689763952,0.0155057625
model_fits/finalized_redone_trunc_cp/t2_a5_customer_day/vegan,model_fits/finalized_redone_trunc_cp/t2_a5_customer_day/total,t2_a5_customer_day,vegan,NA,restaurant,L69HYJ4Y3TR91,gender_female,exposure_L69HYJ4Y3TR91_1_genderfemale,matched_restaurant,0.051631317813,0.0526981955,-0.13612491175,-0.0398521,0.1438225192,0.23739695975
model_fits/finalized_redone_trunc_cp/t2_a5_customer_day/vegan,model_fits/finalized_redone_trunc_cp/t2_a5_customer_day/total,t2_a5_customer_day,vegan,NA,restaurant,ED5J990H5VAZT,gender_male,exposure_ED5J990H5VAZT_1_gendermale,matched_restaurant,0.0150180482764433,0.015446185,-0.0309559754225,-0.00875967552,0.03800917,0.0612998507
model_fits/finalized_redone_trunc_cp/t2_a5_customer_day/vegan,model_fits/finalized_redone_trunc_cp/t2_a5_customer_day/total,t2_a5_customer_day,vegan,NA,restaurant,ED5J990H5VAZT,gender_female,exposure_ED5J990H5VAZT_1_genderfemale,matched_restaurant,-0.0266238453704167,-0.026892005,-0.07365265,-0.050480556592,-0.0020496196,0.01912994525
model_fits/finalized_redone_trunc_cp/t2_a5_customer_day/vegan,model_fits/finalized_redone_trunc_cp/t2_a5_customer_day/total,t2_a5_customer_day,vegan,NA,restaurant,W8T41JZK0ZMEP,gender_male,exposure_W8T41JZK0ZMEP_1_gendermale,matched_restaurant,0.2150697140506,0.19067966,-0.08580006475,0.0242775336,0.402381088,0.6594146075
model_fits/finalized_redone_trunc_cp/t2_a5_customer_day/vegan,model_fits/finalized_redone_trunc_cp/t2_a5_customer_day/total,t2_a5_customer_day,vegan,NA,restaurant,W8T41JZK0ZMEP,gender_female,exposure_W8T41JZK0ZMEP_1_genderfemale,matched_restaurant,0.0641588818898,0.06375325,-0.23142103125,-0.073950852,0.202697944,0.346781515
model_fits/finalized_redone_trunc_cp/t2_a5_customer_day/vegan,model_fits/finalized_redone_trunc_cp/t2_a5_customer_day/total,t2_a5_customer_day,vegan,NA,restaurant,W8T41JZK0ZMEP,gender_male,exposure_W8T41JZK0ZMEP_2_gendermale,matched_restaurant,0.245101613699023,0.2437774585,0.0183893175,0.120113088,0.368368776,0.4982205625
model_fits/finalized_redone_trunc_cp/t2_a5_customer_day/vegan,model_fits/finalized_redone_trunc_cp/t2_a5_customer_day/total,t2_a5_customer_day,vegan,NA,restaurant,W8T41JZK0ZMEP,gender_female,exposure_W8T41JZK0ZMEP_2_genderfemale,matched_restaurant,0.00234525534003333,0.00768220000000001,-0.2234348275,-0.1110432984,0.1079174164,0.222441855
model_fits/finalized_redone_trunc_cp/t2_a5_customer_day/vegan,model_fits/finalized_redone_trunc_cp/t2_a5_customer_day/total,t2_a5_customer_day,vegan,NA,restaurant,W8T41JZK0ZMEP,gender_male,exposure_W8T41JZK0ZMEP_3_gendermale,matched_restaurant,-0.1186429687964,-0.1150481,-0.4096520675,-0.2513389868,0.0206865016,0.140895035
model_fits/finalized_redone_trunc_cp/t2_a5_customer_day/vegan,model_fits/finalized_redone_trunc_cp/t2_a5_customer_day/total,t2_a5_customer_day,vegan,NA,restaurant,W8T41JZK0ZMEP,gender_female,exposure_W8T41JZK0ZMEP_3_genderfemale,matched_restaurant,-0.0473533265859333,-0.0405911,-0.3187341525,-0.17928894,0.0796807,0.1967910675
model_fits/finalized_redone_trunc_cp/t2_a5_customer_day/vegan,model_fits/finalized_redone_trunc_cp/t2_a5_customer_day/total,t2_a5_customer_day,vegan,NA,restaurant,W8T41JZK0ZMEP,gender_male,exposure_W8T41JZK0ZMEP_4_gendermale,matched_restaurant,0.0715293784395333,0.0673901,-0.18500652,-0.058445836,0.201782908,0.3388142325
model_fits/finalized_redone_trunc_cp/t2_a5_customer_day/vegan,model_fits/finalized_redone_trunc_cp/t2_a5_customer_day/total,t2_a5_customer_day,vegan,NA,restaurant,W8T41JZK0ZMEP,gender_female,exposure_W8T41JZK0ZMEP_4_genderfemale,matched_restaurant,0.0995941748099333,0.09211175,-0.16872145025,-0.0294278052,0.23672026,0.387918182
model_fits/finalized_redone_trunc_cp/t2_a5_customer_day/vegan,model_fits/finalized_redone_trunc_cp/t2_a5_customer_day/total,t2_a5_customer_day,vegan,NA,restaurant,W8T41JZK0ZMEP,gender_male,exposure_W8T41JZK0ZMEP_5_gendermale,matched_restaurant,-0.258818280507733,-0.23979445,-0.7440657225,-0.471697918,-0.0418167160000001,0.0925198875
model_fits/finalized_redone_trunc_cp/t2_a5_customer_day/vegan,model_fits/finalized_redone_trunc_cp/t2_a5_customer_day/total,t2_a5_customer_day,vegan,NA,restaurant,W8T41JZK0ZMEP,gender_female,exposure_W8T41JZK0ZMEP_5_genderfemale,matched_restaurant,0.151294177462967,0.1382059,-0.1396969475,0.00454366400000001,0.30482124,0.4846415725
model_fits/finalized_redone_trunc_cp/t2_a5_customer_day/vegan,model_fits/finalized_redone_trunc_cp/t2_a5_customer_day/total,t2_a5_customer_day,vegan,NA,restaurant,EMBVNVD207CC6,gender_male,exposure_EMBVNVD207CC6_1_gendermale,matched_restaurant,-0.0520281358296,-0.04767373,-0.2263132384,-0.136433588,0.027052,0.10827817
model_fits/finalized_redone_trunc_cp/t2_a5_customer_day/vegan,model_fits/finalized_redone_trunc_cp/t2_a5_customer_day/total,t2_a5_customer_day,vegan,NA,restaurant,EMBVNVD207CC6,gender_female,exposure_EMBVNVD207CC6_1_genderfemale,matched_restaurant,0.0228481918200367,0.021537985,-0.228804675,-0.1061276316,0.151725388,0.282369203
model_fits/finalized_redone_trunc_cp/t2_a5_customer_day/vegan,model_fits/finalized_redone_trunc_cp/t2_a5_customer_day/total,t2_a5_customer_day,vegan,NA,restaurant,C0BE4NDSW26QN,gender_male,exposure_C0BE4NDSW26QN_1_gendermale,matched_restaurant,-0.0309169946907733,-0.02722158,-0.38775541,-0.180120716,0.120674816,0.3115337235
model_fits/finalized_redone_trunc_cp/t2_a5_customer_day/vegan,model_fits/finalized_redone_trunc_cp/t2_a5_customer_day/total,t2_a5_customer_day,vegan,NA,restaurant,C0BE4NDSW26QN,gender_female,exposure_C0BE4NDSW26QN_1_genderfemale,matched_restaurant,-0.1075478401236,-0.104001165,-0.68704070425,-0.307852052,0.0916016759999999,0.418705145
model_fits/finalized_redone_trunc_cp/t2_a5_customer_day/vegan,model_fits/finalized_redone_trunc_cp/t2_a5_customer_day/total,t2_a5_customer_day,vegan,NA,restaurant,C0BE4NDSW26QN,gender_male,exposure_C0BE4NDSW26QN_2_gendermale,matched_restaurant,-0.03282606484819,-0.0353151,-0.37540119,-0.18514406,0.124937284,0.31456046
model_fits/finalized_redone_trunc_cp/t2_a5_customer_day/vegan,model_fits/finalized_redone_trunc_cp/t2_a5_customer_day/total,t2_a5_customer_day,vegan,NA,restaurant,C0BE4NDSW26QN,gender_female,exposure_C0BE4NDSW26QN_2_genderfemale,matched_restaurant,-0.09757060659093,-0.0977897,-0.63073397,-0.304866192,0.106816292,0.463748235
model_fits/finalized_redone_trunc_cp/t2_a5_customer_day/vegan,model_fits/finalized_redone_trunc_cp/t2_a5_customer_day/total,t2_a5_customer_day,vegan,NA,restaurant,V3Q26BHF3SE2H,gender_male,exposure_V3Q26BHF3SE2H_1_gendermale,matched_restaurant,0.0392813803413933,0.036643115,-0.24024603025,-0.0862924612,0.168406296,0.318955828
model_fits/finalized_redone_trunc_cp/t2_a5_customer_day/vegan,model_fits/finalized_redone_trunc_cp/t2_a5_customer_day/total,t2_a5_customer_day,vegan,NA,restaurant,V3Q26BHF3SE2H,gender_female,exposure_V3Q26BHF3SE2H_1_genderfemale,matched_restaurant,0.21734343774601,0.20604496,-0.0625123225,0.042710776,0.3888769808,0.5878612125
model_fits/finalized_redone_trunc_cp/t2_a5_customer_day/vegan,model_fits/finalized_redone_trunc_cp/t2_a5_customer_day/total,t2_a5_customer_day,vegan,NA,restaurant,V3Q26BHF3SE2H,gender_male,exposure_V3Q26BHF3SE2H_2_gendermale,matched_restaurant,-0.0389035259914333,-0.0400598,-0.29013165225,-0.15522596,0.0745697572,0.2003845525
model_fits/finalized_redone_trunc_cp/t2_a5_customer_day/vegan,model_fits/finalized_redone_trunc_cp/t2_a5_customer_day/total,t2_a5_customer_day,vegan,NA,restaurant,V3Q26BHF3SE2H,gender_female,exposure_V3Q26BHF3SE2H_2_genderfemale,matched_restaurant,-0.0103472221934433,-0.0011523,-0.31053385,-0.1466194648,0.1246749136,0.2445878985
model_fits/finalized_redone_trunc_cp/t2_a5_customer_day/vegan,model_fits/finalized_redone_trunc_cp/t2_a5_customer_day/total,t2_a5_customer_day,vegan,NA,restaurant,V3Q26BHF3SE2H,gender_male,exposure_V3Q26BHF3SE2H_3_gendermale,matched_restaurant,0.0382703573025743,0.038721,-0.1415376825,-0.055368944,0.132797812,0.2241894375
model_fits/finalized_redone_trunc_cp/t2_a5_customer_day/vegan,model_fits/finalized_redone_trunc_cp/t2_a5_customer_day/total,t2_a5_customer_day,vegan,NA,restaurant,V3Q26BHF3SE2H,gender_female,exposure_V3Q26BHF3SE2H_3_genderfemale,matched_restaurant,-0.0932058075433233,-0.09010484,-0.283455785,-0.189487632,-0.000758848000000021,0.0863181625
model_fits/finalized_redone_trunc_cp/t2_a5_customer_day/vegan,model_fits/finalized_redone_trunc_cp/t2_a5_customer_day/total,t2_a5_customer_day,vegan,NA,restaurant,V3Q26BHF3SE2H,gender_male,exposure_V3Q26BHF3SE2H_4_gendermale,matched_restaurant,0.00106084804486667,0.00124909,-0.2122991675,-0.098012796,0.102753676,0.2037483325
model_fits/finalized_redone_trunc_cp/t2_a5_customer_day/vegan,model_fits/finalized_redone_trunc_cp/t2_a5_customer_day/total,t2_a5_customer_day,vegan,NA,restaurant,V3Q26BHF3SE2H,gender_female,exposure_V3Q26BHF3SE2H_4_genderfemale,matched_restaurant,-0.140677265357533,-0.138273245,-0.3739040025,-0.2596760536,-0.0210533056,0.080643735
model_fits/finalized_redone_trunc_cp/t2_a5_customer_day/vegan,model_fits/finalized_redone_trunc_cp/t2_a5_customer_day/total,t2_a5_customer_day,vegan,NA,restaurant,LBZEEFSBJNB3Z,gender_male,exposure_LBZEEFSBJNB3Z_1_gendermale,matched_restaurant,0.118981474498667,0.115249635,-0.02301749475,0.0381264724,0.2013453436,0.27993901375
model_fits/finalized_redone_trunc_cp/t2_a5_customer_day/vegan,model_fits/finalized_redone_trunc_cp/t2_a5_customer_day/total,t2_a5_customer_day,vegan,NA,restaurant,LBZEEFSBJNB3Z,gender_female,exposure_LBZEEFSBJNB3Z_1_genderfemale,matched_restaurant,-0.0902379317363333,-0.09000885,-0.2237446333,-0.15918413872,-0.0208899808,0.042454402
model_fits/finalized_redone_trunc_cp/t2_a5_customer_day/vegan,model_fits/finalized_redone_trunc_cp/t2_a5_customer_day/total,t2_a5_customer_day,vegan,NA,restaurant,SAFK7ND1HR6XS,gender_male,exposure_SAFK7ND1HR6XS_1_gendermale,matched_restaurant,-0.0398575507653167,-0.036091555,-0.205056113,-0.118481644,0.0361841136,0.1058657285
model_fits/finalized_redone_trunc_cp/t2_a5_customer_day/vegan,model_fits/finalized_redone_trunc_cp/t2_a5_customer_day/total,t2_a5_customer_day,vegan,NA,restaurant,SAFK7ND1HR6XS,gender_female,exposure_SAFK7ND1HR6XS_1_genderfemale,matched_restaurant,0.0276394174315667,0.027165985,-0.164382525,-0.071727072,0.122318288,0.231120225
model_fits/finalized_redone_trunc_cp/t2_a5_customer_day/vegan,model_fits/finalized_redone_trunc_cp/t2_a5_customer_day/total,t2_a5_customer_day,vegan,NA,restaurant,S8MT0YGD2KTN9,gender_male,exposure_S8MT0YGD2KTN9_1_gendermale,matched_restaurant,0.0273925998929233,0.0241748,-0.128228189,-0.0469636752,0.10433024,0.18871857575
model_fits/finalized_redone_trunc_cp/t2_a5_customer_day/vegan,model_fits/finalized_redone_trunc_cp/t2_a5_customer_day/total,t2_a5_customer_day,vegan,NA,restaurant,S8MT0YGD2KTN9,gender_female,exposure_S8MT0YGD2KTN9_1_genderfemale,matched_restaurant,0.0869851059580467,0.08784335,-0.123454635,-0.0217350752,0.193418694,0.30398233075
model_fits/finalized_redone_trunc_cp/t2_a5_customer_day/vegan,model_fits/finalized_redone_trunc_cp/t2_a5_customer_day/total,t2_a5_customer_day,vegan,NA,restaurant,1SQPTEGYPH0GA,gender_male,exposure_1SQPTEGYPH0GA_1_gendermale,matched_restaurant,-0.0694872766962667,-0.05946823,-0.29221699,-0.171635428,0.0282555404,0.109018805
model_fits/finalized_redone_trunc_cp/t2_a5_customer_day/vegan,model_fits/finalized_redone_trunc_cp/t2_a5_customer_day/total,t2_a5_customer_day,vegan,NA,restaurant,1SQPTEGYPH0GA,gender_female,exposure_1SQPTEGYPH0GA_1_genderfemale,matched_restaurant,0.479322567008567,0.480846205,0.1714359,0.325692484,0.6336354768,0.773540985
model_fits/finalized_redone_trunc_cp/t2_a5_customer_day/vegan,model_fits/finalized_redone_trunc_cp/t2_a5_customer_day/total,t2_a5_customer_day,vegan,NA,restaurant,9XKJD8DQTH559,gender_male,exposure_9XKJD8DQTH559_1_gendermale,matched_restaurant,-0.1550527002922,-0.15256175,-0.4839612125,-0.316488336,0.00400779999999996,0.1636544175
model_fits/finalized_redone_trunc_cp/t2_a5_customer_day/vegan,model_fits/finalized_redone_trunc_cp/t2_a5_customer_day/total,t2_a5_customer_day,vegan,NA,restaurant,9XKJD8DQTH559,gender_female,exposure_9XKJD8DQTH559_1_genderfemale,matched_restaurant,0.517218082766033,0.4703905,-0.089561515,0.10036047408,0.929810884,1.3900144075
model_fits/finalized_redone_trunc_cp/t2_a5_customer_day/vegan,model_fits/finalized_redone_trunc_cp/t2_a5_customer_day/total,t2_a5_customer_day,vegan,NA,restaurant,9XKJD8DQTH559,gender_male,exposure_9XKJD8DQTH559_2_gendermale,matched_restaurant,-0.134787746988667,-0.1332287,-0.45286078475,-0.2807238,0.010928308,0.1754039125
model_fits/finalized_redone_trunc_cp/t2_a5_customer_day/vegan,model_fits/finalized_redone_trunc_cp/t2_a5_customer_day/total,t2_a5_customer_day,vegan,NA,restaurant,9XKJD8DQTH559,gender_female,exposure_9XKJD8DQTH559_2_genderfemale,matched_restaurant,-0.515196292956997,-0.466121253,-1.3242352625,-0.909919788,-0.138323336,0.0489999485
model_fits/finalized_redone_trunc_cp/t2_a5_customer_day/vegan,model_fits/finalized_redone_trunc_cp/t2_a5_customer_day/total,t2_a5_customer_day,vegan,NA,restaurant,LQ5EH4BKGV61T,gender_male,exposure_LQ5EH4BKGV61T_1_gendermale,matched_restaurant,-0.00554809756918667,-0.0024076,-0.2934913805,-0.125793932,0.113109984,0.28431469
model_fits/finalized_redone_trunc_cp/t2_a5_customer_day/vegan,model_fits/finalized_redone_trunc_cp/t2_a5_customer_day/total,t2_a5_customer_day,vegan,NA,restaurant,LQ5EH4BKGV61T,gender_female,exposure_LQ5EH4BKGV61T_1_genderfemale,matched_restaurant,0.0435485547801333,0.040730295,-0.43962645,-0.1920180368,0.275548676,0.548988557000001
model_fits/finalized_redone_trunc_cp/t2_a5_customer_day/vegan,model_fits/finalized_redone_trunc_cp/t2_a5_customer_day/total,t2_a5_customer_day,vegan,NA,restaurant,78AY09MVJVTYE,gender_male,exposure_78AY09MVJVTYE_1_gendermale,matched_restaurant,0.130322654227467,0.1224886,-0.0450910225,0.0261035304,0.2366749416,0.3502970925
model_fits/finalized_redone_trunc_cp/t2_a5_customer_day/vegan,model_fits/finalized_redone_trunc_cp/t2_a5_customer_day/total,t2_a5_customer_day,vegan,NA,restaurant,78AY09MVJVTYE,gender_female,exposure_78AY09MVJVTYE_1_genderfemale,matched_restaurant,-0.214081999813833,-0.21291685,-0.4744553325,-0.3435551016,-0.083680724,0.03376437
model_fits/finalized_redone_trunc_cp/t2_a5_customer_day/vegan,model_fits/finalized_redone_trunc_cp/t2_a5_customer_day/total,t2_a5_customer_day,vegan,1,pooled,NA,level,NA,mu_gamma_total,-0.0187739962109667,-0.01699655,-0.095078325,-0.052536756,0.014517044,0.04884664
model_fits/finalized_redone_trunc_cp/t2_a5_customer_day/vegan,model_fits/finalized_redone_trunc_cp/t2_a5_customer_day/total,t2_a5_customer_day,vegan,2,pooled,NA,slope,NA,mu_gamma_total,-0.0304824561470767,-0.028135395,-0.1369705,-0.07991864,0.0180167872,0.066749755
model_fits/finalized_redone_trunc_cp/t2_a5_customer_day/vegan,model_fits/finalized_redone_trunc_cp/t2_a5_customer_day/total,t2_a5_customer_day,vegan,3,pooled,NA,gender_male,NA,mu_gamma_total,-0.00949477593306,-0.007954855,-0.111399455,-0.052937404,0.0347235712,0.0793912425
model_fits/finalized_redone_trunc_cp/t2_a5_customer_day/vegan,model_fits/finalized_redone_trunc_cp/t2_a5_customer_day/total,t2_a5_customer_day,vegan,4,pooled,NA,gender_female,NA,mu_gamma_total,0.0481139529115567,0.04735499,-0.1049896365,-0.023584392,0.118672154,0.202778886
model_fits/finalized_redone_trunc_cp/t2_a5_customer_day/vegetarian,model_fits/finalized_redone_trunc_cp/t2_a5_customer_day/total,t2_a5_customer_day,vegetarian,NA,restaurant,SRQS8F7JWA9MZ,level,exposure_SRQS8F7JWA9MZ_1,matched_restaurant,-0.000444109960677,-0.000486761500000002,-0.12044449915,-0.062034069456,0.060283348208,0.11565106075
model_fits/finalized_redone_trunc_cp/t2_a5_customer_day/vegetarian,model_fits/finalized_redone_trunc_cp/t2_a5_customer_day/total,t2_a5_customer_day,vegetarian,NA,restaurant,SRQS8F7JWA9MZ,level,exposure_SRQS8F7JWA9MZ_2,matched_restaurant,0.071227403926682,0.0689966955,-0.051969398675,0.01014634768,0.13548851368,0.199662913075
model_fits/finalized_redone_trunc_cp/t2_a5_customer_day/vegetarian,model_fits/finalized_redone_trunc_cp/t2_a5_customer_day/total,t2_a5_customer_day,vegetarian,NA,restaurant,2HRX9P6HKXA8V,level,exposure_2HRX9P6HKXA8V_1,matched_restaurant,-0.0565347909080873,-0.057376908,-0.228448132925,-0.13607853176,0.0281433383032,0.12000470835
model_fits/finalized_redone_trunc_cp/t2_a5_customer_day/vegetarian,model_fits/finalized_redone_trunc_cp/t2_a5_customer_day/total,t2_a5_customer_day,vegetarian,NA,restaurant,L69HYJ4Y3TR91,level,exposure_L69HYJ4Y3TR91_1,matched_restaurant,-0.0381668786849413,-0.040304865,-0.24420147375,-0.137653024,0.06004445268,0.180427714
model_fits/finalized_redone_trunc_cp/t2_a5_customer_day/vegetarian,model_fits/finalized_redone_trunc_cp/t2_a5_customer_day/total,t2_a5_customer_day,vegetarian,NA,restaurant,ED5J990H5VAZT,level,exposure_ED5J990H5VAZT_1,matched_restaurant,-0.00170806483091767,-0.0017562951,-0.085752150275,-0.04519222956,0.04141901308,0.084002672975
model_fits/finalized_redone_trunc_cp/t2_a5_customer_day/vegetarian,model_fits/finalized_redone_trunc_cp/t2_a5_customer_day/total,t2_a5_customer_day,vegetarian,NA,restaurant,W8T41JZK0ZMEP,level,exposure_W8T41JZK0ZMEP_1,matched_restaurant,-0.0791541191528303,-0.072982435,-0.3198386995,-0.19335630288,0.03169606532,0.12867479575
model_fits/finalized_redone_trunc_cp/t2_a5_customer_day/vegetarian,model_fits/finalized_redone_trunc_cp/t2_a5_customer_day/total,t2_a5_customer_day,vegetarian,NA,restaurant,W8T41JZK0ZMEP,level,exposure_W8T41JZK0ZMEP_2,matched_restaurant,0.155343921165,0.152294115,-0.060435739375,0.03713648,0.2755281844,0.39123469225
model_fits/finalized_redone_trunc_cp/t2_a5_customer_day/vegetarian,model_fits/finalized_redone_trunc_cp/t2_a5_customer_day/total,t2_a5_customer_day,vegetarian,NA,restaurant,W8T41JZK0ZMEP,level,exposure_W8T41JZK0ZMEP_3,matched_restaurant,-0.0204918651091233,-0.018952833,-0.216030879125,-0.11749749032,0.07358296588,0.16749290625
model_fits/finalized_redone_trunc_cp/t2_a5_customer_day/vegetarian,model_fits/finalized_redone_trunc_cp/t2_a5_customer_day/total,t2_a5_customer_day,vegetarian,NA,restaurant,W8T41JZK0ZMEP,level,exposure_W8T41JZK0ZMEP_4,matched_restaurant,-0.0126768148077733,-0.0099967355,-0.2181784681,-0.11058672508,0.08489753416,0.18065492225
model_fits/finalized_redone_trunc_cp/t2_a5_customer_day/vegetarian,model_fits/finalized_redone_trunc_cp/t2_a5_customer_day/total,t2_a5_customer_day,vegetarian,NA,restaurant,W8T41JZK0ZMEP,level,exposure_W8T41JZK0ZMEP_5,matched_restaurant,0.0332075684194657,0.0273953335,-0.183773460055,-0.07786251928,0.1411291552,0.2909376825
model_fits/finalized_redone_trunc_cp/t2_a5_customer_day/vegetarian,model_fits/finalized_redone_trunc_cp/t2_a5_customer_day/total,t2_a5_customer_day,vegetarian,NA,restaurant,EMBVNVD207CC6,level,exposure_EMBVNVD207CC6_1,matched_restaurant,0.048303573483539,0.037693833,-0.279787743825,-0.10310375398,0.2119870672,0.39050032025
model_fits/finalized_redone_trunc_cp/t2_a5_customer_day/vegetarian,model_fits/finalized_redone_trunc_cp/t2_a5_customer_day/total,t2_a5_customer_day,vegetarian,NA,restaurant,C0BE4NDSW26QN,level,exposure_C0BE4NDSW26QN_1,matched_restaurant,-0.042034936915591,-0.042134046,-0.32871801225,-0.1712646536,0.09151811576,0.24628154425
model_fits/finalized_redone_trunc_cp/t2_a5_customer_day/vegetarian,model_fits/finalized_redone_trunc_cp/t2_a5_customer_day/total,t2_a5_customer_day,vegetarian,NA,restaurant,C0BE4NDSW26QN,level,exposure_C0BE4NDSW26QN_2,matched_restaurant,-0.0480548155495735,-0.044716953,-0.331233696,-0.1761513776,0.0775212313999999,0.24454997675
model_fits/finalized_redone_trunc_cp/t2_a5_customer_day/vegetarian,model_fits/finalized_redone_trunc_cp/t2_a5_customer_day/total,t2_a5_customer_day,vegetarian,NA,restaurant,V3Q26BHF3SE2H,level,exposure_V3Q26BHF3SE2H_1,matched_restaurant,-0.109046523903226,-0.103391285,-0.35828055275,-0.2299786928,0.01026496216,0.10122434597
model_fits/finalized_redone_trunc_cp/t2_a5_customer_day/vegetarian,model_fits/finalized_redone_trunc_cp/t2_a5_customer_day/total,t2_a5_customer_day,vegetarian,NA,restaurant,V3Q26BHF3SE2H,level,exposure_V3Q26BHF3SE2H_2,matched_restaurant,0.134200530793378,0.12591166,-0.06113658777,0.02366783468,0.2466748272,0.370619295
model_fits/finalized_redone_trunc_cp/t2_a5_customer_day/vegetarian,model_fits/finalized_redone_trunc_cp/t2_a5_customer_day/total,t2_a5_customer_day,vegetarian,NA,restaurant,V3Q26BHF3SE2H,level,exposure_V3Q26BHF3SE2H_3,matched_restaurant,-0.0226410837843685,-0.0191566496,-0.19897776375,-0.10625185296,0.0594142918,0.1280168118
model_fits/finalized_redone_trunc_cp/t2_a5_customer_day/vegetarian,model_fits/finalized_redone_trunc_cp/t2_a5_customer_day/total,t2_a5_customer_day,vegetarian,NA,restaurant,V3Q26BHF3SE2H,level,exposure_V3Q26BHF3SE2H_4,matched_restaurant,0.121319506982046,0.116171415,-0.04320299395,0.02950355532,0.21263148628,0.31710290525
model_fits/finalized_redone_trunc_cp/t2_a5_customer_day/vegetarian,model_fits/finalized_redone_trunc_cp/t2_a5_customer_day/total,t2_a5_customer_day,vegetarian,NA,restaurant,LBZEEFSBJNB3Z,level,exposure_LBZEEFSBJNB3Z_1,matched_restaurant,0.0737577486470767,0.0671312366,-0.10222214625,-0.02044592832,0.17041754528,0.27790528915
model_fits/finalized_redone_trunc_cp/t2_a5_customer_day/vegetarian,model_fits/finalized_redone_trunc_cp/t2_a5_customer_day/total,t2_a5_customer_day,vegetarian,NA,restaurant,SAFK7ND1HR6XS,level,exposure_SAFK7ND1HR6XS_1,matched_restaurant,-0.105783849073635,-0.10259389,-0.28441968,-0.19306174256,-0.0230930202,0.058168133275
model_fits/finalized_redone_trunc_cp/t2_a5_customer_day/vegetarian,model_fits/finalized_redone_trunc_cp/t2_a5_customer_day/total,t2_a5_customer_day,vegetarian,NA,restaurant,S8MT0YGD2KTN9,level,exposure_S8MT0YGD2KTN9_1,matched_restaurant,-0.0262432077249187,-0.0383329355,-0.2058095655,-0.1277904064,0.0781380119599999,0.210034712075
model_fits/finalized_redone_trunc_cp/t2_a5_customer_day/vegetarian,model_fits/finalized_redone_trunc_cp/t2_a5_customer_day/total,t2_a5_customer_day,vegetarian,NA,restaurant,1SQPTEGYPH0GA,level,exposure_1SQPTEGYPH0GA_1,matched_restaurant,-0.0609673718689218,-0.050681184,-0.353174565825,-0.193663625356,0.0674310552399999,0.19293690725
model_fits/finalized_redone_trunc_cp/t2_a5_customer_day/vegetarian,model_fits/finalized_redone_trunc_cp/t2_a5_customer_day/total,t2_a5_customer_day,vegetarian,NA,restaurant,9XKJD8DQTH559,level,exposure_9XKJD8DQTH559_1,matched_restaurant,-0.196128768604503,-0.1937445,-0.47171947975,-0.326922842,-0.07025641304,0.0605914548500002
model_fits/finalized_redone_trunc_cp/t2_a5_customer_day/vegetarian,model_fits/finalized_redone_trunc_cp/t2_a5_customer_day/total,t2_a5_customer_day,vegetarian,NA,restaurant,9XKJD8DQTH559,level,exposure_9XKJD8DQTH559_2,matched_restaurant,-0.214537214013537,-0.2061966685,-0.49940043325,-0.3456882408,-0.09063578912,0.0243800169
model_fits/finalized_redone_trunc_cp/t2_a5_customer_day/vegetarian,model_fits/finalized_redone_trunc_cp/t2_a5_customer_day/total,t2_a5_customer_day,vegetarian,NA,restaurant,LQ5EH4BKGV61T,level,exposure_LQ5EH4BKGV61T_1,matched_restaurant,0.0320812298727667,0.01406788675,-0.228932543725,-0.100591954,0.172887952032,0.37756181626
model_fits/finalized_redone_trunc_cp/t2_a5_customer_day/vegetarian,model_fits/finalized_redone_trunc_cp/t2_a5_customer_day/total,t2_a5_customer_day,vegetarian,NA,restaurant,78AY09MVJVTYE,level,exposure_78AY09MVJVTYE_1,matched_restaurant,-0.107059491222483,-0.0969825485,-0.3199137275,-0.19510623216,-0.0218798864,0.0565237131125001
model_fits/finalized_redone_trunc_cp/t2_a5_customer_day/vegetarian,model_fits/finalized_redone_trunc_cp/t2_a5_customer_day/total,t2_a5_customer_day,vegetarian,NA,restaurant,SRQS8F7JWA9MZ,slope,exposure_SRQS8F7JWA9MZ_1_slope,matched_restaurant,0.0775158234557733,0.06393646545,-0.167644316325,-0.03018771268,0.18906632152,0.3868178995
model_fits/finalized_redone_trunc_cp/t2_a5_customer_day/vegetarian,model_fits/finalized_redone_trunc_cp/t2_a5_customer_day/total,t2_a5_customer_day,vegetarian,NA,restaurant,SRQS8F7JWA9MZ,slope,exposure_SRQS8F7JWA9MZ_2_slope,matched_restaurant,0.0119529220034255,0.0261277085,-0.30898820975,-0.10241143868,0.1178256536,0.26086493435
model_fits/finalized_redone_trunc_cp/t2_a5_customer_day/vegetarian,model_fits/finalized_redone_trunc_cp/t2_a5_customer_day/total,t2_a5_customer_day,vegetarian,NA,restaurant,2HRX9P6HKXA8V,slope,exposure_2HRX9P6HKXA8V_1_slope,matched_restaurant,0.0240769680663523,0.0238954859,-0.078435341695,-0.03068875176,0.07859688284,0.13259614075
model_fits/finalized_redone_trunc_cp/t2_a5_customer_day/vegetarian,model_fits/finalized_redone_trunc_cp/t2_a5_customer_day/total,t2_a5_customer_day,vegetarian,NA,restaurant,L69HYJ4Y3TR91,slope,exposure_L69HYJ4Y3TR91_1_slope,matched_restaurant,-0.0722702868320479,-0.06897414,-0.4583478865,-0.253065506,0.1094143188,0.301071573025
model_fits/finalized_redone_trunc_cp/t2_a5_customer_day/vegetarian,model_fits/finalized_redone_trunc_cp/t2_a5_customer_day/total,t2_a5_customer_day,vegetarian,NA,restaurant,ED5J990H5VAZT,slope,exposure_ED5J990H5VAZT_1_slope,matched_restaurant,-0.1547435103753,-0.154630565,-0.286020583,-0.2180861512,-0.0898452454,-0.028342040375
model_fits/finalized_redone_trunc_cp/t2_a5_customer_day/vegetarian,model_fits/finalized_redone_trunc_cp/t2_a5_customer_day/total,t2_a5_customer_day,vegetarian,NA,restaurant,W8T41JZK0ZMEP,slope,exposure_W8T41JZK0ZMEP_1_slope,matched_restaurant,0.0347393638206501,0.02431199,-0.28946103525,-0.09787404216,0.16519224672,0.4191220281575
model_fits/finalized_redone_trunc_cp/t2_a5_customer_day/vegetarian,model_fits/finalized_redone_trunc_cp/t2_a5_customer_day/total,t2_a5_customer_day,vegetarian,NA,restaurant,W8T41JZK0ZMEP,slope,exposure_W8T41JZK0ZMEP_2_slope,matched_restaurant,-0.0274361957288603,-0.0110144095,-0.4266560681,-0.16347398164,0.10399939896,0.306162049075
model_fits/finalized_redone_trunc_cp/t2_a5_customer_day/vegetarian,model_fits/finalized_redone_trunc_cp/t2_a5_customer_day/total,t2_a5_customer_day,vegetarian,NA,restaurant,W8T41JZK0ZMEP,slope,exposure_W8T41JZK0ZMEP_3_slope,matched_restaurant,0.011062480180769,0.0128226017,-0.38644795075,-0.11773734544,0.14975495268,0.371127531675
model_fits/finalized_redone_trunc_cp/t2_a5_customer_day/vegetarian,model_fits/finalized_redone_trunc_cp/t2_a5_customer_day/total,t2_a5_customer_day,vegetarian,NA,restaurant,W8T41JZK0ZMEP,slope,exposure_W8T41JZK0ZMEP_4_slope,matched_restaurant,-0.00247040899731062,0.0006006965,-0.36896127175,-0.132554671456,0.1256236485304,0.35189314005
model_fits/finalized_redone_trunc_cp/t2_a5_customer_day/vegetarian,model_fits/finalized_redone_trunc_cp/t2_a5_customer_day/total,t2_a5_customer_day,vegetarian,NA,restaurant,W8T41JZK0ZMEP,slope,exposure_W8T41JZK0ZMEP_5_slope,matched_restaurant,0.024783401863141,0.016793221,-0.2931667765,-0.10794786248,0.15374635,0.39645977175
model_fits/finalized_redone_trunc_cp/t2_a5_customer_day/vegetarian,model_fits/finalized_redone_trunc_cp/t2_a5_customer_day/total,t2_a5_customer_day,vegetarian,NA,restaurant,EMBVNVD207CC6,slope,exposure_EMBVNVD207CC6_1_slope,matched_restaurant,0.0902649595795,0.08507899,-0.20943770275,-0.07033146,0.2565437812,0.400301637
model_fits/finalized_redone_trunc_cp/t2_a5_customer_day/vegetarian,model_fits/finalized_redone_trunc_cp/t2_a5_customer_day/total,t2_a5_customer_day,vegetarian,NA,restaurant,C0BE4NDSW26QN,slope,exposure_C0BE4NDSW26QN_1_slope,matched_restaurant,-0.006038156046641,-0.0072473552,-0.233470998475,-0.09429718412,0.08722062196,0.20266950275
model_fits/finalized_redone_trunc_cp/t2_a5_customer_day/vegetarian,model_fits/finalized_redone_trunc_cp/t2_a5_customer_day/total,t2_a5_customer_day,vegetarian,NA,restaurant,C0BE4NDSW26QN,slope,exposure_C0BE4NDSW26QN_2_slope,matched_restaurant,-0.032765389360306,-0.0282163751,-0.2655542918,-0.13432784008,0.0579670412399999,0.20157411175
model_fits/finalized_redone_trunc_cp/t2_a5_customer_day/vegetarian,model_fits/finalized_redone_trunc_cp/t2_a5_customer_day/total,t2_a5_customer_day,vegetarian,NA,restaurant,V3Q26BHF3SE2H,slope,exposure_V3Q26BHF3SE2H_1_slope,matched_restaurant,-0.060065775284803,-0.048480808,-0.44644527525,-0.1847589932,0.06650084024,0.25716429375
model_fits/finalized_redone_trunc_cp/t2_a5_customer_day/vegetarian,model_fits/finalized_redone_trunc_cp/t2_a5_customer_day/total,t2_a5_customer_day,vegetarian,NA,restaurant,V3Q26BHF3SE2H,slope,exposure_V3Q26BHF3SE2H_2_slope,matched_restaurant,-0.0505238522074,-0.0402610695,-0.43519970605,-0.1736800266,0.07511739576,0.27047039335
model_fits/finalized_redone_trunc_cp/t2_a5_customer_day/vegetarian,model_fits/finalized_redone_trunc_cp/t2_a5_customer_day/total,t2_a5_customer_day,vegetarian,NA,restaurant,V3Q26BHF3SE2H,slope,exposure_V3Q26BHF3SE2H_3_slope,matched_restaurant,0.00983146843608433,-0.00447455540000001,-0.28222230425,-0.11520054824,0.13659533948,0.375962223
model_fits/finalized_redone_trunc_cp/t2_a5_customer_day/vegetarian,model_fits/finalized_redone_trunc_cp/t2_a5_customer_day/total,t2_a5_customer_day,vegetarian,NA,restaurant,V3Q26BHF3SE2H,slope,exposure_V3Q26BHF3SE2H_4_slope,matched_restaurant,-0.0235598623448989,-0.027791949,-0.351543535275,-0.147655072,0.106505520952,0.32014219325
model_fits/finalized_redone_trunc_cp/t2_a5_customer_day/vegetarian,model_fits/finalized_redone_trunc_cp/t2_a5_customer_day/total,t2_a5_customer_day,vegetarian,NA,restaurant,LBZEEFSBJNB3Z,slope,exposure_LBZEEFSBJNB3Z_1_slope,matched_restaurant,0.183860773903071,0.175726456,-0.067527029975,0.05509363692,0.31643777752,0.46790134275
model_fits/finalized_redone_trunc_cp/t2_a5_customer_day/vegetarian,model_fits/finalized_redone_trunc_cp/t2_a5_customer_day/total,t2_a5_customer_day,vegetarian,NA,restaurant,SAFK7ND1HR6XS,slope,exposure_SAFK7ND1HR6XS_1_slope,matched_restaurant,-0.108578993558342,-0.1011905,-0.53298495575,-0.28960081258,0.0751592516,0.265876352125
model_fits/finalized_redone_trunc_cp/t2_a5_customer_day/vegetarian,model_fits/finalized_redone_trunc_cp/t2_a5_customer_day/total,t2_a5_customer_day,vegetarian,NA,restaurant,S8MT0YGD2KTN9,slope,exposure_S8MT0YGD2KTN9_1_slope,matched_restaurant,-0.0317328989667633,-0.0333781365,-0.17163624385,-0.10349933896,0.042536455712,0.1185563500475
model_fits/finalized_redone_trunc_cp/t2_a5_customer_day/vegetarian,model_fits/finalized_redone_trunc_cp/t2_a5_customer_day/total,t2_a5_customer_day,vegetarian,NA,restaurant,1SQPTEGYPH0GA,slope,exposure_1SQPTEGYPH0GA_1_slope,matched_restaurant,-0.056632421339954,-0.060937269,-0.31507009695,-0.19551875638,0.0934513563999999,0.2080675225
model_fits/finalized_redone_trunc_cp/t2_a5_customer_day/vegetarian,model_fits/finalized_redone_trunc_cp/t2_a5_customer_day/total,t2_a5_customer_day,vegetarian,NA,restaurant,9XKJD8DQTH559,slope,exposure_9XKJD8DQTH559_1_slope,matched_restaurant,-0.0172069108465533,-0.0159624175,-0.33706167475,-0.1611170768,0.1276289012,0.306135922775
model_fits/finalized_redone_trunc_cp/t2_a5_customer_day/vegetarian,model_fits/finalized_redone_trunc_cp/t2_a5_customer_day/total,t2_a5_customer_day,vegetarian,NA,restaurant,9XKJD8DQTH559,slope,exposure_9XKJD8DQTH559_2_slope,matched_restaurant,-0.00553486142255467,-0.006457138,-0.31167514575,-0.14892824476,0.13640339472,0.309625013675
model_fits/finalized_redone_trunc_cp/t2_a5_customer_day/vegetarian,model_fits/finalized_redone_trunc_cp/t2_a5_customer_day/total,t2_a5_customer_day,vegetarian,NA,restaurant,LQ5EH4BKGV61T,slope,exposure_LQ5EH4BKGV61T_1_slope,matched_restaurant,0.00470209537331333,-0.0012301395,-0.389518816175,-0.18967462472,0.20797783628,0.4092078585
model_fits/finalized_redone_trunc_cp/t2_a5_customer_day/vegetarian,model_fits/finalized_redone_trunc_cp/t2_a5_customer_day/total,t2_a5_customer_day,vegetarian,NA,restaurant,78AY09MVJVTYE,slope,exposure_78AY09MVJVTYE_1_slope,matched_restaurant,-0.0761192771485333,-0.0754013855,-0.17258124525,-0.12262322568,-0.03069879052,0.0183876423
model_fits/finalized_redone_trunc_cp/t2_a5_customer_day/vegetarian,model_fits/finalized_redone_trunc_cp/t2_a5_customer_day/total,t2_a5_customer_day,vegetarian,NA,restaurant,SRQS8F7JWA9MZ,gender_male,exposure_SRQS8F7JWA9MZ_1_gendermale,matched_restaurant,-0.0408748207195003,-0.040107023,-0.231616426,-0.13842326464,0.056326623072,0.150111411525
model_fits/finalized_redone_trunc_cp/t2_a5_customer_day/vegetarian,model_fits/finalized_redone_trunc_cp/t2_a5_customer_day/total,t2_a5_customer_day,vegetarian,NA,restaurant,SRQS8F7JWA9MZ,gender_female,exposure_SRQS8F7JWA9MZ_1_genderfemale,matched_restaurant,-0.022749188225598,-0.02584605,-0.22279329825,-0.126752488,0.079749966584,0.1757479937075
model_fits/finalized_redone_trunc_cp/t2_a5_customer_day/vegetarian,model_fits/finalized_redone_trunc_cp/t2_a5_customer_day/total,t2_a5_customer_day,vegetarian,NA,restaurant,SRQS8F7JWA9MZ,gender_male,exposure_SRQS8F7JWA9MZ_2_gendermale,matched_restaurant,0.0920279658762607,0.0914816655,-0.101920233125,-0.0085060652,0.192669190556,0.30101769105
model_fits/finalized_redone_trunc_cp/t2_a5_customer_day/vegetarian,model_fits/finalized_redone_trunc_cp/t2_a5_customer_day/total,t2_a5_customer_day,vegetarian,NA,restaurant,SRQS8F7JWA9MZ,gender_female,exposure_SRQS8F7JWA9MZ_2_genderfemale,matched_restaurant,0.02352580786442,0.0255899145,-0.18732873643925,-0.08542856256,0.1321528264,0.22811073125
model_fits/finalized_redone_trunc_cp/t2_a5_customer_day/vegetarian,model_fits/finalized_redone_trunc_cp/t2_a5_customer_day/total,t2_a5_customer_day,vegetarian,NA,restaurant,2HRX9P6HKXA8V,gender_male,exposure_2HRX9P6HKXA8V_1_gendermale,matched_restaurant,0.0170751055017973,0.0200782795,-0.1700179789,-0.07158770856,0.105535181784,0.197778748425
model_fits/finalized_redone_trunc_cp/t2_a5_customer_day/vegetarian,model_fits/finalized_redone_trunc_cp/t2_a5_customer_day/total,t2_a5_customer_day,vegetarian,NA,restaurant,2HRX9P6HKXA8V,gender_female,exposure_2HRX9P6HKXA8V_1_genderfemale,matched_restaurant,0.156738090363773,0.1565015095,-0.064382175,0.0445207574,0.2698780246,0.376467943475
model_fits/finalized_redone_trunc_cp/t2_a5_customer_day/vegetarian,model_fits/finalized_redone_trunc_cp/t2_a5_customer_day/total,t2_a5_customer_day,vegetarian,NA,restaurant,L69HYJ4Y3TR91,gender_male,exposure_L69HYJ4Y3TR91_1_gendermale,matched_restaurant,0.00777687506383333,0.006417455,-0.243222895,-0.11907690748,0.1371752728,0.2541732875
model_fits/finalized_redone_trunc_cp/t2_a5_customer_day/vegetarian,model_fits/finalized_redone_trunc_cp/t2_a5_customer_day/total,t2_a5_customer_day,vegetarian,NA,restaurant,L69HYJ4Y3TR91,gender_female,exposure_L69HYJ4Y3TR91_1_genderfemale,matched_restaurant,0.0160693957891827,0.0151439625,-0.22383814975,-0.10202519936,0.13671478444,0.25882691455
model_fits/finalized_redone_trunc_cp/t2_a5_customer_day/vegetarian,model_fits/finalized_redone_trunc_cp/t2_a5_customer_day/total,t2_a5_customer_day,vegetarian,NA,restaurant,ED5J990H5VAZT,gender_male,exposure_ED5J990H5VAZT_1_gendermale,matched_restaurant,0.1627120367276,0.16245162,0.098847828675,0.1304256632,0.1961981532,0.22558999925
model_fits/finalized_redone_trunc_cp/t2_a5_customer_day/vegetarian,model_fits/finalized_redone_trunc_cp/t2_a5_customer_day/total,t2_a5_customer_day,vegetarian,NA,restaurant,ED5J990H5VAZT,gender_female,exposure_ED5J990H5VAZT_1_genderfemale,matched_restaurant,0.0659122977679667,0.0654755955,0.00297827365,0.03228194796,0.09994281732,0.13159919175
model_fits/finalized_redone_trunc_cp/t2_a5_customer_day/vegetarian,model_fits/finalized_redone_trunc_cp/t2_a5_customer_day/total,t2_a5_customer_day,vegetarian,NA,restaurant,W8T41JZK0ZMEP,gender_male,exposure_W8T41JZK0ZMEP_1_gendermale,matched_restaurant,0.0866730240148433,0.0757558025,-0.363776484325,-0.13606309,0.3147700008,0.600947271100001
model_fits/finalized_redone_trunc_cp/t2_a5_customer_day/vegetarian,model_fits/finalized_redone_trunc_cp/t2_a5_customer_day/total,t2_a5_customer_day,vegetarian,NA,restaurant,W8T41JZK0ZMEP,gender_female,exposure_W8T41JZK0ZMEP_1_genderfemale,matched_restaurant,0.0265473986658857,0.022490636,-0.2810046452,-0.12188556448,0.177456729516,0.344046303
model_fits/finalized_redone_trunc_cp/t2_a5_customer_day/vegetarian,model_fits/finalized_redone_trunc_cp/t2_a5_customer_day/total,t2_a5_customer_day,vegetarian,NA,restaurant,W8T41JZK0ZMEP,gender_male,exposure_W8T41JZK0ZMEP_2_gendermale,matched_restaurant,0.198992258232599,0.197379859,-0.07864675225,0.0495821888,0.3449380296,0.489683178525
model_fits/finalized_redone_trunc_cp/t2_a5_customer_day/vegetarian,model_fits/finalized_redone_trunc_cp/t2_a5_customer_day/total,t2_a5_customer_day,vegetarian,NA,restaurant,W8T41JZK0ZMEP,gender_female,exposure_W8T41JZK0ZMEP_2_genderfemale,matched_restaurant,-0.0296920985496583,-0.0295825305,-0.276324497875,-0.15386897252,0.0936299852656,0.216244848525
model_fits/finalized_redone_trunc_cp/t2_a5_customer_day/vegetarian,model_fits/finalized_redone_trunc_cp/t2_a5_customer_day/total,t2_a5_customer_day,vegetarian,NA,restaurant,W8T41JZK0ZMEP,gender_male,exposure_W8T41JZK0ZMEP_3_gendermale,matched_restaurant,-0.177689408502802,-0.1723336295,-0.520025724,-0.3438764138,-0.00864750812000004,0.1290578713
model_fits/finalized_redone_trunc_cp/t2_a5_customer_day/vegetarian,model_fits/finalized_redone_trunc_cp/t2_a5_customer_day/total,t2_a5_customer_day,vegetarian,NA,restaurant,W8T41JZK0ZMEP,gender_female,exposure_W8T41JZK0ZMEP_3_genderfemale,matched_restaurant,-0.06503714842921,-0.0617167365,-0.3600330495,-0.20557929968,0.0764135393599999,0.21817881725
model_fits/finalized_redone_trunc_cp/t2_a5_customer_day/vegetarian,model_fits/finalized_redone_trunc_cp/t2_a5_customer_day/total,t2_a5_customer_day,vegetarian,NA,restaurant,W8T41JZK0ZMEP,gender_male,exposure_W8T41JZK0ZMEP_4_gendermale,matched_restaurant,-0.0189140602698233,-0.010007649,-0.39452479775,-0.1869752236,0.14744325296,0.3071465655575
model_fits/finalized_redone_trunc_cp/t2_a5_customer_day/vegetarian,model_fits/finalized_redone_trunc_cp/t2_a5_customer_day/total,t2_a5_customer_day,vegetarian,NA,restaurant,W8T41JZK0ZMEP,gender_female,exposure_W8T41JZK0ZMEP_4_genderfemale,matched_restaurant,0.038591801167706,0.0353237025,-0.255131072275,-0.10257245852,0.18403135192,0.3495559489075
model_fits/finalized_redone_trunc_cp/t2_a5_customer_day/vegetarian,model_fits/finalized_redone_trunc_cp/t2_a5_customer_day/total,t2_a5_customer_day,vegetarian,NA,restaurant,W8T41JZK0ZMEP,gender_male,exposure_W8T41JZK0ZMEP_5_gendermale,matched_restaurant,-0.0885298417654167,-0.0873699735,-0.6516742166575,-0.3754574288,0.1908161644,0.4969052319
model_fits/finalized_redone_trunc_cp/t2_a5_customer_day/vegetarian,model_fits/finalized_redone_trunc_cp/t2_a5_customer_day/total,t2_a5_customer_day,vegetarian,NA,restaurant,W8T41JZK0ZMEP,gender_female,exposure_W8T41JZK0ZMEP_5_genderfemale,matched_restaurant,0.097110373434649,0.0890862035,-0.22373649975,-0.06193881452,0.26436574736,0.45615673715
model_fits/finalized_redone_trunc_cp/t2_a5_customer_day/vegetarian,model_fits/finalized_redone_trunc_cp/t2_a5_customer_day/total,t2_a5_customer_day,vegetarian,NA,restaurant,EMBVNVD207CC6,gender_male,exposure_EMBVNVD207CC6_1_gendermale,matched_restaurant,-0.0966376233430143,-0.09125585285,-0.3414490045,-0.21832588276,0.02341083728,0.1301505608725
model_fits/finalized_redone_trunc_cp/t2_a5_customer_day/vegetarian,model_fits/finalized_redone_trunc_cp/t2_a5_customer_day/total,t2_a5_customer_day,vegetarian,NA,restaurant,EMBVNVD207CC6,gender_female,exposure_EMBVNVD207CC6_1_genderfemale,matched_restaurant,-0.12271675670723,-0.1184063835,-0.4775546625,-0.29799914272,0.04751961176,0.2263790217
model_fits/finalized_redone_trunc_cp/t2_a5_customer_day/vegetarian,model_fits/finalized_redone_trunc_cp/t2_a5_customer_day/total,t2_a5_customer_day,vegetarian,NA,restaurant,C0BE4NDSW26QN,gender_male,exposure_C0BE4NDSW26QN_1_gendermale,matched_restaurant,0.0341458000957367,0.030347836,-0.4272339265,-0.1503951084,0.2189126124,0.47796474325
model_fits/finalized_redone_trunc_cp/t2_a5_customer_day/vegetarian,model_fits/finalized_redone_trunc_cp/t2_a5_customer_day/total,t2_a5_customer_day,vegetarian,NA,restaurant,C0BE4NDSW26QN,gender_female,exposure_C0BE4NDSW26QN_1_genderfemale,matched_restaurant,-0.0366201918660333,-0.036071943,-0.6160290395,-0.2429329612,0.177843672,0.510552469975
model_fits/finalized_redone_trunc_cp/t2_a5_customer_day/vegetarian,model_fits/finalized_redone_trunc_cp/t2_a5_customer_day/total,t2_a5_customer_day,vegetarian,NA,restaurant,C0BE4NDSW26QN,gender_male,exposure_C0BE4NDSW26QN_2_gendermale,matched_restaurant,0.0308548508111433,0.0302613615,-0.40350660375,-0.156214881,0.2145971348,0.47751378075
model_fits/finalized_redone_trunc_cp/t2_a5_customer_day/vegetarian,model_fits/finalized_redone_trunc_cp/t2_a5_customer_day/total,t2_a5_customer_day,vegetarian,NA,restaurant,C0BE4NDSW26QN,gender_female,exposure_C0BE4NDSW26QN_2_genderfemale,matched_restaurant,-0.0419511476259283,-0.042476896,-0.6053897181,-0.257513992,0.17243642752,0.535196846025
model_fits/finalized_redone_trunc_cp/t2_a5_customer_day/vegetarian,model_fits/finalized_redone_trunc_cp/t2_a5_customer_day/total,t2_a5_customer_day,vegetarian,NA,restaurant,V3Q26BHF3SE2H,gender_male,exposure_V3Q26BHF3SE2H_1_gendermale,matched_restaurant,-0.0390284519763067,-0.0257742645,-0.416901964,-0.2141433812,0.125893134536,0.285049458831
model_fits/finalized_redone_trunc_cp/t2_a5_customer_day/vegetarian,model_fits/finalized_redone_trunc_cp/t2_a5_customer_day/total,t2_a5_customer_day,vegetarian,NA,restaurant,V3Q26BHF3SE2H,gender_female,exposure_V3Q26BHF3SE2H_1_genderfemale,matched_restaurant,0.19421932860849,0.187766072,-0.1315662847,0.00582272928,0.37565643828,0.571478074075
model_fits/finalized_redone_trunc_cp/t2_a5_customer_day/vegetarian,model_fits/finalized_redone_trunc_cp/t2_a5_customer_day/total,t2_a5_customer_day,vegetarian,NA,restaurant,V3Q26BHF3SE2H,gender_male,exposure_V3Q26BHF3SE2H_2_gendermale,matched_restaurant,0.0848143968126887,0.073790649,-0.2248673368875,-0.071140884864,0.2499877444,0.4373574875
model_fits/finalized_redone_trunc_cp/t2_a5_customer_day/vegetarian,model_fits/finalized_redone_trunc_cp/t2_a5_customer_day/total,t2_a5_customer_day,vegetarian,NA,restaurant,V3Q26BHF3SE2H,gender_female,exposure_V3Q26BHF3SE2H_2_genderfemale,matched_restaurant,-0.0319160051141764,-0.0243904265,-0.360110047,-0.184772444596,0.11748922952,0.254630039025
model_fits/finalized_redone_trunc_cp/t2_a5_customer_day/vegetarian,model_fits/finalized_redone_trunc_cp/t2_a5_customer_day/total,t2_a5_customer_day,vegetarian,NA,restaurant,V3Q26BHF3SE2H,gender_male,exposure_V3Q26BHF3SE2H_3_gendermale,matched_restaurant,0.0636450420907667,0.05975165525,-0.1551095215025,-0.04985212084,0.17873319956,0.2990132965
model_fits/finalized_redone_trunc_cp/t2_a5_customer_day/vegetarian,model_fits/finalized_redone_trunc_cp/t2_a5_customer_day/total,t2_a5_customer_day,vegetarian,NA,restaurant,V3Q26BHF3SE2H,gender_female,exposure_V3Q26BHF3SE2H_3_genderfemale,matched_restaurant,-0.0638435247496773,-0.0634754915,-0.273773257875,-0.17408746296,0.04376951088,0.153115462825
model_fits/finalized_redone_trunc_cp/t2_a5_customer_day/vegetarian,model_fits/finalized_redone_trunc_cp/t2_a5_customer_day/total,t2_a5_customer_day,vegetarian,NA,restaurant,V3Q26BHF3SE2H,gender_male,exposure_V3Q26BHF3SE2H_4_gendermale,matched_restaurant,-0.076931602954512,-0.0710014845,-0.345014279,-0.20998240272,0.05453811456,0.17677000845
model_fits/finalized_redone_trunc_cp/t2_a5_customer_day/vegetarian,model_fits/finalized_redone_trunc_cp/t2_a5_customer_day/total,t2_a5_customer_day,vegetarian,NA,restaurant,V3Q26BHF3SE2H,gender_female,exposure_V3Q26BHF3SE2H_4_genderfemale,matched_restaurant,-0.0536951590241447,-0.0530323127,-0.31638907365,-0.1879702416,0.0822941464,0.20681207525
model_fits/finalized_redone_trunc_cp/t2_a5_customer_day/vegetarian,model_fits/finalized_redone_trunc_cp/t2_a5_customer_day/total,t2_a5_customer_day,vegetarian,NA,restaurant,LBZEEFSBJNB3Z,gender_male,exposure_LBZEEFSBJNB3Z_1_gendermale,matched_restaurant,0.110849247705935,0.109704348,-0.08570607,0.01179902504,0.2116886264816,0.314778753125
model_fits/finalized_redone_trunc_cp/t2_a5_customer_day/vegetarian,model_fits/finalized_redone_trunc_cp/t2_a5_customer_day/total,t2_a5_customer_day,vegetarian,NA,restaurant,LBZEEFSBJNB3Z,gender_female,exposure_LBZEEFSBJNB3Z_1_genderfemale,matched_restaurant,0.0847074091870333,0.08538394,-0.09397277475,-0.0044078052,0.1716172096,0.2613695065
model_fits/finalized_redone_trunc_cp/t2_a5_customer_day/vegetarian,model_fits/finalized_redone_trunc_cp/t2_a5_customer_day/total,t2_a5_customer_day,vegetarian,NA,restaurant,SAFK7ND1HR6XS,gender_male,exposure_SAFK7ND1HR6XS_1_gendermale,matched_restaurant,0.0829596313785967,0.08451318,-0.101350943425,-0.00928095792,0.17025605964,0.25868213125
model_fits/finalized_redone_trunc_cp/t2_a5_customer_day/vegetarian,model_fits/finalized_redone_trunc_cp/t2_a5_customer_day/total,t2_a5_customer_day,vegetarian,NA,restaurant,SAFK7ND1HR6XS,gender_female,exposure_SAFK7ND1HR6XS_1_genderfemale,matched_restaurant,0.0655341590989533,0.065643059,-0.157989231575,-0.04730242,0.1784811284,0.28747607395
model_fits/finalized_redone_trunc_cp/t2_a5_customer_day/vegetarian,model_fits/finalized_redone_trunc_cp/t2_a5_customer_day/total,t2_a5_customer_day,vegetarian,NA,restaurant,S8MT0YGD2KTN9,gender_male,exposure_S8MT0YGD2KTN9_1_gendermale,matched_restaurant,0.072378771986529,0.070091738,-0.09866608565,-0.01273962328,0.1612589198,0.252446835275
model_fits/finalized_redone_trunc_cp/t2_a5_customer_day/vegetarian,model_fits/finalized_redone_trunc_cp/t2_a5_customer_day/total,t2_a5_customer_day,vegetarian,NA,restaurant,S8MT0YGD2KTN9,gender_female,exposure_S8MT0YGD2KTN9_1_genderfemale,matched_restaurant,0.223688785375088,0.22056225,-0.00375566375,0.1120483496,0.342446388,0.46182921725
model_fits/finalized_redone_trunc_cp/t2_a5_customer_day/vegetarian,model_fits/finalized_redone_trunc_cp/t2_a5_customer_day/total,t2_a5_customer_day,vegetarian,NA,restaurant,1SQPTEGYPH0GA,gender_male,exposure_1SQPTEGYPH0GA_1_gendermale,matched_restaurant,0.013689529612748,0.019094285,-0.267243580325,-0.111524373088,0.1422488964,0.249630935
model_fits/finalized_redone_trunc_cp/t2_a5_customer_day/vegetarian,model_fits/finalized_redone_trunc_cp/t2_a5_customer_day/total,t2_a5_customer_day,vegetarian,NA,restaurant,1SQPTEGYPH0GA,gender_female,exposure_1SQPTEGYPH0GA_1_genderfemale,matched_restaurant,0.1693062122981,0.167320015,-0.2054602435,-0.0174907336,0.363439684,0.553693448
model_fits/finalized_redone_trunc_cp/t2_a5_customer_day/vegetarian,model_fits/finalized_redone_trunc_cp/t2_a5_customer_day/total,t2_a5_customer_day,vegetarian,NA,restaurant,9XKJD8DQTH559,gender_male,exposure_9XKJD8DQTH559_1_gendermale,matched_restaurant,0.0478385830874,0.04281084,-0.33495629825,-0.1430301876,0.2396048264,0.4436799215
model_fits/finalized_redone_trunc_cp/t2_a5_customer_day/vegetarian,model_fits/finalized_redone_trunc_cp/t2_a5_customer_day/total,t2_a5_customer_day,vegetarian,NA,restaurant,9XKJD8DQTH559,gender_female,exposure_9XKJD8DQTH559_1_genderfemale,matched_restaurant,0.66462907622694,0.618081915,0.02867138075,0.25058559752,1.086387776,1.530111363125
model_fits/finalized_redone_trunc_cp/t2_a5_customer_day/vegetarian,model_fits/finalized_redone_trunc_cp/t2_a5_customer_day/total,t2_a5_customer_day,vegetarian,NA,restaurant,9XKJD8DQTH559,gender_male,exposure_9XKJD8DQTH559_2_gendermale,matched_restaurant,-0.0583903825605633,-0.056649645,-0.431276812975,-0.23528233916,0.1171476616,0.27975153025
model_fits/finalized_redone_trunc_cp/t2_a5_customer_day/vegetarian,model_fits/finalized_redone_trunc_cp/t2_a5_customer_day/total,t2_a5_customer_day,vegetarian,NA,restaurant,9XKJD8DQTH559,gender_female,exposure_9XKJD8DQTH559_2_genderfemale,matched_restaurant,-0.365957581906965,-0.31334163,-1.17757002275,-0.7685781744,0.0178254047999999,0.2245948345
model_fits/finalized_redone_trunc_cp/t2_a5_customer_day/vegetarian,model_fits/finalized_redone_trunc_cp/t2_a5_customer_day/total,t2_a5_customer_day,vegetarian,NA,restaurant,LQ5EH4BKGV61T,gender_male,exposure_LQ5EH4BKGV61T_1_gendermale,matched_restaurant,0.0534711232531437,0.05692234958,-0.3013634545,-0.10172955552,0.20834607944,0.402687708525
model_fits/finalized_redone_trunc_cp/t2_a5_customer_day/vegetarian,model_fits/finalized_redone_trunc_cp/t2_a5_customer_day/total,t2_a5_customer_day,vegetarian,NA,restaurant,LQ5EH4BKGV61T,gender_female,exposure_LQ5EH4BKGV61T_1_genderfemale,matched_restaurant,0.126629200708896,0.1151866335,-0.46390510905,-0.16010083756,0.415094293696,0.76265216725
model_fits/finalized_redone_trunc_cp/t2_a5_customer_day/vegetarian,model_fits/finalized_redone_trunc_cp/t2_a5_customer_day/total,t2_a5_customer_day,vegetarian,NA,restaurant,78AY09MVJVTYE,gender_male,exposure_78AY09MVJVTYE_1_gendermale,matched_restaurant,0.2627449342496,0.254099965,0.079700472,0.1549724364,0.3741506164,0.4882775425
model_fits/finalized_redone_trunc_cp/t2_a5_customer_day/vegetarian,model_fits/finalized_redone_trunc_cp/t2_a5_customer_day/total,t2_a5_customer_day,vegetarian,NA,restaurant,78AY09MVJVTYE,gender_female,exposure_78AY09MVJVTYE_1_genderfemale,matched_restaurant,-0.182962075035678,-0.182605809,-0.4510237672025,-0.31519154316,-0.04948702816,0.0749015296000001
model_fits/finalized_redone_trunc_cp/t2_a5_customer_day/vegetarian,model_fits/finalized_redone_trunc_cp/t2_a5_customer_day/total,t2_a5_customer_day,vegetarian,1,pooled,NA,level,NA,mu_gamma_total,-0.0227069127095416,-0.024222593,-0.123256344375,-0.07345904028,0.0276404369999999,0.0834579969000001
model_fits/finalized_redone_trunc_cp/t2_a5_customer_day/vegetarian,model_fits/finalized_redone_trunc_cp/t2_a5_customer_day/total,t2_a5_customer_day,vegetarian,2,pooled,NA,slope,NA,mu_gamma_total,-0.015698365762685,-0.0155658115,-0.151447419995,-0.083015597112,0.0496386904,0.118428580075
model_fits/finalized_redone_trunc_cp/t2_a5_customer_day/vegetarian,model_fits/finalized_redone_trunc_cp/t2_a5_customer_day/total,t2_a5_customer_day,vegetarian,3,pooled,NA,gender_male,NA,mu_gamma_total,0.056366038286605,0.0591403585,-0.06185474215,0.00135264184000001,0.11039238108,0.1620427748
model_fits/finalized_redone_trunc_cp/t2_a5_customer_day/vegetarian,model_fits/finalized_redone_trunc_cp/t2_a5_customer_day/total,t2_a5_customer_day,vegetarian,4,pooled,NA,gender_female,NA,mu_gamma_total,0.0633706010970533,0.0618491455,-0.119392531775,-0.01855008908,0.14852199202,0.25282852425
model_fits/finalized_redone_trunc_cp/t2_a6_customer_t_day/breakfast_t2,model_fits/finalized_redone_trunc_cp/t2_a5_customer_day/total,t2_a6_customer_t_day,breakfast_t2,NA,restaurant,2HRX9P6HKXA8V,level,exposure_2HRX9P6HKXA8V_1,matched_restaurant,0.00783691309225,0.0061735845,-0.144289027975,-0.0598320348,0.07704057168,0.16081273705
model_fits/finalized_redone_trunc_cp/t2_a6_customer_t_day/breakfast_t2,model_fits/finalized_redone_trunc_cp/t2_a5_customer_day/total,t2_a6_customer_t_day,breakfast_t2,NA,restaurant,L69HYJ4Y3TR91,level,exposure_L69HYJ4Y3TR91_1,matched_restaurant,-0.0188514774906756,-0.0109325543,-0.20113207295,-0.09334859224,0.051691405124,0.131534735525
model_fits/finalized_redone_trunc_cp/t2_a6_customer_t_day/breakfast_t2,model_fits/finalized_redone_trunc_cp/t2_a5_customer_day/total,t2_a6_customer_t_day,breakfast_t2,NA,restaurant,ED5J990H5VAZT,level,exposure_ED5J990H5VAZT_1,matched_restaurant,0.0324189096260527,0.0312591435,-0.0359622830175,-0.004616264728,0.0684998878,0.106431208825
model_fits/finalized_redone_trunc_cp/t2_a6_customer_t_day/breakfast_t2,model_fits/finalized_redone_trunc_cp/t2_a5_customer_day/total,t2_a6_customer_t_day,breakfast_t2,NA,restaurant,W8T41JZK0ZMEP,level,exposure_W8T41JZK0ZMEP_1,matched_restaurant,-0.0576696611655354,-0.0595359687,-0.167693902475,-0.1135143756504,-0.0029500264,0.0824755548500001
model_fits/finalized_redone_trunc_cp/t2_a6_customer_t_day/breakfast_t2,model_fits/finalized_redone_trunc_cp/t2_a5_customer_day/total,t2_a6_customer_t_day,breakfast_t2,NA,restaurant,W8T41JZK0ZMEP,level,exposure_W8T41JZK0ZMEP_2,matched_restaurant,-0.085561686691263,-0.0806541725,-0.213748530625,-0.1387940644,-0.0340476254,0.0149049078275
model_fits/finalized_redone_trunc_cp/t2_a6_customer_t_day/breakfast_t2,model_fits/finalized_redone_trunc_cp/t2_a5_customer_day/total,t2_a6_customer_t_day,breakfast_t2,NA,restaurant,W8T41JZK0ZMEP,level,exposure_W8T41JZK0ZMEP_3,matched_restaurant,-0.0417184209821033,-0.044112009,-0.15482292337975,-0.09469316896,0.012491673272,0.0787971214
model_fits/finalized_redone_trunc_cp/t2_a6_customer_t_day/breakfast_t2,model_fits/finalized_redone_trunc_cp/t2_a5_customer_day/total,t2_a6_customer_t_day,breakfast_t2,NA,restaurant,W8T41JZK0ZMEP,level,exposure_W8T41JZK0ZMEP_4,matched_restaurant,-0.0875356000606969,-0.086772813,-0.20516337335,-0.13970084578528,-0.03377006584,0.0227872139000001
model_fits/finalized_redone_trunc_cp/t2_a6_customer_t_day/breakfast_t2,model_fits/finalized_redone_trunc_cp/t2_a5_customer_day/total,t2_a6_customer_t_day,breakfast_t2,NA,restaurant,W8T41JZK0ZMEP,level,exposure_W8T41JZK0ZMEP_5,matched_restaurant,-0.0512328030683543,-0.054538,-0.161482635325,-0.107687031264,0.00326816311999997,0.0800355894225001
model_fits/finalized_redone_trunc_cp/t2_a6_customer_t_day/breakfast_t2,model_fits/finalized_redone_trunc_cp/t2_a5_customer_day/total,t2_a6_customer_t_day,breakfast_t2,NA,restaurant,V3Q26BHF3SE2H,level,exposure_V3Q26BHF3SE2H_1,matched_restaurant,0.0583647833897007,0.055797232,-0.0587313595,0.0038150646,0.11544431748,0.185656054525
model_fits/finalized_redone_trunc_cp/t2_a6_customer_t_day/breakfast_t2,model_fits/finalized_redone_trunc_cp/t2_a5_customer_day/total,t2_a6_customer_t_day,breakfast_t2,NA,restaurant,V3Q26BHF3SE2H,level,exposure_V3Q26BHF3SE2H_2,matched_restaurant,0.02149334903224,0.0230139425,-0.1002196387,-0.026554434256,0.07266319824,0.123885005075
model_fits/finalized_redone_trunc_cp/t2_a6_customer_t_day/breakfast_t2,model_fits/finalized_redone_trunc_cp/t2_a5_customer_day/total,t2_a6_customer_t_day,breakfast_t2,NA,restaurant,V3Q26BHF3SE2H,level,exposure_V3Q26BHF3SE2H_3,matched_restaurant,-0.0267089100273051,-0.0236054565,-0.164467036375,-0.0823511134,0.03094613076,0.082032159375
model_fits/finalized_redone_trunc_cp/t2_a6_customer_t_day/breakfast_t2,model_fits/finalized_redone_trunc_cp/t2_a5_customer_day/total,t2_a6_customer_t_day,breakfast_t2,NA,restaurant,V3Q26BHF3SE2H,level,exposure_V3Q26BHF3SE2H_4,matched_restaurant,0.0364218918709708,0.033358721,-0.07032266097,-0.01463211414,0.0880823258448,0.163698455625
model_fits/finalized_redone_trunc_cp/t2_a6_customer_t_day/breakfast_t2,model_fits/finalized_redone_trunc_cp/t2_a5_customer_day/total,t2_a6_customer_t_day,breakfast_t2,NA,restaurant,78AY09MVJVTYE,level,exposure_78AY09MVJVTYE_1,matched_restaurant,-0.0230209639178553,-0.0154361495,-0.215876582375,-0.10095224156,0.05265470208,0.1488792058
model_fits/finalized_redone_trunc_cp/t2_a6_customer_t_day/breakfast_t2,model_fits/finalized_redone_trunc_cp/t2_a5_customer_day/total,t2_a6_customer_t_day,breakfast_t2,NA,restaurant,2HRX9P6HKXA8V,slope,exposure_2HRX9P6HKXA8V_1_slope,matched_restaurant,0.00479709879158833,0.0035275975,-0.1097788531,-0.055515872712,0.06495781488,0.126096733775
model_fits/finalized_redone_trunc_cp/t2_a6_customer_t_day/breakfast_t2,model_fits/finalized_redone_trunc_cp/t2_a5_customer_day/total,t2_a6_customer_t_day,breakfast_t2,NA,restaurant,L69HYJ4Y3TR91,slope,exposure_L69HYJ4Y3TR91_1_slope,matched_restaurant,0.0289226639205513,0.031727591,-0.30321209495,-0.1130409088,0.1728585824,0.3549447775
model_fits/finalized_redone_trunc_cp/t2_a6_customer_t_day/breakfast_t2,model_fits/finalized_redone_trunc_cp/t2_a5_customer_day/total,t2_a6_customer_t_day,breakfast_t2,NA,restaurant,ED5J990H5VAZT,slope,exposure_ED5J990H5VAZT_1_slope,matched_restaurant,0.0958210939692033,0.097858785,-0.0253363013,0.03589974472,0.156574262,0.21238518725
model_fits/finalized_redone_trunc_cp/t2_a6_customer_t_day/breakfast_t2,model_fits/finalized_redone_trunc_cp/t2_a5_customer_day/total,t2_a6_customer_t_day,breakfast_t2,NA,restaurant,W8T41JZK0ZMEP,slope,exposure_W8T41JZK0ZMEP_1_slope,matched_restaurant,0.0039508794743048,-0.00854417499999999,-0.4427354465,-0.189997146,0.1917242164,0.5313064115
model_fits/finalized_redone_trunc_cp/t2_a6_customer_t_day/breakfast_t2,model_fits/finalized_redone_trunc_cp/t2_a5_customer_day/total,t2_a6_customer_t_day,breakfast_t2,NA,restaurant,W8T41JZK0ZMEP,slope,exposure_W8T41JZK0ZMEP_2_slope,matched_restaurant,-0.0949198381333517,-0.07551016525,-0.49302845925,-0.26150611592,0.06395085516,0.21805194075
model_fits/finalized_redone_trunc_cp/t2_a6_customer_t_day/breakfast_t2,model_fits/finalized_redone_trunc_cp/t2_a5_customer_day/total,t2_a6_customer_t_day,breakfast_t2,NA,restaurant,W8T41JZK0ZMEP,slope,exposure_W8T41JZK0ZMEP_3_slope,matched_restaurant,0.107533977227014,0.084012342,-0.2706004305,-0.07261713344,0.3079142428,0.5688227075
model_fits/finalized_redone_trunc_cp/t2_a6_customer_t_day/breakfast_t2,model_fits/finalized_redone_trunc_cp/t2_a5_customer_day/total,t2_a6_customer_t_day,breakfast_t2,NA,restaurant,W8T41JZK0ZMEP,slope,exposure_W8T41JZK0ZMEP_4_slope,matched_restaurant,0.0820346762656683,0.063732918,-0.299935642,-0.0884539624,0.267918455872,0.5016675345
model_fits/finalized_redone_trunc_cp/t2_a6_customer_t_day/breakfast_t2,model_fits/finalized_redone_trunc_cp/t2_a5_customer_day/total,t2_a6_customer_t_day,breakfast_t2,NA,restaurant,W8T41JZK0ZMEP,slope,exposure_W8T41JZK0ZMEP_5_slope,matched_restaurant,-0.0959321832750603,-0.059255701,-0.679478279,-0.3107338344,0.10244248572,0.34089572585
model_fits/finalized_redone_trunc_cp/t2_a6_customer_t_day/breakfast_t2,model_fits/finalized_redone_trunc_cp/t2_a5_customer_day/total,t2_a6_customer_t_day,breakfast_t2,NA,restaurant,V3Q26BHF3SE2H,slope,exposure_V3Q26BHF3SE2H_1_slope,matched_restaurant,-0.00293859439778567,0.00758140999999999,-0.50399794175,-0.21569905012,0.1952290476,0.465311378750001
model_fits/finalized_redone_trunc_cp/t2_a6_customer_t_day/breakfast_t2,model_fits/finalized_redone_trunc_cp/t2_a5_customer_day/total,t2_a6_customer_t_day,breakfast_t2,NA,restaurant,V3Q26BHF3SE2H,slope,exposure_V3Q26BHF3SE2H_2_slope,matched_restaurant,0.0738494872215133,0.05471817765,-0.361839805,-0.1263942837236,0.285096444,0.600476401500001
model_fits/finalized_redone_trunc_cp/t2_a6_customer_t_day/breakfast_t2,model_fits/finalized_redone_trunc_cp/t2_a5_customer_day/total,t2_a6_customer_t_day,breakfast_t2,NA,restaurant,V3Q26BHF3SE2H,slope,exposure_V3Q26BHF3SE2H_3_slope,matched_restaurant,0.33171603446321,0.31972283,-0.033664602777,0.10544919536,0.5538540996,0.78760264775
model_fits/finalized_redone_trunc_cp/t2_a6_customer_t_day/breakfast_t2,model_fits/finalized_redone_trunc_cp/t2_a5_customer_day/total,t2_a6_customer_t_day,breakfast_t2,NA,restaurant,V3Q26BHF3SE2H,slope,exposure_V3Q26BHF3SE2H_4_slope,matched_restaurant,-0.194998795307029,-0.15200232,-0.81200438025,-0.4721695444,0.0598094809199999,0.22250640165
model_fits/finalized_redone_trunc_cp/t2_a6_customer_t_day/breakfast_t2,model_fits/finalized_redone_trunc_cp/t2_a5_customer_day/total,t2_a6_customer_t_day,breakfast_t2,NA,restaurant,78AY09MVJVTYE,slope,exposure_78AY09MVJVTYE_1_slope,matched_restaurant,0.0464627019664767,0.04641417345,-0.08315636455,-0.01741943052,0.11045981484,0.18242353525
model_fits/finalized_redone_trunc_cp/t2_a6_customer_t_day/breakfast_t2,model_fits/finalized_redone_trunc_cp/t2_a5_customer_day/total,t2_a6_customer_t_day,breakfast_t2,NA,restaurant,2HRX9P6HKXA8V,gender_male,exposure_2HRX9P6HKXA8V_1_gendermale,matched_restaurant,-0.036985771563606,-0.0351719485,-0.21858584345,-0.12584823212,0.0478280644,0.1380180633515
model_fits/finalized_redone_trunc_cp/t2_a6_customer_t_day/breakfast_t2,model_fits/finalized_redone_trunc_cp/t2_a5_customer_day/total,t2_a6_customer_t_day,breakfast_t2,NA,restaurant,2HRX9P6HKXA8V,gender_female,exposure_2HRX9P6HKXA8V_1_genderfemale,matched_restaurant,0.0940617795006633,0.093609705,-0.137505417925,-0.0236970136,0.21226273352,0.322659649525
model_fits/finalized_redone_trunc_cp/t2_a6_customer_t_day/breakfast_t2,model_fits/finalized_redone_trunc_cp/t2_a5_customer_day/total,t2_a6_customer_t_day,breakfast_t2,NA,restaurant,L69HYJ4Y3TR91,gender_male,exposure_L69HYJ4Y3TR91_1_gendermale,matched_restaurant,-0.168438849997964,-0.168782909,-0.3801926105425,-0.27494579148,-0.056236362396,0.0296614757575
model_fits/finalized_redone_trunc_cp/t2_a6_customer_t_day/breakfast_t2,model_fits/finalized_redone_trunc_cp/t2_a5_customer_day/total,t2_a6_customer_t_day,breakfast_t2,NA,restaurant,L69HYJ4Y3TR91,gender_female,exposure_L69HYJ4Y3TR91_1_genderfemale,matched_restaurant,0.0857157444073553,0.0847238065,-0.10938815515,-0.01281810204,0.18470222672,0.277488519925
model_fits/finalized_redone_trunc_cp/t2_a6_customer_t_day/breakfast_t2,model_fits/finalized_redone_trunc_cp/t2_a5_customer_day/total,t2_a6_customer_t_day,breakfast_t2,NA,restaurant,ED5J990H5VAZT,gender_male,exposure_ED5J990H5VAZT_1_gendermale,matched_restaurant,-0.0541012881920667,-0.053335181,-0.11293745175,-0.0837614888,-0.02526027348,0.00373734827500003
model_fits/finalized_redone_trunc_cp/t2_a6_customer_t_day/breakfast_t2,model_fits/finalized_redone_trunc_cp/t2_a5_customer_day/total,t2_a6_customer_t_day,breakfast_t2,NA,restaurant,ED5J990H5VAZT,gender_female,exposure_ED5J990H5VAZT_1_genderfemale,matched_restaurant,-0.06507688929989,-0.064879212,-0.121533303925,-0.09392332716,-0.03614694352,-0.0079864133525
model_fits/finalized_redone_trunc_cp/t2_a6_customer_t_day/breakfast_t2,model_fits/finalized_redone_trunc_cp/t2_a5_customer_day/total,t2_a6_customer_t_day,breakfast_t2,NA,restaurant,W8T41JZK0ZMEP,gender_male,exposure_W8T41JZK0ZMEP_1_gendermale,matched_restaurant,0.240160615626572,0.2207922035,-0.04253488745975,0.056699137928,0.420929829132,0.6809314585575
model_fits/finalized_redone_trunc_cp/t2_a6_customer_t_day/breakfast_t2,model_fits/finalized_redone_trunc_cp/t2_a5_customer_day/total,t2_a6_customer_t_day,breakfast_t2,NA,restaurant,W8T41JZK0ZMEP,gender_female,exposure_W8T41JZK0ZMEP_1_genderfemale,matched_restaurant,0.0561785195519703,0.0554526074,-0.223984144025,-0.071876796088,0.18505534336,0.3305186007825
model_fits/finalized_redone_trunc_cp/t2_a6_customer_t_day/breakfast_t2,model_fits/finalized_redone_trunc_cp/t2_a5_customer_day/total,t2_a6_customer_t_day,breakfast_t2,NA,restaurant,W8T41JZK0ZMEP,gender_male,exposure_W8T41JZK0ZMEP_2_gendermale,matched_restaurant,0.299799048418256,0.2993854103,0.076949902075,0.17967374676,0.41779507556,0.537612094145
model_fits/finalized_redone_trunc_cp/t2_a6_customer_t_day/breakfast_t2,model_fits/finalized_redone_trunc_cp/t2_a5_customer_day/total,t2_a6_customer_t_day,breakfast_t2,NA,restaurant,W8T41JZK0ZMEP,gender_female,exposure_W8T41JZK0ZMEP_2_genderfemale,matched_restaurant,-0.0315207796761669,-0.0262890384,-0.24546679014,-0.137455016636,0.069875326144,0.17197076128
model_fits/finalized_redone_trunc_cp/t2_a6_customer_t_day/breakfast_t2,model_fits/finalized_redone_trunc_cp/t2_a5_customer_day/total,t2_a6_customer_t_day,breakfast_t2,NA,restaurant,W8T41JZK0ZMEP,gender_male,exposure_W8T41JZK0ZMEP_3_gendermale,matched_restaurant,-0.100481280623383,-0.0976861159,-0.3798926655575,-0.230516937828,0.031594517312,0.144598148675
model_fits/finalized_redone_trunc_cp/t2_a6_customer_t_day/breakfast_t2,model_fits/finalized_redone_trunc_cp/t2_a5_customer_day/total,t2_a6_customer_t_day,breakfast_t2,NA,restaurant,W8T41JZK0ZMEP,gender_female,exposure_W8T41JZK0ZMEP_3_genderfemale,matched_restaurant,-0.0535940101318517,-0.04666225075,-0.3136662742,-0.176703737888,0.067565631544,0.1750546000375
model_fits/finalized_redone_trunc_cp/t2_a6_customer_t_day/breakfast_t2,model_fits/finalized_redone_trunc_cp/t2_a5_customer_day/total,t2_a6_customer_t_day,breakfast_t2,NA,restaurant,W8T41JZK0ZMEP,gender_male,exposure_W8T41JZK0ZMEP_4_gendermale,matched_restaurant,0.129266275001466,0.12453872395,-0.105400552375,0.011127843576,0.250480073036,0.38956472066
model_fits/finalized_redone_trunc_cp/t2_a6_customer_t_day/breakfast_t2,model_fits/finalized_redone_trunc_cp/t2_a5_customer_day/total,t2_a6_customer_t_day,breakfast_t2,NA,restaurant,W8T41JZK0ZMEP,gender_female,exposure_W8T41JZK0ZMEP_4_genderfemale,matched_restaurant,0.0952543282537927,0.0859974964,-0.162157801175,-0.026479733508,0.22580431508,0.37321951635
model_fits/finalized_redone_trunc_cp/t2_a6_customer_t_day/breakfast_t2,model_fits/finalized_redone_trunc_cp/t2_a5_customer_day/total,t2_a6_customer_t_day,breakfast_t2,NA,restaurant,W8T41JZK0ZMEP,gender_male,exposure_W8T41JZK0ZMEP_5_gendermale,matched_restaurant,-0.259187787059163,-0.240391793,-0.742862884775,-0.471358243824,-0.0476348422564001,0.077826531475
model_fits/finalized_redone_trunc_cp/t2_a6_customer_t_day/breakfast_t2,model_fits/finalized_redone_trunc_cp/t2_a5_customer_day/total,t2_a6_customer_t_day,breakfast_t2,NA,restaurant,W8T41JZK0ZMEP,gender_female,exposure_W8T41JZK0ZMEP_5_genderfemale,matched_restaurant,0.140054283755174,0.126578803,-0.13416060459225,0.00369807674400003,0.287081664968,0.4617900049325
model_fits/finalized_redone_trunc_cp/t2_a6_customer_t_day/breakfast_t2,model_fits/finalized_redone_trunc_cp/t2_a5_customer_day/total,t2_a6_customer_t_day,breakfast_t2,NA,restaurant,V3Q26BHF3SE2H,gender_male,exposure_V3Q26BHF3SE2H_1_gendermale,matched_restaurant,0.0229480102313463,0.0186515285,-0.24207389525,-0.09857517672,0.14724490108,0.2910532837925
model_fits/finalized_redone_trunc_cp/t2_a6_customer_t_day/breakfast_t2,model_fits/finalized_redone_trunc_cp/t2_a5_customer_day/total,t2_a6_customer_t_day,breakfast_t2,NA,restaurant,V3Q26BHF3SE2H,gender_female,exposure_V3Q26BHF3SE2H_1_genderfemale,matched_restaurant,0.200357693093717,0.18784544685,-0.079704033875,0.033294253656,0.3660940362,0.555623590175
model_fits/finalized_redone_trunc_cp/t2_a6_customer_t_day/breakfast_t2,model_fits/finalized_redone_trunc_cp/t2_a5_customer_day/total,t2_a6_customer_t_day,breakfast_t2,NA,restaurant,V3Q26BHF3SE2H,gender_male,exposure_V3Q26BHF3SE2H_2_gendermale,matched_restaurant,-0.0406800720814019,-0.03929718,-0.277667483825,-0.151953384464,0.0658104324,0.19162419665
model_fits/finalized_redone_trunc_cp/t2_a6_customer_t_day/breakfast_t2,model_fits/finalized_redone_trunc_cp/t2_a5_customer_day/total,t2_a6_customer_t_day,breakfast_t2,NA,restaurant,V3Q26BHF3SE2H,gender_female,exposure_V3Q26BHF3SE2H_2_genderfemale,matched_restaurant,-0.0558005653196819,-0.0425945295,-0.3574992945,-0.18869751756,0.0688484602,0.191437495495
model_fits/finalized_redone_trunc_cp/t2_a6_customer_t_day/breakfast_t2,model_fits/finalized_redone_trunc_cp/t2_a5_customer_day/total,t2_a6_customer_t_day,breakfast_t2,NA,restaurant,V3Q26BHF3SE2H,gender_male,exposure_V3Q26BHF3SE2H_3_gendermale,matched_restaurant,-0.0150199040846474,-0.015391159,-0.185932012875,-0.10031115268,0.06886581248,0.1587229457325
model_fits/finalized_redone_trunc_cp/t2_a6_customer_t_day/breakfast_t2,model_fits/finalized_redone_trunc_cp/t2_a5_customer_day/total,t2_a6_customer_t_day,breakfast_t2,NA,restaurant,V3Q26BHF3SE2H,gender_female,exposure_V3Q26BHF3SE2H_3_genderfemale,matched_restaurant,-0.145279077788637,-0.14276435,-0.32489860405,-0.23588406928,-0.053193913,0.027055208925
model_fits/finalized_redone_trunc_cp/t2_a6_customer_t_day/breakfast_t2,model_fits/finalized_redone_trunc_cp/t2_a5_customer_day/total,t2_a6_customer_t_day,breakfast_t2,NA,restaurant,V3Q26BHF3SE2H,gender_male,exposure_V3Q26BHF3SE2H_4_gendermale,matched_restaurant,-0.0250094514839206,-0.0235135965,-0.230076617655,-0.120314305992,0.071683266744,0.166302078541
model_fits/finalized_redone_trunc_cp/t2_a6_customer_t_day/breakfast_t2,model_fits/finalized_redone_trunc_cp/t2_a5_customer_day/total,t2_a6_customer_t_day,breakfast_t2,NA,restaurant,V3Q26BHF3SE2H,gender_female,exposure_V3Q26BHF3SE2H_4_genderfemale,matched_restaurant,-0.145419715928391,-0.1414292425,-0.3723420630425,-0.25889204972,-0.029553222748,0.058553581575
model_fits/finalized_redone_trunc_cp/t2_a6_customer_t_day/breakfast_t2,model_fits/finalized_redone_trunc_cp/t2_a5_customer_day/total,t2_a6_customer_t_day,breakfast_t2,NA,restaurant,78AY09MVJVTYE,gender_male,exposure_78AY09MVJVTYE_1_gendermale,matched_restaurant,0.0319785518571217,0.0328353865,-0.22831268225,-0.09457935104,0.162884635584,0.282666818925
model_fits/finalized_redone_trunc_cp/t2_a6_customer_t_day/breakfast_t2,model_fits/finalized_redone_trunc_cp/t2_a5_customer_day/total,t2_a6_customer_t_day,breakfast_t2,NA,restaurant,78AY09MVJVTYE,gender_female,exposure_78AY09MVJVTYE_1_genderfemale,matched_restaurant,-0.102564557984514,-0.108082284,-0.4456828135,-0.28395131648,0.0791009076,0.2400509185
model_fits/finalized_redone_trunc_cp/t2_a6_customer_t_day/breakfast_t2,model_fits/finalized_redone_trunc_cp/t2_a5_customer_day/total,t2_a6_customer_t_day,breakfast_t2,1,pooled,NA,level,NA,mu_gamma_total_subset,-0.00302767958061407,-0.00158712745,-0.09219954121725,-0.040658567388,0.03290221108,0.0784808557325
model_fits/finalized_redone_trunc_cp/t2_a6_customer_t_day/breakfast_t2,model_fits/finalized_redone_trunc_cp/t2_a5_customer_day/total,t2_a6_customer_t_day,breakfast_t2,2,pooled,NA,slope,NA,mu_gamma_total_subset,0.0197410689590871,0.019930726,-0.127279084375,-0.04913909008,0.08726287312,0.16509024325
model_fits/finalized_redone_trunc_cp/t2_a6_customer_t_day/breakfast_t2,model_fits/finalized_redone_trunc_cp/t2_a5_customer_day/total,t2_a6_customer_t_day,breakfast_t2,3,pooled,NA,gender_male,NA,mu_gamma_total_subset,-0.0404997282021133,-0.036589943,-0.16326157535,-0.09556460524,0.01325132192,0.06692701315
model_fits/finalized_redone_trunc_cp/t2_a6_customer_t_day/breakfast_t2,model_fits/finalized_redone_trunc_cp/t2_a5_customer_day/total,t2_a6_customer_t_day,breakfast_t2,4,pooled,NA,gender_female,NA,mu_gamma_total_subset,0.0406214332065898,0.03405677233,-0.192065745,-0.05530396364,0.14155810128,0.2789966829
model_fits/finalized_uncontaminated2/t2_a6_customer_t_day/dairy_t2,model_fits/finalized_redone_trunc_cp/t2_a5_customer_day/total,t2_a6_customer_t_day,dairy_t2,NA,restaurant,W8T41JZK0ZMEP,level,exposure_W8T41JZK0ZMEP_1,matched_restaurant,-0.0131730404907333,-0.01548335,-0.154145773,-0.08375048,0.0574511832,0.143404912675
model_fits/finalized_uncontaminated2/t2_a6_customer_t_day/dairy_t2,model_fits/finalized_redone_trunc_cp/t2_a5_customer_day/total,t2_a6_customer_t_day,dairy_t2,NA,restaurant,W8T41JZK0ZMEP,level,exposure_W8T41JZK0ZMEP_2,matched_restaurant,-0.0438679872258,-0.04163325,-0.1963349375,-0.111147436,0.022417788,0.0961793825
model_fits/finalized_uncontaminated2/t2_a6_customer_t_day/dairy_t2,model_fits/finalized_redone_trunc_cp/t2_a5_customer_day/total,t2_a6_customer_t_day,dairy_t2,NA,restaurant,W8T41JZK0ZMEP,level,exposure_W8T41JZK0ZMEP_3,matched_restaurant,-0.0152079011240667,-0.0164185,-0.1510792475,-0.0869993692,0.0527554256,0.146596445
model_fits/finalized_uncontaminated2/t2_a6_customer_t_day/dairy_t2,model_fits/finalized_redone_trunc_cp/t2_a5_customer_day/total,t2_a6_customer_t_day,dairy_t2,NA,restaurant,W8T41JZK0ZMEP,level,exposure_W8T41JZK0ZMEP_4,matched_restaurant,-0.0414494488157667,-0.038943715,-0.19003258,-0.1080870348,0.02218136,0.0990421675000001
model_fits/finalized_uncontaminated2/t2_a6_customer_t_day/dairy_t2,model_fits/finalized_redone_trunc_cp/t2_a5_customer_day/total,t2_a6_customer_t_day,dairy_t2,NA,restaurant,W8T41JZK0ZMEP,level,exposure_W8T41JZK0ZMEP_5,matched_restaurant,-0.037347684666,-0.03610585,-0.21103991,-0.112860696,0.0378393216,0.122147515
model_fits/finalized_uncontaminated2/t2_a6_customer_t_day/dairy_t2,model_fits/finalized_redone_trunc_cp/t2_a5_customer_day/total,t2_a6_customer_t_day,dairy_t2,NA,restaurant,EMBVNVD207CC6,level,exposure_EMBVNVD207CC6_1,matched_restaurant,0.300353360263267,0.29725025,-0.2424590375,-0.005894332,0.5995525,0.8896709575
model_fits/finalized_uncontaminated2/t2_a6_customer_t_day/dairy_t2,model_fits/finalized_redone_trunc_cp/t2_a5_customer_day/total,t2_a6_customer_t_day,dairy_t2,NA,restaurant,9XKJD8DQTH559,level,exposure_9XKJD8DQTH559_1,matched_restaurant,-0.16720163363217,-0.16914912,-0.3955437325,-0.278733804,-0.0569670480000001,0.0788650700000001
model_fits/finalized_uncontaminated2/t2_a6_customer_t_day/dairy_t2,model_fits/finalized_redone_trunc_cp/t2_a5_customer_day/total,t2_a6_customer_t_day,dairy_t2,NA,restaurant,9XKJD8DQTH559,level,exposure_9XKJD8DQTH559_2,matched_restaurant,-0.227917731334533,-0.22147715,-0.4878619,-0.340946168,-0.1107134,-0.0107218122499998
model_fits/finalized_uncontaminated2/t2_a6_customer_t_day/dairy_t2,model_fits/finalized_redone_trunc_cp/t2_a5_customer_day/total,t2_a6_customer_t_day,dairy_t2,NA,restaurant,W8T41JZK0ZMEP,slope,exposure_W8T41JZK0ZMEP_1_slope,matched_restaurant,-0.0558375812662,-0.0638143,-0.647205575,-0.255667392,0.14454886636,0.5757127425
model_fits/finalized_uncontaminated2/t2_a6_customer_t_day/dairy_t2,model_fits/finalized_redone_trunc_cp/t2_a5_customer_day/total,t2_a6_customer_t_day,dairy_t2,NA,restaurant,W8T41JZK0ZMEP,slope,exposure_W8T41JZK0ZMEP_2_slope,matched_restaurant,-0.07897937201543,-0.076670995,-0.5825360325,-0.277017188,0.107925064,0.481079933775
model_fits/finalized_uncontaminated2/t2_a6_customer_t_day/dairy_t2,model_fits/finalized_redone_trunc_cp/t2_a5_customer_day/total,t2_a6_customer_t_day,dairy_t2,NA,restaurant,W8T41JZK0ZMEP,slope,exposure_W8T41JZK0ZMEP_3_slope,matched_restaurant,0.015007629967,-0.021077765,-0.4924851025,-0.187810456,0.239843472,0.672566655
model_fits/finalized_uncontaminated2/t2_a6_customer_t_day/dairy_t2,model_fits/finalized_redone_trunc_cp/t2_a5_customer_day/total,t2_a6_customer_t_day,dairy_t2,NA,restaurant,W8T41JZK0ZMEP,slope,exposure_W8T41JZK0ZMEP_4_slope,matched_restaurant,-0.103926595763253,-0.0824756965,-0.7223510875,-0.30671436,0.08972802,0.404271285
model_fits/finalized_uncontaminated2/t2_a6_customer_t_day/dairy_t2,model_fits/finalized_redone_trunc_cp/t2_a5_customer_day/total,t2_a6_customer_t_day,dairy_t2,NA,restaurant,W8T41JZK0ZMEP,slope,exposure_W8T41JZK0ZMEP_5_slope,matched_restaurant,-0.1226031712021,-0.08862995,-0.8373047325,-0.327694812,0.081854516,0.41618882
model_fits/finalized_uncontaminated2/t2_a6_customer_t_day/dairy_t2,model_fits/finalized_redone_trunc_cp/t2_a5_customer_day/total,t2_a6_customer_t_day,dairy_t2,NA,restaurant,EMBVNVD207CC6,slope,exposure_EMBVNVD207CC6_1_slope,matched_restaurant,-0.336662289009,-0.3250564,-0.761795025,-0.52624568,-0.143328364,0.01619248
model_fits/finalized_uncontaminated2/t2_a6_customer_t_day/dairy_t2,model_fits/finalized_redone_trunc_cp/t2_a5_customer_day/total,t2_a6_customer_t_day,dairy_t2,NA,restaurant,9XKJD8DQTH559,slope,exposure_9XKJD8DQTH559_1_slope,matched_restaurant,-0.0466999124247667,-0.089326,-0.4933574675,-0.27334848,0.162742488,0.6735029225
model_fits/finalized_uncontaminated2/t2_a6_customer_t_day/dairy_t2,model_fits/finalized_redone_trunc_cp/t2_a5_customer_day/total,t2_a6_customer_t_day,dairy_t2,NA,restaurant,9XKJD8DQTH559,slope,exposure_9XKJD8DQTH559_2_slope,matched_restaurant,-0.260267587956133,-0.2071449,-1.0242354725,-0.479871724,-0.033417464,0.17463360875
model_fits/finalized_uncontaminated2/t2_a6_customer_t_day/dairy_t2,model_fits/finalized_redone_trunc_cp/t2_a5_customer_day/total,t2_a6_customer_t_day,dairy_t2,NA,restaurant,W8T41JZK0ZMEP,gender_male,exposure_W8T41JZK0ZMEP_1_gendermale,matched_restaurant,0.0922623583823333,0.0774914,-0.3298190465,-0.117640648,0.311115564,0.5650495015
model_fits/finalized_uncontaminated2/t2_a6_customer_t_day/dairy_t2,model_fits/finalized_redone_trunc_cp/t2_a5_customer_day/total,t2_a6_customer_t_day,dairy_t2,NA,restaurant,W8T41JZK0ZMEP,gender_female,exposure_W8T41JZK0ZMEP_1_genderfemale,matched_restaurant,0.0198205085446333,0.01740085,-0.2704875375,-0.119768024,0.1627339084,0.31599234825
model_fits/finalized_uncontaminated2/t2_a6_customer_t_day/dairy_t2,model_fits/finalized_redone_trunc_cp/t2_a5_customer_day/total,t2_a6_customer_t_day,dairy_t2,NA,restaurant,W8T41JZK0ZMEP,gender_male,exposure_W8T41JZK0ZMEP_2_gendermale,matched_restaurant,0.29507153798323,0.29070545,0.0558870625,0.165871904,0.425843936,0.555935275
model_fits/finalized_uncontaminated2/t2_a6_customer_t_day/dairy_t2,model_fits/finalized_redone_trunc_cp/t2_a5_customer_day/total,t2_a6_customer_t_day,dairy_t2,NA,restaurant,W8T41JZK0ZMEP,gender_female,exposure_W8T41JZK0ZMEP_2_genderfemale,matched_restaurant,-0.0876642331688967,-0.08236635,-0.31181259,-0.196703816,0.0175618824,0.126578495
model_fits/finalized_uncontaminated2/t2_a6_customer_t_day/dairy_t2,model_fits/finalized_redone_trunc_cp/t2_a5_customer_day/total,t2_a6_customer_t_day,dairy_t2,NA,restaurant,W8T41JZK0ZMEP,gender_male,exposure_W8T41JZK0ZMEP_3_gendermale,matched_restaurant,-0.1442040282519,-0.1398445,-0.455208195,-0.296231232,0.00770098599999997,0.1340365175
model_fits/finalized_uncontaminated2/t2_a6_customer_t_day/dairy_t2,model_fits/finalized_redone_trunc_cp/t2_a5_customer_day/total,t2_a6_customer_t_day,dairy_t2,NA,restaurant,W8T41JZK0ZMEP,gender_female,exposure_W8T41JZK0ZMEP_3_genderfemale,matched_restaurant,-0.105659180291,-0.09849045,-0.37840784,-0.235975772,0.017522252,0.1383758325
model_fits/finalized_uncontaminated2/t2_a6_customer_t_day/dairy_t2,model_fits/finalized_redone_trunc_cp/t2_a5_customer_day/total,t2_a6_customer_t_day,dairy_t2,NA,restaurant,W8T41JZK0ZMEP,gender_male,exposure_W8T41JZK0ZMEP_4_gendermale,matched_restaurant,0.0550461174147667,0.05282935,-0.2353416475,-0.080210408,0.196117832,0.3519821925
model_fits/finalized_uncontaminated2/t2_a6_customer_t_day/dairy_t2,model_fits/finalized_redone_trunc_cp/t2_a5_customer_day/total,t2_a6_customer_t_day,dairy_t2,NA,restaurant,W8T41JZK0ZMEP,gender_female,exposure_W8T41JZK0ZMEP_4_genderfemale,matched_restaurant,0.0507538079732667,0.0426196,-0.21467244,-0.0747150316,0.188389908,0.331475365
model_fits/finalized_uncontaminated2/t2_a6_customer_t_day/dairy_t2,model_fits/finalized_redone_trunc_cp/t2_a5_customer_day/total,t2_a6_customer_t_day,dairy_t2,NA,restaurant,W8T41JZK0ZMEP,gender_male,exposure_W8T41JZK0ZMEP_5_gendermale,matched_restaurant,-0.147967699629433,-0.1371121,-0.6728104125,-0.393541304,0.0962010399999999,0.34346115
model_fits/finalized_uncontaminated2/t2_a6_customer_t_day/dairy_t2,model_fits/finalized_redone_trunc_cp/t2_a5_customer_day/total,t2_a6_customer_t_day,dairy_t2,NA,restaurant,W8T41JZK0ZMEP,gender_female,exposure_W8T41JZK0ZMEP_5_genderfemale,matched_restaurant,0.0525793872370333,0.0422756,-0.256211925,-0.099275924,0.21383432,0.3860570275
model_fits/finalized_uncontaminated2/t2_a6_customer_t_day/dairy_t2,model_fits/finalized_redone_trunc_cp/t2_a5_customer_day/total,t2_a6_customer_t_day,dairy_t2,NA,restaurant,EMBVNVD207CC6,gender_male,exposure_EMBVNVD207CC6_1_gendermale,matched_restaurant,-0.0196614895117667,-0.0177397,-0.224350345,-0.121947512,0.080578444,0.1741039
model_fits/finalized_uncontaminated2/t2_a6_customer_t_day/dairy_t2,model_fits/finalized_redone_trunc_cp/t2_a5_customer_day/total,t2_a6_customer_t_day,dairy_t2,NA,restaurant,EMBVNVD207CC6,gender_female,exposure_EMBVNVD207CC6_1_genderfemale,matched_restaurant,-0.011995459072,-0.0142096,-0.298387185,-0.157115888,0.1366314936,0.2843654775
model_fits/finalized_uncontaminated2/t2_a6_customer_t_day/dairy_t2,model_fits/finalized_redone_trunc_cp/t2_a5_customer_day/total,t2_a6_customer_t_day,dairy_t2,NA,restaurant,9XKJD8DQTH559,gender_male,exposure_9XKJD8DQTH559_1_gendermale,matched_restaurant,-0.0867007796053333,-0.084866,-0.4422856775,-0.25794802,0.0869985279999999,0.2652026925
model_fits/finalized_uncontaminated2/t2_a6_customer_t_day/dairy_t2,model_fits/finalized_redone_trunc_cp/t2_a5_customer_day/total,t2_a6_customer_t_day,dairy_t2,NA,restaurant,9XKJD8DQTH559,gender_female,exposure_9XKJD8DQTH559_1_genderfemale,matched_restaurant,0.478526205140753,0.43190455,-0.139998839,0.059593396,0.889807256,1.34624471
model_fits/finalized_uncontaminated2/t2_a6_customer_t_day/dairy_t2,model_fits/finalized_redone_trunc_cp/t2_a5_customer_day/total,t2_a6_customer_t_day,dairy_t2,NA,restaurant,9XKJD8DQTH559,gender_male,exposure_9XKJD8DQTH559_2_gendermale,matched_restaurant,-0.147837792775363,-0.14330595,-0.4884445375,-0.30611238,0.00726055199999986,0.1725524675
model_fits/finalized_uncontaminated2/t2_a6_customer_t_day/dairy_t2,model_fits/finalized_redone_trunc_cp/t2_a5_customer_day/total,t2_a6_customer_t_day,dairy_t2,NA,restaurant,9XKJD8DQTH559,gender_female,exposure_9XKJD8DQTH559_2_genderfemale,matched_restaurant,-0.5621564322413,-0.5139884,-1.3523605125,-0.955899356,-0.185165472,0.0174417217500001
model_fits/finalized_uncontaminated2/t2_a6_customer_t_day/dairy_t2,model_fits/finalized_redone_trunc_cp/t2_a5_customer_day/total,t2_a6_customer_t_day,dairy_t2,1,pooled,NA,level,NA,mu_gamma_total_subset,0.0499639142510667,0.038882005,-0.56121351,-0.175817232,0.2945281068,0.711744975
model_fits/finalized_uncontaminated2/t2_a6_customer_t_day/dairy_t2,model_fits/finalized_redone_trunc_cp/t2_a5_customer_day/total,t2_a6_customer_t_day,dairy_t2,2,pooled,NA,slope,NA,mu_gamma_total_subset,-0.152269955072363,-0.13547885,-0.595777782,-0.317880624,0.00274118399999996,0.23886756
model_fits/finalized_uncontaminated2/t2_a6_customer_t_day/dairy_t2,model_fits/finalized_redone_trunc_cp/t2_a5_customer_day/total,t2_a6_customer_t_day,dairy_t2,3,pooled,NA,gender_male,NA,mu_gamma_total_subset,0.0193666018166,0.010463,-0.23218273,-0.08367158,0.115661832,0.3587991375
model_fits/finalized_uncontaminated2/t2_a6_customer_t_day/dairy_t2,model_fits/finalized_redone_trunc_cp/t2_a5_customer_day/total,t2_a6_customer_t_day,dairy_t2,4,pooled,NA,gender_female,NA,mu_gamma_total_subset,0.00697766593362,0.005954355,-0.219133905,-0.08683956,0.102522464,0.23390651
model_fits/finalized_uncontaminated2/t2_a6_customer_t_day/textured_t2,model_fits/finalized_redone_trunc_cp/t2_a5_customer_day/total,t2_a6_customer_t_day,textured_t2,NA,restaurant,SAFK7ND1HR6XS,level,exposure_SAFK7ND1HR6XS_1,matched_restaurant,-0.148224610706287,-0.14504775,-0.454905275,-0.309494312,0.017151588,0.145810895
model_fits/finalized_uncontaminated2/t2_a6_customer_t_day/textured_t2,model_fits/finalized_redone_trunc_cp/t2_a5_customer_day/total,t2_a6_customer_t_day,textured_t2,NA,restaurant,SAFK7ND1HR6XS,slope,exposure_SAFK7ND1HR6XS_1_slope,matched_restaurant,0.302657517061233,0.32892575,-1.30917101,-0.461249844,1.057984828,1.8128090125
model_fits/finalized_uncontaminated2/t2_a6_customer_t_day/textured_t2,model_fits/finalized_redone_trunc_cp/t2_a5_customer_day/total,t2_a6_customer_t_day,textured_t2,NA,restaurant,SAFK7ND1HR6XS,gender_male,exposure_SAFK7ND1HR6XS_1_gendermale,matched_restaurant,0.0736443219135333,0.075736645,-0.1081626575,-0.01874606524,0.162395928,0.263765775
model_fits/finalized_uncontaminated2/t2_a6_customer_t_day/textured_t2,model_fits/finalized_redone_trunc_cp/t2_a5_customer_day/total,t2_a6_customer_t_day,textured_t2,NA,restaurant,SAFK7ND1HR6XS,gender_female,exposure_SAFK7ND1HR6XS_1_genderfemale,matched_restaurant,0.1060947374819,0.10685345,-0.1164264575,-0.005169232,0.216041908,0.333170125
model_fits/finalized_uncontaminated2/t2_a6_customer_t_day/textured_t2,model_fits/finalized_redone_trunc_cp/t2_a5_customer_day/total,t2_a6_customer_t_day,textured_t2,1,pooled,NA,level,NA,mu_gamma_total_subset,-0.1427665308064,-0.14029704,-0.42719923,-0.2951325032,0.00914312799999999,0.137074775
model_fits/finalized_uncontaminated2/t2_a6_customer_t_day/textured_t2,model_fits/finalized_redone_trunc_cp/t2_a5_customer_day/total,t2_a6_customer_t_day,textured_t2,2,pooled,NA,slope,NA,mu_gamma_total_subset,0.30376022678147,0.323778095,-1.2582590925,-0.4651823,1.0555148092,1.8453210825
model_fits/finalized_uncontaminated2/t2_a6_customer_t_day/textured_t2,model_fits/finalized_redone_trunc_cp/t2_a5_customer_day/total,t2_a6_customer_t_day,textured_t2,3,pooled,NA,gender_male,NA,mu_gamma_total_subset,0.0941273906755333,0.0937071,-0.04885680275,0.019941208,0.1674365704,0.24192472
model_fits/finalized_uncontaminated2/t2_a6_customer_t_day/textured_t2,model_fits/finalized_redone_trunc_cp/t2_a5_customer_day/total,t2_a6_customer_t_day,textured_t2,4,pooled,NA,gender_female,NA,mu_gamma_total_subset,0.149618017287553,0.1461458,-0.04499143,0.0542538496,0.242455588,0.362721875
model_fits/finalized_uncontaminated2/t2_a6_customer_t_day/untextured_t2,model_fits/finalized_redone_trunc_cp/t2_a5_customer_day/total,t2_a6_customer_t_day,untextured_t2,NA,restaurant,SRQS8F7JWA9MZ,level,exposure_SRQS8F7JWA9MZ_1,matched_restaurant,0.0668104490943667,0.02794005,-0.0834350575,-0.031389808,0.2038855704,0.2596178925
model_fits/finalized_uncontaminated2/t2_a6_customer_t_day/untextured_t2,model_fits/finalized_redone_trunc_cp/t2_a5_customer_day/total,t2_a6_customer_t_day,untextured_t2,NA,restaurant,SRQS8F7JWA9MZ,level,exposure_SRQS8F7JWA9MZ_2,matched_restaurant,-0.0123406482546,-0.05386925,-0.1897323725,-0.1370496944,0.1528545,0.211514845
model_fits/finalized_uncontaminated2/t2_a6_customer_t_day/untextured_t2,model_fits/finalized_redone_trunc_cp/a3_its/total,t2_a6_customer_t_day,untextured_t2,NA,restaurant,JHDN7CF1C03X5,level,exposure_JHDN7CF1C03X5_1,t1_a3_total,-0.0934075332273632,-0.09015427985,-0.17395710945,-0.13216791568,-0.0556600344,-0.0237252198
model_fits/finalized_uncontaminated2/t2_a6_customer_t_day/untextured_t2,model_fits/finalized_redone_trunc_cp/t2_a5_customer_day/total,t2_a6_customer_t_day,untextured_t2,NA,restaurant,C0BE4NDSW26QN,level,exposure_C0BE4NDSW26QN_1,matched_restaurant,0.0780517925962667,0.14235613,-0.211791605,-0.1295769,0.219112824,0.307010825
model_fits/finalized_uncontaminated2/t2_a6_customer_t_day/untextured_t2,model_fits/finalized_redone_trunc_cp/t2_a5_customer_day/total,t2_a6_customer_t_day,untextured_t2,NA,restaurant,C0BE4NDSW26QN,level,exposure_C0BE4NDSW26QN_2,matched_restaurant,0.0621002042635645,0.128869375,-0.246919745,-0.1612817,0.213500948,0.305752975
model_fits/finalized_uncontaminated2/t2_a6_customer_t_day/untextured_t2,model_fits/finalized_redone_trunc_cp/t2_a5_customer_day/total,t2_a6_customer_t_day,untextured_t2,NA,restaurant,S8MT0YGD2KTN9,level,exposure_S8MT0YGD2KTN9_1,matched_restaurant,0.1742384699088,0.1615501,-0.0479260525,0.040114044,0.311100444,0.45650638
model_fits/finalized_uncontaminated2/t2_a6_customer_t_day/untextured_t2,model_fits/finalized_redone_trunc_cp/t2_a5_customer_day/total,t2_a6_customer_t_day,untextured_t2,NA,restaurant,1SQPTEGYPH0GA,level,exposure_1SQPTEGYPH0GA_1,matched_restaurant,-0.157562460216067,-0.15435968,-0.454282065,-0.28039092,0.00413565199999997,0.06999844
model_fits/finalized_uncontaminated2/t2_a6_customer_t_day/untextured_t2,model_fits/finalized_redone_trunc_cp/t2_a5_customer_day/total,t2_a6_customer_t_day,untextured_t2,NA,restaurant,9XKJD8DQTH559,level,exposure_9XKJD8DQTH559_1,matched_restaurant,-0.107105992127903,-0.11103685,-0.432806875,-0.312474984,0.10309454,0.2017669475
model_fits/finalized_uncontaminated2/t2_a6_customer_t_day/untextured_t2,model_fits/finalized_redone_trunc_cp/t2_a5_customer_day/total,t2_a6_customer_t_day,untextured_t2,NA,restaurant,9XKJD8DQTH559,level,exposure_9XKJD8DQTH559_2,matched_restaurant,-0.0615798223642,-0.0375935,-0.355125575,-0.20825186,0.082137492,0.158902695
model_fits/finalized_uncontaminated2/t2_a6_customer_t_day/untextured_t2,model_fits/finalized_redone_trunc_cp/t2_a5_customer_day/total,t2_a6_customer_t_day,untextured_t2,NA,restaurant,LQ5EH4BKGV61T,level,exposure_LQ5EH4BKGV61T_1,matched_restaurant,0.030095570481,-0.09551085,-0.30952395,-0.187305428,0.36182116852,0.499097075
model_fits/finalized_uncontaminated2/t2_a6_customer_t_day/untextured_t2,model_fits/finalized_redone_trunc_cp/t2_a5_customer_day/total,t2_a6_customer_t_day,untextured_t2,NA,restaurant,SRQS8F7JWA9MZ,slope,exposure_SRQS8F7JWA9MZ_1_slope,matched_restaurant,-0.0487854534572667,-0.02192805,-0.306779305,-0.195740016,0.060398832,0.19950823
model_fits/finalized_uncontaminated2/t2_a6_customer_t_day/untextured_t2,model_fits/finalized_redone_trunc_cp/t2_a5_customer_day/total,t2_a6_customer_t_day,untextured_t2,NA,restaurant,SRQS8F7JWA9MZ,slope,exposure_SRQS8F7JWA9MZ_2_slope,matched_restaurant,0.256183403108667,0.2540111,-0.12460527,-0.00376464399999999,0.531672304,0.6476579
model_fits/finalized_uncontaminated2/t2_a6_customer_t_day/untextured_t2,model_fits/finalized_redone_trunc_cp/a3_its/total,t2_a6_customer_t_day,untextured_t2,NA,restaurant,JHDN7CF1C03X5,slope,exposure_JHDN7CF1C03X5_1_slope,t1_a3_total,-0.736602073439433,-0.7302503,-0.9298651681775,-0.8282740444,-0.6469513896,-0.5733346
model_fits/finalized_uncontaminated2/t2_a6_customer_t_day/untextured_t2,model_fits/finalized_redone_trunc_cp/t2_a5_customer_day/total,t2_a6_customer_t_day,untextured_t2,NA,restaurant,C0BE4NDSW26QN,slope,exposure_C0BE4NDSW26QN_1_slope,matched_restaurant,-0.0339878415807967,-0.036431225,-0.187558855,-0.124668536,0.047461552,0.1519632625
model_fits/finalized_uncontaminated2/t2_a6_customer_t_day/untextured_t2,model_fits/finalized_redone_trunc_cp/t2_a5_customer_day/total,t2_a6_customer_t_day,untextured_t2,NA,restaurant,C0BE4NDSW26QN,slope,exposure_C0BE4NDSW26QN_2_slope,matched_restaurant,0.00266666103833333,0.014485,-0.17822371,-0.062421252,0.0658280764,0.1338324425
model_fits/finalized_uncontaminated2/t2_a6_customer_t_day/untextured_t2,model_fits/finalized_redone_trunc_cp/t2_a5_customer_day/total,t2_a6_customer_t_day,untextured_t2,NA,restaurant,S8MT0YGD2KTN9,slope,exposure_S8MT0YGD2KTN9_1_slope,matched_restaurant,0.0520366332626333,0.05844975,-0.1768992775,-0.097074964,0.190750304,0.270397225
model_fits/finalized_uncontaminated2/t2_a6_customer_t_day/untextured_t2,model_fits/finalized_redone_trunc_cp/t2_a5_customer_day/total,t2_a6_customer_t_day,untextured_t2,NA,restaurant,1SQPTEGYPH0GA,slope,exposure_1SQPTEGYPH0GA_1_slope,matched_restaurant,-0.122497991769433,-0.134675,-0.3335719275,-0.240502188,0.019610724,0.08646183
model_fits/finalized_uncontaminated2/t2_a6_customer_t_day/untextured_t2,model_fits/finalized_redone_trunc_cp/t2_a5_customer_day/total,t2_a6_customer_t_day,untextured_t2,NA,restaurant,9XKJD8DQTH559,slope,exposure_9XKJD8DQTH559_1_slope,matched_restaurant,-0.173325751612433,-0.04965605,-0.684774475,-0.54158964,0.0801815196,0.204123255
model_fits/finalized_uncontaminated2/t2_a6_customer_t_day/untextured_t2,model_fits/finalized_redone_trunc_cp/t2_a5_customer_day/total,t2_a6_customer_t_day,untextured_t2,NA,restaurant,9XKJD8DQTH559,slope,exposure_9XKJD8DQTH559_2_slope,matched_restaurant,0.265314233111333,0.1347053,-0.1988252575,-0.06984586,0.728176648,0.8668542
model_fits/finalized_uncontaminated2/t2_a6_customer_t_day/untextured_t2,model_fits/finalized_redone_trunc_cp/t2_a5_customer_day/total,t2_a6_customer_t_day,untextured_t2,NA,restaurant,LQ5EH4BKGV61T,slope,exposure_LQ5EH4BKGV61T_1_slope,matched_restaurant,-0.3187117217134,-0.127804,-1.068267025,-0.865370504,0.0542120131999999,0.1977135025
model_fits/finalized_uncontaminated2/t2_a6_customer_t_day/untextured_t2,model_fits/finalized_redone_trunc_cp/t2_a5_customer_day/total,t2_a6_customer_t_day,untextured_t2,NA,restaurant,SRQS8F7JWA9MZ,gender_male,exposure_SRQS8F7JWA9MZ_1_gendermale,matched_restaurant,-0.1633460905543,-0.17568595,-0.382688575,-0.28757468,-0.021504716,0.0862848575000001
model_fits/finalized_uncontaminated2/t2_a6_customer_t_day/untextured_t2,model_fits/finalized_redone_trunc_cp/t2_a5_customer_day/total,t2_a6_customer_t_day,untextured_t2,NA,restaurant,SRQS8F7JWA9MZ,gender_female,exposure_SRQS8F7JWA9MZ_1_genderfemale,matched_restaurant,-0.0613549933896667,-0.04421755,-0.327931245,-0.232004304,0.082234676,0.1926088175
model_fits/finalized_uncontaminated2/t2_a6_customer_t_day/untextured_t2,model_fits/finalized_redone_trunc_cp/t2_a5_customer_day/total,t2_a6_customer_t_day,untextured_t2,NA,restaurant,SRQS8F7JWA9MZ,gender_male,exposure_SRQS8F7JWA9MZ_2_gendermale,matched_restaurant,0.0185450033073333,0.0147596,-0.15843295275,-0.07612852,0.114500244,0.20971925
model_fits/finalized_uncontaminated2/t2_a6_customer_t_day/untextured_t2,model_fits/finalized_redone_trunc_cp/t2_a5_customer_day/total,t2_a6_customer_t_day,untextured_t2,NA,restaurant,SRQS8F7JWA9MZ,gender_female,exposure_SRQS8F7JWA9MZ_2_genderfemale,matched_restaurant,0.09027527837365,0.07831265,-0.1631893225,-0.057979612,0.262818084,0.367213005
model_fits/finalized_uncontaminated2/t2_a6_customer_t_day/untextured_t2,model_fits/finalized_redone_trunc_cp/t2_a5_customer_day/total,t2_a6_customer_t_day,untextured_t2,NA,restaurant,C0BE4NDSW26QN,gender_male,exposure_C0BE4NDSW26QN_1_gendermale,matched_restaurant,-0.0493680036186667,-0.05409155,-0.4728917225,-0.261135256,0.172369588,0.37481515
model_fits/finalized_uncontaminated2/t2_a6_customer_t_day/untextured_t2,model_fits/finalized_redone_trunc_cp/t2_a5_customer_day/total,t2_a6_customer_t_day,untextured_t2,NA,restaurant,C0BE4NDSW26QN,gender_female,exposure_C0BE4NDSW26QN_1_genderfemale,matched_restaurant,-0.1118055568045,-0.107687215,-0.6880548275,-0.30693568,0.094911552,0.415623961
model_fits/finalized_uncontaminated2/t2_a6_customer_t_day/untextured_t2,model_fits/finalized_redone_trunc_cp/t2_a5_customer_day/total,t2_a6_customer_t_day,untextured_t2,NA,restaurant,C0BE4NDSW26QN,gender_male,exposure_C0BE4NDSW26QN_2_gendermale,matched_restaurant,-0.0262190908066667,-0.0229045,-0.449698525,-0.252852648,0.197094372,0.4031813
model_fits/finalized_uncontaminated2/t2_a6_customer_t_day/untextured_t2,model_fits/finalized_redone_trunc_cp/t2_a5_customer_day/total,t2_a6_customer_t_day,untextured_t2,NA,restaurant,C0BE4NDSW26QN,gender_female,exposure_C0BE4NDSW26QN_2_genderfemale,matched_restaurant,-0.0763360194022333,-0.07804635,-0.6073985575,-0.282953256,0.122205148,0.48267497
model_fits/finalized_uncontaminated2/t2_a6_customer_t_day/untextured_t2,model_fits/finalized_redone_trunc_cp/t2_a5_customer_day/total,t2_a6_customer_t_day,untextured_t2,NA,restaurant,S8MT0YGD2KTN9,gender_male,exposure_S8MT0YGD2KTN9_1_gendermale,matched_restaurant,0.0678906635579333,0.1061325,-0.22422277,-0.138237712,0.225429924,0.3203163
model_fits/finalized_uncontaminated2/t2_a6_customer_t_day/untextured_t2,model_fits/finalized_redone_trunc_cp/t2_a5_customer_day/total,t2_a6_customer_t_day,untextured_t2,NA,restaurant,S8MT0YGD2KTN9,gender_female,exposure_S8MT0YGD2KTN9_1_genderfemale,matched_restaurant,0.0902594427121333,0.089436705,-0.12671417,-0.018600308,0.19654546,0.314561065
model_fits/finalized_uncontaminated2/t2_a6_customer_t_day/untextured_t2,model_fits/finalized_redone_trunc_cp/t2_a5_customer_day/total,t2_a6_customer_t_day,untextured_t2,NA,restaurant,1SQPTEGYPH0GA,gender_male,exposure_1SQPTEGYPH0GA_1_gendermale,matched_restaurant,-0.0256877697063,-0.04454076,-0.30413186,-0.181260956,0.159446324,0.2820761475
model_fits/finalized_uncontaminated2/t2_a6_customer_t_day/untextured_t2,model_fits/finalized_redone_trunc_cp/t2_a5_customer_day/total,t2_a6_customer_t_day,untextured_t2,NA,restaurant,1SQPTEGYPH0GA,gender_female,exposure_1SQPTEGYPH0GA_1_genderfemale,matched_restaurant,0.451668048993333,0.45226685,0.0976453,0.26996604,0.632207436,0.7914173
model_fits/finalized_uncontaminated2/t2_a6_customer_t_day/untextured_t2,model_fits/finalized_redone_trunc_cp/t2_a5_customer_day/total,t2_a6_customer_t_day,untextured_t2,NA,restaurant,9XKJD8DQTH559,gender_male,exposure_9XKJD8DQTH559_1_gendermale,matched_restaurant,-0.165431257335,-0.1604418,-0.4935628975,-0.322213996,-0.00460555600000004,0.1525493625
model_fits/finalized_uncontaminated2/t2_a6_customer_t_day/untextured_t2,model_fits/finalized_redone_trunc_cp/t2_a5_customer_day/total,t2_a6_customer_t_day,untextured_t2,NA,restaurant,9XKJD8DQTH559,gender_female,exposure_9XKJD8DQTH559_1_genderfemale,matched_restaurant,0.451912245825667,0.413005,-0.326270445,-0.011214264,0.925835952,1.412388485
model_fits/finalized_uncontaminated2/t2_a6_customer_t_day/untextured_t2,model_fits/finalized_redone_trunc_cp/t2_a5_customer_day/total,t2_a6_customer_t_day,untextured_t2,NA,restaurant,9XKJD8DQTH559,gender_male,exposure_9XKJD8DQTH559_2_gendermale,matched_restaurant,-0.188732238502333,-0.18588235,-0.492933395,-0.33868942,-0.04508132,0.1187694225
model_fits/finalized_uncontaminated2/t2_a6_customer_t_day/untextured_t2,model_fits/finalized_redone_trunc_cp/t2_a5_customer_day/total,t2_a6_customer_t_day,untextured_t2,NA,restaurant,9XKJD8DQTH559,gender_female,exposure_9XKJD8DQTH559_2_genderfemale,matched_restaurant,-0.530958892818867,-0.4830555,-1.38903219,-0.959821244,-0.126512256,0.134832505
model_fits/finalized_uncontaminated2/t2_a6_customer_t_day/untextured_t2,model_fits/finalized_redone_trunc_cp/t2_a5_customer_day/total,t2_a6_customer_t_day,untextured_t2,NA,restaurant,LQ5EH4BKGV61T,gender_male,exposure_LQ5EH4BKGV61T_1_gendermale,matched_restaurant,-0.141915415967733,-0.14772745,-0.479549575,-0.307567768,0.02144876,0.20420445
model_fits/finalized_uncontaminated2/t2_a6_customer_t_day/untextured_t2,model_fits/finalized_redone_trunc_cp/t2_a5_customer_day/total,t2_a6_customer_t_day,untextured_t2,NA,restaurant,LQ5EH4BKGV61T,gender_female,exposure_LQ5EH4BKGV61T_1_genderfemale,matched_restaurant,0.108483627223833,0.09669295,-0.37128373,-0.12513646,0.342577952,0.615104305
model_fits/finalized_uncontaminated2/t2_a6_customer_t_day/untextured_t2,model_fits/finalized_redone_trunc_cp/t2_a5_customer_day/total,t2_a6_customer_t_day,untextured_t2,1,pooled,NA,level,NA,mu_gamma_total_subset,-0.0517303302678333,-0.090584475,-0.3179390225,-0.268497552,0.2092210436,0.2475758825
model_fits/finalized_uncontaminated2/t2_a6_customer_t_day/untextured_t2,model_fits/finalized_redone_trunc_cp/t2_a5_customer_day/total,t2_a6_customer_t_day,untextured_t2,2,pooled,NA,slope,NA,mu_gamma_total_subset,-0.02711557759853,-0.00586595,-0.2003315525,-0.128351396,0.055928068,0.101143535
model_fits/finalized_uncontaminated2/t2_a6_customer_t_day/untextured_t2,model_fits/finalized_redone_trunc_cp/t2_a5_customer_day/total,t2_a6_customer_t_day,untextured_t2,3,pooled,NA,gender_male,NA,mu_gamma_total_subset,-0.0613922192302,-0.0541683,-0.188578155,-0.1272857816,-0.0010109,0.0441428900000001
model_fits/finalized_uncontaminated2/t2_a6_customer_t_day/untextured_t2,model_fits/finalized_redone_trunc_cp/t2_a5_customer_day/total,t2_a6_customer_t_day,untextured_t2,4,pooled,NA,gender_female,NA,mu_gamma_total_subset,0.000207554332886666,0.000527489999999994,-0.1751164475,-0.086122536,0.0859461528,0.17799910725
