outcome,exposure_group,exposure_type,mean,q2.5,q97.5,mean_exp,mean_exp_p10,rhat,estimate_type,restaurant_id,q16,q84,pred_path,color_group,left_ok,right_ok,color_group_inner,color_group_innerdark,color_group_restwash,q1_lo,q1_hi
nonvegan,Exposure: Alt-Protein-Modifiable,Form: Count,0.00437301437234333,-0.068393783,0.079416367825,1.0038156571549046,1.0003809121286074,NA,Pooled,POOLED,-0.030851084432,0.040271086956,../../model_fits/finalized_redone_trunc_cp/t2_a1_proportion/nonvegan/mpbamod_dishes_count/plots/all_restaurants_weekly.png,Animal,FALSE,TRUE,Animal_inner,Animal_innerdark,Animal_restwash,-0.030851084432,0.040271086956
nonvegan,Exposure: Alt-Protein-Modifiable,Form: Proportion,-0.037127253849479,-1.6234557323,1.47306169405,0.9780832352022506,0.9977864031271207,NA,Pooled,POOLED,-0.8359249524,0.75430821528,../../model_fits/finalized_redone_trunc_cp/t2_a1_proportion/nonvegan/mpbamod_dishes_prop/plots/all_restaurants_weekly.png,Animal,FALSE,TRUE,Animal_inner,Animal_innerdark,Animal_restwash,-0.8359249524,0.75430821528
nonvegan,Exposure: Vegan,Form: Count,0.006431929444935,-0.121845884175,0.1276731457,1.0082187197595296,1.00081884807318,NA,Pooled,POOLED,-0.0535304836,0.06607390312,../../model_fits/finalized_redone_trunc_cp/t2_a1_proportion/nonvegan/vegan_dishes_count/plots/all_restaurants_weekly.png,Animal,FALSE,TRUE,Animal_inner,Animal_innerdark,Animal_restwash,-0.0535304836,0.06607390312
nonvegan,Exposure: Vegan,Form: Proportion,-0.114827068638187,-1.096112311,0.7851115315,0.902879277480778,0.9898353701098683,NA,Pooled,POOLED,-0.5760517384,0.3535983616,../../model_fits/finalized_redone_trunc_cp/t2_a1_proportion/nonvegan/vegan_dishes_prop/plots/all_restaurants_weekly.png,Animal,FALSE,TRUE,Animal_inner,Animal_innerdark,Animal_restwash,-0.5760517384,0.3535983616
nonvegan,Exposure: Vegetarian,Form: Count,0.00206155959086,-0.042639287365,0.04380000765,1.002680430447199,1.0002677202806793,NA,Pooled,POOLED,-0.02049621644,0.02378810504,../../model_fits/finalized_redone_trunc_cp/t2_a1_proportion/nonvegan/vegetarian_dishes_count/plots/all_restaurants_weekly.png,Animal,FALSE,TRUE,Animal_inner,Animal_innerdark,Animal_restwash,-0.02049621644,0.02378810504
nonvegan,Exposure: Vegetarian,Form: Proportion,-0.148456564591615,-0.92892937775,0.672068917225,0.8602212989296585,0.9850562233951905,NA,Pooled,POOLED,-0.5520677252,0.25594339016,../../model_fits/finalized_redone_trunc_cp/t2_a1_proportion/nonvegan/vegetarian_dishes_prop/plots/all_restaurants_weekly.png,Animal,FALSE,TRUE,Animal_inner,Animal_innerdark,Animal_restwash,-0.5520677252,0.25594339016
meat,Exposure: Alt-Protein-Modifiable,Form: Count,0.0076069434123392,-0.061347250805,0.073328447525,1.006924364818519,1.0006902882893776,NA,Pooled,POOLED,-0.021446451928,0.038019899008,../../model_fits/finalized_redone_trunc_cp/t2_a1_proportion/meat/mpbamod_dishes_count/plots/all_restaurants_weekly.png,Animal,FALSE,TRUE,Animal_inner,Animal_innerdark,Animal_restwash,-0.021446451928,0.038019899008
meat,Exposure: Alt-Protein-Modifiable,Form: Proportion,0.214474025785248,-1.2551413455,1.534878423625,1.2971105676925176,1.0263552301584222,NA,Pooled,POOLED,-0.492227108,0.90779348368,../../model_fits/finalized_redone_trunc_cp/t2_a1_proportion/meat/mpbamod_dishes_prop/plots/all_restaurants_weekly.png,Animal,FALSE,TRUE,Animal_inner,Animal_innerdark,Animal_restwash,-0.492227108,0.90779348368
meat,Exposure: Vegan,Form: Count,0.0036311302100345,-0.138567906744,0.145708730525,1.0036040535384194,1.0003598221704724,NA,Pooled,POOLED,-0.06678822248,0.07349658432,../../model_fits/finalized_redone_trunc_cp/t2_a1_proportion/meat/vegan_dishes_count/plots/all_restaurants_weekly.png,Animal,FALSE,TRUE,Animal_inner,Animal_innerdark,Animal_restwash,-0.06678822248,0.07349658432
meat,Exposure: Vegan,Form: Proportion,-0.345106237312567,-1.49221977475,0.8376495525,0.7035246562974496,0.9654458771449339,NA,Pooled,POOLED,-0.89579446188,0.2071562888,../../model_fits/finalized_redone_trunc_cp/t2_a1_proportion/meat/vegan_dishes_prop/plots/all_restaurants_weekly.png,Animal,FALSE,TRUE,Animal_inner,Animal_innerdark,Animal_restwash,-0.89579446188,0.2071562888
meat,Exposure: Vegetarian,Form: Count,-0.01450370595284,-0.05283894899125,0.02227233847,0.9863331407518053,0.9986248353566409,NA,Pooled,POOLED,-0.0328642818,0.00319592148,../../model_fits/finalized_redone_trunc_cp/t2_a1_proportion/meat/vegetarian_dishes_count/plots/all_restaurants_weekly.png,Animal,FALSE,TRUE,Animal_inner,Animal_innerdark,Animal_restwash,-0.0328642818,0.00319592148
meat,Exposure: Vegetarian,Form: Proportion,-1.03863751196186,-1.8865428634999999,-0.180860103675,0.3500916733281542,0.9003641165782293,NA,Pooled,POOLED,-1.4645100836,-0.609913894432,../../model_fits/finalized_redone_trunc_cp/t2_a1_proportion/meat/vegetarian_dishes_prop/plots/all_restaurants_weekly.png,Animal,FALSE,TRUE,Animal_inner,Animal_innerdark,Animal_restwash,-1.4645100836,-0.609913894432
chicken_fish,Exposure: Alt-Protein-Modifiable,Form: Count,0.0167902711194373,-0.0628784294135,0.096184612675,1.0168201095611424,1.001669413722174,NA,Pooled,POOLED,-0.019230197704,0.054208585,../../model_fits/finalized_redone_trunc_cp/t2_a1_proportion/chicken_fish/mpbamod_dishes_count/plots/all_restaurants_weekly.png,Animal,FALSE,TRUE,Animal_inner,Animal_innerdark,Animal_restwash,-0.019230197704,0.054208585
chicken_fish,Exposure: Alt-Protein-Modifiable,Form: Proportion,-0.017015464090519,-1.615029404,1.58940038225,0.9700927698860967,0.9969682477707674,NA,Pooled,POOLED,-0.85541175976,0.80636538304,../../model_fits/finalized_redone_trunc_cp/t2_a1_proportion/chicken_fish/mpbamod_dishes_prop/plots/all_restaurants_weekly.png,Animal,FALSE,TRUE,Animal_inner,Animal_innerdark,Animal_restwash,-0.85541175976,0.80636538304
chicken_fish,Exposure: Vegan,Form: Count,-0.049817719843816,-0.162968139675,0.0578546459,0.9511926464016384,0.9950086320341196,NA,Pooled,POOLED,-0.109606172992,0.00992662688,../../model_fits/finalized_redone_trunc_cp/t2_a1_proportion/chicken_fish/vegan_dishes_count/plots/all_restaurants_weekly.png,Animal,FALSE,TRUE,Animal_inner,Animal_innerdark,Animal_restwash,-0.109606172992,0.00992662688
chicken_fish,Exposure: Vegan,Form: Proportion,-0.931891869905863,-2.33572535,0.460992753925,0.39645718741175645,0.9116321432277057,NA,Pooled,POOLED,-1.6587930404,-0.2085601916,../../model_fits/finalized_redone_trunc_cp/t2_a1_proportion/chicken_fish/vegan_dishes_prop/plots/all_restaurants_weekly.png,Animal,FALSE,TRUE,Animal_inner,Animal_innerdark,Animal_restwash,-1.6587930404,-0.2085601916
chicken_fish,Exposure: Vegetarian,Form: Count,-0.021830546662573,-0.0681628927575,0.021726148515,0.9785607977043281,0.9978351107104142,NA,Pooled,POOLED,-0.04334789006,-8.42086800000026e-5,../../model_fits/finalized_redone_trunc_cp/t2_a1_proportion/chicken_fish/vegetarian_dishes_count/plots/all_restaurants_weekly.png,Animal,FALSE,TRUE,Animal_inner,Animal_innerdark,Animal_restwash,-0.04334789006,-8.42086800000026e-5
chicken_fish,Exposure: Vegetarian,Form: Proportion,-1.8379360925361,-2.95718473475,-0.625306264475,0.1577396326259068,0.8313694899786463,NA,Pooled,POOLED,-2.4101448508,-1.27319164948,../../model_fits/finalized_redone_trunc_cp/t2_a1_proportion/chicken_fish/vegetarian_dishes_prop/plots/all_restaurants_weekly.png,Animal,FALSE,TRUE,Animal_inner,Animal_innerdark,Animal_restwash,-2.4101448508,-1.27319164948
vegetarian,Exposure: Alt-Protein-Modifiable,Form: Count,0.00640255339796,-0.070653356325,0.08401082445,1.007334155385726,1.0007310061798795,NA,Pooled,POOLED,-0.03373564728,0.04551458948,../../model_fits/finalized_redone_trunc/t2_a1_proportion/vegetarian/mpbamod_dishes_count/plots/all_restaurants_weekly.png,Plant-based,FALSE,TRUE,Plant-based_inner,Plant-based_innerdark,Plant-based_restwash,-0.03373564728,0.04551458948
vegetarian,Exposure: Alt-Protein-Modifiable,Form: Proportion,0.100308776323081,-1.399584982,1.727611643,1.1076157586963764,1.0102733865717326,NA,Pooled,POOLED,-0.6868400312,0.8891313888,../../model_fits/finalized_redone_trunc/t2_a1_proportion/vegetarian/mpbamod_dishes_prop/plots/all_restaurants_weekly.png,Plant-based,FALSE,TRUE,Plant-based_inner,Plant-based_innerdark,Plant-based_restwash,-0.6868400312,0.8891313888
vegetarian,Exposure: Vegan,Form: Count,-0.0148090182816,-0.122041994,0.08138211125,0.9855734346955798,0.9985478913315536,NA,Pooled,POOLED,-0.0697699672,0.0403898688,../../model_fits/finalized_redone_trunc/t2_a1_proportion/vegetarian/vegan_dishes_count/plots/all_restaurants_weekly.png,Plant-based,FALSE,TRUE,Plant-based_inner,Plant-based_innerdark,Plant-based_restwash,-0.0697699672,0.0403898688
vegetarian,Exposure: Vegan,Form: Proportion,-0.122648613777967,-1.007268645,0.781784099,0.8693776788131657,0.9860997496724858,NA,Pooled,POOLED,-0.572897622,0.3140748944,../../model_fits/finalized_redone_trunc/t2_a1_proportion/vegetarian/vegan_dishes_prop/plots/all_restaurants_weekly.png,Plant-based,FALSE,TRUE,Plant-based_inner,Plant-based_innerdark,Plant-based_restwash,-0.572897622,0.3140748944
vegetarian,Exposure: Vegetarian,Form: Count,0.004099662522,-0.04096587575,0.0483676072,1.0052189751512206,1.0005206758546388,NA,Pooled,POOLED,-0.01741835756,0.02582749684,../../model_fits/finalized_redone_trunc/t2_a1_proportion/vegetarian/vegetarian_dishes_count/plots/all_restaurants_weekly.png,Plant-based,FALSE,TRUE,Plant-based_inner,Plant-based_innerdark,Plant-based_restwash,-0.01741835756,0.02582749684
vegetarian,Exposure: Vegetarian,Form: Proportion,0.3559456921301,-0.4890819085,1.2248163055,1.4392154950083071,1.0370807727450193,NA,Pooled,POOLED,-0.0805339015999999,0.78535247712,../../model_fits/finalized_redone_trunc/t2_a1_proportion/vegetarian/vegetarian_dishes_prop/plots/all_restaurants_weekly.png,Plant-based,FALSE,TRUE,Plant-based_inner,Plant-based_innerdark,Plant-based_restwash,-0.0805339015999999,0.78535247712
vegan,Exposure: Alt-Protein-Modifiable,Form: Count,0.02295664119546,-0.061005792175,0.1147979505665,1.0203295343382384,1.002014591367842,NA,Pooled,POOLED,-0.02069090008,0.06944140172,../../model_fits/finalized_redone_trunc/t2_a1_proportion/vegan/mpbamod_dishes_count/plots/all_restaurants_weekly.png,Plant-based,FALSE,TRUE,Plant-based_inner,Plant-based_innerdark,Plant-based_restwash,-0.02069090008,0.06944140172
vegan,Exposure: Alt-Protein-Modifiable,Form: Proportion,0.294568694002414,-1.502531608,2.07409214225,1.3453876134847746,1.03011270233669,NA,Pooled,POOLED,-0.6585723428,1.2180118766,../../model_fits/finalized_redone_trunc/t2_a1_proportion/vegan/mpbamod_dishes_prop/plots/all_restaurants_weekly.png,Plant-based,FALSE,TRUE,Plant-based_inner,Plant-based_innerdark,Plant-based_restwash,-0.6585723428,1.2180118766
vegan,Exposure: Vegan,Form: Count,0.0241727119784,-0.08819497575,0.14353530715,1.0191259172119569,1.0018963273588533,NA,Pooled,POOLED,-0.03823591,0.090163207,../../model_fits/finalized_redone_trunc/t2_a1_proportion/vegan/vegan_dishes_count/plots/all_restaurants_weekly.png,Plant-based,FALSE,TRUE,Plant-based_inner,Plant-based_innerdark,Plant-based_restwash,-0.03823591,0.090163207
vegan,Exposure: Vegan,Form: Proportion,0.310278658012033,-0.9118477025,1.5338730725,1.3751830093900024,1.0323716023059066,NA,Pooled,POOLED,-0.2931911,0.91187077,../../model_fits/finalized_redone_trunc/t2_a1_proportion/vegan/vegan_dishes_prop/plots/all_restaurants_weekly.png,Plant-based,FALSE,TRUE,Plant-based_inner,Plant-based_innerdark,Plant-based_restwash,-0.2931911,0.91187077
vegan,Exposure: Vegetarian,Form: Count,0.0147012359365,-0.043251167575,0.061773087175,1.0157495851823108,1.001563906378071,NA,Pooled,POOLED,-0.0120205708,0.04204584052,../../model_fits/finalized_redone_trunc/t2_a1_proportion/vegan/vegetarian_dishes_count/plots/all_restaurants_weekly.png,Plant-based,FALSE,TRUE,Plant-based_inner,Plant-based_innerdark,Plant-based_restwash,-0.0120205708,0.04204584052
vegan,Exposure: Vegetarian,Form: Proportion,-0.138145936907567,-1.0341780625,0.82350301475,0.8642053282279613,0.9855114943372477,NA,Pooled,POOLED,-0.6189297488,0.3415036316,../../model_fits/finalized_redone_trunc/t2_a1_proportion/vegan/vegetarian_dishes_prop/plots/all_restaurants_weekly.png,Plant-based,FALSE,TRUE,Plant-based_inner,Plant-based_innerdark,Plant-based_restwash,-0.6189297488,0.3415036316
nonvegan,Exposure: Alt-Protein-Modifiable,Form: Count,NA,NA,-2.69426367474639,0.9982576880907185,0.9998256320538578,NA,Restaurant,1SQPTEGYPH0GA,-0.03709700664,0.03122604868,../../model_fits/finalized_redone_trunc_cp/t2_a1_proportion/nonvegan/mpbamod_dishes_count/plots/1SQPTEGYPH0GA.png,Animal,NA,TRUE,Animal_inner,Animal_innerdark,Animal_restwash,NA,-2.69426367474639
nonvegan,Exposure: Alt-Protein-Modifiable,Form: Count,NA,NA,-1.7551612690693974,0.9917162657885938,0.9991685223692602,NA,Restaurant,2HRX9P6HKXA8V,-0.0929735252,0.07900991968,../../model_fits/finalized_redone_trunc_cp/t2_a1_proportion/nonvegan/mpbamod_dishes_count/plots/2HRX9P6HKXA8V.png,Animal,NA,TRUE,Animal_inner,Animal_innerdark,Animal_restwash,NA,-1.7551612690693974
nonvegan,Exposure: Alt-Protein-Modifiable,Form: Count,NA,NA,-2.4525535952053397,0.9981017055443533,0.9998100082007283,NA,Restaurant,78AY09MVJVTYE,-0.04236817808,0.0399762076,../../model_fits/finalized_redone_trunc_cp/t2_a1_proportion/nonvegan/mpbamod_dishes_count/plots/78AY09MVJVTYE.png,Animal,NA,TRUE,Animal_inner,Animal_innerdark,Animal_restwash,NA,-2.4525535952053397
nonvegan,Exposure: Alt-Protein-Modifiable,Form: Count,NA,NA,-3.685165924806937,0.9958082813801388,0.9995800353598471,NA,Restaurant,9XKJD8DQTH559,-0.01760649592,0.01084149272,../../model_fits/finalized_redone_trunc_cp/t2_a1_proportion/nonvegan/mpbamod_dishes_count/plots/9XKJD8DQTH559.png,Animal,NA,TRUE,Animal_inner,Animal_innerdark,Animal_restwash,NA,-3.685165924806937
nonvegan,Exposure: Alt-Protein-Modifiable,Form: Count,-4.335754234104426,NA,-1.7788294645549643,1.0166858936914094,1.001656191332449,NA,Restaurant,C0BE4NDSW26QN,-0.0704599864,0.09207351332,../../model_fits/finalized_redone_trunc_cp/t2_a1_proportion/nonvegan/mpbamod_dishes_count/plots/C0BE4NDSW26QN.png,Animal,NA,TRUE,Animal_inner,Animal_innerdark,Animal_restwash,NA,-1.7788294645549643
nonvegan,Exposure: Alt-Protein-Modifiable,Form: Count,-4.643645278225149,NA,-2.458802422462977,1.009474129601668,1.000943397870094,NA,Restaurant,CB2KHY1C2G9PT,-0.02654807544,0.04508088948,../../model_fits/finalized_redone_trunc_cp/t2_a1_proportion/nonvegan/mpbamod_dishes_count/plots/CB2KHY1C2G9PT.png,Animal,NA,TRUE,Animal_inner,Animal_innerdark,Animal_restwash,NA,-2.458802422462977
nonvegan,Exposure: Alt-Protein-Modifiable,Form: Count,-6.391982175018518,NA,-3.976622162937398,1.0026402822721463,1.000263715051702,NA,Restaurant,ED5J990H5VAZT,-0.008179910928,0.011167218772,../../model_fits/finalized_redone_trunc_cp/t2_a1_proportion/nonvegan/mpbamod_dishes_count/plots/ED5J990H5VAZT.png,Animal,NA,TRUE,Animal_inner,Animal_innerdark,Animal_restwash,NA,-3.976622162937398
nonvegan,Exposure: Alt-Protein-Modifiable,Form: Count,-2.7991498490375464,NA,-1.5676999353939516,1.066819325442961,1.006489126589915,NA,Restaurant,EMBVNVD207CC6,-0.0121493104,0.13479711008,../../model_fits/finalized_redone_trunc_cp/t2_a1_proportion/nonvegan/mpbamod_dishes_count/plots/EMBVNVD207CC6.png,Animal,NA,TRUE,Animal_inner,Animal_innerdark,Animal_restwash,NA,-1.5676999353939516
nonvegan,Exposure: Alt-Protein-Modifiable,Form: Count,NA,NA,-3.1637951338648063,0.9956559918670631,0.9995647476747876,NA,Restaurant,JHDN7CF1C03X5,-0.02519356365572,0.01869253824,../../model_fits/finalized_redone_trunc_cp/t2_a1_proportion/nonvegan/mpbamod_dishes_count/plots/JHDN7CF1C03X5.png,Animal,NA,TRUE,Animal_inner,Animal_innerdark,Animal_restwash,NA,-3.1637951338648063
nonvegan,Exposure: Alt-Protein-Modifiable,Form: Count,-4.231489827145238,NA,-1.797804408448735,1.0203081050412126,1.0020124868838964,NA,Restaurant,L69HYJ4Y3TR91,-0.071938127368,0.098414012892,../../model_fits/finalized_redone_trunc_cp/t2_a1_proportion/nonvegan/mpbamod_dishes_count/plots/L69HYJ4Y3TR91.png,Animal,NA,TRUE,Animal_inner,Animal_innerdark,Animal_restwash,NA,-1.797804408448735
nonvegan,Exposure: Alt-Protein-Modifiable,Form: Count,-5.063152200519559,NA,-2.203589669549318,1.005763202468581,1.0005748310270681,NA,Restaurant,LBZEEFSBJNB3Z,-0.0426709206348,0.054736857548,../../model_fits/finalized_redone_trunc_cp/t2_a1_proportion/nonvegan/mpbamod_dishes_count/plots/LBZEEFSBJNB3Z.png,Animal,NA,TRUE,Animal_inner,Animal_innerdark,Animal_restwash,NA,-2.203589669549318
nonvegan,Exposure: Alt-Protein-Modifiable,Form: Count,NA,NA,-1.2114338645248477,0.9765130916965242,0.9976261099441899,NA,Restaurant,LFZFT3VASXPED,-0.15562056812,0.12631548128,../../model_fits/finalized_redone_trunc_cp/t2_a1_proportion/nonvegan/mpbamod_dishes_count/plots/LFZFT3VASXPED.png,Animal,NA,TRUE,Animal_inner,Animal_innerdark,Animal_restwash,NA,-1.2114338645248477
nonvegan,Exposure: Alt-Protein-Modifiable,Form: Count,-4.379521093673162,NA,-1.6512727741582858,1.01221159350372,1.001214500258849,NA,Restaurant,LQ5EH4BKGV61T,-0.0732186996,0.09892811892,../../model_fits/finalized_redone_trunc_cp/t2_a1_proportion/nonvegan/mpbamod_dishes_count/plots/LQ5EH4BKGV61T.png,Animal,NA,TRUE,Animal_inner,Animal_innerdark,Animal_restwash,NA,-1.6512727741582858
nonvegan,Exposure: Alt-Protein-Modifiable,Form: Count,NA,NA,-1.9376550410109232,0.9975011867445291,0.9997498372459213,NA,Restaurant,S8MT0YGD2KTN9,-0.070085022288,0.068545425644,../../model_fits/finalized_redone_trunc_cp/t2_a1_proportion/nonvegan/mpbamod_dishes_count/plots/S8MT0YGD2KTN9.png,Animal,NA,TRUE,Animal_inner,Animal_innerdark,Animal_restwash,NA,-1.9376550410109232
nonvegan,Exposure: Alt-Protein-Modifiable,Form: Count,NA,NA,-1.355787198811033,0.9845318288117114,0.9984423093114746,NA,Restaurant,SAFK7ND1HR6XS,-0.123185749072,0.10711611272,../../model_fits/finalized_redone_trunc_cp/t2_a1_proportion/nonvegan/mpbamod_dishes_count/plots/SAFK7ND1HR6XS.png,Animal,NA,TRUE,Animal_inner,Animal_innerdark,Animal_restwash,NA,-1.355787198811033
nonvegan,Exposure: Alt-Protein-Modifiable,Form: Count,NA,NA,-2.737154078750139,0.9978186126909745,0.9997816468425215,NA,Restaurant,SRQS8F7JWA9MZ,-0.0341671236,0.0310803088,../../model_fits/finalized_redone_trunc_cp/t2_a1_proportion/nonvegan/mpbamod_dishes_count/plots/SRQS8F7JWA9MZ.png,Animal,NA,TRUE,Animal_inner,Animal_innerdark,Animal_restwash,NA,-2.737154078750139
nonvegan,Exposure: Alt-Protein-Modifiable,Form: Count,-4.73232691955426,NA,-3.0129531860120387,1.0094196244166125,1.000937993280799,NA,Restaurant,V3Q26BHF3SE2H,-0.01208111644,0.02944312356,../../model_fits/finalized_redone_trunc_cp/t2_a1_proportion/nonvegan/mpbamod_dishes_count/plots/V3Q26BHF3SE2H.png,Animal,NA,TRUE,Animal_inner,Animal_innerdark,Animal_restwash,NA,-3.0129531860120387
nonvegan,Exposure: Alt-Protein-Modifiable,Form: Count,NA,NA,-3.5618010737221333,0.9964942113276735,0.9996488668266874,NA,Restaurant,W8T41JZK0ZMEP,-0.01894027016,0.01327112912,../../model_fits/finalized_redone_trunc_cp/t2_a1_proportion/nonvegan/mpbamod_dishes_count/plots/W8T41JZK0ZMEP.png,Animal,NA,TRUE,Animal_inner,Animal_innerdark,Animal_restwash,NA,-3.5618010737221333
nonvegan,Exposure: Alt-Protein-Modifiable,Form: Proportion,-1.4661393971868562,NA,0.9948120144595758,1.2811794513146162,1.0250876385912522,NA,Restaurant,1SQPTEGYPH0GA,-1.03345716,1.481119312,../../model_fits/finalized_redone_trunc_cp/t2_a1_proportion/nonvegan/mpbamod_dishes_prop/plots/1SQPTEGYPH0GA.png,Animal,NA,TRUE,Animal_inner,Animal_innerdark,Animal_restwash,NA,0.9948120144595758
nonvegan,Exposure: Alt-Protein-Modifiable,Form: Proportion,NA,NA,1.3888952866537039,0.8961333490644486,0.9890933089948974,NA,Restaurant,2HRX9P6HKXA8V,-2.236588428,1.94724048,../../model_fits/finalized_redone_trunc_cp/t2_a1_proportion/nonvegan/mpbamod_dishes_prop/plots/2HRX9P6HKXA8V.png,Animal,NA,TRUE,Animal_inner,Animal_innerdark,Animal_restwash,NA,1.3888952866537039
nonvegan,Exposure: Alt-Protein-Modifiable,Form: Proportion,-1.6334531528715477,NA,0.8914596833519721,1.2097853534142802,1.0192267942683895,NA,Restaurant,78AY09MVJVTYE,-0.94502144,1.308581048,../../model_fits/finalized_redone_trunc_cp/t2_a1_proportion/nonvegan/mpbamod_dishes_prop/plots/78AY09MVJVTYE.png,Animal,NA,TRUE,Animal_inner,Animal_innerdark,Animal_restwash,NA,0.8914596833519721
nonvegan,Exposure: Alt-Protein-Modifiable,Form: Proportion,-1.7371015175454736,NA,0.42738935189273125,1.1955327761084353,1.018019621374747,NA,Restaurant,9XKJD8DQTH559,-0.5177261752,0.882173714,../../model_fits/finalized_redone_trunc_cp/t2_a1_proportion/nonvegan/mpbamod_dishes_prop/plots/9XKJD8DQTH559.png,Animal,NA,TRUE,Animal_inner,Animal_innerdark,Animal_restwash,NA,0.42738935189273125
nonvegan,Exposure: Alt-Protein-Modifiable,Form: Proportion,-1.2984905539617093,NA,1.4851192208306687,1.2847764701179956,1.0253750775790789,NA,Restaurant,C0BE4NDSW26QN,-1.816369104,2.4165411,../../model_fits/finalized_redone_trunc_cp/t2_a1_proportion/nonvegan/mpbamod_dishes_prop/plots/C0BE4NDSW26QN.png,Animal,NA,TRUE,Animal_inner,Animal_innerdark,Animal_restwash,NA,1.4851192208306687
nonvegan,Exposure: Alt-Protein-Modifiable,Form: Proportion,-6.528584040236408,NA,0.1859325231505724,1.0053785125429888,1.0005365538935715,NA,Restaurant,CB2KHY1C2G9PT,-0.632701596,0.62087308,../../model_fits/finalized_redone_trunc_cp/t2_a1_proportion/nonvegan/mpbamod_dishes_prop/plots/CB2KHY1C2G9PT.png,Animal,NA,TRUE,Animal_inner,Animal_innerdark,Animal_restwash,NA,0.1859325231505724
nonvegan,Exposure: Alt-Protein-Modifiable,Form: Proportion,NA,NA,-0.927448132949802,0.9744218385233478,0.9974122569943648,NA,Restaurant,ED5J990H5VAZT,-0.2309338016,0.179866872528,../../model_fits/finalized_redone_trunc_cp/t2_a1_proportion/nonvegan/mpbamod_dishes_prop/plots/ED5J990H5VAZT.png,Animal,NA,TRUE,Animal_inner,Animal_innerdark,Animal_restwash,NA,-0.927448132949802
nonvegan,Exposure: Alt-Protein-Modifiable,Form: Proportion,-3.785538113643665,NA,0.3876644540595893,1.04677871702017,1.0045822224203567,NA,Restaurant,EMBVNVD207CC6,-0.72370061616,0.76132148288,../../model_fits/finalized_redone_trunc_cp/t2_a1_proportion/nonvegan/mpbamod_dishes_prop/plots/EMBVNVD207CC6.png,Animal,NA,TRUE,Animal_inner,Animal_innerdark,Animal_restwash,NA,0.3876644540595893
nonvegan,Exposure: Alt-Protein-Modifiable,Form: Proportion,-0.7051817064398469,NA,0.8078157137403073,1.6159051272651928,1.0491596653194162,NA,Restaurant,JHDN7CF1C03X5,-0.38212222564,1.387683644,../../model_fits/finalized_redone_trunc_cp/t2_a1_proportion/nonvegan/mpbamod_dishes_prop/plots/JHDN7CF1C03X5.png,Animal,NA,TRUE,Animal_inner,Animal_innerdark,Animal_restwash,NA,0.8078157137403073
nonvegan,Exposure: Alt-Protein-Modifiable,Form: Proportion,NA,NA,1.5025501856272163,0.7171013826372592,0.9672930246252344,NA,Restaurant,L69HYJ4Y3TR91,-2.9002197208,1.9428008716,../../model_fits/finalized_redone_trunc_cp/t2_a1_proportion/nonvegan/mpbamod_dishes_prop/plots/L69HYJ4Y3TR91.png,Animal,NA,TRUE,Animal_inner,Animal_innerdark,Animal_restwash,NA,1.5025501856272163
nonvegan,Exposure: Alt-Protein-Modifiable,Form: Proportion,NA,NA,1.0972709411302612,0.8833868637804019,0.9876773484151643,NA,Restaurant,LBZEEFSBJNB3Z,-1.810248676,1.4550939,../../model_fits/finalized_redone_trunc_cp/t2_a1_proportion/nonvegan/mpbamod_dishes_prop/plots/LBZEEFSBJNB3Z.png,Animal,NA,TRUE,Animal_inner,Animal_innerdark,Animal_restwash,NA,1.0972709411302612
nonvegan,Exposure: Alt-Protein-Modifiable,Form: Proportion,NA,NA,1.9723393615935505,0.7366816713481318,0.9699022938963652,NA,Restaurant,LFZFT3VASXPED,-4.058363136,3.4071159936,../../model_fits/finalized_redone_trunc_cp/t2_a1_proportion/nonvegan/mpbamod_dishes_prop/plots/LFZFT3VASXPED.png,Animal,NA,TRUE,Animal_inner,Animal_innerdark,Animal_restwash,NA,1.9723393615935505
nonvegan,Exposure: Alt-Protein-Modifiable,Form: Proportion,-2.0522149150615836,NA,1.4888628884531347,1.162384443386476,1.015161126281494,NA,Restaurant,LQ5EH4BKGV61T,-2.0153593353,2.2498365752,../../model_fits/finalized_redone_trunc_cp/t2_a1_proportion/nonvegan/mpbamod_dishes_prop/plots/LQ5EH4BKGV61T.png,Animal,NA,TRUE,Animal_inner,Animal_innerdark,Animal_restwash,NA,1.4888628884531347
nonvegan,Exposure: Alt-Protein-Modifiable,Form: Proportion,NA,NA,0.9625524574732301,0.5341410426948816,0.9392162435183448,NA,Restaurant,S8MT0YGD2KTN9,-2.250368924,0.94160806,../../model_fits/finalized_redone_trunc_cp/t2_a1_proportion/nonvegan/mpbamod_dishes_prop/plots/S8MT0YGD2KTN9.png,Animal,NA,TRUE,Animal_inner,Animal_innerdark,Animal_restwash,NA,0.94160806
nonvegan,Exposure: Alt-Protein-Modifiable,Form: Proportion,NA,NA,1.4294803206118807,0.9193126984819577,0.9916223938740675,NA,Restaurant,SAFK7ND1HR6XS,-2.2112613584,2.0460743552,../../model_fits/finalized_redone_trunc_cp/t2_a1_proportion/nonvegan/mpbamod_dishes_prop/plots/SAFK7ND1HR6XS.png,Animal,NA,TRUE,Animal_inner,Animal_innerdark,Animal_restwash,NA,1.4294803206118807
nonvegan,Exposure: Alt-Protein-Modifiable,Form: Proportion,-6.336037423092897,NA,-0.2790658932294469,1.0071515007127347,1.0007128589632646,NA,Restaurant,SRQS8F7JWA9MZ,-0.377984264,0.38124078,../../model_fits/finalized_redone_trunc_cp/t2_a1_proportion/nonvegan/mpbamod_dishes_prop/plots/SRQS8F7JWA9MZ.png,Animal,NA,TRUE,Animal_inner,Animal_innerdark,Animal_restwash,NA,-0.2790658932294469
nonvegan,Exposure: Alt-Protein-Modifiable,Form: Proportion,-2.176710189213646,NA,-0.2008295379102783,1.112364583552481,1.0107057007698936,NA,Restaurant,V3Q26BHF3SE2H,-0.2344339604,0.4641819128,../../model_fits/finalized_redone_trunc_cp/t2_a1_proportion/nonvegan/mpbamod_dishes_prop/plots/V3Q26BHF3SE2H.png,Animal,NA,TRUE,Animal_inner,Animal_innerdark,Animal_restwash,NA,-0.2008295379102783
nonvegan,Exposure: Alt-Protein-Modifiable,Form: Proportion,NA,NA,-0.45492566021801073,0.4231633837547343,0.9175945134263002,NA,Restaurant,W8T41JZK0ZMEP,-1.5860966772,-0.0835079128000001,../../model_fits/finalized_redone_trunc_cp/t2_a1_proportion/nonvegan/mpbamod_dishes_prop/plots/W8T41JZK0ZMEP.png,Animal,NA,TRUE,Animal_inner,Animal_innerdark,Animal_restwash,NA,-0.45492566021801073
nonvegan,Exposure: Vegan,Form: Count,NA,NA,-3.4860340758984485,0.9881317894483823,0.9988067924389233,NA,Restaurant,1SQPTEGYPH0GA,-0.0324595264,0.009389436,../../model_fits/finalized_redone_trunc_cp/t2_a1_proportion/nonvegan/vegan_dishes_count/plots/1SQPTEGYPH0GA.png,Animal,NA,TRUE,Animal_inner,Animal_innerdark,Animal_restwash,NA,-3.4860340758984485
nonvegan,Exposure: Vegan,Form: Count,NA,NA,-2.1662190200622415,0.9966749487673741,0.9996669963080416,NA,Restaurant,2HRX9P6HKXA8V,-0.063697082552,0.056663715292,../../model_fits/finalized_redone_trunc_cp/t2_a1_proportion/nonvegan/vegan_dishes_count/plots/2HRX9P6HKXA8V.png,Animal,NA,TRUE,Animal_inner,Animal_innerdark,Animal_restwash,NA,-2.1662190200622415
nonvegan,Exposure: Vegan,Form: Count,NA,NA,-3.808884989256144,0.9934449849608633,0.9993425568605101,NA,Restaurant,78AY09MVJVTYE,-0.021367127964,0.00880548104,../../model_fits/finalized_redone_trunc_cp/t2_a1_proportion/nonvegan/vegan_dishes_count/plots/78AY09MVJVTYE.png,Animal,NA,TRUE,Animal_inner,Animal_innerdark,Animal_restwash,NA,-3.808884989256144
nonvegan,Exposure: Vegan,Form: Count,NA,NA,-4.095436167306197,0.9959013674159993,0.9995893788279588,NA,Restaurant,9XKJD8DQTH559,-0.01448108076,0.00693570088,../../model_fits/finalized_redone_trunc_cp/t2_a1_proportion/nonvegan/vegan_dishes_count/plots/9XKJD8DQTH559.png,Animal,NA,TRUE,Animal_inner,Animal_innerdark,Animal_restwash,NA,-4.095436167306197
nonvegan,Exposure: Vegan,Form: Count,NA,NA,-3.145501012124455,0.9963733975653024,0.999636746542519,NA,Restaurant,C0BE4NDSW26QN,-0.02770450748,0.02177571876,../../model_fits/finalized_redone_trunc_cp/t2_a1_proportion/nonvegan/vegan_dishes_count/plots/C0BE4NDSW26QN.png,Animal,NA,TRUE,Animal_inner,Animal_innerdark,Animal_restwash,NA,-3.145501012124455
nonvegan,Exposure: Vegan,Form: Count,NA,NA,-3.876230032867232,0.9984012618455841,0.9998400110495973,NA,Restaurant,CB2KHY1C2G9PT,-0.01375609568,0.0092299878,../../model_fits/finalized_redone_trunc_cp/t2_a1_proportion/nonvegan/vegan_dishes_count/plots/CB2KHY1C2G9PT.png,Animal,NA,TRUE,Animal_inner,Animal_innerdark,Animal_restwash,NA,-3.876230032867232
nonvegan,Exposure: Vegan,Form: Count,NA,NA,-2.887946161036181,0.9881234743543599,0.9988059519433611,NA,Restaurant,ED5J990H5VAZT,-0.048512812,0.0220550784,../../model_fits/finalized_redone_trunc_cp/t2_a1_proportion/nonvegan/vegan_dishes_count/plots/ED5J990H5VAZT.png,Animal,NA,TRUE,Animal_inner,Animal_innerdark,Animal_restwash,NA,-2.887946161036181
nonvegan,Exposure: Vegan,Form: Count,-3.387863552868662,NA,-1.5968326399999844,1.0323362576044102,1.003187513852716,NA,Restaurant,EMBVNVD207CC6,-0.0527269292,0.1233148816,../../model_fits/finalized_redone_trunc_cp/t2_a1_proportion/nonvegan/vegan_dishes_count/plots/EMBVNVD207CC6.png,Animal,NA,TRUE,Animal_inner,Animal_innerdark,Animal_restwash,NA,-1.5968326399999844
nonvegan,Exposure: Vegan,Form: Count,NA,NA,-4.096953880634377,0.9935664529569234,0.99935477509717,NA,Restaurant,JHDN7CF1C03X5,-0.0190168185992,0.00572364704,../../model_fits/finalized_redone_trunc_cp/t2_a1_proportion/nonvegan/vegan_dishes_count/plots/JHDN7CF1C03X5.png,Animal,NA,TRUE,Animal_inner,Animal_innerdark,Animal_restwash,NA,-4.096953880634377
nonvegan,Exposure: Vegan,Form: Count,NA,NA,-2.96683899320846,0.990969107198306,0.9990932195241186,NA,Restaurant,L69HYJ4Y3TR91,-0.04251979768,0.0213226312,../../model_fits/finalized_redone_trunc_cp/t2_a1_proportion/nonvegan/vegan_dishes_count/plots/L69HYJ4Y3TR91.png,Animal,NA,TRUE,Animal_inner,Animal_innerdark,Animal_restwash,NA,-2.96683899320846
nonvegan,Exposure: Vegan,Form: Count,-4.202671939678433,NA,-2.446339555004366,1.0156780052919057,1.0015568481317023,NA,Restaurant,LBZEEFSBJNB3Z,-0.02369004872,0.05326658908,../../model_fits/finalized_redone_trunc_cp/t2_a1_proportion/nonvegan/vegan_dishes_count/plots/LBZEEFSBJNB3Z.png,Animal,NA,TRUE,Animal_inner,Animal_innerdark,Animal_restwash,NA,-2.446339555004366
nonvegan,Exposure: Vegan,Form: Count,-5.611644020812073,NA,-1.5025968986172182,1.0058993577248514,1.000588375489993,NA,Restaurant,LFZFT3VASXPED,-0.112799749736,0.12312991236,../../model_fits/finalized_redone_trunc_cp/t2_a1_proportion/nonvegan/vegan_dishes_count/plots/LFZFT3VASXPED.png,Animal,NA,TRUE,Animal_inner,Animal_innerdark,Animal_restwash,NA,-1.5025968986172182
nonvegan,Exposure: Vegan,Form: Count,NA,NA,-1.6154842422011546,0.9708777652912061,0.9970488927032434,NA,Restaurant,LQ5EH4BKGV61T,-0.13548392796,0.0923410888,../../model_fits/finalized_redone_trunc_cp/t2_a1_proportion/nonvegan/vegan_dishes_count/plots/LQ5EH4BKGV61T.png,Animal,NA,TRUE,Animal_inner,Animal_innerdark,Animal_restwash,NA,-1.6154842422011546
nonvegan,Exposure: Vegan,Form: Count,-3.7022776043594767,NA,-1.9552672308709953,1.0238357851573197,1.0023583914102758,NA,Restaurant,S8MT0YGD2KTN9,-0.0371794378,0.085900734392,../../model_fits/finalized_redone_trunc_cp/t2_a1_proportion/nonvegan/vegan_dishes_count/plots/S8MT0YGD2KTN9.png,Animal,NA,TRUE,Animal_inner,Animal_innerdark,Animal_restwash,NA,-1.9552672308709953
nonvegan,Exposure: Vegan,Form: Count,-4.879217692670875,NA,-1.1712006655302745,1.0107522241186624,1.0010700551008762,NA,Restaurant,SAFK7ND1HR6XS,-0.1568137288,0.1688720172016,../../model_fits/finalized_redone_trunc_cp/t2_a1_proportion/nonvegan/vegan_dishes_count/plots/SAFK7ND1HR6XS.png,Animal,NA,TRUE,Animal_inner,Animal_innerdark,Animal_restwash,NA,-1.1712006655302745
nonvegan,Exposure: Vegan,Form: Count,NA,NA,-2.170803822502738,0.9295621966181047,0.9927224545188925,NA,Restaurant,SRQS8F7JWA9MZ,-0.1648458464,0.0224871456,../../model_fits/finalized_redone_trunc_cp/t2_a1_proportion/nonvegan/vegan_dishes_count/plots/SRQS8F7JWA9MZ.png,Animal,NA,TRUE,Animal_inner,Animal_innerdark,Animal_restwash,NA,-2.170803822502738
nonvegan,Exposure: Vegan,Form: Count,NA,NA,-3.2448110606012674,0.9639697784679486,0.9963371910102673,NA,Restaurant,V3Q26BHF3SE2H,-0.0697468812,5.27123199999987e-4,../../model_fits/finalized_redone_trunc_cp/t2_a1_proportion/nonvegan/vegan_dishes_count/plots/V3Q26BHF3SE2H.png,Animal,NA,TRUE,Animal_inner,Animal_innerdark,Animal_restwash,NA,-3.2448110606012674
nonvegan,Exposure: Vegan,Form: Count,-4.779796242458533,NA,-3.5984418615599627,1.0084820539907917,1.000844985148972,NA,Restaurant,W8T41JZK0ZMEP,-0.00144766116,0.01829289592,../../model_fits/finalized_redone_trunc_cp/t2_a1_proportion/nonvegan/vegan_dishes_count/plots/W8T41JZK0ZMEP.png,Animal,NA,TRUE,Animal_inner,Animal_innerdark,Animal_restwash,NA,-3.5984418615599627
nonvegan,Exposure: Vegan,Form: Proportion,NA,NA,0.46893158684482117,0.9370296066165947,0.9935170654863952,NA,Restaurant,1SQPTEGYPH0GA,-0.913156744,0.8026406604,../../model_fits/finalized_redone_trunc_cp/t2_a1_proportion/nonvegan/vegan_dishes_prop/plots/1SQPTEGYPH0GA.png,Animal,NA,TRUE,Animal_inner,Animal_innerdark,Animal_restwash,NA,0.46893158684482117
nonvegan,Exposure: Vegan,Form: Proportion,NA,NA,0.653769881417718,0.9412155413440586,0.9939600035623168,NA,Restaurant,2HRX9P6HKXA8V,-1.12529161,0.9480009512,../../model_fits/finalized_redone_trunc_cp/t2_a1_proportion/nonvegan/vegan_dishes_prop/plots/2HRX9P6HKXA8V.png,Animal,NA,TRUE,Animal_inner,Animal_innerdark,Animal_restwash,NA,0.653769881417718
nonvegan,Exposure: Vegan,Form: Proportion,NA,NA,-0.3776983316686725,0.9703078370970919,0.9969903481099578,NA,Restaurant,78AY09MVJVTYE,-0.40815225312,0.3333686564,../../model_fits/finalized_redone_trunc_cp/t2_a1_proportion/nonvegan/vegan_dishes_prop/plots/78AY09MVJVTYE.png,Animal,NA,TRUE,Animal_inner,Animal_innerdark,Animal_restwash,NA,-0.3776983316686725
nonvegan,Exposure: Vegan,Form: Proportion,NA,NA,0.23791640341340317,0.74676244983459,0.9712214090549747,NA,Restaurant,9XKJD8DQTH559,-1.054186432,0.49240838,../../model_fits/finalized_redone_trunc_cp/t2_a1_proportion/nonvegan/vegan_dishes_prop/plots/9XKJD8DQTH559.png,Animal,NA,TRUE,Animal_inner,Animal_innerdark,Animal_restwash,NA,0.23791640341340317
nonvegan,Exposure: Vegan,Form: Proportion,NA,NA,0.5637970146966179,0.9546803515006331,0.9953728678140034,NA,Restaurant,C0BE4NDSW26QN,-0.92600122,0.8131458028,../../model_fits/finalized_redone_trunc_cp/t2_a1_proportion/nonvegan/vegan_dishes_prop/plots/C0BE4NDSW26QN.png,Animal,NA,TRUE,Animal_inner,Animal_innerdark,Animal_restwash,NA,0.5637970146966179
nonvegan,Exposure: Vegan,Form: Proportion,NA,NA,-0.3793479572397879,0.8778575695285753,0.9870573932991467,NA,Restaurant,CB2KHY1C2G9PT,-0.5585167944,0.2939967376,../../model_fits/finalized_redone_trunc_cp/t2_a1_proportion/nonvegan/vegan_dishes_prop/plots/CB2KHY1C2G9PT.png,Animal,NA,TRUE,Animal_inner,Animal_innerdark,Animal_restwash,NA,-0.3793479572397879
nonvegan,Exposure: Vegan,Form: Proportion,NA,NA,0.1619985403688364,0.8970481853744102,0.9891942362796509,NA,Restaurant,ED5J990H5VAZT,-0.7864388876,0.551338948,../../model_fits/finalized_redone_trunc_cp/t2_a1_proportion/nonvegan/vegan_dishes_prop/plots/ED5J990H5VAZT.png,Animal,NA,TRUE,Animal_inner,Animal_innerdark,Animal_restwash,NA,0.1619985403688364
nonvegan,Exposure: Vegan,Form: Proportion,NA,NA,-0.21295152204250606,0.8916965587948302,0.9886025106609204,NA,Restaurant,EMBVNVD207CC6,-0.5757276764,0.3580318988,../../model_fits/finalized_redone_trunc_cp/t2_a1_proportion/nonvegan/vegan_dishes_prop/plots/EMBVNVD207CC6.png,Animal,NA,TRUE,Animal_inner,Animal_innerdark,Animal_restwash,NA,-0.21295152204250606
nonvegan,Exposure: Vegan,Form: Proportion,NA,NA,-0.0696706433098904,0.6882723994328134,0.9633321075346106,NA,Restaurant,JHDN7CF1C03X5,-1.0355165396,0.2810620104,../../model_fits/finalized_redone_trunc_cp/t2_a1_proportion/nonvegan/vegan_dishes_prop/plots/JHDN7CF1C03X5.png,Animal,NA,TRUE,Animal_inner,Animal_innerdark,Animal_restwash,NA,-0.0696706433098904
nonvegan,Exposure: Vegan,Form: Proportion,NA,NA,0.49499403483892995,0.594107975026431,0.949262966720373,NA,Restaurant,L69HYJ4Y3TR91,-1.57953106,0.585454956,../../model_fits/finalized_redone_trunc_cp/t2_a1_proportion/nonvegan/vegan_dishes_prop/plots/L69HYJ4Y3TR91.png,Animal,NA,TRUE,Animal_inner,Animal_innerdark,Animal_restwash,NA,0.49499403483892995
nonvegan,Exposure: Vegan,Form: Proportion,-0.5795525041305265,NA,0.9650389343060628,1.7814437837594093,1.0594420641761613,NA,Restaurant,LBZEEFSBJNB3Z,-0.486253084,1.602124104,../../model_fits/finalized_redone_trunc_cp/t2_a1_proportion/nonvegan/vegan_dishes_prop/plots/LBZEEFSBJNB3Z.png,Animal,NA,TRUE,Animal_inner,Animal_innerdark,Animal_restwash,NA,0.9650389343060628
nonvegan,Exposure: Vegan,Form: Proportion,NA,NA,1.170348896543277,0.7120044269237172,0.9666032908640788,NA,Restaurant,LFZFT3VASXPED,-2.0865602096,1.477113568,../../model_fits/finalized_redone_trunc_cp/t2_a1_proportion/nonvegan/vegan_dishes_prop/plots/LFZFT3VASXPED.png,Animal,NA,TRUE,Animal_inner,Animal_innerdark,Animal_restwash,NA,1.170348896543277
nonvegan,Exposure: Vegan,Form: Proportion,-2.4284549106161637,NA,1.0063650065375205,1.0299271586669907,1.0029531600110073,NA,Restaurant,LQ5EH4BKGV61T,-1.1275881552,1.40834796176,../../model_fits/finalized_redone_trunc_cp/t2_a1_proportion/nonvegan/vegan_dishes_prop/plots/LQ5EH4BKGV61T.png,Animal,NA,TRUE,Animal_inner,Animal_innerdark,Animal_restwash,NA,1.0063650065375205
nonvegan,Exposure: Vegan,Form: Proportion,NA,NA,0.926223085338008,0.9667120930204806,0.9966202681946722,NA,Restaurant,S8MT0YGD2KTN9,-1.3829289152,1.2784535672,../../model_fits/finalized_redone_trunc_cp/t2_a1_proportion/nonvegan/vegan_dishes_prop/plots/S8MT0YGD2KTN9.png,Animal,NA,TRUE,Animal_inner,Animal_innerdark,Animal_restwash,NA,0.926223085338008
nonvegan,Exposure: Vegan,Form: Proportion,NA,NA,1.1200545838007678,0.9477952320554224,0.9946526681513589,NA,Restaurant,SAFK7ND1HR6XS,-1.6185254936,1.5724318784,../../model_fits/finalized_redone_trunc_cp/t2_a1_proportion/nonvegan/vegan_dishes_prop/plots/SAFK7ND1HR6XS.png,Animal,NA,TRUE,Animal_inner,Animal_innerdark,Animal_restwash,NA,1.1200545838007678
nonvegan,Exposure: Vegan,Form: Proportion,NA,NA,-0.6411182905392134,0.8599279261920466,0.9850226235527032,NA,Restaurant,SRQS8F7JWA9MZ,-0.489192292,0.195563344,../../model_fits/finalized_redone_trunc_cp/t2_a1_proportion/nonvegan/vegan_dishes_prop/plots/SRQS8F7JWA9MZ.png,Animal,NA,TRUE,Animal_inner,Animal_innerdark,Animal_restwash,NA,-0.6411182905392134
nonvegan,Exposure: Vegan,Form: Proportion,NA,NA,-0.2975463582735956,0.6004137968839074,0.9502657278250743,NA,Restaurant,V3Q26BHF3SE2H,-1.07872684,0.083487884,../../model_fits/finalized_redone_trunc_cp/t2_a1_proportion/nonvegan/vegan_dishes_prop/plots/V3Q26BHF3SE2H.png,Animal,NA,TRUE,Animal_inner,Animal_innerdark,Animal_restwash,NA,-0.2975463582735956
nonvegan,Exposure: Vegan,Form: Proportion,NA,NA,0.04977535965732549,0.7910134164344353,0.9768286413540324,NA,Restaurant,W8T41JZK0ZMEP,-0.94568185976,0.4417997844,../../model_fits/finalized_redone_trunc_cp/t2_a1_proportion/nonvegan/vegan_dishes_prop/plots/W8T41JZK0ZMEP.png,Animal,NA,TRUE,Animal_inner,Animal_innerdark,Animal_restwash,NA,0.04977535965732549
nonvegan,Exposure: Vegetarian,Form: Count,NA,NA,-4.470864991575409,0.9975820763978474,0.9997579441502455,NA,Restaurant,1SQPTEGYPH0GA,-0.00972393364,0.00463100824000001,../../model_fits/finalized_redone_trunc_cp/t2_a1_proportion/nonvegan/vegetarian_dishes_count/plots/1SQPTEGYPH0GA.png,Animal,NA,TRUE,Animal_inner,Animal_innerdark,Animal_restwash,NA,-4.470864991575409
nonvegan,Exposure: Vegetarian,Form: Count,NA,NA,-2.457763799726601,0.9999723860702716,0.9999972385727127,NA,Restaurant,2HRX9P6HKXA8V,-0.042794681,0.04294087344,../../model_fits/finalized_redone_trunc_cp/t2_a1_proportion/nonvegan/vegetarian_dishes_count/plots/2HRX9P6HKXA8V.png,Animal,NA,TRUE,Animal_inner,Animal_innerdark,Animal_restwash,NA,-2.457763799726601
nonvegan,Exposure: Vegetarian,Form: Count,NA,NA,-3.8696687223019186,0.9975091433943536,0.9997506347016958,NA,Restaurant,78AY09MVJVTYE,-0.014036695372,0.0090617232216,../../model_fits/finalized_redone_trunc_cp/t2_a1_proportion/nonvegan/vegetarian_dishes_count/plots/78AY09MVJVTYE.png,Animal,NA,TRUE,Animal_inner,Animal_innerdark,Animal_restwash,NA,-3.8696687223019186
nonvegan,Exposure: Vegetarian,Form: Count,NA,NA,-4.559008762025871,0.9985678599926715,0.9998566936193405,NA,Restaurant,9XKJD8DQTH559,-0.00749312652,0.00475807224,../../model_fits/finalized_redone_trunc_cp/t2_a1_proportion/nonvegan/vegetarian_dishes_count/plots/9XKJD8DQTH559.png,Animal,NA,TRUE,Animal_inner,Animal_innerdark,Animal_restwash,NA,-4.559008762025871
nonvegan,Exposure: Vegetarian,Form: Count,NA,NA,-3.671239835415513,0.9955362672013474,0.9995527275561555,NA,Restaurant,C0BE4NDSW26QN,-0.02049444104,0.0096914878,../../model_fits/finalized_redone_trunc_cp/t2_a1_proportion/nonvegan/vegetarian_dishes_count/plots/C0BE4NDSW26QN.png,Animal,NA,TRUE,Animal_inner,Animal_innerdark,Animal_restwash,NA,-3.671239835415513
nonvegan,Exposure: Vegetarian,Form: Count,NA,NA,-4.412190079715047,0.9988586523332743,0.999885806570566,NA,Restaurant,CB2KHY1C2G9PT,-0.00930092272,0.00609368208,../../model_fits/finalized_redone_trunc_cp/t2_a1_proportion/nonvegan/vegetarian_dishes_count/plots/CB2KHY1C2G9PT.png,Animal,NA,TRUE,Animal_inner,Animal_innerdark,Animal_restwash,NA,-4.412190079715047
nonvegan,Exposure: Vegetarian,Form: Count,NA,NA,-3.669484934592211,0.9964809479285156,0.9996475362799364,NA,Restaurant,ED5J990H5VAZT,-0.01758782608,0.01077701796,../../model_fits/finalized_redone_trunc_cp/t2_a1_proportion/nonvegan/vegetarian_dishes_count/plots/ED5J990H5VAZT.png,Animal,NA,TRUE,Animal_inner,Animal_innerdark,Animal_restwash,NA,-3.669484934592211
nonvegan,Exposure: Vegetarian,Form: Count,-3.4234603427538874,NA,-2.0111275448161248,1.0321723960045357,1.0031715892300381,NA,Restaurant,EMBVNVD207CC6,-0.0175143268,0.08037790332,../../model_fits/finalized_redone_trunc_cp/t2_a1_proportion/nonvegan/vegetarian_dishes_count/plots/EMBVNVD207CC6.png,Animal,NA,TRUE,Animal_inner,Animal_innerdark,Animal_restwash,NA,-2.0111275448161248
nonvegan,Exposure: Vegetarian,Form: Count,NA,NA,-4.306435623637587,0.9949554783515252,0.9994943990392647,NA,Restaurant,JHDN7CF1C03X5,-0.01378935466,0.00419969137008,../../model_fits/finalized_redone_trunc_cp/t2_a1_proportion/nonvegan/vegetarian_dishes_count/plots/JHDN7CF1C03X5.png,Animal,NA,TRUE,Animal_inner,Animal_innerdark,Animal_restwash,NA,-4.306435623637587
nonvegan,Exposure: Vegetarian,Form: Count,NA,NA,-3.1244720386690252,0.9929296692311663,0.9992907072671012,NA,Restaurant,L69HYJ4Y3TR91,-0.03170865056,0.01819881476,../../model_fits/finalized_redone_trunc_cp/t2_a1_proportion/nonvegan/vegetarian_dishes_count/plots/L69HYJ4Y3TR91.png,Animal,NA,TRUE,Animal_inner,Animal_innerdark,Animal_restwash,NA,-3.1244720386690252
nonvegan,Exposure: Vegetarian,Form: Count,-4.359729778014998,NA,-2.725962843590393,1.0123627372902748,1.0012294494240574,NA,Restaurant,LBZEEFSBJNB3Z,-0.010470138304,0.03846303024,../../model_fits/finalized_redone_trunc_cp/t2_a1_proportion/nonvegan/vegetarian_dishes_count/plots/LBZEEFSBJNB3Z.png,Animal,NA,TRUE,Animal_inner,Animal_innerdark,Animal_restwash,NA,-2.725962843590393
nonvegan,Exposure: Vegetarian,Form: Count,NA,NA,-2.0000104883517626,0.9949380306667546,0.9994926462974386,NA,Restaurant,LFZFT3VASXPED,-0.078773271768,0.06080897476,../../model_fits/finalized_redone_trunc_cp/t2_a1_proportion/nonvegan/vegetarian_dishes_count/plots/LFZFT3VASXPED.png,Animal,NA,TRUE,Animal_inner,Animal_innerdark,Animal_restwash,NA,-2.0000104883517626
nonvegan,Exposure: Vegetarian,Form: Count,-7.040441329260632,NA,-1.99533327716291,0.9996840454241631,0.999968400049289,NA,Restaurant,LQ5EH4BKGV61T,-0.05787207276,0.06498597128,../../model_fits/finalized_redone_trunc_cp/t2_a1_proportion/nonvegan/vegetarian_dishes_count/plots/LQ5EH4BKGV61T.png,Animal,NA,TRUE,Animal_inner,Animal_innerdark,Animal_restwash,NA,-1.99533327716291
nonvegan,Exposure: Vegetarian,Form: Count,-5.282079469549749,NA,-3.3310430719058246,1.0054540293590644,1.0005440689518506,NA,Restaurant,S8MT0YGD2KTN9,-0.01020761904,0.0196002638,../../model_fits/finalized_redone_trunc_cp/t2_a1_proportion/nonvegan/vegetarian_dishes_count/plots/S8MT0YGD2KTN9.png,Animal,NA,TRUE,Animal_inner,Animal_innerdark,Animal_restwash,NA,-3.3310430719058246
nonvegan,Exposure: Vegetarian,Form: Count,-5.424210387767738,NA,-1.8011960728173735,1.0038123761887912,1.0003805851541598,NA,Restaurant,SAFK7ND1HR6XS,-0.06556933196,0.07883114392,../../model_fits/finalized_redone_trunc_cp/t2_a1_proportion/nonvegan/vegetarian_dishes_count/plots/SAFK7ND1HR6XS.png,Animal,NA,TRUE,Animal_inner,Animal_innerdark,Animal_restwash,NA,-1.8011960728173735
nonvegan,Exposure: Vegetarian,Form: Count,-8.214905528044627,NA,-3.4490493033187817,1.000178641954574,1.000017862759537,NA,Restaurant,SRQS8F7JWA9MZ,-0.01526046524,0.01461003712,../../model_fits/finalized_redone_trunc_cp/t2_a1_proportion/nonvegan/vegetarian_dishes_count/plots/SRQS8F7JWA9MZ.png,Animal,NA,TRUE,Animal_inner,Animal_innerdark,Animal_restwash,NA,-3.4490493033187817
nonvegan,Exposure: Vegetarian,Form: Count,-8.045042496890668,NA,-2.960408477181284,1.000361799433633,1.0000361740542654,NA,Restaurant,V3Q26BHF3SE2H,-0.0272874576,0.0274140606,../../model_fits/finalized_redone_trunc_cp/t2_a1_proportion/nonvegan/vegetarian_dishes_count/plots/V3Q26BHF3SE2H.png,Animal,NA,TRUE,Animal_inner,Animal_innerdark,Animal_restwash,NA,-2.960408477181284
nonvegan,Exposure: Vegetarian,Form: Count,-5.050704362464683,NA,-3.837623327431854,1.0062744966990982,1.000625685059287,NA,Restaurant,W8T41JZK0ZMEP,-9.5325584e-4,0.01395380228,../../model_fits/finalized_redone_trunc_cp/t2_a1_proportion/nonvegan/vegetarian_dishes_count/plots/W8T41JZK0ZMEP.png,Animal,NA,TRUE,Animal_inner,Animal_innerdark,Animal_restwash,NA,-3.837623327431854
nonvegan,Exposure: Vegetarian,Form: Proportion,-2.101863170057405,NA,0.29640583435939516,1.1430256665672869,1.0134576336363232,NA,Restaurant,1SQPTEGYPH0GA,-0.4888858896,0.7313523492,../../model_fits/finalized_redone_trunc_cp/t2_a1_proportion/nonvegan/vegetarian_dishes_prop/plots/1SQPTEGYPH0GA.png,Animal,NA,TRUE,Animal_inner,Animal_innerdark,Animal_restwash,NA,0.29640583435939516
nonvegan,Exposure: Vegetarian,Form: Proportion,NA,NA,0.5685612337212076,0.9813368296354138,0.9981178210245909,NA,Restaurant,2HRX9P6HKXA8V,-1.025907416,0.9407107764,../../model_fits/finalized_redone_trunc_cp/t2_a1_proportion/nonvegan/vegetarian_dishes_prop/plots/2HRX9P6HKXA8V.png,Animal,NA,TRUE,Animal_inner,Animal_innerdark,Animal_restwash,NA,0.5685612337212076
nonvegan,Exposure: Vegetarian,Form: Proportion,NA,NA,-0.44755773105836494,0.9835803204658753,0.9983457720957691,NA,Restaurant,78AY09MVJVTYE,-0.3583569454,0.3159958496,../../model_fits/finalized_redone_trunc_cp/t2_a1_proportion/nonvegan/vegetarian_dishes_prop/plots/78AY09MVJVTYE.png,Animal,NA,TRUE,Animal_inner,Animal_innerdark,Animal_restwash,NA,-0.44755773105836494
nonvegan,Exposure: Vegetarian,Form: Proportion,NA,NA,-0.12768216135180796,0.8038363703349213,0.9784007236338839,NA,Restaurant,9XKJD8DQTH559,-0.8118069272,0.3578410908,../../model_fits/finalized_redone_trunc_cp/t2_a1_proportion/nonvegan/vegetarian_dishes_prop/plots/9XKJD8DQTH559.png,Animal,NA,TRUE,Animal_inner,Animal_innerdark,Animal_restwash,NA,-0.12768216135180796
nonvegan,Exposure: Vegetarian,Form: Proportion,NA,NA,0.18225190978532466,0.8798649184973805,0.9872828664109208,NA,Restaurant,C0BE4NDSW26QN,-0.79339094388,0.54071620968,../../model_fits/finalized_redone_trunc_cp/t2_a1_proportion/nonvegan/vegetarian_dishes_prop/plots/C0BE4NDSW26QN.png,Animal,NA,TRUE,Animal_inner,Animal_innerdark,Animal_restwash,NA,0.18225190978532466
nonvegan,Exposure: Vegetarian,Form: Proportion,-2.792131901642028,NA,-0.10173793596339781,1.0640678423564796,1.0062292365467096,NA,Restaurant,CB2KHY1C2G9PT,-0.35424287844,0.47598470016,../../model_fits/finalized_redone_trunc_cp/t2_a1_proportion/nonvegan/vegetarian_dishes_prop/plots/CB2KHY1C2G9PT.png,Animal,NA,TRUE,Animal_inner,Animal_innerdark,Animal_restwash,NA,-0.10173793596339781
nonvegan,Exposure: Vegetarian,Form: Proportion,NA,NA,-0.12331913964030622,0.7330058655594592,0.969417253603433,NA,Restaurant,ED5J990H5VAZT,-0.918172848,0.305623376,../../model_fits/finalized_redone_trunc_cp/t2_a1_proportion/nonvegan/vegetarian_dishes_prop/plots/ED5J990H5VAZT.png,Animal,NA,TRUE,Animal_inner,Animal_innerdark,Animal_restwash,NA,-0.12331913964030622
nonvegan,Exposure: Vegetarian,Form: Proportion,NA,NA,-0.1953413905788782,0.6636743477143907,0.959832615093697,NA,Restaurant,EMBVNVD207CC6,-1.0559768796,0.2106912704,../../model_fits/finalized_redone_trunc_cp/t2_a1_proportion/nonvegan/vegetarian_dishes_prop/plots/EMBVNVD207CC6.png,Animal,NA,TRUE,Animal_inner,Animal_innerdark,Animal_restwash,NA,-0.1953413905788782
nonvegan,Exposure: Vegetarian,Form: Proportion,NA,NA,-0.13659558819461948,0.755767607156631,0.9723862909487772,NA,Restaurant,JHDN7CF1C03X5,-0.9133282336,0.327841042,../../model_fits/finalized_redone_trunc_cp/t2_a1_proportion/nonvegan/vegetarian_dishes_prop/plots/JHDN7CF1C03X5.png,Animal,NA,TRUE,Animal_inner,Animal_innerdark,Animal_restwash,NA,-0.13659558819461948
nonvegan,Exposure: Vegetarian,Form: Proportion,NA,NA,0.5148433260304698,0.5515190768740872,0.9422281040933386,NA,Restaurant,L69HYJ4Y3TR91,-1.7796270552,0.52351656304,../../model_fits/finalized_redone_trunc_cp/t2_a1_proportion/nonvegan/vegetarian_dishes_prop/plots/L69HYJ4Y3TR91.png,Animal,NA,TRUE,Animal_inner,Animal_innerdark,Animal_restwash,NA,0.5148433260304698
nonvegan,Exposure: Vegetarian,Form: Proportion,-3.16445517002421,NA,0.27758057676691034,1.0630683160391674,1.0061346769751374,NA,Restaurant,LBZEEFSBJNB3Z,-0.60796544792,0.67010915516,../../model_fits/finalized_redone_trunc_cp/t2_a1_proportion/nonvegan/vegetarian_dishes_prop/plots/LBZEEFSBJNB3Z.png,Animal,NA,TRUE,Animal_inner,Animal_innerdark,Animal_restwash,NA,0.27758057676691034
nonvegan,Exposure: Vegetarian,Form: Proportion,NA,NA,0.8039492080940428,0.5731299351842364,0.9458566232152932,NA,Restaurant,LFZFT3VASXPED,-2.0670589244,0.9033966768,../../model_fits/finalized_redone_trunc_cp/t2_a1_proportion/nonvegan/vegetarian_dishes_prop/plots/LFZFT3VASXPED.png,Animal,NA,TRUE,Animal_inner,Animal_innerdark,Animal_restwash,NA,0.8039492080940428
nonvegan,Exposure: Vegetarian,Form: Proportion,-3.604031104456821,NA,0.8060878012939169,1.0201342435911127,1.0019954111885092,NA,Restaurant,LQ5EH4BKGV61T,-1.08153965896,1.088649904,../../model_fits/finalized_redone_trunc_cp/t2_a1_proportion/nonvegan/vegetarian_dishes_prop/plots/LQ5EH4BKGV61T.png,Animal,NA,TRUE,Animal_inner,Animal_innerdark,Animal_restwash,NA,0.8060878012939169
nonvegan,Exposure: Vegetarian,Form: Proportion,-2.149932618872914,NA,0.11675910735400609,1.1332117751715869,1.012584109844831,NA,Restaurant,S8MT0YGD2KTN9,-0.4083593268,0.6353969616,../../model_fits/finalized_redone_trunc_cp/t2_a1_proportion/nonvegan/vegetarian_dishes_prop/plots/S8MT0YGD2KTN9.png,Animal,NA,TRUE,Animal_inner,Animal_innerdark,Animal_restwash,NA,0.11675910735400609
nonvegan,Exposure: Vegetarian,Form: Proportion,NA,NA,0.9195672109494453,0.803818410821448,0.9783985376445091,NA,Restaurant,SAFK7ND1HR6XS,-1.44537097336,1.1452390092,../../model_fits/finalized_redone_trunc_cp/t2_a1_proportion/nonvegan/vegetarian_dishes_prop/plots/SAFK7ND1HR6XS.png,Animal,NA,TRUE,Animal_inner,Animal_innerdark,Animal_restwash,NA,0.9195672109494453
nonvegan,Exposure: Vegetarian,Form: Proportion,NA,NA,-0.7907928004827585,0.9862395673271792,0.9986153609983905,NA,Restaurant,SRQS8F7JWA9MZ,-0.2594433048,0.2269917712,../../model_fits/finalized_redone_trunc_cp/t2_a1_proportion/nonvegan/vegetarian_dishes_prop/plots/SRQS8F7JWA9MZ.png,Animal,NA,TRUE,Animal_inner,Animal_innerdark,Animal_restwash,NA,-0.7907928004827585
nonvegan,Exposure: Vegetarian,Form: Proportion,-3.3850116657532476,NA,-0.16275552336624996,1.0420074208053396,1.0041233843522863,NA,Restaurant,V3Q26BHF3SE2H,-0.3810253004,0.44124360752,../../model_fits/finalized_redone_trunc_cp/t2_a1_proportion/nonvegan/vegetarian_dishes_prop/plots/V3Q26BHF3SE2H.png,Animal,NA,TRUE,Animal_inner,Animal_innerdark,Animal_restwash,NA,-0.16275552336624996
nonvegan,Exposure: Vegetarian,Form: Proportion,NA,NA,-1.0169691803959873,0.3429093439854067,0.8984996906990864,NA,Restaurant,W8T41JZK0ZMEP,-1.86941979272,-0.3309746636,../../model_fits/finalized_redone_trunc_cp/t2_a1_proportion/nonvegan/vegetarian_dishes_prop/plots/W8T41JZK0ZMEP.png,Animal,NA,TRUE,Animal_inner,Animal_innerdark,Animal_restwash,NA,-1.0169691803959873
meat,Exposure: Alt-Protein-Modifiable,Form: Count,-3.4302446662664745,NA,-2.2518038276209804,1.0326580064230788,1.0032187758697542,NA,Restaurant,1SQPTEGYPH0GA,-0.00209909868,0.067927475632,../../model_fits/finalized_redone_trunc_cp/t2_a1_proportion/meat/mpbamod_dishes_count/plots/1SQPTEGYPH0GA.png,Animal,NA,TRUE,Animal_inner,Animal_innerdark,Animal_restwash,NA,-2.2518038276209804
meat,Exposure: Alt-Protein-Modifiable,Form: Count,-2.7255727111577963,NA,-1.3932181027962944,1.0705067398382606,1.0068364752335912,NA,Restaurant,2HRX9P6HKXA8V,-0.01845407876,0.14887660132,../../model_fits/finalized_redone_trunc_cp/t2_a1_proportion/meat/mpbamod_dishes_count/plots/2HRX9P6HKXA8V.png,Animal,NA,TRUE,Animal_inner,Animal_innerdark,Animal_restwash,NA,-1.3932181027962944
meat,Exposure: Alt-Protein-Modifiable,Form: Count,-3.801925121565087,NA,-2.179007230492184,1.0218201098200879,1.0021608771872244,NA,Restaurant,78AY09MVJVTYE,-0.02386412668,0.0700386784,../../model_fits/finalized_redone_trunc_cp/t2_a1_proportion/meat/mpbamod_dishes_count/plots/78AY09MVJVTYE.png,Animal,NA,TRUE,Animal_inner,Animal_innerdark,Animal_restwash,NA,-2.179007230492184
meat,Exposure: Alt-Protein-Modifiable,Form: Count,NA,NA,-3.723614553093667,0.9929427913799177,0.9992920278806081,NA,Restaurant,9XKJD8DQTH559,-0.0198150754,0.00811359031999999,../../model_fits/finalized_redone_trunc_cp/t2_a1_proportion/meat/mpbamod_dishes_count/plots/9XKJD8DQTH559.png,Animal,NA,TRUE,Animal_inner,Animal_innerdark,Animal_restwash,NA,-3.723614553093667
meat,Exposure: Alt-Protein-Modifiable,Form: Count,-4.3550740782746296,NA,-1.8429556790653052,1.016368264966762,1.001624893611307,NA,Restaurant,C0BE4NDSW26QN,-0.0617412494,0.08477720408,../../model_fits/finalized_redone_trunc_cp/t2_a1_proportion/meat/mpbamod_dishes_count/plots/C0BE4NDSW26QN.png,Animal,NA,TRUE,Animal_inner,Animal_innerdark,Animal_restwash,NA,-1.8429556790653052
meat,Exposure: Alt-Protein-Modifiable,Form: Count,-2.8768904560477,NA,-2.0085553928008038,1.0577166685823178,1.005627022399879,NA,Restaurant,CB2KHY1C2G9PT,0.01799932512,0.0951304464,../../model_fits/finalized_redone_trunc_cp/t2_a1_proportion/meat/mpbamod_dishes_count/plots/CB2KHY1C2G9PT.png,Animal,NA,TRUE,Animal_inner,Animal_innerdark,Animal_restwash,NA,-2.0085553928008038
meat,Exposure: Alt-Protein-Modifiable,Form: Count,NA,NA,-3.9699684264947024,0.9983801692442938,0.9998378987298309,NA,Restaurant,ED5J990H5VAZT,-0.013018044736,0.009256334992,../../model_fits/finalized_redone_trunc_cp/t2_a1_proportion/meat/mpbamod_dishes_count/plots/ED5J990H5VAZT.png,Animal,NA,TRUE,Animal_inner,Animal_innerdark,Animal_restwash,NA,-3.9699684264947024
meat,Exposure: Alt-Protein-Modifiable,Form: Count,NA,NA,-2.3384870529459834,0.9794823957002426,0.9979290459406351,NA,Restaurant,EMBVNVD207CC6,-0.09569424008,0.039340655,../../model_fits/finalized_redone_trunc_cp/t2_a1_proportion/meat/mpbamod_dishes_count/plots/EMBVNVD207CC6.png,Animal,NA,TRUE,Animal_inner,Animal_innerdark,Animal_restwash,NA,-2.3384870529459834
meat,Exposure: Alt-Protein-Modifiable,Form: Count,NA,NA,-3.2604286351974126,0.9905190476403117,0.9990478353267379,NA,Restaurant,JHDN7CF1C03X5,-0.029242051232,0.014619479484,../../model_fits/finalized_redone_trunc_cp/t2_a1_proportion/meat/mpbamod_dishes_count/plots/JHDN7CF1C03X5.png,Animal,NA,TRUE,Animal_inner,Animal_innerdark,Animal_restwash,NA,-3.2604286351974126
meat,Exposure: Alt-Protein-Modifiable,Form: Count,NA,NA,-1.9537996682238004,0.991596961069061,0.9991565015949531,NA,Restaurant,L69HYJ4Y3TR91,-0.09717365084,0.07079500332,../../model_fits/finalized_redone_trunc_cp/t2_a1_proportion/meat/mpbamod_dishes_count/plots/L69HYJ4Y3TR91.png,Animal,NA,TRUE,Animal_inner,Animal_innerdark,Animal_restwash,NA,-1.9537996682238004
meat,Exposure: Alt-Protein-Modifiable,Form: Count,-2.821050881841748,NA,-1.7856695593692293,1.0612123186599662,1.005958879048704,NA,Restaurant,LBZEEFSBJNB3Z,0.007277967956,0.1119381224,../../model_fits/finalized_redone_trunc_cp/t2_a1_proportion/meat/mpbamod_dishes_count/plots/LBZEEFSBJNB3Z.png,Animal,NA,TRUE,Animal_inner,Animal_innerdark,Animal_restwash,NA,-1.7856695593692293
meat,Exposure: Alt-Protein-Modifiable,Form: Count,NA,NA,-1.4486993114059947,0.9730575183046992,0.9972725179414458,NA,Restaurant,LFZFT3VASXPED,-0.130498689512,0.09962257156,../../model_fits/finalized_redone_trunc_cp/t2_a1_proportion/meat/mpbamod_dishes_count/plots/LFZFT3VASXPED.png,Animal,NA,TRUE,Animal_inner,Animal_innerdark,Animal_restwash,NA,-1.4486993114059947
meat,Exposure: Alt-Protein-Modifiable,Form: Count,-4.900722925746921,NA,-1.5443343396401643,1.0053044530573503,1.0005291833681416,NA,Restaurant,LQ5EH4BKGV61T,-0.07949655844,0.09842790744,../../model_fits/finalized_redone_trunc_cp/t2_a1_proportion/meat/mpbamod_dishes_count/plots/LQ5EH4BKGV61T.png,Animal,NA,TRUE,Animal_inner,Animal_innerdark,Animal_restwash,NA,-1.5443343396401643
meat,Exposure: Alt-Protein-Modifiable,Form: Count,-3.444803822199614,NA,-1.7975466689612731,1.031342644786143,1.0030909162611348,NA,Restaurant,S8MT0YGD2KTN9,-0.03196770868,0.09647811626,../../model_fits/finalized_redone_trunc_cp/t2_a1_proportion/meat/mpbamod_dishes_count/plots/S8MT0YGD2KTN9.png,Animal,NA,TRUE,Animal_inner,Animal_innerdark,Animal_restwash,NA,-1.7975466689612731
meat,Exposure: Alt-Protein-Modifiable,Form: Count,NA,NA,-1.6396339108757816,0.964365942984249,0.9963781301010867,NA,Restaurant,SAFK7ND1HR6XS,-0.12743882168128,0.07763107176,../../model_fits/finalized_redone_trunc_cp/t2_a1_proportion/meat/mpbamod_dishes_count/plots/SAFK7ND1HR6XS.png,Animal,NA,TRUE,Animal_inner,Animal_innerdark,Animal_restwash,NA,-1.6396339108757816
meat,Exposure: Alt-Protein-Modifiable,Form: Count,NA,NA,-3.612419353242245,0.9564225439507111,0.995554364024985,NA,Restaurant,SRQS8F7JWA9MZ,-0.07546380516,-0.01090683704,../../model_fits/finalized_redone_trunc_cp/t2_a1_proportion/meat/mpbamod_dishes_count/plots/SRQS8F7JWA9MZ.png,Animal,NA,TRUE,Animal_inner,Animal_innerdark,Animal_restwash,NA,-3.612419353242245
meat,Exposure: Alt-Protein-Modifiable,Form: Count,-2.863750661447421,-5.241282186606629,-2.260166418485979,1.0592706756765484,1.0057746724586973,NA,Restaurant,V3Q26BHF3SE2H,0.033141392908,0.08166242072,../../model_fits/finalized_redone_trunc_cp/t2_a1_proportion/meat/mpbamod_dishes_count/plots/V3Q26BHF3SE2H.png,Animal,FALSE,TRUE,Animal_inner,Animal_innerdark,Animal_restwash,0.033141392908,-2.260166418485979
meat,Exposure: Alt-Protein-Modifiable,Form: Count,NA,NA,-5.135671775722143,0.973573894588939,0.9973254279629811,NA,Restaurant,W8T41JZK0ZMEP,-0.042846627244,-0.00907270284,../../model_fits/finalized_redone_trunc_cp/t2_a1_proportion/meat/mpbamod_dishes_count/plots/W8T41JZK0ZMEP.png,Animal,NA,TRUE,Animal_inner,Animal_innerdark,Animal_restwash,NA,-5.135671775722143
meat,Exposure: Alt-Protein-Modifiable,Form: Proportion,0.5587292161218519,NA,1.4079670404939018,5.809514183093704,1.1923780745628916,NA,Restaurant,1SQPTEGYPH0GA,0.5634860856,2.915172772,../../model_fits/finalized_redone_trunc_cp/t2_a1_proportion/meat/mpbamod_dishes_prop/plots/1SQPTEGYPH0GA.png,Animal,NA,TRUE,Animal_inner,Animal_innerdark,Animal_restwash,NA,1.4079670404939018
meat,Exposure: Alt-Protein-Modifiable,Form: Proportion,-0.8780767003293917,NA,1.5527411425319546,1.4075858868182063,1.034778723354727,NA,Restaurant,2HRX9P6HKXA8V,-1.570815196,2.450159176,../../model_fits/finalized_redone_trunc_cp/t2_a1_proportion/meat/mpbamod_dishes_prop/plots/2HRX9P6HKXA8V.png,Animal,NA,TRUE,Animal_inner,Animal_innerdark,Animal_restwash,NA,1.5527411425319546
meat,Exposure: Alt-Protein-Modifiable,Form: Proportion,-4.872840356311172,NA,0.9101156029502567,0.9307699799073772,0.9928513639277264,NA,Restaurant,78AY09MVJVTYE,-1.132381912,1.227046592,../../model_fits/finalized_redone_trunc_cp/t2_a1_proportion/meat/mpbamod_dishes_prop/plots/78AY09MVJVTYE.png,Animal,NA,TRUE,Animal_inner,Animal_innerdark,Animal_restwash,NA,0.9101156029502567
meat,Exposure: Alt-Protein-Modifiable,Form: Proportion,-2.6511793386141504,NA,0.4387564532123453,1.0109384698462036,1.0010884997362923,NA,Restaurant,9XKJD8DQTH559,-0.6382697076,0.8143782936,../../model_fits/finalized_redone_trunc_cp/t2_a1_proportion/meat/mpbamod_dishes_prop/plots/9XKJD8DQTH559.png,Animal,NA,TRUE,Animal_inner,Animal_innerdark,Animal_restwash,NA,0.4387564532123453
meat,Exposure: Alt-Protein-Modifiable,Form: Proportion,-0.08525610858125848,NA,1.555928760636307,2.940198658540734,1.1138781055426912,NA,Restaurant,C0BE4NDSW26QN,-1.163308244,2.925633124,../../model_fits/finalized_redone_trunc_cp/t2_a1_proportion/meat/mpbamod_dishes_prop/plots/C0BE4NDSW26QN.png,Animal,NA,TRUE,Animal_inner,Animal_innerdark,Animal_restwash,NA,1.555928760636307
meat,Exposure: Alt-Protein-Modifiable,Form: Proportion,NA,NA,0.16458439171134853,0.7737824246602252,0.9746796218082345,NA,Restaurant,CB2KHY1C2G9PT,-0.851613912,0.451402132,../../model_fits/finalized_redone_trunc_cp/t2_a1_proportion/meat/mpbamod_dishes_prop/plots/CB2KHY1C2G9PT.png,Animal,NA,TRUE,Animal_inner,Animal_innerdark,Animal_restwash,NA,0.16458439171134853
meat,Exposure: Alt-Protein-Modifiable,Form: Proportion,NA,NA,-0.9634286747319942,0.9771011119715431,0.9976861670479281,NA,Restaurant,ED5J990H5VAZT,-0.25357216488,0.18500402796,../../model_fits/finalized_redone_trunc_cp/t2_a1_proportion/meat/mpbamod_dishes_prop/plots/ED5J990H5VAZT.png,Animal,NA,TRUE,Animal_inner,Animal_innerdark,Animal_restwash,NA,-0.9634286747319942
meat,Exposure: Alt-Protein-Modifiable,Form: Proportion,NA,NA,-0.16188170092397616,0.705588623554423,0.965728741841481,NA,Restaurant,EMBVNVD207CC6,-1.00044684528,0.205942978728,../../model_fits/finalized_redone_trunc_cp/t2_a1_proportion/meat/mpbamod_dishes_prop/plots/EMBVNVD207CC6.png,Animal,NA,TRUE,Animal_inner,Animal_innerdark,Animal_restwash,NA,-0.16188170092397616
meat,Exposure: Alt-Protein-Modifiable,Form: Proportion,0.6420283823068588,-1.4548256523656797,1.2399652133102501,6.867600822594859,1.212496530036695,NA,Restaurant,JHDN7CF1C03X5,1.0849761048,2.7113467,../../model_fits/finalized_redone_trunc_cp/t2_a1_proportion/meat/mpbamod_dishes_prop/plots/JHDN7CF1C03X5.png,Animal,FALSE,TRUE,Animal_inner,Animal_innerdark,Animal_restwash,1.0849761048,1.2399652133102501
meat,Exposure: Alt-Protein-Modifiable,Form: Proportion,NA,NA,1.3389024438225243,0.2466398952777245,0.8693733693186929,NA,Restaurant,L69HYJ4Y3TR91,-3.664385332,1.1669575384,../../model_fits/finalized_redone_trunc_cp/t2_a1_proportion/meat/mpbamod_dishes_prop/plots/L69HYJ4Y3TR91.png,Animal,NA,TRUE,Animal_inner,Animal_innerdark,Animal_restwash,NA,1.1669575384
meat,Exposure: Alt-Protein-Modifiable,Form: Proportion,0.41824003384952707,NA,1.5287377732915133,5.16081183767137,1.178343207006265,NA,Restaurant,LBZEEFSBJNB3Z,-0.289684782772,3.2540397448,../../model_fits/finalized_redone_trunc_cp/t2_a1_proportion/meat/mpbamod_dishes_prop/plots/LBZEEFSBJNB3Z.png,Animal,NA,TRUE,Animal_inner,Animal_innerdark,Animal_restwash,NA,1.5287377732915133
meat,Exposure: Alt-Protein-Modifiable,Form: Proportion,NA,NA,1.913836147697186,1.122165106480059,1.011592675219407,NA,Restaurant,LFZFT3VASXPED,-3.5317295828,3.4128656692,../../model_fits/finalized_redone_trunc_cp/t2_a1_proportion/meat/mpbamod_dishes_prop/plots/LFZFT3VASXPED.png,Animal,NA,TRUE,Animal_inner,Animal_innerdark,Animal_restwash,NA,1.913836147697186
meat,Exposure: Alt-Protein-Modifiable,Form: Proportion,NA,NA,1.4891076923749413,0.8267233436288955,0.9811513823498861,NA,Restaurant,LQ5EH4BKGV61T,-2.20559937076,2.1181716504,../../model_fits/finalized_redone_trunc_cp/t2_a1_proportion/meat/mpbamod_dishes_prop/plots/LQ5EH4BKGV61T.png,Animal,NA,TRUE,Animal_inner,Animal_innerdark,Animal_restwash,NA,1.4891076923749413
meat,Exposure: Alt-Protein-Modifiable,Form: Proportion,NA,NA,0.6459497707835326,0.4096264631680219,0.9146160127358066,NA,Restaurant,S8MT0YGD2KTN9,-2.300236216,0.541122196,../../model_fits/finalized_redone_trunc_cp/t2_a1_proportion/meat/mpbamod_dishes_prop/plots/S8MT0YGD2KTN9.png,Animal,NA,TRUE,Animal_inner,Animal_innerdark,Animal_restwash,NA,0.541122196
meat,Exposure: Alt-Protein-Modifiable,Form: Proportion,NA,NA,1.2413424411112899,0.7533280113413484,0.9720719506099684,NA,Restaurant,SAFK7ND1HR6XS,-2.20989564,1.583219728,../../model_fits/finalized_redone_trunc_cp/t2_a1_proportion/meat/mpbamod_dishes_prop/plots/SAFK7ND1HR6XS.png,Animal,NA,TRUE,Animal_inner,Animal_innerdark,Animal_restwash,NA,1.2413424411112899
meat,Exposure: Alt-Protein-Modifiable,Form: Proportion,NA,NA,-1.2692869995542198,0.6427088992745792,0.9567565218773031,NA,Restaurant,SRQS8F7JWA9MZ,-0.7634683728,-0.0997196032,../../model_fits/finalized_redone_trunc_cp/t2_a1_proportion/meat/mpbamod_dishes_prop/plots/SRQS8F7JWA9MZ.png,Animal,NA,TRUE,Animal_inner,Animal_innerdark,Animal_restwash,NA,-1.2692869995542198
meat,Exposure: Alt-Protein-Modifiable,Form: Proportion,0.17761804534490985,-0.8588717148761038,0.6444132122489965,3.3606759791126803,1.1288667052953631,NA,Restaurant,V3Q26BHF3SE2H,0.82459410064,1.5624536132,../../model_fits/finalized_redone_trunc_cp/t2_a1_proportion/meat/mpbamod_dishes_prop/plots/V3Q26BHF3SE2H.png,Animal,FALSE,TRUE,Animal_inner,Animal_innerdark,Animal_restwash,0.82459410064,0.6444132122489965
meat,Exposure: Alt-Protein-Modifiable,Form: Proportion,NA,NA,0.04375531628232101,0.5946901650930484,0.9493559477843988,NA,Restaurant,W8T41JZK0ZMEP,-1.1784218656,0.2129830394,../../model_fits/finalized_redone_trunc_cp/t2_a1_proportion/meat/mpbamod_dishes_prop/plots/W8T41JZK0ZMEP.png,Animal,NA,TRUE,Animal_inner,Animal_innerdark,Animal_restwash,NA,0.04375531628232101
meat,Exposure: Vegan,Form: Count,NA,NA,-7.1804922544927505,0.9572165582175632,0.9956369832830169,NA,Restaurant,1SQPTEGYPH0GA,-0.0642067732,-0.0225807476,../../model_fits/finalized_redone_trunc_cp/t2_a1_proportion/meat/vegan_dishes_count/plots/1SQPTEGYPH0GA.png,Animal,NA,TRUE,Animal_inner,Animal_innerdark,Animal_restwash,NA,-7.1804922544927505
meat,Exposure: Vegan,Form: Count,NA,NA,-2.877227219104809,0.9375363589590074,0.993570782531532,NA,Restaurant,2HRX9P6HKXA8V,-0.126461778276,-0.00474039704000001,../../model_fits/finalized_redone_trunc_cp/t2_a1_proportion/meat/vegan_dishes_count/plots/2HRX9P6HKXA8V.png,Animal,NA,TRUE,Animal_inner,Animal_innerdark,Animal_restwash,NA,-2.877227219104809
meat,Exposure: Vegan,Form: Count,NA,NA,-3.504259938151754,0.9989972704695789,0.99989968177221,NA,Restaurant,78AY09MVJVTYE,-0.016613557668,0.0152147372,../../model_fits/finalized_redone_trunc_cp/t2_a1_proportion/meat/vegan_dishes_count/plots/78AY09MVJVTYE.png,Animal,NA,TRUE,Animal_inner,Animal_innerdark,Animal_restwash,NA,-3.504259938151754
meat,Exposure: Vegan,Form: Count,NA,NA,-3.9945706700758556,0.9952574306654663,0.9995247278775933,NA,Restaurant,9XKJD8DQTH559,-0.01446588612,0.00654563724,../../model_fits/finalized_redone_trunc_cp/t2_a1_proportion/meat/vegan_dishes_count/plots/9XKJD8DQTH559.png,Animal,NA,TRUE,Animal_inner,Animal_innerdark,Animal_restwash,NA,-3.9945706700758556
meat,Exposure: Vegan,Form: Count,NA,NA,-3.190714129375946,0.9931215838457179,0.9993100199957533,NA,Restaurant,C0BE4NDSW26QN,-0.0327576806,0.0185741158,../../model_fits/finalized_redone_trunc_cp/t2_a1_proportion/meat/vegan_dishes_count/plots/C0BE4NDSW26QN.png,Animal,NA,TRUE,Animal_inner,Animal_innerdark,Animal_restwash,NA,-3.190714129375946
meat,Exposure: Vegan,Form: Count,NA,NA,-4.133256134324401,0.9940436846015133,0.9994027659153166,NA,Restaurant,CB2KHY1C2G9PT,-0.01792917168,0.00553368604,../../model_fits/finalized_redone_trunc_cp/t2_a1_proportion/meat/vegan_dishes_count/plots/CB2KHY1C2G9PT.png,Animal,NA,TRUE,Animal_inner,Animal_innerdark,Animal_restwash,NA,-4.133256134324401
meat,Exposure: Vegan,Form: Count,NA,NA,NA,0.8983149440158107,0.9893338357792315,NA,Restaurant,ED5J990H5VAZT,-0.14737280712,-0.0677806172,../../model_fits/finalized_redone_trunc_cp/t2_a1_proportion/meat/vegan_dishes_count/plots/ED5J990H5VAZT.png,Animal,NA,NA,Animal_inner,Animal_innerdark,Animal_restwash,NA,NA
meat,Exposure: Vegan,Form: Count,-3.9097082375965457,NA,-1.5970493559752605,1.0197176650401234,1.0019544865237038,NA,Restaurant,EMBVNVD207CC6,-0.0707165096,0.1133500976,../../model_fits/finalized_redone_trunc_cp/t2_a1_proportion/meat/vegan_dishes_count/plots/EMBVNVD207CC6.png,Animal,NA,TRUE,Animal_inner,Animal_innerdark,Animal_restwash,NA,-1.5970493559752605
meat,Exposure: Vegan,Form: Count,NA,NA,NA,0.9753388850246664,0.9975060855856343,NA,Restaurant,JHDN7CF1C03X5,-0.037400758088,-0.013013651504,../../model_fits/finalized_redone_trunc_cp/t2_a1_proportion/meat/vegan_dishes_count/plots/JHDN7CF1C03X5.png,Animal,NA,NA,Animal_inner,Animal_innerdark,Animal_restwash,NA,NA
meat,Exposure: Vegan,Form: Count,NA,NA,-2.7363595585425986,0.9918246067909464,0.999179437345816,NA,Restaurant,L69HYJ4Y3TR91,-0.04888672868,0.02986749752,../../model_fits/finalized_redone_trunc_cp/t2_a1_proportion/meat/vegan_dishes_count/plots/L69HYJ4Y3TR91.png,Animal,NA,TRUE,Animal_inner,Animal_innerdark,Animal_restwash,NA,-2.7363595585425986
meat,Exposure: Vegan,Form: Count,-2.5297229086367685,NA,-1.882493028624421,1.082926522546778,1.0079985306403008,NA,Restaurant,LBZEEFSBJNB3Z,0.04167340476,0.11962028976,../../model_fits/finalized_redone_trunc_cp/t2_a1_proportion/meat/vegan_dishes_count/plots/LBZEEFSBJNB3Z.png,Animal,NA,TRUE,Animal_inner,Animal_innerdark,Animal_restwash,NA,-1.882493028624421
meat,Exposure: Vegan,Form: Count,-3.924034267948342,NA,-1.3849395812487142,1.018086878881988,1.0017941332546005,NA,Restaurant,LFZFT3VASXPED,-0.095660250832,0.13720396396,../../model_fits/finalized_redone_trunc_cp/t2_a1_proportion/meat/vegan_dishes_count/plots/LFZFT3VASXPED.png,Animal,NA,TRUE,Animal_inner,Animal_innerdark,Animal_restwash,NA,-1.3849395812487142
meat,Exposure: Vegan,Form: Count,-2.8915095379557822,NA,-1.1813603730816422,1.0539086821084849,1.0052643891557358,NA,Restaurant,LQ5EH4BKGV61T,-0.07535318696,0.1836362848,../../model_fits/finalized_redone_trunc_cp/t2_a1_proportion/meat/vegan_dishes_count/plots/LQ5EH4BKGV61T.png,Animal,NA,TRUE,Animal_inner,Animal_innerdark,Animal_restwash,NA,-1.1813603730816422
meat,Exposure: Vegan,Form: Count,-3.6231138297853636,NA,-1.9927365633754897,1.0274685701411541,1.0027134826728517,NA,Restaurant,S8MT0YGD2KTN9,-0.033071958224,0.087822253056,../../model_fits/finalized_redone_trunc_cp/t2_a1_proportion/meat/vegan_dishes_count/plots/S8MT0YGD2KTN9.png,Animal,NA,TRUE,Animal_inner,Animal_innerdark,Animal_restwash,NA,-1.9927365633754897
meat,Exposure: Vegan,Form: Count,NA,NA,-1.1370304799522264,0.9958906914105641,0.9995883072687191,NA,Restaurant,SAFK7ND1HR6XS,-0.17109690472,0.14894323032,../../model_fits/finalized_redone_trunc_cp/t2_a1_proportion/meat/vegan_dishes_count/plots/SAFK7ND1HR6XS.png,Animal,NA,TRUE,Animal_inner,Animal_innerdark,Animal_restwash,NA,-1.1370304799522264
meat,Exposure: Vegan,Form: Count,-3.671569541246589,NA,-1.601887097970643,1.0253742008837623,1.0025089040454582,NA,Restaurant,SRQS8F7JWA9MZ,-0.0672419760000001,0.115765586,../../model_fits/finalized_redone_trunc_cp/t2_a1_proportion/meat/vegan_dishes_count/plots/SRQS8F7JWA9MZ.png,Animal,NA,TRUE,Animal_inner,Animal_innerdark,Animal_restwash,NA,-1.601887097970643
meat,Exposure: Vegan,Form: Count,NA,NA,-4.394466348070244,0.9399170794125704,0.9938227957615309,NA,Restaurant,V3Q26BHF3SE2H,-0.0984123554,-0.0232946372,../../model_fits/finalized_redone_trunc_cp/t2_a1_proportion/meat/vegan_dishes_count/plots/V3Q26BHF3SE2H.png,Animal,NA,TRUE,Animal_inner,Animal_innerdark,Animal_restwash,NA,-4.394466348070244
meat,Exposure: Vegan,Form: Count,NA,NA,NA,0.9657607568110779,0.996522147866477,NA,Restaurant,W8T41JZK0ZMEP,-0.04485539288,-0.0253081129976,../../model_fits/finalized_redone_trunc_cp/t2_a1_proportion/meat/vegan_dishes_count/plots/W8T41JZK0ZMEP.png,Animal,NA,NA,Animal_inner,Animal_innerdark,Animal_restwash,NA,NA
meat,Exposure: Vegan,Form: Proportion,NA,NA,-0.37345414387970044,0.3488875604676869,0.9000539630597634,NA,Restaurant,1SQPTEGYPH0GA,-1.95668185,-0.147261948000001,../../model_fits/finalized_redone_trunc_cp/t2_a1_proportion/meat/vegan_dishes_prop/plots/1SQPTEGYPH0GA.png,Animal,NA,TRUE,Animal_inner,Animal_innerdark,Animal_restwash,NA,-0.37345414387970044
meat,Exposure: Vegan,Form: Proportion,NA,NA,-0.13833409056590004,0.2478419870189626,0.8697961644675742,NA,Restaurant,2HRX9P6HKXA8V,-2.5176016,-0.281866134,../../model_fits/finalized_redone_trunc_cp/t2_a1_proportion/meat/vegan_dishes_prop/plots/2HRX9P6HKXA8V.png,Animal,NA,TRUE,Animal_inner,Animal_innerdark,Animal_restwash,NA,-0.281866134
meat,Exposure: Vegan,Form: Proportion,-2.7604807808307967,NA,-0.12189839669074454,1.065079522086876,1.0063248645138512,NA,Restaurant,78AY09MVJVTYE,-0.35141199408,0.47436640764,../../model_fits/finalized_redone_trunc_cp/t2_a1_proportion/meat/vegan_dishes_prop/plots/78AY09MVJVTYE.png,Animal,NA,TRUE,Animal_inner,Animal_innerdark,Animal_restwash,NA,-0.12189839669074454
meat,Exposure: Vegan,Form: Proportion,-1.6419569225368331,NA,0.5673923615668556,1.2058172465925119,1.0188919924982989,NA,Restaurant,9XKJD8DQTH559,-0.622982176,1.021864036,../../model_fits/finalized_redone_trunc_cp/t2_a1_proportion/meat/vegan_dishes_prop/plots/9XKJD8DQTH559.png,Animal,NA,TRUE,Animal_inner,Animal_innerdark,Animal_restwash,NA,0.5673923615668556
meat,Exposure: Vegan,Form: Proportion,NA,NA,0.3444377301755392,0.641959388231145,0.956644888729446,NA,Restaurant,C0BE4NDSW26QN,-1.3656009392,0.4783024712,../../model_fits/finalized_redone_trunc_cp/t2_a1_proportion/meat/vegan_dishes_prop/plots/C0BE4NDSW26QN.png,Animal,NA,TRUE,Animal_inner,Animal_innerdark,Animal_restwash,NA,0.3444377301755392
meat,Exposure: Vegan,Form: Proportion,NA,NA,-0.8286547376547388,0.6715497553053918,0.9609655516618208,NA,Restaurant,CB2KHY1C2G9PT,-0.8469960808,0.0158370075999998,../../model_fits/finalized_redone_trunc_cp/t2_a1_proportion/meat/vegan_dishes_prop/plots/CB2KHY1C2G9PT.png,Animal,NA,TRUE,Animal_inner,Animal_innerdark,Animal_restwash,NA,-0.8286547376547388
meat,Exposure: Vegan,Form: Proportion,NA,NA,-0.9698076954667365,0.3099645781697866,0.8894697990312365,NA,Restaurant,ED5J990H5VAZT,-1.975941836,-0.3598048496,../../model_fits/finalized_redone_trunc_cp/t2_a1_proportion/meat/vegan_dishes_prop/plots/ED5J990H5VAZT.png,Animal,NA,TRUE,Animal_inner,Animal_innerdark,Animal_restwash,NA,-0.9698076954667365
meat,Exposure: Vegan,Form: Proportion,NA,NA,-0.12192938919290756,0.9537127438034204,0.9952719366482304,NA,Restaurant,EMBVNVD207CC6,-0.4992175716,0.4410140772,../../model_fits/finalized_redone_trunc_cp/t2_a1_proportion/meat/vegan_dishes_prop/plots/EMBVNVD207CC6.png,Animal,NA,TRUE,Animal_inner,Animal_innerdark,Animal_restwash,NA,-0.12192938919290756
meat,Exposure: Vegan,Form: Proportion,NA,NA,NA,0.2536206835513019,0.8718032162311777,NA,Restaurant,JHDN7CF1C03X5,-2.0412932052,-0.7443997824,../../model_fits/finalized_redone_trunc_cp/t2_a1_proportion/meat/vegan_dishes_prop/plots/JHDN7CF1C03X5.png,Animal,NA,NA,Animal_inner,Animal_innerdark,Animal_restwash,NA,NA
meat,Exposure: Vegan,Form: Proportion,NA,NA,0.8651172587288054,0.7801308242227424,0.9754763482346889,NA,Restaurant,L69HYJ4Y3TR91,-1.544321868,1.045170464,../../model_fits/finalized_redone_trunc_cp/t2_a1_proportion/meat/vegan_dishes_prop/plots/L69HYJ4Y3TR91.png,Animal,NA,TRUE,Animal_inner,Animal_innerdark,Animal_restwash,NA,0.8651172587288054
meat,Exposure: Vegan,Form: Proportion,1.0784233644088925,-0.3154131044501735,1.6637711559804704,18.718322369131013,1.3403761519748343,NA,Restaurant,LBZEEFSBJNB3Z,1.812491756,4.069081868,../../model_fits/finalized_redone_trunc_cp/t2_a1_proportion/meat/vegan_dishes_prop/plots/LBZEEFSBJNB3Z.png,Animal,FALSE,TRUE,Animal_inner,Animal_innerdark,Animal_restwash,1.812491756,1.6637711559804704
meat,Exposure: Vegan,Form: Proportion,-2.782419782538134,NA,1.4218913657837795,1.082891090312089,1.007995232524904,NA,Restaurant,LFZFT3VASXPED,-2.0092599028,2.070091484,../../model_fits/finalized_redone_trunc_cp/t2_a1_proportion/meat/vegan_dishes_prop/plots/LFZFT3VASXPED.png,Animal,NA,TRUE,Animal_inner,Animal_innerdark,Animal_restwash,NA,1.4218913657837795
meat,Exposure: Vegan,Form: Proportion,-1.631311541383061,NA,1.1592872033374848,1.2449273521158915,1.022149453764331,NA,Restaurant,LQ5EH4BKGV61T,-1.32900222464,1.7474502868,../../model_fits/finalized_redone_trunc_cp/t2_a1_proportion/meat/vegan_dishes_prop/plots/LQ5EH4BKGV61T.png,Animal,NA,TRUE,Animal_inner,Animal_innerdark,Animal_restwash,NA,1.1592872033374848
meat,Exposure: Vegan,Form: Proportion,NA,NA,1.0350874922046802,0.9255619152153723,0.9922944164050735,NA,Restaurant,S8MT0YGD2KTN9,-1.59756078336,1.38739933,../../model_fits/finalized_redone_trunc_cp/t2_a1_proportion/meat/vegan_dishes_prop/plots/S8MT0YGD2KTN9.png,Animal,NA,TRUE,Animal_inner,Animal_innerdark,Animal_restwash,NA,1.0350874922046802
meat,Exposure: Vegan,Form: Proportion,NA,NA,1.2935841011592517,0.8068608091148973,0.9787682256468013,NA,Restaurant,SAFK7ND1HR6XS,-2.07096581092,1.6492580116,../../model_fits/finalized_redone_trunc_cp/t2_a1_proportion/meat/vegan_dishes_prop/plots/SAFK7ND1HR6XS.png,Animal,NA,TRUE,Animal_inner,Animal_innerdark,Animal_restwash,NA,1.2935841011592517
meat,Exposure: Vegan,Form: Proportion,-1.0310657030805823,NA,0.04836588131704801,1.43247354253265,1.0365939288864006,NA,Restaurant,SRQS8F7JWA9MZ,0.0150507799999998,0.711527396,../../model_fits/finalized_redone_trunc_cp/t2_a1_proportion/meat/vegan_dishes_prop/plots/SRQS8F7JWA9MZ.png,Animal,NA,TRUE,Animal_inner,Animal_innerdark,Animal_restwash,NA,0.04836588131704801
meat,Exposure: Vegan,Form: Proportion,NA,NA,-0.6740963554040306,0.4543690843915054,0.9241466156334607,NA,Restaurant,V3Q26BHF3SE2H,-1.3976378652,-0.1404892,../../model_fits/finalized_redone_trunc_cp/t2_a1_proportion/meat/vegan_dishes_prop/plots/V3Q26BHF3SE2H.png,Animal,NA,TRUE,Animal_inner,Animal_innerdark,Animal_restwash,NA,-0.6740963554040306
meat,Exposure: Vegan,Form: Proportion,NA,NA,NA,0.11572953501193063,0.806017406544215,NA,Restaurant,W8T41JZK0ZMEP,-2.8736654016,-1.4506991556,../../model_fits/finalized_redone_trunc_cp/t2_a1_proportion/meat/vegan_dishes_prop/plots/W8T41JZK0ZMEP.png,Animal,NA,NA,Animal_inner,Animal_innerdark,Animal_restwash,NA,NA
meat,Exposure: Vegetarian,Form: Count,NA,NA,-6.7510072893717945,0.9864788393279084,0.9986395858035019,NA,Restaurant,1SQPTEGYPH0GA,-0.0206264552,-0.00663124532,../../model_fits/finalized_redone_trunc_cp/t2_a1_proportion/meat/vegetarian_dishes_count/plots/1SQPTEGYPH0GA.png,Animal,NA,TRUE,Animal_inner,Animal_innerdark,Animal_restwash,NA,-6.7510072893717945
meat,Exposure: Vegetarian,Form: Count,NA,NA,-2.4963111557524758,0.9980032127375029,0.9998001416243466,NA,Restaurant,2HRX9P6HKXA8V,-0.04448999636,0.03726235288,../../model_fits/finalized_redone_trunc_cp/t2_a1_proportion/meat/vegetarian_dishes_count/plots/2HRX9P6HKXA8V.png,Animal,NA,TRUE,Animal_inner,Animal_innerdark,Animal_restwash,NA,-2.4963111557524758
meat,Exposure: Vegetarian,Form: Count,-7.107249684129096,NA,-3.646631577830424,1.0000489444489404,1.0000048943370972,NA,Restaurant,78AY09MVJVTYE,-0.011472618848,0.013835338576,../../model_fits/finalized_redone_trunc_cp/t2_a1_proportion/meat/vegetarian_dishes_count/plots/78AY09MVJVTYE.png,Animal,NA,TRUE,Animal_inner,Animal_innerdark,Animal_restwash,NA,-3.646631577830424
meat,Exposure: Vegetarian,Form: Count,NA,NA,-4.659369912064519,0.9965098687165016,0.9996504375112086,NA,Restaurant,9XKJD8DQTH559,-0.00959982872,0.0027777884,../../model_fits/finalized_redone_trunc_cp/t2_a1_proportion/meat/vegetarian_dishes_count/plots/9XKJD8DQTH559.png,Animal,NA,TRUE,Animal_inner,Animal_innerdark,Animal_restwash,NA,-4.659369912064519
meat,Exposure: Vegetarian,Form: Count,NA,NA,-4.219848715513523,0.9860437955228007,0.9985955363834422,NA,Restaurant,C0BE4NDSW26QN,-0.028208644244,0.00122369348,../../model_fits/finalized_redone_trunc_cp/t2_a1_proportion/meat/vegetarian_dishes_count/plots/C0BE4NDSW26QN.png,Animal,NA,TRUE,Animal_inner,Animal_innerdark,Animal_restwash,NA,-4.219848715513523
meat,Exposure: Vegetarian,Form: Count,NA,NA,-4.526183505715263,0.9952664656534317,0.9995256352465531,NA,Restaurant,CB2KHY1C2G9PT,-0.01150907148,0.00221993392,../../model_fits/finalized_redone_trunc_cp/t2_a1_proportion/meat/vegetarian_dishes_count/plots/CB2KHY1C2G9PT.png,Animal,NA,TRUE,Animal_inner,Animal_innerdark,Animal_restwash,NA,-4.526183505715263
meat,Exposure: Vegetarian,Form: Count,NA,NA,NA,0.9567383106686086,0.995587227767176,NA,Restaurant,ED5J990H5VAZT,-0.05994725356,-0.02881535848,../../model_fits/finalized_redone_trunc_cp/t2_a1_proportion/meat/vegetarian_dishes_count/plots/ED5J990H5VAZT.png,Animal,NA,NA,Animal_inner,Animal_innerdark,Animal_restwash,NA,NA
meat,Exposure: Vegetarian,Form: Count,NA,NA,-3.034806440685665,0.9495307341315938,0.9948346484954552,NA,Restaurant,EMBVNVD207CC6,-0.09650424604,1.07489959999991e-4,../../model_fits/finalized_redone_trunc_cp/t2_a1_proportion/meat/vegetarian_dishes_count/plots/EMBVNVD207CC6.png,Animal,NA,TRUE,Animal_inner,Animal_innerdark,Animal_restwash,NA,-3.034806440685665
meat,Exposure: Vegetarian,Form: Count,NA,NA,NA,0.9797201109310923,0.9979532625095912,NA,Restaurant,JHDN7CF1C03X5,-0.02980292706,-0.010748103092,../../model_fits/finalized_redone_trunc_cp/t2_a1_proportion/meat/vegetarian_dishes_count/plots/JHDN7CF1C03X5.png,Animal,NA,NA,Animal_inner,Animal_innerdark,Animal_restwash,NA,NA
meat,Exposure: Vegetarian,Form: Count,NA,NA,-3.679480731804435,0.9749463886461737,0.9974659366230724,NA,Restaurant,L69HYJ4Y3TR91,-0.05220111924,5.60799879999993e-4,../../model_fits/finalized_redone_trunc_cp/t2_a1_proportion/meat/vegetarian_dishes_count/plots/L69HYJ4Y3TR91.png,Animal,NA,TRUE,Animal_inner,Animal_innerdark,Animal_restwash,NA,-3.679480731804435
meat,Exposure: Vegetarian,Form: Count,-3.4957942751988886,NA,-2.4814174257165247,1.0300450792026536,1.0029646426367287,NA,Restaurant,LBZEEFSBJNB3Z,0.005755490632,0.057186169968,../../model_fits/finalized_redone_trunc_cp/t2_a1_proportion/meat/vegetarian_dishes_count/plots/LBZEEFSBJNB3Z.png,Animal,NA,TRUE,Animal_inner,Animal_innerdark,Animal_restwash,NA,-2.4814174257165247
meat,Exposure: Vegetarian,Form: Count,NA,NA,-2.1853895394270317,0.9958710272450569,0.9995863335335756,NA,Restaurant,LFZFT3VASXPED,-0.059486267608,0.054684189528,../../model_fits/finalized_redone_trunc_cp/t2_a1_proportion/meat/vegetarian_dishes_count/plots/LFZFT3VASXPED.png,Animal,NA,TRUE,Animal_inner,Animal_innerdark,Animal_restwash,NA,-2.1853895394270317
meat,Exposure: Vegetarian,Form: Count,NA,NA,-2.3140008603725053,0.9736924002986521,0.9973375669783157,NA,Restaurant,LQ5EH4BKGV61T,-0.08730444932,0.03223404808,../../model_fits/finalized_redone_trunc_cp/t2_a1_proportion/meat/vegetarian_dishes_count/plots/LQ5EH4BKGV61T.png,Animal,NA,TRUE,Animal_inner,Animal_innerdark,Animal_restwash,NA,-2.3140008603725053
meat,Exposure: Vegetarian,Form: Count,-4.327994415708474,NA,-3.0922759855964794,1.0130743151227868,1.0012998024118684,NA,Restaurant,S8MT0YGD2KTN9,-0.0028393126,0.02923357896,../../model_fits/finalized_redone_trunc_cp/t2_a1_proportion/meat/vegetarian_dishes_count/plots/S8MT0YGD2KTN9.png,Animal,NA,TRUE,Animal_inner,Animal_innerdark,Animal_restwash,NA,-3.0922759855964794
meat,Exposure: Vegetarian,Form: Count,NA,NA,-2.2901042504987474,0.9723724615748124,0.9972022852187811,NA,Restaurant,SAFK7ND1HR6XS,-0.08799321572,0.03833411236,../../model_fits/finalized_redone_trunc_cp/t2_a1_proportion/meat/vegetarian_dishes_count/plots/SAFK7ND1HR6XS.png,Animal,NA,TRUE,Animal_inner,Animal_innerdark,Animal_restwash,NA,-2.2901042504987474
meat,Exposure: Vegetarian,Form: Count,NA,NA,-4.6514680965282436,0.9803644276433079,0.998018873876098,NA,Restaurant,SRQS8F7JWA9MZ,-0.035204813032,-0.00453564756,../../model_fits/finalized_redone_trunc_cp/t2_a1_proportion/meat/vegetarian_dishes_count/plots/SRQS8F7JWA9MZ.png,Animal,NA,TRUE,Animal_inner,Animal_innerdark,Animal_restwash,NA,-4.6514680965282436
meat,Exposure: Vegetarian,Form: Count,NA,NA,-3.5721806291126765,0.977208116753214,0.9976970924197732,NA,Restaurant,V3Q26BHF3SE2H,-0.04965610092,0.00276306288,../../model_fits/finalized_redone_trunc_cp/t2_a1_proportion/meat/vegetarian_dishes_count/plots/V3Q26BHF3SE2H.png,Animal,NA,TRUE,Animal_inner,Animal_innerdark,Animal_restwash,NA,-3.5721806291126765
meat,Exposure: Vegetarian,Form: Count,NA,NA,NA,0.973989969984316,0.9973680423748585,NA,Restaurant,W8T41JZK0ZMEP,-0.034637354688,-0.018565663288,../../model_fits/finalized_redone_trunc_cp/t2_a1_proportion/meat/vegetarian_dishes_count/plots/W8T41JZK0ZMEP.png,Animal,NA,NA,Animal_inner,Animal_innerdark,Animal_restwash,NA,NA
meat,Exposure: Vegetarian,Form: Proportion,NA,NA,-3.2381139465276605,0.2941121005293923,0.8848125812500537,NA,Restaurant,1SQPTEGYPH0GA,-1.888471066,-0.562801468,../../model_fits/finalized_redone_trunc_cp/t2_a1_proportion/meat/vegetarian_dishes_prop/plots/1SQPTEGYPH0GA.png,Animal,NA,TRUE,Animal_inner,Animal_innerdark,Animal_restwash,NA,-3.2381139465276605
meat,Exposure: Vegetarian,Form: Proportion,NA,NA,0.2991063052533705,0.4427520155439109,0.9217561728586406,NA,Restaurant,2HRX9P6HKXA8V,-1.8702861292,0.24222963752,../../model_fits/finalized_redone_trunc_cp/t2_a1_proportion/meat/vegetarian_dishes_prop/plots/2HRX9P6HKXA8V.png,Animal,NA,TRUE,Animal_inner,Animal_innerdark,Animal_restwash,NA,0.24222963752
meat,Exposure: Vegetarian,Form: Proportion,-2.729892660430555,NA,-0.19785983077964042,1.0667668674926425,1.0064841773427768,NA,Restaurant,78AY09MVJVTYE,-0.31837845712,0.449031042,../../model_fits/finalized_redone_trunc_cp/t2_a1_proportion/meat/vegetarian_dishes_prop/plots/78AY09MVJVTYE.png,Animal,NA,TRUE,Animal_inner,Animal_innerdark,Animal_restwash,NA,-0.19785983077964042
meat,Exposure: Vegetarian,Form: Proportion,NA,NA,-0.16404566082975647,0.6916411930423682,0.9638025813257737,NA,Restaurant,9XKJD8DQTH559,-0.9544608824,0.226684388,../../model_fits/finalized_redone_trunc_cp/t2_a1_proportion/meat/vegetarian_dishes_prop/plots/9XKJD8DQTH559.png,Animal,NA,TRUE,Animal_inner,Animal_innerdark,Animal_restwash,NA,-0.16404566082975647
meat,Exposure: Vegetarian,Form: Proportion,NA,NA,-1.2967313949544215,0.3534445679977621,0.901222718568706,NA,Restaurant,C0BE4NDSW26QN,-1.68310119784,-0.40198142784,../../model_fits/finalized_redone_trunc_cp/t2_a1_proportion/meat/vegetarian_dishes_prop/plots/C0BE4NDSW26QN.png,Animal,NA,TRUE,Animal_inner,Animal_innerdark,Animal_restwash,NA,-1.2967313949544215
meat,Exposure: Vegetarian,Form: Proportion,NA,NA,-0.44077695166604286,0.816282646891167,0.9799051866639795,NA,Restaurant,CB2KHY1C2G9PT,-0.66481636944,0.2117169828,../../model_fits/finalized_redone_trunc_cp/t2_a1_proportion/meat/vegetarian_dishes_prop/plots/CB2KHY1C2G9PT.png,Animal,NA,TRUE,Animal_inner,Animal_innerdark,Animal_restwash,NA,-0.44077695166604286
meat,Exposure: Vegetarian,Form: Proportion,NA,NA,NA,0.08322355984719984,0.7798743359766394,NA,Restaurant,ED5J990H5VAZT,-3.200438468,-1.7717657716,../../model_fits/finalized_redone_trunc_cp/t2_a1_proportion/meat/vegetarian_dishes_prop/plots/ED5J990H5VAZT.png,Animal,NA,NA,Animal_inner,Animal_innerdark,Animal_restwash,NA,NA
meat,Exposure: Vegetarian,Form: Proportion,NA,NA,NA,0.14879459963757144,0.8265301816210181,NA,Restaurant,EMBVNVD207CC6,-2.5118895312,-1.28000159632,../../model_fits/finalized_redone_trunc_cp/t2_a1_proportion/meat/vegetarian_dishes_prop/plots/EMBVNVD207CC6.png,Animal,NA,NA,Animal_inner,Animal_innerdark,Animal_restwash,NA,NA
meat,Exposure: Vegetarian,Form: Proportion,NA,NA,NA,0.23120925793827385,0.8637747847119306,NA,Restaurant,JHDN7CF1C03X5,-2.0919169468,-0.8751836256,../../model_fits/finalized_redone_trunc_cp/t2_a1_proportion/meat/vegetarian_dishes_prop/plots/JHDN7CF1C03X5.png,Animal,NA,NA,Animal_inner,Animal_innerdark,Animal_restwash,NA,NA
meat,Exposure: Vegetarian,Form: Proportion,NA,NA,0.19421539179573455,0.2497438990450242,0.8704613426270524,NA,Restaurant,L69HYJ4Y3TR91,-2.6598475472,-0.109018572,../../model_fits/finalized_redone_trunc_cp/t2_a1_proportion/meat/vegetarian_dishes_prop/plots/L69HYJ4Y3TR91.png,Animal,NA,TRUE,Animal_inner,Animal_innerdark,Animal_restwash,NA,-0.109018572
meat,Exposure: Vegetarian,Form: Proportion,NA,NA,0.3014959490646528,0.9878347226451922,0.9987767607677867,NA,Restaurant,LBZEEFSBJNB3Z,-0.68692460312,0.656869922,../../model_fits/finalized_redone_trunc_cp/t2_a1_proportion/meat/vegetarian_dishes_prop/plots/LBZEEFSBJNB3Z.png,Animal,NA,TRUE,Animal_inner,Animal_innerdark,Animal_restwash,NA,0.3014959490646528
meat,Exposure: Vegetarian,Form: Proportion,NA,NA,0.7046162436937973,0.29669151425964674,0.8855855314844671,NA,Restaurant,LFZFT3VASXPED,-2.7579881688,0.345916944,../../model_fits/finalized_redone_trunc_cp/t2_a1_proportion/meat/vegetarian_dishes_prop/plots/LFZFT3VASXPED.png,Animal,NA,TRUE,Animal_inner,Animal_innerdark,Animal_restwash,NA,0.345916944
meat,Exposure: Vegetarian,Form: Proportion,NA,NA,0.7524313625764647,0.6480247622572632,0.957544927841944,NA,Restaurant,LQ5EH4BKGV61T,-1.6944977152,0.8623083672,../../model_fits/finalized_redone_trunc_cp/t2_a1_proportion/meat/vegetarian_dishes_prop/plots/LQ5EH4BKGV61T.png,Animal,NA,TRUE,Animal_inner,Animal_innerdark,Animal_restwash,NA,0.7524313625764647
meat,Exposure: Vegetarian,Form: Proportion,-2.3989878721504496,NA,0.14157421248209498,1.0822746243464696,1.0079378348786243,NA,Restaurant,S8MT0YGD2KTN9,-0.4164613988,0.6291537176,../../model_fits/finalized_redone_trunc_cp/t2_a1_proportion/meat/vegetarian_dishes_prop/plots/S8MT0YGD2KTN9.png,Animal,NA,TRUE,Animal_inner,Animal_innerdark,Animal_restwash,NA,0.14157421248209498
meat,Exposure: Vegetarian,Form: Proportion,NA,NA,0.4862075532160423,0.35899825723652523,0.9026288990873745,NA,Restaurant,SAFK7ND1HR6XS,-2.40660507936,0.3038199828,../../model_fits/finalized_redone_trunc_cp/t2_a1_proportion/meat/vegetarian_dishes_prop/plots/SAFK7ND1HR6XS.png,Animal,NA,TRUE,Animal_inner,Animal_innerdark,Animal_restwash,NA,0.3038199828
meat,Exposure: Vegetarian,Form: Proportion,NA,NA,-1.5992674845169395,0.7193706006799485,0.9675986828517824,NA,Restaurant,SRQS8F7JWA9MZ,-0.5912934816,-0.0596003992000001,../../model_fits/finalized_redone_trunc_cp/t2_a1_proportion/meat/vegetarian_dishes_prop/plots/SRQS8F7JWA9MZ.png,Animal,NA,TRUE,Animal_inner,Animal_innerdark,Animal_restwash,NA,-1.5992674845169395
meat,Exposure: Vegetarian,Form: Proportion,NA,NA,NA,0.06796578820792362,0.764238717239815,NA,Restaurant,V3Q26BHF3SE2H,-3.2569240352,-2.1541037596,../../model_fits/finalized_redone_trunc_cp/t2_a1_proportion/meat/vegetarian_dishes_prop/plots/V3Q26BHF3SE2H.png,Animal,NA,NA,Animal_inner,Animal_innerdark,Animal_restwash,NA,NA
meat,Exposure: Vegetarian,Form: Proportion,NA,NA,NA,0.020848286841258716,0.6790582616659475,NA,Restaurant,W8T41JZK0ZMEP,-4.681308484,-2.99218824,../../model_fits/finalized_redone_trunc_cp/t2_a1_proportion/meat/vegetarian_dishes_prop/plots/W8T41JZK0ZMEP.png,Animal,NA,NA,Animal_inner,Animal_innerdark,Animal_restwash,NA,NA
chicken_fish,Exposure: Alt-Protein-Modifiable,Form: Count,-1.877391915890802,-2.904752669444104,-1.365666826085046,1.1649647103339218,1.0153862474838957,NA,Restaurant,1SQPTEGYPH0GA,0.10198542864,0.20399241592,../../model_fits/finalized_redone_trunc_cp/t2_a1_proportion/chicken_fish/mpbamod_dishes_count/plots/1SQPTEGYPH0GA.png,Animal,FALSE,TRUE,Animal_inner,Animal_innerdark,Animal_restwash,0.10198542864,-1.365666826085046
chicken_fish,Exposure: Alt-Protein-Modifiable,Form: Count,-2.473875438122917,NA,-1.2626225801641457,1.0943591080853745,1.0090576648661604,NA,Restaurant,2HRX9P6HKXA8V,-0.02043263384,0.18476992832,../../model_fits/finalized_redone_trunc_cp/t2_a1_proportion/chicken_fish/mpbamod_dishes_count/plots/2HRX9P6HKXA8V.png,Animal,NA,TRUE,Animal_inner,Animal_innerdark,Animal_restwash,NA,-1.2626225801641457
chicken_fish,Exposure: Alt-Protein-Modifiable,Form: Count,-1.6443288330632566,-2.5070756590617878,-1.1538304825116013,1.2118279025872927,1.019398745502866,NA,Restaurant,78AY09MVJVTYE,0.13277148528,0.2527154592,../../model_fits/finalized_redone_trunc_cp/t2_a1_proportion/chicken_fish/mpbamod_dishes_count/plots/78AY09MVJVTYE.png,Animal,FALSE,TRUE,Animal_inner,Animal_innerdark,Animal_restwash,0.13277148528,-1.1538304825116013
chicken_fish,Exposure: Alt-Protein-Modifiable,Form: Count,NA,NA,-4.552670474988794,0.9800555977782078,0.9979874302897895,NA,Restaurant,9XKJD8DQTH559,-0.0343271762,-0.00524906096,../../model_fits/finalized_redone_trunc_cp/t2_a1_proportion/chicken_fish/mpbamod_dishes_count/plots/9XKJD8DQTH559.png,Animal,NA,TRUE,Animal_inner,Animal_innerdark,Animal_restwash,NA,-4.552670474988794
chicken_fish,Exposure: Alt-Protein-Modifiable,Form: Count,-4.17531502249947,NA,-1.732919186115145,1.018909279166486,1.001875027770292,NA,Restaurant,C0BE4NDSW26QN,-0.06904342552,0.09652331184,../../model_fits/finalized_redone_trunc_cp/t2_a1_proportion/chicken_fish/mpbamod_dishes_count/plots/C0BE4NDSW26QN.png,Animal,NA,TRUE,Animal_inner,Animal_innerdark,Animal_restwash,NA,-1.732919186115145
chicken_fish,Exposure: Alt-Protein-Modifiable,Form: Count,-1.680886933891927,-2.73418757945795,-1.1395976120726758,1.2020409599140238,1.018572453080736,NA,Restaurant,CB2KHY1C2G9PT,0.120469425,0.2511825668,../../model_fits/finalized_redone_trunc_cp/t2_a1_proportion/chicken_fish/mpbamod_dishes_count/plots/CB2KHY1C2G9PT.png,Animal,FALSE,TRUE,Animal_inner,Animal_innerdark,Animal_restwash,0.120469425,-1.1395976120726758
chicken_fish,Exposure: Alt-Protein-Modifiable,Form: Count,NA,NA,-3.55798185638414,0.9935571482506608,0.9993538392018613,NA,Restaurant,ED5J990H5VAZT,-0.026107872816,0.01164781066,../../model_fits/finalized_redone_trunc_cp/t2_a1_proportion/chicken_fish/mpbamod_dishes_count/plots/ED5J990H5VAZT.png,Animal,NA,TRUE,Animal_inner,Animal_innerdark,Animal_restwash,NA,-3.55798185638414
chicken_fish,Exposure: Alt-Protein-Modifiable,Form: Count,NA,NA,NA,0.8390256603809237,0.9826017297681937,NA,Restaurant,EMBVNVD207CC6,-0.26851139804,-0.09004601732,../../model_fits/finalized_redone_trunc_cp/t2_a1_proportion/chicken_fish/mpbamod_dishes_count/plots/EMBVNVD207CC6.png,Animal,NA,NA,Animal_inner,Animal_innerdark,Animal_restwash,NA,NA
chicken_fish,Exposure: Alt-Protein-Modifiable,Form: Count,-3.8289785015024447,NA,-2.6343149181759915,1.021293553215335,1.0021092226121027,NA,Restaurant,JHDN7CF1C03X5,-0.00278737144,0.04592312016,../../model_fits/finalized_redone_trunc_cp/t2_a1_proportion/chicken_fish/mpbamod_dishes_count/plots/JHDN7CF1C03X5.png,Animal,NA,TRUE,Animal_inner,Animal_innerdark,Animal_restwash,NA,-2.6343149181759915
chicken_fish,Exposure: Alt-Protein-Modifiable,Form: Count,NA,NA,-1.8183306389729141,0.9637400212922165,0.9963134412848833,NA,Restaurant,L69HYJ4Y3TR91,-0.14962077052,0.058651385468,../../model_fits/finalized_redone_trunc_cp/t2_a1_proportion/chicken_fish/mpbamod_dishes_count/plots/L69HYJ4Y3TR91.png,Animal,NA,TRUE,Animal_inner,Animal_innerdark,Animal_restwash,NA,-1.8183306389729141
chicken_fish,Exposure: Alt-Protein-Modifiable,Form: Count,-2.5229898865964078,NA,-1.5505292585429802,1.0816684276344743,1.007881364677097,NA,Restaurant,LBZEEFSBJNB3Z,0.019664041188,0.139927862544,../../model_fits/finalized_redone_trunc_cp/t2_a1_proportion/chicken_fish/mpbamod_dishes_count/plots/LBZEEFSBJNB3Z.png,Animal,NA,TRUE,Animal_inner,Animal_innerdark,Animal_restwash,NA,-1.5505292585429802
chicken_fish,Exposure: Alt-Protein-Modifiable,Form: Count,NA,NA,-1.219288559683879,0.9866972837360719,0.9986616973268162,NA,Restaurant,LFZFT3VASXPED,-0.12999473324,0.12919226336,../../model_fits/finalized_redone_trunc_cp/t2_a1_proportion/chicken_fish/mpbamod_dishes_count/plots/LFZFT3VASXPED.png,Animal,NA,TRUE,Animal_inner,Animal_innerdark,Animal_restwash,NA,-1.219288559683879
chicken_fish,Exposure: Alt-Protein-Modifiable,Form: Count,NA,NA,-1.6043898544706365,0.9637017020160646,0.9963094797711802,NA,Restaurant,LQ5EH4BKGV61T,-0.13491324368,0.06755705164,../../model_fits/finalized_redone_trunc_cp/t2_a1_proportion/chicken_fish/mpbamod_dishes_count/plots/LQ5EH4BKGV61T.png,Animal,NA,TRUE,Animal_inner,Animal_innerdark,Animal_restwash,NA,-1.6043898544706365
chicken_fish,Exposure: Alt-Protein-Modifiable,Form: Count,-5.716461381305422,NA,-1.8048307023398467,1.0047049652536029,1.0004695033322035,NA,Restaurant,S8MT0YGD2KTN9,-0.07477430352,0.08352226104,../../model_fits/finalized_redone_trunc_cp/t2_a1_proportion/chicken_fish/mpbamod_dishes_count/plots/S8MT0YGD2KTN9.png,Animal,NA,TRUE,Animal_inner,Animal_innerdark,Animal_restwash,NA,-1.8048307023398467
chicken_fish,Exposure: Alt-Protein-Modifiable,Form: Count,NA,NA,-1.5096316534540852,0.9707051333313957,0.9970311627392469,NA,Restaurant,SAFK7ND1HR6XS,-0.134758628544,0.08883856448,../../model_fits/finalized_redone_trunc_cp/t2_a1_proportion/chicken_fish/mpbamod_dishes_count/plots/SAFK7ND1HR6XS.png,Animal,NA,TRUE,Animal_inner,Animal_innerdark,Animal_restwash,NA,-1.5096316534540852
chicken_fish,Exposure: Alt-Protein-Modifiable,Form: Count,-3.6877777497945594,NA,-2.2637539198843286,1.025539604928383,1.0025250744339658,NA,Restaurant,V3Q26BHF3SE2H,-0.0160960892,0.06597084256,../../model_fits/finalized_redone_trunc_cp/t2_a1_proportion/chicken_fish/mpbamod_dishes_count/plots/V3Q26BHF3SE2H.png,Animal,NA,TRUE,Animal_inner,Animal_innerdark,Animal_restwash,NA,-2.2637539198843286
chicken_fish,Exposure: Alt-Protein-Modifiable,Form: Count,NA,NA,-4.475204366941475,0.9762329107256463,0.9975974823763281,NA,Restaurant,W8T41JZK0ZMEP,-0.04166304982,-0.005598591456,../../model_fits/finalized_redone_trunc_cp/t2_a1_proportion/chicken_fish/mpbamod_dishes_count/plots/W8T41JZK0ZMEP.png,Animal,NA,TRUE,Animal_inner,Animal_innerdark,Animal_restwash,NA,-4.475204366941475
chicken_fish,Exposure: Alt-Protein-Modifiable,Form: Proportion,1.616507093037691,0.6842279927222927,2.1044580783255356,150.63773524270684,1.6511760391068604,NA,Restaurant,1SQPTEGYPH0GA,3.463992352,6.597965412,../../model_fits/finalized_redone_trunc_cp/t2_a1_proportion/chicken_fish/mpbamod_dishes_prop/plots/1SQPTEGYPH0GA.png,Animal,TRUE,TRUE,Animal_inner,Animal_innerdark,Animal_restwash,3.463992352,2.1044580783255356
chicken_fish,Exposure: Alt-Protein-Modifiable,Form: Proportion,0.48906563480260207,NA,1.8565606933561738,5.279215620716225,1.1810191509970929,NA,Restaurant,2HRX9P6HKXA8V,-0.7834318,4.086952766,../../model_fits/finalized_redone_trunc_cp/t2_a1_proportion/chicken_fish/mpbamod_dishes_prop/plots/2HRX9P6HKXA8V.png,Animal,NA,TRUE,Animal_inner,Animal_innerdark,Animal_restwash,NA,1.8565606933561738
chicken_fish,Exposure: Alt-Protein-Modifiable,Form: Proportion,1.5642146764691363,0.523587052846895,2.058987944473713,117.65552201193914,1.6108727373240077,NA,Restaurant,78AY09MVJVTYE,3.2042178688,6.330895476,../../model_fits/finalized_redone_trunc_cp/t2_a1_proportion/chicken_fish/mpbamod_dishes_prop/plots/78AY09MVJVTYE.png,Animal,TRUE,TRUE,Animal_inner,Animal_innerdark,Animal_restwash,3.2042178688,2.058987944473713
chicken_fish,Exposure: Alt-Protein-Modifiable,Form: Proportion,-0.5963839945557184,NA,0.7121597707118901,1.7231287946770766,1.0559218432804345,NA,Restaurant,9XKJD8DQTH559,-0.1939069872,1.3026338556,../../model_fits/finalized_redone_trunc_cp/t2_a1_proportion/chicken_fish/mpbamod_dishes_prop/plots/9XKJD8DQTH559.png,Animal,NA,TRUE,Animal_inner,Animal_innerdark,Animal_restwash,NA,0.7121597707118901
chicken_fish,Exposure: Alt-Protein-Modifiable,Form: Proportion,0.2440651416329591,NA,1.7665531345175682,3.6034385774881565,1.1367676666839301,NA,Restaurant,C0BE4NDSW26QN,-1.037305608,3.54701584,../../model_fits/finalized_redone_trunc_cp/t2_a1_proportion/chicken_fish/mpbamod_dishes_prop/plots/C0BE4NDSW26QN.png,Animal,NA,TRUE,Animal_inner,Animal_innerdark,Animal_restwash,NA,1.7665531345175682
chicken_fish,Exposure: Alt-Protein-Modifiable,Form: Proportion,NA,NA,NA,0.01617597600622205,0.6620442979179131,NA,Restaurant,CB2KHY1C2G9PT,-5.197675392,-3.09659982,../../model_fits/finalized_redone_trunc_cp/t2_a1_proportion/chicken_fish/mpbamod_dishes_prop/plots/CB2KHY1C2G9PT.png,Animal,NA,NA,Animal_inner,Animal_innerdark,Animal_restwash,NA,NA
chicken_fish,Exposure: Alt-Protein-Modifiable,Form: Proportion,NA,NA,-2.076607017741183,0.505227672332979,0.9340039501309301,NA,Restaurant,ED5J990H5VAZT,-1.0948884964,-0.26408711278,../../model_fits/finalized_redone_trunc_cp/t2_a1_proportion/chicken_fish/mpbamod_dishes_prop/plots/ED5J990H5VAZT.png,Animal,NA,TRUE,Animal_inner,Animal_innerdark,Animal_restwash,NA,-2.076607017741183
chicken_fish,Exposure: Alt-Protein-Modifiable,Form: Proportion,NA,NA,NA,0.03396373979752898,0.7130197350919889,NA,Restaurant,EMBVNVD207CC6,-4.44196737784,-2.4075556172,../../model_fits/finalized_redone_trunc_cp/t2_a1_proportion/chicken_fish/mpbamod_dishes_prop/plots/EMBVNVD207CC6.png,Animal,NA,NA,Animal_inner,Animal_innerdark,Animal_restwash,NA,NA
chicken_fish,Exposure: Alt-Protein-Modifiable,Form: Proportion,1.3938619372189256,0.7725266846703001,1.7887451829115468,55.4679762657128,1.4941845178379096,NA,Restaurant,JHDN7CF1C03X5,3.08398576,4.971351224,../../model_fits/finalized_redone_trunc_cp/t2_a1_proportion/chicken_fish/mpbamod_dishes_prop/plots/JHDN7CF1C03X5.png,Animal,TRUE,TRUE,Animal_inner,Animal_innerdark,Animal_restwash,3.08398576,1.7887451829115468
chicken_fish,Exposure: Alt-Protein-Modifiable,Form: Proportion,NA,NA,1.4044863079836483,0.1107363570004423,0.8024704023218897,NA,Restaurant,L69HYJ4Y3TR91,-5.450913112,0.9937883168,../../model_fits/finalized_redone_trunc_cp/t2_a1_proportion/chicken_fish/mpbamod_dishes_prop/plots/L69HYJ4Y3TR91.png,Animal,NA,TRUE,Animal_inner,Animal_innerdark,Animal_restwash,NA,0.9937883168
chicken_fish,Exposure: Alt-Protein-Modifiable,Form: Proportion,0.6778987059192111,NA,1.7544512160701278,7.315996594193415,1.2201896854054985,NA,Restaurant,LBZEEFSBJNB3Z,-0.0110911359999998,3.9481088744,../../model_fits/finalized_redone_trunc_cp/t2_a1_proportion/chicken_fish/mpbamod_dishes_prop/plots/LBZEEFSBJNB3Z.png,Animal,NA,TRUE,Animal_inner,Animal_innerdark,Animal_restwash,NA,1.7544512160701278
chicken_fish,Exposure: Alt-Protein-Modifiable,Form: Proportion,NA,NA,1.9602200521621593,0.4024354470442719,0.9129975722332128,NA,Restaurant,LFZFT3VASXPED,-4.789611202,3.0792576776,../../model_fits/finalized_redone_trunc_cp/t2_a1_proportion/chicken_fish/mpbamod_dishes_prop/plots/LFZFT3VASXPED.png,Animal,NA,TRUE,Animal_inner,Animal_innerdark,Animal_restwash,NA,1.9602200521621593
chicken_fish,Exposure: Alt-Protein-Modifiable,Form: Proportion,NA,NA,0.9660053615460285,0.07331718537332528,0.7700529313377134,NA,Restaurant,LQ5EH4BKGV61T,-5.3463417928,0.0576352235999994,../../model_fits/finalized_redone_trunc_cp/t2_a1_proportion/chicken_fish/mpbamod_dishes_prop/plots/LQ5EH4BKGV61T.png,Animal,NA,TRUE,Animal_inner,Animal_innerdark,Animal_restwash,NA,0.0576352235999994
chicken_fish,Exposure: Alt-Protein-Modifiable,Form: Proportion,NA,NA,0.1043624702761843,0.03680463465593067,0.718770511168388,NA,Restaurant,S8MT0YGD2KTN9,-5.3733735156,-1.016002028,../../model_fits/finalized_redone_trunc_cp/t2_a1_proportion/chicken_fish/mpbamod_dishes_prop/plots/S8MT0YGD2KTN9.png,Animal,NA,TRUE,Animal_inner,Animal_innerdark,Animal_restwash,NA,-1.016002028
chicken_fish,Exposure: Alt-Protein-Modifiable,Form: Proportion,NA,NA,1.3937466632332798,0.6091230372918357,0.9516352103779507,NA,Restaurant,SAFK7ND1HR6XS,-2.7652212756,1.8207317444,../../model_fits/finalized_redone_trunc_cp/t2_a1_proportion/chicken_fish/mpbamod_dishes_prop/plots/SAFK7ND1HR6XS.png,Animal,NA,TRUE,Animal_inner,Animal_innerdark,Animal_restwash,NA,1.3937466632332798
chicken_fish,Exposure: Alt-Protein-Modifiable,Form: Proportion,NA,NA,0.26277752908113666,0.983087887898475,0.9982957783377464,NA,Restaurant,V3Q26BHF3SE2H,-0.6651067952,0.6719674364,../../model_fits/finalized_redone_trunc_cp/t2_a1_proportion/chicken_fish/mpbamod_dishes_prop/plots/V3Q26BHF3SE2H.png,Animal,NA,TRUE,Animal_inner,Animal_innerdark,Animal_restwash,NA,0.26277752908113666
chicken_fish,Exposure: Alt-Protein-Modifiable,Form: Proportion,NA,NA,0.34943607233947155,0.7441101481637261,0.9708759044601205,NA,Restaurant,W8T41JZK0ZMEP,-1.180357884,0.5810156472,../../model_fits/finalized_redone_trunc_cp/t2_a1_proportion/chicken_fish/mpbamod_dishes_prop/plots/W8T41JZK0ZMEP.png,Animal,NA,TRUE,Animal_inner,Animal_innerdark,Animal_restwash,NA,0.34943607233947155
chicken_fish,Exposure: Vegan,Form: Count,-5.238913365150401,NA,-2.862749194976146,1.004853887128814,1.000484331750765,NA,Restaurant,1SQPTEGYPH0GA,-0.020159916,0.0300394504,../../model_fits/finalized_redone_trunc_cp/t2_a1_proportion/chicken_fish/vegan_dishes_count/plots/1SQPTEGYPH0GA.png,Animal,NA,TRUE,Animal_inner,Animal_innerdark,Animal_restwash,NA,-2.862749194976146
chicken_fish,Exposure: Vegan,Form: Count,NA,NA,-3.3653854417805977,0.8890172202463377,0.9883050564225748,NA,Restaurant,2HRX9P6HKXA8V,-0.20319828336,-0.043180901368,../../model_fits/finalized_redone_trunc_cp/t2_a1_proportion/chicken_fish/vegan_dishes_count/plots/2HRX9P6HKXA8V.png,Animal,NA,TRUE,Animal_inner,Animal_innerdark,Animal_restwash,NA,-3.3653854417805977
chicken_fish,Exposure: Vegan,Form: Count,NA,NA,NA,0.9548970479560216,0.9953954588041268,NA,Restaurant,78AY09MVJVTYE,-0.06672806208,-0.026566893564,../../model_fits/finalized_redone_trunc_cp/t2_a1_proportion/chicken_fish/vegan_dishes_count/plots/78AY09MVJVTYE.png,Animal,NA,NA,Animal_inner,Animal_innerdark,Animal_restwash,NA,NA
chicken_fish,Exposure: Vegan,Form: Count,NA,NA,-3.914612614322781,0.9977258493078391,0.9997723518657697,NA,Restaurant,9XKJD8DQTH559,-0.01396585556,0.00858978883999999,../../model_fits/finalized_redone_trunc_cp/t2_a1_proportion/chicken_fish/vegan_dishes_count/plots/9XKJD8DQTH559.png,Animal,NA,TRUE,Animal_inner,Animal_innerdark,Animal_restwash,NA,-3.914612614322781
chicken_fish,Exposure: Vegan,Form: Count,NA,NA,-2.9562675339275915,0.9971080577446203,0.9997104287338545,NA,Restaurant,C0BE4NDSW26QN,-0.03193721972,0.02555022804,../../model_fits/finalized_redone_trunc_cp/t2_a1_proportion/chicken_fish/vegan_dishes_count/plots/C0BE4NDSW26QN.png,Animal,NA,TRUE,Animal_inner,Animal_innerdark,Animal_restwash,NA,-2.9562675339275915
chicken_fish,Exposure: Vegan,Form: Count,-4.828315167725199,NA,-3.236503777646524,1.0075285924107211,1.0007503207498876,NA,Restaurant,CB2KHY1C2G9PT,-0.00741169248,0.02426273812,../../model_fits/finalized_redone_trunc_cp/t2_a1_proportion/chicken_fish/vegan_dishes_count/plots/CB2KHY1C2G9PT.png,Animal,NA,TRUE,Animal_inner,Animal_innerdark,Animal_restwash,NA,-3.236503777646524
chicken_fish,Exposure: Vegan,Form: Count,-2.793285416773387,NA,-1.5497244644340036,1.0619131395777563,1.0060252924883293,NA,Restaurant,ED5J990H5VAZT,-0.0135952064,0.1372763796,../../model_fits/finalized_redone_trunc_cp/t2_a1_proportion/chicken_fish/vegan_dishes_count/plots/ED5J990H5VAZT.png,Animal,NA,TRUE,Animal_inner,Animal_innerdark,Animal_restwash,NA,-1.5497244644340036
chicken_fish,Exposure: Vegan,Form: Count,NA,NA,-2.718642009661967,0.8671265367867708,0.9858441137732643,NA,Restaurant,EMBVNVD207CC6,-0.24410721776,-0.040372228,../../model_fits/finalized_redone_trunc_cp/t2_a1_proportion/chicken_fish/vegan_dishes_count/plots/EMBVNVD207CC6.png,Animal,NA,TRUE,Animal_inner,Animal_innerdark,Animal_restwash,NA,-2.718642009661967
chicken_fish,Exposure: Vegan,Form: Count,NA,NA,NA,0.9334185076073416,0.9931335209906159,NA,Restaurant,JHDN7CF1C03X5,-0.08234664276,-0.05552190924,../../model_fits/finalized_redone_trunc_cp/t2_a1_proportion/chicken_fish/vegan_dishes_count/plots/JHDN7CF1C03X5.png,Animal,NA,NA,Animal_inner,Animal_innerdark,Animal_restwash,NA,NA
chicken_fish,Exposure: Vegan,Form: Count,-3.0894966153066026,NA,-1.628151122842908,1.0467997679518357,1.0045842426372373,NA,Restaurant,L69HYJ4Y3TR91,-0.02781816736,0.1213575888,../../model_fits/finalized_redone_trunc_cp/t2_a1_proportion/chicken_fish/vegan_dishes_count/plots/L69HYJ4Y3TR91.png,Animal,NA,TRUE,Animal_inner,Animal_innerdark,Animal_restwash,NA,-1.628151122842908
chicken_fish,Exposure: Vegan,Form: Count,-2.5162103231526425,NA,-1.7601532229264683,1.0852161415990218,1.0082114481090583,NA,Restaurant,LBZEEFSBJNB3Z,0.0332424404,0.1274661684,../../model_fits/finalized_redone_trunc_cp/t2_a1_proportion/chicken_fish/vegan_dishes_count/plots/LBZEEFSBJNB3Z.png,Animal,NA,TRUE,Animal_inner,Animal_innerdark,Animal_restwash,NA,-1.7601532229264683
chicken_fish,Exposure: Vegan,Form: Count,NA,NA,-1.454773356056873,0.9950411259148232,0.9995030025341763,NA,Restaurant,LFZFT3VASXPED,-0.12638936748,0.11782921712,../../model_fits/finalized_redone_trunc_cp/t2_a1_proportion/chicken_fish/vegan_dishes_count/plots/LFZFT3VASXPED.png,Animal,NA,TRUE,Animal_inner,Animal_innerdark,Animal_restwash,NA,-1.454773356056873
chicken_fish,Exposure: Vegan,Form: Count,NA,NA,-1.9513560250811959,0.8778663525374955,0.9870583808505626,NA,Restaurant,LQ5EH4BKGV61T,-0.2435922907008,-0.00224243720000011,../../model_fits/finalized_redone_trunc_cp/t2_a1_proportion/chicken_fish/vegan_dishes_count/plots/LQ5EH4BKGV61T.png,Animal,NA,TRUE,Animal_inner,Animal_innerdark,Animal_restwash,NA,-1.9513560250811959
chicken_fish,Exposure: Vegan,Form: Count,NA,NA,-1.8676424665303069,0.9938749808783317,0.9993858032960639,NA,Restaurant,S8MT0YGD2KTN9,-0.09229290616,0.073588012416,../../model_fits/finalized_redone_trunc_cp/t2_a1_proportion/chicken_fish/vegan_dishes_count/plots/S8MT0YGD2KTN9.png,Animal,NA,TRUE,Animal_inner,Animal_innerdark,Animal_restwash,NA,-1.8676424665303069
chicken_fish,Exposure: Vegan,Form: Count,NA,NA,-1.5015698794771537,0.9237795768420854,0.992103166219065,NA,Restaurant,SAFK7ND1HR6XS,-0.237028326312,0.0676252374399999,../../model_fits/finalized_redone_trunc_cp/t2_a1_proportion/chicken_fish/vegan_dishes_count/plots/SAFK7ND1HR6XS.png,Animal,NA,TRUE,Animal_inner,Animal_innerdark,Animal_restwash,NA,-1.5015698794771537
chicken_fish,Exposure: Vegan,Form: Count,NA,NA,-3.2539722237102313,0.9421619652996126,0.994059904395536,NA,Restaurant,V3Q26BHF3SE2H,-0.11277754432,-0.009474406,../../model_fits/finalized_redone_trunc_cp/t2_a1_proportion/chicken_fish/vegan_dishes_count/plots/V3Q26BHF3SE2H.png,Animal,NA,TRUE,Animal_inner,Animal_innerdark,Animal_restwash,NA,-3.2539722237102313
chicken_fish,Exposure: Vegan,Form: Count,NA,NA,NA,0.9750402640260402,0.9974755405805594,NA,Restaurant,W8T41JZK0ZMEP,-0.03730890904,-0.01383907864,../../model_fits/finalized_redone_trunc_cp/t2_a1_proportion/chicken_fish/vegan_dishes_count/plots/W8T41JZK0ZMEP.png,Animal,NA,NA,Animal_inner,Animal_innerdark,Animal_restwash,NA,NA
chicken_fish,Exposure: Vegan,Form: Proportion,NA,NA,-0.16402692742590844,0.2697687280017269,0.8772010854816396,NA,Restaurant,1SQPTEGYPH0GA,-2.4197814128,-0.1952872684,../../model_fits/finalized_redone_trunc_cp/t2_a1_proportion/chicken_fish/vegan_dishes_prop/plots/1SQPTEGYPH0GA.png,Animal,NA,TRUE,Animal_inner,Animal_innerdark,Animal_restwash,NA,-0.1952872684
chicken_fish,Exposure: Vegan,Form: Proportion,NA,NA,NA,0.05001792413967978,0.7411610132167545,NA,Restaurant,2HRX9P6HKXA8V,-4.4906911524,-1.5706705628,../../model_fits/finalized_redone_trunc_cp/t2_a1_proportion/chicken_fish/vegan_dishes_prop/plots/2HRX9P6HKXA8V.png,Animal,NA,NA,Animal_inner,Animal_innerdark,Animal_restwash,NA,NA
chicken_fish,Exposure: Vegan,Form: Proportion,NA,NA,-6.364409562315382,0.3337363293018271,0.8960667212489554,NA,Restaurant,78AY09MVJVTYE,-1.6347014232,-0.5523644456,../../model_fits/finalized_redone_trunc_cp/t2_a1_proportion/chicken_fish/vegan_dishes_prop/plots/78AY09MVJVTYE.png,Animal,NA,TRUE,Animal_inner,Animal_innerdark,Animal_restwash,NA,-6.364409562315382
chicken_fish,Exposure: Vegan,Form: Proportion,-0.46275625862194186,NA,0.8642653130225653,1.8429246621184616,1.0630428191829073,NA,Restaurant,9XKJD8DQTH559,-0.222491788,1.479338448,../../model_fits/finalized_redone_trunc_cp/t2_a1_proportion/chicken_fish/vegan_dishes_prop/plots/9XKJD8DQTH559.png,Animal,NA,TRUE,Animal_inner,Animal_innerdark,Animal_restwash,NA,0.8642653130225653
chicken_fish,Exposure: Vegan,Form: Proportion,-0.9819042666158304,NA,0.8762968971682094,1.4491801750233961,1.0377965877695405,NA,Restaurant,C0BE4NDSW26QN,-0.6264500076,1.403084164,../../model_fits/finalized_redone_trunc_cp/t2_a1_proportion/chicken_fish/vegan_dishes_prop/plots/C0BE4NDSW26QN.png,Animal,NA,TRUE,Animal_inner,Animal_innerdark,Animal_restwash,NA,0.8762968971682094
chicken_fish,Exposure: Vegan,Form: Proportion,NA,NA,NA,0.2646734253876531,0.8755300041234514,NA,Restaurant,CB2KHY1C2G9PT,-1.9827601896,-0.6697897708,../../model_fits/finalized_redone_trunc_cp/t2_a1_proportion/chicken_fish/vegan_dishes_prop/plots/CB2KHY1C2G9PT.png,Animal,NA,NA,Animal_inner,Animal_innerdark,Animal_restwash,NA,NA
chicken_fish,Exposure: Vegan,Form: Proportion,NA,NA,0.9784279625325776,0.49961523839745486,0.9329611676079059,NA,Restaurant,ED5J990H5VAZT,-2.334918802,0.9245332884,../../model_fits/finalized_redone_trunc_cp/t2_a1_proportion/chicken_fish/vegan_dishes_prop/plots/ED5J990H5VAZT.png,Animal,NA,TRUE,Animal_inner,Animal_innerdark,Animal_restwash,NA,0.9245332884
chicken_fish,Exposure: Vegan,Form: Proportion,NA,NA,0.2383091284053901,0.547265129525958,0.9414988148734325,NA,Restaurant,EMBVNVD207CC6,-1.6713780432,0.4483182504,../../model_fits/finalized_redone_trunc_cp/t2_a1_proportion/chicken_fish/vegan_dishes_prop/plots/EMBVNVD207CC6.png,Animal,NA,TRUE,Animal_inner,Animal_innerdark,Animal_restwash,NA,0.2383091284053901
chicken_fish,Exposure: Vegan,Form: Proportion,NA,NA,NA,0.020701797556557863,0.6785796098909803,NA,Restaurant,JHDN7CF1C03X5,-4.5934769904,-3.152476896,../../model_fits/finalized_redone_trunc_cp/t2_a1_proportion/chicken_fish/vegan_dishes_prop/plots/JHDN7CF1C03X5.png,Animal,NA,NA,Animal_inner,Animal_innerdark,Animal_restwash,NA,NA
chicken_fish,Exposure: Vegan,Form: Proportion,NA,NA,1.3801409237475812,0.5026732863689799,0.9335306482419393,NA,Restaurant,L69HYJ4Y3TR91,-2.9861784716,1.615119296,../../model_fits/finalized_redone_trunc_cp/t2_a1_proportion/chicken_fish/vegan_dishes_prop/plots/L69HYJ4Y3TR91.png,Animal,NA,TRUE,Animal_inner,Animal_innerdark,Animal_restwash,NA,1.3801409237475812
chicken_fish,Exposure: Vegan,Form: Proportion,1.0662317990174996,-2.789862579970532,1.7697481711883902,18.048809916475417,1.3355029667258935,NA,Restaurant,LBZEEFSBJNB3Z,1.455679548,4.368551184,../../model_fits/finalized_redone_trunc_cp/t2_a1_proportion/chicken_fish/vegan_dishes_prop/plots/LBZEEFSBJNB3Z.png,Animal,FALSE,TRUE,Animal_inner,Animal_innerdark,Animal_restwash,1.455679548,1.7697481711883902
chicken_fish,Exposure: Vegan,Form: Proportion,-2.0603289076152653,NA,1.6834648667702532,1.0482765136505012,1.0047258718743892,NA,Restaurant,LFZFT3VASXPED,-2.341388348,2.644784836,../../model_fits/finalized_redone_trunc_cp/t2_a1_proportion/chicken_fish/vegan_dishes_prop/plots/LFZFT3VASXPED.png,Animal,NA,TRUE,Animal_inner,Animal_innerdark,Animal_restwash,NA,1.6834648667702532
chicken_fish,Exposure: Vegan,Form: Proportion,NA,NA,NA,0.023407411347801537,0.6869661513201184,NA,Restaurant,LQ5EH4BKGV61T,-5.4845900356,-2.0229787476,../../model_fits/finalized_redone_trunc_cp/t2_a1_proportion/chicken_fish/vegan_dishes_prop/plots/LQ5EH4BKGV61T.png,Animal,NA,NA,Animal_inner,Animal_innerdark,Animal_restwash,NA,NA
chicken_fish,Exposure: Vegan,Form: Proportion,NA,NA,0.8536502844145063,0.15447139351969646,0.8296306846232894,NA,Restaurant,S8MT0YGD2KTN9,-3.9999564272,0.18932046968,../../model_fits/finalized_redone_trunc_cp/t2_a1_proportion/chicken_fish/vegan_dishes_prop/plots/S8MT0YGD2KTN9.png,Animal,NA,TRUE,Animal_inner,Animal_innerdark,Animal_restwash,NA,0.18932046968
chicken_fish,Exposure: Vegan,Form: Proportion,NA,NA,1.3068613483779536,0.42800524876752943,0.918639064378684,NA,Restaurant,SAFK7ND1HR6XS,-3.129351264664,1.503397566,../../model_fits/finalized_redone_trunc_cp/t2_a1_proportion/chicken_fish/vegan_dishes_prop/plots/SAFK7ND1HR6XS.png,Animal,NA,TRUE,Animal_inner,Animal_innerdark,Animal_restwash,NA,1.3068613483779536
chicken_fish,Exposure: Vegan,Form: Proportion,NA,NA,-0.04558369102838434,0.42112061074456286,0.9171505899310428,NA,Restaurant,V3Q26BHF3SE2H,-1.7150313536,0.0508930560000001,../../model_fits/finalized_redone_trunc_cp/t2_a1_proportion/chicken_fish/vegan_dishes_prop/plots/V3Q26BHF3SE2H.png,Animal,NA,TRUE,Animal_inner,Animal_innerdark,Animal_restwash,NA,-0.04558369102838434
chicken_fish,Exposure: Vegan,Form: Proportion,NA,NA,-0.705389894687047,0.3438298417713338,0.8987405909877607,NA,Restaurant,W8T41JZK0ZMEP,-1.8864827992,-0.2764548808,../../model_fits/finalized_redone_trunc_cp/t2_a1_proportion/chicken_fish/vegan_dishes_prop/plots/W8T41JZK0ZMEP.png,Animal,NA,TRUE,Animal_inner,Animal_innerdark,Animal_restwash,NA,-0.705389894687047
chicken_fish,Exposure: Vegetarian,Form: Count,NA,NA,-4.132736040965289,0.9994467091218812,0.9999446571314731,NA,Restaurant,1SQPTEGYPH0GA,-0.0087448416,0.00882435648,../../model_fits/finalized_redone_trunc_cp/t2_a1_proportion/chicken_fish/vegetarian_dishes_count/plots/1SQPTEGYPH0GA.png,Animal,NA,TRUE,Animal_inner,Animal_innerdark,Animal_restwash,NA,-4.132736040965289
chicken_fish,Exposure: Vegetarian,Form: Count,NA,NA,-2.715345361319049,0.9689336589025127,0.9968490613697727,NA,Restaurant,2HRX9P6HKXA8V,-0.09232771048,0.022448315556,../../model_fits/finalized_redone_trunc_cp/t2_a1_proportion/chicken_fish/vegetarian_dishes_count/plots/2HRX9P6HKXA8V.png,Animal,NA,TRUE,Animal_inner,Animal_innerdark,Animal_restwash,NA,-2.715345361319049
chicken_fish,Exposure: Vegetarian,Form: Count,NA,NA,-3.6846210241112494,0.9924154820713448,0.9992389470827897,NA,Restaurant,78AY09MVJVTYE,-0.024197152576,0.0105299040328,../../model_fits/finalized_redone_trunc_cp/t2_a1_proportion/chicken_fish/vegetarian_dishes_count/plots/78AY09MVJVTYE.png,Animal,NA,TRUE,Animal_inner,Animal_innerdark,Animal_restwash,NA,-3.6846210241112494
chicken_fish,Exposure: Vegetarian,Form: Count,NA,NA,-4.822875964449163,0.9955417043375181,0.9995532734620267,NA,Restaurant,9XKJD8DQTH559,-0.011196519696,0.00177035168,../../model_fits/finalized_redone_trunc_cp/t2_a1_proportion/chicken_fish/vegetarian_dishes_count/plots/9XKJD8DQTH559.png,Animal,NA,TRUE,Animal_inner,Animal_innerdark,Animal_restwash,NA,-4.822875964449163
chicken_fish,Exposure: Vegetarian,Form: Count,NA,NA,-3.69550889135336,0.9918361045843446,0.9991805956452502,NA,Restaurant,C0BE4NDSW26QN,-0.0236758852,0.00865024468,../../model_fits/finalized_redone_trunc_cp/t2_a1_proportion/chicken_fish/vegetarian_dishes_count/plots/C0BE4NDSW26QN.png,Animal,NA,TRUE,Animal_inner,Animal_innerdark,Animal_restwash,NA,-3.69550889135336
chicken_fish,Exposure: Vegetarian,Form: Count,-4.048567567778189,NA,-3.2653347918904077,1.0175934745553765,1.0017455718399106,NA,Restaurant,CB2KHY1C2G9PT,0.00660657592,0.02803857772,../../model_fits/finalized_redone_trunc_cp/t2_a1_proportion/chicken_fish/vegetarian_dishes_count/plots/CB2KHY1C2G9PT.png,Animal,NA,TRUE,Animal_inner,Animal_innerdark,Animal_restwash,NA,-3.2653347918904077
chicken_fish,Exposure: Vegetarian,Form: Count,NA,NA,-3.0165074937053036,0.9899318713892697,0.9989885963138375,NA,Restaurant,ED5J990H5VAZT,-0.03970896484,0.02032521088,../../model_fits/finalized_redone_trunc_cp/t2_a1_proportion/chicken_fish/vegetarian_dishes_count/plots/ED5J990H5VAZT.png,Animal,NA,TRUE,Animal_inner,Animal_innerdark,Animal_restwash,NA,-3.0165074937053036
chicken_fish,Exposure: Vegetarian,Form: Count,NA,NA,NA,0.8870299981133114,0.988083917846125,NA,Restaurant,EMBVNVD207CC6,-0.17048701252,-0.06965509104,../../model_fits/finalized_redone_trunc_cp/t2_a1_proportion/chicken_fish/vegetarian_dishes_count/plots/EMBVNVD207CC6.png,Animal,NA,NA,Animal_inner,Animal_innerdark,Animal_restwash,NA,NA
chicken_fish,Exposure: Vegetarian,Form: Count,NA,NA,NA,0.9575332839270317,0.9956699222123864,NA,Restaurant,JHDN7CF1C03X5,-0.053621463328,-0.033123356368,../../model_fits/finalized_redone_trunc_cp/t2_a1_proportion/chicken_fish/vegetarian_dishes_count/plots/JHDN7CF1C03X5.png,Animal,NA,NA,Animal_inner,Animal_innerdark,Animal_restwash,NA,NA
chicken_fish,Exposure: Vegetarian,Form: Count,-6.6159125095401565,NA,-2.287423271519849,0.9986968897864381,0.9998696125011889,NA,Restaurant,L69HYJ4Y3TR91,-0.049321379,0.05273856264,../../model_fits/finalized_redone_trunc_cp/t2_a1_proportion/chicken_fish/vegetarian_dishes_count/plots/L69HYJ4Y3TR91.png,Animal,NA,TRUE,Animal_inner,Animal_innerdark,Animal_restwash,NA,-2.287423271519849
chicken_fish,Exposure: Vegetarian,Form: Count,-3.6817923064196205,NA,-2.4974376503414852,1.0248307631126872,1.0024557594295687,NA,Restaurant,LBZEEFSBJNB3Z,-0.00362000856,0.056320781032,../../model_fits/finalized_redone_trunc_cp/t2_a1_proportion/chicken_fish/vegetarian_dishes_count/plots/LBZEEFSBJNB3Z.png,Animal,NA,TRUE,Animal_inner,Animal_innerdark,Animal_restwash,NA,-2.4974376503414852
chicken_fish,Exposure: Vegetarian,Form: Count,NA,NA,-2.2064681080627064,0.9767353048549853,0.9976488093788597,NA,Restaurant,LFZFT3VASXPED,-0.08842930524,0.0447514576,../../model_fits/finalized_redone_trunc_cp/t2_a1_proportion/chicken_fish/vegetarian_dishes_count/plots/LFZFT3VASXPED.png,Animal,NA,TRUE,Animal_inner,Animal_innerdark,Animal_restwash,NA,-2.2064681080627064
chicken_fish,Exposure: Vegetarian,Form: Count,NA,NA,-2.123987193330839,0.9845376528269708,0.9984428999401974,NA,Restaurant,LQ5EH4BKGV61T,-0.081180761,0.05342332228,../../model_fits/finalized_redone_trunc_cp/t2_a1_proportion/chicken_fish/vegetarian_dishes_count/plots/LQ5EH4BKGV61T.png,Animal,NA,TRUE,Animal_inner,Animal_innerdark,Animal_restwash,NA,-2.123987193330839
chicken_fish,Exposure: Vegetarian,Form: Count,NA,NA,-3.5938956284664276,0.9787170271306552,0.9978510402273785,NA,Restaurant,S8MT0YGD2KTN9,-0.0475699796,0.0038264094,../../model_fits/finalized_redone_trunc_cp/t2_a1_proportion/chicken_fish/vegetarian_dishes_count/plots/S8MT0YGD2KTN9.png,Animal,NA,TRUE,Animal_inner,Animal_innerdark,Animal_restwash,NA,-3.5938956284664276
chicken_fish,Exposure: Vegetarian,Form: Count,NA,NA,-2.1955530537232595,0.9677179230298405,0.996723914517372,NA,Restaurant,SAFK7ND1HR6XS,-0.11239136488,0.04333069316,../../model_fits/finalized_redone_trunc_cp/t2_a1_proportion/chicken_fish/vegetarian_dishes_count/plots/SAFK7ND1HR6XS.png,Animal,NA,TRUE,Animal_inner,Animal_innerdark,Animal_restwash,NA,-2.1955530537232595
chicken_fish,Exposure: Vegetarian,Form: Count,NA,NA,-5.277650764546304,0.9380935789622177,0.9936298191216127,NA,Restaurant,V3Q26BHF3SE2H,-0.096702974704,-0.02807403956,../../model_fits/finalized_redone_trunc_cp/t2_a1_proportion/chicken_fish/vegetarian_dishes_count/plots/V3Q26BHF3SE2H.png,Animal,NA,TRUE,Animal_inner,Animal_innerdark,Animal_restwash,NA,-5.277650764546304
chicken_fish,Exposure: Vegetarian,Form: Count,NA,NA,NA,0.9775310132655778,0.9977300541824055,NA,Restaurant,W8T41JZK0ZMEP,-0.031695527448,-0.014714164568,../../model_fits/finalized_redone_trunc_cp/t2_a1_proportion/chicken_fish/vegetarian_dishes_count/plots/W8T41JZK0ZMEP.png,Animal,NA,NA,Animal_inner,Animal_innerdark,Animal_restwash,NA,NA
chicken_fish,Exposure: Vegetarian,Form: Proportion,NA,NA,NA,0.1755521990176218,0.8403121197746064,NA,Restaurant,1SQPTEGYPH0GA,-2.503224072,-0.976589384,../../model_fits/finalized_redone_trunc_cp/t2_a1_proportion/chicken_fish/vegetarian_dishes_prop/plots/1SQPTEGYPH0GA.png,Animal,NA,NA,Animal_inner,Animal_innerdark,Animal_restwash,NA,NA
chicken_fish,Exposure: Vegetarian,Form: Proportion,NA,NA,-0.33214271528931694,0.14224046259603323,0.8228152184054411,NA,Restaurant,2HRX9P6HKXA8V,-3.3342937456,-0.5483934256,../../model_fits/finalized_redone_trunc_cp/t2_a1_proportion/chicken_fish/vegetarian_dishes_prop/plots/2HRX9P6HKXA8V.png,Animal,NA,TRUE,Animal_inner,Animal_innerdark,Animal_restwash,NA,-0.5483934256
chicken_fish,Exposure: Vegetarian,Form: Proportion,NA,NA,-0.20455304590230947,0.8073621705333137,0.9788290266500528,NA,Restaurant,78AY09MVJVTYE,-0.735033954,0.3017773204,../../model_fits/finalized_redone_trunc_cp/t2_a1_proportion/chicken_fish/vegetarian_dishes_prop/plots/78AY09MVJVTYE.png,Animal,NA,TRUE,Animal_inner,Animal_innerdark,Animal_restwash,NA,-0.20455304590230947
chicken_fish,Exposure: Vegetarian,Form: Proportion,NA,NA,-1.940740422648406,0.30591190672397306,0.8882999508827691,NA,Restaurant,9XKJD8DQTH559,-1.87350237024,-0.5058127028,../../model_fits/finalized_redone_trunc_cp/t2_a1_proportion/chicken_fish/vegetarian_dishes_prop/plots/9XKJD8DQTH559.png,Animal,NA,TRUE,Animal_inner,Animal_innerdark,Animal_restwash,NA,-1.940740422648406
chicken_fish,Exposure: Vegetarian,Form: Proportion,NA,NA,0.28491091831094084,0.8387963830639256,0.9825748752859814,NA,Restaurant,C0BE4NDSW26QN,-0.9569969752,0.56999692664,../../model_fits/finalized_redone_trunc_cp/t2_a1_proportion/chicken_fish/vegetarian_dishes_prop/plots/C0BE4NDSW26QN.png,Animal,NA,TRUE,Animal_inner,Animal_innerdark,Animal_restwash,NA,0.28491091831094084
chicken_fish,Exposure: Vegetarian,Form: Proportion,-0.9355996747197507,NA,0.6480096416255168,1.4510510404001022,1.0379304876610227,NA,Restaurant,CB2KHY1C2G9PT,-0.3470177344,1.1402895096,../../model_fits/finalized_redone_trunc_cp/t2_a1_proportion/chicken_fish/vegetarian_dishes_prop/plots/CB2KHY1C2G9PT.png,Animal,NA,TRUE,Animal_inner,Animal_innerdark,Animal_restwash,NA,0.6480096416255168
chicken_fish,Exposure: Vegetarian,Form: Proportion,NA,NA,NA,0.0020103924041901754,0.5374376450065805,NA,Restaurant,ED5J990H5VAZT,-7.383495904,-5.156715834,../../model_fits/finalized_redone_trunc_cp/t2_a1_proportion/chicken_fish/vegetarian_dishes_prop/plots/ED5J990H5VAZT.png,Animal,NA,NA,Animal_inner,Animal_innerdark,Animal_restwash,NA,NA
chicken_fish,Exposure: Vegetarian,Form: Proportion,NA,NA,NA,0.007415506301563004,0.6123702458594703,NA,Restaurant,EMBVNVD207CC6,-6.154195676,-3.809348256,../../model_fits/finalized_redone_trunc_cp/t2_a1_proportion/chicken_fish/vegetarian_dishes_prop/plots/EMBVNVD207CC6.png,Animal,NA,NA,Animal_inner,Animal_innerdark,Animal_restwash,NA,NA
chicken_fish,Exposure: Vegetarian,Form: Proportion,NA,NA,NA,0.03790187275704123,0.720885129479794,NA,Restaurant,JHDN7CF1C03X5,-3.96477269768,-2.567988827872,../../model_fits/finalized_redone_trunc_cp/t2_a1_proportion/chicken_fish/vegetarian_dishes_prop/plots/JHDN7CF1C03X5.png,Animal,NA,NA,Animal_inner,Animal_innerdark,Animal_restwash,NA,NA
chicken_fish,Exposure: Vegetarian,Form: Proportion,NA,NA,NA,0.02654991454349825,0.6956748655452965,NA,Restaurant,L69HYJ4Y3TR91,-5.298490792,-1.934393564,../../model_fits/finalized_redone_trunc_cp/t2_a1_proportion/chicken_fish/vegetarian_dishes_prop/plots/L69HYJ4Y3TR91.png,Animal,NA,NA,Animal_inner,Animal_innerdark,Animal_restwash,NA,NA
chicken_fish,Exposure: Vegetarian,Form: Proportion,NA,NA,0.4083022406387999,0.7543901420652923,0.9722089179058755,NA,Restaurant,LBZEEFSBJNB3Z,-1.110100006,0.6092910792,../../model_fits/finalized_redone_trunc_cp/t2_a1_proportion/chicken_fish/vegetarian_dishes_prop/plots/LBZEEFSBJNB3Z.png,Animal,NA,TRUE,Animal_inner,Animal_innerdark,Animal_restwash,NA,0.4083022406387999
chicken_fish,Exposure: Vegetarian,Form: Proportion,NA,NA,0.6411866270255692,0.15985966298098772,0.8324801547914652,NA,Restaurant,LFZFT3VASXPED,-3.727602844,0.0465919767999997,../../model_fits/finalized_redone_trunc_cp/t2_a1_proportion/chicken_fish/vegetarian_dishes_prop/plots/LFZFT3VASXPED.png,Animal,NA,TRUE,Animal_inner,Animal_innerdark,Animal_restwash,NA,0.0465919767999997
chicken_fish,Exposure: Vegetarian,Form: Proportion,NA,NA,0.8597692877612041,0.32489385012587585,0.8936637648591128,NA,Restaurant,LQ5EH4BKGV61T,-2.99243278608,0.689367872879999,../../model_fits/finalized_redone_trunc_cp/t2_a1_proportion/chicken_fish/vegetarian_dishes_prop/plots/LQ5EH4BKGV61T.png,Animal,NA,TRUE,Animal_inner,Animal_innerdark,Animal_restwash,NA,0.689367872879999
chicken_fish,Exposure: Vegetarian,Form: Proportion,NA,NA,NA,0.15874169064070567,0.8318961226831059,NA,Restaurant,S8MT0YGD2KTN9,-2.699661016,-1.005799896,../../model_fits/finalized_redone_trunc_cp/t2_a1_proportion/chicken_fish/vegetarian_dishes_prop/plots/S8MT0YGD2KTN9.png,Animal,NA,NA,Animal_inner,Animal_innerdark,Animal_restwash,NA,NA
chicken_fish,Exposure: Vegetarian,Form: Proportion,NA,NA,0.24193662094320173,0.16191133959763326,0.8335424585639236,NA,Restaurant,SAFK7ND1HR6XS,-3.426628796,-0.304250432160001,../../model_fits/finalized_redone_trunc_cp/t2_a1_proportion/chicken_fish/vegetarian_dishes_prop/plots/SAFK7ND1HR6XS.png,Animal,NA,TRUE,Animal_inner,Animal_innerdark,Animal_restwash,NA,-0.304250432160001
chicken_fish,Exposure: Vegetarian,Form: Proportion,NA,NA,NA,0.02356272181309174,0.6874206048257546,NA,Restaurant,V3Q26BHF3SE2H,-4.63910807808,-2.8589393512,../../model_fits/finalized_redone_trunc_cp/t2_a1_proportion/chicken_fish/vegetarian_dishes_prop/plots/V3Q26BHF3SE2H.png,Animal,NA,NA,Animal_inner,Animal_innerdark,Animal_restwash,NA,NA
chicken_fish,Exposure: Vegetarian,Form: Proportion,NA,NA,NA,0.04622951185917514,0.7353463325508915,NA,Restaurant,W8T41JZK0ZMEP,-3.994181,-2.2002826284,../../model_fits/finalized_redone_trunc_cp/t2_a1_proportion/chicken_fish/vegetarian_dishes_prop/plots/W8T41JZK0ZMEP.png,Animal,NA,NA,Animal_inner,Animal_innerdark,Animal_restwash,NA,NA
vegetarian,Exposure: Alt-Protein-Modifiable,Form: Count,-5.338761167950659,NA,-2.503204216447167,1.0052065924375435,1.0005194433640034,NA,Restaurant,1SQPTEGYPH0GA,-0.0343356842,0.04329728476,../../model_fits/finalized_redone_trunc/t2_a1_proportion/vegetarian/mpbamod_dishes_count/plots/1SQPTEGYPH0GA.png,Plant-based,NA,TRUE,Plant-based_inner,Plant-based_innerdark,Plant-based_restwash,NA,-2.503204216447167
vegetarian,Exposure: Alt-Protein-Modifiable,Form: Count,NA,NA,-1.939068493893718,0.9409025921542952,0.993926949972,NA,Restaurant,2HRX9P6HKXA8V,-0.16484249672,0.0411004576,../../model_fits/finalized_redone_trunc/t2_a1_proportion/vegetarian/mpbamod_dishes_count/plots/2HRX9P6HKXA8V.png,Plant-based,NA,TRUE,Plant-based_inner,Plant-based_innerdark,Plant-based_restwash,NA,-1.939068493893718
vegetarian,Exposure: Alt-Protein-Modifiable,Form: Count,-3.5105381325618357,NA,-2.019845199891557,1.0292876592297775,1.0028908675218302,NA,Restaurant,78AY09MVJVTYE,-0.01944319376,0.0787533292,../../model_fits/finalized_redone_trunc/t2_a1_proportion/vegetarian/mpbamod_dishes_count/plots/78AY09MVJVTYE.png,Plant-based,NA,TRUE,Plant-based_inner,Plant-based_innerdark,Plant-based_restwash,NA,-2.019845199891557
vegetarian,Exposure: Alt-Protein-Modifiable,Form: Count,NA,NA,-4.031846431578679,0.987425657584042,0.9987353934396485,NA,Restaurant,9XKJD8DQTH559,-0.02508310728,0.0020641802,../../model_fits/finalized_redone_trunc/t2_a1_proportion/vegetarian/mpbamod_dishes_count/plots/9XKJD8DQTH559.png,Plant-based,NA,TRUE,Plant-based_inner,Plant-based_innerdark,Plant-based_restwash,NA,-4.031846431578679
vegetarian,Exposure: Alt-Protein-Modifiable,Form: Count,-3.1473727109149303,NA,-1.6541497268268421,1.0460385048653975,1.0045111624448657,NA,Restaurant,C0BE4NDSW26QN,-0.03457704636,0.12167959208,../../model_fits/finalized_redone_trunc/t2_a1_proportion/vegetarian/mpbamod_dishes_count/plots/C0BE4NDSW26QN.png,Plant-based,NA,TRUE,Plant-based_inner,Plant-based_innerdark,Plant-based_restwash,NA,-1.6541497268268421
vegetarian,Exposure: Alt-Protein-Modifiable,Form: Count,NA,NA,-2.6962993640395463,0.9786718956142715,0.9978464387477012,NA,Restaurant,CB2KHY1C2G9PT,-0.06487453656,0.02315757504,../../model_fits/finalized_redone_trunc/t2_a1_proportion/vegetarian/mpbamod_dishes_count/plots/CB2KHY1C2G9PT.png,Plant-based,NA,TRUE,Plant-based_inner,Plant-based_innerdark,Plant-based_restwash,NA,-2.6962993640395463
vegetarian,Exposure: Alt-Protein-Modifiable,Form: Count,-5.6535541268754095,NA,-3.876500514343191,1.0038798376586895,1.000387308034396,NA,Restaurant,ED5J990H5VAZT,-0.0057945942,0.012946660428,../../model_fits/finalized_redone_trunc/t2_a1_proportion/vegetarian/mpbamod_dishes_count/plots/ED5J990H5VAZT.png,Plant-based,NA,TRUE,Plant-based_inner,Plant-based_innerdark,Plant-based_restwash,NA,-3.876500514343191
vegetarian,Exposure: Alt-Protein-Modifiable,Form: Count,NA,NA,-2.227096821962696,0.9582370706322029,0.9957430797312067,NA,Restaurant,EMBVNVD207CC6,-0.1306478036,0.03541281136,../../model_fits/finalized_redone_trunc/t2_a1_proportion/vegetarian/mpbamod_dishes_count/plots/EMBVNVD207CC6.png,Plant-based,NA,TRUE,Plant-based_inner,Plant-based_innerdark,Plant-based_restwash,NA,-2.227096821962696
vegetarian,Exposure: Alt-Protein-Modifiable,Form: Count,NA,NA,-3.0933352524143762,0.996670925697063,0.99966659279254,NA,Restaurant,JHDN7CF1C03X5,-0.0247806216,0.021336066772,../../model_fits/finalized_redone_trunc/t2_a1_proportion/vegetarian/mpbamod_dishes_count/plots/JHDN7CF1C03X5.png,Plant-based,NA,TRUE,Plant-based_inner,Plant-based_innerdark,Plant-based_restwash,NA,-3.0933352524143762
vegetarian,Exposure: Alt-Protein-Modifiable,Form: Count,-3.0533901942524193,NA,-1.5544342571865937,1.0540381362342075,1.0052767363763437,NA,Restaurant,L69HYJ4Y3TR91,-0.04545109912,0.138612810808,../../model_fits/finalized_redone_trunc/t2_a1_proportion/vegetarian/mpbamod_dishes_count/plots/L69HYJ4Y3TR91.png,Plant-based,NA,TRUE,Plant-based_inner,Plant-based_innerdark,Plant-based_restwash,NA,-1.5544342571865937
vegetarian,Exposure: Alt-Protein-Modifiable,Form: Count,NA,NA,-2.6329227695149586,0.9681420397898898,0.9967675888113399,NA,Restaurant,LBZEEFSBJNB3Z,-0.080730529884,0.02197583336,../../model_fits/finalized_redone_trunc/t2_a1_proportion/vegetarian/mpbamod_dishes_count/plots/LBZEEFSBJNB3Z.png,Plant-based,NA,TRUE,Plant-based_inner,Plant-based_innerdark,Plant-based_restwash,NA,-2.6329227695149586
vegetarian,Exposure: Alt-Protein-Modifiable,Form: Count,NA,NA,-1.151341443815777,0.9784750090827568,0.9978263625287801,NA,Restaurant,LFZFT3VASXPED,-0.1873806908,0.13766139232,../../model_fits/finalized_redone_trunc/t2_a1_proportion/vegetarian/mpbamod_dishes_count/plots/LFZFT3VASXPED.png,Plant-based,NA,TRUE,Plant-based_inner,Plant-based_innerdark,Plant-based_restwash,NA,-1.151341443815777
vegetarian,Exposure: Alt-Protein-Modifiable,Form: Count,-3.213841679556899,NA,-1.3977761995693507,1.0408848398814579,1.0040151551233647,NA,Restaurant,LQ5EH4BKGV61T,-0.05926029056,0.14094616808,../../model_fits/finalized_redone_trunc/t2_a1_proportion/vegetarian/mpbamod_dishes_count/plots/LQ5EH4BKGV61T.png,Plant-based,NA,TRUE,Plant-based_inner,Plant-based_innerdark,Plant-based_restwash,NA,-1.3977761995693507
vegetarian,Exposure: Alt-Protein-Modifiable,Form: Count,-4.154987487891252,NA,-1.68823253514397,1.0176175775598655,1.0017479445772821,NA,Restaurant,S8MT0YGD2KTN9,-0.07095547932,0.10186746112,../../model_fits/finalized_redone_trunc/t2_a1_proportion/vegetarian/mpbamod_dishes_count/plots/S8MT0YGD2KTN9.png,Plant-based,NA,TRUE,Plant-based_inner,Plant-based_innerdark,Plant-based_restwash,NA,-1.68823253514397
vegetarian,Exposure: Alt-Protein-Modifiable,Form: Count,NA,NA,-1.4559069304012917,0.9723944038931628,0.9972045354581366,NA,Restaurant,SAFK7ND1HR6XS,-0.15824072772,0.10179551892,../../model_fits/finalized_redone_trunc/t2_a1_proportion/vegetarian/mpbamod_dishes_count/plots/SAFK7ND1HR6XS.png,Plant-based,NA,TRUE,Plant-based_inner,Plant-based_innerdark,Plant-based_restwash,NA,-1.4559069304012917
vegetarian,Exposure: Alt-Protein-Modifiable,Form: Count,-1.854891361188471,-2.6221794521940285,-1.4020721676645216,1.1689973142373555,1.0157371839713287,NA,Restaurant,SRQS8F7JWA9MZ,0.1119751948,0.1988697336,../../model_fits/finalized_redone_trunc/t2_a1_proportion/vegetarian/mpbamod_dishes_count/plots/SRQS8F7JWA9MZ.png,Plant-based,FALSE,TRUE,Plant-based_inner,Plant-based_innerdark,Plant-based_restwash,0.1119751948,-1.4020721676645216
vegetarian,Exposure: Alt-Protein-Modifiable,Form: Count,-5.867450490579803,NA,-2.991596570874054,1.0039213384070425,1.0003914435940562,NA,Restaurant,V3Q26BHF3SE2H,-0.02136631396,0.02652512652,../../model_fits/finalized_redone_trunc/t2_a1_proportion/vegetarian/mpbamod_dishes_count/plots/V3Q26BHF3SE2H.png,Plant-based,NA,TRUE,Plant-based_inner,Plant-based_innerdark,Plant-based_restwash,NA,-2.991596570874054
vegetarian,Exposure: Alt-Protein-Modifiable,Form: Count,NA,NA,-3.80559338142037,0.9900953523366252,0.999005092748731,NA,Restaurant,W8T41JZK0ZMEP,-0.02527416036,0.006462287592,../../model_fits/finalized_redone_trunc/t2_a1_proportion/vegetarian/mpbamod_dishes_count/plots/W8T41JZK0ZMEP.png,Plant-based,NA,TRUE,Plant-based_inner,Plant-based_innerdark,Plant-based_restwash,NA,-3.80559338142037
vegetarian,Exposure: Alt-Protein-Modifiable,Form: Proportion,-1.1961865398040485,NA,1.0795399694320686,1.333161114520828,1.029172714802611,NA,Restaurant,1SQPTEGYPH0GA,-1.096418472,1.644397444,../../model_fits/finalized_redone_trunc/t2_a1_proportion/vegetarian/mpbamod_dishes_prop/plots/1SQPTEGYPH0GA.png,Plant-based,NA,TRUE,Plant-based_inner,Plant-based_innerdark,Plant-based_restwash,NA,1.0795399694320686
vegetarian,Exposure: Alt-Protein-Modifiable,Form: Proportion,NA,NA,1.0072822597109434,0.14793968826447657,0.8260540597198797,NA,Restaurant,2HRX9P6HKXA8V,-4.26701486,0.401796187999999,../../model_fits/finalized_redone_trunc/t2_a1_proportion/vegetarian/mpbamod_dishes_prop/plots/2HRX9P6HKXA8V.png,Plant-based,NA,TRUE,Plant-based_inner,Plant-based_innerdark,Plant-based_restwash,NA,0.401796187999999
vegetarian,Exposure: Alt-Protein-Modifiable,Form: Proportion,-0.670990311640426,NA,1.1216968456151224,1.7155400860141086,1.0554558880870633,NA,Restaurant,78AY09MVJVTYE,-0.794227164,1.796630356,../../model_fits/finalized_redone_trunc/t2_a1_proportion/vegetarian/mpbamod_dishes_prop/plots/78AY09MVJVTYE.png,Plant-based,NA,TRUE,Plant-based_inner,Plant-based_innerdark,Plant-based_restwash,NA,1.1216968456151224
vegetarian,Exposure: Alt-Protein-Modifiable,Form: Proportion,NA,NA,0.27270924550153003,0.9000275995152202,0.9895222926367655,NA,Restaurant,9XKJD8DQTH559,-0.786164368,0.6253597312,../../model_fits/finalized_redone_trunc/t2_a1_proportion/vegetarian/mpbamod_dishes_prop/plots/9XKJD8DQTH559.png,Plant-based,NA,TRUE,Plant-based_inner,Plant-based_innerdark,Plant-based_restwash,NA,0.27270924550153003
vegetarian,Exposure: Alt-Protein-Modifiable,Form: Proportion,0.3329087389231966,NA,1.6450618230144145,3.94717664530394,1.1471723116718575,NA,Restaurant,C0BE4NDSW26QN,-0.530545372,3.270234356,../../model_fits/finalized_redone_trunc/t2_a1_proportion/vegetarian/mpbamod_dishes_prop/plots/C0BE4NDSW26QN.png,Plant-based,NA,TRUE,Plant-based_inner,Plant-based_innerdark,Plant-based_restwash,NA,1.6450618230144145
vegetarian,Exposure: Alt-Protein-Modifiable,Form: Proportion,NA,NA,-1.3187592342932521,0.29433120444165617,0.8848784748116503,NA,Restaurant,CB2KHY1C2G9PT,-1.989992592,-0.474580272,../../model_fits/finalized_redone_trunc/t2_a1_proportion/vegetarian/mpbamod_dishes_prop/plots/CB2KHY1C2G9PT.png,Plant-based,NA,TRUE,Plant-based_inner,Plant-based_innerdark,Plant-based_restwash,NA,-1.3187592342932521
vegetarian,Exposure: Alt-Protein-Modifiable,Form: Proportion,-2.8237557888117166,NA,-0.7659602275988981,1.0575560860650028,1.0056117539298657,NA,Restaurant,ED5J990H5VAZT,-0.1462177464,0.26723179888,../../model_fits/finalized_redone_trunc/t2_a1_proportion/vegetarian/mpbamod_dishes_prop/plots/ED5J990H5VAZT.png,Plant-based,NA,TRUE,Plant-based_inner,Plant-based_innerdark,Plant-based_restwash,NA,-0.7659602275988981
vegetarian,Exposure: Alt-Protein-Modifiable,Form: Proportion,NA,NA,-0.05749694678281742,0.6047918528647237,0.9509563728645745,NA,Restaurant,EMBVNVD207CC6,-1.2703078648,0.2175931356,../../model_fits/finalized_redone_trunc/t2_a1_proportion/vegetarian/mpbamod_dishes_prop/plots/EMBVNVD207CC6.png,Plant-based,NA,TRUE,Plant-based_inner,Plant-based_innerdark,Plant-based_restwash,NA,-0.05749694678281742
vegetarian,Exposure: Alt-Protein-Modifiable,Form: Proportion,NA,NA,NA,0.08147013113907206,0.7782154372533497,NA,Restaurant,JHDN7CF1C03X5,-3.4877831512,-1.537123248,../../model_fits/finalized_redone_trunc/t2_a1_proportion/vegetarian/mpbamod_dishes_prop/plots/JHDN7CF1C03X5.png,Plant-based,NA,NA,Plant-based_inner,Plant-based_innerdark,Plant-based_restwash,NA,NA
vegetarian,Exposure: Alt-Protein-Modifiable,Form: Proportion,-0.8315681379885745,NA,1.735926253395812,1.611518174158969,1.0488744847842344,NA,Restaurant,L69HYJ4Y3TR91,-2.301172754,3.0602377996,../../model_fits/finalized_redone_trunc/t2_a1_proportion/vegetarian/mpbamod_dishes_prop/plots/L69HYJ4Y3TR91.png,Plant-based,NA,TRUE,Plant-based_inner,Plant-based_innerdark,Plant-based_restwash,NA,1.735926253395812
vegetarian,Exposure: Alt-Protein-Modifiable,Form: Proportion,NA,NA,0.9187389984222899,0.3156767285328799,0.8910955127555799,NA,Restaurant,LBZEEFSBJNB3Z,-2.9711362416,0.731791155999999,../../model_fits/finalized_redone_trunc/t2_a1_proportion/vegetarian/mpbamod_dishes_prop/plots/LBZEEFSBJNB3Z.png,Plant-based,NA,TRUE,Plant-based_inner,Plant-based_innerdark,Plant-based_restwash,NA,0.731791155999999
vegetarian,Exposure: Alt-Protein-Modifiable,Form: Proportion,0.3669019581410669,NA,2.3449220459945863,3.9972692880433445,1.1486199117875497,NA,Restaurant,LFZFT3VASXPED,-2.899424336,5.90430298,../../model_fits/finalized_redone_trunc/t2_a1_proportion/vegetarian/mpbamod_dishes_prop/plots/LFZFT3VASXPED.png,Plant-based,NA,TRUE,Plant-based_inner,Plant-based_innerdark,Plant-based_restwash,NA,2.3449220459945863
vegetarian,Exposure: Alt-Protein-Modifiable,Form: Proportion,NA,NA,1.3703001391992822,0.8083861711854213,0.9789531035494047,NA,Restaurant,LQ5EH4BKGV61T,-2.3369427584,1.7767552128,../../model_fits/finalized_redone_trunc/t2_a1_proportion/vegetarian/mpbamod_dishes_prop/plots/LQ5EH4BKGV61T.png,Plant-based,NA,TRUE,Plant-based_inner,Plant-based_innerdark,Plant-based_restwash,NA,1.3703001391992822
vegetarian,Exposure: Alt-Protein-Modifiable,Form: Proportion,1.2539017354616926,NA,1.969881377468864,32.58224636503335,1.4167659228469673,NA,Restaurant,S8MT0YGD2KTN9,1.700451076,5.338003744,../../model_fits/finalized_redone_trunc/t2_a1_proportion/vegetarian/mpbamod_dishes_prop/plots/S8MT0YGD2KTN9.png,Plant-based,NA,TRUE,Plant-based_inner,Plant-based_innerdark,Plant-based_restwash,NA,1.969881377468864
vegetarian,Exposure: Alt-Protein-Modifiable,Form: Proportion,NA,NA,1.3162574448077644,0.49477100233562493,0.9320526033748286,NA,Restaurant,SAFK7ND1HR6XS,-3.035556624,1.5044816052,../../model_fits/finalized_redone_trunc/t2_a1_proportion/vegetarian/mpbamod_dishes_prop/plots/SAFK7ND1HR6XS.png,Plant-based,NA,TRUE,Plant-based_inner,Plant-based_innerdark,Plant-based_restwash,NA,1.3162574448077644
vegetarian,Exposure: Alt-Protein-Modifiable,Form: Proportion,0.4532356479367988,-0.3949170512258265,0.923364803325526,4.790936002723816,1.169612596644187,NA,Restaurant,SRQS8F7JWA9MZ,1.086185116,2.057947372,../../model_fits/finalized_redone_trunc/t2_a1_proportion/vegetarian/mpbamod_dishes_prop/plots/SRQS8F7JWA9MZ.png,Plant-based,FALSE,TRUE,Plant-based_inner,Plant-based_innerdark,Plant-based_restwash,1.086185116,0.923364803325526
vegetarian,Exposure: Alt-Protein-Modifiable,Form: Proportion,NA,NA,-0.5760307448096956,0.8339323166604796,0.982003601125976,NA,Restaurant,V3Q26BHF3SE2H,-0.5782329816,0.206554248,../../model_fits/finalized_redone_trunc/t2_a1_proportion/vegetarian/mpbamod_dishes_prop/plots/V3Q26BHF3SE2H.png,Plant-based,NA,TRUE,Plant-based_inner,Plant-based_innerdark,Plant-based_restwash,NA,-0.5760307448096956
vegetarian,Exposure: Alt-Protein-Modifiable,Form: Proportion,NA,NA,0.2693915131858333,0.8919350927723305,0.9886289531659003,NA,Restaurant,W8T41JZK0ZMEP,-0.84290107,0.60713299976,../../model_fits/finalized_redone_trunc/t2_a1_proportion/vegetarian/mpbamod_dishes_prop/plots/W8T41JZK0ZMEP.png,Plant-based,NA,TRUE,Plant-based_inner,Plant-based_innerdark,Plant-based_restwash,NA,0.2693915131858333
vegetarian,Exposure: Vegan,Form: Count,-5.701915196106415,NA,-2.978571662723451,1.0032755880521331,1.0003270769780142,NA,Restaurant,1SQPTEGYPH0GA,-0.0195263448,0.0261093984,../../model_fits/finalized_redone_trunc/t2_a1_proportion/vegetarian/vegan_dishes_count/plots/1SQPTEGYPH0GA.png,Plant-based,NA,TRUE,Plant-based_inner,Plant-based_innerdark,Plant-based_restwash,NA,-2.978571662723451
vegetarian,Exposure: Vegan,Form: Count,-3.398707648464195,NA,-1.8449646910266488,1.0352923871669248,1.003474410469905,NA,Restaurant,2HRX9P6HKXA8V,-0.02556369616,0.09382192232,../../model_fits/finalized_redone_trunc/t2_a1_proportion/vegetarian/vegan_dishes_count/plots/2HRX9P6HKXA8V.png,Plant-based,NA,TRUE,Plant-based_inner,Plant-based_innerdark,Plant-based_restwash,NA,-1.8449646910266488
vegetarian,Exposure: Vegan,Form: Count,NA,NA,-3.5871071090575475,0.9939069473934085,0.9993890176257921,NA,Restaurant,78AY09MVJVTYE,-0.02444939744,0.01161076108,../../model_fits/finalized_redone_trunc/t2_a1_proportion/vegetarian/vegan_dishes_count/plots/78AY09MVJVTYE.png,Plant-based,NA,TRUE,Plant-based_inner,Plant-based_innerdark,Plant-based_restwash,NA,-3.5871071090575475
vegetarian,Exposure: Vegan,Form: Count,NA,NA,-4.287094882828021,0.9925710873020598,0.9992546134886487,NA,Restaurant,9XKJD8DQTH559,-0.01796237348,0.00354789356,../../model_fits/finalized_redone_trunc/t2_a1_proportion/vegetarian/vegan_dishes_count/plots/9XKJD8DQTH559.png,Plant-based,NA,TRUE,Plant-based_inner,Plant-based_innerdark,Plant-based_restwash,NA,-4.287094882828021
vegetarian,Exposure: Vegan,Form: Count,NA,NA,-3.1693894620298835,1.0000646605904058,1.0000064658709036,NA,Restaurant,C0BE4NDSW26QN,-0.02117855924,0.02106312564,../../model_fits/finalized_redone_trunc/t2_a1_proportion/vegetarian/vegan_dishes_count/plots/C0BE4NDSW26QN.png,Plant-based,NA,TRUE,Plant-based_inner,Plant-based_innerdark,Plant-based_restwash,NA,-3.1693894620298835
vegetarian,Exposure: Vegan,Form: Count,-3.858725227638069,NA,-3.031646649947709,1.021308618682979,1.00211070084956,NA,Restaurant,CB2KHY1C2G9PT,0.0072637594,0.03428164336,../../model_fits/finalized_redone_trunc/t2_a1_proportion/vegetarian/vegan_dishes_count/plots/CB2KHY1C2G9PT.png,Plant-based,NA,TRUE,Plant-based_inner,Plant-based_innerdark,Plant-based_restwash,NA,-3.031646649947709
vegetarian,Exposure: Vegan,Form: Count,-3.4269297845020934,NA,-2.1996907571091944,1.0314157932944643,1.0030980305080683,NA,Restaurant,ED5J990H5VAZT,-0.00418169279999998,0.070006674,../../model_fits/finalized_redone_trunc/t2_a1_proportion/vegetarian/vegan_dishes_count/plots/ED5J990H5VAZT.png,Plant-based,NA,TRUE,Plant-based_inner,Plant-based_innerdark,Plant-based_restwash,NA,-2.1996907571091944
vegetarian,Exposure: Vegan,Form: Count,NA,NA,-2.3920887403837967,0.9302827470093384,0.9927993785984736,NA,Restaurant,EMBVNVD207CC6,-0.1568646672,0.0116611652,../../model_fits/finalized_redone_trunc/t2_a1_proportion/vegetarian/vegan_dishes_count/plots/EMBVNVD207CC6.png,Plant-based,NA,TRUE,Plant-based_inner,Plant-based_innerdark,Plant-based_restwash,NA,-2.3920887403837967
vegetarian,Exposure: Vegan,Form: Count,-3.2933845961953927,-4.5461099323341845,-2.754123506723308,1.0378397452304247,1.003721044439574,NA,Restaurant,JHDN7CF1C03X5,0.023765458268,0.05048095884,../../model_fits/finalized_redone_trunc/t2_a1_proportion/vegetarian/vegan_dishes_count/plots/JHDN7CF1C03X5.png,Plant-based,FALSE,TRUE,Plant-based_inner,Plant-based_innerdark,Plant-based_restwash,0.023765458268,-2.754123506723308
vegetarian,Exposure: Vegan,Form: Count,-4.270433122123072,NA,-2.5350119171066257,1.0145336233355764,1.0014439437343112,NA,Restaurant,L69HYJ4Y3TR91,-0.021009988,0.04742093376,../../model_fits/finalized_redone_trunc/t2_a1_proportion/vegetarian/vegan_dishes_count/plots/L69HYJ4Y3TR91.png,Plant-based,NA,TRUE,Plant-based_inner,Plant-based_innerdark,Plant-based_restwash,NA,-2.5350119171066257
vegetarian,Exposure: Vegan,Form: Count,NA,NA,-3.481727166626078,0.9538000859545648,0.9952810510917782,NA,Restaurant,LBZEEFSBJNB3Z,-0.0869258284,-0.00591142968000001,../../model_fits/finalized_redone_trunc/t2_a1_proportion/vegetarian/vegan_dishes_count/plots/LBZEEFSBJNB3Z.png,Plant-based,NA,TRUE,Plant-based_inner,Plant-based_innerdark,Plant-based_restwash,NA,-3.481727166626078
vegetarian,Exposure: Vegan,Form: Count,-4.147312150593905,NA,-1.465255393373605,1.018518506124985,1.0018365971323517,NA,Restaurant,LFZFT3VASXPED,-0.09616978972,0.1262646172,../../model_fits/finalized_redone_trunc/t2_a1_proportion/vegetarian/vegan_dishes_count/plots/LFZFT3VASXPED.png,Plant-based,NA,TRUE,Plant-based_inner,Plant-based_innerdark,Plant-based_restwash,NA,-1.465255393373605
vegetarian,Exposure: Vegan,Form: Count,NA,NA,-1.7303006205250626,0.9673866921436485,0.9966897933546084,NA,Restaurant,LQ5EH4BKGV61T,-0.1435107252,0.0752691363999999,../../model_fits/finalized_redone_trunc/t2_a1_proportion/vegetarian/vegan_dishes_count/plots/LQ5EH4BKGV61T.png,Plant-based,NA,TRUE,Plant-based_inner,Plant-based_innerdark,Plant-based_restwash,NA,-1.7303006205250626
vegetarian,Exposure: Vegan,Form: Count,NA,NA,-2.187700300523265,0.9811197672182626,0.9980957414054312,NA,Restaurant,S8MT0YGD2KTN9,-0.087893570316,0.0503750798,../../model_fits/finalized_redone_trunc/t2_a1_proportion/vegetarian/vegan_dishes_count/plots/S8MT0YGD2KTN9.png,Plant-based,NA,TRUE,Plant-based_inner,Plant-based_innerdark,Plant-based_restwash,NA,-2.187700300523265
vegetarian,Exposure: Vegan,Form: Count,NA,NA,-1.3260303845634382,0.996911750483174,0.9996907450291797,NA,Restaurant,SAFK7ND1HR6XS,-0.1558639812,0.13298130648,../../model_fits/finalized_redone_trunc/t2_a1_proportion/vegetarian/vegan_dishes_count/plots/SAFK7ND1HR6XS.png,Plant-based,NA,TRUE,Plant-based_inner,Plant-based_innerdark,Plant-based_restwash,NA,-1.3260303845634382
vegetarian,Exposure: Vegan,Form: Count,NA,NA,NA,0.7091209284537834,0.9662111175107618,NA,Restaurant,SRQS8F7JWA9MZ,-0.4470105588,-0.2371507296,../../model_fits/finalized_redone_trunc/t2_a1_proportion/vegetarian/vegan_dishes_count/plots/SRQS8F7JWA9MZ.png,Plant-based,NA,NA,Plant-based_inner,Plant-based_innerdark,Plant-based_restwash,NA,NA
vegetarian,Exposure: Vegan,Form: Count,NA,NA,-2.4250547188909075,0.9983757105882519,0.9998374522123235,NA,Restaurant,V3Q26BHF3SE2H,-0.0430274776,0.0414128488,../../model_fits/finalized_redone_trunc/t2_a1_proportion/vegetarian/vegan_dishes_count/plots/V3Q26BHF3SE2H.png,Plant-based,NA,TRUE,Plant-based_inner,Plant-based_innerdark,Plant-based_restwash,NA,-2.4250547188909075
vegetarian,Exposure: Vegan,Form: Count,NA,NA,-4.168289229172382,0.9971222955522274,0.9997118562213948,NA,Restaurant,W8T41JZK0ZMEP,-0.01305318968,0.00677506543999999,../../model_fits/finalized_redone_trunc/t2_a1_proportion/vegetarian/vegan_dishes_count/plots/W8T41JZK0ZMEP.png,Plant-based,NA,TRUE,Plant-based_inner,Plant-based_innerdark,Plant-based_restwash,NA,-4.168289229172382
vegetarian,Exposure: Vegan,Form: Proportion,-0.8667033394191519,NA,0.8140639154923182,1.524355747283551,1.0430584200466009,NA,Restaurant,1SQPTEGYPH0GA,-0.48634129,1.317931828,../../model_fits/finalized_redone_trunc/t2_a1_proportion/vegetarian/vegan_dishes_prop/plots/1SQPTEGYPH0GA.png,Plant-based,NA,TRUE,Plant-based_inner,Plant-based_innerdark,Plant-based_restwash,NA,0.8140639154923182
vegetarian,Exposure: Vegan,Form: Proportion,-0.7215537127114969,NA,0.9660518729690735,1.611925814106996,1.0489010134629613,NA,Restaurant,2HRX9P6HKXA8V,-0.5608380568,1.5575802436,../../model_fits/finalized_redone_trunc/t2_a1_proportion/vegetarian/vegan_dishes_prop/plots/2HRX9P6HKXA8V.png,Plant-based,NA,TRUE,Plant-based_inner,Plant-based_innerdark,Plant-based_restwash,NA,0.9660518729690735
vegetarian,Exposure: Vegan,Form: Proportion,NA,NA,-0.609145670357391,0.7408352826626349,0.9704477685841902,NA,Restaurant,78AY09MVJVTYE,-0.7132341536,0.1161253136,../../model_fits/finalized_redone_trunc/t2_a1_proportion/vegetarian/vegan_dishes_prop/plots/78AY09MVJVTYE.png,Plant-based,NA,TRUE,Plant-based_inner,Plant-based_innerdark,Plant-based_restwash,NA,-0.609145670357391
vegetarian,Exposure: Vegan,Form: Proportion,NA,NA,-0.3212939960737165,0.4312108488643,0.9193247829268041,NA,Restaurant,9XKJD8DQTH559,-1.612725524,-0.0532558112,../../model_fits/finalized_redone_trunc/t2_a1_proportion/vegetarian/vegan_dishes_prop/plots/9XKJD8DQTH559.png,Plant-based,NA,TRUE,Plant-based_inner,Plant-based_innerdark,Plant-based_restwash,NA,-0.3212939960737165
vegetarian,Exposure: Vegan,Form: Proportion,NA,NA,0.3128361045778808,0.8532802236701834,0.9842584863958825,NA,Restaurant,C0BE4NDSW26QN,-0.9413274384,0.6280864256,../../model_fits/finalized_redone_trunc/t2_a1_proportion/vegetarian/vegan_dishes_prop/plots/C0BE4NDSW26QN.png,Plant-based,NA,TRUE,Plant-based_inner,Plant-based_innerdark,Plant-based_restwash,NA,0.3128361045778808
vegetarian,Exposure: Vegan,Form: Proportion,-0.5209832816102776,NA,0.4944070262368194,1.781123972052829,1.0594230431240934,NA,Restaurant,CB2KHY1C2G9PT,0.076139704,1.1032045192,../../model_fits/finalized_redone_trunc/t2_a1_proportion/vegetarian/vegan_dishes_prop/plots/CB2KHY1C2G9PT.png,Plant-based,NA,TRUE,Plant-based_inner,Plant-based_innerdark,Plant-based_restwash,NA,0.4944070262368194
vegetarian,Exposure: Vegan,Form: Proportion,-1.9715771340614714,NA,0.3875747712884992,1.144949864975537,1.0136281125607194,NA,Restaurant,ED5J990H5VAZT,-0.527886216,0.834898756,../../model_fits/finalized_redone_trunc/t2_a1_proportion/vegetarian/vegan_dishes_prop/plots/ED5J990H5VAZT.png,Plant-based,NA,TRUE,Plant-based_inner,Plant-based_innerdark,Plant-based_restwash,NA,0.3875747712884992
vegetarian,Exposure: Vegan,Form: Proportion,NA,NA,NA,0.2903858567119664,0.8836851278590382,NA,Restaurant,EMBVNVD207CC6,-1.755244534,-0.7206760112,../../model_fits/finalized_redone_trunc/t2_a1_proportion/vegetarian/vegan_dishes_prop/plots/EMBVNVD207CC6.png,Plant-based,NA,NA,Plant-based_inner,Plant-based_innerdark,Plant-based_restwash,NA,NA
vegetarian,Exposure: Vegan,Form: Proportion,0.4355928155699044,-1.7961476622792705,1.077771642366562,4.6837745844792416,1.1669697502298015,NA,Restaurant,JHDN7CF1C03X5,0.884863006,2.213352672,../../model_fits/finalized_redone_trunc/t2_a1_proportion/vegetarian/vegan_dishes_prop/plots/JHDN7CF1C03X5.png,Plant-based,FALSE,TRUE,Plant-based_inner,Plant-based_innerdark,Plant-based_restwash,0.884863006,1.077771642366562
vegetarian,Exposure: Vegan,Form: Proportion,NA,NA,0.6583562334894093,0.7027354315781428,0.9653375172366924,NA,Restaurant,L69HYJ4Y3TR91,-1.46760188,0.773352828,../../model_fits/finalized_redone_trunc/t2_a1_proportion/vegetarian/vegan_dishes_prop/plots/L69HYJ4Y3TR91.png,Plant-based,NA,TRUE,Plant-based_inner,Plant-based_innerdark,Plant-based_restwash,NA,0.6583562334894093
vegetarian,Exposure: Vegan,Form: Proportion,NA,NA,-0.05801087001867134,0.326954405672711,0.8942289369431738,NA,Restaurant,LBZEEFSBJNB3Z,-2.17459264,-0.0584693520000003,../../model_fits/finalized_redone_trunc/t2_a1_proportion/vegetarian/vegan_dishes_prop/plots/LBZEEFSBJNB3Z.png,Plant-based,NA,TRUE,Plant-based_inner,Plant-based_innerdark,Plant-based_restwash,NA,-0.0584693520000003
vegetarian,Exposure: Vegan,Form: Proportion,NA,NA,1.088763721431016,0.6721076485456985,0.961045354515605,NA,Restaurant,LFZFT3VASXPED,-2.068036584,1.2607037168,../../model_fits/finalized_redone_trunc/t2_a1_proportion/vegetarian/vegan_dishes_prop/plots/LFZFT3VASXPED.png,Plant-based,NA,TRUE,Plant-based_inner,Plant-based_innerdark,Plant-based_restwash,NA,1.088763721431016
vegetarian,Exposure: Vegan,Form: Proportion,-1.8889326803876527,NA,0.9584802094590972,1.1304531595667346,1.0123373426413762,NA,Restaurant,LQ5EH4BKGV61T,-1.0633983428,1.372098018,../../model_fits/finalized_redone_trunc/t2_a1_proportion/vegetarian/vegan_dishes_prop/plots/LQ5EH4BKGV61T.png,Plant-based,NA,TRUE,Plant-based_inner,Plant-based_innerdark,Plant-based_restwash,NA,0.9584802094590972
vegetarian,Exposure: Vegan,Form: Proportion,NA,NA,0.9991800904818888,0.883535492871387,0.9876939647448074,NA,Restaurant,S8MT0YGD2KTN9,-1.555001048,1.2341166,../../model_fits/finalized_redone_trunc/t2_a1_proportion/vegetarian/vegan_dishes_prop/plots/S8MT0YGD2KTN9.png,Plant-based,NA,TRUE,Plant-based_inner,Plant-based_innerdark,Plant-based_restwash,NA,0.9991800904818888
vegetarian,Exposure: Vegan,Form: Proportion,NA,NA,1.0372994235040471,0.6330617248376772,0.9553106198484371,NA,Restaurant,SAFK7ND1HR6XS,-1.968707672,1.1529592528,../../model_fits/finalized_redone_trunc/t2_a1_proportion/vegetarian/vegan_dishes_prop/plots/SAFK7ND1HR6XS.png,Plant-based,NA,TRUE,Plant-based_inner,Plant-based_innerdark,Plant-based_restwash,NA,1.0372994235040471
vegetarian,Exposure: Vegan,Form: Proportion,NA,NA,NA,0.2175299036191187,0.8585229253849893,NA,Restaurant,SRQS8F7JWA9MZ,-1.896502932,-1.1471897,../../model_fits/finalized_redone_trunc/t2_a1_proportion/vegetarian/vegan_dishes_prop/plots/SRQS8F7JWA9MZ.png,Plant-based,NA,NA,Plant-based_inner,Plant-based_innerdark,Plant-based_restwash,NA,NA
vegetarian,Exposure: Vegan,Form: Proportion,NA,NA,0.07582300029471466,0.7279203471696629,0.9687425729269702,NA,Restaurant,V3Q26BHF3SE2H,-1.019000084,0.400563064,../../model_fits/finalized_redone_trunc/t2_a1_proportion/vegetarian/vegan_dishes_prop/plots/V3Q26BHF3SE2H.png,Plant-based,NA,TRUE,Plant-based_inner,Plant-based_innerdark,Plant-based_restwash,NA,0.07582300029471466
vegetarian,Exposure: Vegan,Form: Proportion,NA,NA,0.03707987246714722,0.7768362634279192,0.9750636110596523,NA,Restaurant,W8T41JZK0ZMEP,-0.908421444,0.417271616,../../model_fits/finalized_redone_trunc/t2_a1_proportion/vegetarian/vegan_dishes_prop/plots/W8T41JZK0ZMEP.png,Plant-based,NA,TRUE,Plant-based_inner,Plant-based_innerdark,Plant-based_restwash,NA,0.03707987246714722
vegetarian,Exposure: Vegetarian,Form: Count,NA,NA,-4.434478589522975,0.997695450560904,0.99976930571402,NA,Restaurant,1SQPTEGYPH0GA,-0.00953111748000001,0.00515024732,../../model_fits/finalized_redone_trunc/t2_a1_proportion/vegetarian/vegetarian_dishes_count/plots/1SQPTEGYPH0GA.png,Plant-based,NA,TRUE,Plant-based_inner,Plant-based_innerdark,Plant-based_restwash,NA,-4.434478589522975
vegetarian,Exposure: Vegetarian,Form: Count,NA,NA,-2.3399602243616027,0.9933862601897675,0.9993366493643803,NA,Restaurant,2HRX9P6HKXA8V,-0.05513277384,0.04027394956,../../model_fits/finalized_redone_trunc/t2_a1_proportion/vegetarian/vegetarian_dishes_count/plots/2HRX9P6HKXA8V.png,Plant-based,NA,TRUE,Plant-based_inner,Plant-based_innerdark,Plant-based_restwash,NA,-2.3399602243616027
vegetarian,Exposure: Vegetarian,Form: Count,-4.371046143450565,NA,-3.2450693723542616,1.0125197820653329,1.0012449801101078,NA,Restaurant,78AY09MVJVTYE,-0.001035187508,0.025954833888,../../model_fits/finalized_redone_trunc/t2_a1_proportion/vegetarian/vegetarian_dishes_count/plots/78AY09MVJVTYE.png,Plant-based,NA,TRUE,Plant-based_inner,Plant-based_innerdark,Plant-based_restwash,NA,-3.2450693723542616
vegetarian,Exposure: Vegetarian,Form: Count,NA,NA,-4.4558315296831985,0.9992859750372329,0.9999285745509189,NA,Restaurant,9XKJD8DQTH559,-0.0063948958,0.00509331172,../../model_fits/finalized_redone_trunc/t2_a1_proportion/vegetarian/vegetarian_dishes_count/plots/9XKJD8DQTH559.png,Plant-based,NA,TRUE,Plant-based_inner,Plant-based_innerdark,Plant-based_restwash,NA,-4.4558315296831985
vegetarian,Exposure: Vegetarian,Form: Count,-4.739008778902363,NA,-3.348014393871629,1.0086003660608585,1.0008567261403678,NA,Restaurant,C0BE4NDSW26QN,-0.00462735724,0.022330545696,../../model_fits/finalized_redone_trunc/t2_a1_proportion/vegetarian/vegetarian_dishes_count/plots/C0BE4NDSW26QN.png,Plant-based,NA,TRUE,Plant-based_inner,Plant-based_innerdark,Plant-based_restwash,NA,-3.348014393871629
vegetarian,Exposure: Vegetarian,Form: Count,-4.129695533122654,NA,-3.408894390278808,1.0167892368292548,1.0016663724080335,NA,Restaurant,CB2KHY1C2G9PT,0.00679984404,0.02526298648,../../model_fits/finalized_redone_trunc/t2_a1_proportion/vegetarian/vegetarian_dishes_count/plots/CB2KHY1C2G9PT.png,Plant-based,NA,TRUE,Plant-based_inner,Plant-based_innerdark,Plant-based_restwash,NA,-3.408894390278808
vegetarian,Exposure: Vegetarian,Form: Count,-3.465097340707903,NA,-2.7856803711301517,1.0319842238753147,1.0031532992212486,NA,Restaurant,ED5J990H5VAZT,0.0151858288,0.04798672448,../../model_fits/finalized_redone_trunc/t2_a1_proportion/vegetarian/vegetarian_dishes_count/plots/ED5J990H5VAZT.png,Plant-based,NA,TRUE,Plant-based_inner,Plant-based_innerdark,Plant-based_restwash,NA,-2.7856803711301517
vegetarian,Exposure: Vegetarian,Form: Count,-3.630070139054963,NA,-2.0172810493753617,1.0241648653742172,1.002390604448872,NA,Restaurant,EMBVNVD207CC6,-0.02753975912,0.0822884172,../../model_fits/finalized_redone_trunc/t2_a1_proportion/vegetarian/vegetarian_dishes_count/plots/EMBVNVD207CC6.png,Plant-based,NA,TRUE,Plant-based_inner,Plant-based_innerdark,Plant-based_restwash,NA,-2.0172810493753617
vegetarian,Exposure: Vegetarian,Form: Count,-3.4475586114556727,-4.540193277362608,-2.966861496636917,1.03209028464098,1.0031636085151578,NA,Restaurant,JHDN7CF1C03X5,0.0220705168,0.042183445924,../../model_fits/finalized_redone_trunc/t2_a1_proportion/vegetarian/vegetarian_dishes_count/plots/JHDN7CF1C03X5.png,Plant-based,FALSE,TRUE,Plant-based_inner,Plant-based_innerdark,Plant-based_restwash,0.0220705168,-2.966861496636917
vegetarian,Exposure: Vegetarian,Form: Count,-4.630644530736442,NA,-2.7880627002945273,1.0093513723936385,1.0009312252212141,NA,Restaurant,L69HYJ4Y3TR91,-0.01561900744,0.03389024576,../../model_fits/finalized_redone_trunc/t2_a1_proportion/vegetarian/vegetarian_dishes_count/plots/L69HYJ4Y3TR91.png,Plant-based,NA,TRUE,Plant-based_inner,Plant-based_innerdark,Plant-based_restwash,NA,-2.7880627002945273
vegetarian,Exposure: Vegetarian,Form: Count,NA,NA,-3.0078050870757367,0.9968154813701315,0.9996810908623329,NA,Restaurant,LBZEEFSBJNB3Z,-0.02860333432,0.02241338908,../../model_fits/finalized_redone_trunc/t2_a1_proportion/vegetarian/vegetarian_dishes_count/plots/LBZEEFSBJNB3Z.png,Plant-based,NA,TRUE,Plant-based_inner,Plant-based_innerdark,Plant-based_restwash,NA,-3.0078050870757367
vegetarian,Exposure: Vegetarian,Form: Count,-7.240095728412281,NA,-1.8651934348982642,1.0017822086143673,1.000178078090521,NA,Restaurant,LFZFT3VASXPED,-0.0728391616,0.071827635984,../../model_fits/finalized_redone_trunc/t2_a1_proportion/vegetarian/vegetarian_dishes_count/plots/LFZFT3VASXPED.png,Plant-based,NA,TRUE,Plant-based_inner,Plant-based_innerdark,Plant-based_restwash,NA,-1.8651934348982642
vegetarian,Exposure: Vegetarian,Form: Count,-3.776638340225745,NA,-1.7732160984037815,1.0233167391651592,1.0023075640371562,NA,Restaurant,LQ5EH4BKGV61T,-0.0459168472,0.0928038482,../../model_fits/finalized_redone_trunc/t2_a1_proportion/vegetarian/vegetarian_dishes_count/plots/LQ5EH4BKGV61T.png,Plant-based,NA,TRUE,Plant-based_inner,Plant-based_innerdark,Plant-based_restwash,NA,-1.7732160984037815
vegetarian,Exposure: Vegetarian,Form: Count,NA,NA,-3.964221614752785,0.9794107423276253,0.997921745417818,NA,Restaurant,S8MT0YGD2KTN9,-0.04099850844,1.70916559999997e-4,../../model_fits/finalized_redone_trunc/t2_a1_proportion/vegetarian/vegetarian_dishes_count/plots/S8MT0YGD2KTN9.png,Plant-based,NA,TRUE,Plant-based_inner,Plant-based_innerdark,Plant-based_restwash,NA,-3.964221614752785
vegetarian,Exposure: Vegetarian,Form: Count,-4.12708304719213,NA,-1.6350641446429186,1.0103520106213666,1.0010304100580478,NA,Restaurant,SAFK7ND1HR6XS,-0.06590562432,0.0962501188,../../model_fits/finalized_redone_trunc/t2_a1_proportion/vegetarian/vegetarian_dishes_count/plots/SAFK7ND1HR6XS.png,Plant-based,NA,TRUE,Plant-based_inner,Plant-based_innerdark,Plant-based_restwash,NA,-1.6350641446429186
vegetarian,Exposure: Vegetarian,Form: Count,-2.607412643114532,-3.312606999208058,-2.1482915397308258,1.0767662553306692,1.0074236538489523,NA,Restaurant,SRQS8F7JWA9MZ,0.05276735296,0.09368855344,../../model_fits/finalized_redone_trunc/t2_a1_proportion/vegetarian/vegetarian_dishes_count/plots/SRQS8F7JWA9MZ.png,Plant-based,FALSE,TRUE,Plant-based_inner,Plant-based_innerdark,Plant-based_restwash,0.05276735296,-2.1482915397308258
vegetarian,Exposure: Vegetarian,Form: Count,-4.39527146774718,NA,-2.560617404881569,1.0114309638136536,1.0011372585886726,NA,Restaurant,V3Q26BHF3SE2H,-0.01779072704,0.04394639556,../../model_fits/finalized_redone_trunc/t2_a1_proportion/vegetarian/vegetarian_dishes_count/plots/V3Q26BHF3SE2H.png,Plant-based,NA,TRUE,Plant-based_inner,Plant-based_innerdark,Plant-based_restwash,NA,-2.560617404881569
vegetarian,Exposure: Vegetarian,Form: Count,-11.091883357387282,NA,-4.178305841855141,0.9998837437582807,0.9999883737675852,NA,Restaurant,W8T41JZK0ZMEP,-0.0079264374,0.00739245916,../../model_fits/finalized_redone_trunc/t2_a1_proportion/vegetarian/vegetarian_dishes_count/plots/W8T41JZK0ZMEP.png,Plant-based,NA,TRUE,Plant-based_inner,Plant-based_innerdark,Plant-based_restwash,NA,-4.178305841855141
vegetarian,Exposure: Vegetarian,Form: Proportion,-1.4731923764733754,NA,0.39491292412773205,1.255691792755572,1.023029849560686,NA,Restaurant,1SQPTEGYPH0GA,-0.3904846736,0.868148364,../../model_fits/finalized_redone_trunc/t2_a1_proportion/vegetarian/vegetarian_dishes_prop/plots/1SQPTEGYPH0GA.png,Plant-based,NA,TRUE,Plant-based_inner,Plant-based_innerdark,Plant-based_restwash,NA,0.39491292412773205
vegetarian,Exposure: Vegetarian,Form: Proportion,NA,NA,0.7360840371420928,0.7946777280785093,0.9772802095209621,NA,Restaurant,2HRX9P6HKXA8V,-1.4430596872,0.910230524,../../model_fits/finalized_redone_trunc/t2_a1_proportion/vegetarian/vegetarian_dishes_prop/plots/2HRX9P6HKXA8V.png,Plant-based,NA,TRUE,Plant-based_inner,Plant-based_innerdark,Plant-based_restwash,NA,0.7360840371420928
vegetarian,Exposure: Vegetarian,Form: Proportion,-3.3720091918044903,NA,-0.19668207725285172,1.0262416973791162,1.0025936869511969,NA,Restaurant,78AY09MVJVTYE,-0.356739506576,0.43076894488,../../model_fits/finalized_redone_trunc/t2_a1_proportion/vegetarian/vegetarian_dishes_prop/plots/78AY09MVJVTYE.png,Plant-based,NA,TRUE,Plant-based_inner,Plant-based_innerdark,Plant-based_restwash,NA,-0.19668207725285172
vegetarian,Exposure: Vegetarian,Form: Proportion,NA,NA,0.17074545401450641,0.9646946042604801,0.9964120820152236,NA,Restaurant,9XKJD8DQTH559,-0.6436096,0.591292608,../../model_fits/finalized_redone_trunc/t2_a1_proportion/vegetarian/vegetarian_dishes_prop/plots/9XKJD8DQTH559.png,Plant-based,NA,TRUE,Plant-based_inner,Plant-based_innerdark,Plant-based_restwash,NA,0.17074545401450641
vegetarian,Exposure: Vegetarian,Form: Proportion,-1.2040297725450742,NA,0.43052619930601965,1.3507103645219716,1.0305195216179026,NA,Restaurant,C0BE4NDSW26QN,-0.3362838836,0.947708919199999,../../model_fits/finalized_redone_trunc/t2_a1_proportion/vegetarian/vegetarian_dishes_prop/plots/C0BE4NDSW26QN.png,Plant-based,NA,TRUE,Plant-based_inner,Plant-based_innerdark,Plant-based_restwash,NA,0.43052619930601965
vegetarian,Exposure: Vegetarian,Form: Proportion,-0.1439054644760661,NA,0.6767858246987506,2.374724225106457,1.0903384269593654,NA,Restaurant,CB2KHY1C2G9PT,0.32605277304,1.38130409932,../../model_fits/finalized_redone_trunc/t2_a1_proportion/vegetarian/vegetarian_dishes_prop/plots/CB2KHY1C2G9PT.png,Plant-based,NA,TRUE,Plant-based_inner,Plant-based_innerdark,Plant-based_restwash,NA,0.6767858246987506
vegetarian,Exposure: Vegetarian,Form: Proportion,-0.17919400522129517,NA,0.7626285267237138,2.334745286126554,1.0884887648957344,NA,Restaurant,ED5J990H5VAZT,0.176679296,1.483297464,../../model_fits/finalized_redone_trunc/t2_a1_proportion/vegetarian/vegetarian_dishes_prop/plots/ED5J990H5VAZT.png,Plant-based,NA,TRUE,Plant-based_inner,Plant-based_innerdark,Plant-based_restwash,NA,0.7626285267237138
vegetarian,Exposure: Vegetarian,Form: Proportion,-1.6140786108845493,NA,0.3535874287904712,1.2127108795678274,1.0194729978475874,NA,Restaurant,EMBVNVD207CC6,-0.408618,0.8332056336,../../model_fits/finalized_redone_trunc/t2_a1_proportion/vegetarian/vegetarian_dishes_prop/plots/EMBVNVD207CC6.png,Plant-based,NA,TRUE,Plant-based_inner,Plant-based_innerdark,Plant-based_restwash,NA,0.3535874287904712
vegetarian,Exposure: Vegetarian,Form: Proportion,0.6384029371102883,-0.6453991334916784,1.2034193603540704,6.50290774983107,1.2058985121284445,NA,Restaurant,JHDN7CF1C03X5,1.1991538692000001,2.6035196276,../../model_fits/finalized_redone_trunc/t2_a1_proportion/vegetarian/vegetarian_dishes_prop/plots/JHDN7CF1C03X5.png,Plant-based,FALSE,TRUE,Plant-based_inner,Plant-based_innerdark,Plant-based_restwash,1.1991538692000001,1.2034193603540704
vegetarian,Exposure: Vegetarian,Form: Proportion,-0.4249624711885598,NA,1.1446879152245282,1.9240453064169079,1.0676318698855862,NA,Restaurant,L69HYJ4Y3TR91,-0.656444948,1.951169408,../../model_fits/finalized_redone_trunc/t2_a1_proportion/vegetarian/vegetarian_dishes_prop/plots/L69HYJ4Y3TR91.png,Plant-based,NA,TRUE,Plant-based_inner,Plant-based_innerdark,Plant-based_restwash,NA,1.1446879152245282
vegetarian,Exposure: Vegetarian,Form: Proportion,-2.3865696744731992,NA,0.3767444022990038,1.0971087770092094,1.0093109128501263,NA,Restaurant,LBZEEFSBJNB3Z,-0.5868591696,0.77689681264,../../model_fits/finalized_redone_trunc/t2_a1_proportion/vegetarian/vegetarian_dishes_prop/plots/LBZEEFSBJNB3Z.png,Plant-based,NA,TRUE,Plant-based_inner,Plant-based_innerdark,Plant-based_restwash,NA,0.3767444022990038
vegetarian,Exposure: Vegetarian,Form: Proportion,-0.270053739801577,NA,1.3798303714805338,2.1238222745575257,1.0782310078223645,NA,Restaurant,LFZFT3VASXPED,-0.883667168,2.3935966596,../../model_fits/finalized_redone_trunc/t2_a1_proportion/vegetarian/vegetarian_dishes_prop/plots/LFZFT3VASXPED.png,Plant-based,NA,TRUE,Plant-based_inner,Plant-based_innerdark,Plant-based_restwash,NA,1.3798303714805338
vegetarian,Exposure: Vegetarian,Form: Proportion,-1.0643567951619972,NA,1.0329924755895015,1.403906173669765,1.0345078925891025,NA,Restaurant,LQ5EH4BKGV61T,-0.8498549496,1.535204256,../../model_fits/finalized_redone_trunc/t2_a1_proportion/vegetarian/vegetarian_dishes_prop/plots/LQ5EH4BKGV61T.png,Plant-based,NA,TRUE,Plant-based_inner,Plant-based_innerdark,Plant-based_restwash,NA,1.0329924755895015
vegetarian,Exposure: Vegetarian,Form: Proportion,NA,NA,-0.06037229193554701,0.7374664524545514,0.9700055673161441,NA,Restaurant,S8MT0YGD2KTN9,-0.9319995968,0.332238388,../../model_fits/finalized_redone_trunc/t2_a1_proportion/vegetarian/vegetarian_dishes_prop/plots/S8MT0YGD2KTN9.png,Plant-based,NA,TRUE,Plant-based_inner,Plant-based_innerdark,Plant-based_restwash,NA,-0.06037229193554701
vegetarian,Exposure: Vegetarian,Form: Proportion,-1.4515203086434807,NA,1.131714968699406,1.291234516130815,1.0258893295551736,NA,Restaurant,SAFK7ND1HR6XS,-1.2337564,1.7161640444,../../model_fits/finalized_redone_trunc/t2_a1_proportion/vegetarian/vegetarian_dishes_prop/plots/SAFK7ND1HR6XS.png,Plant-based,NA,TRUE,Plant-based_inner,Plant-based_innerdark,Plant-based_restwash,NA,1.131714968699406
vegetarian,Exposure: Vegetarian,Form: Proportion,0.00923602947393686,-0.9023707638576383,0.49388884967178104,2.7322410639870367,1.1057371509651945,NA,Restaurant,SRQS8F7JWA9MZ,0.6969447464,1.31881069,../../model_fits/finalized_redone_trunc/t2_a1_proportion/vegetarian/vegetarian_dishes_prop/plots/SRQS8F7JWA9MZ.png,Plant-based,FALSE,TRUE,Plant-based_inner,Plant-based_innerdark,Plant-based_restwash,0.6969447464,0.49388884967178104
vegetarian,Exposure: Vegetarian,Form: Proportion,-0.10986657274627272,NA,0.6129930236865941,2.476723915325855,1.0949335412454015,NA,Restaurant,V3Q26BHF3SE2H,0.4208613936,1.359840948,../../model_fits/finalized_redone_trunc/t2_a1_proportion/vegetarian/vegetarian_dishes_prop/plots/V3Q26BHF3SE2H.png,Plant-based,NA,TRUE,Plant-based_inner,Plant-based_innerdark,Plant-based_restwash,NA,0.6129930236865941
vegetarian,Exposure: Vegetarian,Form: Proportion,-1.7640769003215027,NA,0.5710619438972008,1.198611076263499,1.0182814414525572,NA,Restaurant,W8T41JZK0ZMEP,-0.654948316,0.9930196464,../../model_fits/finalized_redone_trunc/t2_a1_proportion/vegetarian/vegetarian_dishes_prop/plots/W8T41JZK0ZMEP.png,Plant-based,NA,TRUE,Plant-based_inner,Plant-based_innerdark,Plant-based_restwash,NA,0.5710619438972008
vegan,Exposure: Alt-Protein-Modifiable,Form: Count,-3.5094067969553473,NA,-2.0620648117496234,1.02976401567864,1.0029372718543694,NA,Restaurant,1SQPTEGYPH0GA,-0.0176163928,0.07818934088,../../model_fits/finalized_redone_trunc/t2_a1_proportion/vegan/mpbamod_dishes_count/plots/1SQPTEGYPH0GA.png,Plant-based,NA,TRUE,Plant-based_inner,Plant-based_innerdark,Plant-based_restwash,NA,-2.0620648117496234
vegan,Exposure: Alt-Protein-Modifiable,Form: Count,NA,NA,-1.7517433792016073,0.9817682710519712,0.998161694257631,NA,Restaurant,2HRX9P6HKXA8V,-0.121213914904,0.0825976128,../../model_fits/finalized_redone_trunc/t2_a1_proportion/vegan/mpbamod_dishes_count/plots/2HRX9P6HKXA8V.png,Plant-based,NA,TRUE,Plant-based_inner,Plant-based_innerdark,Plant-based_restwash,NA,-1.7517433792016073
vegan,Exposure: Alt-Protein-Modifiable,Form: Count,-3.906680457065532,NA,-1.8689516278297675,1.0214000814756448,1.002119674841173,NA,Restaurant,78AY09MVJVTYE,-0.0493314212,0.0906707912,../../model_fits/finalized_redone_trunc/t2_a1_proportion/vegan/mpbamod_dishes_count/plots/78AY09MVJVTYE.png,Plant-based,NA,TRUE,Plant-based_inner,Plant-based_innerdark,Plant-based_restwash,NA,-1.8689516278297675
vegan,Exposure: Alt-Protein-Modifiable,Form: Count,NA,NA,NA,0.9630451885679018,0.9962415862337625,NA,Restaurant,9XKJD8DQTH559,-0.0507558758,-0.02261669208,../../model_fits/finalized_redone_trunc/t2_a1_proportion/vegan/mpbamod_dishes_count/plots/9XKJD8DQTH559.png,Plant-based,NA,NA,Plant-based_inner,Plant-based_innerdark,Plant-based_restwash,NA,NA
vegan,Exposure: Alt-Protein-Modifiable,Form: Count,-2.1469208609869055,NA,-1.1816713385751367,1.1251349398537056,1.0118600770283759,NA,Restaurant,C0BE4NDSW26QN,0.02458332588,0.207088475856,../../model_fits/finalized_redone_trunc/t2_a1_proportion/vegan/mpbamod_dishes_count/plots/C0BE4NDSW26QN.png,Plant-based,NA,TRUE,Plant-based_inner,Plant-based_innerdark,Plant-based_restwash,NA,-1.1816713385751367
vegan,Exposure: Alt-Protein-Modifiable,Form: Count,NA,NA,-2.055421007176038,0.9928233177621054,0.9992800034719816,NA,Restaurant,CB2KHY1C2G9PT,-0.07388946252,0.06091518596,../../model_fits/finalized_redone_trunc/t2_a1_proportion/vegan/mpbamod_dishes_count/plots/CB2KHY1C2G9PT.png,Plant-based,NA,TRUE,Plant-based_inner,Plant-based_innerdark,Plant-based_restwash,NA,-2.055421007176038
vegan,Exposure: Alt-Protein-Modifiable,Form: Count,-3.8236947760786317,NA,-3.045964569420642,1.0220864434635963,1.0021869950776832,NA,Restaurant,ED5J990H5VAZT,0.00899655616,0.03485427344,../../model_fits/finalized_redone_trunc/t2_a1_proportion/vegan/mpbamod_dishes_count/plots/ED5J990H5VAZT.png,Plant-based,NA,TRUE,Plant-based_inner,Plant-based_innerdark,Plant-based_restwash,NA,-3.045964569420642
vegan,Exposure: Alt-Protein-Modifiable,Form: Count,-2.7797277318755946,NA,-1.4673946493596597,1.0631764483428117,1.006144910624208,NA,Restaurant,EMBVNVD207CC6,-0.02262371164,0.15160707968,../../model_fits/finalized_redone_trunc/t2_a1_proportion/vegan/mpbamod_dishes_count/plots/EMBVNVD207CC6.png,Plant-based,NA,TRUE,Plant-based_inner,Plant-based_innerdark,Plant-based_restwash,NA,-1.4673946493596597
vegan,Exposure: Alt-Protein-Modifiable,Form: Count,NA,NA,-3.074917285320511,0.9931023145442238,0.9993080810413991,NA,Restaurant,JHDN7CF1C03X5,-0.03246995146,0.019520131992,../../model_fits/finalized_redone_trunc/t2_a1_proportion/vegan/mpbamod_dishes_count/plots/JHDN7CF1C03X5.png,Plant-based,NA,TRUE,Plant-based_inner,Plant-based_innerdark,Plant-based_restwash,NA,-3.074917285320511
vegan,Exposure: Alt-Protein-Modifiable,Form: Count,-2.3289088288268793,NA,-1.0948193101993042,1.098804480543062,1.0094668046719697,NA,Restaurant,L69HYJ4Y3TR91,-0.017453362,0.213074054504,../../model_fits/finalized_redone_trunc/t2_a1_proportion/vegan/mpbamod_dishes_count/plots/L69HYJ4Y3TR91.png,Plant-based,NA,TRUE,Plant-based_inner,Plant-based_innerdark,Plant-based_restwash,NA,-1.0948193101993042
vegan,Exposure: Alt-Protein-Modifiable,Form: Count,-4.807931811030871,NA,-1.9655495632843203,1.0091472716011718,1.000910983563693,NA,Restaurant,LBZEEFSBJNB3Z,-0.058784691736,0.075104739064,../../model_fits/finalized_redone_trunc/t2_a1_proportion/vegan/mpbamod_dishes_count/plots/LBZEEFSBJNB3Z.png,Plant-based,NA,TRUE,Plant-based_inner,Plant-based_innerdark,Plant-based_restwash,NA,-1.9655495632843203
vegan,Exposure: Alt-Protein-Modifiable,Form: Count,-3.929194123711595,NA,-0.9209579726614169,1.004035412437892,1.0004028103062919,NA,Restaurant,LFZFT3VASXPED,-0.1383498496,0.18016267392,../../model_fits/finalized_redone_trunc/t2_a1_proportion/vegan/mpbamod_dishes_count/plots/LFZFT3VASXPED.png,Plant-based,NA,TRUE,Plant-based_inner,Plant-based_innerdark,Plant-based_restwash,NA,-0.9209579726614169
vegan,Exposure: Alt-Protein-Modifiable,Form: Count,-1.9631346036301363,NA,-0.8323352978692027,1.135871800774659,1.0128215463765922,NA,Restaurant,LQ5EH4BKGV61T,0.00896951,0.276920577,../../model_fits/finalized_redone_trunc/t2_a1_proportion/vegan/mpbamod_dishes_count/plots/LQ5EH4BKGV61T.png,Plant-based,NA,TRUE,Plant-based_inner,Plant-based_innerdark,Plant-based_restwash,NA,-0.8323352978692027
vegan,Exposure: Alt-Protein-Modifiable,Form: Count,-3.6228606943338435,NA,-1.5234209487199204,1.0282061562227351,1.0027854409518813,NA,Restaurant,S8MT0YGD2KTN9,-0.06549572324,0.11608380844,../../model_fits/finalized_redone_trunc/t2_a1_proportion/vegan/mpbamod_dishes_count/plots/S8MT0YGD2KTN9.png,Plant-based,NA,TRUE,Plant-based_inner,Plant-based_innerdark,Plant-based_restwash,NA,-1.5234209487199204
vegan,Exposure: Alt-Protein-Modifiable,Form: Count,-6.004018448207063,NA,-1.2823851692931834,0.9935972659175457,0.9993578743010041,NA,Restaurant,SAFK7ND1HR6XS,-0.1212306892,0.13865659844,../../model_fits/finalized_redone_trunc/t2_a1_proportion/vegan/mpbamod_dishes_count/plots/SAFK7ND1HR6XS.png,Plant-based,NA,TRUE,Plant-based_inner,Plant-based_innerdark,Plant-based_restwash,NA,-1.2823851692931834
vegan,Exposure: Alt-Protein-Modifiable,Form: Count,NA,NA,-2.340116307554167,0.9829287781700375,0.9982796200530475,NA,Restaurant,SRQS8F7JWA9MZ,-0.0712567252,0.03925008192,../../model_fits/finalized_redone_trunc/t2_a1_proportion/vegan/mpbamod_dishes_count/plots/SRQS8F7JWA9MZ.png,Plant-based,NA,TRUE,Plant-based_inner,Plant-based_innerdark,Plant-based_restwash,NA,-2.340116307554167
vegan,Exposure: Alt-Protein-Modifiable,Form: Count,-3.4113127283814446,NA,-2.3374287458076757,1.034166274274418,1.0033652066366052,NA,Restaurant,V3Q26BHF3SE2H,0.00140962308,0.0656104706,../../model_fits/finalized_redone_trunc/t2_a1_proportion/vegan/mpbamod_dishes_count/plots/V3Q26BHF3SE2H.png,Plant-based,NA,TRUE,Plant-based_inner,Plant-based_innerdark,Plant-based_restwash,NA,-2.3374287458076757
vegan,Exposure: Alt-Protein-Modifiable,Form: Count,NA,NA,-4.263198014631416,0.9816887579144411,0.9981536098793596,NA,Restaurant,W8T41JZK0ZMEP,-0.0341413324,-9.84721255999998e-4,../../model_fits/finalized_redone_trunc/t2_a1_proportion/vegan/mpbamod_dishes_count/plots/W8T41JZK0ZMEP.png,Plant-based,NA,TRUE,Plant-based_inner,Plant-based_innerdark,Plant-based_restwash,NA,-4.263198014631416
vegan,Exposure: Alt-Protein-Modifiable,Form: Proportion,-0.4187220854378628,NA,1.4534844407203056,1.916352903080913,1.067204256878024,NA,Restaurant,1SQPTEGYPH0GA,-1.104846944,2.428097116,../../model_fits/finalized_redone_trunc/t2_a1_proportion/vegan/mpbamod_dishes_prop/plots/1SQPTEGYPH0GA.png,Plant-based,NA,TRUE,Plant-based_inner,Plant-based_innerdark,Plant-based_restwash,NA,1.4534844407203056
vegan,Exposure: Alt-Protein-Modifiable,Form: Proportion,NA,NA,1.496514169206985,0.7882444275312263,0.9764861569073888,NA,Restaurant,2HRX9P6HKXA8V,-2.383168388,2.136716816,../../model_fits/finalized_redone_trunc/t2_a1_proportion/vegan/mpbamod_dishes_prop/plots/2HRX9P6HKXA8V.png,Plant-based,NA,TRUE,Plant-based_inner,Plant-based_innerdark,Plant-based_restwash,NA,1.496514169206985
vegan,Exposure: Alt-Protein-Modifiable,Form: Proportion,NA,NA,1.0410540640321222,0.435768364888597,0.9202918371015829,NA,Restaurant,78AY09MVJVTYE,-2.835706728,0.926262296,../../model_fits/finalized_redone_trunc/t2_a1_proportion/vegan/mpbamod_dishes_prop/plots/78AY09MVJVTYE.png,Plant-based,NA,TRUE,Plant-based_inner,Plant-based_innerdark,Plant-based_restwash,NA,0.926262296
vegan,Exposure: Alt-Protein-Modifiable,Form: Proportion,NA,NA,-0.33078095047314715,0.49224531452241305,0.9315757162731734,NA,Restaurant,9XKJD8DQTH559,-1.4515345056,0.06020516808,../../model_fits/finalized_redone_trunc/t2_a1_proportion/vegan/mpbamod_dishes_prop/plots/9XKJD8DQTH559.png,Plant-based,NA,TRUE,Plant-based_inner,Plant-based_innerdark,Plant-based_restwash,NA,-0.33078095047314715
vegan,Exposure: Alt-Protein-Modifiable,Form: Proportion,-0.4435794706869226,NA,1.626799209165254,1.9844665748697636,1.0709381231928587,NA,Restaurant,C0BE4NDSW26QN,-1.756527872,3.00409968,../../model_fits/finalized_redone_trunc/t2_a1_proportion/vegan/mpbamod_dishes_prop/plots/C0BE4NDSW26QN.png,Plant-based,NA,TRUE,Plant-based_inner,Plant-based_innerdark,Plant-based_restwash,NA,1.626799209165254
vegan,Exposure: Alt-Protein-Modifiable,Form: Proportion,NA,NA,NA,0.011808790703425335,0.6415352770077462,NA,Restaurant,CB2KHY1C2G9PT,-5.589526288,-3.3038945,../../model_fits/finalized_redone_trunc/t2_a1_proportion/vegan/mpbamod_dishes_prop/plots/CB2KHY1C2G9PT.png,Plant-based,NA,NA,Plant-based_inner,Plant-based_innerdark,Plant-based_restwash,NA,NA
vegan,Exposure: Alt-Protein-Modifiable,Form: Proportion,-0.5997550470149874,NA,0.11073189580682205,1.7183581861103268,1.0556291387126773,NA,Restaurant,ED5J990H5VAZT,0.2679487888,0.8389557492,../../model_fits/finalized_redone_trunc/t2_a1_proportion/vegan/mpbamod_dishes_prop/plots/ED5J990H5VAZT.png,Plant-based,NA,TRUE,Plant-based_inner,Plant-based_innerdark,Plant-based_restwash,NA,0.11073189580682205
vegan,Exposure: Alt-Protein-Modifiable,Form: Proportion,0.3648703051812016,NA,1.155545389810392,4.259205753251789,1.1559335316217778,NA,Restaurant,EMBVNVD207CC6,0.50198291464,2.3294973216,../../model_fits/finalized_redone_trunc/t2_a1_proportion/vegan/mpbamod_dishes_prop/plots/EMBVNVD207CC6.png,Plant-based,NA,TRUE,Plant-based_inner,Plant-based_innerdark,Plant-based_restwash,NA,1.155545389810392
vegan,Exposure: Alt-Protein-Modifiable,Form: Proportion,NA,NA,-0.22201622448594613,0.27965210639172905,0.8803630563561052,NA,Restaurant,JHDN7CF1C03X5,-2.2738160992,-0.2110790356,../../model_fits/finalized_redone_trunc/t2_a1_proportion/vegan/mpbamod_dishes_prop/plots/JHDN7CF1C03X5.png,Plant-based,NA,TRUE,Plant-based_inner,Plant-based_innerdark,Plant-based_restwash,NA,-0.22201622448594613
vegan,Exposure: Alt-Protein-Modifiable,Form: Proportion,0.36959717779540974,NA,2.073782968515689,4.14308384234467,1.1527426776345888,NA,Restaurant,L69HYJ4Y3TR91,-1.866086044,4.577068717264,../../model_fits/finalized_redone_trunc/t2_a1_proportion/vegan/mpbamod_dishes_prop/plots/L69HYJ4Y3TR91.png,Plant-based,NA,TRUE,Plant-based_inner,Plant-based_innerdark,Plant-based_restwash,NA,2.073782968515689
vegan,Exposure: Alt-Protein-Modifiable,Form: Proportion,1.351581680958727,NA,2.118780662486116,46.99580535681956,1.469622896665728,NA,Restaurant,LBZEEFSBJNB3Z,1.747823544,6.013474436,../../model_fits/finalized_redone_trunc/t2_a1_proportion/vegan/mpbamod_dishes_prop/plots/LBZEEFSBJNB3Z.png,Plant-based,NA,TRUE,Plant-based_inner,Plant-based_innerdark,Plant-based_restwash,NA,2.118780662486116
vegan,Exposure: Alt-Protein-Modifiable,Form: Proportion,0.06310630632949105,NA,2.3689770641034156,2.888849453845066,1.1119173093855044,NA,Restaurant,LFZFT3VASXPED,-3.3465268,5.545748696,../../model_fits/finalized_redone_trunc/t2_a1_proportion/vegan/mpbamod_dishes_prop/plots/LFZFT3VASXPED.png,Plant-based,NA,TRUE,Plant-based_inner,Plant-based_innerdark,Plant-based_restwash,NA,2.3689770641034156
vegan,Exposure: Alt-Protein-Modifiable,Form: Proportion,0.7072216006453494,NA,2.002245303540811,7.6862771456881855,1.226229059633318,NA,Restaurant,LQ5EH4BKGV61T,-0.666284524,4.74575880208,../../model_fits/finalized_redone_trunc/t2_a1_proportion/vegan/mpbamod_dishes_prop/plots/LQ5EH4BKGV61T.png,Plant-based,NA,TRUE,Plant-based_inner,Plant-based_innerdark,Plant-based_restwash,NA,2.002245303540811
vegan,Exposure: Alt-Protein-Modifiable,Form: Proportion,1.1916650172831507,NA,2.0197979242633854,27.388557043108296,1.3923772386856932,NA,Restaurant,S8MT0YGD2KTN9,1.163114396,5.490709076,../../model_fits/finalized_redone_trunc/t2_a1_proportion/vegan/mpbamod_dishes_prop/plots/S8MT0YGD2KTN9.png,Plant-based,NA,TRUE,Plant-based_inner,Plant-based_innerdark,Plant-based_restwash,NA,2.0197979242633854
vegan,Exposure: Alt-Protein-Modifiable,Form: Proportion,NA,NA,1.4660416661471305,0.7323868653893139,0.9693353582697155,NA,Restaurant,SAFK7ND1HR6XS,-2.630011776,2.1506897096,../../model_fits/finalized_redone_trunc/t2_a1_proportion/vegan/mpbamod_dishes_prop/plots/SAFK7ND1HR6XS.png,Plant-based,NA,TRUE,Plant-based_inner,Plant-based_innerdark,Plant-based_restwash,NA,1.4660416661471305
vegan,Exposure: Alt-Protein-Modifiable,Form: Proportion,NA,NA,-0.0420431799679388,0.798055300548844,0.9776947849332778,NA,Restaurant,SRQS8F7JWA9MZ,-0.8066153572,0.36003218,../../model_fits/finalized_redone_trunc/t2_a1_proportion/vegan/mpbamod_dishes_prop/plots/SRQS8F7JWA9MZ.png,Plant-based,NA,TRUE,Plant-based_inner,Plant-based_innerdark,Plant-based_restwash,NA,-0.0420431799679388
vegan,Exposure: Alt-Protein-Modifiable,Form: Proportion,-1.6237289608835281,NA,0.2693831703689283,1.228312345013912,1.0207770132633727,NA,Restaurant,V3Q26BHF3SE2H,-0.3900622832,0.755551428,../../model_fits/finalized_redone_trunc/t2_a1_proportion/vegan/mpbamod_dishes_prop/plots/V3Q26BHF3SE2H.png,Plant-based,NA,TRUE,Plant-based_inner,Plant-based_innerdark,Plant-based_restwash,NA,0.2693831703689283
vegan,Exposure: Alt-Protein-Modifiable,Form: Proportion,-2.9914963592026935,NA,0.42931540139680985,1.0490864312850592,1.0048034718594883,NA,Restaurant,W8T41JZK0ZMEP,-0.70369412,0.80896982156,../../model_fits/finalized_redone_trunc/t2_a1_proportion/vegan/mpbamod_dishes_prop/plots/W8T41JZK0ZMEP.png,Plant-based,NA,TRUE,Plant-based_inner,Plant-based_innerdark,Plant-based_restwash,NA,0.42931540139680985
vegan,Exposure: Vegan,Form: Count,-3.449751649242376,NA,-2.453397351971185,1.0325891593435863,1.0032120872318289,NA,Restaurant,1SQPTEGYPH0GA,0.00327255440000001,0.0592735652,../../model_fits/finalized_redone_trunc/t2_a1_proportion/vegan/vegan_dishes_count/plots/1SQPTEGYPH0GA.png,Plant-based,NA,TRUE,Plant-based_inner,Plant-based_innerdark,Plant-based_restwash,NA,-2.453397351971185
vegan,Exposure: Vegan,Form: Count,NA,NA,-2.194415235559833,0.9806256315176434,0.9980454614530431,NA,Restaurant,2HRX9P6HKXA8V,-0.083532828772,0.04760227584,../../model_fits/finalized_redone_trunc/t2_a1_proportion/vegan/vegan_dishes_count/plots/2HRX9P6HKXA8V.png,Plant-based,NA,TRUE,Plant-based_inner,Plant-based_innerdark,Plant-based_restwash,NA,-2.194415235559833
vegan,Exposure: Vegan,Form: Count,-2.719266876381527,-4.784154212537471,-2.0683138510184946,1.0668426917091254,1.0064913310551387,NA,Restaurant,78AY09MVJVTYE,0.03554794632,0.09693445186,../../model_fits/finalized_redone_trunc/t2_a1_proportion/vegan/vegan_dishes_count/plots/78AY09MVJVTYE.png,Plant-based,FALSE,TRUE,Plant-based_inner,Plant-based_innerdark,Plant-based_restwash,0.03554794632,-2.0683138510184946
vegan,Exposure: Vegan,Form: Count,-5.92366863349471,NA,-3.6294811076305624,1.0024738980482286,1.00024711482784,NA,Restaurant,9XKJD8DQTH559,-0.0092100316,0.0143869496,../../model_fits/finalized_redone_trunc/t2_a1_proportion/vegan/vegan_dishes_count/plots/9XKJD8DQTH559.png,Plant-based,NA,TRUE,Plant-based_inner,Plant-based_innerdark,Plant-based_restwash,NA,-3.6294811076305624
vegan,Exposure: Vegan,Form: Count,-3.4404895466914733,NA,-2.5091704064027427,1.032928976835146,1.0032450973149418,NA,Restaurant,C0BE4NDSW26QN,0.00687655076,0.05759223168,../../model_fits/finalized_redone_trunc/t2_a1_proportion/vegan/vegan_dishes_count/plots/C0BE4NDSW26QN.png,Plant-based,NA,TRUE,Plant-based_inner,Plant-based_innerdark,Plant-based_restwash,NA,-2.5091704064027427
vegan,Exposure: Vegan,Form: Count,-1.791280868163518,-2.2067674794559973,-1.4823133278943639,1.1808437997968249,1.0167618563347565,NA,Restaurant,CB2KHY1C2G9PT,0.13678150712,0.19678228132,../../model_fits/finalized_redone_trunc/t2_a1_proportion/vegan/vegan_dishes_count/plots/CB2KHY1C2G9PT.png,Plant-based,FALSE,TRUE,Plant-based_inner,Plant-based_innerdark,Plant-based_restwash,0.13678150712,-1.4823133278943639
vegan,Exposure: Vegan,Form: Count,-2.1970864922304063,NA,-1.4547701441772531,1.1146682589085601,1.0109148202282707,NA,Restaurant,ED5J990H5VAZT,0.051840158,0.1717947436,../../model_fits/finalized_redone_trunc/t2_a1_proportion/vegan/vegan_dishes_count/plots/ED5J990H5VAZT.png,Plant-based,NA,TRUE,Plant-based_inner,Plant-based_innerdark,Plant-based_restwash,NA,-1.4547701441772531
vegan,Exposure: Vegan,Form: Count,-2.990262513383787,NA,-1.3684291476336903,1.0457032703038638,1.0044789652139132,NA,Restaurant,EMBVNVD207CC6,-0.0464700359999999,0.153570808,../../model_fits/finalized_redone_trunc/t2_a1_proportion/vegan/vegan_dishes_count/plots/EMBVNVD207CC6.png,Plant-based,NA,TRUE,Plant-based_inner,Plant-based_innerdark,Plant-based_restwash,NA,-1.3684291476336903
vegan,Exposure: Vegan,Form: Count,-3.828020394829578,NA,-2.9709374593571134,1.0223004874012374,1.0022079807623543,NA,Restaurant,JHDN7CF1C03X5,0.006811993924,0.036517451488,../../model_fits/finalized_redone_trunc/t2_a1_proportion/vegan/vegan_dishes_count/plots/JHDN7CF1C03X5.png,Plant-based,NA,TRUE,Plant-based_inner,Plant-based_innerdark,Plant-based_restwash,NA,-2.9709374593571134
vegan,Exposure: Vegan,Form: Count,-2.4188349331705266,NA,-1.6832776821150135,1.0922528034277066,1.0088632838892584,NA,Restaurant,L69HYJ4Y3TR91,0.0391096808,0.1381920744,../../model_fits/finalized_redone_trunc/t2_a1_proportion/vegan/vegan_dishes_count/plots/L69HYJ4Y3TR91.png,Plant-based,NA,TRUE,Plant-based_inner,Plant-based_innerdark,Plant-based_restwash,NA,-1.6832776821150135
vegan,Exposure: Vegan,Form: Count,NA,NA,NA,0.8727125323350268,0.9864773571938896,NA,Restaurant,LBZEEFSBJNB3Z,-0.18483694228,-0.08487186256,../../model_fits/finalized_redone_trunc/t2_a1_proportion/vegan/vegan_dishes_count/plots/LBZEEFSBJNB3Z.png,Plant-based,NA,NA,Plant-based_inner,Plant-based_innerdark,Plant-based_restwash,NA,NA
vegan,Exposure: Vegan,Form: Count,-2.849752974292624,NA,-1.164355141121598,1.0569563765144956,1.0055547140309833,NA,Restaurant,LFZFT3VASXPED,-0.0710013726,0.18906611244,../../model_fits/finalized_redone_trunc/t2_a1_proportion/vegan/vegan_dishes_count/plots/LFZFT3VASXPED.png,Plant-based,NA,TRUE,Plant-based_inner,Plant-based_innerdark,Plant-based_restwash,NA,-1.164355141121598
vegan,Exposure: Vegan,Form: Count,-1.8682236971207309,NA,-0.7851676134404104,1.1651178258823627,1.0153995922853452,NA,Restaurant,LQ5EH4BKGV61T,0.00511323920000001,0.30005725192,../../model_fits/finalized_redone_trunc/t2_a1_proportion/vegan/vegan_dishes_count/plots/LQ5EH4BKGV61T.png,Plant-based,NA,TRUE,Plant-based_inner,Plant-based_innerdark,Plant-based_restwash,NA,-0.7851676134404104
vegan,Exposure: Vegan,Form: Count,NA,NA,-2.010170331092806,0.9592526186170552,0.9958485591543336,NA,Restaurant,S8MT0YGD2KTN9,-0.1386210195,0.051779362656,../../model_fits/finalized_redone_trunc/t2_a1_proportion/vegan/vegan_dishes_count/plots/S8MT0YGD2KTN9.png,Plant-based,NA,TRUE,Plant-based_inner,Plant-based_innerdark,Plant-based_restwash,NA,-2.010170331092806
vegan,Exposure: Vegan,Form: Count,NA,NA,-1.235935243933172,0.9737719615207795,0.9973457160075329,NA,Restaurant,SAFK7ND1HR6XS,-0.182732216,0.12120372252,../../model_fits/finalized_redone_trunc/t2_a1_proportion/vegan/vegan_dishes_count/plots/SAFK7ND1HR6XS.png,Plant-based,NA,TRUE,Plant-based_inner,Plant-based_innerdark,Plant-based_restwash,NA,-1.235935243933172
vegan,Exposure: Vegan,Form: Count,-2.0329180918779306,-5.16749938940792,-1.324213080275953,1.1381356739556665,1.0130232280862945,NA,Restaurant,V3Q26BHF3SE2H,0.067485096,0.1939900356,../../model_fits/finalized_redone_trunc/t2_a1_proportion/vegan/vegan_dishes_count/plots/V3Q26BHF3SE2H.png,Plant-based,FALSE,TRUE,Plant-based_inner,Plant-based_innerdark,Plant-based_restwash,0.067485096,-1.324213080275953
vegan,Exposure: Vegan,Form: Count,NA,NA,-4.361572721471203,0.9918314836306978,0.9991801301271191,NA,Restaurant,W8T41JZK0ZMEP,-0.01843051476,0.00226623807999999,../../model_fits/finalized_redone_trunc/t2_a1_proportion/vegan/vegan_dishes_count/plots/W8T41JZK0ZMEP.png,Plant-based,NA,TRUE,Plant-based_inner,Plant-based_innerdark,Plant-based_restwash,NA,-4.361572721471203
vegan,Exposure: Vegan,Form: Proportion,-0.1249382068536635,NA,1.1351122896151542,2.391316975612356,1.091097886891681,NA,Restaurant,1SQPTEGYPH0GA,-0.24311228552,2.006118088,../../model_fits/finalized_redone_trunc/t2_a1_proportion/vegan/vegan_dishes_prop/plots/1SQPTEGYPH0GA.png,Plant-based,NA,TRUE,Plant-based_inner,Plant-based_innerdark,Plant-based_restwash,NA,1.1351122896151542
vegan,Exposure: Vegan,Form: Proportion,NA,NA,0.7577302327138086,0.8149923314902161,0.9797501806682644,NA,Restaurant,2HRX9P6HKXA8V,-1.37381329184,1.0183219552,../../model_fits/finalized_redone_trunc/t2_a1_proportion/vegan/vegan_dishes_prop/plots/2HRX9P6HKXA8V.png,Plant-based,NA,TRUE,Plant-based_inner,Plant-based_innerdark,Plant-based_restwash,NA,0.7577302327138086
vegan,Exposure: Vegan,Form: Proportion,0.22058172464537193,NA,0.983712744473405,3.4678669200708003,1.1324166398279842,NA,Restaurant,78AY09MVJVTYE,0.5307375196,1.9562342916,../../model_fits/finalized_redone_trunc/t2_a1_proportion/vegan/vegan_dishes_prop/plots/78AY09MVJVTYE.png,Plant-based,NA,TRUE,Plant-based_inner,Plant-based_innerdark,Plant-based_restwash,NA,0.983712744473405
vegan,Exposure: Vegan,Form: Proportion,-0.6255435837260555,NA,0.815277318306178,1.7315886812852148,1.056439117694128,NA,Restaurant,9XKJD8DQTH559,-0.35084724,1.39522972,../../model_fits/finalized_redone_trunc/t2_a1_proportion/vegan/vegan_dishes_prop/plots/9XKJD8DQTH559.png,Plant-based,NA,TRUE,Plant-based_inner,Plant-based_innerdark,Plant-based_restwash,NA,0.815277318306178
vegan,Exposure: Vegan,Form: Proportion,NA,NA,0.6005662186873919,0.9543584589246639,0.995339301420765,NA,Restaurant,C0BE4NDSW26QN,-1.007693668,0.884560148,../../model_fits/finalized_redone_trunc/t2_a1_proportion/vegan/vegan_dishes_prop/plots/C0BE4NDSW26QN.png,Plant-based,NA,TRUE,Plant-based_inner,Plant-based_innerdark,Plant-based_restwash,NA,0.6005662186873919
vegan,Exposure: Vegan,Form: Proportion,1.2219866668903423,0.31861946047557516,1.739865992574173,28.171603428838758,1.39630777606381,NA,Restaurant,CB2KHY1C2G9PT,2.2988810832,4.5074787972,../../model_fits/finalized_redone_trunc/t2_a1_proportion/vegan/vegan_dishes_prop/plots/CB2KHY1C2G9PT.png,Plant-based,TRUE,TRUE,Plant-based_inner,Plant-based_innerdark,Plant-based_restwash,2.2988810832,1.739865992574173
vegan,Exposure: Vegan,Form: Proportion,0.2658335945850735,NA,1.265451119524812,3.6570558092912355,1.1384478960074116,NA,Restaurant,ED5J990H5VAZT,0.22245296,2.351126896,../../model_fits/finalized_redone_trunc/t2_a1_proportion/vegan/vegan_dishes_prop/plots/ED5J990H5VAZT.png,Plant-based,NA,TRUE,Plant-based_inner,Plant-based_innerdark,Plant-based_restwash,NA,1.265451119524812
vegan,Exposure: Vegan,Form: Proportion,NA,NA,-1.6059474325030454,0.32870941026084166,0.894707779833781,NA,Restaurant,EMBVNVD207CC6,-1.785443644,-0.4653740392,../../model_fits/finalized_redone_trunc/t2_a1_proportion/vegan/vegan_dishes_prop/plots/EMBVNVD207CC6.png,Plant-based,NA,TRUE,Plant-based_inner,Plant-based_innerdark,Plant-based_restwash,NA,-1.6059474325030454
vegan,Exposure: Vegan,Form: Proportion,-0.055202123101435775,NA,0.8933944981262312,2.5598588365539925,1.0985544854764253,NA,Restaurant,JHDN7CF1C03X5,0.1861074528,1.708930564,../../model_fits/finalized_redone_trunc/t2_a1_proportion/vegan/vegan_dishes_prop/plots/JHDN7CF1C03X5.png,Plant-based,NA,TRUE,Plant-based_inner,Plant-based_innerdark,Plant-based_restwash,NA,0.8933944981262312
vegan,Exposure: Vegan,Form: Proportion,0.36173345448895294,NA,1.5495463587325657,3.9850483692584655,1.1482682582114705,NA,Restaurant,L69HYJ4Y3TR91,-0.141149456,3.009241864,../../model_fits/finalized_redone_trunc/t2_a1_proportion/vegan/vegan_dishes_prop/plots/L69HYJ4Y3TR91.png,Plant-based,NA,TRUE,Plant-based_inner,Plant-based_innerdark,Plant-based_restwash,NA,1.5495463587325657
vegan,Exposure: Vegan,Form: Proportion,NA,NA,NA,0.0638415976696543,0.7594695651255353,NA,Restaurant,LBZEEFSBJNB3Z,-4.243104116,-1.303950304,../../model_fits/finalized_redone_trunc/t2_a1_proportion/vegan/vegan_dishes_prop/plots/LBZEEFSBJNB3Z.png,Plant-based,NA,NA,Plant-based_inner,Plant-based_innerdark,Plant-based_restwash,NA,NA
vegan,Exposure: Vegan,Form: Proportion,-0.5871574297268014,NA,1.6414584161328127,1.674470875252609,1.0529015373608632,NA,Restaurant,LFZFT3VASXPED,-1.6293366,2.7204380812,../../model_fits/finalized_redone_trunc/t2_a1_proportion/vegan/vegan_dishes_prop/plots/LFZFT3VASXPED.png,Plant-based,NA,TRUE,Plant-based_inner,Plant-based_innerdark,Plant-based_restwash,NA,1.6414584161328127
vegan,Exposure: Vegan,Form: Proportion,0.07570448447977737,NA,1.5337301895304531,2.8425241993215487,1.1101212526722257,NA,Restaurant,LQ5EH4BKGV61T,-0.7238714636,2.8807712288,../../model_fits/finalized_redone_trunc/t2_a1_proportion/vegan/vegan_dishes_prop/plots/LQ5EH4BKGV61T.png,Plant-based,NA,TRUE,Plant-based_inner,Plant-based_innerdark,Plant-based_restwash,NA,1.5337301895304531
vegan,Exposure: Vegan,Form: Proportion,NA,NA,1.313465810916357,0.9838262231655218,0.998370728705886,NA,Restaurant,S8MT0YGD2KTN9,-1.838946212,1.8062500428,../../model_fits/finalized_redone_trunc/t2_a1_proportion/vegan/vegan_dishes_prop/plots/S8MT0YGD2KTN9.png,Plant-based,NA,TRUE,Plant-based_inner,Plant-based_innerdark,Plant-based_restwash,NA,1.313465810916357
vegan,Exposure: Vegan,Form: Proportion,NA,NA,1.2466909486813225,0.669720250739059,0.9607034340921207,NA,Restaurant,SAFK7ND1HR6XS,-2.334725332,1.5517120312,../../model_fits/finalized_redone_trunc/t2_a1_proportion/vegan/vegan_dishes_prop/plots/SAFK7ND1HR6XS.png,Plant-based,NA,TRUE,Plant-based_inner,Plant-based_innerdark,Plant-based_restwash,NA,1.2466909486813225
vegan,Exposure: Vegan,Form: Proportion,0.646822645434951,NA,1.3910638801095279,6.451441214781983,1.2049407010682647,NA,Restaurant,V3Q26BHF3SE2H,0.88888706,2.971999628,../../model_fits/finalized_redone_trunc/t2_a1_proportion/vegan/vegan_dishes_prop/plots/V3Q26BHF3SE2H.png,Plant-based,NA,TRUE,Plant-based_inner,Plant-based_innerdark,Plant-based_restwash,NA,1.3910638801095279
vegan,Exposure: Vegan,Form: Proportion,-5.841797948735333,NA,0.3354534063613075,1.0131087257893674,1.001303203432553,NA,Restaurant,W8T41JZK0ZMEP,-0.713179336,0.7025091952,../../model_fits/finalized_redone_trunc/t2_a1_proportion/vegan/vegan_dishes_prop/plots/W8T41JZK0ZMEP.png,Plant-based,NA,TRUE,Plant-based_inner,Plant-based_innerdark,Plant-based_restwash,NA,0.3354534063613075
vegan,Exposure: Vegetarian,Form: Count,NA,NA,-4.312738428669129,0.9961820185958349,0.9996175443048323,NA,Restaurant,1SQPTEGYPH0GA,-0.01257135112,0.00454036459999999,../../model_fits/finalized_redone_trunc/t2_a1_proportion/vegan/vegetarian_dishes_count/plots/1SQPTEGYPH0GA.png,Plant-based,NA,TRUE,Plant-based_inner,Plant-based_innerdark,Plant-based_restwash,NA,-4.312738428669129
vegan,Exposure: Vegetarian,Form: Count,NA,NA,-3.0379014449012565,0.9587074995455857,0.9957919531151668,NA,Restaurant,2HRX9P6HKXA8V,-0.095420746336,0.00364088103999999,../../model_fits/finalized_redone_trunc/t2_a1_proportion/vegan/vegetarian_dishes_count/plots/2HRX9P6HKXA8V.png,Plant-based,NA,TRUE,Plant-based_inner,Plant-based_innerdark,Plant-based_restwash,NA,-3.0379014449012565
vegan,Exposure: Vegetarian,Form: Count,-3.2561414951181296,NA,-2.5139674388867785,1.0382100845361653,1.0037568551397205,NA,Restaurant,78AY09MVJVTYE,0.016206274388,0.061001422556,../../model_fits/finalized_redone_trunc/t2_a1_proportion/vegan/vegetarian_dishes_count/plots/78AY09MVJVTYE.png,Plant-based,NA,TRUE,Plant-based_inner,Plant-based_innerdark,Plant-based_restwash,NA,-2.5139674388867785
vegan,Exposure: Vegetarian,Form: Count,NA,NA,-5.260387076979405,0.9933885256097169,0.9993368772631291,NA,Restaurant,9XKJD8DQTH559,-0.0130914184,-3.365932e-4,../../model_fits/finalized_redone_trunc/t2_a1_proportion/vegan/vegetarian_dishes_count/plots/9XKJD8DQTH559.png,Plant-based,NA,TRUE,Plant-based_inner,Plant-based_innerdark,Plant-based_restwash,NA,-5.260387076979405
vegan,Exposure: Vegetarian,Form: Count,-4.069741843976495,NA,-3.0640492526148413,1.0176990578995184,1.0017559652545718,NA,Restaurant,C0BE4NDSW26QN,0.00193392264,0.03162517012,../../model_fits/finalized_redone_trunc/t2_a1_proportion/vegan/vegetarian_dishes_count/plots/C0BE4NDSW26QN.png,Plant-based,NA,TRUE,Plant-based_inner,Plant-based_innerdark,Plant-based_restwash,NA,-3.0640492526148413
vegan,Exposure: Vegetarian,Form: Count,-2.786862894883085,-3.4053425058313436,-2.4187585466603054,1.0636255794762635,1.0061874064040648,NA,Restaurant,CB2KHY1C2G9PT,0.04697452452,0.07628928076,../../model_fits/finalized_redone_trunc/t2_a1_proportion/vegan/vegetarian_dishes_count/plots/CB2KHY1C2G9PT.png,Plant-based,FALSE,TRUE,Plant-based_inner,Plant-based_innerdark,Plant-based_restwash,0.04697452452,-2.4187585466603054
vegan,Exposure: Vegetarian,Form: Count,-3.5276668165520846,NA,-2.5632821739096796,1.0282364548199427,1.0027883958640937,NA,Restaurant,ED5J990H5VAZT,0.00690628200000001,0.05313045704,../../model_fits/finalized_redone_trunc/t2_a1_proportion/vegan/vegetarian_dishes_count/plots/ED5J990H5VAZT.png,Plant-based,NA,TRUE,Plant-based_inner,Plant-based_innerdark,Plant-based_restwash,NA,-2.5632821739096796
vegan,Exposure: Vegetarian,Form: Count,-2.663791087312178,NA,-1.7687518123542263,1.0749776869084744,1.0072561899839279,NA,Restaurant,EMBVNVD207CC6,0.01785397,0.1238004152,../../model_fits/finalized_redone_trunc/t2_a1_proportion/vegan/vegetarian_dishes_count/plots/EMBVNVD207CC6.png,Plant-based,NA,TRUE,Plant-based_inner,Plant-based_innerdark,Plant-based_restwash,NA,-1.7687518123542263
vegan,Exposure: Vegetarian,Form: Count,-4.269183207450604,NA,-3.3117782601995263,1.0135237163245225,1.00134421134877,NA,Restaurant,JHDN7CF1C03X5,0.002373274112,0.025555191352,../../model_fits/finalized_redone_trunc/t2_a1_proportion/vegan/vegetarian_dishes_count/plots/JHDN7CF1C03X5.png,Plant-based,NA,TRUE,Plant-based_inner,Plant-based_innerdark,Plant-based_restwash,NA,-3.3117782601995263
vegan,Exposure: Vegetarian,Form: Count,-3.3904226530152783,NA,-2.3324096351688186,1.0332747467271397,1.0032786755873424,NA,Restaurant,L69HYJ4Y3TR91,0.00204164160000001,0.06429691752,../../model_fits/finalized_redone_trunc/t2_a1_proportion/vegan/vegetarian_dishes_count/plots/L69HYJ4Y3TR91.png,Plant-based,NA,TRUE,Plant-based_inner,Plant-based_innerdark,Plant-based_restwash,NA,-2.3324096351688186
vegan,Exposure: Vegetarian,Form: Count,NA,NA,-4.00027969021904,0.9561033050911408,0.995521128987881,NA,Restaurant,LBZEEFSBJNB3Z,-0.07585751844,-0.012602807800000001,../../model_fits/finalized_redone_trunc/t2_a1_proportion/vegan/vegetarian_dishes_count/plots/LBZEEFSBJNB3Z.png,Plant-based,NA,TRUE,Plant-based_inner,Plant-based_innerdark,Plant-based_restwash,NA,-4.00027969021904
vegan,Exposure: Vegetarian,Form: Count,-5.017897220938708,NA,-1.7032963326515156,1.0042366150713633,1.000422855966889,NA,Restaurant,LFZFT3VASXPED,-0.0751075978,0.0871992196,../../model_fits/finalized_redone_trunc/t2_a1_proportion/vegan/vegetarian_dishes_count/plots/LFZFT3VASXPED.png,Plant-based,NA,TRUE,Plant-based_inner,Plant-based_innerdark,Plant-based_restwash,NA,-1.7032963326515156
vegan,Exposure: Vegetarian,Form: Count,-2.228598081669804,NA,-1.197964949514905,1.1087686403046317,1.0103784934565412,NA,Restaurant,LQ5EH4BKGV61T,0.0128341776,0.20535862108,../../model_fits/finalized_redone_trunc/t2_a1_proportion/vegan/vegetarian_dishes_count/plots/LQ5EH4BKGV61T.png,Plant-based,NA,TRUE,Plant-based_inner,Plant-based_innerdark,Plant-based_restwash,NA,-1.197964949514905
vegan,Exposure: Vegetarian,Form: Count,NA,NA,-3.670938750298445,0.9729818559533093,0.9972647631455925,NA,Restaurant,S8MT0YGD2KTN9,-0.05541768488,-0.00170470972,../../model_fits/finalized_redone_trunc/t2_a1_proportion/vegan/vegetarian_dishes_count/plots/S8MT0YGD2KTN9.png,Plant-based,NA,TRUE,Plant-based_inner,Plant-based_innerdark,Plant-based_restwash,NA,-3.670938750298445
vegan,Exposure: Vegetarian,Form: Count,-7.239964876702673,NA,-1.6261966578950433,0.9956406362320279,0.9995632060722552,NA,Restaurant,SAFK7ND1HR6XS,-0.09697611008,0.09635832076,../../model_fits/finalized_redone_trunc/t2_a1_proportion/vegan/vegetarian_dishes_count/plots/SAFK7ND1HR6XS.png,Plant-based,NA,TRUE,Plant-based_inner,Plant-based_innerdark,Plant-based_restwash,NA,-1.6261966578950433
vegan,Exposure: Vegetarian,Form: Count,NA,NA,-3.4484040193966314,0.9829515278284076,0.998281930523988,NA,Restaurant,SRQS8F7JWA9MZ,-0.04216717032,0.0079131744,../../model_fits/finalized_redone_trunc/t2_a1_proportion/vegan/vegetarian_dishes_count/plots/SRQS8F7JWA9MZ.png,Plant-based,NA,TRUE,Plant-based_inner,Plant-based_innerdark,Plant-based_restwash,NA,-3.4484040193966314
vegan,Exposure: Vegetarian,Form: Count,-4.314408393154735,NA,-2.4781722692174553,1.0146576825115852,1.0014561889149247,NA,Restaurant,V3Q26BHF3SE2H,-0.0244782234,0.051355861,../../model_fits/finalized_redone_trunc/t2_a1_proportion/vegan/vegetarian_dishes_count/plots/V3Q26BHF3SE2H.png,Plant-based,NA,TRUE,Plant-based_inner,Plant-based_innerdark,Plant-based_restwash,NA,-2.4781722692174553
vegan,Exposure: Vegetarian,Form: Count,NA,NA,-5.343472339040294,0.9885536289354021,0.9988494239208161,NA,Restaurant,W8T41JZK0ZMEP,-0.01899397276,-0.003042227456,../../model_fits/finalized_redone_trunc/t2_a1_proportion/vegan/vegetarian_dishes_count/plots/W8T41JZK0ZMEP.png,Plant-based,NA,TRUE,Plant-based_inner,Plant-based_innerdark,Plant-based_restwash,NA,-5.343472339040294
vegan,Exposure: Vegetarian,Form: Proportion,NA,NA,-1.0070930262287954,0.28111428194898064,0.8808222793018518,NA,Restaurant,1SQPTEGYPH0GA,-2.02187299,-0.433646784,../../model_fits/finalized_redone_trunc/t2_a1_proportion/vegan/vegetarian_dishes_prop/plots/1SQPTEGYPH0GA.png,Plant-based,NA,TRUE,Plant-based_inner,Plant-based_innerdark,Plant-based_restwash,NA,-1.0070930262287954
vegan,Exposure: Vegetarian,Form: Proportion,NA,NA,0.34829673992455373,0.4275002674463589,0.9185306213044808,NA,Restaurant,2HRX9P6HKXA8V,-1.9940794,0.315814656,../../model_fits/finalized_redone_trunc/t2_a1_proportion/vegan/vegetarian_dishes_prop/plots/2HRX9P6HKXA8V.png,Plant-based,NA,TRUE,Plant-based_inner,Plant-based_innerdark,Plant-based_restwash,NA,0.315814656
vegan,Exposure: Vegetarian,Form: Proportion,-0.7188282038790461,NA,0.502158320778446,1.6281168252706824,1.0499498514446952,NA,Restaurant,78AY09MVJVTYE,-0.07759356036,1.018429455808,../../model_fits/finalized_redone_trunc/t2_a1_proportion/vegan/vegetarian_dishes_prop/plots/78AY09MVJVTYE.png,Plant-based,NA,TRUE,Plant-based_inner,Plant-based_innerdark,Plant-based_restwash,NA,0.502158320778446
vegan,Exposure: Vegetarian,Form: Proportion,NA,NA,-0.03504492231622091,0.6736081277430227,0.9612596924886102,NA,Restaurant,9XKJD8DQTH559,-1.015935588,0.3035008,../../model_fits/finalized_redone_trunc/t2_a1_proportion/vegan/vegetarian_dishes_prop/plots/9XKJD8DQTH559.png,Plant-based,NA,TRUE,Plant-based_inner,Plant-based_innerdark,Plant-based_restwash,NA,-0.03504492231622091
vegan,Exposure: Vegetarian,Form: Proportion,NA,NA,0.24441063146194533,0.8611777498866832,0.98516569370258,NA,Restaurant,C0BE4NDSW26QN,-0.85067957,0.55954665192,../../model_fits/finalized_redone_trunc/t2_a1_proportion/vegan/vegetarian_dishes_prop/plots/C0BE4NDSW26QN.png,Plant-based,NA,TRUE,Plant-based_inner,Plant-based_innerdark,Plant-based_restwash,NA,0.24441063146194533
vegan,Exposure: Vegetarian,Form: Proportion,-0.18772889214287714,NA,0.869960636936518,2.230354519074611,1.0835211425479778,NA,Restaurant,CB2KHY1C2G9PT,0.0623224588,1.60715473552,../../model_fits/finalized_redone_trunc/t2_a1_proportion/vegan/vegetarian_dishes_prop/plots/CB2KHY1C2G9PT.png,Plant-based,NA,TRUE,Plant-based_inner,Plant-based_innerdark,Plant-based_restwash,NA,0.869960636936518
vegan,Exposure: Vegetarian,Form: Proportion,-0.9862261623124062,NA,0.7760286032667169,1.4172236759279546,1.0354850662783852,NA,Restaurant,ED5J990H5VAZT,-0.517854332,1.28584338,../../model_fits/finalized_redone_trunc/t2_a1_proportion/vegan/vegetarian_dishes_prop/plots/ED5J990H5VAZT.png,Plant-based,NA,TRUE,Plant-based_inner,Plant-based_innerdark,Plant-based_restwash,NA,0.7760286032667169
vegan,Exposure: Vegetarian,Form: Proportion,-3.1877352606659666,NA,0.3534978967246457,1.0237567504402163,1.0023506534639042,NA,Restaurant,EMBVNVD207CC6,-0.65835738,0.7818187856,../../model_fits/finalized_redone_trunc/t2_a1_proportion/vegan/vegetarian_dishes_prop/plots/EMBVNVD207CC6.png,Plant-based,NA,TRUE,Plant-based_inner,Plant-based_innerdark,Plant-based_restwash,NA,0.3534978967246457
vegan,Exposure: Vegetarian,Form: Proportion,-0.3971192498385097,NA,0.80460455456006,1.9465691943054937,1.068875160391138,NA,Restaurant,JHDN7CF1C03X5,-0.0949107984799998,1.4174856352,../../model_fits/finalized_redone_trunc/t2_a1_proportion/vegan/vegetarian_dishes_prop/plots/JHDN7CF1C03X5.png,Plant-based,NA,TRUE,Plant-based_inner,Plant-based_innerdark,Plant-based_restwash,NA,0.80460455456006
vegan,Exposure: Vegetarian,Form: Proportion,-2.5509298425545457,NA,1.0881336195105031,1.0468927593053725,1.0045931663986996,NA,Restaurant,L69HYJ4Y3TR91,-1.338019124,1.507699724,../../model_fits/finalized_redone_trunc/t2_a1_proportion/vegan/vegetarian_dishes_prop/plots/L69HYJ4Y3TR91.png,Plant-based,NA,TRUE,Plant-based_inner,Plant-based_innerdark,Plant-based_restwash,NA,1.0881336195105031
vegan,Exposure: Vegetarian,Form: Proportion,NA,NA,-0.05950319144833788,0.4531044912894876,0.9238890858540094,NA,Restaurant,LBZEEFSBJNB3Z,-1.7513291224,0.1200780376,../../model_fits/finalized_redone_trunc/t2_a1_proportion/vegan/vegetarian_dishes_prop/plots/LBZEEFSBJNB3Z.png,Plant-based,NA,TRUE,Plant-based_inner,Plant-based_innerdark,Plant-based_restwash,NA,-0.05950319144833788
vegan,Exposure: Vegetarian,Form: Proportion,NA,NA,1.1813481449284386,0.7965746312706351,0.9775132370257326,NA,Restaurant,LFZFT3VASXPED,-2.04405166868,1.5117476904,../../model_fits/finalized_redone_trunc/t2_a1_proportion/vegan/vegetarian_dishes_prop/plots/LFZFT3VASXPED.png,Plant-based,NA,TRUE,Plant-based_inner,Plant-based_innerdark,Plant-based_restwash,NA,1.1813481449284386
vegan,Exposure: Vegetarian,Form: Proportion,-0.712234850893757,NA,1.2853075273726484,1.5674745463188242,1.045971977886063,NA,Restaurant,LQ5EH4BKGV61T,-1.0232760888,1.948097592,../../model_fits/finalized_redone_trunc/t2_a1_proportion/vegan/vegetarian_dishes_prop/plots/LQ5EH4BKGV61T.png,Plant-based,NA,TRUE,Plant-based_inner,Plant-based_innerdark,Plant-based_restwash,NA,1.2853075273726484
vegan,Exposure: Vegetarian,Form: Proportion,NA,NA,0.2403280602098072,0.6997300228331248,0.9649238718786438,NA,Restaurant,S8MT0YGD2KTN9,-1.2062494116,0.487845136,../../model_fits/finalized_redone_trunc/t2_a1_proportion/vegan/vegetarian_dishes_prop/plots/S8MT0YGD2KTN9.png,Plant-based,NA,TRUE,Plant-based_inner,Plant-based_innerdark,Plant-based_restwash,NA,0.2403280602098072
vegan,Exposure: Vegetarian,Form: Proportion,NA,NA,0.8249136343614645,0.46069696954391753,0.9254256561537928,NA,Restaurant,SAFK7ND1HR6XS,-2.253243452,0.689819671599999,../../model_fits/finalized_redone_trunc/t2_a1_proportion/vegan/vegetarian_dishes_prop/plots/SAFK7ND1HR6XS.png,Plant-based,NA,TRUE,Plant-based_inner,Plant-based_innerdark,Plant-based_restwash,NA,0.689819671599999
vegan,Exposure: Vegetarian,Form: Proportion,NA,NA,-1.0755163930789562,0.636885301539717,0.9558860477017072,NA,Restaurant,SRQS8F7JWA9MZ,-0.8641943604,-0.0585426416000001,../../model_fits/finalized_redone_trunc/t2_a1_proportion/vegan/vegetarian_dishes_prop/plots/SRQS8F7JWA9MZ.png,Plant-based,NA,TRUE,Plant-based_inner,Plant-based_innerdark,Plant-based_restwash,NA,-1.0755163930789562
vegan,Exposure: Vegetarian,Form: Proportion,NA,NA,-1.2223835776404184,0.4232413183718729,0.9176114114977748,NA,Restaurant,V3Q26BHF3SE2H,-1.4540473236,-0.2705308804,../../model_fits/finalized_redone_trunc/t2_a1_proportion/vegan/vegetarian_dishes_prop/plots/V3Q26BHF3SE2H.png,Plant-based,NA,TRUE,Plant-based_inner,Plant-based_innerdark,Plant-based_restwash,NA,-1.2223835776404184
vegan,Exposure: Vegetarian,Form: Proportion,NA,NA,0.22048536426337167,0.6238980221561559,0.9539186964619899,NA,Restaurant,W8T41JZK0ZMEP,-1.350554752,0.417301092,../../model_fits/finalized_redone_trunc/t2_a1_proportion/vegan/vegetarian_dishes_prop/plots/W8T41JZK0ZMEP.png,Plant-based,NA,TRUE,Plant-based_inner,Plant-based_innerdark,Plant-based_restwash,NA,0.22048536426337167
