outcome,exposure_group,exposure_type,mean,q2.5,q97.5,mean_exp,mean_exp_p10,rhat,estimate_type,restaurant_id,q16,q84,pred_path,color_group,left_ok,right_ok,color_group_inner,color_group_innerdark,color_group_restwash,q1_lo,q1_hi
nonvegan,Exposure: Alt-Protein-Modifiable,Form: Count,1.0038156571549046,0.9338926501112139,1.082655010949764,1.0038156571549046,1.0003809121286074,NA,Pooled,POOLED,0.969619953831657,1.0410929626640149,../../model_fits/finalized_redone_trunc_cp/t2_a1_proportion/nonvegan/mpbamod_dishes_count/plots/all_restaurants_weekly.png,Animal,TRUE,TRUE,Animal_inner,Animal_innerdark,Animal_restwash,0.969619953831657,1.0410929626640149
nonvegan,Exposure: Alt-Protein-Modifiable,Form: Proportion,0.9977864031271207,0.8501473656006149,1.158708669870916,0.9780832352022506,0.9977864031271207,NA,Pooled,POOLED,0.9198060050592837,1.0783486266274132,../../model_fits/finalized_redone_trunc_cp/t2_a1_proportion/nonvegan/mpbamod_dishes_prop/plots/all_restaurants_weekly.png,Animal,TRUE,TRUE,Animal_inner,Animal_innerdark,Animal_restwash,0.9198060050592837,1.0783486266274132
nonvegan,Exposure: Vegan,Form: Count,1.0082187197595296,0.8852847943861101,1.136181576165437,1.0082187197595296,1.00081884807318,NA,Pooled,POOLED,0.9478770458586763,1.0683056653704825,../../model_fits/finalized_redone_trunc_cp/t2_a1_proportion/nonvegan/vegan_dishes_count/plots/all_restaurants_weekly.png,Animal,TRUE,TRUE,Animal_inner,Animal_innerdark,Animal_restwash,0.9478770458586763,1.0683056653704825
nonvegan,Exposure: Vegan,Form: Proportion,0.9898353701098683,0.8961824754554127,1.081675419183202,0.902879277480778,0.9898353701098683,NA,Pooled,POOLED,0.9440225986833185,1.0359924292739884,../../model_fits/finalized_redone_trunc_cp/t2_a1_proportion/nonvegan/vegan_dishes_prop/plots/all_restaurants_weekly.png,Animal,TRUE,TRUE,Animal_inner,Animal_innerdark,Animal_restwash,0.9440225986833185,1.0359924292739884
nonvegan,Exposure: Vegetarian,Form: Count,1.002680430447199,0.9582569831347841,1.0447733873082363,1.002680430447199,1.0002677202806793,NA,Pooled,POOLED,0.9797124032681659,1.0240732989281078,../../model_fits/finalized_redone_trunc_cp/t2_a1_proportion/nonvegan/vegetarian_dishes_count/plots/all_restaurants_weekly.png,Animal,TRUE,TRUE,Animal_inner,Animal_innerdark,Animal_restwash,0.9797124032681659,1.0240732989281078
nonvegan,Exposure: Vegetarian,Form: Proportion,0.9850562233951905,0.9112910599220699,1.0695167294446801,0.8602212989296585,0.9850562233951905,NA,Pooled,POOLED,0.9462894610663316,1.025924686430708,../../model_fits/finalized_redone_trunc_cp/t2_a1_proportion/nonvegan/vegetarian_dishes_prop/plots/all_restaurants_weekly.png,Animal,TRUE,TRUE,Animal_inner,Animal_innerdark,Animal_restwash,0.9462894610663316,1.025924686430708
meat,Exposure: Alt-Protein-Modifiable,Form: Count,1.006924364818519,0.9404965948657711,1.0760839159771824,1.006924364818519,1.0006902882893776,NA,Pooled,POOLED,0.9787818879489032,1.0387519028052654,../../model_fits/finalized_redone_trunc_cp/t2_a1_proportion/meat/mpbamod_dishes_count/plots/all_restaurants_weekly.png,Animal,TRUE,TRUE,Animal_inner,Animal_innerdark,Animal_restwash,0.9787818879489032,1.0387519028052654
meat,Exposure: Alt-Protein-Modifiable,Form: Proportion,1.0263552301584222,0.8820432970538383,1.165893612524043,1.2971105676925176,1.0263552301584222,NA,Pooled,POOLED,0.9519690922897517,1.0950273590257744,../../model_fits/finalized_redone_trunc_cp/t2_a1_proportion/meat/mpbamod_dishes_prop/plots/all_restaurants_weekly.png,Animal,TRUE,TRUE,Animal_inner,Animal_innerdark,Animal_restwash,0.9519690922897517,1.0950273590257744
meat,Exposure: Vegan,Form: Count,1.0036040535384194,0.8706041293700127,1.1568591812069164,1.0036040535384194,1.0003598221704724,NA,Pooled,POOLED,0.9353932756303326,1.0762648604892548,../../model_fits/finalized_redone_trunc_cp/t2_a1_proportion/meat/vegan_dishes_count/plots/all_restaurants_weekly.png,Animal,TRUE,TRUE,Animal_inner,Animal_innerdark,Animal_restwash,0.9353932756303326,1.0762648604892548
meat,Exposure: Vegan,Form: Proportion,0.9654458771449339,0.8613778871872025,1.087373282388626,0.7035246562974496,0.9654458771449339,NA,Pooled,POOLED,0.9143156233478829,1.02093168686657,../../model_fits/finalized_redone_trunc_cp/t2_a1_proportion/meat/vegan_dishes_prop/plots/all_restaurants_weekly.png,Animal,TRUE,TRUE,Animal_inner,Animal_innerdark,Animal_restwash,0.9143156233478829,1.02093168686657
meat,Exposure: Vegetarian,Form: Count,0.9863331407518053,0.948532762339916,1.0225222186911218,0.9863331407518053,0.9986248353566409,NA,Pooled,POOLED,0.9676698810919274,1.0032010338818806,../../model_fits/finalized_redone_trunc_cp/t2_a1_proportion/meat/vegetarian_dishes_count/plots/all_restaurants_weekly.png,Animal,TRUE,TRUE,Animal_inner,Animal_innerdark,Animal_restwash,0.9676698810919274,1.0032010338818806
meat,Exposure: Vegetarian,Form: Proportion,0.9003641165782293,0.8280727332627489,0.9820765599597665,0.3500916733281542,0.9003641165782293,NA,Pooled,POOLED,0.8637680487114655,0.9408313408228318,../../model_fits/finalized_redone_trunc_cp/t2_a1_proportion/meat/vegetarian_dishes_prop/plots/all_restaurants_weekly.png,Animal,TRUE,TRUE,Animal_inner,Animal_innerdark,Animal_restwash,0.8637680487114655,0.9408313408228318
chicken_fish,Exposure: Alt-Protein-Modifiable,Form: Count,1.0168201095611424,0.9390576285367153,1.1009622968284147,1.0168201095611424,1.001669413722174,NA,Pooled,POOLED,0.9809535230012403,1.055704783373272,../../model_fits/finalized_redone_trunc_cp/t2_a1_proportion/chicken_fish/mpbamod_dishes_count/plots/all_restaurants_weekly.png,Animal,TRUE,TRUE,Animal_inner,Animal_innerdark,Animal_restwash,0.9809535230012403,1.055704783373272
chicken_fish,Exposure: Alt-Protein-Modifiable,Form: Proportion,0.9969682477707674,0.8508640295811025,1.172267653324013,0.9700927698860967,0.9969682477707674,NA,Pooled,POOLED,0.9180153420982248,1.08397684089801,../../model_fits/finalized_redone_trunc_cp/t2_a1_proportion/chicken_fish/mpbamod_dishes_prop/plots/all_restaurants_weekly.png,Animal,TRUE,TRUE,Animal_inner,Animal_innerdark,Animal_restwash,0.9180153420982248,1.08397684089801
chicken_fish,Exposure: Vegan,Form: Count,0.9511926464016384,0.8496182570971765,1.059560972985018,0.9511926464016384,0.9950086320341196,NA,Pooled,POOLED,0.8961870084546255,1.0099760592708467,../../model_fits/finalized_redone_trunc_cp/t2_a1_proportion/chicken_fish/vegan_dishes_count/plots/all_restaurants_weekly.png,Animal,TRUE,TRUE,Animal_inner,Animal_innerdark,Animal_restwash,0.8961870084546255,1.0099760592708467
chicken_fish,Exposure: Vegan,Form: Proportion,0.9116321432277057,0.7917001676858375,1.0471783648400075,0.39645718741175645,0.9116321432277057,NA,Pooled,POOLED,0.847148475417727,0.9793599634888501,../../model_fits/finalized_redone_trunc_cp/t2_a1_proportion/chicken_fish/vegan_dishes_prop/plots/all_restaurants_weekly.png,Animal,TRUE,TRUE,Animal_inner,Animal_innerdark,Animal_restwash,0.847148475417727,0.9793599634888501
chicken_fish,Exposure: Vegetarian,Form: Count,0.9785607977043281,0.9341083017066336,1.0219638798199304,0.9785607977043281,0.9978351107104142,NA,Pooled,POOLED,0.9575782001761516,0.9999157948654513,../../model_fits/finalized_redone_trunc_cp/t2_a1_proportion/chicken_fish/vegetarian_dishes_count/plots/all_restaurants_weekly.png,Animal,TRUE,TRUE,Animal_inner,Animal_innerdark,Animal_restwash,0.9575782001761516,0.9999157948654513
chicken_fish,Exposure: Vegetarian,Form: Proportion,0.8313694899786463,0.7439968533881436,0.9393842923691972,0.1577396326259068,0.8313694899786463,NA,Pooled,POOLED,0.7858302434919612,0.880452618134093,../../model_fits/finalized_redone_trunc_cp/t2_a1_proportion/chicken_fish/vegetarian_dishes_prop/plots/all_restaurants_weekly.png,Animal,TRUE,TRUE,Animal_inner,Animal_innerdark,Animal_restwash,0.7858302434919612,0.880452618134093
vegetarian,Exposure: Alt-Protein-Modifiable,Form: Count,1.007334155385726,0.9317848334705549,1.087640666857124,1.007334155385726,1.0007310061798795,NA,Pooled,POOLED,0.9668270542199575,1.0465662733602807,../../model_fits/finalized_redone_trunc/t2_a1_proportion/vegetarian/mpbamod_dishes_count/plots/all_restaurants_weekly.png,Plant-based,TRUE,TRUE,Plant-based_inner,Plant-based_innerdark,Plant-based_restwash,0.9668270542199575,1.0465662733602807
vegetarian,Exposure: Alt-Protein-Modifiable,Form: Proportion,1.0102733865717326,0.8693943160791211,1.1885821953208613,1.1076157586963764,1.0102733865717326,NA,Pooled,POOLED,0.9336216550002504,1.092985714239719,../../model_fits/finalized_redone_trunc/t2_a1_proportion/vegetarian/mpbamod_dishes_prop/plots/all_restaurants_weekly.png,Plant-based,TRUE,TRUE,Plant-based_inner,Plant-based_innerdark,Plant-based_restwash,0.9336216550002504,1.092985714239719
vegetarian,Exposure: Vegan,Form: Count,0.9855734346955798,0.8851111983625071,1.0847853260595544,0.9855734346955798,0.9985478913315536,NA,Pooled,POOLED,0.9326083257377865,1.0412166329506425,../../model_fits/finalized_redone_trunc/t2_a1_proportion/vegetarian/vegan_dishes_count/plots/all_restaurants_weekly.png,Plant-based,TRUE,TRUE,Plant-based_inner,Plant-based_innerdark,Plant-based_restwash,0.9326083257377865,1.0412166329506425
vegetarian,Exposure: Vegan,Form: Proportion,0.9860997496724858,0.9041799628078966,1.0813155588626446,0.8693776788131657,0.9860997496724858,NA,Pooled,POOLED,0.944320401362113,1.0319059089863716,../../model_fits/finalized_redone_trunc/t2_a1_proportion/vegetarian/vegan_dishes_prop/plots/all_restaurants_weekly.png,Plant-based,TRUE,TRUE,Plant-based_inner,Plant-based_innerdark,Plant-based_restwash,0.944320401362113,1.0319059089863716
vegetarian,Exposure: Vegetarian,Form: Count,1.0052189751512206,0.9598618839558364,1.04955640890995,1.0052189751512206,1.0005206758546388,NA,Pooled,POOLED,0.9827324650662818,1.0261639166863035,../../model_fits/finalized_redone_trunc/t2_a1_proportion/vegetarian/vegetarian_dishes_count/plots/all_restaurants_weekly.png,Plant-based,TRUE,TRUE,Plant-based_inner,Plant-based_innerdark,Plant-based_restwash,0.9827324650662818,1.0261639166863035
vegetarian,Exposure: Vegetarian,Form: Proportion,1.0370807727450193,0.9522685526517206,1.1302983569241551,1.4392154950083071,1.0370807727450193,NA,Pooled,POOLED,0.9919789515082753,1.0817014819926383,../../model_fits/finalized_redone_trunc/t2_a1_proportion/vegetarian/vegetarian_dishes_prop/plots/all_restaurants_weekly.png,Plant-based,TRUE,TRUE,Plant-based_inner,Plant-based_innerdark,Plant-based_restwash,0.9919789515082753,1.0817014819926383
vegan,Exposure: Alt-Protein-Modifiable,Form: Count,1.0203295343382384,0.9408177903789429,1.121646786577542,1.0203295343382384,1.002014591367842,NA,Pooled,POOLED,0.9795216878565322,1.0719092473261869,../../model_fits/finalized_redone_trunc/t2_a1_proportion/vegan/mpbamod_dishes_count/plots/all_restaurants_weekly.png,Plant-based,TRUE,TRUE,Plant-based_inner,Plant-based_innerdark,Plant-based_restwash,0.9795216878565322,1.0719092473261869
vegan,Exposure: Alt-Protein-Modifiable,Form: Proportion,1.03011270233669,0.8604901064844075,1.2304860011438306,1.3453876134847746,1.03011270233669,NA,Pooled,POOLED,0.9362645212290611,1.1295295150497657,../../model_fits/finalized_redone_trunc/t2_a1_proportion/vegan/mpbamod_dishes_prop/plots/all_restaurants_weekly.png,Plant-based,TRUE,TRUE,Plant-based_inner,Plant-based_innerdark,Plant-based_restwash,0.9362645212290611,1.1295295150497657
vegan,Exposure: Vegan,Form: Count,1.0191259172119569,0.9155823429650082,1.1543475668103078,1.0191259172119569,1.0018963273588533,NA,Pooled,POOLED,0.9624858540683933,1.094352875180824,../../model_fits/finalized_redone_trunc/t2_a1_proportion/vegan/vegan_dishes_count/plots/all_restaurants_weekly.png,Plant-based,TRUE,TRUE,Plant-based_inner,Plant-based_innerdark,Plant-based_restwash,0.9624858540683933,1.094352875180824
vegan,Exposure: Vegan,Form: Proportion,1.0323716023059066,0.9128490279728416,1.1657764051703707,1.3751830093900024,1.0323716023059066,NA,Pooled,POOLED,0.9711065252136165,1.0954739240653624,../../model_fits/finalized_redone_trunc/t2_a1_proportion/vegan/vegan_dishes_prop/plots/all_restaurants_weekly.png,Plant-based,TRUE,TRUE,Plant-based_inner,Plant-based_innerdark,Plant-based_restwash,0.9711065252136165,1.0954739240653624
vegan,Exposure: Vegetarian,Form: Count,1.0157495851823108,0.9576708239985854,1.0637209454160335,1.0157495851823108,1.001563906378071,NA,Pooled,POOLED,0.9880513876453934,1.042942286671736,../../model_fits/finalized_redone_trunc/t2_a1_proportion/vegan/vegetarian_dishes_count/plots/all_restaurants_weekly.png,Plant-based,TRUE,TRUE,Plant-based_inner,Plant-based_innerdark,Plant-based_restwash,0.9880513876453934,1.042942286671736
vegan,Exposure: Vegetarian,Form: Proportion,0.9855114943372477,0.9017501379213102,1.0858361132073078,0.8642053282279613,0.9855114943372477,NA,Pooled,POOLED,0.9399834832529119,1.0347401818349622,../../model_fits/finalized_redone_trunc/t2_a1_proportion/vegan/vegetarian_dishes_prop/plots/all_restaurants_weekly.png,Plant-based,TRUE,TRUE,Plant-based_inner,Plant-based_innerdark,Plant-based_restwash,0.9399834832529119,1.0347401818349622
nonvegan,Exposure: Alt-Protein-Modifiable,Form: Count,0.9982576880907185,0.9323832918405697,1.0699288310774528,0.9982576880907185,0.9998256320538578,NA,Restaurant,1SQPTEGYPH0GA,0.9635826568992035,1.0317186961785274,../../model_fits/finalized_redone_trunc_cp/t2_a1_proportion/nonvegan/mpbamod_dishes_count/plots/1SQPTEGYPH0GA.png,Animal,TRUE,TRUE,Animal_inner,Animal_innerdark,Animal_restwash,0.9635826568992035,1.0317186961785274
nonvegan,Exposure: Alt-Protein-Modifiable,Form: Count,0.9917162657885938,0.8238958928774643,1.1887226888687152,0.9917162657885938,0.9991685223692602,NA,Restaurant,2HRX9P6HKXA8V,0.9112176242811596,1.082215057244129,../../model_fits/finalized_redone_trunc_cp/t2_a1_proportion/nonvegan/mpbamod_dishes_count/plots/2HRX9P6HKXA8V.png,Animal,TRUE,TRUE,Animal_inner,Animal_innerdark,Animal_restwash,0.9112176242811596,1.082215057244129
nonvegan,Exposure: Alt-Protein-Modifiable,Form: Count,0.9981017055443533,0.9225132541992548,1.0898864415232934,0.9981017055443533,0.9998100082007283,NA,Restaurant,78AY09MVJVTYE,0.958516810719572,1.0407860111007121,../../model_fits/finalized_redone_trunc_cp/t2_a1_proportion/nonvegan/mpbamod_dishes_count/plots/78AY09MVJVTYE.png,Animal,TRUE,TRUE,Animal_inner,Animal_innerdark,Animal_restwash,0.958516810719572,1.0407860111007121
nonvegan,Exposure: Alt-Protein-Modifiable,Form: Count,0.9958082813801388,0.9711459951837674,1.025410490364819,0.9958082813801388,0.9995800353598471,NA,Restaurant,9XKJD8DQTH559,0.9825475927833148,1.0109004746602457,../../model_fits/finalized_redone_trunc_cp/t2_a1_proportion/nonvegan/mpbamod_dishes_count/plots/9XKJD8DQTH559.png,Animal,TRUE,TRUE,Animal_inner,Animal_innerdark,Animal_restwash,0.9825475927833148,1.0109004746602457
nonvegan,Exposure: Alt-Protein-Modifiable,Form: Count,1.0166858936914094,0.8526264326731758,1.1839255563402622,1.0166858936914094,1.001656191332449,NA,Restaurant,C0BE4NDSW26QN,0.9319650300556578,1.0964454224613838,../../model_fits/finalized_redone_trunc_cp/t2_a1_proportion/nonvegan/mpbamod_dishes_count/plots/C0BE4NDSW26QN.png,Animal,TRUE,TRUE,Animal_inner,Animal_innerdark,Animal_restwash,0.9319650300556578,1.0964454224613838
nonvegan,Exposure: Alt-Protein-Modifiable,Form: Count,1.009474129601668,0.937334448856451,1.0893022212251982,1.009474129601668,1.000943397870094,NA,Restaurant,CB2KHY1C2G9PT,0.9738012267877186,1.0461124759805993,../../model_fits/finalized_redone_trunc_cp/t2_a1_proportion/nonvegan/mpbamod_dishes_count/plots/CB2KHY1C2G9PT.png,Animal,TRUE,TRUE,Animal_inner,Animal_innerdark,Animal_restwash,0.9738012267877186,1.0461124759805993
nonvegan,Exposure: Alt-Protein-Modifiable,Form: Count,1.0026402822721463,0.9817955948163162,1.0189257266372564,1.0026402822721463,1.000263715051702,NA,Restaurant,ED5J990H5VAZT,0.9918534535087097,1.0112298049136317,../../model_fits/finalized_redone_trunc_cp/t2_a1_proportion/nonvegan/mpbamod_dishes_count/plots/ED5J990H5VAZT.png,Animal,TRUE,TRUE,Animal_inner,Animal_innerdark,Animal_restwash,0.9918534535087097,1.0112298049136317
nonvegan,Exposure: Alt-Protein-Modifiable,Form: Count,1.066819325442961,0.907411881915731,1.2318588028290314,1.066819325442961,1.006489126589915,NA,Restaurant,EMBVNVD207CC6,0.9879241944925419,1.1443045929301463,../../model_fits/finalized_redone_trunc_cp/t2_a1_proportion/nonvegan/mpbamod_dishes_count/plots/EMBVNVD207CC6.png,Animal,TRUE,TRUE,Animal_inner,Animal_innerdark,Animal_restwash,0.9879241944925419,1.1443045929301463
nonvegan,Exposure: Alt-Protein-Modifiable,Form: Count,0.9956559918670631,0.9581580551938511,1.0431709187718292,0.9956559918670631,0.9995647476747876,NA,Restaurant,JHDN7CF1C03X5,0.9751211457460357,1.0188683374020415,../../model_fits/finalized_redone_trunc_cp/t2_a1_proportion/nonvegan/mpbamod_dishes_count/plots/JHDN7CF1C03X5.png,Animal,TRUE,TRUE,Animal_inner,Animal_innerdark,Animal_restwash,0.9751211457460357,1.0188683374020415
nonvegan,Exposure: Alt-Protein-Modifiable,Form: Count,1.0203081050412126,0.8478346252202974,1.1801743900990451,1.0203081050412126,1.0020124868838964,NA,Restaurant,L69HYJ4Y3TR91,0.9305884719880634,1.103419520461577,../../model_fits/finalized_redone_trunc_cp/t2_a1_proportion/nonvegan/mpbamod_dishes_count/plots/L69HYJ4Y3TR91.png,Animal,TRUE,TRUE,Animal_inner,Animal_innerdark,Animal_restwash,0.9305884719880634,1.103419520461577
nonvegan,Exposure: Alt-Protein-Modifiable,Form: Count,1.005763202468581,0.91078994830277,1.1167315105978282,1.005763202468581,1.0005748310270681,NA,Restaurant,LBZEEFSBJNB3Z,0.9582266708125403,1.0562626305638254,../../model_fits/finalized_redone_trunc_cp/t2_a1_proportion/nonvegan/mpbamod_dishes_count/plots/LBZEEFSBJNB3Z.png,Animal,TRUE,TRUE,Animal_inner,Animal_innerdark,Animal_restwash,0.9582266708125403,1.0562626305638254
nonvegan,Exposure: Alt-Protein-Modifiable,Form: Count,0.9765130916965242,0.7414848463133602,1.346851991551138,0.9765130916965242,0.9976261099441899,NA,Restaurant,LFZFT3VASXPED,0.855883878397671,1.1346400695259589,../../model_fits/finalized_redone_trunc_cp/t2_a1_proportion/nonvegan/mpbamod_dishes_count/plots/LFZFT3VASXPED.png,Animal,TRUE,TRUE,Animal_inner,Animal_innerdark,Animal_restwash,0.855883878397671,1.1346400695259589
nonvegan,Exposure: Alt-Protein-Modifiable,Form: Count,1.01221159350372,0.8369896616596962,1.2114350249698658,1.01221159350372,1.001214500258849,NA,Restaurant,LQ5EH4BKGV61T,0.9293975489256643,1.103986940933104,../../model_fits/finalized_redone_trunc_cp/t2_a1_proportion/nonvegan/mpbamod_dishes_count/plots/LQ5EH4BKGV61T.png,Animal,TRUE,TRUE,Animal_inner,Animal_innerdark,Animal_restwash,0.9293975489256643,1.103986940933104
nonvegan,Exposure: Alt-Protein-Modifiable,Form: Count,0.9975011867445291,0.8697901998825722,1.1549318351632505,0.9975011867445291,0.9997498372459213,NA,Restaurant,S8MT0YGD2KTN9,0.9323145490200065,1.0709492724064404,../../model_fits/finalized_redone_trunc_cp/t2_a1_proportion/nonvegan/mpbamod_dishes_count/plots/S8MT0YGD2KTN9.png,Animal,TRUE,TRUE,Animal_inner,Animal_innerdark,Animal_restwash,0.9323145490200065,1.0709492724064404
nonvegan,Exposure: Alt-Protein-Modifiable,Form: Count,0.9845318288117114,0.7824699160495188,1.2940079225021035,0.9845318288117114,0.9984423093114746,NA,Restaurant,SAFK7ND1HR6XS,0.8840994266599022,1.1130634878054657,../../model_fits/finalized_redone_trunc_cp/t2_a1_proportion/nonvegan/mpbamod_dishes_count/plots/SAFK7ND1HR6XS.png,Animal,TRUE,TRUE,Animal_inner,Animal_innerdark,Animal_restwash,0.8840994266599022,1.1130634878054657
nonvegan,Exposure: Alt-Protein-Modifiable,Form: Count,0.9978186126909745,0.9353207086051958,1.0668969311036083,0.9978186126909745,0.9997816468425215,NA,Restaurant,SRQS8F7JWA9MZ,0.9664099812255572,1.031568344575931,../../model_fits/finalized_redone_trunc_cp/t2_a1_proportion/nonvegan/mpbamod_dishes_count/plots/SRQS8F7JWA9MZ.png,Animal,TRUE,TRUE,Animal_inner,Animal_innerdark,Animal_restwash,0.9664099812255572,1.031568344575931
nonvegan,Exposure: Alt-Protein-Modifiable,Form: Count,1.0094196244166125,0.9653254407024191,1.050374036523496,1.0094196244166125,1.000937993280799,NA,Restaurant,V3Q26BHF3SE2H,0.9879915672527256,1.0298808578492455,../../model_fits/finalized_redone_trunc_cp/t2_a1_proportion/nonvegan/mpbamod_dishes_count/plots/V3Q26BHF3SE2H.png,Animal,TRUE,TRUE,Animal_inner,Animal_innerdark,Animal_restwash,0.9879915672527256,1.0298808578492455
nonvegan,Exposure: Alt-Protein-Modifiable,Form: Count,0.9964942113276735,0.969282401961946,1.028794419692085,0.9964942113276735,0.9996488668266874,NA,Restaurant,W8T41JZK0ZMEP,0.981237969679413,1.013359581408188,../../model_fits/finalized_redone_trunc_cp/t2_a1_proportion/nonvegan/mpbamod_dishes_count/plots/W8T41JZK0ZMEP.png,Animal,TRUE,TRUE,Animal_inner,Animal_innerdark,Animal_restwash,0.981237969679413,1.013359581408188
nonvegan,Exposure: Alt-Protein-Modifiable,Form: Proportion,1.0250876385912522,0.799379897305226,1.3105168403197756,1.2811794513146162,1.0250876385912522,NA,Restaurant,1SQPTEGYPH0GA,0.9018151476574464,1.1596426892966831,../../model_fits/finalized_redone_trunc_cp/t2_a1_proportion/nonvegan/mpbamod_dishes_prop/plots/1SQPTEGYPH0GA.png,Animal,TRUE,TRUE,Animal_inner,Animal_innerdark,Animal_restwash,0.9018151476574464,1.1596426892966831
nonvegan,Exposure: Alt-Protein-Modifiable,Form: Proportion,0.9890933089948974,0.6361519921026632,1.493379577492224,0.8961333490644486,0.9890933089948974,NA,Restaurant,2HRX9P6HKXA8V,0.7995878730032532,1.2149756652607968,../../model_fits/finalized_redone_trunc_cp/t2_a1_proportion/nonvegan/mpbamod_dishes_prop/plots/2HRX9P6HKXA8V.png,Animal,TRUE,TRUE,Animal_inner,Animal_innerdark,Animal_restwash,0.7995878730032532,1.2149756652607968
nonvegan,Exposure: Alt-Protein-Modifiable,Form: Proportion,1.0192267942683895,0.8161396042593538,1.2761767274901168,1.2097853534142802,1.0192267942683895,NA,Restaurant,78AY09MVJVTYE,0.9098257839574581,1.1398060368313216,../../model_fits/finalized_redone_trunc_cp/t2_a1_proportion/nonvegan/mpbamod_dishes_prop/plots/78AY09MVJVTYE.png,Animal,TRUE,TRUE,Animal_inner,Animal_innerdark,Animal_restwash,0.9098257839574581,1.1398060368313216
nonvegan,Exposure: Alt-Protein-Modifiable,Form: Proportion,1.018019621374747,0.886698258608189,1.1657037150555087,1.1955327761084353,1.018019621374747,NA,Restaurant,9XKJD8DQTH559,0.9495447521383047,1.0922255148153326,../../model_fits/finalized_redone_trunc_cp/t2_a1_proportion/nonvegan/mpbamod_dishes_prop/plots/9XKJD8DQTH559.png,Animal,TRUE,TRUE,Animal_inner,Animal_innerdark,Animal_restwash,0.9495447521383047,1.0922255148153326
nonvegan,Exposure: Alt-Protein-Modifiable,Form: Proportion,1.0253750775790789,0.6810397465893778,1.5551145056592122,1.2847764701179956,1.0253750775790789,NA,Restaurant,C0BE4NDSW26QN,0.8339040673481609,1.273353676332357,../../model_fits/finalized_redone_trunc_cp/t2_a1_proportion/nonvegan/mpbamod_dishes_prop/plots/C0BE4NDSW26QN.png,Animal,TRUE,TRUE,Animal_inner,Animal_innerdark,Animal_restwash,0.8339040673481609,1.273353676332357
nonvegan,Exposure: Alt-Protein-Modifiable,Form: Proportion,1.0005365538935715,0.8840072732234528,1.1279864033663678,1.0053785125429888,1.0005365538935715,NA,Restaurant,CB2KHY1C2G9PT,0.9386898433577359,1.0640552412076711,../../model_fits/finalized_redone_trunc_cp/t2_a1_proportion/nonvegan/mpbamod_dishes_prop/plots/CB2KHY1C2G9PT.png,Animal,TRUE,TRUE,Animal_inner,Animal_innerdark,Animal_restwash,0.9386898433577359,1.0640552412076711
nonvegan,Exposure: Alt-Protein-Modifiable,Form: Proportion,0.9974122569943648,0.9572063309852116,1.040348948702456,0.9744218385233478,0.9974122569943648,NA,Restaurant,ED5J990H5VAZT,0.9771712311068409,1.0181494219337044,../../model_fits/finalized_redone_trunc_cp/t2_a1_proportion/nonvegan/mpbamod_dishes_prop/plots/ED5J990H5VAZT.png,Animal,TRUE,TRUE,Animal_inner,Animal_innerdark,Animal_restwash,0.9771712311068409,1.0181494219337044
nonvegan,Exposure: Alt-Protein-Modifiable,Form: Proportion,1.0045822224203567,0.8617209199270148,1.1587635439629105,1.04677871702017,1.0045822224203567,NA,Restaurant,EMBVNVD207CC6,0.9301866057523608,1.0791051666357434,../../model_fits/finalized_redone_trunc_cp/t2_a1_proportion/nonvegan/mpbamod_dishes_prop/plots/EMBVNVD207CC6.png,Animal,TRUE,TRUE,Animal_inner,Animal_innerdark,Animal_restwash,0.9301866057523608,1.0791051666357434
nonvegan,Exposure: Alt-Protein-Modifiable,Form: Proportion,1.0491596653194162,0.880443892489518,1.2514468063549142,1.6159051272651928,1.0491596653194162,NA,Restaurant,JHDN7CF1C03X5,0.9625086531604874,1.1488579527790024,../../model_fits/finalized_redone_trunc_cp/t2_a1_proportion/nonvegan/mpbamod_dishes_prop/plots/JHDN7CF1C03X5.png,Animal,TRUE,TRUE,Animal_inner,Animal_innerdark,Animal_restwash,0.9625086531604874,1.1488579527790024
nonvegan,Exposure: Alt-Protein-Modifiable,Form: Proportion,0.9672930246252344,0.5871054982683217,1.567235563073645,0.7171013826372592,0.9672930246252344,NA,Restaurant,L69HYJ4Y3TR91,0.7482471268522164,1.214436383362748,../../model_fits/finalized_redone_trunc_cp/t2_a1_proportion/nonvegan/mpbamod_dishes_prop/plots/L69HYJ4Y3TR91.png,Animal,TRUE,TRUE,Animal_inner,Animal_innerdark,Animal_restwash,0.7482471268522164,1.214436383362748
nonvegan,Exposure: Alt-Protein-Modifiable,Form: Proportion,0.9876773484151643,0.7101243959181139,1.3493160919090084,0.8833868637804019,0.9876773484151643,NA,Restaurant,LBZEEFSBJNB3Z,0.8344146085490679,1.1566285952737076,../../model_fits/finalized_redone_trunc_cp/t2_a1_proportion/nonvegan/mpbamod_dishes_prop/plots/LBZEEFSBJNB3Z.png,Animal,TRUE,TRUE,Animal_inner,Animal_innerdark,Animal_restwash,0.8344146085490679,1.1566285952737076
nonvegan,Exposure: Alt-Protein-Modifiable,Form: Proportion,0.9699022938963652,0.461229162539036,2.0518608087199364,0.7366816713481318,0.9699022938963652,NA,Restaurant,LFZFT3VASXPED,0.6664192422642659,1.405947706168482,../../model_fits/finalized_redone_trunc_cp/t2_a1_proportion/nonvegan/mpbamod_dishes_prop/plots/LFZFT3VASXPED.png,Animal,TRUE,FALSE,Animal_inner,Animal_innerdark,Animal_restwash,0.6664192422642659,1.405947706168482
nonvegan,Exposure: Alt-Protein-Modifiable,Form: Proportion,1.015161126281494,0.6558170932048586,1.5576920823082485,1.162384443386476,1.015161126281494,NA,Restaurant,LQ5EH4BKGV61T,0.817474202298551,1.2523022503001535,../../model_fits/finalized_redone_trunc_cp/t2_a1_proportion/nonvegan/mpbamod_dishes_prop/plots/LQ5EH4BKGV61T.png,Animal,TRUE,TRUE,Animal_inner,Animal_innerdark,Animal_restwash,0.817474202298551,1.2523022503001535
nonvegan,Exposure: Alt-Protein-Modifiable,Form: Proportion,0.9392162435183448,0.6817739876296994,1.2993148970061394,0.5341410426948816,0.9392162435183448,NA,Restaurant,S8MT0YGD2KTN9,0.7984867601230313,1.098736415120029,../../model_fits/finalized_redone_trunc_cp/t2_a1_proportion/nonvegan/mpbamod_dishes_prop/plots/S8MT0YGD2KTN9.png,Animal,TRUE,TRUE,Animal_inner,Animal_innerdark,Animal_restwash,0.7984867601230313,1.098736415120029
nonvegan,Exposure: Alt-Protein-Modifiable,Form: Proportion,0.9916223938740675,0.641028467515171,1.5183934228391225,0.9193126984819577,0.9916223938740675,NA,Restaurant,SAFK7ND1HR6XS,0.8016155614607732,1.2270432767970112,../../model_fits/finalized_redone_trunc_cp/t2_a1_proportion/nonvegan/mpbamod_dishes_prop/plots/SAFK7ND1HR6XS.png,Animal,TRUE,TRUE,Animal_inner,Animal_innerdark,Animal_restwash,0.8016155614607732,1.2270432767970112
nonvegan,Exposure: Alt-Protein-Modifiable,Form: Proportion,1.0007128589632646,0.924213362915842,1.0785839305749663,1.0071515007127347,1.0007128589632646,NA,Restaurant,SRQS8F7JWA9MZ,0.9629070179642115,1.0388601245685571,../../model_fits/finalized_redone_trunc_cp/t2_a1_proportion/nonvegan/mpbamod_dishes_prop/plots/SRQS8F7JWA9MZ.png,Animal,TRUE,TRUE,Animal_inner,Animal_innerdark,Animal_restwash,0.9629070179642115,1.0388601245685571
nonvegan,Exposure: Alt-Protein-Modifiable,Form: Proportion,1.0107057007698936,0.9441509209050514,1.0852443691433622,1.112364583552481,1.0107057007698936,NA,Restaurant,V3Q26BHF3SE2H,0.9768292655086604,1.0475123799161274,../../model_fits/finalized_redone_trunc_cp/t2_a1_proportion/nonvegan/mpbamod_dishes_prop/plots/V3Q26BHF3SE2H.png,Animal,TRUE,TRUE,Animal_inner,Animal_innerdark,Animal_restwash,0.9768292655086604,1.0475123799161274
nonvegan,Exposure: Alt-Protein-Modifiable,Form: Proportion,0.9175945134263002,0.787794096599751,1.0655056907291927,0.4231633837547343,0.9175945134263002,NA,Restaurant,W8T41JZK0ZMEP,0.8533293759721745,0.9916839797217242,../../model_fits/finalized_redone_trunc_cp/t2_a1_proportion/nonvegan/mpbamod_dishes_prop/plots/W8T41JZK0ZMEP.png,Animal,TRUE,TRUE,Animal_inner,Animal_innerdark,Animal_restwash,0.8533293759721745,0.9916839797217242
nonvegan,Exposure: Vegan,Form: Count,0.9881317894483823,0.947736971688451,1.031095754926979,0.9881317894483823,0.9988067924389233,NA,Restaurant,1SQPTEGYPH0GA,0.968061629977607,1.0094336550431338,../../model_fits/finalized_redone_trunc_cp/t2_a1_proportion/nonvegan/vegan_dishes_count/plots/1SQPTEGYPH0GA.png,Animal,TRUE,TRUE,Animal_inner,Animal_innerdark,Animal_restwash,0.968061629977607,1.0094336550431338
nonvegan,Exposure: Vegan,Form: Count,0.9966749487673741,0.8865631339180948,1.121436146267914,0.9966749487673741,0.9996669963080416,NA,Restaurant,2HRX9P6HKXA8V,0.9382891806509354,1.0582998604890383,../../model_fits/finalized_redone_trunc_cp/t2_a1_proportion/nonvegan/vegan_dishes_count/plots/2HRX9P6HKXA8V.png,Animal,TRUE,TRUE,Animal_inner,Animal_innerdark,Animal_restwash,0.9382891806509354,1.0582998604890383
nonvegan,Exposure: Vegan,Form: Count,0.9934449849608633,0.9658389947144151,1.0224205336239987,0.9934449849608633,0.9993425568605101,NA,Restaurant,78AY09MVJVTYE,0.9788595318876184,1.0088443633301356,../../model_fits/finalized_redone_trunc_cp/t2_a1_proportion/nonvegan/vegan_dishes_count/plots/78AY09MVJVTYE.png,Animal,TRUE,TRUE,Animal_inner,Animal_innerdark,Animal_restwash,0.9788595318876184,1.0088443633301356
nonvegan,Exposure: Vegan,Form: Count,0.9959013674159993,0.9743219428722888,1.016787841464923,0.9959013674159993,0.9995893788279588,NA,Restaurant,9XKJD8DQTH559,0.9856232657991029,1.0069598085556628,../../model_fits/finalized_redone_trunc_cp/t2_a1_proportion/nonvegan/vegan_dishes_count/plots/9XKJD8DQTH559.png,Animal,TRUE,TRUE,Animal_inner,Animal_innerdark,Animal_restwash,0.9856232657991029,1.0069598085556628
nonvegan,Exposure: Vegan,Form: Count,0.9963733975653024,0.9476969540359094,1.043985241013218,0.9963733975653024,0.999636746542519,NA,Restaurant,C0BE4NDSW26QN,0.9726757427468018,1.0220145400754443,../../model_fits/finalized_redone_trunc_cp/t2_a1_proportion/nonvegan/vegan_dishes_count/plots/C0BE4NDSW26QN.png,Animal,TRUE,TRUE,Animal_inner,Animal_innerdark,Animal_restwash,0.9726757427468018,1.0220145400754443
nonvegan,Exposure: Vegan,Form: Count,0.9984012618455841,0.9756800922820112,1.0209451593435608,0.9984012618455841,0.9998400110495973,NA,Restaurant,CB2KHY1C2G9PT,0.9863380870473687,1.0092727154949193,../../model_fits/finalized_redone_trunc_cp/t2_a1_proportion/nonvegan/vegan_dishes_count/plots/CB2KHY1C2G9PT.png,Animal,TRUE,TRUE,Animal_inner,Animal_innerdark,Animal_restwash,0.9863380870473687,1.0092727154949193
nonvegan,Exposure: Vegan,Form: Count,0.9881234743543599,0.9217606726528209,1.0572703809416475,0.9881234743543599,0.9988059519433611,NA,Restaurant,ED5J990H5VAZT,0.9526451339381915,1.02230008957308,../../model_fits/finalized_redone_trunc_cp/t2_a1_proportion/nonvegan/vegan_dishes_count/plots/ED5J990H5VAZT.png,Animal,TRUE,TRUE,Animal_inner,Animal_innerdark,Animal_restwash,0.9526451339381915,1.02230008957308
nonvegan,Exposure: Vegan,Form: Count,1.0323362576044102,0.8726796513280307,1.2245054041466505,1.0323362576044102,1.003187513852716,NA,Restaurant,EMBVNVD207CC6,0.9486390227334695,1.1312405717130911,../../model_fits/finalized_redone_trunc_cp/t2_a1_proportion/nonvegan/vegan_dishes_count/plots/EMBVNVD207CC6.png,Animal,TRUE,TRUE,Animal_inner,Animal_innerdark,Animal_restwash,0.9486390227334695,1.1312405717130911
nonvegan,Exposure: Vegan,Form: Count,0.9935664529569234,0.9687189928887222,1.0167621694618698,0.9935664529569234,0.99935477509717,NA,Restaurant,JHDN7CF1C03X5,0.9811628603191391,1.0057400584037304,../../model_fits/finalized_redone_trunc_cp/t2_a1_proportion/nonvegan/vegan_dishes_count/plots/JHDN7CF1C03X5.png,Animal,TRUE,TRUE,Animal_inner,Animal_innerdark,Animal_restwash,0.9811628603191391,1.0057400584037304
nonvegan,Exposure: Vegan,Form: Count,0.990969107198306,0.9251558884637987,1.0528131131647744,0.990969107198306,0.9990932195241186,NA,Restaurant,L69HYJ4Y3TR91,0.9583714918010139,1.0215515828891881,../../model_fits/finalized_redone_trunc_cp/t2_a1_proportion/nonvegan/vegan_dishes_count/plots/L69HYJ4Y3TR91.png,Animal,TRUE,TRUE,Animal_inner,Animal_innerdark,Animal_restwash,0.9583714918010139,1.0215515828891881
nonvegan,Exposure: Vegan,Form: Count,1.0156780052919057,0.9457518080572586,1.0904713546756246,1.0156780052919057,1.0015568481317023,NA,Restaurant,LBZEEFSBJNB3Z,0.9765883576639245,1.054710782020722,../../model_fits/finalized_redone_trunc_cp/t2_a1_proportion/nonvegan/vegan_dishes_count/plots/LBZEEFSBJNB3Z.png,Animal,TRUE,TRUE,Animal_inner,Animal_innerdark,Animal_restwash,0.9765883576639245,1.054710782020722
nonvegan,Exposure: Vegan,Form: Count,1.0058993577248514,0.7893205449513826,1.2492601117612772,1.0058993577248514,1.000588375489993,NA,Restaurant,LFZFT3VASXPED,0.8933295316804368,1.1310313463550083,../../model_fits/finalized_redone_trunc_cp/t2_a1_proportion/nonvegan/vegan_dishes_count/plots/LFZFT3VASXPED.png,Animal,TRUE,TRUE,Animal_inner,Animal_innerdark,Animal_restwash,0.8933295316804368,1.1310313463550083
nonvegan,Exposure: Vegan,Form: Count,0.9708777652912061,0.7755415849685909,1.2199311009264973,0.9708777652912061,0.9970488927032434,NA,Restaurant,LQ5EH4BKGV61T,0.8732931984189062,1.0967388436259966,../../model_fits/finalized_redone_trunc_cp/t2_a1_proportion/nonvegan/vegan_dishes_count/plots/LQ5EH4BKGV61T.png,Animal,TRUE,TRUE,Animal_inner,Animal_innerdark,Animal_restwash,0.8732931984189062,1.0967388436259966
nonvegan,Exposure: Vegan,Form: Count,1.0238357851573197,0.9138399107237264,1.1520312070385812,1.0238357851573197,1.0023583914102758,NA,Restaurant,S8MT0YGD2KTN9,0.9635032309366716,1.0896981533864605,../../model_fits/finalized_redone_trunc_cp/t2_a1_proportion/nonvegan/vegan_dishes_count/plots/S8MT0YGD2KTN9.png,Animal,TRUE,TRUE,Animal_inner,Animal_innerdark,Animal_restwash,0.9635032309366716,1.0896981533864605
nonvegan,Exposure: Vegan,Form: Count,1.0107522241186624,0.715760052191644,1.363417639856189,1.0107522241186624,1.0010700551008762,NA,Restaurant,SAFK7ND1HR6XS,0.8548632803971029,1.1839686016122395,../../model_fits/finalized_redone_trunc_cp/t2_a1_proportion/nonvegan/vegan_dishes_count/plots/SAFK7ND1HR6XS.png,Animal,TRUE,TRUE,Animal_inner,Animal_innerdark,Animal_restwash,0.8548632803971029,1.1839686016122395
nonvegan,Exposure: Vegan,Form: Count,0.9295621966181047,0.7847801628461891,1.1208483738857098,0.9295621966181047,0.9927224545188925,NA,Restaurant,SRQS8F7JWA9MZ,0.848024420029726,1.022741887346632,../../model_fits/finalized_redone_trunc_cp/t2_a1_proportion/nonvegan/vegan_dishes_count/plots/SRQS8F7JWA9MZ.png,Animal,TRUE,TRUE,Animal_inner,Animal_innerdark,Animal_restwash,0.848024420029726,1.022741887346632
nonvegan,Exposure: Vegan,Form: Count,0.9639697784679486,0.9028595231948776,1.03974545433639,0.9639697784679486,0.9963371910102673,NA,Restaurant,V3Q26BHF3SE2H,0.9326298561821195,1.0005272621538481,../../model_fits/finalized_redone_trunc_cp/t2_a1_proportion/nonvegan/vegan_dishes_count/plots/V3Q26BHF3SE2H.png,Animal,TRUE,TRUE,Animal_inner,Animal_innerdark,Animal_restwash,0.9326298561821195,1.0005272621538481
nonvegan,Exposure: Vegan,Form: Count,1.0084820539907917,0.9890616714968543,1.027744227123034,1.0084820539907917,1.000844985148972,NA,Restaurant,W8T41JZK0ZMEP,0.9985533861959506,1.0184612358488305,../../model_fits/finalized_redone_trunc_cp/t2_a1_proportion/nonvegan/vegan_dishes_count/plots/W8T41JZK0ZMEP.png,Animal,TRUE,TRUE,Animal_inner,Animal_innerdark,Animal_restwash,0.9985533861959506,1.0184612358488305
nonvegan,Exposure: Vegan,Form: Proportion,0.9935170654863952,0.8358082252262711,1.1733097075460384,0.9370296066165947,0.9935170654863952,NA,Restaurant,1SQPTEGYPH0GA,0.9127295400676585,1.0835731647737041,../../model_fits/finalized_redone_trunc_cp/t2_a1_proportion/nonvegan/vegan_dishes_prop/plots/1SQPTEGYPH0GA.png,Animal,TRUE,TRUE,Animal_inner,Animal_innerdark,Animal_restwash,0.9127295400676585,1.0835731647737041
nonvegan,Exposure: Vegan,Form: Proportion,0.9939600035623168,0.8103358200954753,1.212006901545037,0.9412155413440586,0.9939600035623168,NA,Restaurant,2HRX9P6HKXA8V,0.8935712892962144,1.099439049925426,../../model_fits/finalized_redone_trunc_cp/t2_a1_proportion/nonvegan/vegan_dishes_prop/plots/2HRX9P6HKXA8V.png,Animal,TRUE,TRUE,Animal_inner,Animal_innerdark,Animal_restwash,0.8935712892962144,1.099439049925426
nonvegan,Exposure: Vegan,Form: Proportion,0.9969903481099578,0.9272581574921996,1.0709474504823142,0.9703078370970919,0.9969903481099578,NA,Restaurant,78AY09MVJVTYE,0.9600064984619197,1.0338987655546263,../../model_fits/finalized_redone_trunc_cp/t2_a1_proportion/nonvegan/vegan_dishes_prop/plots/78AY09MVJVTYE.png,Animal,TRUE,TRUE,Animal_inner,Animal_innerdark,Animal_restwash,0.9600064984619197,1.0338987655546263
nonvegan,Exposure: Vegan,Form: Proportion,0.9712214090549747,0.8392714518583155,1.13525842671284,0.74676244983459,0.9712214090549747,NA,Restaurant,9XKJD8DQTH559,0.8999476867324793,1.0504733141692402,../../model_fits/finalized_redone_trunc_cp/t2_a1_proportion/nonvegan/vegan_dishes_prop/plots/9XKJD8DQTH559.png,Animal,TRUE,TRUE,Animal_inner,Animal_innerdark,Animal_restwash,0.8999476867324793,1.0504733141692402
nonvegan,Exposure: Vegan,Form: Proportion,0.9953728678140034,0.8296868500535819,1.1921200141062387,0.9546803515006331,0.9953728678140034,NA,Restaurant,C0BE4NDSW26QN,0.911557939391384,1.0847120719277328,../../model_fits/finalized_redone_trunc_cp/t2_a1_proportion/nonvegan/vegan_dishes_prop/plots/C0BE4NDSW26QN.png,Animal,TRUE,TRUE,Animal_inner,Animal_innerdark,Animal_restwash,0.911557939391384,1.0847120719277328
nonvegan,Exposure: Vegan,Form: Proportion,0.9870573932991467,0.9091585705217449,1.0708264635277458,0.8778575695285753,0.9870573932991467,NA,Restaurant,CB2KHY1C2G9PT,0.9456793891855,1.0298361107040825,../../model_fits/finalized_redone_trunc_cp/t2_a1_proportion/nonvegan/vegan_dishes_prop/plots/CB2KHY1C2G9PT.png,Animal,TRUE,TRUE,Animal_inner,Animal_innerdark,Animal_restwash,0.9456793891855,1.0298361107040825
nonvegan,Exposure: Vegan,Form: Proportion,0.9891942362796509,0.8649996465829202,1.1247781908183045,0.8970481853744102,0.9891942362796509,NA,Restaurant,ED5J990H5VAZT,0.924369044046507,1.0566820894409445,../../model_fits/finalized_redone_trunc_cp/t2_a1_proportion/nonvegan/vegan_dishes_prop/plots/ED5J990H5VAZT.png,Animal,TRUE,TRUE,Animal_inner,Animal_innerdark,Animal_restwash,0.924369044046507,1.0566820894409445
nonvegan,Exposure: Vegan,Form: Proportion,0.9886025106609204,0.9023540359045996,1.08417521953521,0.8916965587948302,0.9886025106609204,NA,Restaurant,EMBVNVD207CC6,0.9440531913641496,1.0364518422050897,../../model_fits/finalized_redone_trunc_cp/t2_a1_proportion/nonvegan/vegan_dishes_prop/plots/EMBVNVD207CC6.png,Animal,TRUE,TRUE,Animal_inner,Animal_innerdark,Animal_restwash,0.9440531913641496,1.0364518422050897
nonvegan,Exposure: Vegan,Form: Proportion,0.9633321075346106,0.8455706376236292,1.0977581953960767,0.6882723994328134,0.9633321075346106,NA,Restaurant,JHDN7CF1C03X5,0.9016294488075182,1.0285049069123104,../../model_fits/finalized_redone_trunc_cp/t2_a1_proportion/nonvegan/vegan_dishes_prop/plots/JHDN7CF1C03X5.png,Animal,TRUE,TRUE,Animal_inner,Animal_innerdark,Animal_restwash,0.9016294488075182,1.0285049069123104
nonvegan,Exposure: Vegan,Form: Proportion,0.949262966720373,0.7705792102939291,1.178271866759416,0.594107975026431,0.949262966720373,NA,Restaurant,L69HYJ4Y3TR91,0.853889823339,1.060293223273659,../../model_fits/finalized_redone_trunc_cp/t2_a1_proportion/nonvegan/vegan_dishes_prop/plots/L69HYJ4Y3TR91.png,Animal,TRUE,TRUE,Animal_inner,Animal_innerdark,Animal_restwash,0.853889823339,1.060293223273659
nonvegan,Exposure: Vegan,Form: Proportion,1.0594420641761613,0.8597464612072979,1.300162147161114,1.7814437837594093,1.0594420641761613,NA,Restaurant,LBZEEFSBJNB3Z,0.9525379708179915,1.1737601633805326,../../model_fits/finalized_redone_trunc_cp/t2_a1_proportion/nonvegan/vegan_dishes_prop/plots/LBZEEFSBJNB3Z.png,Animal,TRUE,TRUE,Animal_inner,Animal_innerdark,Animal_restwash,0.9525379708179915,1.1737601633805326
nonvegan,Exposure: Vegan,Form: Proportion,0.9666032908640788,0.6910170515264051,1.380314949872302,0.7120044269237172,0.9666032908640788,NA,Restaurant,LFZFT3VASXPED,0.8116743866059162,1.1591782591478281,../../model_fits/finalized_redone_trunc_cp/t2_a1_proportion/nonvegan/vegan_dishes_prop/plots/LFZFT3VASXPED.png,Animal,TRUE,TRUE,Animal_inner,Animal_innerdark,Animal_restwash,0.8116743866059162,1.1591782591478281
nonvegan,Exposure: Vegan,Form: Proportion,1.0029531600110073,0.7779491195331538,1.3146413476994203,1.0299271586669907,1.0029531600110073,NA,Restaurant,LQ5EH4BKGV61T,0.893366100172892,1.1512344439414994,../../model_fits/finalized_redone_trunc_cp/t2_a1_proportion/nonvegan/vegan_dishes_prop/plots/LQ5EH4BKGV61T.png,Animal,TRUE,TRUE,Animal_inner,Animal_innerdark,Animal_restwash,0.893366100172892,1.1512344439414994
nonvegan,Exposure: Vegan,Form: Proportion,0.9966202681946722,0.7607395505657626,1.2872336530661739,0.9667120930204806,0.9966202681946722,NA,Restaurant,S8MT0YGD2KTN9,0.8708435916860487,1.1363772560022023,../../model_fits/finalized_redone_trunc_cp/t2_a1_proportion/nonvegan/vegan_dishes_prop/plots/S8MT0YGD2KTN9.png,Animal,TRUE,TRUE,Animal_inner,Animal_innerdark,Animal_restwash,0.8708435916860487,1.1363772560022023
nonvegan,Exposure: Vegan,Form: Proportion,0.9946526681513589,0.7256342758361203,1.358664388500645,0.9477952320554224,0.9946526681513589,NA,Restaurant,SAFK7ND1HR6XS,0.8505666118855942,1.170280177206833,../../model_fits/finalized_redone_trunc_cp/t2_a1_proportion/nonvegan/vegan_dishes_prop/plots/SAFK7ND1HR6XS.png,Animal,TRUE,TRUE,Animal_inner,Animal_innerdark,Animal_restwash,0.8505666118855942,1.170280177206833
nonvegan,Exposure: Vegan,Form: Proportion,0.9850226235527032,0.9202425976059565,1.0540820661916335,0.8599279261920466,0.9850226235527032,NA,Restaurant,SRQS8F7JWA9MZ,0.9522580412361569,1.0197488121800542,../../model_fits/finalized_redone_trunc_cp/t2_a1_proportion/nonvegan/vegan_dishes_prop/plots/SRQS8F7JWA9MZ.png,Animal,TRUE,TRUE,Animal_inner,Animal_innerdark,Animal_restwash,0.9522580412361569,1.0197488121800542
nonvegan,Exposure: Vegan,Form: Proportion,0.9502657278250743,0.845975122784796,1.0770909212974435,0.6004137968839074,0.9502657278250743,NA,Restaurant,V3Q26BHF3SE2H,0.897741886060797,1.0083837367248936,../../model_fits/finalized_redone_trunc_cp/t2_a1_proportion/nonvegan/vegan_dishes_prop/plots/V3Q26BHF3SE2H.png,Animal,TRUE,TRUE,Animal_inner,Animal_innerdark,Animal_restwash,0.897741886060797,1.0083837367248936
nonvegan,Exposure: Vegan,Form: Proportion,0.9768286413540324,0.8545918756082794,1.1108255709652977,0.7910134164344353,0.9768286413540324,NA,Restaurant,W8T41JZK0ZMEP,0.909765699248948,1.0451704461081786,../../model_fits/finalized_redone_trunc_cp/t2_a1_proportion/nonvegan/vegan_dishes_prop/plots/W8T41JZK0ZMEP.png,Animal,TRUE,TRUE,Animal_inner,Animal_innerdark,Animal_restwash,0.909765699248948,1.0451704461081786
nonvegan,Exposure: Vegetarian,Form: Count,0.9975820763978474,0.9840617352477306,1.0115030756467678,0.9975820763978474,0.9997579441502455,NA,Restaurant,1SQPTEGYPH0GA,0.9903231909336151,1.0046417479307916,../../model_fits/finalized_redone_trunc_cp/t2_a1_proportion/nonvegan/vegetarian_dishes_count/plots/1SQPTEGYPH0GA.png,Animal,TRUE,TRUE,Animal_inner,Animal_innerdark,Animal_restwash,0.9903231909336151,1.0046417479307916
nonvegan,Exposure: Vegetarian,Form: Count,0.9999723860702716,0.9184980074215399,1.0893990505148476,0.9999723860702716,0.9999972385727127,NA,Restaurant,2HRX9P6HKXA8V,0.9581080876679142,1.043876172218778,../../model_fits/finalized_redone_trunc_cp/t2_a1_proportion/nonvegan/vegetarian_dishes_count/plots/2HRX9P6HKXA8V.png,Animal,TRUE,TRUE,Animal_inner,Animal_innerdark,Animal_restwash,0.9581080876679142,1.043876172218778
nonvegan,Exposure: Vegetarian,Form: Count,0.9975091433943536,0.9752919966519553,1.0210844823623129,0.9975091433943536,0.9997506347016958,NA,Restaurant,78AY09MVJVTYE,0.9860613597105538,1.0091029049339078,../../model_fits/finalized_redone_trunc_cp/t2_a1_proportion/nonvegan/vegetarian_dishes_count/plots/78AY09MVJVTYE.png,Animal,TRUE,TRUE,Animal_inner,Animal_innerdark,Animal_restwash,0.9860613597105538,1.0091029049339078
nonvegan,Exposure: Vegetarian,Form: Count,0.9985678599926715,0.9867425575788595,1.0105274623410678,0.9985678599926715,0.9998566936193405,NA,Restaurant,9XKJD8DQTH559,0.9925348769643186,1.0047694098402955,../../model_fits/finalized_redone_trunc_cp/t2_a1_proportion/nonvegan/vegetarian_dishes_count/plots/9XKJD8DQTH559.png,Animal,TRUE,TRUE,Animal_inner,Animal_innerdark,Animal_restwash,0.9925348769643186,1.0047694098402955
nonvegan,Exposure: Vegetarian,Form: Count,0.9955362672013474,0.9646090208605798,1.0257713876744716,0.9955362672013474,0.9995527275561555,NA,Restaurant,C0BE4NDSW26QN,0.9797141426511107,1.0097386023482429,../../model_fits/finalized_redone_trunc_cp/t2_a1_proportion/nonvegan/vegetarian_dishes_count/plots/C0BE4NDSW26QN.png,Animal,TRUE,TRUE,Animal_inner,Animal_innerdark,Animal_restwash,0.9797141426511107,1.0097386023482429
nonvegan,Exposure: Vegetarian,Form: Count,0.9988586523332743,0.9836164784282734,1.0122024362186877,0.9988586523332743,0.999885806570566,NA,Restaurant,CB2KHY1C2G9PT,0.9907421970735476,1.006112286330912,../../model_fits/finalized_redone_trunc_cp/t2_a1_proportion/nonvegan/vegetarian_dishes_count/plots/CB2KHY1C2G9PT.png,Animal,TRUE,TRUE,Animal_inner,Animal_innerdark,Animal_restwash,0.9907421970735476,1.006112286330912
nonvegan,Exposure: Vegetarian,Form: Count,0.9964809479285156,0.9694942223783635,1.0258172329712911,0.9964809479285156,0.9996475362799364,NA,Restaurant,ED5J990H5VAZT,0.9825659369609053,1.010835299195867,../../model_fits/finalized_redone_trunc_cp/t2_a1_proportion/nonvegan/vegetarian_dishes_count/plots/ED5J990H5VAZT.png,Animal,TRUE,TRUE,Animal_inner,Animal_innerdark,Animal_restwash,0.9825659369609053,1.010835299195867
nonvegan,Exposure: Vegetarian,Form: Count,1.0321723960045357,0.9358405032831157,1.1432072409848313,1.0321723960045357,1.0031715892300381,NA,Restaurant,EMBVNVD207CC6,0.982638157503871,1.083696522816702,../../model_fits/finalized_redone_trunc_cp/t2_a1_proportion/nonvegan/vegetarian_dishes_count/plots/EMBVNVD207CC6.png,Animal,TRUE,TRUE,Animal_inner,Animal_innerdark,Animal_restwash,0.982638157503871,1.083696522816702
nonvegan,Exposure: Vegetarian,Form: Count,0.9949554783515252,0.977168623372543,1.013572802671964,0.9949554783515252,0.9994943990392647,NA,Restaurant,JHDN7CF1C03X5,0.986305282994176,1.0042085224321324,../../model_fits/finalized_redone_trunc_cp/t2_a1_proportion/nonvegan/vegetarian_dishes_count/plots/JHDN7CF1C03X5.png,Animal,TRUE,TRUE,Animal_inner,Animal_innerdark,Animal_restwash,0.986305282994176,1.0042085224321324
nonvegan,Exposure: Vegetarian,Form: Count,0.9929296692311663,0.9459750021433623,1.0449406993258539,0.9929296692311663,0.9992907072671012,NA,Restaurant,L69HYJ4Y3TR91,0.9687887970391116,1.0183654223415404,../../model_fits/finalized_redone_trunc_cp/t2_a1_proportion/nonvegan/vegetarian_dishes_count/plots/L69HYJ4Y3TR91.png,Animal,TRUE,TRUE,Animal_inner,Animal_innerdark,Animal_restwash,0.9687887970391116,1.0183654223415404
nonvegan,Exposure: Vegetarian,Form: Count,1.0123627372902748,0.9613879449509765,1.0676747173212382,1.0123627372902748,1.0012294494240574,NA,Restaurant,LBZEEFSBJNB3Z,0.9895844827976786,1.0392123082181728,../../model_fits/finalized_redone_trunc_cp/t2_a1_proportion/nonvegan/vegetarian_dishes_count/plots/LBZEEFSBJNB3Z.png,Animal,TRUE,TRUE,Animal_inner,Animal_innerdark,Animal_restwash,0.9895844827976786,1.0392123082181728
nonvegan,Exposure: Vegetarian,Form: Count,0.9949380306667546,0.8670720281381689,1.1449189675463947,0.9949380306667546,0.9994926462974386,NA,Restaurant,LFZFT3VASXPED,0.9242494541357043,1.0626958930587143,../../model_fits/finalized_redone_trunc_cp/t2_a1_proportion/nonvegan/vegetarian_dishes_count/plots/LFZFT3VASXPED.png,Animal,TRUE,TRUE,Animal_inner,Animal_innerdark,Animal_restwash,0.9242494541357043,1.0626958930587143
nonvegan,Exposure: Vegetarian,Form: Count,0.9996840454241631,0.8806501646607225,1.145645612113666,0.9996840454241631,0.999968400049289,NA,Restaurant,LQ5EH4BKGV61T,0.9437706736920239,1.0671440536140546,../../model_fits/finalized_redone_trunc_cp/t2_a1_proportion/nonvegan/vegetarian_dishes_count/plots/LQ5EH4BKGV61T.png,Animal,TRUE,TRUE,Animal_inner,Animal_innerdark,Animal_restwash,0.9437706736920239,1.0671440536140546
nonvegan,Exposure: Vegetarian,Form: Count,1.0054540293590644,0.973555080090135,1.0364027154173476,1.0054540293590644,1.0005440689518506,NA,Restaurant,S8MT0YGD2KTN9,0.9898443018900348,1.01979361011749,../../model_fits/finalized_redone_trunc_cp/t2_a1_proportion/nonvegan/vegetarian_dishes_count/plots/S8MT0YGD2KTN9.png,Animal,TRUE,TRUE,Animal_inner,Animal_innerdark,Animal_restwash,0.9898443018900348,1.01979361011749
nonvegan,Exposure: Vegetarian,Form: Count,1.0038123761887912,0.8609635259535551,1.1795125936352122,1.0038123761887912,1.0003805851541598,NA,Restaurant,SAFK7ND1HR6XS,0.9365341127630085,1.0820216007179706,../../model_fits/finalized_redone_trunc_cp/t2_a1_proportion/nonvegan/vegetarian_dishes_count/plots/SAFK7ND1HR6XS.png,Animal,TRUE,TRUE,Animal_inner,Animal_innerdark,Animal_restwash,0.9365341127630085,1.0820216007179706
nonvegan,Exposure: Vegetarian,Form: Count,1.000178641954574,0.9716763645708977,1.0322860730358914,1.000178641954574,1.000017862759537,NA,Restaurant,SRQS8F7JWA9MZ,0.9848553855984377,1.0147172853761375,../../model_fits/finalized_redone_trunc_cp/t2_a1_proportion/nonvegan/vegetarian_dishes_count/plots/SRQS8F7JWA9MZ.png,Animal,TRUE,TRUE,Animal_inner,Animal_innerdark,Animal_restwash,0.9848553855984377,1.0147172853761375
nonvegan,Exposure: Vegetarian,Form: Count,1.000361799433633,0.9503728788922766,1.0531627237093961,1.000361799433633,1.0000361740542654,NA,Restaurant,V3Q26BHF3SE2H,0.9730814816493927,1.0277932833736219,../../model_fits/finalized_redone_trunc_cp/t2_a1_proportion/nonvegan/vegetarian_dishes_count/plots/V3Q26BHF3SE2H.png,Animal,TRUE,TRUE,Animal_inner,Animal_innerdark,Animal_restwash,0.9730814816493927,1.0277932833736219
nonvegan,Exposure: Vegetarian,Form: Count,1.0062744966990982,0.991939729470676,1.0217785091515366,1.0062744966990982,1.000625685059287,NA,Restaurant,W8T41JZK0ZMEP,0.9990471983640126,1.0140516109839766,../../model_fits/finalized_redone_trunc_cp/t2_a1_proportion/nonvegan/vegetarian_dishes_count/plots/W8T41JZK0ZMEP.png,Animal,TRUE,TRUE,Animal_inner,Animal_innerdark,Animal_restwash,0.9990471983640126,1.0140516109839766
nonvegan,Exposure: Vegetarian,Form: Proportion,1.0134576336363232,0.8961606893002033,1.14396647787905,1.1430256665672869,1.0134576336363232,NA,Restaurant,1SQPTEGYPH0GA,0.9522872190980883,1.0758760230849882,../../model_fits/finalized_redone_trunc_cp/t2_a1_proportion/nonvegan/vegetarian_dishes_prop/plots/1SQPTEGYPH0GA.png,Animal,TRUE,TRUE,Animal_inner,Animal_innerdark,Animal_restwash,0.9522872190980883,1.0758760230849882
nonvegan,Exposure: Vegetarian,Form: Proportion,0.9981178210245909,0.8203896740871848,1.193120895987703,0.9813368296354138,0.9981178210245909,NA,Restaurant,2HRX9P6HKXA8V,0.902496252083311,1.0986378317263572,../../model_fits/finalized_redone_trunc_cp/t2_a1_proportion/nonvegan/vegetarian_dishes_prop/plots/2HRX9P6HKXA8V.png,Animal,TRUE,TRUE,Animal_inner,Animal_innerdark,Animal_restwash,0.902496252083311,1.0986378317263572
nonvegan,Exposure: Vegetarian,Form: Proportion,0.9983457720957691,0.933565640163297,1.066005762469226,0.9835803204658753,0.9983457720957691,NA,Restaurant,78AY09MVJVTYE,0.9647988021718432,1.032104152528788,../../model_fits/finalized_redone_trunc_cp/t2_a1_proportion/nonvegan/vegetarian_dishes_prop/plots/78AY09MVJVTYE.png,Animal,TRUE,TRUE,Animal_inner,Animal_innerdark,Animal_restwash,0.9647988021718432,1.032104152528788
nonvegan,Exposure: Vegetarian,Form: Proportion,0.9784007236338839,0.8736894485225675,1.0920026537568217,0.8038363703349213,0.9784007236338839,NA,Restaurant,9XKJD8DQTH559,0.9220270728119744,1.0364320660634518,../../model_fits/finalized_redone_trunc_cp/t2_a1_proportion/nonvegan/vegetarian_dishes_prop/plots/9XKJD8DQTH559.png,Animal,TRUE,TRUE,Animal_inner,Animal_innerdark,Animal_restwash,0.9220270728119744,1.0364320660634518
nonvegan,Exposure: Vegetarian,Form: Proportion,0.9872828664109208,0.8674752045659714,1.1274874287329382,0.8798649184973805,0.9872828664109208,NA,Restaurant,C0BE4NDSW26QN,0.9237266408117824,1.0555601996911474,../../model_fits/finalized_redone_trunc_cp/t2_a1_proportion/nonvegan/vegetarian_dishes_prop/plots/C0BE4NDSW26QN.png,Animal,TRUE,TRUE,Animal_inner,Animal_innerdark,Animal_restwash,0.9237266408117824,1.0555601996911474
nonvegan,Exposure: Vegetarian,Form: Proportion,1.0062292365467096,0.9262104623545375,1.094531725028478,1.0640678423564796,1.0062292365467096,NA,Restaurant,CB2KHY1C2G9PT,0.9651958085192848,1.048749466413672,../../model_fits/finalized_redone_trunc_cp/t2_a1_proportion/nonvegan/vegetarian_dishes_prop/plots/CB2KHY1C2G9PT.png,Animal,TRUE,TRUE,Animal_inner,Animal_innerdark,Animal_restwash,0.9651958085192848,1.048749466413672
nonvegan,Exposure: Vegetarian,Form: Proportion,0.969417253603433,0.8584352347109376,1.0924229841002877,0.7330058655594592,0.969417253603433,NA,Restaurant,ED5J990H5VAZT,0.9122718202460821,1.0310341602406028,../../model_fits/finalized_redone_trunc_cp/t2_a1_proportion/nonvegan/vegetarian_dishes_prop/plots/ED5J990H5VAZT.png,Animal,TRUE,TRUE,Animal_inner,Animal_innerdark,Animal_restwash,0.9122718202460821,1.0310341602406028
nonvegan,Exposure: Vegetarian,Form: Proportion,0.959832615093697,0.8475592267966269,1.085733048716271,0.6636743477143907,0.959832615093697,NA,Restaurant,EMBVNVD207CC6,0.899786570238858,1.0212926481351765,../../model_fits/finalized_redone_trunc_cp/t2_a1_proportion/nonvegan/vegetarian_dishes_prop/plots/EMBVNVD207CC6.png,Animal,TRUE,TRUE,Animal_inner,Animal_innerdark,Animal_restwash,0.899786570238858,1.0212926481351765
nonvegan,Exposure: Vegetarian,Form: Proportion,0.9723862909487772,0.8587332567242412,1.0911501170881792,0.755767607156631,0.9723862909487772,NA,Restaurant,JHDN7CF1C03X5,0.9127138878394951,1.0333274241064725,../../model_fits/finalized_redone_trunc_cp/t2_a1_proportion/nonvegan/vegetarian_dishes_prop/plots/JHDN7CF1C03X5.png,Animal,TRUE,TRUE,Animal_inner,Animal_innerdark,Animal_restwash,0.9127138878394951,1.0333274241064725
nonvegan,Exposure: Vegetarian,Form: Proportion,0.9422281040933386,0.7539016592524056,1.18215332916295,0.5515190768740872,0.9422281040933386,NA,Restaurant,L69HYJ4Y3TR91,0.8369736374032918,1.0537462338726933,../../model_fits/finalized_redone_trunc_cp/t2_a1_proportion/nonvegan/vegetarian_dishes_prop/plots/L69HYJ4Y3TR91.png,Animal,TRUE,TRUE,Animal_inner,Animal_innerdark,Animal_restwash,0.8369736374032918,1.0537462338726933
nonvegan,Exposure: Vegetarian,Form: Proportion,1.0061346769751374,0.8821582191692743,1.1411006134743567,1.0630683160391674,1.0061346769751374,NA,Restaurant,LBZEEFSBJNB3Z,0.941014674637499,1.0693071501502036,../../model_fits/finalized_redone_trunc_cp/t2_a1_proportion/nonvegan/vegetarian_dishes_prop/plots/LBZEEFSBJNB3Z.png,Animal,TRUE,TRUE,Animal_inner,Animal_innerdark,Animal_restwash,0.941014674637499,1.0693071501502036
nonvegan,Exposure: Vegetarian,Form: Proportion,0.9458566232152932,0.6965925552667667,1.2503640426890295,0.5731299351842364,0.9458566232152932,NA,Restaurant,LFZFT3VASXPED,0.8132588003793061,1.094546002472524,../../model_fits/finalized_redone_trunc_cp/t2_a1_proportion/nonvegan/vegetarian_dishes_prop/plots/LFZFT3VASXPED.png,Animal,TRUE,TRUE,Animal_inner,Animal_innerdark,Animal_restwash,0.8132588003793061,1.094546002472524
nonvegan,Exposure: Vegetarian,Form: Proportion,1.0019954111885092,0.8089052412709652,1.2509622940711993,1.0201342435911127,1.0019954111885092,NA,Restaurant,LQ5EH4BKGV61T,0.8974894030320844,1.115011802881498,../../model_fits/finalized_redone_trunc_cp/t2_a1_proportion/nonvegan/vegetarian_dishes_prop/plots/LQ5EH4BKGV61T.png,Animal,TRUE,TRUE,Animal_inner,Animal_innerdark,Animal_restwash,0.8974894030320844,1.115011802881498
nonvegan,Exposure: Vegetarian,Form: Proportion,1.012584109844831,0.9101983240271598,1.118943422205711,1.1332117751715869,1.012584109844831,NA,Restaurant,S8MT0YGD2KTN9,0.9599866194598952,1.0656017852608624,../../model_fits/finalized_redone_trunc_cp/t2_a1_proportion/nonvegan/vegetarian_dishes_prop/plots/S8MT0YGD2KTN9.png,Animal,TRUE,TRUE,Animal_inner,Animal_innerdark,Animal_restwash,0.9599866194598952,1.0656017852608624
nonvegan,Exposure: Vegetarian,Form: Proportion,0.9783985376445091,0.7624678456435792,1.2850793445211504,0.803818410821448,0.9783985376445091,NA,Restaurant,SAFK7ND1HR6XS,0.8654228069269461,1.1213394417879714,../../model_fits/finalized_redone_trunc_cp/t2_a1_proportion/nonvegan/vegetarian_dishes_prop/plots/SAFK7ND1HR6XS.png,Animal,TRUE,TRUE,Animal_inner,Animal_innerdark,Animal_restwash,0.8654228069269461,1.1213394417879714
nonvegan,Exposure: Vegetarian,Form: Proportion,0.9986153609983905,0.951310677779063,1.046392477697276,0.9862395673271792,0.9986153609983905,NA,Restaurant,SRQS8F7JWA9MZ,0.9743893318853137,1.0229587638550892,../../model_fits/finalized_redone_trunc_cp/t2_a1_proportion/nonvegan/vegetarian_dishes_prop/plots/SRQS8F7JWA9MZ.png,Animal,TRUE,TRUE,Animal_inner,Animal_innerdark,Animal_restwash,0.9743893318853137,1.0229587638550892
nonvegan,Exposure: Vegetarian,Form: Proportion,1.0041233843522863,0.9263970606587346,1.0886951748868519,1.0420074208053396,1.0041233843522863,NA,Restaurant,V3Q26BHF3SE2H,0.9626142389549046,1.0451123177608972,../../model_fits/finalized_redone_trunc_cp/t2_a1_proportion/nonvegan/vegetarian_dishes_prop/plots/V3Q26BHF3SE2H.png,Animal,TRUE,TRUE,Animal_inner,Animal_innerdark,Animal_restwash,0.9626142389549046,1.0451123177608972
nonvegan,Exposure: Vegetarian,Form: Proportion,0.8984996906990864,0.7685460033436103,1.0368310039034154,0.3429093439854067,0.8984996906990864,NA,Restaurant,W8T41JZK0ZMEP,0.8294918627109727,0.9674442617229787,../../model_fits/finalized_redone_trunc_cp/t2_a1_proportion/nonvegan/vegetarian_dishes_prop/plots/W8T41JZK0ZMEP.png,Animal,TRUE,TRUE,Animal_inner,Animal_innerdark,Animal_restwash,0.8294918627109727,0.9674442617229787
meat,Exposure: Alt-Protein-Modifiable,Form: Count,1.0326580064230788,0.9619588480511699,1.110943077420702,1.0326580064230788,1.0032187758697542,NA,Restaurant,1SQPTEGYPH0GA,0.9979031028869294,1.0702876837261248,../../model_fits/finalized_redone_trunc_cp/t2_a1_proportion/meat/mpbamod_dishes_count/plots/1SQPTEGYPH0GA.png,Animal,TRUE,TRUE,Animal_inner,Animal_innerdark,Animal_restwash,0.9979031028869294,1.0702876837261248
meat,Exposure: Alt-Protein-Modifiable,Form: Count,1.0705067398382606,0.8942960721804261,1.2818124373170445,1.0705067398382606,1.0068364752335912,NA,Restaurant,2HRX9P6HKXA8V,0.9817151551339569,1.1605297725308619,../../model_fits/finalized_redone_trunc_cp/t2_a1_proportion/meat/mpbamod_dishes_count/plots/2HRX9P6HKXA8V.png,Animal,TRUE,TRUE,Animal_inner,Animal_innerdark,Animal_restwash,0.9817151551339569,1.1605297725308619
meat,Exposure: Alt-Protein-Modifiable,Form: Count,1.0218201098200879,0.929910806149844,1.1198041573966193,1.0218201098200879,1.0021608771872244,NA,Restaurant,78AY09MVJVTYE,0.976418369950849,1.0725496649569108,../../model_fits/finalized_redone_trunc_cp/t2_a1_proportion/meat/mpbamod_dishes_count/plots/78AY09MVJVTYE.png,Animal,TRUE,TRUE,Animal_inner,Animal_innerdark,Animal_restwash,0.976418369950849,1.0725496649569108
meat,Exposure: Alt-Protein-Modifiable,Form: Count,0.9929427913799177,0.968973858274671,1.0244404191721692,0.9929427913799177,0.9992920278806081,NA,Restaurant,9XKJD8DQTH559,0.9803799529153501,1.0081465946948809,../../model_fits/finalized_redone_trunc_cp/t2_a1_proportion/meat/mpbamod_dishes_count/plots/9XKJD8DQTH559.png,Animal,TRUE,TRUE,Animal_inner,Animal_innerdark,Animal_restwash,0.9803799529153501,1.0081465946948809
meat,Exposure: Alt-Protein-Modifiable,Form: Count,1.016368264966762,0.8638413876410029,1.1715746583652122,1.016368264966762,1.001624893611307,NA,Restaurant,C0BE4NDSW26QN,0.9401261135181496,1.0884745319967781,../../model_fits/finalized_redone_trunc_cp/t2_a1_proportion/meat/mpbamod_dishes_count/plots/C0BE4NDSW26QN.png,Animal,TRUE,TRUE,Animal_inner,Animal_innerdark,Animal_restwash,0.9401261135181496,1.0884745319967781
meat,Exposure: Alt-Protein-Modifiable,Form: Count,1.0577166685823178,0.9795997882488291,1.1436013655552553,1.0577166685823178,1.005627022399879,NA,Restaurant,CB2KHY1C2G9PT,1.0181622892521962,1.0998023110214314,../../model_fits/finalized_redone_trunc_cp/t2_a1_proportion/meat/mpbamod_dishes_count/plots/CB2KHY1C2G9PT.png,Animal,TRUE,TRUE,Animal_inner,Animal_innerdark,Animal_restwash,1.0181622892521962,1.0998023110214314
meat,Exposure: Alt-Protein-Modifiable,Form: Count,0.9983801692442938,0.9758157376686905,1.0190532694180081,0.9983801692442938,0.9998378987298309,NA,Restaurant,ED5J990H5VAZT,0.9870663235083639,1.0092993073472436,../../model_fits/finalized_redone_trunc_cp/t2_a1_proportion/meat/mpbamod_dishes_count/plots/ED5J990H5VAZT.png,Animal,TRUE,TRUE,Animal_inner,Animal_innerdark,Animal_restwash,0.9870663235083639,1.0092993073472436
meat,Exposure: Alt-Protein-Modifiable,Form: Count,0.9794823957002426,0.83719789623231,1.1012803826751347,0.9794823957002426,0.9979290459406351,NA,Restaurant,EMBVNVD207CC6,0.9087418304236653,1.0401247470016308,../../model_fits/finalized_redone_trunc_cp/t2_a1_proportion/meat/mpbamod_dishes_count/plots/EMBVNVD207CC6.png,Animal,TRUE,TRUE,Animal_inner,Animal_innerdark,Animal_restwash,0.9087418304236653,1.0401247470016308
meat,Exposure: Alt-Protein-Modifiable,Form: Count,0.9905190476403117,0.9546731035949176,1.0391176576267618,0.9905190476403117,0.9990478353267379,NA,Restaurant,JHDN7CF1C03X5,0.9711813603693616,1.0147268667513383,../../model_fits/finalized_redone_trunc_cp/t2_a1_proportion/meat/mpbamod_dishes_count/plots/JHDN7CF1C03X5.png,Animal,TRUE,TRUE,Animal_inner,Animal_innerdark,Animal_restwash,0.9711813603693616,1.0147268667513383
meat,Exposure: Alt-Protein-Modifiable,Form: Count,0.991596961069061,0.8300094599510992,1.152270683578999,0.991596961069061,0.9991565015949531,NA,Restaurant,L69HYJ4Y3TR91,0.9073984219531692,1.0733611678376975,../../model_fits/finalized_redone_trunc_cp/t2_a1_proportion/meat/mpbamod_dishes_count/plots/L69HYJ4Y3TR91.png,Animal,TRUE,TRUE,Animal_inner,Animal_innerdark,Animal_restwash,0.9073984219531692,1.0733611678376975
meat,Exposure: Alt-Protein-Modifiable,Form: Count,1.0612123186599662,0.9544305273906516,1.1825637468947434,1.0612123186599662,1.005958879048704,NA,Restaurant,LBZEEFSBJNB3Z,1.0073045167327515,1.118443651894917,../../model_fits/finalized_redone_trunc_cp/t2_a1_proportion/meat/mpbamod_dishes_count/plots/LBZEEFSBJNB3Z.png,Animal,TRUE,TRUE,Animal_inner,Animal_innerdark,Animal_restwash,1.0073045167327515,1.118443651894917
meat,Exposure: Alt-Protein-Modifiable,Form: Count,0.9730575183046992,0.7885941176878368,1.264751410589225,0.9730575183046992,0.9972725179414458,NA,Restaurant,LFZFT3VASXPED,0.8776576431077943,1.104753873847232,../../model_fits/finalized_redone_trunc_cp/t2_a1_proportion/meat/mpbamod_dishes_count/plots/LFZFT3VASXPED.png,Animal,TRUE,TRUE,Animal_inner,Animal_innerdark,Animal_restwash,0.8776576431077943,1.104753873847232
meat,Exposure: Alt-Protein-Modifiable,Form: Count,1.0053044530573503,0.8313175253978641,1.237946442168175,1.0053044530573503,1.0005291833681416,NA,Restaurant,LQ5EH4BKGV61T,0.9235811985232464,1.103434852083581,../../model_fits/finalized_redone_trunc_cp/t2_a1_proportion/meat/mpbamod_dishes_count/plots/LQ5EH4BKGV61T.png,Animal,TRUE,TRUE,Animal_inner,Animal_innerdark,Animal_restwash,0.9235811985232464,1.103434852083581
meat,Exposure: Alt-Protein-Modifiable,Form: Count,1.031342644786143,0.9068557524568123,1.1802247883951864,1.031342644786143,1.0030909162611348,NA,Restaurant,S8MT0YGD2KTN9,0.9685378569401122,1.1012854806349666,../../model_fits/finalized_redone_trunc_cp/t2_a1_proportion/meat/mpbamod_dishes_count/plots/S8MT0YGD2KTN9.png,Animal,TRUE,TRUE,Animal_inner,Animal_innerdark,Animal_restwash,0.9685378569401122,1.1012854806349666
meat,Exposure: Alt-Protein-Modifiable,Form: Count,0.964365942984249,0.7872310603181671,1.2141582875564354,0.964365942984249,0.9963781301010867,NA,Restaurant,SAFK7ND1HR6XS,0.880347272352791,1.0807238755560953,../../model_fits/finalized_redone_trunc_cp/t2_a1_proportion/meat/mpbamod_dishes_count/plots/SAFK7ND1HR6XS.png,Animal,TRUE,TRUE,Animal_inner,Animal_innerdark,Animal_restwash,0.880347272352791,1.0807238755560953
meat,Exposure: Alt-Protein-Modifiable,Form: Count,0.9564225439507111,0.8975580749032909,1.0273539107899843,0.9564225439507111,0.995554364024985,NA,Restaurant,SRQS8F7JWA9MZ,0.9273132938828871,0.9891524268508849,../../model_fits/finalized_redone_trunc_cp/t2_a1_proportion/meat/mpbamod_dishes_count/plots/SRQS8F7JWA9MZ.png,Animal,TRUE,TRUE,Animal_inner,Animal_innerdark,Animal_restwash,0.9273132938828871,0.9891524268508849
meat,Exposure: Alt-Protein-Modifiable,Form: Count,1.0592706756765484,1.0053075004137115,1.1099701469800405,1.0592706756765484,1.0057746724586973,NA,Restaurant,V3Q26BHF3SE2H,1.0336966862894483,1.0850894442809833,../../model_fits/finalized_redone_trunc_cp/t2_a1_proportion/meat/mpbamod_dishes_count/plots/V3Q26BHF3SE2H.png,Animal,TRUE,TRUE,Animal_inner,Animal_innerdark,Animal_restwash,1.0336966862894483,1.0850894442809833
meat,Exposure: Alt-Protein-Modifiable,Form: Count,0.973573894588939,0.9448673470818785,1.005900437462831,0.973573894588939,0.9973254279629811,NA,Restaurant,W8T41JZK0ZMEP,0.9580583188440768,0.9909683299419012,../../model_fits/finalized_redone_trunc_cp/t2_a1_proportion/meat/mpbamod_dishes_count/plots/W8T41JZK0ZMEP.png,Animal,TRUE,TRUE,Animal_inner,Animal_innerdark,Animal_restwash,0.9580583188440768,0.9909683299419012
meat,Exposure: Alt-Protein-Modifiable,Form: Proportion,1.1923780745628916,0.9395446492751445,1.504956049974979,5.809514183093704,1.1923780745628916,NA,Restaurant,1SQPTEGYPH0GA,1.057966435613494,1.338456758075793,../../model_fits/finalized_redone_trunc_cp/t2_a1_proportion/meat/mpbamod_dishes_prop/plots/1SQPTEGYPH0GA.png,Animal,TRUE,TRUE,Animal_inner,Animal_innerdark,Animal_restwash,1.057966435613494,1.338456758075793
meat,Exposure: Alt-Protein-Modifiable,Form: Proportion,1.034778723354727,0.7053822496119332,1.6039033805657341,1.4075858868182063,1.034778723354727,NA,Restaurant,2HRX9P6HKXA8V,0.8546343865245591,1.277641650031758,../../model_fits/finalized_redone_trunc_cp/t2_a1_proportion/meat/mpbamod_dishes_prop/plots/2HRX9P6HKXA8V.png,Animal,TRUE,TRUE,Animal_inner,Animal_innerdark,Animal_restwash,0.8546343865245591,1.277641650031758
meat,Exposure: Alt-Protein-Modifiable,Form: Proportion,0.9928513639277264,0.8097053033823863,1.2820507887199672,0.9307699799073772,0.9928513639277264,NA,Restaurant,78AY09MVJVTYE,0.8929379448229628,1.1305504739544125,../../model_fits/finalized_redone_trunc_cp/t2_a1_proportion/meat/mpbamod_dishes_prop/plots/78AY09MVJVTYE.png,Animal,TRUE,TRUE,Animal_inner,Animal_innerdark,Animal_restwash,0.8929379448229628,1.1305504739544125
meat,Exposure: Alt-Protein-Modifiable,Form: Proportion,1.0010884997362923,0.8871351220116027,1.1677487564052058,1.0109384698462036,1.0010884997362923,NA,Restaurant,9XKJD8DQTH559,0.9381673158652455,1.0848457699315717,../../model_fits/finalized_redone_trunc_cp/t2_a1_proportion/meat/mpbamod_dishes_prop/plots/9XKJD8DQTH559.png,Animal,TRUE,TRUE,Animal_inner,Animal_innerdark,Animal_restwash,0.9381673158652455,1.0848457699315717
meat,Exposure: Alt-Protein-Modifiable,Form: Proportion,1.1138781055426912,0.6935530506022233,1.6063244728390291,2.940198658540734,1.1138781055426912,NA,Restaurant,C0BE4NDSW26QN,0.8901806810895713,1.339857563476568,../../model_fits/finalized_redone_trunc_cp/t2_a1_proportion/meat/mpbamod_dishes_prop/plots/C0BE4NDSW26QN.png,Animal,TRUE,TRUE,Animal_inner,Animal_innerdark,Animal_restwash,0.8901806810895713,1.339857563476568
meat,Exposure: Alt-Protein-Modifiable,Form: Proportion,0.9746796218082345,0.8752997794189525,1.125120685046886,0.7737824246602252,0.9746796218082345,NA,Restaurant,CB2KHY1C2G9PT,0.9183640565633191,1.046174537105043,../../model_fits/finalized_redone_trunc_cp/t2_a1_proportion/meat/mpbamod_dishes_prop/plots/CB2KHY1C2G9PT.png,Animal,TRUE,TRUE,Animal_inner,Animal_innerdark,Animal_restwash,0.9183640565633191,1.046174537105043
meat,Exposure: Alt-Protein-Modifiable,Form: Proportion,0.9976861670479281,0.9501010949618395,1.0388956062836985,0.9771011119715431,0.9976861670479281,NA,Restaurant,ED5J990H5VAZT,0.9749615774659749,1.0186725954867393,../../model_fits/finalized_redone_trunc_cp/t2_a1_proportion/meat/mpbamod_dishes_prop/plots/ED5J990H5VAZT.png,Animal,TRUE,TRUE,Animal_inner,Animal_innerdark,Animal_restwash,0.9749615774659749,1.0186725954867393
meat,Exposure: Alt-Protein-Modifiable,Form: Proportion,0.965728741841481,0.8482743788159403,1.0887760568270823,0.705588623554423,0.965728741841481,NA,Restaurant,EMBVNVD207CC6,0.9047969867063521,1.020807823711093,../../model_fits/finalized_redone_trunc_cp/t2_a1_proportion/meat/mpbamod_dishes_prop/plots/EMBVNVD207CC6.png,Animal,TRUE,TRUE,Animal_inner,Animal_innerdark,Animal_restwash,0.9047969867063521,1.020807823711093
meat,Exposure: Alt-Protein-Modifiable,Form: Proportion,1.212496530036695,1.0236187123175675,1.4127657751684652,6.867600822594859,1.212496530036695,NA,Restaurant,JHDN7CF1C03X5,1.1146022451708022,1.3114516716894986,../../model_fits/finalized_redone_trunc_cp/t2_a1_proportion/meat/mpbamod_dishes_prop/plots/JHDN7CF1C03X5.png,Animal,TRUE,TRUE,Animal_inner,Animal_innerdark,Animal_restwash,1.1146022451708022,1.3114516716894986
meat,Exposure: Alt-Protein-Modifiable,Form: Proportion,0.8693733693186929,0.5568602048670389,1.4644583087891054,0.2466398952777245,0.8693733693186929,NA,Restaurant,L69HYJ4Y3TR91,0.6931987438816216,1.1237774726928615,../../model_fits/finalized_redone_trunc_cp/t2_a1_proportion/meat/mpbamod_dishes_prop/plots/L69HYJ4Y3TR91.png,Animal,TRUE,TRUE,Animal_inner,Animal_innerdark,Animal_restwash,0.6931987438816216,1.1237774726928615
meat,Exposure: Alt-Protein-Modifiable,Form: Proportion,1.178343207006265,0.803726190253807,1.5860317332232874,5.16081183767137,1.178343207006265,NA,Restaurant,LBZEEFSBJNB3Z,0.9714470856697351,1.3845898719901786,../../model_fits/finalized_redone_trunc_cp/t2_a1_proportion/meat/mpbamod_dishes_prop/plots/LBZEEFSBJNB3Z.png,Animal,TRUE,TRUE,Animal_inner,Animal_innerdark,Animal_restwash,0.9714470856697351,1.3845898719901786
meat,Exposure: Alt-Protein-Modifiable,Form: Proportion,1.011592675219407,0.47283746645203045,1.969745683507067,1.122165106480059,1.011592675219407,NA,Restaurant,LFZFT3VASXPED,0.702455687342348,1.4067563129296372,../../model_fits/finalized_redone_trunc_cp/t2_a1_proportion/meat/mpbamod_dishes_prop/plots/LFZFT3VASXPED.png,Animal,TRUE,TRUE,Animal_inner,Animal_innerdark,Animal_restwash,0.702455687342348,1.4067563129296372
meat,Exposure: Alt-Protein-Modifiable,Form: Proportion,0.9811513823498861,0.6446389687954222,1.5578611192563094,0.8267233436288955,0.9811513823498861,NA,Restaurant,LQ5EH4BKGV61T,0.8020695637165047,1.2359218946894825,../../model_fits/finalized_redone_trunc_cp/t2_a1_proportion/meat/mpbamod_dishes_prop/plots/LQ5EH4BKGV61T.png,Animal,TRUE,TRUE,Animal_inner,Animal_innerdark,Animal_restwash,0.8020695637165047,1.2359218946894825
meat,Exposure: Alt-Protein-Modifiable,Form: Proportion,0.9146160127358066,0.686450477692843,1.2101929551969017,0.4096264631680219,0.9146160127358066,NA,Restaurant,S8MT0YGD2KTN9,0.7945148345700543,1.0556030548611735,../../model_fits/finalized_redone_trunc_cp/t2_a1_proportion/meat/mpbamod_dishes_prop/plots/S8MT0YGD2KTN9.png,Animal,TRUE,TRUE,Animal_inner,Animal_innerdark,Animal_restwash,0.7945148345700543,1.0556030548611735
meat,Exposure: Alt-Protein-Modifiable,Form: Proportion,0.9720719506099684,0.6543064358451708,1.4134387340162469,0.7533280113413484,0.9720719506099684,NA,Restaurant,SAFK7ND1HR6XS,0.8017250470491284,1.1715433390785013,../../model_fits/finalized_redone_trunc_cp/t2_a1_proportion/meat/mpbamod_dishes_prop/plots/SAFK7ND1HR6XS.png,Animal,TRUE,TRUE,Animal_inner,Animal_innerdark,Animal_restwash,0.8017250470491284,1.1715433390785013
meat,Exposure: Alt-Protein-Modifiable,Form: Proportion,0.9567565218773031,0.8926814578064461,1.0285018127473753,0.6427088992745792,0.9567565218773031,NA,Restaurant,SRQS8F7JWA9MZ,0.9264948078869818,0.9900775948188943,../../model_fits/finalized_redone_trunc_cp/t2_a1_proportion/meat/mpbamod_dishes_prop/plots/SRQS8F7JWA9MZ.png,Animal,TRUE,TRUE,Animal_inner,Animal_innerdark,Animal_restwash,0.9264948078869818,0.9900775948188943
meat,Exposure: Alt-Protein-Modifiable,Form: Proportion,1.1288667052953631,1.043274140495357,1.20983851829734,3.3606759791126803,1.1288667052953631,NA,Restaurant,V3Q26BHF3SE2H,1.085954593717008,1.1691130230157287,../../model_fits/finalized_redone_trunc_cp/t2_a1_proportion/meat/mpbamod_dishes_prop/plots/V3Q26BHF3SE2H.png,Animal,TRUE,TRUE,Animal_inner,Animal_innerdark,Animal_restwash,1.085954593717008,1.1691130230157287
meat,Exposure: Alt-Protein-Modifiable,Form: Proportion,0.9493559477843988,0.8233624895058032,1.1101250532898521,0.5946901650930484,0.9493559477843988,NA,Restaurant,W8T41JZK0ZMEP,0.888836311862901,1.0215267316405103,../../model_fits/finalized_redone_trunc_cp/t2_a1_proportion/meat/mpbamod_dishes_prop/plots/W8T41JZK0ZMEP.png,Animal,TRUE,TRUE,Animal_inner,Animal_innerdark,Animal_restwash,0.888836311862901,1.0215267316405103
meat,Exposure: Vegan,Form: Count,0.9572165582175632,0.9207504904440287,1.0007615828570666,0.9572165582175632,0.9956369832830169,NA,Restaurant,1SQPTEGYPH0GA,0.9378110652862537,0.9776722893150047,../../model_fits/finalized_redone_trunc_cp/t2_a1_proportion/meat/vegan_dishes_count/plots/1SQPTEGYPH0GA.png,Animal,TRUE,TRUE,Animal_inner,Animal_innerdark,Animal_restwash,0.9378110652862537,0.9776722893150047
meat,Exposure: Vegan,Form: Count,0.9375363589590074,0.8308893115050899,1.0579050961407523,0.9375363589590074,0.993570782531532,NA,Restaurant,2HRX9P6HKXA8V,0.8812078301823172,0.9952708209092039,../../model_fits/finalized_redone_trunc_cp/t2_a1_proportion/meat/vegan_dishes_count/plots/2HRX9P6HKXA8V.png,Animal,TRUE,TRUE,Animal_inner,Animal_innerdark,Animal_restwash,0.8812078301823172,0.9952708209092039
meat,Exposure: Vegan,Form: Count,0.9989972704695789,0.9698862047529938,1.0305256563652483,0.9989972704695789,0.99989968177221,NA,Restaurant,78AY09MVJVTYE,0.9835236863927447,1.0153310705590533,../../model_fits/finalized_redone_trunc_cp/t2_a1_proportion/meat/vegan_dishes_count/plots/78AY09MVJVTYE.png,Animal,TRUE,TRUE,Animal_inner,Animal_innerdark,Animal_restwash,0.9835236863927447,1.0153310705590533
meat,Exposure: Vegan,Form: Count,0.9952574306654663,0.9755813102589703,1.018585959211829,0.9952574306654663,0.9995247278775933,NA,Restaurant,9XKJD8DQTH559,0.9856382421035819,1.0065671067417326,../../model_fits/finalized_redone_trunc_cp/t2_a1_proportion/meat/vegan_dishes_count/plots/9XKJD8DQTH559.png,Animal,TRUE,TRUE,Animal_inner,Animal_innerdark,Animal_restwash,0.9856382421035819,1.0065671067417326
meat,Exposure: Vegan,Form: Count,0.9931215838457179,0.9444296375038016,1.0420005585760501,0.9931215838457179,0.9993100199957533,NA,Restaurant,C0BE4NDSW26QN,0.9677730413608623,1.0187476876714463,../../model_fits/finalized_redone_trunc_cp/t2_a1_proportion/meat/vegan_dishes_count/plots/C0BE4NDSW26QN.png,Animal,TRUE,TRUE,Animal_inner,Animal_innerdark,Animal_restwash,0.9677730413608623,1.0187476876714463
meat,Exposure: Vegan,Form: Count,0.9940436846015133,0.9715556728242437,1.016159775329561,0.9940436846015133,0.9994027659153166,NA,Restaurant,CB2KHY1C2G9PT,0.9822305996378298,1.0055490251615031,../../model_fits/finalized_redone_trunc_cp/t2_a1_proportion/meat/vegan_dishes_count/plots/CB2KHY1C2G9PT.png,Animal,TRUE,TRUE,Animal_inner,Animal_innerdark,Animal_restwash,0.9822305996378298,1.0055490251615031
meat,Exposure: Vegan,Form: Count,0.8983149440158107,0.8266633603506862,0.9731920982054981,0.8983149440158107,0.9893338357792315,NA,Restaurant,ED5J990H5VAZT,0.862972195259952,0.9344654567399042,../../model_fits/finalized_redone_trunc_cp/t2_a1_proportion/meat/vegan_dishes_count/plots/ED5J990H5VAZT.png,Animal,TRUE,TRUE,Animal_inner,Animal_innerdark,Animal_restwash,0.862972195259952,0.9344654567399042
meat,Exposure: Vegan,Form: Count,1.0197176650401234,0.8608566830280157,1.2244516639266378,1.0197176650401234,1.0019544865237038,NA,Restaurant,EMBVNVD207CC6,0.9317259900648223,1.1200239820249107,../../model_fits/finalized_redone_trunc_cp/t2_a1_proportion/meat/vegan_dishes_count/plots/EMBVNVD207CC6.png,Animal,TRUE,TRUE,Animal_inner,Animal_innerdark,Animal_restwash,0.9317259900648223,1.1200239820249107
meat,Exposure: Vegan,Form: Count,0.9753388850246664,0.9506722282859595,0.996742658909133,0.9753388850246664,0.9975060855856343,NA,Restaurant,JHDN7CF1C03X5,0.9632900117198513,0.9870706599292478,../../model_fits/finalized_redone_trunc_cp/t2_a1_proportion/meat/vegan_dishes_count/plots/JHDN7CF1C03X5.png,Animal,TRUE,TRUE,Animal_inner,Animal_innerdark,Animal_restwash,0.9632900117198513,0.9870706599292478
meat,Exposure: Vegan,Form: Count,0.9918246067909464,0.9216232717679527,1.0669518447416104,0.9918246067909464,0.999179437345816,NA,Restaurant,L69HYJ4Y3TR91,0.9522889906206041,1.0303180052176386,../../model_fits/finalized_redone_trunc_cp/t2_a1_proportion/meat/vegan_dishes_count/plots/L69HYJ4Y3TR91.png,Animal,TRUE,TRUE,Animal_inner,Animal_innerdark,Animal_restwash,0.9522889906206041,1.0303180052176386
meat,Exposure: Vegan,Form: Count,1.082926522546778,0.9983631191531918,1.1644049314315255,1.082926522546778,1.0079985306403008,NA,Restaurant,LBZEEFSBJNB3Z,1.0425539299920097,1.1270688107501492,../../model_fits/finalized_redone_trunc_cp/t2_a1_proportion/meat/vegan_dishes_count/plots/LBZEEFSBJNB3Z.png,Animal,TRUE,TRUE,Animal_inner,Animal_innerdark,Animal_restwash,1.0425539299920097,1.1270688107501492
meat,Exposure: Vegan,Form: Count,1.018086878881988,0.8061987819730567,1.2844606781162942,1.018086878881988,1.0017941332546005,NA,Restaurant,LFZFT3VASXPED,0.9087727184000342,1.147062083987401,../../model_fits/finalized_redone_trunc_cp/t2_a1_proportion/meat/vegan_dishes_count/plots/LFZFT3VASXPED.png,Animal,TRUE,TRUE,Animal_inner,Animal_innerdark,Animal_restwash,0.9087727184000342,1.147062083987401
meat,Exposure: Vegan,Form: Count,1.0539086821084849,0.8279120300641793,1.3591520451430283,1.0539086821084849,1.0052643891557358,NA,Restaurant,LQ5EH4BKGV61T,0.9274158772839834,1.2015787111677458,../../model_fits/finalized_redone_trunc_cp/t2_a1_proportion/meat/vegan_dishes_count/plots/LQ5EH4BKGV61T.png,Animal,TRUE,TRUE,Animal_inner,Animal_innerdark,Animal_restwash,0.9274158772839834,1.2015787111677458
meat,Exposure: Vegan,Form: Count,1.0274685701411541,0.9134686083074456,1.146050703407613,1.0274685701411541,1.0027134826728517,NA,Restaurant,S8MT0YGD2KTN9,0.9674689397375229,1.091794041725724,../../model_fits/finalized_redone_trunc_cp/t2_a1_proportion/meat/vegan_dishes_count/plots/S8MT0YGD2KTN9.png,Animal,TRUE,TRUE,Animal_inner,Animal_innerdark,Animal_restwash,0.9674689397375229,1.091794041725724
meat,Exposure: Vegan,Form: Count,0.9958906914105641,0.7115976204245779,1.378188757185072,0.9958906914105641,0.9995883072687191,NA,Restaurant,SAFK7ND1HR6XS,0.8427399040401733,1.1606071000451745,../../model_fits/finalized_redone_trunc_cp/t2_a1_proportion/meat/vegan_dishes_count/plots/SAFK7ND1HR6XS.png,Animal,TRUE,TRUE,Animal_inner,Animal_innerdark,Animal_restwash,0.8427399040401733,1.1606071000451745
meat,Exposure: Vegan,Form: Count,1.0253742008837623,0.8605865165067929,1.22325566067942,1.0253742008837623,1.0025089040454582,NA,Restaurant,SRQS8F7JWA9MZ,0.9349689339194841,1.1227326570307423,../../model_fits/finalized_redone_trunc_cp/t2_a1_proportion/meat/vegan_dishes_count/plots/SRQS8F7JWA9MZ.png,Animal,TRUE,TRUE,Animal_inner,Animal_innerdark,Animal_restwash,0.9349689339194841,1.1227326570307423
meat,Exposure: Vegan,Form: Count,0.9399170794125704,0.8779286837221526,1.0124219865914679,0.9399170794125704,0.9938227957615309,NA,Restaurant,V3Q26BHF3SE2H,0.9062751192538788,0.976974588305833,../../model_fits/finalized_redone_trunc_cp/t2_a1_proportion/meat/vegan_dishes_count/plots/V3Q26BHF3SE2H.png,Animal,TRUE,TRUE,Animal_inner,Animal_innerdark,Animal_restwash,0.9062751192538788,0.976974588305833
meat,Exposure: Vegan,Form: Count,0.9657607568110779,0.9458127608644795,0.9835934063268127,0.9657607568110779,0.996522147866477,NA,Restaurant,W8T41JZK0ZMEP,0.9561357358716933,0.9750094526578442,../../model_fits/finalized_redone_trunc_cp/t2_a1_proportion/meat/vegan_dishes_count/plots/W8T41JZK0ZMEP.png,Animal,TRUE,TRUE,Animal_inner,Animal_innerdark,Animal_restwash,0.9561357358716933,0.9750094526578442
meat,Exposure: Vegan,Form: Proportion,0.9000539630597634,0.7544686936522842,1.0712597100094958,0.3488875604676869,0.9000539630597634,NA,Restaurant,1SQPTEGYPH0GA,0.8222850359251062,0.9853817053046485,../../model_fits/finalized_redone_trunc_cp/t2_a1_proportion/meat/vegan_dishes_prop/plots/1SQPTEGYPH0GA.png,Animal,TRUE,TRUE,Animal_inner,Animal_innerdark,Animal_restwash,0.8222850359251062,0.9853817053046485
meat,Exposure: Vegan,Form: Proportion,0.8697961644675742,0.6955646914937839,1.0909847965835144,0.2478419870189626,0.8697961644675742,NA,Restaurant,2HRX9P6HKXA8V,0.7774311748035241,0.9722069230324435,../../model_fits/finalized_redone_trunc_cp/t2_a1_proportion/meat/vegan_dishes_prop/plots/2HRX9P6HKXA8V.png,Animal,TRUE,TRUE,Animal_inner,Animal_innerdark,Animal_restwash,0.7774311748035241,0.9722069230324435
meat,Exposure: Vegan,Form: Proportion,1.0063248645138512,0.9298840992392827,1.0925602887849162,1.065079522086876,1.0063248645138512,NA,Restaurant,78AY09MVJVTYE,0.9654690829697455,1.0485797618039423,../../model_fits/finalized_redone_trunc_cp/t2_a1_proportion/meat/vegan_dishes_prop/plots/78AY09MVJVTYE.png,Animal,TRUE,TRUE,Animal_inner,Animal_innerdark,Animal_restwash,0.9654690829697455,1.0485797618039423
meat,Exposure: Vegan,Form: Proportion,1.0188919924982989,0.8666483644768382,1.192874816231321,1.2058172465925119,1.0188919924982989,NA,Restaurant,9XKJD8DQTH559,0.9396026389618035,1.1075899112335796,../../model_fits/finalized_redone_trunc_cp/t2_a1_proportion/meat/vegan_dishes_prop/plots/9XKJD8DQTH559.png,Animal,TRUE,TRUE,Animal_inner,Animal_innerdark,Animal_restwash,0.9396026389618035,1.1075899112335796
meat,Exposure: Vegan,Form: Proportion,0.956644888729446,0.7929824450357138,1.1515623923454719,0.641959388231145,0.956644888729446,NA,Restaurant,C0BE4NDSW26QN,0.8723538955192248,1.0489925706997343,../../model_fits/finalized_redone_trunc_cp/t2_a1_proportion/meat/vegan_dishes_prop/plots/C0BE4NDSW26QN.png,Animal,TRUE,TRUE,Animal_inner,Animal_innerdark,Animal_restwash,0.8723538955192248,1.0489925706997343
meat,Exposure: Vegan,Form: Proportion,0.9609655516618208,0.8835893342645595,1.0446309113777983,0.6715497553053918,0.9609655516618208,NA,Restaurant,CB2KHY1C2G9PT,0.9187882395153805,1.0015849554763263,../../model_fits/finalized_redone_trunc_cp/t2_a1_proportion/meat/vegan_dishes_prop/plots/CB2KHY1C2G9PT.png,Animal,TRUE,TRUE,Animal_inner,Animal_innerdark,Animal_restwash,0.9187882395153805,1.0015849554763263
meat,Exposure: Vegan,Form: Proportion,0.8894697990312365,0.7597818469260436,1.0386435618974952,0.3099645781697866,0.8894697990312365,NA,Restaurant,ED5J990H5VAZT,0.8207028402395434,0.9646591186607224,../../model_fits/finalized_redone_trunc_cp/t2_a1_proportion/meat/vegan_dishes_prop/plots/ED5J990H5VAZT.png,Animal,TRUE,TRUE,Animal_inner,Animal_innerdark,Animal_restwash,0.8207028402395434,0.9646591186607224
meat,Exposure: Vegan,Form: Proportion,0.9952719366482304,0.9029070014940509,1.0925572913143675,0.9537127438034204,0.9952719366482304,NA,Restaurant,EMBVNVD207CC6,0.9513038543041401,1.0450883295397264,../../model_fits/finalized_redone_trunc_cp/t2_a1_proportion/meat/vegan_dishes_prop/plots/EMBVNVD207CC6.png,Animal,TRUE,TRUE,Animal_inner,Animal_innerdark,Animal_restwash,0.9513038543041401,1.0450883295397264
meat,Exposure: Vegan,Form: Proportion,0.8718032162311777,0.7696082415024688,0.9867618451060937,0.2536206835513019,0.8718032162311777,NA,Restaurant,JHDN7CF1C03X5,0.8153569219879299,0.9282631883772405,../../model_fits/finalized_redone_trunc_cp/t2_a1_proportion/meat/vegan_dishes_prop/plots/JHDN7CF1C03X5.png,Animal,TRUE,TRUE,Animal_inner,Animal_innerdark,Animal_restwash,0.8153569219879299,0.9282631883772405
meat,Exposure: Vegan,Form: Proportion,0.9754763482346889,0.7480674762394244,1.268111085767602,0.7801308242227424,0.9754763482346889,NA,Restaurant,L69HYJ4Y3TR91,0.8569015994113958,1.110174318180418,../../model_fits/finalized_redone_trunc_cp/t2_a1_proportion/meat/vegan_dishes_prop/plots/L69HYJ4Y3TR91.png,Animal,TRUE,TRUE,Animal_inner,Animal_innerdark,Animal_restwash,0.8569015994113958,1.110174318180418
meat,Exposure: Vegan,Form: Proportion,1.3403761519748343,1.0756754025657786,1.6953991453623536,18.718322369131013,1.3403761519748343,NA,Restaurant,LBZEEFSBJNB3Z,1.1987138323215276,1.5021661806464017,../../model_fits/finalized_redone_trunc_cp/t2_a1_proportion/meat/vegan_dishes_prop/plots/LBZEEFSBJNB3Z.png,Animal,TRUE,TRUE,Animal_inner,Animal_innerdark,Animal_restwash,1.1987138323215276,1.5021661806464017
meat,Exposure: Vegan,Form: Proportion,1.007995232524904,0.6739509248102299,1.5136065780586283,1.082891090312089,1.007995232524904,NA,Restaurant,LFZFT3VASXPED,0.817972967263991,1.2299938242047832,../../model_fits/finalized_redone_trunc_cp/t2_a1_proportion/meat/vegan_dishes_prop/plots/LFZFT3VASXPED.png,Animal,TRUE,TRUE,Animal_inner,Animal_innerdark,Animal_restwash,0.817972967263991,1.2299938242047832
meat,Exposure: Vegan,Form: Proportion,1.022149453764331,0.7542601503069432,1.375429479740564,1.2449273521158915,1.022149453764331,NA,Restaurant,LQ5EH4BKGV61T,0.8755524482165319,1.1909425217104537,../../model_fits/finalized_redone_trunc_cp/t2_a1_proportion/meat/vegan_dishes_prop/plots/LQ5EH4BKGV61T.png,Animal,TRUE,TRUE,Animal_inner,Animal_innerdark,Animal_restwash,0.8755524482165319,1.1909425217104537
meat,Exposure: Vegan,Form: Proportion,0.9922944164050735,0.7470019813449195,1.325162713612549,0.9255619152153723,0.9922944164050735,NA,Restaurant,S8MT0YGD2KTN9,0.8523516706495756,1.1488252896033357,../../model_fits/finalized_redone_trunc_cp/t2_a1_proportion/meat/vegan_dishes_prop/plots/S8MT0YGD2KTN9.png,Animal,TRUE,TRUE,Animal_inner,Animal_innerdark,Animal_restwash,0.8523516706495756,1.1488252896033357
meat,Exposure: Vegan,Form: Proportion,0.9787682256468013,0.6777731777033791,1.4399134665591276,0.8068608091148973,0.9787682256468013,NA,Restaurant,SAFK7ND1HR6XS,0.8129411314537216,1.1793056123565533,../../model_fits/finalized_redone_trunc_cp/t2_a1_proportion/meat/vegan_dishes_prop/plots/SAFK7ND1HR6XS.png,Animal,TRUE,TRUE,Animal_inner,Animal_innerdark,Animal_restwash,0.8129411314537216,1.1793056123565533
meat,Exposure: Vegan,Form: Proportion,1.0365939288864006,0.965644689918314,1.1106611401291586,1.43247354253265,1.0365939288864006,NA,Restaurant,SRQS8F7JWA9MZ,1.001506211198339,1.0737452167589967,../../model_fits/finalized_redone_trunc_cp/t2_a1_proportion/meat/vegan_dishes_prop/plots/SRQS8F7JWA9MZ.png,Animal,TRUE,TRUE,Animal_inner,Animal_innerdark,Animal_restwash,1.001506211198339,1.0737452167589967
meat,Exposure: Vegan,Form: Proportion,0.9241466156334607,0.8154891792806336,1.0522825611504314,0.4543690843915054,0.9241466156334607,NA,Restaurant,V3Q26BHF3SE2H,0.8695636137885732,0.9860493055509251,../../model_fits/finalized_redone_trunc_cp/t2_a1_proportion/meat/vegan_dishes_prop/plots/V3Q26BHF3SE2H.png,Animal,TRUE,TRUE,Animal_inner,Animal_innerdark,Animal_restwash,0.8695636137885732,0.9860493055509251
meat,Exposure: Vegan,Form: Proportion,0.806017406544215,0.7030097188112244,0.9199641776744576,0.11572953501193063,0.806017406544215,NA,Restaurant,W8T41JZK0ZMEP,0.750236686557998,0.8649618167068515,../../model_fits/finalized_redone_trunc_cp/t2_a1_proportion/meat/vegan_dishes_prop/plots/W8T41JZK0ZMEP.png,Animal,TRUE,TRUE,Animal_inner,Animal_innerdark,Animal_restwash,0.750236686557998,0.8649618167068515
meat,Exposure: Vegetarian,Form: Count,0.9864788393279084,0.9719913717125866,1.0011703851667895,0.9864788393279084,0.9986395858035019,NA,Restaurant,1SQPTEGYPH0GA,0.9795848150482538,0.9933906928679597,../../model_fits/finalized_redone_trunc_cp/t2_a1_proportion/meat/vegetarian_dishes_count/plots/1SQPTEGYPH0GA.png,Animal,TRUE,TRUE,Animal_inner,Animal_innerdark,Animal_restwash,0.9795848150482538,0.9933906928679597
meat,Exposure: Vegetarian,Form: Count,0.9980032127375029,0.9158353415954477,1.0858774355954384,0.9980032127375029,0.9998001416243466,NA,Restaurant,2HRX9P6HKXA8V,0.9564851683790516,1.037965298305557,../../model_fits/finalized_redone_trunc_cp/t2_a1_proportion/meat/vegetarian_dishes_count/plots/2HRX9P6HKXA8V.png,Animal,TRUE,TRUE,Animal_inner,Animal_innerdark,Animal_restwash,0.9564851683790516,1.037965298305557
meat,Exposure: Vegetarian,Form: Count,1.0000489444489404,0.9774789825709106,1.0264218534902596,1.0000489444489404,1.0000048943370972,NA,Restaurant,78AY09MVJVTYE,0.988592940690904,1.0139314897892335,../../model_fits/finalized_redone_trunc_cp/t2_a1_proportion/meat/vegetarian_dishes_count/plots/78AY09MVJVTYE.png,Animal,TRUE,TRUE,Animal_inner,Animal_innerdark,Animal_restwash,0.988592940690904,1.0139314897892335
meat,Exposure: Vegetarian,Form: Count,0.9965098687165016,0.9839817931277677,1.0095174344318278,0.9965098687165016,0.9996504375112086,NA,Restaurant,9XKJD8DQTH559,0.9904461025408099,1.0027816500289657,../../model_fits/finalized_redone_trunc_cp/t2_a1_proportion/meat/vegetarian_dishes_count/plots/9XKJD8DQTH559.png,Animal,TRUE,TRUE,Animal_inner,Animal_innerdark,Animal_restwash,0.9904461025408099,1.0027816500289657
meat,Exposure: Vegetarian,Form: Count,0.9860437955228007,0.9607809512876732,1.0148094575812645,0.9860437955228007,0.9985955363834422,NA,Restaurant,C0BE4NDSW26QN,0.972185504729319,1.0012244424983583,../../model_fits/finalized_redone_trunc_cp/t2_a1_proportion/meat/vegetarian_dishes_count/plots/C0BE4NDSW26QN.png,Animal,TRUE,TRUE,Animal_inner,Animal_innerdark,Animal_restwash,0.972185504729319,1.0012244424983583
meat,Exposure: Vegetarian,Form: Count,0.9952664656534317,0.9818739958587991,1.0108806676292614,0.9952664656534317,0.9995256352465531,NA,Restaurant,CB2KHY1C2G9PT,0.9885569045330496,1.002222399797662,../../model_fits/finalized_redone_trunc_cp/t2_a1_proportion/meat/vegetarian_dishes_count/plots/CB2KHY1C2G9PT.png,Animal,TRUE,TRUE,Animal_inner,Animal_innerdark,Animal_restwash,0.9885569045330496,1.002222399797662
meat,Exposure: Vegetarian,Form: Count,0.9567383106686086,0.9278775703977133,0.984364378029071,0.9567383106686086,0.995587227767176,NA,Restaurant,ED5J990H5VAZT,0.9418142096208191,0.9715958448391797,../../model_fits/finalized_redone_trunc_cp/t2_a1_proportion/meat/vegetarian_dishes_count/plots/ED5J990H5VAZT.png,Animal,TRUE,TRUE,Animal_inner,Animal_innerdark,Animal_restwash,0.9418142096208191,0.9715958448391797
meat,Exposure: Vegetarian,Form: Count,0.9495307341315938,0.8680144639055192,1.0492587569127678,0.9495307341315938,0.9948346484954552,NA,Restaurant,EMBVNVD207CC6,0.9080060421615894,1.0001074957372527,../../model_fits/finalized_redone_trunc_cp/t2_a1_proportion/meat/vegetarian_dishes_count/plots/EMBVNVD207CC6.png,Animal,TRUE,TRUE,Animal_inner,Animal_innerdark,Animal_restwash,0.9080060421615894,1.0001074957372527
meat,Exposure: Vegetarian,Form: Count,0.9797201109310923,0.9631563107951916,0.998795994689207,0.9797201109310923,0.9979532625095912,NA,Restaurant,JHDN7CF1C03X5,0.9706368009491099,0.989309451383005,../../model_fits/finalized_redone_trunc_cp/t2_a1_proportion/meat/vegetarian_dishes_count/plots/JHDN7CF1C03X5.png,Animal,TRUE,TRUE,Animal_inner,Animal_innerdark,Animal_restwash,0.9706368009491099,0.989309451383005
meat,Exposure: Vegetarian,Form: Count,0.9749463886461737,0.926977208632949,1.0255572011084104,0.9749463886461737,0.9974659366230724,NA,Restaurant,L69HYJ4Y3TR91,0.9491379577410703,1.0005609571576517,../../model_fits/finalized_redone_trunc_cp/t2_a1_proportion/meat/vegetarian_dishes_count/plots/L69HYJ4Y3TR91.png,Animal,TRUE,TRUE,Animal_inner,Animal_innerdark,Animal_restwash,0.9491379577410703,1.0005609571576517
meat,Exposure: Vegetarian,Form: Count,1.0300450792026536,0.9805398800950232,1.0872206852859436,1.0300450792026536,1.0029646426367287,NA,Restaurant,LBZEEFSBJNB3Z,1.005772085289731,1.0588529186610949,../../model_fits/finalized_redone_trunc_cp/t2_a1_proportion/meat/vegetarian_dishes_count/plots/LBZEEFSBJNB3Z.png,Animal,TRUE,TRUE,Animal_inner,Animal_innerdark,Animal_restwash,1.005772085289731,1.0588529186610949
meat,Exposure: Vegetarian,Form: Count,0.9958710272450569,0.8878461869608291,1.1189983196495537,0.9958710272450569,0.9995863335335756,NA,Restaurant,LFZFT3VASXPED,0.9422484728277768,1.056207000767442,../../model_fits/finalized_redone_trunc_cp/t2_a1_proportion/meat/vegetarian_dishes_count/plots/LFZFT3VASXPED.png,Animal,TRUE,TRUE,Animal_inner,Animal_innerdark,Animal_restwash,0.9422484728277768,1.056207000767442
meat,Exposure: Vegetarian,Form: Count,0.9736924002986521,0.8590427001884909,1.103917166311469,0.9736924002986521,0.9973375669783157,NA,Restaurant,LQ5EH4BKGV61T,0.9163980563935359,1.03275919232689,../../model_fits/finalized_redone_trunc_cp/t2_a1_proportion/meat/vegetarian_dishes_count/plots/LQ5EH4BKGV61T.png,Animal,TRUE,TRUE,Animal_inner,Animal_innerdark,Animal_restwash,0.9163980563935359,1.03275919232689
meat,Exposure: Vegetarian,Form: Count,1.0130743151227868,0.9806807717839165,1.0464447959345777,1.0130743151227868,1.0012998024118684,NA,Restaurant,S8MT0YGD2KTN9,0.9971647144357808,1.0296650744857487,../../model_fits/finalized_redone_trunc_cp/t2_a1_proportion/meat/vegetarian_dishes_count/plots/S8MT0YGD2KTN9.png,Animal,TRUE,TRUE,Animal_inner,Animal_innerdark,Animal_restwash,0.9971647144357808,1.0296650744857487
meat,Exposure: Vegetarian,Form: Count,0.9723724615748124,0.8486454929799895,1.1065597800737295,0.9723724615748124,0.9972022852187811,NA,Restaurant,SAFK7ND1HR6XS,0.915767089522601,1.039078343805917,../../model_fits/finalized_redone_trunc_cp/t2_a1_proportion/meat/vegetarian_dishes_count/plots/SAFK7ND1HR6XS.png,Animal,TRUE,TRUE,Animal_inner,Animal_innerdark,Animal_restwash,0.915767089522601,1.039078343805917
meat,Exposure: Vegetarian,Form: Count,0.9803644276433079,0.9500109557719707,1.0095932983683047,0.9803644276433079,0.998018873876098,NA,Restaurant,SRQS8F7JWA9MZ,0.9654076679359551,0.9954746229557138,../../model_fits/finalized_redone_trunc_cp/t2_a1_proportion/meat/vegetarian_dishes_count/plots/SRQS8F7JWA9MZ.png,Animal,TRUE,TRUE,Animal_inner,Animal_innerdark,Animal_restwash,0.9654076679359551,0.9954746229557138
meat,Exposure: Vegetarian,Form: Count,0.977208116753214,0.9287010976081231,1.0284928961638484,0.977208116753214,0.9976970924197732,NA,Restaurant,V3Q26BHF3SE2H,0.9515566076804414,1.0027668836564443,../../model_fits/finalized_redone_trunc_cp/t2_a1_proportion/meat/vegetarian_dishes_count/plots/V3Q26BHF3SE2H.png,Animal,TRUE,TRUE,Animal_inner,Animal_innerdark,Animal_restwash,0.9515566076804414,1.0027668836564443
meat,Exposure: Vegetarian,Form: Count,0.973989969984316,0.9583190715144478,0.9890590390830469,0.973989969984316,0.9973680423748585,NA,Restaurant,W8T41JZK0ZMEP,0.9659556520368575,0.9816056170232337,../../model_fits/finalized_redone_trunc_cp/t2_a1_proportion/meat/vegetarian_dishes_count/plots/W8T41JZK0ZMEP.png,Animal,TRUE,TRUE,Animal_inner,Animal_innerdark,Animal_restwash,0.9659556520368575,0.9816056170232337
meat,Exposure: Vegetarian,Form: Proportion,0.8848125812500537,0.7809195816749619,1.003931491114875,0.2941121005293923,0.8848125812500537,NA,Restaurant,1SQPTEGYPH0GA,0.8279130794640402,0.945274283227747,../../model_fits/finalized_redone_trunc_cp/t2_a1_proportion/meat/vegetarian_dishes_prop/plots/1SQPTEGYPH0GA.png,Animal,TRUE,TRUE,Animal_inner,Animal_innerdark,Animal_restwash,0.8279130794640402,0.945274283227747
meat,Exposure: Vegetarian,Form: Proportion,0.9217561728586406,0.7525391922226164,1.144382623884102,0.4427520155439109,0.9217561728586406,NA,Restaurant,2HRX9P6HKXA8V,0.8294200039176595,1.0245187229651156,../../model_fits/finalized_redone_trunc_cp/t2_a1_proportion/meat/vegetarian_dishes_prop/plots/2HRX9P6HKXA8V.png,Animal,TRUE,TRUE,Animal_inner,Animal_innerdark,Animal_restwash,0.8294200039176595,1.0245187229651156
meat,Exposure: Vegetarian,Form: Proportion,1.0064841773427768,0.9327335345132657,1.085508439625743,1.0667668674926425,1.0064841773427768,NA,Restaurant,78AY09MVJVTYE,0.9686636423080885,1.0459265091127212,../../model_fits/finalized_redone_trunc_cp/t2_a1_proportion/meat/vegetarian_dishes_prop/plots/78AY09MVJVTYE.png,Animal,TRUE,TRUE,Animal_inner,Animal_innerdark,Animal_restwash,0.9686636423080885,1.0459265091127212
meat,Exposure: Vegetarian,Form: Proportion,0.9638025813257737,0.8572457276387586,1.088575898479963,0.6916411930423682,0.9638025813257737,NA,Restaurant,9XKJD8DQTH559,0.9089673643631435,1.0229273203045226,../../model_fits/finalized_redone_trunc_cp/t2_a1_proportion/meat/vegetarian_dishes_prop/plots/9XKJD8DQTH559.png,Animal,TRUE,TRUE,Animal_inner,Animal_innerdark,Animal_restwash,0.9089673643631435,1.0229273203045226
meat,Exposure: Vegetarian,Form: Proportion,0.901222718568706,0.7901332750142984,1.0277196387906988,0.3534445679977621,0.901222718568706,NA,Restaurant,C0BE4NDSW26QN,0.8450917143824893,0.9605990845173332,../../model_fits/finalized_redone_trunc_cp/t2_a1_proportion/meat/vegetarian_dishes_prop/plots/C0BE4NDSW26QN.png,Animal,TRUE,TRUE,Animal_inner,Animal_innerdark,Animal_restwash,0.8450917143824893,0.9605990845173332
meat,Exposure: Vegetarian,Form: Proportion,0.9799051866639795,0.8946653742846274,1.0664694602453668,0.816282646891167,0.9799051866639795,NA,Restaurant,CB2KHY1C2G9PT,0.9356800976446064,1.0213974087611204,../../model_fits/finalized_redone_trunc_cp/t2_a1_proportion/meat/vegetarian_dishes_prop/plots/CB2KHY1C2G9PT.png,Animal,TRUE,TRUE,Animal_inner,Animal_innerdark,Animal_restwash,0.9356800976446064,1.0213974087611204
meat,Exposure: Vegetarian,Form: Proportion,0.7798743359766394,0.6763887249846698,0.9020893349357674,0.08322355984719984,0.7798743359766394,NA,Restaurant,ED5J990H5VAZT,0.7261171984601079,0.8376318648079433,../../model_fits/finalized_redone_trunc_cp/t2_a1_proportion/meat/vegetarian_dishes_prop/plots/ED5J990H5VAZT.png,Animal,TRUE,TRUE,Animal_inner,Animal_innerdark,Animal_restwash,0.7261171984601079,0.8376318648079433
meat,Exposure: Vegetarian,Form: Proportion,0.8265301816210181,0.7321329615894545,0.941082802135671,0.14879459963757144,0.8265301816210181,NA,Restaurant,EMBVNVD207CC6,0.7778753756925226,0.8798532386919005,../../model_fits/finalized_redone_trunc_cp/t2_a1_proportion/meat/vegetarian_dishes_prop/plots/EMBVNVD207CC6.png,Animal,TRUE,TRUE,Animal_inner,Animal_innerdark,Animal_restwash,0.7778753756925226,0.8798532386919005
meat,Exposure: Vegetarian,Form: Proportion,0.8637747847119306,0.7667918875371184,0.9781824810613626,0.23120925793827385,0.8637747847119306,NA,Restaurant,JHDN7CF1C03X5,0.8112397104005183,0.9162020476813398,../../model_fits/finalized_redone_trunc_cp/t2_a1_proportion/meat/vegetarian_dishes_prop/plots/JHDN7CF1C03X5.png,Animal,TRUE,TRUE,Animal_inner,Animal_innerdark,Animal_restwash,0.8112397104005183,0.9162020476813398
meat,Exposure: Vegetarian,Form: Proportion,0.8704613426270524,0.6792743538250299,1.1291168536884888,0.2497438990450242,0.8704613426270524,NA,Restaurant,L69HYJ4Y3TR91,0.7664508121691886,0.9891573526839712,../../model_fits/finalized_redone_trunc_cp/t2_a1_proportion/meat/vegetarian_dishes_prop/plots/L69HYJ4Y3TR91.png,Animal,TRUE,TRUE,Animal_inner,Animal_innerdark,Animal_restwash,0.7664508121691886,0.9891573526839712
meat,Exposure: Vegetarian,Form: Proportion,0.9987767607677867,0.8736675016144335,1.1447519361401297,0.9878347226451922,0.9987767607677867,NA,Restaurant,LBZEEFSBJNB3Z,0.9336137592160468,1.0678924061950523,../../model_fits/finalized_redone_trunc_cp/t2_a1_proportion/meat/vegetarian_dishes_prop/plots/LBZEEFSBJNB3Z.png,Animal,TRUE,TRUE,Animal_inner,Animal_innerdark,Animal_restwash,0.9336137592160468,1.0678924061950523
meat,Exposure: Vegetarian,Form: Proportion,0.8855855314844671,0.6356425903258065,1.2242238079407806,0.29669151425964674,0.8855855314844671,NA,Restaurant,LFZFT3VASXPED,0.7589656064715212,1.0351969457871761,../../model_fits/finalized_redone_trunc_cp/t2_a1_proportion/meat/vegetarian_dishes_prop/plots/LFZFT3VASXPED.png,Animal,TRUE,TRUE,Animal_inner,Animal_innerdark,Animal_restwash,0.7589656064715212,1.0351969457871761
meat,Exposure: Vegetarian,Form: Proportion,0.957544927841944,0.74892198181209,1.2364141149332255,0.6480247622572632,0.957544927841944,NA,Restaurant,LQ5EH4BKGV61T,0.8441291527398194,1.0900579246611115,../../model_fits/finalized_redone_trunc_cp/t2_a1_proportion/meat/vegetarian_dishes_prop/plots/LQ5EH4BKGV61T.png,Animal,TRUE,TRUE,Animal_inner,Animal_innerdark,Animal_restwash,0.8441291527398194,1.0900579246611115
meat,Exposure: Vegetarian,Form: Proportion,1.0079378348786243,0.905702212606278,1.1221074848093437,1.0822746243464696,1.0079378348786243,NA,Restaurant,S8MT0YGD2KTN9,0.9592091463885754,1.0649367116980697,../../model_fits/finalized_redone_trunc_cp/t2_a1_proportion/meat/vegetarian_dishes_prop/plots/S8MT0YGD2KTN9.png,Animal,TRUE,TRUE,Animal_inner,Animal_innerdark,Animal_restwash,0.9592091463885754,1.0649367116980697
meat,Exposure: Vegetarian,Form: Proportion,0.9026288990873745,0.6761816283745604,1.1765821436735981,0.35899825723652523,0.9026288990873745,NA,Restaurant,SAFK7ND1HR6XS,0.7861084586752243,1.0308482410060262,../../model_fits/finalized_redone_trunc_cp/t2_a1_proportion/meat/vegetarian_dishes_prop/plots/SAFK7ND1HR6XS.png,Animal,TRUE,TRUE,Animal_inner,Animal_innerdark,Animal_restwash,0.7861084586752243,1.0308482410060262
meat,Exposure: Vegetarian,Form: Proportion,0.9675986828517824,0.9185626478796035,1.0204099378918294,0.7193706006799485,0.9675986828517824,NA,Restaurant,SRQS8F7JWA9MZ,0.942584839656938,0.9940576858849388,../../model_fits/finalized_redone_trunc_cp/t2_a1_proportion/meat/vegetarian_dishes_prop/plots/SRQS8F7JWA9MZ.png,Animal,TRUE,TRUE,Animal_inner,Animal_innerdark,Animal_restwash,0.942584839656938,0.9940576858849388
meat,Exposure: Vegetarian,Form: Proportion,0.764238717239815,0.6843167578388059,0.8475238112411068,0.06796578820792362,0.764238717239815,NA,Restaurant,V3Q26BHF3SE2H,0.7220272463171304,0.8062105228644334,../../model_fits/finalized_redone_trunc_cp/t2_a1_proportion/meat/vegetarian_dishes_prop/plots/V3Q26BHF3SE2H.png,Animal,TRUE,TRUE,Animal_inner,Animal_innerdark,Animal_restwash,0.7220272463171304,0.8062105228644334
meat,Exposure: Vegetarian,Form: Proportion,0.6790582616659475,0.575462315807749,0.8008479700222736,0.020848286841258716,0.6790582616659475,NA,Restaurant,W8T41JZK0ZMEP,0.6261715847468956,0.7413971561918996,../../model_fits/finalized_redone_trunc_cp/t2_a1_proportion/meat/vegetarian_dishes_prop/plots/W8T41JZK0ZMEP.png,Animal,TRUE,TRUE,Animal_inner,Animal_innerdark,Animal_restwash,0.6261715847468956,0.7413971561918996
chicken_fish,Exposure: Alt-Protein-Modifiable,Form: Count,1.1649647103339218,1.0562895400178234,1.2907332119433306,1.1649647103339218,1.0153862474838957,NA,Restaurant,1SQPTEGYPH0GA,1.1073673357622706,1.2262888531481781,../../model_fits/finalized_redone_trunc_cp/t2_a1_proportion/chicken_fish/mpbamod_dishes_count/plots/1SQPTEGYPH0GA.png,Animal,TRUE,TRUE,Animal_inner,Animal_innerdark,Animal_restwash,1.1073673357622706,1.2262888531481781
chicken_fish,Exposure: Alt-Protein-Modifiable,Form: Count,1.0943591080853745,0.8815399831359354,1.3269871817062666,1.0943591080853745,1.0090576648661604,NA,Restaurant,2HRX9P6HKXA8V,0.9797746979104246,1.2029416454822937,../../model_fits/finalized_redone_trunc_cp/t2_a1_proportion/chicken_fish/mpbamod_dishes_count/plots/2HRX9P6HKXA8V.png,Animal,TRUE,TRUE,Animal_inner,Animal_innerdark,Animal_restwash,0.9797746979104246,1.2029416454822937
chicken_fish,Exposure: Alt-Protein-Modifiable,Form: Count,1.2118279025872927,1.0849199908404128,1.370843464276843,1.2118279025872927,1.019398745502866,NA,Restaurant,78AY09MVJVTYE,1.1419890072136474,1.2875168736275362,../../model_fits/finalized_redone_trunc_cp/t2_a1_proportion/chicken_fish/mpbamod_dishes_count/plots/78AY09MVJVTYE.png,Animal,TRUE,TRUE,Animal_inner,Animal_innerdark,Animal_restwash,1.1419890072136474,1.2875168736275362
chicken_fish,Exposure: Alt-Protein-Modifiable,Form: Count,0.9800555977782078,0.9558132428805072,1.0105947536851594,0.9800555977782078,0.9979874302897895,NA,Restaurant,9XKJD8DQTH559,0.9662553171729181,0.9947646912878302,../../model_fits/finalized_redone_trunc_cp/t2_a1_proportion/chicken_fish/mpbamod_dishes_count/plots/9XKJD8DQTH559.png,Animal,TRUE,TRUE,Animal_inner,Animal_innerdark,Animal_restwash,0.9662553171729181,0.9947646912878302
chicken_fish,Exposure: Alt-Protein-Modifiable,Form: Count,1.018909279166486,0.8539972391023692,1.1933537713470814,1.018909279166486,1.001875027770292,NA,Restaurant,C0BE4NDSW26QN,0.9332861507617993,1.1013352549957915,../../model_fits/finalized_redone_trunc_cp/t2_a1_proportion/chicken_fish/mpbamod_dishes_count/plots/C0BE4NDSW26QN.png,Animal,TRUE,TRUE,Animal_inner,Animal_innerdark,Animal_restwash,0.9332861507617993,1.1013352549957915
chicken_fish,Exposure: Alt-Protein-Modifiable,Form: Count,1.2020409599140238,1.0671021994123397,1.3770557961768728,1.2020409599140238,1.018572453080736,NA,Restaurant,CB2KHY1C2G9PT,1.1280262510358767,1.2855447607017045,../../model_fits/finalized_redone_trunc_cp/t2_a1_proportion/chicken_fish/mpbamod_dishes_count/plots/CB2KHY1C2G9PT.png,Animal,TRUE,TRUE,Animal_inner,Animal_innerdark,Animal_restwash,1.1280262510358767,1.2855447607017045
chicken_fish,Exposure: Alt-Protein-Modifiable,Form: Count,0.9935571482506608,0.9557633579092081,1.0289061794894498,0.9935571482506608,0.9993538392018613,NA,Restaurant,ED5J990H5VAZT,0.9742299910076485,1.0117159105546345,../../model_fits/finalized_redone_trunc_cp/t2_a1_proportion/chicken_fish/mpbamod_dishes_count/plots/ED5J990H5VAZT.png,Animal,TRUE,TRUE,Animal_inner,Animal_innerdark,Animal_restwash,0.9742299910076485,1.0117159105546345
chicken_fish,Exposure: Alt-Protein-Modifiable,Form: Count,0.8390256603809237,0.6938078200001935,0.9811883970820883,0.8390256603809237,0.9826017297681937,NA,Restaurant,EMBVNVD207CC6,0.764516708768163,0.9138891295750702,../../model_fits/finalized_redone_trunc_cp/t2_a1_proportion/chicken_fish/mpbamod_dishes_count/plots/EMBVNVD207CC6.png,Animal,TRUE,TRUE,Animal_inner,Animal_innerdark,Animal_restwash,0.764516708768163,0.9138891295750702
chicken_fish,Exposure: Alt-Protein-Modifiable,Form: Count,1.021293553215335,0.9784126554502237,1.0744061814472226,1.021293553215335,1.0021092226121027,NA,Restaurant,JHDN7CF1C03X5,0.9972165096729004,1.0469939151380472,../../model_fits/finalized_redone_trunc_cp/t2_a1_proportion/chicken_fish/mpbamod_dishes_count/plots/JHDN7CF1C03X5.png,Animal,TRUE,TRUE,Animal_inner,Animal_innerdark,Animal_restwash,0.9972165096729004,1.0469939151380472
chicken_fish,Exposure: Alt-Protein-Modifiable,Form: Count,0.9637400212922165,0.7603924635554407,1.17620888417065,0.9637400212922165,0.9963134412848833,NA,Restaurant,L69HYJ4Y3TR91,0.8610344441625719,1.0604055035276785,../../model_fits/finalized_redone_trunc_cp/t2_a1_proportion/chicken_fish/mpbamod_dishes_count/plots/L69HYJ4Y3TR91.png,Animal,TRUE,TRUE,Animal_inner,Animal_innerdark,Animal_restwash,0.8610344441625719,1.0604055035276785
chicken_fish,Exposure: Alt-Protein-Modifiable,Form: Count,1.0816684276344743,0.9623560566226794,1.2363156040147318,1.0816684276344743,1.007881364677097,NA,Restaurant,LBZEEFSBJNB3Z,1.01985865196432,1.150190824024507,../../model_fits/finalized_redone_trunc_cp/t2_a1_proportion/chicken_fish/mpbamod_dishes_count/plots/LBZEEFSBJNB3Z.png,Animal,TRUE,TRUE,Animal_inner,Animal_innerdark,Animal_restwash,1.01985865196432,1.150190824024507
chicken_fish,Exposure: Alt-Protein-Modifiable,Form: Count,0.9866972837360719,0.7796990623560196,1.3437178409618593,0.9866972837360719,0.9986616973268162,NA,Restaurant,LFZFT3VASXPED,0.8781000556506318,1.1379088813204614,../../model_fits/finalized_redone_trunc_cp/t2_a1_proportion/chicken_fish/mpbamod_dishes_count/plots/LFZFT3VASXPED.png,Animal,TRUE,TRUE,Animal_inner,Animal_innerdark,Animal_restwash,0.8781000556506318,1.1379088813204614
chicken_fish,Exposure: Alt-Protein-Modifiable,Form: Count,0.9637017020160646,0.7757857447390742,1.2226396441354654,0.9637017020160646,0.9963094797711802,NA,Restaurant,LQ5EH4BKGV61T,0.8737917153534339,1.0698912969098566,../../model_fits/finalized_redone_trunc_cp/t2_a1_proportion/chicken_fish/mpbamod_dishes_count/plots/LQ5EH4BKGV61T.png,Animal,TRUE,TRUE,Animal_inner,Animal_innerdark,Animal_restwash,0.8737917153534339,1.0698912969098566
chicken_fish,Exposure: Alt-Protein-Modifiable,Form: Count,1.0047049652536029,0.8448874064566249,1.1788062856065706,1.0047049652536029,1.0004695033322035,NA,Restaurant,S8MT0YGD2KTN9,0.9279528983986548,1.0871094152096952,../../model_fits/finalized_redone_trunc_cp/t2_a1_proportion/chicken_fish/mpbamod_dishes_count/plots/S8MT0YGD2KTN9.png,Animal,TRUE,TRUE,Animal_inner,Animal_innerdark,Animal_restwash,0.9279528983986548,1.0871094152096952
chicken_fish,Exposure: Alt-Protein-Modifiable,Form: Count,0.9707051333313957,0.7761528334646863,1.2473126591931736,0.9707051333313957,0.9970311627392469,NA,Restaurant,SAFK7ND1HR6XS,0.8739268272232399,1.0929042085250287,../../model_fits/finalized_redone_trunc_cp/t2_a1_proportion/chicken_fish/mpbamod_dishes_count/plots/SAFK7ND1HR6XS.png,Animal,TRUE,TRUE,Animal_inner,Animal_innerdark,Animal_restwash,0.8739268272232399,1.0929042085250287
chicken_fish,Exposure: Alt-Protein-Modifiable,Form: Count,1.025539604928383,0.9452044073307874,1.1095555122638074,1.025539604928383,1.0025250744339658,NA,Restaurant,V3Q26BHF3SE2H,0.9840327605915472,1.0681955708636566,../../model_fits/finalized_redone_trunc_cp/t2_a1_proportion/chicken_fish/mpbamod_dishes_count/plots/V3Q26BHF3SE2H.png,Animal,TRUE,TRUE,Animal_inner,Animal_innerdark,Animal_restwash,0.9840327605915472,1.0681955708636566
chicken_fish,Exposure: Alt-Protein-Modifiable,Form: Count,0.9762329107256463,0.9439608509715902,1.011452983489527,0.9762329107256463,0.9975974823763281,NA,Restaurant,W8T41JZK0ZMEP,0.9591929263566027,0.9944170514507827,../../model_fits/finalized_redone_trunc_cp/t2_a1_proportion/chicken_fish/mpbamod_dishes_count/plots/W8T41JZK0ZMEP.png,Animal,TRUE,TRUE,Animal_inner,Animal_innerdark,Animal_restwash,0.9591929263566027,0.9944170514507827
chicken_fish,Exposure: Alt-Protein-Modifiable,Form: Proportion,1.6511760391068604,1.2192355866200915,2.271103100350198,150.63773524270684,1.6511760391068604,NA,Restaurant,1SQPTEGYPH0GA,1.4139670085489096,1.934398723918541,../../model_fits/finalized_redone_trunc_cp/t2_a1_proportion/chicken_fish/mpbamod_dishes_prop/plots/1SQPTEGYPH0GA.png,Animal,TRUE,FALSE,Animal_inner,Animal_innerdark,Animal_restwash,1.4139670085489096,1.934398723918541
chicken_fish,Exposure: Alt-Protein-Modifiable,Form: Proportion,1.1810191509970929,0.7143154660633241,1.89679980317086,5.279215620716225,1.1810191509970929,NA,Restaurant,2HRX9P6HKXA8V,0.9246470517131,1.5048530866618115,../../model_fits/finalized_redone_trunc_cp/t2_a1_proportion/chicken_fish/mpbamod_dishes_prop/plots/2HRX9P6HKXA8V.png,Animal,TRUE,TRUE,Animal_inner,Animal_innerdark,Animal_restwash,0.9246470517131,1.5048530866618115
chicken_fish,Exposure: Alt-Protein-Modifiable,Form: Proportion,1.6108727373240077,1.1838918632780677,2.189784915708405,117.65552201193914,1.6108727373240077,NA,Restaurant,78AY09MVJVTYE,1.3777087412746496,1.883420516941279,../../model_fits/finalized_redone_trunc_cp/t2_a1_proportion/chicken_fish/mpbamod_dishes_prop/plots/78AY09MVJVTYE.png,Animal,TRUE,FALSE,Animal_inner,Animal_innerdark,Animal_restwash,1.3777087412746496,1.883420516941279
chicken_fish,Exposure: Alt-Protein-Modifiable,Form: Proportion,1.0559218432804345,0.9163889597790132,1.2261006079174457,1.7231287946770766,1.0559218432804345,NA,Restaurant,9XKJD8DQTH559,0.9807960915984378,1.1391283737809506,../../model_fits/finalized_redone_trunc_cp/t2_a1_proportion/chicken_fish/mpbamod_dishes_prop/plots/9XKJD8DQTH559.png,Animal,TRUE,TRUE,Animal_inner,Animal_innerdark,Animal_restwash,0.9807960915984378,1.1391283737809506
chicken_fish,Exposure: Alt-Protein-Modifiable,Form: Proportion,1.1367676666839301,0.7207752163941997,1.7951080506917105,3.6034385774881565,1.1367676666839301,NA,Restaurant,C0BE4NDSW26QN,0.9014681555606439,1.4257551226512335,../../model_fits/finalized_redone_trunc_cp/t2_a1_proportion/chicken_fish/mpbamod_dishes_prop/plots/C0BE4NDSW26QN.png,Animal,TRUE,TRUE,Animal_inner,Animal_innerdark,Animal_restwash,0.9014681555606439,1.4257551226512335
chicken_fish,Exposure: Alt-Protein-Modifiable,Form: Proportion,0.6620442979179131,0.5346598654685756,0.8065111452350923,0.01617597600622205,0.6620442979179131,NA,Restaurant,CB2KHY1C2G9PT,0.5946587667569944,0.7336963837939794,../../model_fits/finalized_redone_trunc_cp/t2_a1_proportion/chicken_fish/mpbamod_dishes_prop/plots/CB2KHY1C2G9PT.png,Animal,TRUE,TRUE,Animal_inner,Animal_innerdark,Animal_restwash,0.5946587667569944,0.7336963837939794
chicken_fish,Exposure: Alt-Protein-Modifiable,Form: Proportion,0.9340039501309301,0.8595126452368553,1.0126143802967984,0.505227672332979,0.9340039501309301,NA,Restaurant,ED5J990H5VAZT,0.896292158286621,0.9739369492368475,../../model_fits/finalized_redone_trunc_cp/t2_a1_proportion/chicken_fish/mpbamod_dishes_prop/plots/ED5J990H5VAZT.png,Animal,TRUE,TRUE,Animal_inner,Animal_innerdark,Animal_restwash,0.896292158286621,0.9739369492368475
chicken_fish,Exposure: Alt-Protein-Modifiable,Form: Proportion,0.7130197350919889,0.5769496473921882,0.8574977837744275,0.03396373979752898,0.7130197350919889,NA,Restaurant,EMBVNVD207CC6,0.6413392327553015,0.7860337396428124,../../model_fits/finalized_redone_trunc_cp/t2_a1_proportion/chicken_fish/mpbamod_dishes_prop/plots/EMBVNVD207CC6.png,Animal,TRUE,TRUE,Animal_inner,Animal_innerdark,Animal_restwash,0.6413392327553015,0.7860337396428124
chicken_fish,Exposure: Alt-Protein-Modifiable,Form: Proportion,1.4941845178379096,1.2417516703966138,1.8188312986912925,55.4679762657128,1.4941845178379096,NA,Restaurant,JHDN7CF1C03X5,1.3612434397912814,1.6440046455658872,../../model_fits/finalized_redone_trunc_cp/t2_a1_proportion/chicken_fish/mpbamod_dishes_prop/plots/JHDN7CF1C03X5.png,Animal,TRUE,TRUE,Animal_inner,Animal_innerdark,Animal_restwash,1.3612434397912814,1.6440046455658872
chicken_fish,Exposure: Alt-Protein-Modifiable,Form: Proportion,0.8024704023218897,0.4165491082345602,1.502820042402162,0.1107363570004423,0.8024704023218897,NA,Restaurant,L69HYJ4Y3TR91,0.5797888397080094,1.1044846340841576,../../model_fits/finalized_redone_trunc_cp/t2_a1_proportion/chicken_fish/mpbamod_dishes_prop/plots/L69HYJ4Y3TR91.png,Animal,TRUE,TRUE,Animal_inner,Animal_innerdark,Animal_restwash,0.5797888397080094,1.1044846340841576
chicken_fish,Exposure: Alt-Protein-Modifiable,Form: Proportion,1.2201896854054985,0.8175017011871657,1.7825188975300428,7.315996594193415,1.2201896854054985,NA,Restaurant,LBZEEFSBJNB3Z,0.998891501239159,1.4841035017683042,../../model_fits/finalized_redone_trunc_cp/t2_a1_proportion/chicken_fish/mpbamod_dishes_prop/plots/LBZEEFSBJNB3Z.png,Animal,TRUE,TRUE,Animal_inner,Animal_innerdark,Animal_restwash,0.998891501239159,1.4841035017683042
chicken_fish,Exposure: Alt-Protein-Modifiable,Form: Proportion,0.9129975722332128,0.412368727384114,2.0341721819420244,0.4024354470442719,0.9129975722332128,NA,Restaurant,LFZFT3VASXPED,0.6194265674056861,1.3605999848036991,../../model_fits/finalized_redone_trunc_cp/t2_a1_proportion/chicken_fish/mpbamod_dishes_prop/plots/LFZFT3VASXPED.png,Animal,TRUE,FALSE,Animal_inner,Animal_innerdark,Animal_restwash,0.6194265674056861,1.3605999848036991
chicken_fish,Exposure: Alt-Protein-Modifiable,Form: Proportion,0.7700529313377134,0.4565402715572179,1.3004921690542852,0.07331718537332528,0.7700529313377134,NA,Restaurant,LQ5EH4BKGV61T,0.5858835792995131,1.0057801634099905,../../model_fits/finalized_redone_trunc_cp/t2_a1_proportion/chicken_fish/mpbamod_dishes_prop/plots/LQ5EH4BKGV61T.png,Animal,TRUE,TRUE,Animal_inner,Animal_innerdark,Animal_restwash,0.5858835792995131,1.0057801634099905
chicken_fish,Exposure: Alt-Protein-Modifiable,Form: Proportion,0.718770511168388,0.47181101633239103,1.117395211344612,0.03680463465593067,0.718770511168388,NA,Restaurant,S8MT0YGD2KTN9,0.5843019736879514,0.9033906525338988,../../model_fits/finalized_redone_trunc_cp/t2_a1_proportion/chicken_fish/mpbamod_dishes_prop/plots/S8MT0YGD2KTN9.png,Animal,TRUE,TRUE,Animal_inner,Animal_innerdark,Animal_restwash,0.5843019736879514,0.9033906525338988
chicken_fish,Exposure: Alt-Protein-Modifiable,Form: Proportion,0.9516352103779507,0.604432688034768,1.4962950048244046,0.6091230372918357,0.9516352103779507,NA,Restaurant,SAFK7ND1HR6XS,0.7584168370319313,1.1997019781884661,../../model_fits/finalized_redone_trunc_cp/t2_a1_proportion/chicken_fish/mpbamod_dishes_prop/plots/SAFK7ND1HR6XS.png,Animal,TRUE,TRUE,Animal_inner,Animal_innerdark,Animal_restwash,0.7584168370319313,1.1997019781884661
chicken_fish,Exposure: Alt-Protein-Modifiable,Form: Proportion,0.9982957783377464,0.873533153739058,1.1388895804842765,0.983087887898475,0.9982957783377464,NA,Restaurant,V3Q26BHF3SE2H,0.9356529234788646,1.0695058759557459,../../model_fits/finalized_redone_trunc_cp/t2_a1_proportion/chicken_fish/mpbamod_dishes_prop/plots/V3Q26BHF3SE2H.png,Animal,TRUE,TRUE,Animal_inner,Animal_innerdark,Animal_restwash,0.9356529234788646,1.0695058759557459
chicken_fish,Exposure: Alt-Protein-Modifiable,Form: Proportion,0.9708759044601205,0.8187693925343794,1.1523769845509229,0.7441101481637261,0.9708759044601205,NA,Restaurant,W8T41JZK0ZMEP,0.8886642481739264,1.0598226308329797,../../model_fits/finalized_redone_trunc_cp/t2_a1_proportion/chicken_fish/mpbamod_dishes_prop/plots/W8T41JZK0ZMEP.png,Animal,TRUE,TRUE,Animal_inner,Animal_innerdark,Animal_restwash,0.8886642481739264,1.0598226308329797
chicken_fish,Exposure: Vegan,Form: Count,1.004853887128814,0.958242502893554,1.0587738925682653,1.004853887128814,1.000484331750765,NA,Restaurant,1SQPTEGYPH0GA,0.9800419363884193,1.0304951865989394,../../model_fits/finalized_redone_trunc_cp/t2_a1_proportion/chicken_fish/vegan_dishes_count/plots/1SQPTEGYPH0GA.png,Animal,TRUE,TRUE,Animal_inner,Animal_innerdark,Animal_restwash,0.9800419363884193,1.0304951865989394
chicken_fish,Exposure: Vegan,Form: Count,0.8890172202463377,0.7559191169406427,1.0351524360083355,0.8890172202463377,0.9883050564225748,NA,Restaurant,2HRX9P6HKXA8V,0.816116403078661,0.9577381182591709,../../model_fits/finalized_redone_trunc_cp/t2_a1_proportion/chicken_fish/vegan_dishes_count/plots/2HRX9P6HKXA8V.png,Animal,TRUE,TRUE,Animal_inner,Animal_innerdark,Animal_restwash,0.816116403078661,0.9577381182591709
chicken_fish,Exposure: Vegan,Form: Count,0.9548970479560216,0.9152444727137496,0.992355592182262,0.9548970479560216,0.9953954588041268,NA,Restaurant,78AY09MVJVTYE,0.9354495509567079,0.9737829018479026,../../model_fits/finalized_redone_trunc_cp/t2_a1_proportion/chicken_fish/vegan_dishes_count/plots/78AY09MVJVTYE.png,Animal,TRUE,TRUE,Animal_inner,Animal_innerdark,Animal_restwash,0.9354495509567079,0.9737829018479026
chicken_fish,Exposure: Vegan,Form: Count,0.9977258493078391,0.975153451611504,1.0201485712986553,0.9977258493078391,0.9997723518657697,NA,Restaurant,9XKJD8DQTH559,0.9861312145861201,1.0086267869355605,../../model_fits/finalized_redone_trunc_cp/t2_a1_proportion/chicken_fish/vegan_dishes_count/plots/9XKJD8DQTH559.png,Animal,TRUE,TRUE,Animal_inner,Animal_innerdark,Animal_restwash,0.9861312145861201,1.0086267869355605
chicken_fish,Exposure: Vegan,Form: Count,0.9971080577446203,0.9431695476940627,1.0533891109107383,0.9971080577446203,0.9997104287338545,NA,Restaurant,C0BE4NDSW26QN,0.9685673871022605,1.0258794328895835,../../model_fits/finalized_redone_trunc_cp/t2_a1_proportion/chicken_fish/vegan_dishes_count/plots/C0BE4NDSW26QN.png,Animal,TRUE,TRUE,Animal_inner,Animal_innerdark,Animal_restwash,0.9685673871022605,1.0258794328895835
chicken_fish,Exposure: Vegan,Form: Count,1.0075285924107211,0.977142373343283,1.0400835645196331,1.0075285924107211,1.0007503207498876,NA,Restaurant,CB2KHY1C2G9PT,0.992615706380279,1.024559473360231,../../model_fits/finalized_redone_trunc_cp/t2_a1_proportion/chicken_fish/vegan_dishes_count/plots/CB2KHY1C2G9PT.png,Animal,TRUE,TRUE,Animal_inner,Animal_innerdark,Animal_restwash,0.992615706380279,1.024559473360231
chicken_fish,Exposure: Vegan,Form: Count,1.0619131395777563,0.9212661148565311,1.236526777650373,1.0619131395777563,1.0060252924883293,NA,Restaurant,ED5J990H5VAZT,0.9864967910385734,1.1471451522300165,../../model_fits/finalized_redone_trunc_cp/t2_a1_proportion/chicken_fish/vegan_dishes_count/plots/ED5J990H5VAZT.png,Animal,TRUE,TRUE,Animal_inner,Animal_innerdark,Animal_restwash,0.9864967910385734,1.1471451522300165
chicken_fish,Exposure: Vegan,Form: Count,0.8671265367867708,0.7146585721902683,1.0681885527510142,0.8671265367867708,0.9858441137732643,NA,Restaurant,EMBVNVD207CC6,0.7834036349769172,0.9604318729731668,../../model_fits/finalized_redone_trunc_cp/t2_a1_proportion/chicken_fish/vegan_dishes_count/plots/EMBVNVD207CC6.png,Animal,TRUE,TRUE,Animal_inner,Animal_innerdark,Animal_restwash,0.7834036349769172,0.9604318729731668
chicken_fish,Exposure: Vegan,Form: Count,0.9334185076073416,0.9087713524084298,0.9590093921790691,0.9334185076073416,0.9931335209906159,NA,Restaurant,JHDN7CF1C03X5,0.920952661786054,0.9459912974930134,../../model_fits/finalized_redone_trunc_cp/t2_a1_proportion/chicken_fish/vegan_dishes_count/plots/JHDN7CF1C03X5.png,Animal,TRUE,TRUE,Animal_inner,Animal_innerdark,Animal_restwash,0.920952661786054,0.9459912974930134
chicken_fish,Exposure: Vegan,Form: Count,1.0467997679518357,0.9058132213888205,1.2168823764517136,1.0467997679518357,1.0045842426372373,NA,Restaurant,L69HYJ4Y3TR91,0.9725651948211533,1.1290285681625019,../../model_fits/finalized_redone_trunc_cp/t2_a1_proportion/chicken_fish/vegan_dishes_count/plots/L69HYJ4Y3TR91.png,Animal,TRUE,TRUE,Animal_inner,Animal_innerdark,Animal_restwash,0.9725651948211533,1.1290285681625019
chicken_fish,Exposure: Vegan,Form: Count,1.0852161415990218,0.9864632800404873,1.1876998109501746,1.0852161415990218,1.0082114481090583,NA,Restaurant,LBZEEFSBJNB3Z,1.0338011440245938,1.1359464367055974,../../model_fits/finalized_redone_trunc_cp/t2_a1_proportion/chicken_fish/vegan_dishes_count/plots/LBZEEFSBJNB3Z.png,Animal,TRUE,TRUE,Animal_inner,Animal_innerdark,Animal_restwash,1.0338011440245938,1.1359464367055974
chicken_fish,Exposure: Vegan,Form: Count,0.9950411259148232,0.7813459199750582,1.2629538070070463,0.9950411259148232,0.9995030025341763,NA,Restaurant,LFZFT3VASXPED,0.8812716414530267,1.1250519553462464,../../model_fits/finalized_redone_trunc_cp/t2_a1_proportion/chicken_fish/vegan_dishes_count/plots/LFZFT3VASXPED.png,Animal,TRUE,TRUE,Animal_inner,Animal_innerdark,Animal_restwash,0.8812716414530267,1.1250519553462464
chicken_fish,Exposure: Vegan,Form: Count,0.8778663525374955,0.6912738099775403,1.1526703281550468,0.8778663525374955,0.9870583808505626,NA,Restaurant,LQ5EH4BKGV61T,0.78380713458436,0.9977600751839926,../../model_fits/finalized_redone_trunc_cp/t2_a1_proportion/chicken_fish/vegan_dishes_count/plots/LQ5EH4BKGV61T.png,Animal,TRUE,TRUE,Animal_inner,Animal_innerdark,Animal_restwash,0.78380713458436,0.9977600751839926
chicken_fish,Exposure: Vegan,Form: Count,0.9938749808783317,0.8480240292389627,1.167059622205795,0.9938749808783317,0.9993858032960639,NA,Restaurant,S8MT0YGD2KTN9,0.9118380274509842,1.0763632658346791,../../model_fits/finalized_redone_trunc_cp/t2_a1_proportion/chicken_fish/vegan_dishes_count/plots/S8MT0YGD2KTN9.png,Animal,TRUE,TRUE,Animal_inner,Animal_innerdark,Animal_restwash,0.9118380274509842,1.0763632658346791
chicken_fish,Exposure: Vegan,Form: Count,0.9237795768420854,0.6745772083019226,1.249545827761198,0.9237795768420854,0.992103166219065,NA,Restaurant,SAFK7ND1HR6XS,0.7889689391207525,1.0699642507910303,../../model_fits/finalized_redone_trunc_cp/t2_a1_proportion/chicken_fish/vegan_dishes_count/plots/SAFK7ND1HR6XS.png,Animal,TRUE,TRUE,Animal_inner,Animal_innerdark,Animal_restwash,0.7889689391207525,1.0699642507910303
chicken_fish,Exposure: Vegan,Form: Count,0.9421619652996126,0.8513160056031901,1.0393759588602005,0.9421619652996126,0.994059904395536,NA,Restaurant,V3Q26BHF3SE2H,0.8933493686545562,0.9905703347756135,../../model_fits/finalized_redone_trunc_cp/t2_a1_proportion/chicken_fish/vegan_dishes_count/plots/V3Q26BHF3SE2H.png,Animal,TRUE,TRUE,Animal_inner,Animal_innerdark,Animal_restwash,0.8933493686545562,0.9905703347756135
chicken_fish,Exposure: Vegan,Form: Count,0.9750402640260402,0.9534567938383783,0.9974338942926284,0.9750402640260402,0.9974755405805594,NA,Restaurant,W8T41JZK0ZMEP,0.9633784930537765,0.9862562411892974,../../model_fits/finalized_redone_trunc_cp/t2_a1_proportion/chicken_fish/vegan_dishes_count/plots/W8T41JZK0ZMEP.png,Animal,TRUE,TRUE,Animal_inner,Animal_innerdark,Animal_restwash,0.9633784930537765,0.9862562411892974
chicken_fish,Exposure: Vegan,Form: Proportion,0.8772010854816396,0.7079057931460023,1.088577629235374,0.2697687280017269,0.8772010854816396,NA,Restaurant,1SQPTEGYPH0GA,0.7850733380625516,0.9806607235003281,../../model_fits/finalized_redone_trunc_cp/t2_a1_proportion/chicken_fish/vegan_dishes_prop/plots/1SQPTEGYPH0GA.png,Animal,TRUE,TRUE,Animal_inner,Animal_innerdark,Animal_restwash,0.7850733380625516,0.9806607235003281
chicken_fish,Exposure: Vegan,Form: Proportion,0.7411610132167545,0.5454711680098141,0.9939126531313989,0.05001792413967978,0.7411610132167545,NA,Restaurant,2HRX9P6HKXA8V,0.6382219863036105,0.8546467474645644,../../model_fits/finalized_redone_trunc_cp/t2_a1_proportion/chicken_fish/vegan_dishes_prop/plots/2HRX9P6HKXA8V.png,Animal,TRUE,TRUE,Animal_inner,Animal_innerdark,Animal_restwash,0.6382219863036105,0.8546467474645644
chicken_fish,Exposure: Vegan,Form: Proportion,0.8960667212489554,0.8049822031871543,1.0001721905980994,0.3337363293018271,0.8960667212489554,NA,Restaurant,78AY09MVJVTYE,0.8491918535216895,0.9462613831441579,../../model_fits/finalized_redone_trunc_cp/t2_a1_proportion/chicken_fish/vegan_dishes_prop/plots/78AY09MVJVTYE.png,Animal,TRUE,TRUE,Animal_inner,Animal_innerdark,Animal_restwash,0.8491918535216895,0.9462613831441579
chicken_fish,Exposure: Vegan,Form: Proportion,1.0630428191829073,0.9010033110673769,1.2678546043165986,1.8429246621184616,1.0630428191829073,NA,Restaurant,9XKJD8DQTH559,0.9779965086903104,1.1594361910926667,../../model_fits/finalized_redone_trunc_cp/t2_a1_proportion/chicken_fish/vegan_dishes_prop/plots/9XKJD8DQTH559.png,Animal,TRUE,TRUE,Animal_inner,Animal_innerdark,Animal_restwash,0.9779965086903104,1.1594361910926667
chicken_fish,Exposure: Vegan,Form: Proportion,1.0377965877695405,0.8480380025216211,1.2715019514996502,1.4491801750233961,1.0377965877695405,NA,Restaurant,C0BE4NDSW26QN,0.9392768570806199,1.1506286168743203,../../model_fits/finalized_redone_trunc_cp/t2_a1_proportion/chicken_fish/vegan_dishes_prop/plots/C0BE4NDSW26QN.png,Animal,TRUE,TRUE,Animal_inner,Animal_innerdark,Animal_restwash,0.9392768570806199,1.1506286168743203
chicken_fish,Exposure: Vegan,Form: Proportion,0.8755300041234514,0.7687453310966991,0.9958260954368132,0.2646734253876531,0.8755300041234514,NA,Restaurant,CB2KHY1C2G9PT,0.8201434467518176,0.9352148620773411,../../model_fits/finalized_redone_trunc_cp/t2_a1_proportion/chicken_fish/vegan_dishes_prop/plots/CB2KHY1C2G9PT.png,Animal,TRUE,TRUE,Animal_inner,Animal_innerdark,Animal_restwash,0.8201434467518176,0.9352148620773411
chicken_fish,Exposure: Vegan,Form: Proportion,0.9329611676079059,0.6837652534333036,1.3047704054170015,0.49961523839745486,0.9329611676079059,NA,Restaurant,ED5J990H5VAZT,0.7917640246796741,1.0968619485461961,../../model_fits/finalized_redone_trunc_cp/t2_a1_proportion/chicken_fish/vegan_dishes_prop/plots/ED5J990H5VAZT.png,Animal,TRUE,TRUE,Animal_inner,Animal_innerdark,Animal_restwash,0.7917640246796741,1.0968619485461961
chicken_fish,Exposure: Vegan,Form: Proportion,0.9414988148734325,0.772497345490031,1.1353149991850213,0.547265129525958,0.9414988148734325,NA,Restaurant,EMBVNVD207CC6,0.8460830094094729,1.0458519590066961,../../model_fits/finalized_redone_trunc_cp/t2_a1_proportion/chicken_fish/vegan_dishes_prop/plots/EMBVNVD207CC6.png,Animal,TRUE,TRUE,Animal_inner,Animal_innerdark,Animal_restwash,0.8460830094094729,1.0458519590066961
chicken_fish,Exposure: Vegan,Form: Proportion,0.6785796098909803,0.5892599283317866,0.781576923251743,0.020701797556557863,0.6785796098909803,NA,Restaurant,JHDN7CF1C03X5,0.6316955667686337,0.7296081355391805,../../model_fits/finalized_redone_trunc_cp/t2_a1_proportion/chicken_fish/vegan_dishes_prop/plots/JHDN7CF1C03X5.png,Animal,TRUE,TRUE,Animal_inner,Animal_innerdark,Animal_restwash,0.6316955667686337,0.7296081355391805
chicken_fish,Exposure: Vegan,Form: Proportion,0.9335306482419393,0.6072272903979757,1.4881685197225003,0.5026732863689799,0.9335306482419393,NA,Restaurant,L69HYJ4Y3TR91,0.7418428526252153,1.175286478772322,../../model_fits/finalized_redone_trunc_cp/t2_a1_proportion/chicken_fish/vegan_dishes_prop/plots/L69HYJ4Y3TR91.png,Animal,TRUE,TRUE,Animal_inner,Animal_innerdark,Animal_restwash,0.7418428526252153,1.175286478772322
chicken_fish,Exposure: Vegan,Form: Proportion,1.3355029667258935,1.0061618722071572,1.7984721695005612,18.048809916475417,1.3355029667258935,NA,Restaurant,LBZEEFSBJNB3Z,1.156696334979626,1.5478318084615952,../../model_fits/finalized_redone_trunc_cp/t2_a1_proportion/chicken_fish/vegan_dishes_prop/plots/LBZEEFSBJNB3Z.png,Animal,TRUE,TRUE,Animal_inner,Animal_innerdark,Animal_restwash,1.156696334979626,1.5478318084615952
chicken_fish,Exposure: Vegan,Form: Proportion,1.0047258718743892,0.6191072168641113,1.7132941403410573,1.0482765136505012,1.0047258718743892,NA,Restaurant,LFZFT3VASXPED,0.7912519549625832,1.3027513923705814,../../model_fits/finalized_redone_trunc_cp/t2_a1_proportion/chicken_fish/vegan_dishes_prop/plots/LFZFT3VASXPED.png,Animal,TRUE,TRUE,Animal_inner,Animal_innerdark,Animal_restwash,0.7912519549625832,1.3027513923705814
chicken_fish,Exposure: Vegan,Form: Proportion,0.6869661513201184,0.47597412797337785,0.963911945799706,0.023407411347801537,0.6869661513201184,NA,Restaurant,LQ5EH4BKGV61T,0.5778395733690662,0.8168515722332398,../../model_fits/finalized_redone_trunc_cp/t2_a1_proportion/chicken_fish/vegan_dishes_prop/plots/LQ5EH4BKGV61T.png,Animal,TRUE,TRUE,Animal_inner,Animal_innerdark,Animal_restwash,0.5778395733690662,0.8168515722332398
chicken_fish,Exposure: Vegan,Form: Proportion,0.8296306846232894,0.5422456930745563,1.2646814641503397,0.15447139351969646,0.8296306846232894,NA,Restaurant,S8MT0YGD2KTN9,0.6703229668141328,1.0191123944872664,../../model_fits/finalized_redone_trunc_cp/t2_a1_proportion/chicken_fish/vegan_dishes_prop/plots/S8MT0YGD2KTN9.png,Animal,TRUE,TRUE,Animal_inner,Animal_innerdark,Animal_restwash,0.6703229668141328,1.0191123944872664
chicken_fish,Exposure: Vegan,Form: Proportion,0.918639064378684,0.5888600941205818,1.4469471975468253,0.42800524876752943,0.918639064378684,NA,Restaurant,SAFK7ND1HR6XS,0.7312973528734485,1.1622290506458561,../../model_fits/finalized_redone_trunc_cp/t2_a1_proportion/chicken_fish/vegan_dishes_prop/plots/SAFK7ND1HR6XS.png,Animal,TRUE,TRUE,Animal_inner,Animal_innerdark,Animal_restwash,0.7312973528734485,1.1622290506458561
chicken_fish,Exposure: Vegan,Form: Proportion,0.9171505899310428,0.7691793514435324,1.1002571924027986,0.42112061074456286,0.9171505899310428,NA,Restaurant,V3Q26BHF3SE2H,0.8423976267960605,1.0051022781134369,../../model_fits/finalized_redone_trunc_cp/t2_a1_proportion/chicken_fish/vegan_dishes_prop/plots/V3Q26BHF3SE2H.png,Animal,TRUE,TRUE,Animal_inner,Animal_innerdark,Animal_restwash,0.8423976267960605,1.0051022781134369
chicken_fish,Exposure: Vegan,Form: Proportion,0.8987405909877607,0.7664840951714125,1.0506316935208977,0.3438298417713338,0.8987405909877607,NA,Restaurant,W8T41JZK0ZMEP,0.8280777070385934,0.9727331511796222,../../model_fits/finalized_redone_trunc_cp/t2_a1_proportion/chicken_fish/vegan_dishes_prop/plots/W8T41JZK0ZMEP.png,Animal,TRUE,TRUE,Animal_inner,Animal_innerdark,Animal_restwash,0.8280777070385934,0.9727331511796222
chicken_fish,Exposure: Vegetarian,Form: Count,0.9994467091218812,0.9840129009935757,1.0161682497055557,0.9994467091218812,0.9999446571314731,NA,Restaurant,1SQPTEGYPH0GA,0.9912932833142537,1.0088634058911028,../../model_fits/finalized_redone_trunc_cp/t2_a1_proportion/chicken_fish/vegetarian_dishes_count/plots/1SQPTEGYPH0GA.png,Animal,TRUE,TRUE,Animal_inner,Animal_innerdark,Animal_restwash,0.9912932833142537,1.0088634058911028
chicken_fish,Exposure: Vegetarian,Form: Count,0.9689336589025127,0.8573549086105321,1.068421250763549,0.9689336589025127,0.9968490613697727,NA,Restaurant,2HRX9P6HKXA8V,0.9118062921007554,1.0227021750051668,../../model_fits/finalized_redone_trunc_cp/t2_a1_proportion/chicken_fish/vegetarian_dishes_count/plots/2HRX9P6HKXA8V.png,Animal,TRUE,TRUE,Animal_inner,Animal_innerdark,Animal_restwash,0.9118062921007554,1.0227021750051668
chicken_fish,Exposure: Vegetarian,Form: Count,0.9924154820713448,0.9610229197575028,1.0254245149230958,0.9924154820713448,0.9992389470827897,NA,Restaurant,78AY09MVJVTYE,0.9760932514877638,1.010585538576265,../../model_fits/finalized_redone_trunc_cp/t2_a1_proportion/chicken_fish/vegetarian_dishes_count/plots/78AY09MVJVTYE.png,Animal,TRUE,TRUE,Animal_inner,Animal_innerdark,Animal_restwash,0.9760932514877638,1.010585538576265
chicken_fish,Exposure: Vegetarian,Form: Count,0.9955417043375181,0.9826369442535698,1.0080760575033019,0.9955417043375181,0.9995532734620267,NA,Restaurant,9XKJD8DQTH559,0.9888659280475566,1.0017719196777013,../../model_fits/finalized_redone_trunc_cp/t2_a1_proportion/chicken_fish/vegetarian_dishes_count/plots/9XKJD8DQTH559.png,Animal,TRUE,TRUE,Animal_inner,Animal_innerdark,Animal_restwash,0.9888659280475566,1.0017719196777013
chicken_fish,Exposure: Vegetarian,Form: Count,0.9918361045843446,0.9631041767694049,1.0251457649891127,0.9918361045843446,0.9991805956452502,NA,Restaurant,C0BE4NDSW26QN,0.9766021896906149,1.0086877661584677,../../model_fits/finalized_redone_trunc_cp/t2_a1_proportion/chicken_fish/vegetarian_dishes_count/plots/C0BE4NDSW26QN.png,Animal,TRUE,TRUE,Animal_inner,Animal_innerdark,Animal_restwash,0.9766021896906149,1.0086877661584677
chicken_fish,Exposure: Vegetarian,Form: Count,1.0175934745553765,0.9956183850574398,1.0389225320172983,1.0175934745553765,1.0017455718399106,NA,Restaurant,CB2KHY1C2G9PT,1.0066284474815417,1.0284353583474477,../../model_fits/finalized_redone_trunc_cp/t2_a1_proportion/chicken_fish/vegetarian_dishes_count/plots/CB2KHY1C2G9PT.png,Animal,TRUE,TRUE,Animal_inner,Animal_innerdark,Animal_restwash,1.0066284474815417,1.0284353583474477
chicken_fish,Exposure: Vegetarian,Form: Count,0.9899318713892697,0.9371553795161646,1.0501908976182794,0.9899318713892697,0.9989885963138375,NA,Restaurant,ED5J990H5VAZT,0.9610691033545571,1.0205331745574984,../../model_fits/finalized_redone_trunc_cp/t2_a1_proportion/chicken_fish/vegetarian_dishes_count/plots/ED5J990H5VAZT.png,Animal,TRUE,TRUE,Animal_inner,Animal_innerdark,Animal_restwash,0.9610691033545571,1.0205331745574984
chicken_fish,Exposure: Vegetarian,Form: Count,0.8870299981133114,0.8043589265616005,0.9767573372729111,0.8870299981133114,0.988083917846125,NA,Restaurant,EMBVNVD207CC6,0.8432540413024923,0.9327154663548649,../../model_fits/finalized_redone_trunc_cp/t2_a1_proportion/chicken_fish/vegetarian_dishes_count/plots/EMBVNVD207CC6.png,Animal,TRUE,TRUE,Animal_inner,Animal_innerdark,Animal_restwash,0.8432540413024923,0.9327154663548649
chicken_fish,Exposure: Vegetarian,Form: Count,0.9575332839270317,0.9375652797414817,0.9774898631332997,0.9575332839270317,0.9956699222123864,NA,Restaurant,JHDN7CF1C03X5,0.9477908121856841,0.9674192149075357,../../model_fits/finalized_redone_trunc_cp/t2_a1_proportion/chicken_fish/vegetarian_dishes_count/plots/JHDN7CF1C03X5.png,Animal,TRUE,TRUE,Animal_inner,Animal_innerdark,Animal_restwash,0.9477908121856841,0.9674192149075357
chicken_fish,Exposure: Vegetarian,Form: Count,0.9986968897864381,0.9150898661570889,1.1068606161919996,0.9986968897864381,0.9998696125011889,NA,Restaurant,L69HYJ4Y3TR91,0.9518751678467139,1.054154013848356,../../model_fits/finalized_redone_trunc_cp/t2_a1_proportion/chicken_fish/vegetarian_dishes_count/plots/L69HYJ4Y3TR91.png,Animal,TRUE,TRUE,Animal_inner,Animal_innerdark,Animal_restwash,0.9518751678467139,1.054154013848356
chicken_fish,Exposure: Vegetarian,Form: Count,1.0248307631126872,0.9673604019053157,1.0857767166837493,1.0248307631126872,1.0024557594295687,NA,Restaurant,LBZEEFSBJNB3Z,0.99638653577176,1.0579369954325095,../../model_fits/finalized_redone_trunc_cp/t2_a1_proportion/chicken_fish/vegetarian_dishes_count/plots/LBZEEFSBJNB3Z.png,Animal,TRUE,TRUE,Animal_inner,Animal_innerdark,Animal_restwash,0.99638653577176,1.0579369954325095
chicken_fish,Exposure: Vegetarian,Form: Count,0.9767353048549853,0.8446689763636603,1.1163771829094367,0.9767353048549853,0.9976488093788597,NA,Restaurant,LFZFT3VASXPED,0.9153678201570199,1.0457679099395811,../../model_fits/finalized_redone_trunc_cp/t2_a1_proportion/chicken_fish/vegetarian_dishes_count/plots/LFZFT3VASXPED.png,Animal,TRUE,TRUE,Animal_inner,Animal_innerdark,Animal_restwash,0.9153678201570199,1.0457679099395811
chicken_fish,Exposure: Vegetarian,Form: Count,0.9845376528269708,0.8628004111175126,1.1269940911458807,0.9845376528269708,0.9984428999401974,NA,Restaurant,LQ5EH4BKGV61T,0.922027009855968,1.0548761031719807,../../model_fits/finalized_redone_trunc_cp/t2_a1_proportion/chicken_fish/vegetarian_dishes_count/plots/LQ5EH4BKGV61T.png,Animal,TRUE,TRUE,Animal_inner,Animal_innerdark,Animal_restwash,0.922027009855968,1.0548761031719807
chicken_fish,Exposure: Vegetarian,Form: Count,0.9787170271306552,0.9275260460038366,1.0278723916842352,0.9787170271306552,0.9978510402273785,NA,Restaurant,S8MT0YGD2KTN9,0.9535437421880903,1.0038337394507246,../../model_fits/finalized_redone_trunc_cp/t2_a1_proportion/chicken_fish/vegetarian_dishes_count/plots/S8MT0YGD2KTN9.png,Animal,TRUE,TRUE,Animal_inner,Animal_innerdark,Animal_restwash,0.9535437421880903,1.0038337394507246
chicken_fish,Exposure: Vegetarian,Form: Count,0.9677179230298405,0.8294293271029362,1.1177268126657527,0.9677179230298405,0.996723914517372,NA,Restaurant,SAFK7ND1HR6XS,0.8936944284366759,1.0442831750596595,../../model_fits/finalized_redone_trunc_cp/t2_a1_proportion/chicken_fish/vegetarian_dishes_count/plots/SAFK7ND1HR6XS.png,Animal,TRUE,TRUE,Animal_inner,Animal_innerdark,Animal_restwash,0.8936944284366759,1.0442831750596595
chicken_fish,Exposure: Vegetarian,Form: Count,0.9380935789622177,0.8806666636662143,1.0051174578606012,0.9380935789622177,0.9936298191216127,NA,Restaurant,V3Q26BHF3SE2H,0.9078256132627175,0.9723163742596007,../../model_fits/finalized_redone_trunc_cp/t2_a1_proportion/chicken_fish/vegetarian_dishes_count/plots/V3Q26BHF3SE2H.png,Animal,TRUE,TRUE,Animal_inner,Animal_innerdark,Animal_restwash,0.9078256132627175,0.9723163742596007
chicken_fish,Exposure: Vegetarian,Form: Count,0.9775310132655778,0.9599905466339901,0.995009760113358,0.9775310132655778,0.9977300541824055,NA,Restaurant,W8T41JZK0ZMEP,0.9688015106464204,0.9853935597464777,../../model_fits/finalized_redone_trunc_cp/t2_a1_proportion/chicken_fish/vegetarian_dishes_count/plots/W8T41JZK0ZMEP.png,Animal,TRUE,TRUE,Animal_inner,Animal_innerdark,Animal_restwash,0.9688015106464204,0.9853935597464777
chicken_fish,Exposure: Vegetarian,Form: Proportion,0.8403121197746064,0.7231988058561618,0.9732920730387928,0.1755521990176218,0.8403121197746064,NA,Restaurant,1SQPTEGYPH0GA,0.7785497325639972,0.906958179617736,../../model_fits/finalized_redone_trunc_cp/t2_a1_proportion/chicken_fish/vegetarian_dishes_prop/plots/1SQPTEGYPH0GA.png,Animal,TRUE,TRUE,Animal_inner,Animal_innerdark,Animal_restwash,0.7785497325639972,0.906958179617736
chicken_fish,Exposure: Vegetarian,Form: Proportion,0.8228152184054411,0.6241567895937297,1.0743743513140833,0.14224046259603323,0.8228152184054411,NA,Restaurant,2HRX9P6HKXA8V,0.7164624973322836,0.9466372200497818,../../model_fits/finalized_redone_trunc_cp/t2_a1_proportion/chicken_fish/vegetarian_dishes_prop/plots/2HRX9P6HKXA8V.png,Animal,TRUE,TRUE,Animal_inner,Animal_innerdark,Animal_restwash,0.7164624973322836,0.9466372200497818
chicken_fish,Exposure: Vegetarian,Form: Proportion,0.9788290266500528,0.8828396063196287,1.084914466075726,0.8073621705333137,0.9788290266500528,NA,Restaurant,78AY09MVJVTYE,0.9291329910080057,1.0306376950162761,../../model_fits/finalized_redone_trunc_cp/t2_a1_proportion/chicken_fish/vegetarian_dishes_prop/plots/78AY09MVJVTYE.png,Animal,TRUE,TRUE,Animal_inner,Animal_innerdark,Animal_restwash,0.9291329910080057,1.0306376950162761
chicken_fish,Exposure: Vegetarian,Form: Proportion,0.8882999508827691,0.7768848833245741,1.0144633553658629,0.30591190672397306,0.8882999508827691,NA,Restaurant,9XKJD8DQTH559,0.8291532853459197,0.9506766637740451,../../model_fits/finalized_redone_trunc_cp/t2_a1_proportion/chicken_fish/vegetarian_dishes_prop/plots/9XKJD8DQTH559.png,Animal,TRUE,TRUE,Animal_inner,Animal_innerdark,Animal_restwash,0.8291532853459197,0.9506766637740451
chicken_fish,Exposure: Vegetarian,Form: Proportion,0.9825748752859814,0.8475010628525621,1.1422092865193803,0.8387963830639256,0.9825748752859814,NA,Restaurant,C0BE4NDSW26QN,0.908736871033183,1.0586554850325078,../../model_fits/finalized_redone_trunc_cp/t2_a1_proportion/chicken_fish/vegetarian_dishes_prop/plots/C0BE4NDSW26QN.png,Animal,TRUE,TRUE,Animal_inner,Animal_innerdark,Animal_restwash,0.908736871033183,1.0586554850325078
chicken_fish,Exposure: Vegetarian,Form: Proportion,1.0379304876610227,0.9017553360749626,1.2106691227838102,1.4510510404001022,1.0379304876610227,NA,Restaurant,CB2KHY1C2G9PT,0.9658934283834725,1.1207845722037788,../../model_fits/finalized_redone_trunc_cp/t2_a1_proportion/chicken_fish/vegetarian_dishes_prop/plots/CB2KHY1C2G9PT.png,Animal,TRUE,TRUE,Animal_inner,Animal_innerdark,Animal_restwash,0.9658934283834725,1.1207845722037788
chicken_fish,Exposure: Vegetarian,Form: Proportion,0.5374376450065805,0.426555283122099,0.6706842156646277,0.0020103924041901754,0.5374376450065805,NA,Restaurant,ED5J990H5VAZT,0.47790199905893693,0.5970994578508757,../../model_fits/finalized_redone_trunc_cp/t2_a1_proportion/chicken_fish/vegetarian_dishes_prop/plots/ED5J990H5VAZT.png,Animal,TRUE,TRUE,Animal_inner,Animal_innerdark,Animal_restwash,0.47790199905893693,0.5970994578508757
chicken_fish,Exposure: Vegetarian,Form: Proportion,0.6123702458594703,0.47318290767542576,0.7674001923444485,0.007415506301563004,0.6123702458594703,NA,Restaurant,EMBVNVD207CC6,0.540414107486148,0.6832224167799487,../../model_fits/finalized_redone_trunc_cp/t2_a1_proportion/chicken_fish/vegetarian_dishes_prop/plots/EMBVNVD207CC6.png,Animal,TRUE,TRUE,Animal_inner,Animal_innerdark,Animal_restwash,0.540414107486148,0.6832224167799487
chicken_fish,Exposure: Vegetarian,Form: Proportion,0.720885129479794,0.6265608735850507,0.8344968029366905,0.03790187275704123,0.720885129479794,NA,Restaurant,JHDN7CF1C03X5,0.6726855668264579,0.7735237670667686,../../model_fits/finalized_redone_trunc_cp/t2_a1_proportion/chicken_fish/vegetarian_dishes_prop/plots/JHDN7CF1C03X5.png,Animal,TRUE,TRUE,Animal_inner,Animal_innerdark,Animal_restwash,0.6726855668264579,0.7735237670667686
chicken_fish,Exposure: Vegetarian,Form: Proportion,0.6956748655452965,0.49638844414190475,0.9740018032064417,0.02654991454349825,0.6956748655452965,NA,Restaurant,L69HYJ4Y3TR91,0.5886938091149538,0.8241198122719784,../../model_fits/finalized_redone_trunc_cp/t2_a1_proportion/chicken_fish/vegetarian_dishes_prop/plots/L69HYJ4Y3TR91.png,Animal,TRUE,TRUE,Animal_inner,Animal_innerdark,Animal_restwash,0.5886938091149538,0.8241198122719784
chicken_fish,Exposure: Vegetarian,Form: Proportion,0.9722089179058755,0.8268676850313338,1.162329491972836,0.7543901420652923,0.9722089179058755,NA,Restaurant,LBZEEFSBJNB3Z,0.8949297990493307,1.0628235657431744,../../model_fits/finalized_redone_trunc_cp/t2_a1_proportion/chicken_fish/vegetarian_dishes_prop/plots/LBZEEFSBJNB3Z.png,Animal,TRUE,TRUE,Animal_inner,Animal_innerdark,Animal_restwash,0.8949297990493307,1.0628235657431744
chicken_fish,Exposure: Vegetarian,Form: Proportion,0.8324801547914652,0.565733327151043,1.2090963507626828,0.15985966298098772,0.8324801547914652,NA,Restaurant,LFZFT3VASXPED,0.6888303364316083,1.0046700686182368,../../model_fits/finalized_redone_trunc_cp/t2_a1_proportion/chicken_fish/vegetarian_dishes_prop/plots/LFZFT3VASXPED.png,Animal,TRUE,TRUE,Animal_inner,Animal_innerdark,Animal_restwash,0.6888303364316083,1.0046700686182368
chicken_fish,Exposure: Vegetarian,Form: Proportion,0.8936637648591128,0.616129218826623,1.2665055272592116,0.32489385012587585,0.8936637648591128,NA,Restaurant,LQ5EH4BKGV61T,0.7413790258367589,1.0713684829004333,../../model_fits/finalized_redone_trunc_cp/t2_a1_proportion/chicken_fish/vegetarian_dishes_prop/plots/LQ5EH4BKGV61T.png,Animal,TRUE,TRUE,Animal_inner,Animal_innerdark,Animal_restwash,0.7413790258367589,1.0713684829004333
chicken_fish,Exposure: Vegetarian,Form: Proportion,0.8318961226831059,0.692521679239256,0.9720546860120866,0.15874169064070567,0.8318961226831059,NA,Restaurant,S8MT0YGD2KTN9,0.7634053721189092,0.9043127739025854,../../model_fits/finalized_redone_trunc_cp/t2_a1_proportion/chicken_fish/vegetarian_dishes_prop/plots/S8MT0YGD2KTN9.png,Animal,TRUE,TRUE,Animal_inner,Animal_innerdark,Animal_restwash,0.7634053721189092,0.9043127739025854
chicken_fish,Exposure: Vegetarian,Form: Proportion,0.8335424585639236,0.5979643728381655,1.1358387290423901,0.16191133959763326,0.8335424585639236,NA,Restaurant,SAFK7ND1HR6XS,0.7098774854077265,0.9700331399067443,../../model_fits/finalized_redone_trunc_cp/t2_a1_proportion/chicken_fish/vegetarian_dishes_prop/plots/SAFK7ND1HR6XS.png,Animal,TRUE,TRUE,Animal_inner,Animal_innerdark,Animal_restwash,0.7098774854077265,0.9700331399067443
chicken_fish,Exposure: Vegetarian,Form: Proportion,0.6874206048257546,0.5797105274977048,0.8214169370337057,0.02356272181309174,0.6874206048257546,NA,Restaurant,V3Q26BHF3SE2H,0.6288196377678301,0.751342302752006,../../model_fits/finalized_redone_trunc_cp/t2_a1_proportion/chicken_fish/vegetarian_dishes_prop/plots/V3Q26BHF3SE2H.png,Animal,TRUE,TRUE,Animal_inner,Animal_innerdark,Animal_restwash,0.6288196377678301,0.751342302752006
chicken_fish,Exposure: Vegetarian,Form: Proportion,0.7353463325508915,0.6149133159713712,0.8747869461826637,0.04622951185917514,0.7353463325508915,NA,Restaurant,W8T41JZK0ZMEP,0.6707102187801778,0.8024961168226129,../../model_fits/finalized_redone_trunc_cp/t2_a1_proportion/chicken_fish/vegetarian_dishes_prop/plots/W8T41JZK0ZMEP.png,Animal,TRUE,TRUE,Animal_inner,Animal_innerdark,Animal_restwash,0.6707102187801778,0.8024961168226129
vegetarian,Exposure: Alt-Protein-Modifiable,Form: Count,1.0052065924375435,0.9300863808627902,1.085263051574361,1.0052065924375435,1.0005194433640034,NA,Restaurant,1SQPTEGYPH0GA,0.9662470963076513,1.0442482878124006,../../model_fits/finalized_redone_trunc/t2_a1_proportion/vegetarian/mpbamod_dishes_count/plots/1SQPTEGYPH0GA.png,Plant-based,TRUE,TRUE,Plant-based_inner,Plant-based_innerdark,Plant-based_restwash,0.9662470963076513,1.0442482878124006
vegetarian,Exposure: Alt-Protein-Modifiable,Form: Count,0.9409025921542952,0.7507328853876445,1.154696886095064,0.9409025921542952,0.993926949972,NA,Restaurant,2HRX9P6HKXA8V,0.8480272606449228,1.0419567727647785,../../model_fits/finalized_redone_trunc/t2_a1_proportion/vegetarian/mpbamod_dishes_count/plots/2HRX9P6HKXA8V.png,Plant-based,TRUE,TRUE,Plant-based_inner,Plant-based_innerdark,Plant-based_restwash,0.8480272606449228,1.0419567727647785
vegetarian,Exposure: Alt-Protein-Modifiable,Form: Count,1.0292876592297775,0.932964741112586,1.1418799712776684,1.0292876592297775,1.0028908675218302,NA,Restaurant,78AY09MVJVTYE,0.9807446060197581,1.081937406785883,../../model_fits/finalized_redone_trunc/t2_a1_proportion/vegetarian/mpbamod_dishes_count/plots/78AY09MVJVTYE.png,Plant-based,TRUE,TRUE,Plant-based_inner,Plant-based_innerdark,Plant-based_restwash,0.9807446060197581,1.081937406785883
vegetarian,Exposure: Alt-Protein-Modifiable,Form: Count,0.987425657584042,0.963757675870061,1.0178998571620148,0.987425657584042,0.9987353934396485,NA,Restaurant,9XKJD8DQTH559,0.9752288600424387,1.0020663120865627,../../model_fits/finalized_redone_trunc/t2_a1_proportion/vegetarian/mpbamod_dishes_count/plots/9XKJD8DQTH559.png,Plant-based,TRUE,TRUE,Plant-based_inner,Plant-based_innerdark,Plant-based_restwash,0.9752288600424387,1.0020663120865627
vegetarian,Exposure: Alt-Protein-Modifiable,Form: Count,1.0460385048653975,0.8849903042800353,1.2107676806493524,1.0460385048653975,1.0045111624448657,NA,Restaurant,C0BE4NDSW26QN,0.9660139089638252,1.1293921776032385,../../model_fits/finalized_redone_trunc/t2_a1_proportion/vegetarian/mpbamod_dishes_count/plots/C0BE4NDSW26QN.png,Plant-based,TRUE,TRUE,Plant-based_inner,Plant-based_innerdark,Plant-based_restwash,0.9660139089638252,1.1293921776032385
vegetarian,Exposure: Alt-Protein-Modifiable,Form: Count,0.9786718956142715,0.8953802351140198,1.0697817723786704,0.9786718956142715,0.9978464387477012,NA,Restaurant,CB2KHY1C2G9PT,0.9371850384604038,1.023427793517584,../../model_fits/finalized_redone_trunc/t2_a1_proportion/vegetarian/mpbamod_dishes_count/plots/CB2KHY1C2G9PT.png,Plant-based,TRUE,TRUE,Plant-based_inner,Plant-based_innerdark,Plant-based_restwash,0.9371850384604038,1.023427793517584
vegetarian,Exposure: Alt-Protein-Modifiable,Form: Count,1.0038798376586895,0.9838474723197177,1.0209394359359354,1.0038798376586895,1.000387308034396,NA,Restaurant,ED5J990H5VAZT,0.9942221620800676,1.0130308312877279,../../model_fits/finalized_redone_trunc/t2_a1_proportion/vegetarian/mpbamod_dishes_count/plots/ED5J990H5VAZT.png,Plant-based,TRUE,TRUE,Plant-based_inner,Plant-based_innerdark,Plant-based_restwash,0.9942221620800676,1.0130308312877279
vegetarian,Exposure: Alt-Protein-Modifiable,Form: Count,0.9582370706322029,0.8023622564606556,1.1138706903694364,0.9582370706322029,0.9957430797312067,NA,Restaurant,EMBVNVD207CC6,0.8775267817456449,1.0360473126338434,../../model_fits/finalized_redone_trunc/t2_a1_proportion/vegetarian/mpbamod_dishes_count/plots/EMBVNVD207CC6.png,Plant-based,TRUE,TRUE,Plant-based_inner,Plant-based_innerdark,Plant-based_restwash,0.8775267817456449,1.0360473126338434
vegetarian,Exposure: Alt-Protein-Modifiable,Form: Count,0.996670925697063,0.9561461052964682,1.046394501160686,0.996670925697063,0.99966659279254,NA,Restaurant,JHDN7CF1C03X5,0.9755238974273666,1.0215653081112346,../../model_fits/finalized_redone_trunc/t2_a1_proportion/vegetarian/mpbamod_dishes_count/plots/JHDN7CF1C03X5.png,Plant-based,TRUE,TRUE,Plant-based_inner,Plant-based_innerdark,Plant-based_restwash,0.9755238974273666,1.0215653081112346
vegetarian,Exposure: Alt-Protein-Modifiable,Form: Count,1.0540381362342075,0.8667087173920359,1.2352938726299452,1.0540381362342075,1.0052767363763437,NA,Restaurant,L69HYJ4Y3TR91,0.9555663294638612,1.148679257696441,../../model_fits/finalized_redone_trunc/t2_a1_proportion/vegetarian/mpbamod_dishes_count/plots/L69HYJ4Y3TR91.png,Plant-based,TRUE,TRUE,Plant-based_inner,Plant-based_innerdark,Plant-based_restwash,0.9555663294638612,1.148679257696441
vegetarian,Exposure: Alt-Protein-Modifiable,Form: Count,0.9681420397898898,0.8781520632504414,1.0745136075268402,0.9681420397898898,0.9967675888113399,NA,Restaurant,LBZEEFSBJNB3Z,0.9224422285707763,1.022219080571413,../../model_fits/finalized_redone_trunc/t2_a1_proportion/vegetarian/mpbamod_dishes_count/plots/LBZEEFSBJNB3Z.png,Plant-based,TRUE,TRUE,Plant-based_inner,Plant-based_innerdark,Plant-based_restwash,0.9224422285707763,1.022219080571413
vegetarian,Exposure: Alt-Protein-Modifiable,Form: Count,0.9784750090827568,0.716460947310335,1.3719214887250413,0.9784750090827568,0.9978263625287801,NA,Restaurant,LFZFT3VASXPED,0.829128034881986,1.147586902739637,../../model_fits/finalized_redone_trunc/t2_a1_proportion/vegetarian/mpbamod_dishes_count/plots/LFZFT3VASXPED.png,Plant-based,TRUE,TRUE,Plant-based_inner,Plant-based_innerdark,Plant-based_restwash,0.829128034881986,1.147586902739637
vegetarian,Exposure: Alt-Protein-Modifiable,Form: Count,1.0408848398814579,0.8423173050719169,1.2803659769736548,1.0408848398814579,1.0040151551233647,NA,Restaurant,LQ5EH4BKGV61T,0.9424614234162154,1.1513626662535206,../../model_fits/finalized_redone_trunc/t2_a1_proportion/vegetarian/mpbamod_dishes_count/plots/LQ5EH4BKGV61T.png,Plant-based,TRUE,TRUE,Plant-based_inner,Plant-based_innerdark,Plant-based_restwash,0.9424614234162154,1.1513626662535206
vegetarian,Exposure: Alt-Protein-Modifiable,Form: Count,1.0176175775598655,0.8501785577438608,1.2030330915655476,1.0176175775598655,1.0017479445772821,NA,Restaurant,S8MT0YGD2KTN9,0.9315033623675585,1.1072367100888865,../../model_fits/finalized_redone_trunc/t2_a1_proportion/vegetarian/mpbamod_dishes_count/plots/S8MT0YGD2KTN9.png,Plant-based,TRUE,TRUE,Plant-based_inner,Plant-based_innerdark,Plant-based_restwash,0.9315033623675585,1.1072367100888865
vegetarian,Exposure: Alt-Protein-Modifiable,Form: Count,0.9723944038931628,0.7570588793232719,1.2626198166923237,0.9723944038931628,0.9972045354581366,NA,Restaurant,SAFK7ND1HR6XS,0.8536442613954879,1.1071570559093247,../../model_fits/finalized_redone_trunc/t2_a1_proportion/vegetarian/mpbamod_dishes_count/plots/SAFK7ND1HR6XS.png,Plant-based,TRUE,TRUE,Plant-based_inner,Plant-based_innerdark,Plant-based_restwash,0.8536442613954879,1.1071570559093247
vegetarian,Exposure: Alt-Protein-Modifiable,Form: Count,1.1689973142373555,1.0753480377731652,1.2790102066567888,1.1689973142373555,1.0157371839713287,NA,Restaurant,SRQS8F7JWA9MZ,1.1184851160539409,1.2200230275402184,../../model_fits/finalized_redone_trunc/t2_a1_proportion/vegetarian/mpbamod_dishes_count/plots/SRQS8F7JWA9MZ.png,Plant-based,TRUE,TRUE,Plant-based_inner,Plant-based_innerdark,Plant-based_restwash,1.1184851160539409,1.2200230275402184
vegetarian,Exposure: Alt-Protein-Modifiable,Form: Count,1.0039213384070425,0.9538157221641412,1.0514889563263434,1.0039213384070425,1.0003914435940562,NA,Restaurant,V3Q26BHF3SE2H,0.9788603286835171,1.026880048859614,../../model_fits/finalized_redone_trunc/t2_a1_proportion/vegetarian/mpbamod_dishes_count/plots/V3Q26BHF3SE2H.png,Plant-based,TRUE,TRUE,Plant-based_inner,Plant-based_innerdark,Plant-based_restwash,0.9788603286835171,1.026880048859614
vegetarian,Exposure: Alt-Protein-Modifiable,Form: Count,0.9900953523366252,0.9635932948285519,1.0224952801050655,0.9900953523366252,0.999005092748731,NA,Restaurant,W8T41JZK0ZMEP,0.9750425573624397,1.0064832132239934,../../model_fits/finalized_redone_trunc/t2_a1_proportion/vegetarian/mpbamod_dishes_count/plots/W8T41JZK0ZMEP.png,Plant-based,TRUE,TRUE,Plant-based_inner,Plant-based_innerdark,Plant-based_restwash,0.9750425573624397,1.0064832132239934
vegetarian,Exposure: Alt-Protein-Modifiable,Form: Proportion,1.029172714802611,0.7940569840383173,1.3422301505235235,1.333161114520828,1.029172714802611,NA,Restaurant,1SQPTEGYPH0GA,0.896155038263138,1.1787325421751618,../../model_fits/finalized_redone_trunc/t2_a1_proportion/vegetarian/mpbamod_dishes_prop/plots/1SQPTEGYPH0GA.png,Plant-based,TRUE,TRUE,Plant-based_inner,Plant-based_innerdark,Plant-based_restwash,0.896155038263138,1.1787325421751618
vegetarian,Exposure: Alt-Protein-Modifiable,Form: Proportion,0.8260540597198797,0.5182455222959395,1.3149714199299904,0.14793968826447657,0.8260540597198797,NA,Restaurant,2HRX9P6HKXA8V,0.652658350806335,1.0409977401654749,../../model_fits/finalized_redone_trunc/t2_a1_proportion/vegetarian/mpbamod_dishes_prop/plots/2HRX9P6HKXA8V.png,Plant-based,TRUE,TRUE,Plant-based_inner,Plant-based_innerdark,Plant-based_restwash,0.652658350806335,1.0409977401654749
vegetarian,Exposure: Alt-Protein-Modifiable,Form: Proportion,1.0554558880870633,0.8081425199003025,1.359349015734169,1.7155400860141086,1.0554558880870633,NA,Restaurant,78AY09MVJVTYE,0.923649400161094,1.1968140114527694,../../model_fits/finalized_redone_trunc/t2_a1_proportion/vegetarian/mpbamod_dishes_prop/plots/78AY09MVJVTYE.png,Plant-based,TRUE,TRUE,Plant-based_inner,Plant-based_innerdark,Plant-based_restwash,0.923649400161094,1.1968140114527694
vegetarian,Exposure: Alt-Protein-Modifiable,Form: Proportion,0.9895222926367655,0.857377197701567,1.1403689242253359,0.9000275995152202,0.9895222926367655,NA,Restaurant,9XKJD8DQTH559,0.9243944201368395,1.0645327527935404,../../model_fits/finalized_redone_trunc/t2_a1_proportion/vegetarian/mpbamod_dishes_prop/plots/9XKJD8DQTH559.png,Plant-based,TRUE,TRUE,Plant-based_inner,Plant-based_innerdark,Plant-based_restwash,0.9243944201368395,1.0645327527935404
vegetarian,Exposure: Alt-Protein-Modifiable,Form: Proportion,1.1471723116718575,0.8073033150479576,1.678890271121318,3.94717664530394,1.1471723116718575,NA,Restaurant,C0BE4NDSW26QN,0.9483282919022421,1.3868339780858383,../../model_fits/finalized_redone_trunc/t2_a1_proportion/vegetarian/mpbamod_dishes_prop/plots/C0BE4NDSW26QN.png,Plant-based,TRUE,TRUE,Plant-based_inner,Plant-based_innerdark,Plant-based_restwash,0.9483282919022421,1.3868339780858383
vegetarian,Exposure: Alt-Protein-Modifiable,Form: Proportion,0.8848784748116503,0.7602396904524407,1.0271075993462526,0.29433120444165617,0.8848784748116503,NA,Restaurant,CB2KHY1C2G9PT,0.8195505004557115,0.9536504996743002,../../model_fits/finalized_redone_trunc/t2_a1_proportion/vegetarian/mpbamod_dishes_prop/plots/CB2KHY1C2G9PT.png,Plant-based,TRUE,TRUE,Plant-based_inner,Plant-based_innerdark,Plant-based_restwash,0.8195505004557115,0.9536504996743002
vegetarian,Exposure: Alt-Protein-Modifiable,Form: Proportion,1.0056117539298657,0.9659908680294162,1.0475862746898876,1.0575560860650028,1.0056117539298657,NA,Restaurant,ED5J990H5VAZT,0.9854846043922537,1.0270834460529072,../../model_fits/finalized_redone_trunc/t2_a1_proportion/vegetarian/mpbamod_dishes_prop/plots/ED5J990H5VAZT.png,Plant-based,TRUE,TRUE,Plant-based_inner,Plant-based_innerdark,Plant-based_restwash,0.9854846043922537,1.0270834460529072
vegetarian,Exposure: Alt-Protein-Modifiable,Form: Proportion,0.9509563728645745,0.818817239315407,1.0990129703410259,0.6047918528647237,0.9509563728645745,NA,Restaurant,EMBVNVD207CC6,0.8807065583249388,1.0219977738600385,../../model_fits/finalized_redone_trunc/t2_a1_proportion/vegetarian/mpbamod_dishes_prop/plots/EMBVNVD207CC6.png,Plant-based,TRUE,TRUE,Plant-based_inner,Plant-based_innerdark,Plant-based_restwash,0.8807065583249388,1.0219977738600385
vegetarian,Exposure: Alt-Protein-Modifiable,Form: Proportion,0.7782154372533497,0.6471900252608067,0.9378316349439445,0.08147013113907206,0.7782154372533497,NA,Restaurant,JHDN7CF1C03X5,0.7055495225956576,0.8575186723875973,../../model_fits/finalized_redone_trunc/t2_a1_proportion/vegetarian/mpbamod_dishes_prop/plots/JHDN7CF1C03X5.png,Plant-based,TRUE,TRUE,Plant-based_inner,Plant-based_innerdark,Plant-based_restwash,0.7055495225956576,0.8575186723875973
vegetarian,Exposure: Alt-Protein-Modifiable,Form: Proportion,1.0488744847842344,0.605250497614947,1.763707469119207,1.611518174158969,1.0488744847842344,NA,Restaurant,L69HYJ4Y3TR91,0.79444042872089,1.3580145996967863,../../model_fits/finalized_redone_trunc/t2_a1_proportion/vegetarian/mpbamod_dishes_prop/plots/L69HYJ4Y3TR91.png,Plant-based,TRUE,TRUE,Plant-based_inner,Plant-based_innerdark,Plant-based_restwash,0.79444042872089,1.3580145996967863
vegetarian,Exposure: Alt-Protein-Modifiable,Form: Proportion,0.8910955127555799,0.6233944023599959,1.2848125298028263,0.3156767285328799,0.8910955127555799,NA,Restaurant,LBZEEFSBJNB3Z,0.7429595894065267,1.075923234292299,../../model_fits/finalized_redone_trunc/t2_a1_proportion/vegetarian/mpbamod_dishes_prop/plots/LBZEEFSBJNB3Z.png,Plant-based,TRUE,TRUE,Plant-based_inner,Plant-based_innerdark,Plant-based_restwash,0.7429595894065267,1.075923234292299
vegetarian,Exposure: Alt-Protein-Modifiable,Form: Proportion,1.1486199117875497,0.45964022147423383,2.838415416107191,3.9972692880433445,1.1486199117875497,NA,Restaurant,LFZFT3VASXPED,0.7483066436582574,1.8047648350389554,../../model_fits/finalized_redone_trunc/t2_a1_proportion/vegetarian/mpbamod_dishes_prop/plots/LFZFT3VASXPED.png,Plant-based,TRUE,FALSE,Plant-based_inner,Plant-based_innerdark,Plant-based_restwash,0.7483066436582574,1.8047648350389554
vegetarian,Exposure: Alt-Protein-Modifiable,Form: Proportion,0.9789531035494047,0.6453918577587143,1.4823863717457124,0.8083861711854213,0.9789531035494047,NA,Restaurant,LQ5EH4BKGV61T,0.7916037913089848,1.1944376887365924,../../model_fits/finalized_redone_trunc/t2_a1_proportion/vegetarian/mpbamod_dishes_prop/plots/LQ5EH4BKGV61T.png,Plant-based,TRUE,TRUE,Plant-based_inner,Plant-based_innerdark,Plant-based_restwash,0.7916037913089848,1.1944376887365924
vegetarian,Exposure: Alt-Protein-Modifiable,Form: Proportion,1.4167659228469673,0.9982606324561116,2.048243493662715,32.58224636503335,1.4167659228469673,NA,Restaurant,S8MT0YGD2KTN9,1.1853583187833623,1.7054011717367226,../../model_fits/finalized_redone_trunc/t2_a1_proportion/vegetarian/mpbamod_dishes_prop/plots/S8MT0YGD2KTN9.png,Plant-based,TRUE,FALSE,Plant-based_inner,Plant-based_innerdark,Plant-based_restwash,1.1853583187833623,1.7054011717367226
vegetarian,Exposure: Alt-Protein-Modifiable,Form: Proportion,0.9320526033748286,0.5884472098170767,1.452002676905886,0.49477100233562493,0.9320526033748286,NA,Restaurant,SAFK7ND1HR6XS,0.7381887986280267,1.1623550476600457,../../model_fits/finalized_redone_trunc/t2_a1_proportion/vegetarian/mpbamod_dishes_prop/plots/SAFK7ND1HR6XS.png,Plant-based,TRUE,TRUE,Plant-based_inner,Plant-based_innerdark,Plant-based_restwash,0.7381887986280267,1.1623550476600457
vegetarian,Exposure: Alt-Protein-Modifiable,Form: Proportion,1.169612596644187,1.06969503330891,1.2863063129796888,4.790936002723816,1.169612596644187,NA,Restaurant,SRQS8F7JWA9MZ,1.1147370099770417,1.228501012555797,../../model_fits/finalized_redone_trunc/t2_a1_proportion/vegetarian/mpbamod_dishes_prop/plots/SRQS8F7JWA9MZ.png,Plant-based,TRUE,TRUE,Plant-based_inner,Plant-based_innerdark,Plant-based_restwash,1.1147370099770417,1.228501012555797
vegetarian,Exposure: Alt-Protein-Modifiable,Form: Proportion,0.982003601125976,0.904383050032702,1.0578224643142844,0.8339323166604796,0.982003601125976,NA,Restaurant,V3Q26BHF3SE2H,0.9438167068517404,1.0208702244637817,../../model_fits/finalized_redone_trunc/t2_a1_proportion/vegetarian/mpbamod_dishes_prop/plots/V3Q26BHF3SE2H.png,Plant-based,TRUE,TRUE,Plant-based_inner,Plant-based_innerdark,Plant-based_restwash,0.9438167068517404,1.0208702244637817
vegetarian,Exposure: Alt-Protein-Modifiable,Form: Proportion,0.9886289531659003,0.8537437438258533,1.1398728940125613,0.8919350927723305,0.9886289531659003,NA,Restaurant,W8T41JZK0ZMEP,0.919164561338591,1.0625942247223137,../../model_fits/finalized_redone_trunc/t2_a1_proportion/vegetarian/mpbamod_dishes_prop/plots/W8T41JZK0ZMEP.png,Plant-based,TRUE,TRUE,Plant-based_inner,Plant-based_innerdark,Plant-based_restwash,0.919164561338591,1.0625942247223137
vegetarian,Exposure: Vegan,Form: Count,1.0032755880521331,0.959414798536939,1.0521812969802362,1.0032755880521331,1.0003270769780142,NA,Restaurant,1SQPTEGYPH0GA,0.98066305947618,1.026453234672913,../../model_fits/finalized_redone_trunc/t2_a1_proportion/vegetarian/vegan_dishes_count/plots/1SQPTEGYPH0GA.png,Plant-based,TRUE,TRUE,Plant-based_inner,Plant-based_innerdark,Plant-based_restwash,0.98066305947618,1.026453234672913
vegetarian,Exposure: Vegan,Form: Count,1.0352923871669248,0.9112286467323542,1.1712023851220539,1.0352923871669248,1.003474410469905,NA,Restaurant,2HRX9P6HKXA8V,0.9747602885010019,1.0983641343638222,../../model_fits/finalized_redone_trunc/t2_a1_proportion/vegetarian/vegan_dishes_count/plots/2HRX9P6HKXA8V.png,Plant-based,TRUE,TRUE,Plant-based_inner,Plant-based_innerdark,Plant-based_restwash,0.9747602885010019,1.0983641343638222
vegetarian,Exposure: Vegan,Form: Count,0.9939069473934085,0.9603513871845866,1.0280648872947282,0.9939069473934085,0.9993890176257921,NA,Restaurant,78AY09MVJVTYE,0.9758470680288529,1.0116784275994373,../../model_fits/finalized_redone_trunc/t2_a1_proportion/vegetarian/vegan_dishes_count/plots/78AY09MVJVTYE.png,Plant-based,TRUE,TRUE,Plant-based_inner,Plant-based_innerdark,Plant-based_restwash,0.9758470680288529,1.0116784275994373
vegetarian,Exposure: Vegan,Form: Count,0.9925710873020598,0.971629600176014,1.0138396915983625,0.9925710873020598,0.9992546134886487,NA,Restaurant,9XKJD8DQTH559,0.9821979883552864,1.003554194784177,../../model_fits/finalized_redone_trunc/t2_a1_proportion/vegetarian/vegan_dishes_count/plots/9XKJD8DQTH559.png,Plant-based,TRUE,TRUE,Plant-based_inner,Plant-based_innerdark,Plant-based_restwash,0.9821979883552864,1.003554194784177
vegetarian,Exposure: Vegan,Form: Count,1.0000646605904058,0.9556126404072903,1.0429249844079373,1.0000646605904058,1.0000064658709036,NA,Restaurant,C0BE4NDSW26QN,0.9790441315848394,1.0212865189678697,../../model_fits/finalized_redone_trunc/t2_a1_proportion/vegetarian/vegan_dishes_count/plots/C0BE4NDSW26QN.png,Plant-based,TRUE,TRUE,Plant-based_inner,Plant-based_innerdark,Plant-based_restwash,0.9790441315848394,1.0212865189678697
vegetarian,Exposure: Vegan,Form: Count,1.021308618682979,0.993591093909219,1.0494184406170965,1.021308618682979,1.00211070084956,NA,Restaurant,CB2KHY1C2G9PT,1.0072902044917948,1.0348760316499819,../../model_fits/finalized_redone_trunc/t2_a1_proportion/vegetarian/vegan_dishes_count/plots/CB2KHY1C2G9PT.png,Plant-based,TRUE,TRUE,Plant-based_inner,Plant-based_innerdark,Plant-based_restwash,1.0072902044917948,1.0348760316499819
vegetarian,Exposure: Vegan,Form: Count,1.0314157932944643,0.9590622407348297,1.1172132653329518,1.0314157932944643,1.0030980305080683,NA,Restaurant,ED5J990H5VAZT,0.9958270383028337,1.0725153391977043,../../model_fits/finalized_redone_trunc/t2_a1_proportion/vegetarian/vegan_dishes_count/plots/ED5J990H5VAZT.png,Plant-based,TRUE,TRUE,Plant-based_inner,Plant-based_innerdark,Plant-based_restwash,0.9958270383028337,1.0725153391977043
vegetarian,Exposure: Vegan,Form: Count,0.9302827470093384,0.7935092986966701,1.095749378362813,0.9302827470093384,0.9927993785984736,NA,Restaurant,EMBVNVD207CC6,0.8548197361384275,1.0117294216454478,../../model_fits/finalized_redone_trunc/t2_a1_proportion/vegetarian/vegan_dishes_count/plots/EMBVNVD207CC6.png,Plant-based,TRUE,TRUE,Plant-based_inner,Plant-based_innerdark,Plant-based_restwash,0.8548197361384275,1.0117294216454478
vegetarian,Exposure: Vegan,Form: Count,1.0378397452304247,1.0106648600717842,1.065735101264781,1.0378397452304247,1.003721044439574,NA,Restaurant,JHDN7CF1C03X5,1.0240501072362052,1.0517768361133122,../../model_fits/finalized_redone_trunc/t2_a1_proportion/vegetarian/vegan_dishes_count/plots/JHDN7CF1C03X5.png,Plant-based,TRUE,TRUE,Plant-based_inner,Plant-based_innerdark,Plant-based_restwash,1.0240501072362052,1.0517768361133122
vegetarian,Exposure: Vegan,Form: Count,1.0145336233355764,0.9479265423044613,1.0824865703777506,1.0145336233355764,1.0014439437343112,NA,Restaurant,L69HYJ4Y3TR91,0.9792091841792848,1.0485632918867762,../../model_fits/finalized_redone_trunc/t2_a1_proportion/vegetarian/vegan_dishes_count/plots/L69HYJ4Y3TR91.png,Plant-based,TRUE,TRUE,Plant-based_inner,Plant-based_innerdark,Plant-based_restwash,0.9792091841792848,1.0485632918867762
vegetarian,Exposure: Vegan,Form: Count,0.9538000859545648,0.8806139190149247,1.031232044813253,0.9538000859545648,0.9952810510917782,NA,Restaurant,LBZEEFSBJNB3Z,0.9167450895615968,0.9941060084420995,../../model_fits/finalized_redone_trunc/t2_a1_proportion/vegetarian/vegan_dishes_count/plots/LBZEEFSBJNB3Z.png,Plant-based,TRUE,TRUE,Plant-based_inner,Plant-based_innerdark,Plant-based_restwash,0.9167450895615968,0.9941060084420995
vegetarian,Exposure: Vegan,Form: Count,1.018518506124985,0.8058511218756648,1.2598831558676469,1.018518506124985,1.0018365971323517,NA,Restaurant,LFZFT3VASXPED,0.9083097813118964,1.134582358570411,../../model_fits/finalized_redone_trunc/t2_a1_proportion/vegetarian/vegan_dishes_count/plots/LFZFT3VASXPED.png,Plant-based,TRUE,TRUE,Plant-based_inner,Plant-based_innerdark,Plant-based_restwash,0.9083097813118964,1.134582358570411
vegetarian,Exposure: Vegan,Form: Count,0.9673866921436485,0.7786631922264761,1.1939070001884777,0.9673866921436485,0.9966897933546084,NA,Restaurant,LQ5EH4BKGV61T,0.8663115087732248,1.0781742877860667,../../model_fits/finalized_redone_trunc/t2_a1_proportion/vegetarian/vegan_dishes_count/plots/LQ5EH4BKGV61T.png,Plant-based,TRUE,TRUE,Plant-based_inner,Plant-based_innerdark,Plant-based_restwash,0.8663115087732248,1.0781742877860667
vegetarian,Exposure: Vegan,Form: Count,0.9811197672182626,0.8562103931078182,1.1187079683094954,0.9811197672182626,0.9980957414054312,NA,Restaurant,S8MT0YGD2KTN9,0.9158583460507778,1.0516654808868067,../../model_fits/finalized_redone_trunc/t2_a1_proportion/vegetarian/vegan_dishes_count/plots/S8MT0YGD2KTN9.png,Plant-based,TRUE,TRUE,Plant-based_inner,Plant-based_innerdark,Plant-based_restwash,0.9158583460507778,1.0516654808868067
vegetarian,Exposure: Vegan,Form: Count,0.996911750483174,0.7393865117882985,1.3041209612211169,0.996911750483174,0.9996907450291797,NA,Restaurant,SAFK7ND1HR6XS,0.8556755704201796,1.1422286458572826,../../model_fits/finalized_redone_trunc/t2_a1_proportion/vegetarian/vegan_dishes_count/plots/SAFK7ND1HR6XS.png,Plant-based,TRUE,TRUE,Plant-based_inner,Plant-based_innerdark,Plant-based_restwash,0.8556755704201796,1.1422286458572826
vegetarian,Exposure: Vegan,Form: Count,0.7091209284537834,0.5921997188914002,0.8696478107701738,0.7091209284537834,0.9662111175107618,NA,Restaurant,SRQS8F7JWA9MZ,0.6395371554942328,0.7888723726386222,../../model_fits/finalized_redone_trunc/t2_a1_proportion/vegetarian/vegan_dishes_count/plots/SRQS8F7JWA9MZ.png,Plant-based,TRUE,TRUE,Plant-based_inner,Plant-based_innerdark,Plant-based_restwash,0.6395371554942328,0.7888723726386222
vegetarian,Exposure: Vegan,Form: Count,0.9983757105882519,0.9199137445576587,1.0925050580271218,0.9983757105882519,0.9998374522123235,NA,Restaurant,V3Q26BHF3SE2H,0.9578850693226361,1.0422823217380401,../../model_fits/finalized_redone_trunc/t2_a1_proportion/vegetarian/vegan_dishes_count/plots/V3Q26BHF3SE2H.png,Plant-based,TRUE,TRUE,Plant-based_inner,Plant-based_innerdark,Plant-based_restwash,0.9578850693226361,1.0422823217380401
vegetarian,Exposure: Vegan,Form: Count,0.9971222955522274,0.9776721667149073,1.0155991338729382,0.9971222955522274,0.9997118562213948,NA,Restaurant,W8T41JZK0ZMEP,0.9870316337272886,1.0067980681147244,../../model_fits/finalized_redone_trunc/t2_a1_proportion/vegetarian/vegan_dishes_count/plots/W8T41JZK0ZMEP.png,Plant-based,TRUE,TRUE,Plant-based_inner,Plant-based_innerdark,Plant-based_restwash,0.9870316337272886,1.0067980681147244
vegetarian,Exposure: Vegan,Form: Proportion,1.0430584200466009,0.8720671850503862,1.253207404120591,1.524355747283551,1.0430584200466009,NA,Restaurant,1SQPTEGYPH0GA,0.9525295688986212,1.1408723428425804,../../model_fits/finalized_redone_trunc/t2_a1_proportion/vegetarian/vegan_dishes_prop/plots/1SQPTEGYPH0GA.png,Plant-based,TRUE,TRUE,Plant-based_inner,Plant-based_innerdark,Plant-based_restwash,0.9525295688986212,1.1408723428425804
vegetarian,Exposure: Vegan,Form: Proportion,1.0489010134629613,0.8553592038796812,1.3005080622386094,1.611925814106996,1.0489010134629613,NA,Restaurant,2HRX9P6HKXA8V,0.9454598976604996,1.1685434098372467,../../model_fits/finalized_redone_trunc/t2_a1_proportion/vegetarian/vegan_dishes_prop/plots/2HRX9P6HKXA8V.png,Plant-based,TRUE,TRUE,Plant-based_inner,Plant-based_innerdark,Plant-based_restwash,0.9454598976604996,1.1685434098372467
vegetarian,Exposure: Vegan,Form: Proportion,0.9704477685841902,0.894906648700647,1.0558873746656319,0.7408352826626349,0.9704477685841902,NA,Restaurant,78AY09MVJVTYE,0.9311606917534625,1.0116802185551095,../../model_fits/finalized_redone_trunc/t2_a1_proportion/vegetarian/vegan_dishes_prop/plots/78AY09MVJVTYE.png,Plant-based,TRUE,TRUE,Plant-based_inner,Plant-based_innerdark,Plant-based_restwash,0.9311606917534625,1.0116802185551095
vegetarian,Exposure: Vegan,Form: Proportion,0.9193247829268041,0.7881062800964402,1.075215386532021,0.4312108488643,0.9193247829268041,NA,Restaurant,9XKJD8DQTH559,0.8510600810262327,0.9946885746467564,../../model_fits/finalized_redone_trunc/t2_a1_proportion/vegetarian/vegan_dishes_prop/plots/9XKJD8DQTH559.png,Plant-based,TRUE,TRUE,Plant-based_inner,Plant-based_innerdark,Plant-based_restwash,0.8510600810262327,0.9946885746467564
vegetarian,Exposure: Vegan,Form: Proportion,0.9842584863958825,0.837258266677098,1.1465182507876917,0.8532802236701834,0.9842584863958825,NA,Restaurant,C0BE4NDSW26QN,0.9101619358310795,1.0648230579199758,../../model_fits/finalized_redone_trunc/t2_a1_proportion/vegetarian/vegan_dishes_prop/plots/C0BE4NDSW26QN.png,Plant-based,TRUE,TRUE,Plant-based_inner,Plant-based_innerdark,Plant-based_restwash,0.9101619358310795,1.0648230579199758
vegetarian,Exposure: Vegan,Form: Proportion,1.0594230431240934,0.9607093568470487,1.1781584401928662,1.781123972052829,1.0594230431240934,NA,Restaurant,CB2KHY1C2G9PT,1.0076430303797475,1.1166358412309076,../../model_fits/finalized_redone_trunc/t2_a1_proportion/vegetarian/vegan_dishes_prop/plots/CB2KHY1C2G9PT.png,Plant-based,TRUE,TRUE,Plant-based_inner,Plant-based_innerdark,Plant-based_restwash,1.0076430303797475,1.1166358412309076
vegetarian,Exposure: Vegan,Form: Proportion,1.0136281125607194,0.8842298582492981,1.1587482316064068,1.144949864975537,1.0136281125607194,NA,Restaurant,ED5J990H5VAZT,0.9485805007206237,1.0870742092630385,../../model_fits/finalized_redone_trunc/t2_a1_proportion/vegetarian/vegan_dishes_prop/plots/ED5J990H5VAZT.png,Plant-based,TRUE,TRUE,Plant-based_inner,Plant-based_innerdark,Plant-based_restwash,0.9485805007206237,1.0870742092630385
vegetarian,Exposure: Vegan,Form: Proportion,0.8836851278590382,0.7904485511182875,0.9759553571574943,0.2903858567119664,0.8836851278590382,NA,Restaurant,EMBVNVD207CC6,0.8390168801072329,0.9304679930066283,../../model_fits/finalized_redone_trunc/t2_a1_proportion/vegetarian/vegan_dishes_prop/plots/EMBVNVD207CC6.png,Plant-based,TRUE,TRUE,Plant-based_inner,Plant-based_innerdark,Plant-based_restwash,0.8390168801072329,0.9304679930066283
vegetarian,Exposure: Vegan,Form: Proportion,1.1669697502298015,1.016732130312963,1.341532350483416,4.6837745844792416,1.1669697502298015,NA,Restaurant,JHDN7CF1C03X5,1.0925192856492587,1.2477416873080904,../../model_fits/finalized_redone_trunc/t2_a1_proportion/vegetarian/vegan_dishes_prop/plots/JHDN7CF1C03X5.png,Plant-based,TRUE,TRUE,Plant-based_inner,Plant-based_innerdark,Plant-based_restwash,1.0925192856492587,1.2477416873080904
vegetarian,Exposure: Vegan,Form: Proportion,0.9653375172366924,0.7726572533264329,1.2130786413853338,0.7027354315781428,0.9653375172366924,NA,Restaurant,L69HYJ4Y3TR91,0.863501030497546,1.0804042566371015,../../model_fits/finalized_redone_trunc/t2_a1_proportion/vegetarian/vegan_dishes_prop/plots/L69HYJ4Y3TR91.png,Plant-based,TRUE,TRUE,Plant-based_inner,Plant-based_innerdark,Plant-based_restwash,0.863501030497546,1.0804042566371015
vegetarian,Exposure: Vegan,Form: Proportion,0.8942289369431738,0.7250224458961139,1.0989596603831548,0.326954405672711,0.8942289369431738,NA,Restaurant,LBZEEFSBJNB3Z,0.8045603788238762,0.9941701248597341,../../model_fits/finalized_redone_trunc/t2_a1_proportion/vegetarian/vegan_dishes_prop/plots/LBZEEFSBJNB3Z.png,Plant-based,TRUE,TRUE,Plant-based_inner,Plant-based_innerdark,Plant-based_restwash,0.8045603788238762,0.9941701248597341
vegetarian,Exposure: Vegan,Form: Proportion,0.961045354515605,0.6811096893872115,1.3458959583591723,0.6721076485456985,0.961045354515605,NA,Restaurant,LFZFT3VASXPED,0.8131792952384701,1.1343619924334478,../../model_fits/finalized_redone_trunc/t2_a1_proportion/vegetarian/vegan_dishes_prop/plots/LFZFT3VASXPED.png,Plant-based,TRUE,TRUE,Plant-based_inner,Plant-based_innerdark,Plant-based_restwash,0.8131792952384701,1.1343619924334478
vegetarian,Exposure: Vegan,Form: Proportion,1.0123373426413762,0.7921135064197038,1.2979330344912743,1.1304531595667346,1.0123373426413762,NA,Restaurant,LQ5EH4BKGV61T,0.8991190446784273,1.1470687803718636,../../model_fits/finalized_redone_trunc/t2_a1_proportion/vegetarian/vegan_dishes_prop/plots/LQ5EH4BKGV61T.png,Plant-based,TRUE,TRUE,Plant-based_inner,Plant-based_innerdark,Plant-based_restwash,0.8991190446784273,1.1470687803718636
vegetarian,Exposure: Vegan,Form: Proportion,0.9876939647448074,0.7360456514501396,1.312069156231438,0.883535492871387,0.9876939647448074,NA,Restaurant,S8MT0YGD2KTN9,0.8559869872214881,1.1313500566634402,../../model_fits/finalized_redone_trunc/t2_a1_proportion/vegetarian/vegan_dishes_prop/plots/S8MT0YGD2KTN9.png,Plant-based,TRUE,TRUE,Plant-based_inner,Plant-based_innerdark,Plant-based_restwash,0.8559869872214881,1.1313500566634402
vegetarian,Exposure: Vegan,Form: Proportion,0.9553106198484371,0.6959341972314427,1.3259891119090752,0.6330617248376772,0.9553106198484371,NA,Restaurant,SAFK7ND1HR6XS,0.8212967649352303,1.1222054774101444,../../model_fits/finalized_redone_trunc/t2_a1_proportion/vegetarian/vegan_dishes_prop/plots/SAFK7ND1HR6XS.png,Plant-based,TRUE,TRUE,Plant-based_inner,Plant-based_innerdark,Plant-based_restwash,0.8212967649352303,1.1222054774101444
vegetarian,Exposure: Vegan,Form: Proportion,0.8585229253849893,0.797448445343533,0.9222593267663467,0.2175299036191187,0.8585229253849893,NA,Restaurant,SRQS8F7JWA9MZ,0.8272483777481393,0.8916166797366467,../../model_fits/finalized_redone_trunc/t2_a1_proportion/vegetarian/vegan_dishes_prop/plots/SRQS8F7JWA9MZ.png,Plant-based,TRUE,TRUE,Plant-based_inner,Plant-based_innerdark,Plant-based_restwash,0.8272483777481393,0.8916166797366467
vegetarian,Exposure: Vegan,Form: Proportion,0.9687425729269702,0.8483808179281553,1.1139109058372505,0.7279203471696629,0.9687425729269702,NA,Restaurant,V3Q26BHF3SE2H,0.9031198515531352,1.040869380150094,../../model_fits/finalized_redone_trunc/t2_a1_proportion/vegetarian/vegan_dishes_prop/plots/V3Q26BHF3SE2H.png,Plant-based,TRUE,TRUE,Plant-based_inner,Plant-based_innerdark,Plant-based_restwash,0.9031198515531352,1.040869380150094
vegetarian,Exposure: Vegan,Form: Proportion,0.9750636110596523,0.8545922214851828,1.1093536969245152,0.7768362634279192,0.9750636110596523,NA,Restaurant,W8T41JZK0ZMEP,0.9131618472338949,1.042609975903228,../../model_fits/finalized_redone_trunc/t2_a1_proportion/vegetarian/vegan_dishes_prop/plots/W8T41JZK0ZMEP.png,Plant-based,TRUE,TRUE,Plant-based_inner,Plant-based_innerdark,Plant-based_restwash,0.9131618472338949,1.042609975903228
vegetarian,Exposure: Vegetarian,Form: Count,0.997695450560904,0.9829601942799215,1.0119318724391102,0.997695450560904,0.99976930571402,NA,Restaurant,1SQPTEGYPH0GA,0.9905141596587864,1.0051635326415003,../../model_fits/finalized_redone_trunc/t2_a1_proportion/vegetarian/vegetarian_dishes_count/plots/1SQPTEGYPH0GA.png,Plant-based,TRUE,TRUE,Plant-based_inner,Plant-based_innerdark,Plant-based_restwash,0.9905141596587864,1.0051635326415003
vegetarian,Exposure: Vegetarian,Form: Count,0.9933862601897675,0.9043011744248509,1.1011239928588767,0.9933862601897675,0.9993366493643803,NA,Restaurant,2HRX9P6HKXA8V,0.9463594878282604,1.0410959429051598,../../model_fits/finalized_redone_trunc/t2_a1_proportion/vegetarian/vegetarian_dishes_count/plots/2HRX9P6HKXA8V.png,Plant-based,TRUE,TRUE,Plant-based_inner,Plant-based_innerdark,Plant-based_restwash,0.9463594878282604,1.0410959429051598
vegetarian,Exposure: Vegetarian,Form: Count,1.0125197820653329,0.9866789567195882,1.039734987645892,1.0125197820653329,1.0012449801101078,NA,Restaurant,78AY09MVJVTYE,0.9989653481137495,1.0262945936900538,../../model_fits/finalized_redone_trunc/t2_a1_proportion/vegetarian/vegetarian_dishes_count/plots/78AY09MVJVTYE.png,Plant-based,TRUE,TRUE,Plant-based_inner,Plant-based_innerdark,Plant-based_restwash,0.9989653481137495,1.0262945936900538
vegetarian,Exposure: Vegetarian,Form: Count,0.9992859750372329,0.9871755936139592,1.011678326603585,0.9992859750372329,0.9999285745509189,NA,Restaurant,9XKJD8DQTH559,0.9936255080295238,1.005106304681841,../../model_fits/finalized_redone_trunc/t2_a1_proportion/vegetarian/vegetarian_dishes_count/plots/9XKJD8DQTH559.png,Plant-based,TRUE,TRUE,Plant-based_inner,Plant-based_innerdark,Plant-based_restwash,0.9936255080295238,1.005106304681841
vegetarian,Exposure: Vegetarian,Form: Count,1.0086003660608585,0.9821588151813808,1.0357792966467083,1.0086003660608585,1.0008567261403678,NA,Restaurant,C0BE4NDSW26QN,0.9953833324827684,1.022581738605223,../../model_fits/finalized_redone_trunc/t2_a1_proportion/vegetarian/vegetarian_dishes_count/plots/C0BE4NDSW26QN.png,Plant-based,TRUE,TRUE,Plant-based_inner,Plant-based_innerdark,Plant-based_restwash,0.9953833324827684,1.022581738605223
vegetarian,Exposure: Vegetarian,Form: Count,1.0167892368292548,0.997391795416473,1.0336309022117898,1.0167892368292548,1.0016663724080335,NA,Restaurant,CB2KHY1C2G9PT,1.0068230154704139,1.0255847999983398,../../model_fits/finalized_redone_trunc/t2_a1_proportion/vegetarian/vegetarian_dishes_count/plots/CB2KHY1C2G9PT.png,Plant-based,TRUE,TRUE,Plant-based_inner,Plant-based_innerdark,Plant-based_restwash,1.0068230154704139,1.0255847999983398
vegetarian,Exposure: Vegetarian,Form: Count,1.0319842238753147,0.9997233885140134,1.0636294879085895,1.0319842238753147,1.0031532992212486,NA,Restaurant,ED5J990H5VAZT,1.0153017193865828,1.0491567271309046,../../model_fits/finalized_redone_trunc/t2_a1_proportion/vegetarian/vegetarian_dishes_count/plots/ED5J990H5VAZT.png,Plant-based,TRUE,TRUE,Plant-based_inner,Plant-based_innerdark,Plant-based_restwash,1.0153017193865828,1.0491567271309046
vegetarian,Exposure: Vegetarian,Form: Count,1.0241648653742172,0.9331293051581829,1.1422690049864281,1.0241648653742172,1.002390604448872,NA,Restaurant,EMBVNVD207CC6,0.9728360026811493,1.0857689191058237,../../model_fits/finalized_redone_trunc/t2_a1_proportion/vegetarian/vegetarian_dishes_count/plots/EMBVNVD207CC6.png,Plant-based,TRUE,TRUE,Plant-based_inner,Plant-based_innerdark,Plant-based_restwash,0.9728360026811493,1.0857689191058237
vegetarian,Exposure: Vegetarian,Form: Count,1.03209028464098,1.0107284856938086,1.0528118938578697,1.03209028464098,1.0031636085151578,NA,Restaurant,JHDN7CF1C03X5,1.0223158723726131,1.04308581104108,../../model_fits/finalized_redone_trunc/t2_a1_proportion/vegetarian/vegetarian_dishes_count/plots/JHDN7CF1C03X5.png,Plant-based,TRUE,TRUE,Plant-based_inner,Plant-based_innerdark,Plant-based_restwash,1.0223158723726131,1.04308581104108
vegetarian,Exposure: Vegetarian,Form: Count,1.0093513723936385,0.95959978979158,1.0634733754957524,1.0093513723936385,1.0009312252212141,NA,Restaurant,L69HYJ4Y3TR91,0.984502336677054,1.0344710629119624,../../model_fits/finalized_redone_trunc/t2_a1_proportion/vegetarian/vegetarian_dishes_count/plots/L69HYJ4Y3TR91.png,Plant-based,TRUE,TRUE,Plant-based_inner,Plant-based_innerdark,Plant-based_restwash,0.984502336677054,1.0344710629119624
vegetarian,Exposure: Vegetarian,Form: Count,0.9968154813701315,0.948724582329233,1.0506405108530557,0.9968154813701315,0.9996810908623329,NA,Restaurant,LBZEEFSBJNB3Z,0.9718018684722632,1.022666456245965,../../model_fits/finalized_redone_trunc/t2_a1_proportion/vegetarian/vegetarian_dishes_count/plots/LBZEEFSBJNB3Z.png,Plant-based,TRUE,TRUE,Plant-based_inner,Plant-based_innerdark,Plant-based_restwash,0.9718018684722632,1.022666456245965
vegetarian,Exposure: Vegetarian,Form: Count,1.0017822086143673,0.8656973537412955,1.1675017978218907,1.0017822086143673,1.000178078090521,NA,Restaurant,LFZFT3VASXPED,0.9297503575604951,1.0744701281156357,../../model_fits/finalized_redone_trunc/t2_a1_proportion/vegetarian/vegetarian_dishes_count/plots/LFZFT3VASXPED.png,Plant-based,TRUE,TRUE,Plant-based_inner,Plant-based_innerdark,Plant-based_restwash,0.9297503575604951,1.0744701281156357
vegetarian,Exposure: Vegetarian,Form: Count,1.0233167391651592,0.878660227845395,1.185051295663541,1.0233167391651592,1.0023075640371562,NA,Restaurant,LQ5EH4BKGV61T,0.9551213799058452,1.097246487284608,../../model_fits/finalized_redone_trunc/t2_a1_proportion/vegetarian/vegetarian_dishes_count/plots/LQ5EH4BKGV61T.png,Plant-based,TRUE,TRUE,Plant-based_inner,Plant-based_innerdark,Plant-based_restwash,0.9551213799058452,1.097246487284608
vegetarian,Exposure: Vegetarian,Form: Count,0.9794107423276253,0.9398022564046374,1.0191641257741244,0.9794107423276253,0.997921745417818,NA,Restaurant,S8MT0YGD2KTN9,0.9598305615916036,1.0001709311670675,../../model_fits/finalized_redone_trunc/t2_a1_proportion/vegetarian/vegetarian_dishes_count/plots/S8MT0YGD2KTN9.png,Plant-based,TRUE,TRUE,Plant-based_inner,Plant-based_innerdark,Plant-based_restwash,0.9598305615916036,1.0001709311670675
vegetarian,Exposure: Vegetarian,Form: Count,1.0103520106213666,0.8685579222189571,1.2152379078445479,1.0103520106213666,1.0010304100580478,NA,Restaurant,SAFK7ND1HR6XS,0.9362192164475872,1.101034418964446,../../model_fits/finalized_redone_trunc/t2_a1_proportion/vegetarian/vegetarian_dishes_count/plots/SAFK7ND1HR6XS.png,Plant-based,TRUE,TRUE,Plant-based_inner,Plant-based_innerdark,Plant-based_restwash,0.9362192164475872,1.101034418964446
vegetarian,Exposure: Vegetarian,Form: Count,1.0767662553306692,1.037092474297101,1.123763518368254,1.0767662553306692,1.0074236538489523,NA,Restaurant,SRQS8F7JWA9MZ,1.054184363716633,1.098217656537399,../../model_fits/finalized_redone_trunc/t2_a1_proportion/vegetarian/vegetarian_dishes_count/plots/SRQS8F7JWA9MZ.png,Plant-based,TRUE,TRUE,Plant-based_inner,Plant-based_innerdark,Plant-based_restwash,1.054184363716633,1.098217656537399
vegetarian,Exposure: Vegetarian,Form: Count,1.0114309638136536,0.9521936237299495,1.0803197118837224,1.0114309638136536,1.0011372585886726,NA,Restaurant,V3Q26BHF3SE2H,0.9823665936131949,1.0449263406958182,../../model_fits/finalized_redone_trunc/t2_a1_proportion/vegetarian/vegetarian_dishes_count/plots/V3Q26BHF3SE2H.png,Plant-based,TRUE,TRUE,Plant-based_inner,Plant-based_innerdark,Plant-based_restwash,0.9823665936131949,1.0449263406958182
vegetarian,Exposure: Vegetarian,Form: Count,0.9998837437582807,0.9851306725466783,1.0154424690729973,0.9998837437582807,0.9999883737675852,NA,Restaurant,W8T41JZK0ZMEP,0.9921048939682334,1.0074198508419114,../../model_fits/finalized_redone_trunc/t2_a1_proportion/vegetarian/vegetarian_dishes_count/plots/W8T41JZK0ZMEP.png,Plant-based,TRUE,TRUE,Plant-based_inner,Plant-based_innerdark,Plant-based_restwash,0.9921048939682334,1.0074198508419114
vegetarian,Exposure: Vegetarian,Form: Proportion,1.023029849560686,0.9035023994505916,1.1600063674102787,1.255691792755572,1.023029849560686,NA,Restaurant,1SQPTEGYPH0GA,0.9617040967581151,1.09069470406168,../../model_fits/finalized_redone_trunc/t2_a1_proportion/vegetarian/vegetarian_dishes_prop/plots/1SQPTEGYPH0GA.png,Plant-based,TRUE,TRUE,Plant-based_inner,Plant-based_innerdark,Plant-based_restwash,0.9617040967581151,1.09069470406168
vegetarian,Exposure: Vegetarian,Form: Proportion,0.9772802095209621,0.7696102724050967,1.232166985154797,0.7946777280785093,0.9772802095209621,NA,Restaurant,2HRX9P6HKXA8V,0.8656228540199793,1.0952942541287047,../../model_fits/finalized_redone_trunc/t2_a1_proportion/vegetarian/vegetarian_dishes_prop/plots/2HRX9P6HKXA8V.png,Plant-based,TRUE,TRUE,Plant-based_inner,Plant-based_innerdark,Plant-based_restwash,0.8656228540199793,1.0952942541287047
vegetarian,Exposure: Vegetarian,Form: Proportion,1.0025936869511969,0.9292105817999652,1.085613402315709,1.0262416973791162,1.0025936869511969,NA,Restaurant,78AY09MVJVTYE,0.9649548650966128,1.0440181710068983,../../model_fits/finalized_redone_trunc/t2_a1_proportion/vegetarian/vegetarian_dishes_prop/plots/78AY09MVJVTYE.png,Plant-based,TRUE,TRUE,Plant-based_inner,Plant-based_innerdark,Plant-based_restwash,0.9649548650966128,1.0440181710068983
vegetarian,Exposure: Vegetarian,Form: Proportion,0.9964120820152236,0.8805191326327602,1.125940714713473,0.9646946042604801,0.9964120820152236,NA,Restaurant,9XKJD8DQTH559,0.9376664783460779,1.0609123662586835,../../model_fits/finalized_redone_trunc/t2_a1_proportion/vegetarian/vegetarian_dishes_prop/plots/9XKJD8DQTH559.png,Plant-based,TRUE,TRUE,Plant-based_inner,Plant-based_innerdark,Plant-based_restwash,0.9376664783460779,1.0609123662586835
vegetarian,Exposure: Vegetarian,Form: Proportion,1.0305195216179026,0.9113087085657126,1.166265383925125,1.3507103645219716,1.0305195216179026,NA,Restaurant,C0BE4NDSW26QN,0.966930760607238,1.0994069432557743,../../model_fits/finalized_redone_trunc/t2_a1_proportion/vegetarian/vegetarian_dishes_prop/plots/C0BE4NDSW26QN.png,Plant-based,TRUE,TRUE,Plant-based_inner,Plant-based_innerdark,Plant-based_restwash,0.966930760607238,1.0994069432557743
vegetarian,Exposure: Vegetarian,Form: Proportion,1.0903384269593654,0.9862818212502809,1.2174449420603086,2.374724225106457,1.0903384269593654,NA,Restaurant,CB2KHY1C2G9PT,1.0331426538921022,1.1481252674497187,../../model_fits/finalized_redone_trunc/t2_a1_proportion/vegetarian/vegetarian_dishes_prop/plots/CB2KHY1C2G9PT.png,Plant-based,TRUE,TRUE,Plant-based_inner,Plant-based_innerdark,Plant-based_restwash,1.0331426538921022,1.1481252674497187
vegetarian,Exposure: Vegetarian,Form: Proportion,1.0884887648957344,0.9540633851824032,1.2391063235891275,2.334745286126554,1.0884887648957344,NA,Restaurant,ED5J990H5VAZT,1.0178249307335434,1.15989530461171,../../model_fits/finalized_redone_trunc/t2_a1_proportion/vegetarian/vegetarian_dishes_prop/plots/ED5J990H5VAZT.png,Plant-based,TRUE,TRUE,Plant-based_inner,Plant-based_innerdark,Plant-based_restwash,1.0178249307335434,1.15989530461171
vegetarian,Exposure: Vegetarian,Form: Proportion,1.0194729978475874,0.9029735025898563,1.1530570843539139,1.2127108795678274,1.0194729978475874,NA,Restaurant,EMBVNVD207CC6,0.9599617874999834,1.0868901698741222,../../model_fits/finalized_redone_trunc/t2_a1_proportion/vegetarian/vegetarian_dishes_prop/plots/EMBVNVD207CC6.png,Plant-based,TRUE,TRUE,Plant-based_inner,Plant-based_innerdark,Plant-based_restwash,0.9599617874999834,1.0868901698741222
vegetarian,Exposure: Vegetarian,Form: Proportion,1.2058985121284445,1.053844933469258,1.3953550556251981,6.50290774983107,1.2058985121284445,NA,Restaurant,JHDN7CF1C03X5,1.127401454634045,1.2973866380984398,../../model_fits/finalized_redone_trunc/t2_a1_proportion/vegetarian/vegetarian_dishes_prop/plots/JHDN7CF1C03X5.png,Plant-based,TRUE,TRUE,Plant-based_inner,Plant-based_innerdark,Plant-based_restwash,1.127401454634045,1.2973866380984398
vegetarian,Exposure: Vegetarian,Form: Proportion,1.0676318698855862,0.8274522310292898,1.3690897188060123,1.9240453064169079,1.0676318698855862,NA,Restaurant,L69HYJ4Y3TR91,0.9364637228447226,1.215453114238844,../../model_fits/finalized_redone_trunc/t2_a1_proportion/vegetarian/vegetarian_dishes_prop/plots/L69HYJ4Y3TR91.png,Plant-based,TRUE,TRUE,Plant-based_inner,Plant-based_innerdark,Plant-based_restwash,0.9364637228447226,1.215453114238844
vegetarian,Exposure: Vegetarian,Form: Proportion,1.0093109128501263,0.880127877424069,1.1569105948777378,1.0971087770092094,1.0093109128501263,NA,Restaurant,LBZEEFSBJNB3Z,0.9430029038679959,1.080787218102622,../../model_fits/finalized_redone_trunc/t2_a1_proportion/vegetarian/vegetarian_dishes_prop/plots/LBZEEFSBJNB3Z.png,Plant-based,TRUE,TRUE,Plant-based_inner,Plant-based_innerdark,Plant-based_restwash,0.9430029038679959,1.080787218102622
vegetarian,Exposure: Vegetarian,Form: Proportion,1.0782310078223645,0.7796931333422213,1.4879848319842892,2.1238222745575257,1.0782310078223645,NA,Restaurant,LFZFT3VASXPED,0.9154251133938381,1.2704353867851848,../../model_fits/finalized_redone_trunc/t2_a1_proportion/vegetarian/vegetarian_dishes_prop/plots/LFZFT3VASXPED.png,Plant-based,TRUE,TRUE,Plant-based_inner,Plant-based_innerdark,Plant-based_restwash,0.9154251133938381,1.2704353867851848
vegetarian,Exposure: Vegetarian,Form: Proportion,1.0345078925891025,0.8127008722494172,1.3243821529151516,1.403906173669765,1.0345078925891025,NA,Restaurant,LQ5EH4BKGV61T,0.9185256075555093,1.1659316017314219,../../model_fits/finalized_redone_trunc/t2_a1_proportion/vegetarian/vegetarian_dishes_prop/plots/LQ5EH4BKGV61T.png,Plant-based,TRUE,TRUE,Plant-based_inner,Plant-based_innerdark,Plant-based_restwash,0.9185256075555093,1.1659316017314219
vegetarian,Exposure: Vegetarian,Form: Proportion,0.9700055673161441,0.8528161534817162,1.09871509187465,0.7374664524545514,0.9700055673161441,NA,Restaurant,S8MT0YGD2KTN9,0.911011316550712,1.0337819138480897,../../model_fits/finalized_redone_trunc/t2_a1_proportion/vegetarian/vegetarian_dishes_prop/plots/S8MT0YGD2KTN9.png,Plant-based,TRUE,TRUE,Plant-based_inner,Plant-based_innerdark,Plant-based_restwash,0.911011316550712,1.0337819138480897
vegetarian,Exposure: Vegetarian,Form: Proportion,1.0258893295551736,0.7654639807305706,1.363557374020118,1.291234516130815,1.0258893295551736,NA,Restaurant,SAFK7ND1HR6XS,0.8839315601379987,1.187222332639959,../../model_fits/finalized_redone_trunc/t2_a1_proportion/vegetarian/vegetarian_dishes_prop/plots/SAFK7ND1HR6XS.png,Plant-based,TRUE,TRUE,Plant-based_inner,Plant-based_innerdark,Plant-based_restwash,0.8839315601379987,1.187222332639959
vegetarian,Exposure: Vegetarian,Form: Proportion,1.1057371509651945,1.0413945121783912,1.178058378291505,2.7322410639870367,1.1057371509651945,NA,Restaurant,SRQS8F7JWA9MZ,1.0721805528579762,1.140972614183647,../../model_fits/finalized_redone_trunc/t2_a1_proportion/vegetarian/vegetarian_dishes_prop/plots/SRQS8F7JWA9MZ.png,Plant-based,TRUE,TRUE,Plant-based_inner,Plant-based_innerdark,Plant-based_restwash,1.0721805528579762,1.140972614183647
vegetarian,Exposure: Vegetarian,Form: Proportion,1.0949335412454015,0.9969761622844656,1.2027310074375965,2.476723915325855,1.0949335412454015,NA,Restaurant,V3Q26BHF3SE2H,1.0429843168829545,1.1456636714401216,../../model_fits/finalized_redone_trunc/t2_a1_proportion/vegetarian/vegetarian_dishes_prop/plots/V3Q26BHF3SE2H.png,Plant-based,TRUE,TRUE,Plant-based_inner,Plant-based_innerdark,Plant-based_restwash,1.0429843168829545,1.1456636714401216
vegetarian,Exposure: Vegetarian,Form: Proportion,1.0182814414525572,0.8629895598332366,1.193648502274065,1.198611076263499,1.0182814414525572,NA,Restaurant,W8T41JZK0ZMEP,0.9366038874906505,1.1043997388824733,../../model_fits/finalized_redone_trunc/t2_a1_proportion/vegetarian/vegetarian_dishes_prop/plots/W8T41JZK0ZMEP.png,Plant-based,TRUE,TRUE,Plant-based_inner,Plant-based_innerdark,Plant-based_restwash,0.9366038874906505,1.1043997388824733
vegan,Exposure: Alt-Protein-Modifiable,Form: Count,1.02976401567864,0.9369359952885813,1.1356339859882718,1.02976401567864,1.0029372718543694,NA,Restaurant,1SQPTEGYPH0GA,0.982537868675814,1.0813273787659936,../../model_fits/finalized_redone_trunc/t2_a1_proportion/vegan/mpbamod_dishes_count/plots/1SQPTEGYPH0GA.png,Plant-based,TRUE,TRUE,Plant-based_inner,Plant-based_innerdark,Plant-based_restwash,0.982537868675814,1.0813273787659936
vegan,Exposure: Alt-Protein-Modifiable,Form: Count,0.9817682710519712,0.7942033776285832,1.1894264944294337,0.9817682710519712,0.998161694257631,NA,Restaurant,2HRX9P6HKXA8V,0.8858444439942967,1.0861046859843737,../../model_fits/finalized_redone_trunc/t2_a1_proportion/vegan/mpbamod_dishes_count/plots/2HRX9P6HKXA8V.png,Plant-based,TRUE,TRUE,Plant-based_inner,Plant-based_innerdark,Plant-based_restwash,0.8858444439942967,1.0861046859843737
vegan,Exposure: Alt-Protein-Modifiable,Form: Count,1.0214000814756448,0.8780565423839443,1.1668237638608567,1.0214000814756448,1.002119674841173,NA,Restaurant,78AY09MVJVTYE,0.9518656089738995,1.0949084924088244,../../model_fits/finalized_redone_trunc/t2_a1_proportion/vegan/mpbamod_dishes_count/plots/78AY09MVJVTYE.png,Plant-based,TRUE,TRUE,Plant-based_inner,Plant-based_innerdark,Plant-based_restwash,0.9518656089738995,1.0949084924088244
vegan,Exposure: Alt-Protein-Modifiable,Form: Count,0.9630451885679018,0.93925599145077,0.9925927792124429,0.9630451885679018,0.9962415862337625,NA,Restaurant,9XKJD8DQTH559,0.9505106848716529,0.9776371480245264,../../model_fits/finalized_redone_trunc/t2_a1_proportion/vegan/mpbamod_dishes_count/plots/9XKJD8DQTH559.png,Plant-based,TRUE,TRUE,Plant-based_inner,Plant-based_innerdark,Plant-based_restwash,0.9505106848716529,0.9776371480245264
vegan,Exposure: Alt-Protein-Modifiable,Form: Count,1.1251349398537056,0.9296153537345757,1.3590223768748182,1.1251349398537056,1.0118600770283759,NA,Restaurant,C0BE4NDSW26QN,1.0248879872427337,1.2300914003559358,../../model_fits/finalized_redone_trunc/t2_a1_proportion/vegan/mpbamod_dishes_count/plots/C0BE4NDSW26QN.png,Plant-based,TRUE,TRUE,Plant-based_inner,Plant-based_innerdark,Plant-based_restwash,1.0248879872427337,1.2300914003559358
vegan,Exposure: Alt-Protein-Modifiable,Form: Count,0.9928233177621054,0.8634706877771563,1.1365972369789006,0.9928233177621054,0.9992800034719816,NA,Restaurant,CB2KHY1C2G9PT,0.9287743525437844,1.0628087692590031,../../model_fits/finalized_redone_trunc/t2_a1_proportion/vegan/mpbamod_dishes_count/plots/CB2KHY1C2G9PT.png,Plant-based,TRUE,TRUE,Plant-based_inner,Plant-based_innerdark,Plant-based_restwash,0.9287743525437844,1.0628087692590031
vegan,Exposure: Alt-Protein-Modifiable,Form: Count,1.0220864434635963,0.9957804184318587,1.0486990795740085,1.0220864434635963,1.0021869950776832,NA,Restaurant,ED5J990H5VAZT,1.0090371468053965,1.035468802497787,../../model_fits/finalized_redone_trunc/t2_a1_proportion/vegan/mpbamod_dishes_count/plots/ED5J990H5VAZT.png,Plant-based,TRUE,TRUE,Plant-based_inner,Plant-based_innerdark,Plant-based_restwash,1.0090371468053965,1.035468802497787
vegan,Exposure: Alt-Protein-Modifiable,Form: Count,1.0631764483428117,0.8892116309384184,1.259261329625691,1.0631764483428117,1.006144910624208,NA,Restaurant,EMBVNVD207CC6,0.9776302854659937,1.1637029040729545,../../model_fits/finalized_redone_trunc/t2_a1_proportion/vegan/mpbamod_dishes_count/plots/EMBVNVD207CC6.png,Plant-based,TRUE,TRUE,Plant-based_inner,Plant-based_innerdark,Plant-based_restwash,0.9776302854659937,1.1637029040729545
vegan,Exposure: Alt-Protein-Modifiable,Form: Count,0.9931023145442238,0.9446503632773284,1.0472769861527327,0.9931023145442238,0.9993080810413991,NA,Restaurant,JHDN7CF1C03X5,0.9680515379296359,1.019711895485739,../../model_fits/finalized_redone_trunc/t2_a1_proportion/vegan/mpbamod_dishes_count/plots/JHDN7CF1C03X5.png,Plant-based,TRUE,TRUE,Plant-based_inner,Plant-based_innerdark,Plant-based_restwash,0.9680515379296359,1.019711895485739
vegan,Exposure: Alt-Protein-Modifiable,Form: Count,1.098804480543062,0.8791361224336631,1.397381405157782,1.098804480543062,1.0094668046719697,NA,Restaurant,L69HYJ4Y3TR91,0.9826980656687416,1.2374762885432413,../../model_fits/finalized_redone_trunc/t2_a1_proportion/vegan/mpbamod_dishes_count/plots/L69HYJ4Y3TR91.png,Plant-based,TRUE,TRUE,Plant-based_inner,Plant-based_innerdark,Plant-based_restwash,0.9826980656687416,1.2374762885432413
vegan,Exposure: Alt-Protein-Modifiable,Form: Count,1.0091472716011718,0.8771542359490985,1.150364539768917,1.0091472716011718,1.000910983563693,NA,Restaurant,LBZEEFSBJNB3Z,0.9429097635674308,1.077997053374243,../../model_fits/finalized_redone_trunc/t2_a1_proportion/vegan/mpbamod_dishes_count/plots/LBZEEFSBJNB3Z.png,Plant-based,TRUE,TRUE,Plant-based_inner,Plant-based_innerdark,Plant-based_restwash,0.9429097635674308,1.077997053374243
vegan,Exposure: Alt-Protein-Modifiable,Form: Count,1.004035412437892,0.7331994293994837,1.4890486908587826,1.004035412437892,1.0004028103062919,NA,Restaurant,LFZFT3VASXPED,0.8707939915196645,1.1974121350050846,../../model_fits/finalized_redone_trunc/t2_a1_proportion/vegan/mpbamod_dishes_count/plots/LFZFT3VASXPED.png,Plant-based,TRUE,TRUE,Plant-based_inner,Plant-based_innerdark,Plant-based_restwash,0.8707939915196645,1.1974121350050846
vegan,Exposure: Alt-Protein-Modifiable,Form: Count,1.135871800774659,0.8936150837174408,1.5450127603626445,1.135871800774659,1.0128215463765922,NA,Restaurant,LQ5EH4BKGV61T,1.0090098565943275,1.3190616030448212,../../model_fits/finalized_redone_trunc/t2_a1_proportion/vegan/mpbamod_dishes_count/plots/LQ5EH4BKGV61T.png,Plant-based,TRUE,TRUE,Plant-based_inner,Plant-based_innerdark,Plant-based_restwash,1.0090098565943275,1.3190616030448212
vegan,Exposure: Alt-Protein-Modifiable,Form: Count,1.0282061562227351,0.851782536037112,1.2435434969777162,1.0282061562227351,1.0027854409518813,NA,Restaurant,S8MT0YGD2KTN9,0.9366030523775326,1.1230899926094147,../../model_fits/finalized_redone_trunc/t2_a1_proportion/vegan/mpbamod_dishes_count/plots/S8MT0YGD2KTN9.png,Plant-based,TRUE,TRUE,Plant-based_inner,Plant-based_innerdark,Plant-based_restwash,0.9366030523775326,1.1230899926094147
vegan,Exposure: Alt-Protein-Modifiable,Form: Count,0.9935972659175457,0.7878258199341936,1.3196610517861054,0.9935972659175457,0.9993578743010041,NA,Restaurant,SAFK7ND1HR6XS,0.8858295847020107,1.1487295567422933,../../model_fits/finalized_redone_trunc/t2_a1_proportion/vegan/mpbamod_dishes_count/plots/SAFK7ND1HR6XS.png,Plant-based,TRUE,TRUE,Plant-based_inner,Plant-based_innerdark,Plant-based_restwash,0.8858295847020107,1.1487295567422933
vegan,Exposure: Alt-Protein-Modifiable,Form: Count,0.9829287781700375,0.8845008903667149,1.101107438079597,0.9829287781700375,0.9982796200530475,NA,Restaurant,SRQS8F7JWA9MZ,0.9312227930797319,1.0400305439659046,../../model_fits/finalized_redone_trunc/t2_a1_proportion/vegan/mpbamod_dishes_count/plots/SRQS8F7JWA9MZ.png,Plant-based,TRUE,TRUE,Plant-based_inner,Plant-based_innerdark,Plant-based_restwash,0.9312227930797319,1.0400305439659046
vegan,Exposure: Alt-Protein-Modifiable,Form: Count,1.034166274274418,0.9692958346879897,1.1013928871032996,1.034166274274418,1.0033652066366052,NA,Restaurant,V3Q26BHF3SE2H,1.0014106170656074,1.067810692485974,../../model_fits/finalized_redone_trunc/t2_a1_proportion/vegan/mpbamod_dishes_count/plots/V3Q26BHF3SE2H.png,Plant-based,TRUE,TRUE,Plant-based_inner,Plant-based_innerdark,Plant-based_restwash,1.0014106170656074,1.067810692485974
vegan,Exposure: Alt-Protein-Modifiable,Form: Count,0.9816887579144411,0.9550675693101034,1.0141767617405957,0.9816887579144411,0.9981536098793596,NA,Restaurant,W8T41JZK0ZMEP,0.966434906420089,0.9990157634228718,../../model_fits/finalized_redone_trunc/t2_a1_proportion/vegan/mpbamod_dishes_count/plots/W8T41JZK0ZMEP.png,Plant-based,TRUE,TRUE,Plant-based_inner,Plant-based_innerdark,Plant-based_restwash,0.966434906420089,0.9990157634228718
vegan,Exposure: Alt-Protein-Modifiable,Form: Proportion,1.067204256878024,0.7432444129393452,1.5338785067266776,1.916352903080913,1.067204256878024,NA,Restaurant,1SQPTEGYPH0GA,0.8954000347193791,1.274826016433532,../../model_fits/finalized_redone_trunc/t2_a1_proportion/vegan/mpbamod_dishes_prop/plots/1SQPTEGYPH0GA.png,Plant-based,TRUE,TRUE,Plant-based_inner,Plant-based_innerdark,Plant-based_restwash,0.8954000347193791,1.274826016433532
vegan,Exposure: Alt-Protein-Modifiable,Form: Proportion,0.9764861569073888,0.6276962809881025,1.5630036485318206,0.7882444275312263,0.9764861569073888,NA,Restaurant,2HRX9P6HKXA8V,0.7879529974573724,1.23821605893533,../../model_fits/finalized_redone_trunc/t2_a1_proportion/vegan/mpbamod_dishes_prop/plots/2HRX9P6HKXA8V.png,Plant-based,TRUE,TRUE,Plant-based_inner,Plant-based_innerdark,Plant-based_restwash,0.7879529974573724,1.23821605893533
vegan,Exposure: Alt-Protein-Modifiable,Form: Proportion,0.9202918371015829,0.6148501465579266,1.3273972582850941,0.435768364888597,0.9202918371015829,NA,Restaurant,78AY09MVJVTYE,0.753089897287619,1.0970516132068242,../../model_fits/finalized_redone_trunc/t2_a1_proportion/vegan/mpbamod_dishes_prop/plots/78AY09MVJVTYE.png,Plant-based,TRUE,TRUE,Plant-based_inner,Plant-based_innerdark,Plant-based_restwash,0.753089897287619,1.0970516132068242
vegan,Exposure: Alt-Protein-Modifiable,Form: Proportion,0.9315757162731734,0.8016741052742947,1.0744793846012302,0.49224531452241305,0.9315757162731734,NA,Restaurant,9XKJD8DQTH559,0.8648895651393022,1.006038676544693,../../model_fits/finalized_redone_trunc/t2_a1_proportion/vegan/mpbamod_dishes_prop/plots/9XKJD8DQTH559.png,Plant-based,TRUE,TRUE,Plant-based_inner,Plant-based_innerdark,Plant-based_restwash,0.8648895651393022,1.006038676544693
vegan,Exposure: Alt-Protein-Modifiable,Form: Proportion,1.0709381231928587,0.6624436185955687,1.6632215925315985,1.9844665748697636,1.0709381231928587,NA,Restaurant,C0BE4NDSW26QN,0.8389092127915702,1.3504123199450544,../../model_fits/finalized_redone_trunc/t2_a1_proportion/vegan/mpbamod_dishes_prop/plots/C0BE4NDSW26QN.png,Plant-based,TRUE,TRUE,Plant-based_inner,Plant-based_innerdark,Plant-based_restwash,0.8389092127915702,1.3504123199450544
vegan,Exposure: Alt-Protein-Modifiable,Form: Proportion,0.6415352770077462,0.505260402546957,0.7977289411328828,0.011808790703425335,0.6415352770077462,NA,Restaurant,CB2KHY1C2G9PT,0.5718076451851757,0.7186438030969137,../../model_fits/finalized_redone_trunc/t2_a1_proportion/vegan/mpbamod_dishes_prop/plots/CB2KHY1C2G9PT.png,Plant-based,TRUE,TRUE,Plant-based_inner,Plant-based_innerdark,Plant-based_restwash,0.5718076451851757,0.7186438030969137
vegan,Exposure: Alt-Protein-Modifiable,Form: Proportion,1.0556291387126773,0.9991550896129616,1.1181880210834305,1.7183581861103268,1.0556291387126773,NA,Restaurant,ED5J990H5VAZT,1.0271570895407396,1.087515324004451,../../model_fits/finalized_redone_trunc/t2_a1_proportion/vegan/mpbamod_dishes_prop/plots/ED5J990H5VAZT.png,Plant-based,TRUE,TRUE,Plant-based_inner,Plant-based_innerdark,Plant-based_restwash,1.0271570895407396,1.087515324004451
vegan,Exposure: Alt-Protein-Modifiable,Form: Proportion,1.1559335316217778,0.9593555752096795,1.37379295815603,4.259205753251789,1.1559335316217778,NA,Restaurant,EMBVNVD207CC6,1.0514795751298809,1.2623180237319407,../../model_fits/finalized_redone_trunc/t2_a1_proportion/vegan/mpbamod_dishes_prop/plots/EMBVNVD207CC6.png,Plant-based,TRUE,TRUE,Plant-based_inner,Plant-based_innerdark,Plant-based_restwash,1.0514795751298809,1.2623180237319407
vegan,Exposure: Alt-Protein-Modifiable,Form: Proportion,0.8803630563561052,0.725356810540582,1.0833848246606665,0.27965210639172905,0.8803630563561052,NA,Restaurant,JHDN7CF1C03X5,0.7966167274330282,0.9791133090575684,../../model_fits/finalized_redone_trunc/t2_a1_proportion/vegan/mpbamod_dishes_prop/plots/JHDN7CF1C03X5.png,Plant-based,TRUE,TRUE,Plant-based_inner,Plant-based_innerdark,Plant-based_restwash,0.7966167274330282,0.9791133090575684
vegan,Exposure: Alt-Protein-Modifiable,Form: Proportion,1.1527426776345888,0.6227435501119162,2.2155173108050805,4.14308384234467,1.1527426776345888,NA,Restaurant,L69HYJ4Y3TR91,0.829768440554019,1.5804456618471565,../../model_fits/finalized_redone_trunc/t2_a1_proportion/vegan/mpbamod_dishes_prop/plots/L69HYJ4Y3TR91.png,Plant-based,TRUE,FALSE,Plant-based_inner,Plant-based_innerdark,Plant-based_restwash,0.829768440554019,1.5804456618471565
vegan,Exposure: Alt-Protein-Modifiable,Form: Proportion,1.469622896665728,0.9668079954476069,2.2981363709819504,46.99580535681956,1.469622896665728,NA,Restaurant,LBZEEFSBJNB3Z,1.1909869753271818,1.824575657573055,../../model_fits/finalized_redone_trunc/t2_a1_proportion/vegan/mpbamod_dishes_prop/plots/LBZEEFSBJNB3Z.png,Plant-based,TRUE,FALSE,Plant-based_inner,Plant-based_innerdark,Plant-based_restwash,1.1909869753271818,1.824575657573055
vegan,Exposure: Alt-Protein-Modifiable,Form: Proportion,1.1119173093855044,0.44921690676550396,2.911433330193714,2.888849453845066,1.1119173093855044,NA,Restaurant,LFZFT3VASXPED,0.7155865807277471,1.7412005900997354,../../model_fits/finalized_redone_trunc/t2_a1_proportion/vegan/mpbamod_dishes_prop/plots/LFZFT3VASXPED.png,Plant-based,TRUE,FALSE,Plant-based_inner,Plant-based_innerdark,Plant-based_restwash,0.7155865807277471,1.7412005900997354
vegan,Exposure: Alt-Protein-Modifiable,Form: Proportion,1.226229059633318,0.7209149990728279,2.097123284796919,7.6862771456881855,1.226229059633318,NA,Restaurant,LQ5EH4BKGV61T,0.9355427354280955,1.607332351441234,../../model_fits/finalized_redone_trunc/t2_a1_proportion/vegan/mpbamod_dishes_prop/plots/LQ5EH4BKGV61T.png,Plant-based,TRUE,FALSE,Plant-based_inner,Plant-based_innerdark,Plant-based_restwash,0.9355427354280955,1.607332351441234
vegan,Exposure: Alt-Protein-Modifiable,Form: Proportion,1.3923772386856932,0.8908185177855914,2.1248053060572327,27.388557043108296,1.3923772386856932,NA,Restaurant,S8MT0YGD2KTN9,1.1233456719864094,1.73164341351259,../../model_fits/finalized_redone_trunc/t2_a1_proportion/vegan/mpbamod_dishes_prop/plots/S8MT0YGD2KTN9.png,Plant-based,TRUE,FALSE,Plant-based_inner,Plant-based_innerdark,Plant-based_restwash,1.1233456719864094,1.73164341351259
vegan,Exposure: Alt-Protein-Modifiable,Form: Proportion,0.9693353582697155,0.6128746184920133,1.5421928688964515,0.7323868653893139,0.9693353582697155,NA,Restaurant,SAFK7ND1HR6XS,0.768740992041235,1.2399474143804383,../../model_fits/finalized_redone_trunc/t2_a1_proportion/vegan/mpbamod_dishes_prop/plots/SAFK7ND1HR6XS.png,Plant-based,TRUE,TRUE,Plant-based_inner,Plant-based_innerdark,Plant-based_restwash,0.768740992041235,1.2399474143804383
vegan,Exposure: Alt-Protein-Modifiable,Form: Proportion,0.9776947849332778,0.872680799120697,1.1006301041400943,0.798055300548844,0.9776947849332778,NA,Restaurant,SRQS8F7JWA9MZ,0.9225058738967276,1.0366591824548053,../../model_fits/finalized_redone_trunc/t2_a1_proportion/vegan/mpbamod_dishes_prop/plots/SRQS8F7JWA9MZ.png,Plant-based,TRUE,TRUE,Plant-based_inner,Plant-based_innerdark,Plant-based_restwash,0.9225058738967276,1.0366591824548053
vegan,Exposure: Alt-Protein-Modifiable,Form: Proportion,1.0207770132633727,0.909796006188044,1.1398716490326675,1.228312345013912,1.0207770132633727,NA,Restaurant,V3Q26BHF3SE2H,0.961744719073844,1.078482696634039,../../model_fits/finalized_redone_trunc/t2_a1_proportion/vegan/mpbamod_dishes_prop/plots/V3Q26BHF3SE2H.png,Plant-based,TRUE,TRUE,Plant-based_inner,Plant-based_innerdark,Plant-based_restwash,0.961744719073844,1.078482696634039
vegan,Exposure: Alt-Protein-Modifiable,Form: Proportion,1.0048034718594883,0.8618272516675485,1.1660483433699629,1.0490864312850592,1.0048034718594883,NA,Restaurant,W8T41JZK0ZMEP,0.9320494460519825,1.0842591927687406,../../model_fits/finalized_redone_trunc/t2_a1_proportion/vegan/mpbamod_dishes_prop/plots/W8T41JZK0ZMEP.png,Plant-based,TRUE,TRUE,Plant-based_inner,Plant-based_innerdark,Plant-based_restwash,0.9320494460519825,1.0842591927687406
vegan,Exposure: Vegan,Form: Count,1.0325891593435863,0.9767878505742931,1.0898073246610196,1.0325891593435863,1.0032120872318289,NA,Restaurant,1SQPTEGYPH0GA,1.0032779150522309,1.0610654716277725,../../model_fits/finalized_redone_trunc/t2_a1_proportion/vegan/vegan_dishes_count/plots/1SQPTEGYPH0GA.png,Plant-based,TRUE,TRUE,Plant-based_inner,Plant-based_innerdark,Plant-based_restwash,1.0032779150522309,1.0610654716277725
vegan,Exposure: Vegan,Form: Count,0.9806256315176434,0.8596979390021702,1.1178684463549422,0.9806256315176434,0.9980454614530431,NA,Restaurant,2HRX9P6HKXA8V,0.9198608882721782,1.0487534577771565,../../model_fits/finalized_redone_trunc/t2_a1_proportion/vegan/vegan_dishes_count/plots/2HRX9P6HKXA8V.png,Plant-based,TRUE,TRUE,Plant-based_inner,Plant-based_innerdark,Plant-based_restwash,0.9198608882721782,1.0487534577771565
vegan,Exposure: Vegan,Form: Count,1.0668426917091254,1.008396244945598,1.1347345298976392,1.0668426917091254,1.0064913310551387,NA,Restaurant,78AY09MVJVTYE,1.0361873283062872,1.1017881510900323,../../model_fits/finalized_redone_trunc/t2_a1_proportion/vegan/vegan_dishes_count/plots/78AY09MVJVTYE.png,Plant-based,TRUE,TRUE,Plant-based_inner,Plant-based_innerdark,Plant-based_restwash,1.0361873283062872,1.1017881510900323
vegan,Exposure: Vegan,Form: Count,1.0024738980482286,0.9793990628751916,1.0268849989519548,1.0024738980482286,1.00024711482784,NA,Restaurant,9XKJD8DQTH559,0.9908322508339525,1.0144909398618103,../../model_fits/finalized_redone_trunc/t2_a1_proportion/vegan/vegan_dishes_count/plots/9XKJD8DQTH559.png,Plant-based,TRUE,TRUE,Plant-based_inner,Plant-based_innerdark,Plant-based_restwash,0.9908322508339525,1.0144909398618103
vegan,Exposure: Vegan,Form: Count,1.032928976835146,0.9800520352580835,1.0847349666935049,1.032928976835146,1.0032450973149418,NA,Restaurant,C0BE4NDSW26QN,1.0069002485236604,1.059282965596891,../../model_fits/finalized_redone_trunc/t2_a1_proportion/vegan/vegan_dishes_count/plots/C0BE4NDSW26QN.png,Plant-based,TRUE,TRUE,Plant-based_inner,Plant-based_innerdark,Plant-based_restwash,1.0069002485236604,1.059282965596891
vegan,Exposure: Vegan,Form: Count,1.1808437997968249,1.1163403960964289,1.2549700357471147,1.1808437997968249,1.0167618563347565,NA,Restaurant,CB2KHY1C2G9PT,1.1465776021076632,1.2174789439400941,../../model_fits/finalized_redone_trunc/t2_a1_proportion/vegan/vegan_dishes_count/plots/CB2KHY1C2G9PT.png,Plant-based,TRUE,TRUE,Plant-based_inner,Plant-based_innerdark,Plant-based_restwash,1.1465776021076632,1.2174789439400941
vegan,Exposure: Vegan,Form: Count,1.1146682589085601,0.995039015783097,1.2629547540017396,1.1146682589085601,1.0109148202282707,NA,Restaurant,ED5J990H5VAZT,1.0532073822838064,1.1874340797543352,../../model_fits/finalized_redone_trunc/t2_a1_proportion/vegan/vegan_dishes_count/plots/ED5J990H5VAZT.png,Plant-based,TRUE,TRUE,Plant-based_inner,Plant-based_innerdark,Plant-based_restwash,1.0532073822838064,1.1874340797543352
vegan,Exposure: Vegan,Form: Count,1.0457032703038638,0.8731360306689666,1.2898248548865063,1.0457032703038638,1.0044789652139132,NA,Restaurant,EMBVNVD207CC6,0.9545931635709913,1.1659903456435703,../../model_fits/finalized_redone_trunc/t2_a1_proportion/vegan/vegan_dishes_count/plots/EMBVNVD207CC6.png,Plant-based,TRUE,TRUE,Plant-based_inner,Plant-based_innerdark,Plant-based_restwash,0.9545931635709913,1.1659903456435703
vegan,Exposure: Vegan,Form: Count,1.0223004874012374,0.9920495310398794,1.0525915204595588,1.0223004874012374,1.0022079807623543,NA,Restaurant,JHDN7CF1C03X5,1.0068352483275742,1.0371924044106091,../../model_fits/finalized_redone_trunc/t2_a1_proportion/vegan/vegan_dishes_count/plots/JHDN7CF1C03X5.png,Plant-based,TRUE,TRUE,Plant-based_inner,Plant-based_innerdark,Plant-based_restwash,1.0068352483275742,1.0371924044106091
vegan,Exposure: Vegan,Form: Count,1.0922528034277066,0.9942753642816603,1.2041381723920013,1.0922528034277066,1.0088632838892584,NA,Restaurant,L69HYJ4Y3TR91,1.0398845327630055,1.1481960681664551,../../model_fits/finalized_redone_trunc/t2_a1_proportion/vegan/vegan_dishes_count/plots/L69HYJ4Y3TR91.png,Plant-based,TRUE,TRUE,Plant-based_inner,Plant-based_innerdark,Plant-based_restwash,1.0398845327630055,1.1481960681664551
vegan,Exposure: Vegan,Form: Count,0.8727125323350268,0.7912044095072672,0.9638324750902261,0.8727125323350268,0.9864773571938896,NA,Restaurant,LBZEEFSBJNB3Z,0.8312398128709589,0.9186299877551313,../../model_fits/finalized_redone_trunc/t2_a1_proportion/vegan/vegan_dishes_count/plots/LBZEEFSBJNB3Z.png,Plant-based,TRUE,TRUE,Plant-based_inner,Plant-based_innerdark,Plant-based_restwash,0.8312398128709589,0.9186299877551313
vegan,Exposure: Vegan,Form: Count,1.0569563765144956,0.8201131388574521,1.3663239331916963,1.0569563765144956,1.0055547140309833,NA,Restaurant,LFZFT3VASXPED,0.9314606136038764,1.2081208216580344,../../model_fits/finalized_redone_trunc/t2_a1_proportion/vegan/vegan_dishes_count/plots/LFZFT3VASXPED.png,Plant-based,TRUE,TRUE,Plant-based_inner,Plant-based_innerdark,Plant-based_restwash,0.9314606136038764,1.2081208216580344
vegan,Exposure: Vegan,Form: Count,1.1651178258823627,0.8667380990988918,1.5778185940425895,1.1651178258823627,1.0153995922853452,NA,Restaurant,LQ5EH4BKGV61T,1.0051263341171928,1.3499360917967795,../../model_fits/finalized_redone_trunc/t2_a1_proportion/vegan/vegan_dishes_count/plots/LQ5EH4BKGV61T.png,Plant-based,TRUE,TRUE,Plant-based_inner,Plant-based_innerdark,Plant-based_restwash,1.0051263341171928,1.3499360917967795
vegan,Exposure: Vegan,Form: Count,0.9592526186170552,0.7864678830523486,1.1433537782200758,0.9592526186170552,0.9958485591543336,NA,Restaurant,S8MT0YGD2KTN9,0.8705578904132669,1.0531433541250237,../../model_fits/finalized_redone_trunc/t2_a1_proportion/vegan/vegan_dishes_count/plots/S8MT0YGD2KTN9.png,Plant-based,TRUE,TRUE,Plant-based_inner,Plant-based_innerdark,Plant-based_restwash,0.8705578904132669,1.0531433541250237
vegan,Exposure: Vegan,Form: Count,0.9737719615207795,0.7141687280605278,1.3371799588801514,0.9737719615207795,0.9973457160075329,NA,Restaurant,SAFK7ND1HR6XS,0.8329911875857544,1.1288548621008005,../../model_fits/finalized_redone_trunc/t2_a1_proportion/vegan/vegan_dishes_count/plots/SAFK7ND1HR6XS.png,Plant-based,TRUE,TRUE,Plant-based_inner,Plant-based_innerdark,Plant-based_restwash,0.8329911875857544,1.1288548621008005
vegan,Exposure: Vegan,Form: Count,1.1381356739556665,1.0057150705592992,1.3047509856849995,1.1381356739556665,1.0130232280862945,NA,Restaurant,V3Q26BHF3SE2H,1.0698143149665327,1.2140841852755044,../../model_fits/finalized_redone_trunc/t2_a1_proportion/vegan/vegan_dishes_count/plots/V3Q26BHF3SE2H.png,Plant-based,TRUE,TRUE,Plant-based_inner,Plant-based_innerdark,Plant-based_restwash,1.0698143149665327,1.2140841852755044
vegan,Exposure: Vegan,Form: Count,0.9918314836306978,0.9719971871057606,1.0128400410213754,0.9918314836306978,0.9991801301271191,NA,Restaurant,W8T41JZK0ZMEP,0.9817382885424293,1.0022688079384547,../../model_fits/finalized_redone_trunc/t2_a1_proportion/vegan/vegan_dishes_count/plots/W8T41JZK0ZMEP.png,Plant-based,TRUE,TRUE,Plant-based_inner,Plant-based_innerdark,Plant-based_restwash,0.9817382885424293,1.0022688079384547
vegan,Exposure: Vegan,Form: Proportion,1.091097886891681,0.8762177082706117,1.3649970828112172,2.391316975612356,1.091097886891681,NA,Restaurant,1SQPTEGYPH0GA,0.9759819090483028,1.2221502517542198,../../model_fits/finalized_redone_trunc/t2_a1_proportion/vegan/vegan_dishes_prop/plots/1SQPTEGYPH0GA.png,Plant-based,TRUE,TRUE,Plant-based_inner,Plant-based_innerdark,Plant-based_restwash,0.9759819090483028,1.2221502517542198
vegan,Exposure: Vegan,Form: Proportion,0.9797501806682644,0.7795206597397928,1.2378089408744388,0.8149923314902161,0.9797501806682644,NA,Restaurant,2HRX9P6HKXA8V,0.8716377818266925,1.1071976634104694,../../model_fits/finalized_redone_trunc/t2_a1_proportion/vegan/vegan_dishes_prop/plots/2HRX9P6HKXA8V.png,Plant-based,TRUE,TRUE,Plant-based_inner,Plant-based_innerdark,Plant-based_restwash,0.8716377818266925,1.1071976634104694
vegan,Exposure: Vegan,Form: Proportion,1.1324166398279842,0.983749374852183,1.3066109284062744,3.4678669200708003,1.1324166398279842,NA,Restaurant,78AY09MVJVTYE,1.054507414240143,1.2160688830200281,../../model_fits/finalized_redone_trunc/t2_a1_proportion/vegan/vegan_dishes_prop/plots/78AY09MVJVTYE.png,Plant-based,TRUE,TRUE,Plant-based_inner,Plant-based_innerdark,Plant-based_restwash,1.054507414240143,1.2160688830200281
vegan,Exposure: Vegan,Form: Proportion,1.056439117694128,0.893591504341363,1.2535508785716118,1.7315886812852148,1.056439117694128,NA,Restaurant,9XKJD8DQTH559,0.9655236097698149,1.149725216902385,../../model_fits/finalized_redone_trunc/t2_a1_proportion/vegan/vegan_dishes_prop/plots/9XKJD8DQTH559.png,Plant-based,TRUE,TRUE,Plant-based_inner,Plant-based_innerdark,Plant-based_restwash,0.9655236097698149,1.149725216902385
vegan,Exposure: Vegan,Form: Proportion,0.995339301420765,0.8149994368280832,1.1999922291024159,0.9543584589246639,0.995339301420765,NA,Restaurant,C0BE4NDSW26QN,0.9041415338965277,1.0924861983297178,../../model_fits/finalized_redone_trunc/t2_a1_proportion/vegan/vegan_dishes_prop/plots/C0BE4NDSW26QN.png,Plant-based,TRUE,TRUE,Plant-based_inner,Plant-based_innerdark,Plant-based_restwash,0.9041415338965277,1.0924861983297178
vegan,Exposure: Vegan,Form: Proportion,1.39630777606381,1.1474278551820105,1.7676624052925727,28.171603428838758,1.39630777606381,NA,Restaurant,CB2KHY1C2G9PT,1.2584591909383025,1.5694855330750672,../../model_fits/finalized_redone_trunc/t2_a1_proportion/vegan/vegan_dishes_prop/plots/CB2KHY1C2G9PT.png,Plant-based,TRUE,TRUE,Plant-based_inner,Plant-based_innerdark,Plant-based_restwash,1.2584591909383025,1.5694855330750672
vegan,Exposure: Vegan,Form: Proportion,1.1384478960074116,0.930647808543134,1.425423760781277,3.6570558092912355,1.1384478960074116,NA,Restaurant,ED5J990H5VAZT,1.022494567538578,1.2650513188278825,../../model_fits/finalized_redone_trunc/t2_a1_proportion/vegan/vegan_dishes_prop/plots/ED5J990H5VAZT.png,Plant-based,TRUE,TRUE,Plant-based_inner,Plant-based_innerdark,Plant-based_restwash,1.022494567538578,1.2650513188278825
vegan,Exposure: Vegan,Form: Proportion,0.894707779833781,0.7805653765216061,1.0202726868079484,0.32870941026084166,0.894707779833781,NA,Restaurant,EMBVNVD207CC6,0.8364869458127348,0.9545288567812469,../../model_fits/finalized_redone_trunc/t2_a1_proportion/vegan/vegan_dishes_prop/plots/EMBVNVD207CC6.png,Plant-based,TRUE,TRUE,Plant-based_inner,Plant-based_innerdark,Plant-based_restwash,0.8364869458127348,0.9545288567812469
vegan,Exposure: Vegan,Form: Proportion,1.0985544854764253,0.947197120241591,1.276779604893695,2.5598588365539925,1.0985544854764253,NA,Restaurant,JHDN7CF1C03X5,1.0187850045529416,1.1863638682143107,../../model_fits/finalized_redone_trunc/t2_a1_proportion/vegan/vegan_dishes_prop/plots/JHDN7CF1C03X5.png,Plant-based,TRUE,TRUE,Plant-based_inner,Plant-based_innerdark,Plant-based_restwash,1.0187850045529416,1.1863638682143107
vegan,Exposure: Vegan,Form: Proportion,1.1482682582114705,0.8565022977510169,1.6014882209033963,3.9850483692584655,1.1482682582114705,NA,Restaurant,L69HYJ4Y3TR91,0.985984203203131,1.351106905376556,../../model_fits/finalized_redone_trunc/t2_a1_proportion/vegan/vegan_dishes_prop/plots/L69HYJ4Y3TR91.png,Plant-based,TRUE,TRUE,Plant-based_inner,Plant-based_innerdark,Plant-based_restwash,0.985984203203131,1.351106905376556
vegan,Exposure: Vegan,Form: Proportion,0.7594695651255353,0.5665181345297248,0.9976792971542874,0.0638415976696543,0.7594695651255353,NA,Restaurant,LBZEEFSBJNB3Z,0.6542207726699598,0.8777486250351904,../../model_fits/finalized_redone_trunc/t2_a1_proportion/vegan/vegan_dishes_prop/plots/LBZEEFSBJNB3Z.png,Plant-based,TRUE,TRUE,Plant-based_inner,Plant-based_innerdark,Plant-based_restwash,0.6542207726699598,0.8777486250351904
vegan,Exposure: Vegan,Form: Proportion,1.0529015373608632,0.6940724110357536,1.6757642635739354,1.674470875252609,1.0529015373608632,NA,Restaurant,LFZFT3VASXPED,0.8496475521635946,1.3126445045395172,../../model_fits/finalized_redone_trunc/t2_a1_proportion/vegan/vegan_dishes_prop/plots/LFZFT3VASXPED.png,Plant-based,TRUE,TRUE,Plant-based_inner,Plant-based_innerdark,Plant-based_restwash,0.8496475521635946,1.3126445045395172
vegan,Exposure: Vegan,Form: Proportion,1.1101212526722257,0.7820557769557778,1.5896972139980463,2.8425241993215487,1.1101212526722257,NA,Restaurant,LQ5EH4BKGV61T,0.9301707138880838,1.3338601712945548,../../model_fits/finalized_redone_trunc/t2_a1_proportion/vegan/vegan_dishes_prop/plots/LQ5EH4BKGV61T.png,Plant-based,TRUE,TRUE,Plant-based_inner,Plant-based_innerdark,Plant-based_restwash,0.9301707138880838,1.3338601712945548
vegan,Exposure: Vegan,Form: Proportion,0.998370728705886,0.6713186949834903,1.450493856921665,0.9838262231655218,0.998370728705886,NA,Restaurant,S8MT0YGD2KTN9,0.8320234768427135,1.197965862981294,../../model_fits/finalized_redone_trunc/t2_a1_proportion/vegan/vegan_dishes_prop/plots/S8MT0YGD2KTN9.png,Plant-based,TRUE,TRUE,Plant-based_inner,Plant-based_innerdark,Plant-based_restwash,0.8320234768427135,1.197965862981294
vegan,Exposure: Vegan,Form: Proportion,0.9607034340921207,0.6510149539825923,1.4160640569041734,0.669720250739059,0.9607034340921207,NA,Restaurant,SAFK7ND1HR6XS,0.7917793430864417,1.1678578849044599,../../model_fits/finalized_redone_trunc/t2_a1_proportion/vegan/vegan_dishes_prop/plots/SAFK7ND1HR6XS.png,Plant-based,TRUE,TRUE,Plant-based_inner,Plant-based_innerdark,Plant-based_restwash,0.7917793430864417,1.1678578849044599
vegan,Exposure: Vegan,Form: Proportion,1.2049407010682647,0.992218502832411,1.4946803398773916,6.451441214781983,1.2049407010682647,NA,Restaurant,V3Q26BHF3SE2H,1.0929590097771562,1.3460844393517457,../../model_fits/finalized_redone_trunc/t2_a1_proportion/vegan/vegan_dishes_prop/plots/V3Q26BHF3SE2H.png,Plant-based,TRUE,TRUE,Plant-based_inner,Plant-based_innerdark,Plant-based_restwash,1.0929590097771562,1.3460844393517457
vegan,Exposure: Vegan,Form: Proportion,1.001303203432553,0.8665159721913476,1.150109823372222,1.0131087257893674,1.001303203432553,NA,Restaurant,W8T41JZK0ZMEP,0.9311657961668867,1.0727773282579591,../../model_fits/finalized_redone_trunc/t2_a1_proportion/vegan/vegan_dishes_prop/plots/W8T41JZK0ZMEP.png,Plant-based,TRUE,TRUE,Plant-based_inner,Plant-based_innerdark,Plant-based_restwash,0.9311657961668867,1.0727773282579591
vegan,Exposure: Vegetarian,Form: Count,0.9961820185958349,0.9796114193167779,1.0134869524776342,0.9961820185958349,0.9996175443048323,NA,Restaurant,1SQPTEGYPH0GA,0.9875073382255398,1.0045506876729422,../../model_fits/finalized_redone_trunc/t2_a1_proportion/vegan/vegetarian_dishes_count/plots/1SQPTEGYPH0GA.png,Plant-based,TRUE,TRUE,Plant-based_inner,Plant-based_innerdark,Plant-based_restwash,0.9875073382255398,1.0045506876729422
vegan,Exposure: Vegetarian,Form: Count,0.9587074995455857,0.8708499033394376,1.049102859110563,0.9587074995455857,0.9957919531151668,NA,Restaurant,2HRX9P6HKXA8V,0.9089903996187078,1.0036475170986296,../../model_fits/finalized_redone_trunc/t2_a1_proportion/vegan/vegetarian_dishes_count/plots/2HRX9P6HKXA8V.png,Plant-based,TRUE,TRUE,Plant-based_inner,Plant-based_innerdark,Plant-based_restwash,0.9089903996187078,1.0036475170986296
vegan,Exposure: Vegetarian,Form: Count,1.0382100845361653,0.9988800511763226,1.0843128313909878,1.0382100845361653,1.0037568551397205,NA,Restaurant,78AY09MVJVTYE,1.0163383083479849,1.0629004262214985,../../model_fits/finalized_redone_trunc/t2_a1_proportion/vegan/vegetarian_dishes_count/plots/78AY09MVJVTYE.png,Plant-based,TRUE,TRUE,Plant-based_inner,Plant-based_innerdark,Plant-based_restwash,1.0163383083479849,1.0629004262214985
vegan,Exposure: Vegetarian,Form: Count,0.9933885256097169,0.9814030737509227,1.0052068026513943,0.9933885256097169,0.9993368772631291,NA,Restaurant,9XKJD8DQTH559,0.9869939014925638,0.999663463441136,../../model_fits/finalized_redone_trunc/t2_a1_proportion/vegan/vegetarian_dishes_count/plots/9XKJD8DQTH559.png,Plant-based,TRUE,TRUE,Plant-based_inner,Plant-based_innerdark,Plant-based_restwash,0.9869939014925638,0.999663463441136
vegan,Exposure: Vegetarian,Form: Count,1.0176990578995184,0.9869312887335953,1.047805753467802,1.0176990578995184,1.0017559652545718,NA,Restaurant,C0BE4NDSW26QN,1.0019357938744686,1.032130559416478,../../model_fits/finalized_redone_trunc/t2_a1_proportion/vegan/vegetarian_dishes_count/plots/C0BE4NDSW26QN.png,Plant-based,TRUE,TRUE,Plant-based_inner,Plant-based_innerdark,Plant-based_restwash,1.0019357938744686,1.032130559416478
vegan,Exposure: Vegetarian,Form: Count,1.0636255794762635,1.033752564886036,1.0931157207846747,1.0636255794762635,1.0061874064040648,NA,Restaurant,CB2KHY1C2G9PT,1.0480953080084885,1.079274742420707,../../model_fits/finalized_redone_trunc/t2_a1_proportion/vegan/vegetarian_dishes_count/plots/CB2KHY1C2G9PT.png,Plant-based,TRUE,TRUE,Plant-based_inner,Plant-based_innerdark,Plant-based_restwash,1.0480953080084885,1.079274742420707
vegan,Exposure: Vegetarian,Form: Count,1.0282364548199427,0.9870819775034974,1.080097623061874,1.0282364548199427,1.0027883958640937,NA,Restaurant,ED5J990H5VAZT,1.0069301853616328,1.0545672118628264,../../model_fits/finalized_redone_trunc/t2_a1_proportion/vegan/vegetarian_dishes_count/plots/ED5J990H5VAZT.png,Plant-based,TRUE,TRUE,Plant-based_inner,Plant-based_innerdark,Plant-based_restwash,1.0069301853616328,1.0545672118628264
vegan,Exposure: Vegetarian,Form: Count,1.0749776869084744,0.9554161920426628,1.1859518832061082,1.0749776869084744,1.0072561899839279,NA,Restaurant,EMBVNVD207CC6,1.018014304905864,1.1317899603828774,../../model_fits/finalized_redone_trunc/t2_a1_proportion/vegan/vegetarian_dishes_count/plots/EMBVNVD207CC6.png,Plant-based,TRUE,TRUE,Plant-based_inner,Plant-based_innerdark,Plant-based_restwash,1.018014304905864,1.1317899603828774
vegan,Exposure: Vegetarian,Form: Count,1.0135237163245225,0.9922488610057716,1.0371237909148703,1.0135237163245225,1.00134421134877,NA,Restaurant,JHDN7CF1C03X5,1.0023760925562113,1.0258845246619193,../../model_fits/finalized_redone_trunc/t2_a1_proportion/vegan/vegetarian_dishes_count/plots/JHDN7CF1C03X5.png,Plant-based,TRUE,TRUE,Plant-based_inner,Plant-based_innerdark,Plant-based_restwash,1.0023760925562113,1.0258845246619193
vegan,Exposure: Vegetarian,Form: Count,1.0332747467271397,0.9749103186369211,1.1019282305585425,1.0332747467271397,1.0032786755873424,NA,Restaurant,L69HYJ4Y3TR91,1.0020437271692983,1.066408987270648,../../model_fits/finalized_redone_trunc/t2_a1_proportion/vegan/vegetarian_dishes_count/plots/L69HYJ4Y3TR91.png,Plant-based,TRUE,TRUE,Plant-based_inner,Plant-based_innerdark,Plant-based_restwash,1.0020437271692983,1.066408987270648
vegan,Exposure: Vegetarian,Form: Count,0.9561033050911408,0.8987646370465409,1.0184791822920147,0.9561033050911408,0.995521128987881,NA,Restaurant,LBZEEFSBJNB3Z,0.9269482701864185,0.9874762750117789,../../model_fits/finalized_redone_trunc/t2_a1_proportion/vegan/vegetarian_dishes_count/plots/LBZEEFSBJNB3Z.png,Plant-based,TRUE,TRUE,Plant-based_inner,Plant-based_innerdark,Plant-based_restwash,0.9269482701864185,0.9874762750117789
vegan,Exposure: Vegetarian,Form: Count,1.0042366150713633,0.8460804559305732,1.1997129619422493,1.0042366150713633,1.000422855966889,NA,Restaurant,LFZFT3VASXPED,0.9276436685406431,1.091114029367889,../../model_fits/finalized_redone_trunc/t2_a1_proportion/vegan/vegetarian_dishes_count/plots/LFZFT3VASXPED.png,Plant-based,TRUE,TRUE,Plant-based_inner,Plant-based_innerdark,Plant-based_restwash,0.9276436685406431,1.091114029367889
vegan,Exposure: Vegetarian,Form: Count,1.1087686403046317,0.9176968758399023,1.3523012643372934,1.1087686403046317,1.0103784934565412,NA,Restaurant,LQ5EH4BKGV61T,1.012916889123362,1.2279653602725726,../../model_fits/finalized_redone_trunc/t2_a1_proportion/vegan/vegetarian_dishes_count/plots/LQ5EH4BKGV61T.png,Plant-based,TRUE,TRUE,Plant-based_inner,Plant-based_innerdark,Plant-based_restwash,1.012916889123362,1.2279653602725726
vegan,Exposure: Vegetarian,Form: Count,0.9729818559533093,0.9207822290072346,1.0257792474060117,0.9729818559533093,0.9972647631455925,NA,Restaurant,S8MT0YGD2KTN9,0.9460898979687566,0.9982967424723087,../../model_fits/finalized_redone_trunc/t2_a1_proportion/vegan/vegetarian_dishes_count/plots/S8MT0YGD2KTN9.png,Plant-based,TRUE,TRUE,Plant-based_inner,Plant-based_innerdark,Plant-based_restwash,0.9460898979687566,0.9982967424723087
vegan,Exposure: Vegetarian,Form: Count,0.9956406362320279,0.8355550906730206,1.2173497749436097,0.9956406362320279,0.9995632060722552,NA,Restaurant,SAFK7ND1HR6XS,0.9075776878326407,1.1011535594921087,../../model_fits/finalized_redone_trunc/t2_a1_proportion/vegan/vegetarian_dishes_count/plots/SAFK7ND1HR6XS.png,Plant-based,TRUE,TRUE,Plant-based_inner,Plant-based_innerdark,Plant-based_restwash,0.9075776878326407,1.1011535594921087
vegan,Exposure: Vegetarian,Form: Count,0.9829515278284076,0.9365499308266404,1.0323072465242942,0.9829515278284076,0.998281930523988,NA,Restaurant,SRQS8F7JWA9MZ,0.9587094994019285,1.0079445663131383,../../model_fits/finalized_redone_trunc/t2_a1_proportion/vegan/vegetarian_dishes_count/plots/SRQS8F7JWA9MZ.png,Plant-based,TRUE,TRUE,Plant-based_inner,Plant-based_innerdark,Plant-based_restwash,0.9587094994019285,1.0079445663131383
vegan,Exposure: Vegetarian,Form: Count,1.0146576825115852,0.9382157802699631,1.0875162491595682,1.0146576825115852,1.0014561889149247,NA,Restaurant,V3Q26BHF3SE2H,0.9758189387057331,1.0526974405997693,../../model_fits/finalized_redone_trunc/t2_a1_proportion/vegan/vegetarian_dishes_count/plots/V3Q26BHF3SE2H.png,Plant-based,TRUE,TRUE,Plant-based_inner,Plant-based_innerdark,Plant-based_restwash,0.9758189387057331,1.0526974405997693
vegan,Exposure: Vegetarian,Form: Count,0.9885536289354021,0.9736102509509121,1.004790685515223,0.9885536289354021,0.9988494239208161,NA,Restaurant,W8T41JZK0ZMEP,0.9811852760641273,0.996962395428803,../../model_fits/finalized_redone_trunc/t2_a1_proportion/vegan/vegetarian_dishes_count/plots/W8T41JZK0ZMEP.png,Plant-based,TRUE,TRUE,Plant-based_inner,Plant-based_innerdark,Plant-based_restwash,0.9811852760641273,0.996962395428803
vegan,Exposure: Vegetarian,Form: Proportion,0.8808222793018518,0.7595486953247177,1.037203272182005,0.28111428194898064,0.8808222793018518,NA,Restaurant,1SQPTEGYPH0GA,0.8169419012106522,0.9575621241626956,../../model_fits/finalized_redone_trunc/t2_a1_proportion/vegan/vegetarian_dishes_prop/plots/1SQPTEGYPH0GA.png,Plant-based,TRUE,TRUE,Plant-based_inner,Plant-based_innerdark,Plant-based_restwash,0.8169419012106522,0.9575621241626956
vegan,Exposure: Vegetarian,Form: Proportion,0.9185306213044808,0.7341012368423806,1.152190895534603,0.4275002674463589,0.9185306213044808,NA,Restaurant,2HRX9P6HKXA8V,0.8192156343328831,1.0320854516315154,../../model_fits/finalized_redone_trunc/t2_a1_proportion/vegan/vegetarian_dishes_prop/plots/2HRX9P6HKXA8V.png,Plant-based,TRUE,TRUE,Plant-based_inner,Plant-based_innerdark,Plant-based_restwash,0.8192156343328831,1.0320854516315154
vegan,Exposure: Vegetarian,Form: Proportion,1.0499498514446952,0.9386318738455135,1.1796624736725612,1.6281168252706824,1.0499498514446952,NA,Restaurant,78AY09MVJVTYE,0.9922706700558105,1.107209565916645,../../model_fits/finalized_redone_trunc/t2_a1_proportion/vegan/vegetarian_dishes_prop/plots/78AY09MVJVTYE.png,Plant-based,TRUE,TRUE,Plant-based_inner,Plant-based_innerdark,Plant-based_restwash,0.9922706700558105,1.107209565916645
vegan,Exposure: Vegetarian,Form: Proportion,0.9612596924886102,0.8469934400782331,1.1013714808869832,0.6736081277430227,0.9612596924886102,NA,Restaurant,9XKJD8DQTH559,0.9033966546813335,1.0308153386283287,../../model_fits/finalized_redone_trunc/t2_a1_proportion/vegan/vegetarian_dishes_prop/plots/9XKJD8DQTH559.png,Plant-based,TRUE,TRUE,Plant-based_inner,Plant-based_innerdark,Plant-based_restwash,0.9033966546813335,1.0308153386283287
vegan,Exposure: Vegetarian,Form: Proportion,0.98516569370258,0.8588255574331068,1.1361971519865959,0.8611777498866832,0.98516569370258,NA,Restaurant,C0BE4NDSW26QN,0.9184498671830138,1.0575497388354724,../../model_fits/finalized_redone_trunc/t2_a1_proportion/vegan/vegetarian_dishes_prop/plots/C0BE4NDSW26QN.png,Plant-based,TRUE,TRUE,Plant-based_inner,Plant-based_innerdark,Plant-based_restwash,0.9184498671830138,1.0575497388354724
vegan,Exposure: Vegetarian,Form: Proportion,1.0835211425479778,0.9403941145590806,1.2695743539517228,2.230354519074611,1.0835211425479778,NA,Restaurant,CB2KHY1C2G9PT,1.00625170673162,1.1743507874161536,../../model_fits/finalized_redone_trunc/t2_a1_proportion/vegan/vegetarian_dishes_prop/plots/CB2KHY1C2G9PT.png,Plant-based,TRUE,TRUE,Plant-based_inner,Plant-based_innerdark,Plant-based_restwash,1.00625170673162,1.1743507874161536
vegan,Exposure: Vegetarian,Form: Proportion,1.0354850662783852,0.8753561916816178,1.242695232477818,1.4172236759279546,1.0354850662783852,NA,Restaurant,ED5J990H5VAZT,0.9495325831545927,1.1372173278818722,../../model_fits/finalized_redone_trunc/t2_a1_proportion/vegan/vegetarian_dishes_prop/plots/ED5J990H5VAZT.png,Plant-based,TRUE,TRUE,Plant-based_inner,Plant-based_innerdark,Plant-based_restwash,0.9495325831545927,1.1372173278818722
vegan,Exposure: Vegetarian,Form: Proportion,1.0023506534639042,0.8731878589425093,1.1530423826296623,1.0237567504402163,1.0023506534639042,NA,Restaurant,EMBVNVD207CC6,0.9362846476496843,1.0813193095851759,../../model_fits/finalized_redone_trunc/t2_a1_proportion/vegan/vegetarian_dishes_prop/plots/EMBVNVD207CC6.png,Plant-based,TRUE,TRUE,Plant-based_inner,Plant-based_innerdark,Plant-based_restwash,0.9362846476496843,1.0813193095851759
vegan,Exposure: Vegetarian,Form: Proportion,1.068875160391138,0.9227286331609873,1.2505472033761587,1.9465691943054937,1.068875160391138,NA,Restaurant,JHDN7CF1C03X5,0.9905538182941153,1.1522868851516361,../../model_fits/finalized_redone_trunc/t2_a1_proportion/vegan/vegetarian_dishes_prop/plots/JHDN7CF1C03X5.png,Plant-based,TRUE,TRUE,Plant-based_inner,Plant-based_innerdark,Plant-based_restwash,0.9905538182941153,1.1522868851516361
vegan,Exposure: Vegetarian,Form: Proportion,1.0045931663986996,0.7650641708190684,1.345644139113225,1.0468927593053725,1.0045931663986996,NA,Restaurant,L69HYJ4Y3TR91,0.8747633272102356,1.1627291675180393,../../model_fits/finalized_redone_trunc/t2_a1_proportion/vegan/vegetarian_dishes_prop/plots/L69HYJ4Y3TR91.png,Plant-based,TRUE,TRUE,Plant-based_inner,Plant-based_innerdark,Plant-based_restwash,0.8747633272102356,1.1627291675180393
vegan,Exposure: Vegetarian,Form: Proportion,0.9238890858540094,0.7640178523029042,1.0988050296707383,0.4531044912894876,0.9238890858540094,NA,Restaurant,LBZEEFSBJNB3Z,0.8393454540706473,1.0120801868661398,../../model_fits/finalized_redone_trunc/t2_a1_proportion/vegan/vegetarian_dishes_prop/plots/LBZEEFSBJNB3Z.png,Plant-based,TRUE,TRUE,Plant-based_inner,Plant-based_innerdark,Plant-based_restwash,0.8393454540706473,1.0120801868661398
vegan,Exposure: Vegetarian,Form: Proportion,0.9775132370257326,0.6768869608097158,1.3852442154916078,0.7965746312706351,0.9775132370257326,NA,Restaurant,LFZFT3VASXPED,0.8151320397765773,1.1631999316537225,../../model_fits/finalized_redone_trunc/t2_a1_proportion/vegan/vegetarian_dishes_prop/plots/LFZFT3VASXPED.png,Plant-based,TRUE,TRUE,Plant-based_inner,Plant-based_innerdark,Plant-based_restwash,0.8151320397765773,1.1631999316537225
vegan,Exposure: Vegetarian,Form: Proportion,1.045971977886063,0.7817408683488642,1.4355929561865683,1.5674745463188242,1.045971977886063,NA,Restaurant,LQ5EH4BKGV61T,0.9027337596235435,1.2150798067460191,../../model_fits/finalized_redone_trunc/t2_a1_proportion/vegan/vegetarian_dishes_prop/plots/LQ5EH4BKGV61T.png,Plant-based,TRUE,TRUE,Plant-based_inner,Plant-based_innerdark,Plant-based_restwash,0.9027337596235435,1.2150798067460191
vegan,Exposure: Vegetarian,Form: Proportion,0.9649238718786438,0.8079088650920945,1.135606224108156,0.6997300228331248,0.9649238718786438,NA,Restaurant,S8MT0YGD2KTN9,0.8863663367885676,1.049994066918859,../../model_fits/finalized_redone_trunc/t2_a1_proportion/vegan/vegetarian_dishes_prop/plots/S8MT0YGD2KTN9.png,Plant-based,TRUE,TRUE,Plant-based_inner,Plant-based_innerdark,Plant-based_restwash,0.8863663367885676,1.049994066918859
vegan,Exposure: Vegetarian,Form: Proportion,0.9254256561537928,0.6849165486018632,1.25629683004096,0.46069696954391753,0.9254256561537928,NA,Restaurant,SAFK7ND1HR6XS,0.7982572658540363,1.0714168882848218,../../model_fits/finalized_redone_trunc/t2_a1_proportion/vegan/vegetarian_dishes_prop/plots/SAFK7ND1HR6XS.png,Plant-based,TRUE,TRUE,Plant-based_inner,Plant-based_innerdark,Plant-based_restwash,0.7982572658540363,1.0714168882848218
vegan,Exposure: Vegetarian,Form: Proportion,0.9558860477017072,0.879933703548108,1.0347006477961067,0.636885301539717,0.9558860477017072,NA,Restaurant,SRQS8F7JWA9MZ,0.9172094398328102,0.9941628386533561,../../model_fits/finalized_redone_trunc/t2_a1_proportion/vegan/vegetarian_dishes_prop/plots/SRQS8F7JWA9MZ.png,Plant-based,TRUE,TRUE,Plant-based_inner,Plant-based_innerdark,Plant-based_restwash,0.9172094398328102,0.9941628386533561
vegan,Exposure: Vegetarian,Form: Proportion,0.9176114114977748,0.818338359389765,1.0298907514781246,0.4232413183718729,0.9176114114977748,NA,Restaurant,V3Q26BHF3SE2H,0.864672261435949,0.9733095690554194,../../model_fits/finalized_redone_trunc/t2_a1_proportion/vegan/vegetarian_dishes_prop/plots/V3Q26BHF3SE2H.png,Plant-based,TRUE,TRUE,Plant-based_inner,Plant-based_innerdark,Plant-based_restwash,0.864672261435949,0.9733095690554194
vegan,Exposure: Vegetarian,Form: Proportion,0.9539186964619899,0.8024168552585603,1.1327725003594233,0.6238980221561559,0.9539186964619899,NA,Restaurant,W8T41JZK0ZMEP,0.8736674434674949,1.0426130491049221,../../model_fits/finalized_redone_trunc/t2_a1_proportion/vegan/vegetarian_dishes_prop/plots/W8T41JZK0ZMEP.png,Plant-based,TRUE,TRUE,Plant-based_inner,Plant-based_innerdark,Plant-based_restwash,0.8736674434674949,1.0426130491049221
