"fit_dir","total_dir","analysis","outcome","gamma_index","level","restaurant","type_fine","model_col","total_source","mean","median","q2.5","q97.5"
"model_fits/finalized_redone_trunc/a1_proportion/chicken_fish/mpbamod_dishes_count","model_fits/finalized_redone_trunc/a1_proportion/total/mpbamod_dishes_count","a1_proportion","chicken_fish",NA,"restaurant","2HRX9P6HKXA8V","level","exposure_2HRX9P6HKXA8V_1","primary",0.107620783417463,0.1072909,-0.1014548105,0.32118334
"model_fits/finalized_redone_trunc/a1_proportion/chicken_fish/mpbamod_dishes_count","model_fits/finalized_redone_trunc/a1_proportion/total/mpbamod_dishes_count","a1_proportion","chicken_fish",NA,"restaurant","ED5J990H5VAZT","level","exposure_ED5J990H5VAZT_1","primary",-0.03669946222802,-0.03508935,-0.08905945,0.00728257
"model_fits/finalized_redone_trunc/a1_proportion/chicken_fish/mpbamod_dishes_count","model_fits/finalized_redone_trunc/a1_proportion/total/mpbamod_dishes_count","a1_proportion","chicken_fish",NA,"restaurant","JHDN7CF1C03X5","level","exposure_JHDN7CF1C03X5_1","primary",0.0292446554433,0.028566715,-0.017427485,0.0780017775
"model_fits/finalized_redone_trunc/a1_proportion/chicken_fish/mpbamod_dishes_count","model_fits/finalized_redone_trunc/a1_proportion/total/mpbamod_dishes_count","a1_proportion","chicken_fish",NA,"restaurant","L69HYJ4Y3TR91","level","exposure_L69HYJ4Y3TR91_1","primary",-0.112916862473167,-0.09844451,-0.43383495,0.075192510405
"model_fits/finalized_redone_trunc/a1_proportion/chicken_fish/mpbamod_dishes_count","model_fits/finalized_redone_trunc/a1_proportion/total/mpbamod_dishes_count","a1_proportion","chicken_fish",NA,"restaurant","W8T41JZK0ZMEP","level","exposure_W8T41JZK0ZMEP_1","primary",-0.0040046044830825,-0.00370755,-0.03657644475,0.0293775055
"model_fits/finalized_redone_trunc/a1_proportion/chicken_fish/mpbamod_dishes_count","model_fits/finalized_redone_trunc/a1_proportion/total/mpbamod_dishes_count","a1_proportion","chicken_fish",1,"pooled",NA,"level",NA,"matched_baseline",0.00132734862637,0.0030575192,-0.1048551134,0.0999266358
"model_fits/finalized_redone_trunc/a1_proportion/chicken_fish/mpbamod_dishes_prop","model_fits/finalized_redone_trunc/a1_proportion/total/mpbamod_dishes_prop","a1_proportion","chicken_fish",NA,"restaurant","2HRX9P6HKXA8V","level","exposure_2HRX9P6HKXA8V_1","primary",1.00654429738733,1.0104517,-3.03954975,5.24938275
"model_fits/finalized_redone_trunc/a1_proportion/chicken_fish/mpbamod_dishes_prop","model_fits/finalized_redone_trunc/a1_proportion/total/mpbamod_dishes_prop","a1_proportion","chicken_fish",NA,"restaurant","ED5J990H5VAZT","level","exposure_ED5J990H5VAZT_1","primary",-1.4679086517715,-1.4631265,-2.5163341,-0.43275869
"model_fits/finalized_redone_trunc/a1_proportion/chicken_fish/mpbamod_dishes_prop","model_fits/finalized_redone_trunc/a1_proportion/total/mpbamod_dishes_prop","a1_proportion","chicken_fish",NA,"restaurant","JHDN7CF1C03X5","level","exposure_JHDN7CF1C03X5_1","primary",3.49027389920133,3.483455,1.60085085,5.40847925
"model_fits/finalized_redone_trunc/a1_proportion/chicken_fish/mpbamod_dishes_prop","model_fits/finalized_redone_trunc/a1_proportion/total/mpbamod_dishes_prop","a1_proportion","chicken_fish",NA,"restaurant","L69HYJ4Y3TR91","level","exposure_L69HYJ4Y3TR91_1","primary",-1.23911121567438,-1.0508425,-6.57939775,3.28534325
"model_fits/finalized_redone_trunc/a1_proportion/chicken_fish/mpbamod_dishes_prop","model_fits/finalized_redone_trunc/a1_proportion/total/mpbamod_dishes_prop","a1_proportion","chicken_fish",NA,"restaurant","W8T41JZK0ZMEP","level","exposure_W8T41JZK0ZMEP_1","primary",0.1588553900255,0.163783255,-1.520056075,1.8100939
"model_fits/finalized_redone_trunc/a1_proportion/chicken_fish/mpbamod_dishes_prop","model_fits/finalized_redone_trunc/a1_proportion/total/mpbamod_dishes_prop","a1_proportion","chicken_fish",1,"pooled",NA,"level",NA,"matched_baseline",0.280760203795935,0.30620763,-1.412294027,1.863049204
"model_fits/finalized_redone_trunc/a1_proportion/chicken_fish/vegan_dishes_count","model_fits/finalized_redone_trunc/a1_proportion/total/vegan_dishes_count","a1_proportion","chicken_fish",NA,"restaurant","2HRX9P6HKXA8V","level","exposure_2HRX9P6HKXA8V_1","primary",-0.0608548072319575,-0.061513965,-0.2455411325,0.12091541
"model_fits/finalized_redone_trunc/a1_proportion/chicken_fish/vegan_dishes_count","model_fits/finalized_redone_trunc/a1_proportion/total/vegan_dishes_count","a1_proportion","chicken_fish",NA,"restaurant","ED5J990H5VAZT","level","exposure_ED5J990H5VAZT_1","primary",0.1786844372,0.1765805,-0.051466975,0.41816695
"model_fits/finalized_redone_trunc/a1_proportion/chicken_fish/vegan_dishes_count","model_fits/finalized_redone_trunc/a1_proportion/total/vegan_dishes_count","a1_proportion","chicken_fish",NA,"restaurant","JHDN7CF1C03X5","level","exposure_JHDN7CF1C03X5_1","primary",-0.0461446845365098,-0.04575823,-0.07306654125,-0.02069851
"model_fits/finalized_redone_trunc/a1_proportion/chicken_fish/vegan_dishes_count","model_fits/finalized_redone_trunc/a1_proportion/total/vegan_dishes_count","a1_proportion","chicken_fish",NA,"restaurant","L69HYJ4Y3TR91","level","exposure_L69HYJ4Y3TR91_1","primary",0.06288504770195,0.06076095,-0.12406067125,0.255543955
"model_fits/finalized_redone_trunc/a1_proportion/chicken_fish/vegan_dishes_count","model_fits/finalized_redone_trunc/a1_proportion/total/vegan_dishes_count","a1_proportion","chicken_fish",NA,"restaurant","W8T41JZK0ZMEP","level","exposure_W8T41JZK0ZMEP_1","primary",-0.013886005277355,-0.01403035,-0.038227353,0.0103213225
"model_fits/finalized_redone_trunc/a1_proportion/chicken_fish/vegan_dishes_count","model_fits/finalized_redone_trunc/a1_proportion/total/vegan_dishes_count","a1_proportion","chicken_fish",1,"pooled",NA,"level",NA,"matched_baseline",0.0338006005944065,0.028007517,-0.2477043078,0.33539501662
"model_fits/finalized_redone_trunc/a1_proportion/chicken_fish/vegan_dishes_prop","model_fits/finalized_redone_trunc/a1_proportion/total/vegan_dishes_prop","a1_proportion","chicken_fish",NA,"restaurant","2HRX9P6HKXA8V","level","exposure_2HRX9P6HKXA8V_1","primary",-1.17380015788425,-1.1327297,-4.2324185,1.780858325
"model_fits/finalized_redone_trunc/a1_proportion/chicken_fish/vegan_dishes_prop","model_fits/finalized_redone_trunc/a1_proportion/total/vegan_dishes_prop","a1_proportion","chicken_fish",NA,"restaurant","ED5J990H5VAZT","level","exposure_ED5J990H5VAZT_1","primary",-0.76901085501025,-0.895357,-3.97862175,3.0307315
"model_fits/finalized_redone_trunc/a1_proportion/chicken_fish/vegan_dishes_prop","model_fits/finalized_redone_trunc/a1_proportion/total/vegan_dishes_prop","a1_proportion","chicken_fish",NA,"restaurant","JHDN7CF1C03X5","level","exposure_JHDN7CF1C03X5_1","primary",-2.1250059153638,-2.113024,-3.64314035,-0.66042275
"model_fits/finalized_redone_trunc/a1_proportion/chicken_fish/vegan_dishes_prop","model_fits/finalized_redone_trunc/a1_proportion/total/vegan_dishes_prop","a1_proportion","chicken_fish",NA,"restaurant","L69HYJ4Y3TR91","level","exposure_L69HYJ4Y3TR91_1","primary",-2.23841018131475,-2.37702,-6.248932,2.45844225
"model_fits/finalized_redone_trunc/a1_proportion/chicken_fish/vegan_dishes_prop","model_fits/finalized_redone_trunc/a1_proportion/total/vegan_dishes_prop","a1_proportion","chicken_fish",NA,"restaurant","W8T41JZK0ZMEP","level","exposure_W8T41JZK0ZMEP_1","primary",-0.593395269681375,-0.5959355,-2.24355015,1.0396149075
"model_fits/finalized_redone_trunc/a1_proportion/chicken_fish/vegan_dishes_prop","model_fits/finalized_redone_trunc/a1_proportion/total/vegan_dishes_prop","a1_proportion","chicken_fish",1,"pooled",NA,"level",NA,"matched_baseline",-1.26452291166876,-1.2638816,-2.809907688,0.33620686
"model_fits/finalized_redone_trunc/a1_proportion/chicken_fish/vegetarian_dishes_count","model_fits/finalized_redone_trunc/a1_proportion/total/vegetarian_dishes_count","a1_proportion","chicken_fish",NA,"restaurant","2HRX9P6HKXA8V","level","exposure_2HRX9P6HKXA8V_1","primary",0.033594900663225,0.0361719,-0.10266363,0.166503555
"model_fits/finalized_redone_trunc/a1_proportion/chicken_fish/vegetarian_dishes_count","model_fits/finalized_redone_trunc/a1_proportion/total/vegetarian_dishes_count","a1_proportion","chicken_fish",NA,"restaurant","ED5J990H5VAZT","level","exposure_ED5J990H5VAZT_1","primary",0.01279622485875,0.01223615,-0.0656617975,0.0972758500000001
"model_fits/finalized_redone_trunc/a1_proportion/chicken_fish/vegetarian_dishes_count","model_fits/finalized_redone_trunc/a1_proportion/total/vegetarian_dishes_count","a1_proportion","chicken_fish",NA,"restaurant","JHDN7CF1C03X5","level","exposure_JHDN7CF1C03X5_1","primary",-0.0318425082554058,-0.03170531,-0.0523076425,-0.01199011675
"model_fits/finalized_redone_trunc/a1_proportion/chicken_fish/vegetarian_dishes_count","model_fits/finalized_redone_trunc/a1_proportion/total/vegetarian_dishes_count","a1_proportion","chicken_fish",NA,"restaurant","L69HYJ4Y3TR91","level","exposure_L69HYJ4Y3TR91_1","primary",0.119142714466,0.11353485,-0.032658785,0.2991444975
"model_fits/finalized_redone_trunc/a1_proportion/chicken_fish/vegetarian_dishes_count","model_fits/finalized_redone_trunc/a1_proportion/total/vegetarian_dishes_count","a1_proportion","chicken_fish",NA,"restaurant","W8T41JZK0ZMEP","level","exposure_W8T41JZK0ZMEP_1","primary",-0.0087060944572875,-0.00858093,-0.0265376553,0.00893655500000001
"model_fits/finalized_redone_trunc/a1_proportion/chicken_fish/vegetarian_dishes_count","model_fits/finalized_redone_trunc/a1_proportion/total/vegetarian_dishes_count","a1_proportion","chicken_fish",1,"pooled",NA,"level",NA,"matched_baseline",0.0365405146909688,0.0270905,-0.10394438703,0.2287625576
"model_fits/finalized_redone_trunc/a1_proportion/chicken_fish/vegetarian_dishes_prop","model_fits/finalized_redone_trunc/a1_proportion/total/vegetarian_dishes_prop","a1_proportion","chicken_fish",NA,"restaurant","2HRX9P6HKXA8V","level","exposure_2HRX9P6HKXA8V_1","primary",-0.529060380749838,-0.579515,-3.4106365,2.7279948
"model_fits/finalized_redone_trunc/a1_proportion/chicken_fish/vegetarian_dishes_prop","model_fits/finalized_redone_trunc/a1_proportion/total/vegetarian_dishes_prop","a1_proportion","chicken_fish",NA,"restaurant","ED5J990H5VAZT","level","exposure_ED5J990H5VAZT_1","primary",-6.98649645865,-6.879595,-11.7107215,-2.8813206
"model_fits/finalized_redone_trunc/a1_proportion/chicken_fish/vegetarian_dishes_prop","model_fits/finalized_redone_trunc/a1_proportion/total/vegetarian_dishes_prop","a1_proportion","chicken_fish",NA,"restaurant","JHDN7CF1C03X5","level","exposure_JHDN7CF1C03X5_1","primary",-2.868940755259,-2.85957519,-4.3160015,-1.393254025
"model_fits/finalized_redone_trunc/a1_proportion/chicken_fish/vegetarian_dishes_prop","model_fits/finalized_redone_trunc/a1_proportion/total/vegetarian_dishes_prop","a1_proportion","chicken_fish",NA,"restaurant","L69HYJ4Y3TR91","level","exposure_L69HYJ4Y3TR91_1","primary",-0.9699425615075,-1.3898515,-5.75092925,5.8745021
"model_fits/finalized_redone_trunc/a1_proportion/chicken_fish/vegetarian_dishes_prop","model_fits/finalized_redone_trunc/a1_proportion/total/vegetarian_dishes_prop","a1_proportion","chicken_fish",NA,"restaurant","W8T41JZK0ZMEP","level","exposure_W8T41JZK0ZMEP_1","primary",-1.53980333329775,-1.5046841,-3.57365375,0.4384213
"model_fits/finalized_redone_trunc/a1_proportion/chicken_fish/vegetarian_dishes_prop","model_fits/finalized_redone_trunc/a1_proportion/total/vegetarian_dishes_prop","a1_proportion","chicken_fish",1,"pooled",NA,"level",NA,"matched_baseline",-1.8416718335276,-1.87058444,-3.555887078,0.0275164150000001
"model_fits/finalized_redone_trunc/a1_proportion/vegan/vegan_dishes_count","model_fits/finalized_redone_trunc/a1_proportion/total/vegan_dishes_count","a1_proportion","vegan",NA,"restaurant","2HRX9P6HKXA8V","level","exposure_2HRX9P6HKXA8V_1","primary",0.0495686991130175,0.048722625,-0.083315744,0.1857822625
"model_fits/finalized_redone_trunc/a1_proportion/vegan/vegan_dishes_count","model_fits/finalized_redone_trunc/a1_proportion/total/vegan_dishes_count","a1_proportion","vegan",NA,"restaurant","ED5J990H5VAZT","level","exposure_ED5J990H5VAZT_1","primary",0.10860617875,0.108135,-0.0201248,0.2427654
"model_fits/finalized_redone_trunc/a1_proportion/vegan/vegan_dishes_count","model_fits/finalized_redone_trunc/a1_proportion/total/vegan_dishes_count","a1_proportion","vegan",NA,"restaurant","JHDN7CF1C03X5","level","exposure_JHDN7CF1C03X5_1","primary",0.0367558222659901,0.03656242,0.009148373275,0.0656434455
"model_fits/finalized_redone_trunc/a1_proportion/vegan/vegan_dishes_count","model_fits/finalized_redone_trunc/a1_proportion/total/vegan_dishes_count","a1_proportion","vegan",NA,"restaurant","L69HYJ4Y3TR91","level","exposure_L69HYJ4Y3TR91_1","primary",0.077398453725,0.0772296,-0.0232768825,0.1800268675
"model_fits/finalized_redone_trunc/a1_proportion/vegan/vegan_dishes_count","model_fits/finalized_redone_trunc/a1_proportion/total/vegan_dishes_count","a1_proportion","vegan",NA,"restaurant","W8T41JZK0ZMEP","level","exposure_W8T41JZK0ZMEP_1","primary",-0.001251222124825,-0.00107955,-0.022477885,0.0200002225
"model_fits/finalized_redone_trunc/a1_proportion/vegan/vegan_dishes_count","model_fits/finalized_redone_trunc/a1_proportion/total/vegan_dishes_count","a1_proportion","vegan",1,"pooled",NA,"level",NA,"matched_baseline",0.0381815739319065,0.041158309,-0.1854554936,0.246351042
"model_fits/finalized_redone_trunc/a1_proportion/vegan/vegan_dishes_prop","model_fits/finalized_redone_trunc/a1_proportion/total/vegan_dishes_prop","a1_proportion","vegan",NA,"restaurant","2HRX9P6HKXA8V","level","exposure_2HRX9P6HKXA8V_1","primary",1.257846357705,1.268192,-0.984166575,3.47473925
"model_fits/finalized_redone_trunc/a1_proportion/vegan/vegan_dishes_prop","model_fits/finalized_redone_trunc/a1_proportion/total/vegan_dishes_prop","a1_proportion","vegan",NA,"restaurant","ED5J990H5VAZT","level","exposure_ED5J990H5VAZT_1","primary",0.837591752887725,0.752298,-1.0119955,3.072151425
"model_fits/finalized_redone_trunc/a1_proportion/vegan/vegan_dishes_prop","model_fits/finalized_redone_trunc/a1_proportion/total/vegan_dishes_prop","a1_proportion","vegan",NA,"restaurant","JHDN7CF1C03X5","level","exposure_JHDN7CF1C03X5_1","primary",2.1359132606962,2.1491955,0.63014328,3.5243695
"model_fits/finalized_redone_trunc/a1_proportion/vegan/vegan_dishes_prop","model_fits/finalized_redone_trunc/a1_proportion/total/vegan_dishes_prop","a1_proportion","vegan",NA,"restaurant","L69HYJ4Y3TR91","level","exposure_L69HYJ4Y3TR91_1","primary",-0.1672795786,-0.402145,-3.08950975,3.7690375
"model_fits/finalized_redone_trunc/a1_proportion/vegan/vegan_dishes_prop","model_fits/finalized_redone_trunc/a1_proportion/total/vegan_dishes_prop","a1_proportion","vegan",NA,"restaurant","W8T41JZK0ZMEP","level","exposure_W8T41JZK0ZMEP_1","primary",0.427149204935,0.425715,-0.9107041,1.78464339
"model_fits/finalized_redone_trunc/a1_proportion/vegan/vegan_dishes_prop","model_fits/finalized_redone_trunc/a1_proportion/total/vegan_dishes_prop","a1_proportion","vegan",1,"pooled",NA,"level",NA,"matched_baseline",0.47424900327674,0.5046433,-0.93983922,1.667080195
"model_fits/finalized_redone_trunc/a2_proportion_t/breakfast_p/breakfast_dishes_count","model_fits/finalized_redone_trunc/a1_proportion/total/mpbamod_dishes_count","a2_proportion_t","breakfast_p",NA,"restaurant","2HRX9P6HKXA8V","level","exposure_2HRX9P6HKXA8V_1","primary",0.0163485139905475,0.0146921,-0.2129648025,0.25661423
"model_fits/finalized_redone_trunc/a2_proportion_t/breakfast_p/breakfast_dishes_count","model_fits/finalized_redone_trunc/a1_proportion/total/mpbamod_dishes_count","a2_proportion_t","breakfast_p",NA,"restaurant","ED5J990H5VAZT","level","exposure_ED5J990H5VAZT_1","primary",-0.1170623223307,-0.117367,-0.24353843,0.00423696375000002
"model_fits/finalized_redone_trunc/a2_proportion_t/breakfast_p/breakfast_dishes_count","model_fits/finalized_redone_trunc/a1_proportion/total/mpbamod_dishes_count","a2_proportion_t","breakfast_p",NA,"restaurant","L69HYJ4Y3TR91","level","exposure_L69HYJ4Y3TR91_1","primary",-0.164649517796415,-0.168484,-0.4295998975,0.117691855
"model_fits/finalized_redone_trunc/a2_proportion_t/breakfast_p/breakfast_dishes_count","model_fits/finalized_redone_trunc/a1_proportion/total/mpbamod_dishes_count","a2_proportion_t","breakfast_p",1,"pooled",NA,"level",NA,"matched_baseline",-0.0700797676482958,-0.0847567,-0.373380724583333,0.369770098408333
"model_fits/finalized_redone_trunc/a2_proportion_t/breakfast_p/breakfast_dishes_presence","model_fits/finalized_redone_trunc/a1_proportion/total/mpbamod_dishes_prop","a2_proportion_t","breakfast_p",NA,"restaurant","2HRX9P6HKXA8V","level","exposure_2HRX9P6HKXA8V_1","primary",1.06680075776532,0.8581515,-1.68472908025,4.85791475
"model_fits/finalized_redone_trunc/a2_proportion_t/breakfast_p/breakfast_dishes_presence","model_fits/finalized_redone_trunc/a1_proportion/total/mpbamod_dishes_prop","a2_proportion_t","breakfast_p",NA,"restaurant","ED5J990H5VAZT","level","exposure_ED5J990H5VAZT_1","primary",-0.9444356758315,-0.9504545,-1.395333225,-0.4815518825
"model_fits/finalized_redone_trunc/a2_proportion_t/breakfast_p/breakfast_dishes_presence","model_fits/finalized_redone_trunc/a1_proportion/total/mpbamod_dishes_prop","a2_proportion_t","breakfast_p",NA,"restaurant","L69HYJ4Y3TR91","level","exposure_L69HYJ4Y3TR91_1","primary",-0.8215022138152,-0.784264,-3.2880614,1.483374425
"model_fits/finalized_redone_trunc/a2_proportion_t/breakfast_p/breakfast_dishes_presence","model_fits/finalized_redone_trunc/a1_proportion/total/mpbamod_dishes_prop","a2_proportion_t","breakfast_p",1,"pooled",NA,"level",NA,"matched_baseline",-0.192989858714275,-0.257845666666667,-1.55091057333333,1.53947005
"model_fits/finalized_redone_trunc/a2_proportion_t/chicken_p/chicken_dishes_count","model_fits/finalized_redone_trunc/a1_proportion/total/mpbamod_dishes_count","a2_proportion_t","chicken_p",NA,"restaurant","JHDN7CF1C03X5","level","exposure_JHDN7CF1C03X5_1","primary",0.0624633969723,0.062400885,0.01125213,0.11377498
"model_fits/finalized_redone_trunc/a2_proportion_t/chicken_p/chicken_dishes_count","model_fits/finalized_redone_trunc/a1_proportion/total/mpbamod_dishes_count","a2_proportion_t","chicken_p",NA,"restaurant","W8T41JZK0ZMEP","level","exposure_W8T41JZK0ZMEP_1","primary",0.105451589984875,0.1039051,0.0332611675,0.1871279925
"model_fits/finalized_redone_trunc/a2_proportion_t/chicken_p/chicken_dishes_count","model_fits/finalized_redone_trunc/a1_proportion/total/mpbamod_dishes_count","a2_proportion_t","chicken_p",1,"pooled",NA,"level",NA,"matched_baseline",0.0882832425233,0.07767845,-0.3710078265,0.616680296125
"model_fits/finalized_redone_trunc/a2_proportion_t/chicken_p/chicken_dishes_presence","model_fits/finalized_redone_trunc/a1_proportion/total/mpbamod_dishes_prop","a2_proportion_t","chicken_p",NA,"restaurant","JHDN7CF1C03X5","level","exposure_JHDN7CF1C03X5_1","primary",1.15607938260758,0.94022195,-1.0938974225,4.57688
"model_fits/finalized_redone_trunc/a2_proportion_t/chicken_p/chicken_dishes_presence","model_fits/finalized_redone_trunc/a1_proportion/total/mpbamod_dishes_prop","a2_proportion_t","chicken_p",NA,"restaurant","W8T41JZK0ZMEP","level","exposure_W8T41JZK0ZMEP_1","primary",-0.29471037338925,-0.295046,-1.278148425,0.673647425
"model_fits/finalized_redone_trunc/a2_proportion_t/chicken_p/chicken_dishes_presence","model_fits/finalized_redone_trunc/a1_proportion/total/mpbamod_dishes_prop","a2_proportion_t","chicken_p",1,"pooled",NA,"level",NA,"matched_baseline",0.209759721280413,0.19859635,-1.14104445,1.629954175
"model_fits/finalized_redone_trunc/a2_proportion_t/dairy_p/dairy_dishes_count","model_fits/finalized_redone_trunc/a1_proportion/total/mpbamod_dishes_count","a2_proportion_t","dairy_p",NA,"restaurant","ED5J990H5VAZT","level","exposure_ED5J990H5VAZT_1","primary",0.011255551537425,0.0119798,-0.0253221725,0.043150057
"model_fits/finalized_redone_trunc/a2_proportion_t/dairy_p/dairy_dishes_count","model_fits/finalized_redone_trunc/a1_proportion/total/mpbamod_dishes_count","a2_proportion_t","dairy_p",NA,"restaurant","JHDN7CF1C03X5","level","exposure_JHDN7CF1C03X5_1","primary",0.034913143796375,0.034978838,-0.0017486,0.074271091
"model_fits/finalized_redone_trunc/a2_proportion_t/dairy_p/dairy_dishes_count","model_fits/finalized_redone_trunc/a1_proportion/total/mpbamod_dishes_count","a2_proportion_t","dairy_p",NA,"restaurant","W8T41JZK0ZMEP","level","exposure_W8T41JZK0ZMEP_1","primary",0.020210096368625,0.020235925,-0.0085377975,0.04764566125
"model_fits/finalized_redone_trunc/a2_proportion_t/dairy_p/dairy_dishes_count","model_fits/finalized_redone_trunc/a1_proportion/total/mpbamod_dishes_count","a2_proportion_t","dairy_p",1,"pooled",NA,"level",NA,"matched_baseline",0.0227577296030917,0.0229250483333333,-0.01177291875,0.0604818570833333
"model_fits/finalized_redone_trunc/a2_proportion_t/dairy_p/dairy_dishes_presence","model_fits/finalized_redone_trunc/a1_proportion/total/mpbamod_dishes_prop","a2_proportion_t","dairy_p",NA,"restaurant","ED5J990H5VAZT","level","exposure_ED5J990H5VAZT_1","primary",-0.33634274082355,-0.33366449,-0.69433517,0.030395065
"model_fits/finalized_redone_trunc/a2_proportion_t/dairy_p/dairy_dishes_presence","model_fits/finalized_redone_trunc/a1_proportion/total/mpbamod_dishes_prop","a2_proportion_t","dairy_p",NA,"restaurant","JHDN7CF1C03X5","level","exposure_JHDN7CF1C03X5_1","primary",1.2000911999438,0.7241135,-0.89839358,9.0644169
"model_fits/finalized_redone_trunc/a2_proportion_t/dairy_p/dairy_dishes_presence","model_fits/finalized_redone_trunc/a1_proportion/total/mpbamod_dishes_prop","a2_proportion_t","dairy_p",NA,"restaurant","W8T41JZK0ZMEP","level","exposure_W8T41JZK0ZMEP_1","primary",-0.438237093717242,-0.47323365,-2.6708415,1.89777885
"model_fits/finalized_redone_trunc/a2_proportion_t/dairy_p/dairy_dishes_presence","model_fits/finalized_redone_trunc/a1_proportion/total/mpbamod_dishes_prop","a2_proportion_t","dairy_p",1,"pooled",NA,"level",NA,"matched_baseline",-0.0768176723499583,-0.0968891,-1.249951725,1.17068515
"model_fits/finalized_redone_trunc/a2_proportion_t/egg_p/egg_dishes_count","model_fits/finalized_redone_trunc/a1_proportion/total/mpbamod_dishes_count","a2_proportion_t","egg_p",NA,"restaurant","ED5J990H5VAZT","level","exposure_ED5J990H5VAZT_1","primary",0.006671475721255,0.0066065,-0.0401954135,0.05252549
"model_fits/finalized_redone_trunc/a2_proportion_t/egg_p/egg_dishes_count","model_fits/finalized_redone_trunc/a1_proportion/total/mpbamod_dishes_count","a2_proportion_t","egg_p",NA,"restaurant","W8T41JZK0ZMEP","level","exposure_W8T41JZK0ZMEP_1","primary",0.038468630489375,0.0379961,0.0018335975,0.07559833725
"model_fits/finalized_redone_trunc/a2_proportion_t/egg_p/egg_dishes_count","model_fits/finalized_redone_trunc/a1_proportion/total/mpbamod_dishes_count","a2_proportion_t","egg_p",1,"pooled",NA,"level",NA,"matched_baseline",0.031152292315925,0.0238256475,-0.44573811125,0.572139979
"model_fits/finalized_redone_trunc/a2_proportion_t/egg_p/egg_dishes_presence","model_fits/finalized_redone_trunc/a1_proportion/total/mpbamod_dishes_prop","a2_proportion_t","egg_p",NA,"restaurant","ED5J990H5VAZT","level","exposure_ED5J990H5VAZT_1","primary",-0.236314482917825,-0.237939525,-0.64461134425,0.199395565
"model_fits/finalized_redone_trunc/a2_proportion_t/egg_p/egg_dishes_presence","model_fits/finalized_redone_trunc/a1_proportion/total/mpbamod_dishes_prop","a2_proportion_t","egg_p",NA,"restaurant","W8T41JZK0ZMEP","level","exposure_W8T41JZK0ZMEP_1","primary",-0.46322809289425,-0.4235205,-2.639375225,1.5779791875
"model_fits/finalized_redone_trunc/a2_proportion_t/egg_p/egg_dishes_presence","model_fits/finalized_redone_trunc/a1_proportion/total/mpbamod_dishes_prop","a2_proportion_t","egg_p",1,"pooled",NA,"level",NA,"matched_baseline",-0.3394284201178,-0.33454195,-1.5427319625,0.90872466
"model_fits/finalized_redone_trunc/a2_proportion_t/untextured_p/untextured_dishes_count","model_fits/finalized_redone_trunc/a1_proportion/total/mpbamod_dishes_count","a2_proportion_t","untextured_p",NA,"restaurant","SRQS8F7JWA9MZ","level","exposure_SRQS8F7JWA9MZ_1","primary",-0.09083077913475,-0.09452395,-0.19839692425,0.03622584
"model_fits/finalized_redone_trunc/a2_proportion_t/untextured_p/untextured_dishes_count","model_fits/finalized_redone_trunc/a1_proportion/total/mpbamod_dishes_count","a2_proportion_t","untextured_p",1,"pooled",NA,"level",NA,"matched_baseline",-0.09083077913475,-0.09452395,-0.19839692425,0.03622584
"model_fits/finalized_redone_trunc/a2_proportion_t/untextured_p/untextured_dishes_presence","model_fits/finalized_redone_trunc/a1_proportion/total/mpbamod_dishes_prop","a2_proportion_t","untextured_p",NA,"restaurant","SRQS8F7JWA9MZ","level","exposure_SRQS8F7JWA9MZ_1","primary",-1.58915029860975,-1.5923935,-2.2598307625,-0.919296435
"model_fits/finalized_redone_trunc/a2_proportion_t/untextured_p/untextured_dishes_presence","model_fits/finalized_redone_trunc/a1_proportion/total/mpbamod_dishes_prop","a2_proportion_t","untextured_p",1,"pooled",NA,"level",NA,"matched_baseline",-1.58915029860975,-1.5923935,-2.2598307625,-0.919296435
"model_fits/finalized_redone_trunc_cp/a3_its/chicken_fish","model_fits/finalized_redone_trunc_cp/a3_its/total","a3_its","chicken_fish",NA,"restaurant","VLZX7K2M9QD4T","level","exposure_VLZX7K2M9QD4T_1","primary",-0.0534587504920817,-0.0533269375,-0.148374487,0.04006447425
"model_fits/finalized_redone_trunc_cp/a3_its/chicken_fish","model_fits/finalized_redone_trunc_cp/a3_its/total","a3_its","chicken_fish",NA,"restaurant","2HRX9P6HKXA8V","level","exposure_2HRX9P6HKXA8V_1","primary",-0.0625246821340833,-0.057563285,-0.32135307,0.180570215
"model_fits/finalized_redone_trunc_cp/a3_its/chicken_fish","model_fits/finalized_redone_trunc_cp/a3_its/total","a3_its","chicken_fish",NA,"restaurant","JHDN7CF1C03X5","level","exposure_JHDN7CF1C03X5_1","primary",-0.0876264186065033,-0.08832011,-0.2063399025,0.027683965
"model_fits/finalized_redone_trunc_cp/a3_its/chicken_fish","model_fits/finalized_redone_trunc_cp/a3_its/total","a3_its","chicken_fish",NA,"restaurant","L69HYJ4Y3TR91","level","exposure_L69HYJ4Y3TR91_1","primary",-0.160627694485288,-0.1425809,-0.635309675,0.225528287499999
"model_fits/finalized_redone_trunc_cp/a3_its/chicken_fish","model_fits/finalized_redone_trunc_cp/a3_its/total","a3_its","chicken_fish",NA,"restaurant","ED5J990H5VAZT","level","exposure_ED5J990H5VAZT_1","primary",-0.223432776136933,-0.17415015,-0.726490877,0.0511310294999998
"model_fits/finalized_redone_trunc_cp/a3_its/chicken_fish","model_fits/finalized_redone_trunc_cp/a3_its/total","a3_its","chicken_fish",NA,"restaurant","VLZX7K2M9QD4T","slope","exposure_VLZX7K2M9QD4T_1_slope","primary",-0.4028255906895,-0.3991143,-1.267867,0.469273849999998
"model_fits/finalized_redone_trunc_cp/a3_its/chicken_fish","model_fits/finalized_redone_trunc_cp/a3_its/total","a3_its","chicken_fish",NA,"restaurant","2HRX9P6HKXA8V","slope","exposure_2HRX9P6HKXA8V_1_slope","primary",-0.267864664671983,-0.2681765,-0.9369098475,0.344930825
"model_fits/finalized_redone_trunc_cp/a3_its/chicken_fish","model_fits/finalized_redone_trunc_cp/a3_its/total","a3_its","chicken_fish",NA,"restaurant","JHDN7CF1C03X5","slope","exposure_JHDN7CF1C03X5_1_slope","primary",-0.0330074671666667,-0.034949,-0.2981051,0.242213425
"model_fits/finalized_redone_trunc_cp/a3_its/chicken_fish","model_fits/finalized_redone_trunc_cp/a3_its/total","a3_its","chicken_fish",NA,"restaurant","L69HYJ4Y3TR91","slope","exposure_L69HYJ4Y3TR91_1_slope","primary",-0.0731934466636667,-0.087767,-1.65857195,1.60043665
"model_fits/finalized_redone_trunc_cp/a3_its/chicken_fish","model_fits/finalized_redone_trunc_cp/a3_its/total","a3_its","chicken_fish",NA,"restaurant","ED5J990H5VAZT","slope","exposure_ED5J990H5VAZT_1_slope","primary",0.679810471983333,0.685066,-0.038353775,1.385655075
"model_fits/finalized_redone_trunc_cp/a3_its/chicken_fish","model_fits/finalized_redone_trunc_cp/a3_its/total","a3_its","chicken_fish",1,"pooled",NA,"level",NA,"matched_baseline",-0.12027481688497,-0.09754038,-0.4433840315,0.05412581955
"model_fits/finalized_redone_trunc_cp/a3_its/chicken_fish","model_fits/finalized_redone_trunc_cp/a3_its/total","a3_its","chicken_fish",2,"pooled",NA,"slope",NA,"matched_baseline",-0.111003326612567,-0.0839539,-0.966287105,0.591309539999999
"model_fits/finalized_redone_trunc_cp/a4_its_t/breakfast","model_fits/finalized_redone_trunc_cp/a3_its/total","a4_its_t","breakfast",NA,"restaurant","2HRX9P6HKXA8V","level","exposure_2HRX9P6HKXA8V_1","primary",-0.170474018949533,-0.17257895,-0.414721439,0.0872065324999999
"model_fits/finalized_redone_trunc_cp/a4_its_t/breakfast","model_fits/finalized_redone_trunc_cp/a3_its/total","a4_its_t","breakfast",NA,"restaurant","L69HYJ4Y3TR91","level","exposure_L69HYJ4Y3TR91_1","primary",-0.20183976619735,-0.21018925,-0.521896975,0.145177367499999
"model_fits/finalized_redone_trunc_cp/a4_its_t/breakfast","model_fits/finalized_redone_trunc_cp/a3_its/total","a4_its_t","breakfast",NA,"restaurant","ED5J990H5VAZT","level","exposure_ED5J990H5VAZT_1","primary",-0.329983897400067,-0.3135942,-0.7064187675,-0.0311944074
"model_fits/finalized_redone_trunc_cp/a4_its_t/breakfast","model_fits/finalized_redone_trunc_cp/a3_its/total","a4_its_t","breakfast",NA,"restaurant","2HRX9P6HKXA8V","slope","exposure_2HRX9P6HKXA8V_1_slope","primary",-1.24531310520667,-1.246275,-1.85874055,-0.6268146
"model_fits/finalized_redone_trunc_cp/a4_its_t/breakfast","model_fits/finalized_redone_trunc_cp/a3_its/total","a4_its_t","breakfast",NA,"restaurant","L69HYJ4Y3TR91","slope","exposure_L69HYJ4Y3TR91_1_slope","primary",-1.07141013097277,-1.06651285,-2.54100765,0.352111775
"model_fits/finalized_redone_trunc_cp/a4_its_t/breakfast","model_fits/finalized_redone_trunc_cp/a3_its/total","a4_its_t","breakfast",NA,"restaurant","ED5J990H5VAZT","slope","exposure_ED5J990H5VAZT_1_slope","primary",-0.4726558153468,-0.475505,-1.094023525,0.142837525
"model_fits/finalized_redone_trunc_cp/a4_its_t/breakfast","model_fits/finalized_redone_trunc_cp/a3_its/total","a4_its_t","breakfast",1,"pooled",NA,"level",NA,"matched_baseline",-0.224727579316917,-0.22724635,-0.69762411725,0.290879823333333
"model_fits/finalized_redone_trunc_cp/a4_its_t/breakfast","model_fits/finalized_redone_trunc_cp/a3_its/total","a4_its_t","breakfast",2,"pooled",NA,"slope",NA,"matched_baseline",-0.884057823914022,-0.901991666666667,-1.81626668333333,0.13534975
"model_fits/finalized_redone_trunc_cp/a4_its_t/textured","model_fits/finalized_redone_trunc_cp/a3_its/total","a4_its_t","textured",NA,"restaurant","VLZX7K2M9QD4T","level","exposure_VLZX7K2M9QD4T_1","primary",0.152837295030918,0.15243175,0.056481755,0.2517756
"model_fits/finalized_redone_trunc_cp/a4_its_t/textured","model_fits/finalized_redone_trunc_cp/a3_its/total","a4_its_t","textured",NA,"restaurant","VLZX7K2M9QD4T","slope","exposure_VLZX7K2M9QD4T_1_slope","primary",-0.927664088797417,-0.9436115,-1.8092365,0.0417589349999999
"model_fits/finalized_redone_trunc_cp/a4_its_t/textured","model_fits/finalized_redone_trunc_cp/a3_its/total","a4_its_t","textured",1,"pooled",NA,"level",NA,"matched_baseline",0.152837295030918,0.15243175,0.056481755,0.2517756
"model_fits/finalized_redone_trunc_cp/a4_its_t/textured","model_fits/finalized_redone_trunc_cp/a3_its/total","a4_its_t","textured",2,"pooled",NA,"slope",NA,"matched_baseline",-0.927664088797417,-0.9436115,-1.8092365,0.0417589349999999
"model_fits/finalized_redone_trunc_cp/a4_its_t/untextured","model_fits/finalized_redone_trunc_cp/a3_its/total","a4_its_t","untextured",NA,"restaurant","SRQS8F7JWA9MZ","level","exposure_SRQS8F7JWA9MZ_1","primary",0.0166448820565833,0.01255858,-0.146195485,0.201747745
"model_fits/finalized_redone_trunc_cp/a4_its_t/untextured","model_fits/finalized_redone_trunc_cp/a3_its/total","a4_its_t","untextured",NA,"restaurant","SRQS8F7JWA9MZ","level","exposure_SRQS8F7JWA9MZ_2","primary",-0.00678286035526,-0.009987075,-0.15961904,0.1589218275
"model_fits/finalized_redone_trunc_cp/a4_its_t/untextured","model_fits/finalized_redone_trunc_cp/a3_its/total","a4_its_t","untextured",NA,"restaurant","SRQS8F7JWA9MZ","slope","exposure_SRQS8F7JWA9MZ_1_slope","primary",0.459676061690167,0.516207,-0.870645775,1.557302425
"model_fits/finalized_redone_trunc_cp/a4_its_t/untextured","model_fits/finalized_redone_trunc_cp/a3_its/total","a4_its_t","untextured",NA,"restaurant","SRQS8F7JWA9MZ","slope","exposure_SRQS8F7JWA9MZ_2_slope","primary",-0.475106970335558,-0.53352,-1.5219403,0.839579674999997
"model_fits/finalized_redone_trunc_cp/a4_its_t/untextured","model_fits/finalized_redone_trunc_cp/a3_its/total","a4_its_t","untextured",1,"pooled",NA,"level",NA,"matched_baseline",0.020608600680675,0.001479625,-0.72300659125,0.857813258749999
"model_fits/finalized_redone_trunc_cp/a4_its_t/untextured","model_fits/finalized_redone_trunc_cp/a3_its/total","a4_its_t","untextured",2,"pooled",NA,"slope",NA,"matched_baseline",0.0273957533893333,0.00868574999999999,-0.918601125,1.0542431375
"model_fits/finalized_redone_trunc_cp/a6_customer_t_day/breakfast","model_fits/finalized_redone_trunc_cp/a5_customer_day/total","a6_customer_t_day","breakfast",NA,"restaurant","2HRX9P6HKXA8V","level","exposure_2HRX9P6HKXA8V_1","primary",0.101837211005067,0.092659552,-0.131511665,0.38058779
"model_fits/finalized_redone_trunc_cp/a6_customer_t_day/breakfast","model_fits/finalized_redone_trunc_cp/a5_customer_day/total","a6_customer_t_day","breakfast",NA,"restaurant","L69HYJ4Y3TR91","level","exposure_L69HYJ4Y3TR91_1","primary",-0.0333816650551833,-0.0196054,-0.337399625,0.202030865
"model_fits/finalized_redone_trunc_cp/a6_customer_t_day/breakfast","model_fits/finalized_redone_trunc_cp/a5_customer_day/total","a6_customer_t_day","breakfast",NA,"restaurant","ED5J990H5VAZT","level","exposure_ED5J990H5VAZT_1","primary",0.04363694400753,0.043197245,-0.04616991,0.1329808075
"model_fits/finalized_redone_trunc_cp/a6_customer_t_day/breakfast","model_fits/finalized_redone_trunc_cp/a5_customer_day/total","a6_customer_t_day","breakfast",NA,"restaurant","2HRX9P6HKXA8V","slope","exposure_2HRX9P6HKXA8V_1_slope","primary",0.0204332006711,0.02035705,-0.253683785,0.2880771525
"model_fits/finalized_redone_trunc_cp/a6_customer_t_day/breakfast","model_fits/finalized_redone_trunc_cp/a5_customer_day/total","a6_customer_t_day","breakfast",NA,"restaurant","L69HYJ4Y3TR91","slope","exposure_L69HYJ4Y3TR91_1_slope","primary",0.1950439735993,0.1636744,-0.536306,1.071730925
"model_fits/finalized_redone_trunc_cp/a6_customer_t_day/breakfast","model_fits/finalized_redone_trunc_cp/a5_customer_day/total","a6_customer_t_day","breakfast",NA,"restaurant","ED5J990H5VAZT","slope","exposure_ED5J990H5VAZT_1_slope","primary",0.110011063927207,0.11020205,-0.08405634,0.306441765
"model_fits/finalized_redone_trunc_cp/a6_customer_t_day/breakfast","model_fits/finalized_redone_trunc_cp/a5_customer_day/total","a6_customer_t_day","breakfast",NA,"restaurant","2HRX9P6HKXA8V","gender_male","exposure_2HRX9P6HKXA8V_1_gendermale","primary",-0.0728676912299667,-0.0759861,-0.3097298275,0.1731670425
"model_fits/finalized_redone_trunc_cp/a6_customer_t_day/breakfast","model_fits/finalized_redone_trunc_cp/a5_customer_day/total","a6_customer_t_day","breakfast",NA,"restaurant","2HRX9P6HKXA8V","gender_female","exposure_2HRX9P6HKXA8V_1_genderfemale","primary",0.0290862902610333,0.031582,-0.2574465675,0.3140636125
"model_fits/finalized_redone_trunc_cp/a6_customer_t_day/breakfast","model_fits/finalized_redone_trunc_cp/a5_customer_day/total","a6_customer_t_day","breakfast",NA,"restaurant","L69HYJ4Y3TR91","gender_male","exposure_L69HYJ4Y3TR91_1_gendermale","primary",-0.271649526682167,-0.2719903,-0.492809625,-0.05502678375
"model_fits/finalized_redone_trunc_cp/a6_customer_t_day/breakfast","model_fits/finalized_redone_trunc_cp/a5_customer_day/total","a6_customer_t_day","breakfast",NA,"restaurant","L69HYJ4Y3TR91","gender_female","exposure_L69HYJ4Y3TR91_1_genderfemale","primary",0.0413610984319333,0.04152275,-0.161337525,0.2464233085
"model_fits/finalized_redone_trunc_cp/a6_customer_t_day/breakfast","model_fits/finalized_redone_trunc_cp/a5_customer_day/total","a6_customer_t_day","breakfast",NA,"restaurant","ED5J990H5VAZT","gender_male","exposure_ED5J990H5VAZT_1_gendermale","primary",-0.0635521673893,-0.063269995,-0.1207348175,-0.00673764999999998
"model_fits/finalized_redone_trunc_cp/a6_customer_t_day/breakfast","model_fits/finalized_redone_trunc_cp/a5_customer_day/total","a6_customer_t_day","breakfast",NA,"restaurant","ED5J990H5VAZT","gender_female","exposure_ED5J990H5VAZT_1_genderfemale","primary",-0.0733002579969333,-0.0730523,-0.13007703,-0.0176486335
"model_fits/finalized_redone_trunc_cp/a6_customer_t_day/breakfast","model_fits/finalized_redone_trunc_cp/a5_customer_day/total","a6_customer_t_day","breakfast",1,"pooled",NA,"level",NA,"matched_baseline",0.0595832540190756,0.0485345333333333,-0.134335618333333,0.299504428333334
"model_fits/finalized_redone_trunc_cp/a6_customer_t_day/breakfast","model_fits/finalized_redone_trunc_cp/a5_customer_day/total","a6_customer_t_day","breakfast",2,"pooled",NA,"slope",NA,"matched_baseline",0.106506394067647,0.08925935,-0.361101540833333,0.726255820833334
"model_fits/finalized_redone_trunc_cp/a6_customer_t_day/breakfast","model_fits/finalized_redone_trunc_cp/a5_customer_day/total","a6_customer_t_day","breakfast",3,"pooled",NA,"gender_male",NA,"matched_baseline",-0.0651641112326111,-0.122462533333333,-0.319571610833333,0.475457715833333
"model_fits/finalized_redone_trunc_cp/a6_customer_t_day/breakfast","model_fits/finalized_redone_trunc_cp/a5_customer_day/total","a6_customer_t_day","breakfast",4,"pooled",NA,"gender_female",NA,"matched_baseline",0.0321377088986556,0.0189858333333333,-0.2205874235,0.367889795
"model_fits/finalized_redone_trunc_cp/a6_customer_t_day/untextured","model_fits/finalized_redone_trunc_cp/a5_customer_day/total","a6_customer_t_day","untextured",NA,"restaurant","SRQS8F7JWA9MZ","level","exposure_SRQS8F7JWA9MZ_1","primary",0.1302776549729,0.1281159,-0.1443867975,0.421573299
"model_fits/finalized_redone_trunc_cp/a6_customer_t_day/untextured","model_fits/finalized_redone_trunc_cp/a5_customer_day/total","a6_customer_t_day","untextured",NA,"restaurant","SRQS8F7JWA9MZ","level","exposure_SRQS8F7JWA9MZ_2","primary",0.05837858501494,0.05787635,-0.18142568625,0.2948955675
"model_fits/finalized_redone_trunc_cp/a6_customer_t_day/untextured","model_fits/finalized_redone_trunc_cp/a5_customer_day/total","a6_customer_t_day","untextured",NA,"restaurant","SRQS8F7JWA9MZ","slope","exposure_SRQS8F7JWA9MZ_1_slope","primary",-0.413463127472967,-0.351771,-1.8770176925,0.765873265
"model_fits/finalized_redone_trunc_cp/a6_customer_t_day/untextured","model_fits/finalized_redone_trunc_cp/a5_customer_day/total","a6_customer_t_day","untextured",NA,"restaurant","SRQS8F7JWA9MZ","slope","exposure_SRQS8F7JWA9MZ_2_slope","primary",0.134680353879767,0.0531073,-1.17265955,1.6548630675
"model_fits/finalized_redone_trunc_cp/a6_customer_t_day/untextured","model_fits/finalized_redone_trunc_cp/a5_customer_day/total","a6_customer_t_day","untextured",NA,"restaurant","SRQS8F7JWA9MZ","gender_male","exposure_SRQS8F7JWA9MZ_1_gendermale","primary",-0.230426519862167,-0.2239487,-0.4972172,0.00762766205000018
"model_fits/finalized_redone_trunc_cp/a6_customer_t_day/untextured","model_fits/finalized_redone_trunc_cp/a5_customer_day/total","a6_customer_t_day","untextured",NA,"restaurant","SRQS8F7JWA9MZ","gender_female","exposure_SRQS8F7JWA9MZ_1_genderfemale","primary",0.0864228306581403,0.07656755,-0.1236157605,0.3291762275
"model_fits/finalized_redone_trunc_cp/a6_customer_t_day/untextured","model_fits/finalized_redone_trunc_cp/a5_customer_day/total","a6_customer_t_day","untextured",NA,"restaurant","SRQS8F7JWA9MZ","gender_male","exposure_SRQS8F7JWA9MZ_2_gendermale","primary",0.194226094219233,0.18914583,-0.0568542625,0.466626155
"model_fits/finalized_redone_trunc_cp/a6_customer_t_day/untextured","model_fits/finalized_redone_trunc_cp/a5_customer_day/total","a6_customer_t_day","untextured",NA,"restaurant","SRQS8F7JWA9MZ","gender_female","exposure_SRQS8F7JWA9MZ_2_genderfemale","primary",-0.0476699547440333,-0.03807755,-0.2999138325,0.172052755
"model_fits/finalized_redone_trunc_cp/a6_customer_t_day/untextured","model_fits/finalized_redone_trunc_cp/a5_customer_day/total","a6_customer_t_day","untextured",1,"pooled",NA,"level",NA,"matched_baseline",0.16852417248426,0.065854825,-0.43025131625,1.49339240225
"model_fits/finalized_redone_trunc_cp/a6_customer_t_day/untextured","model_fits/finalized_redone_trunc_cp/a5_customer_day/total","a6_customer_t_day","untextured",2,"pooled",NA,"slope",NA,"matched_baseline",0.0943451168922167,0.07153875,-0.694835985,1.0302702875
"model_fits/finalized_redone_trunc_cp/a6_customer_t_day/untextured","model_fits/finalized_redone_trunc_cp/a5_customer_day/total","a6_customer_t_day","untextured",3,"pooled",NA,"gender_male",NA,"matched_baseline",-0.0294469526976333,-0.097645275,-0.5381491075,0.685592770000001
"model_fits/finalized_redone_trunc_cp/a6_customer_t_day/untextured","model_fits/finalized_redone_trunc_cp/a5_customer_day/total","a6_customer_t_day","untextured",4,"pooled",NA,"gender_female",NA,"matched_baseline",0.0151060961464333,0.0301181195,-0.371735870375,0.25978748125
"model_fits/finalized_redone_trunc_cp/t2_a1_proportion/chicken_fish/mpbamod_dishes_count","model_fits/finalized_redone_trunc_cp/t2_a1_proportion/total/mpbamod_dishes_count","t2_a1_proportion","chicken_fish",NA,"restaurant","1SQPTEGYPH0GA","level","exposure_1SQPTEGYPH0GA_1","primary",0.15298859300518,0.152690795,0.054762333325,0.2552104382575
"model_fits/finalized_redone_trunc_cp/t2_a1_proportion/chicken_fish/mpbamod_dishes_count","model_fits/finalized_redone_trunc_cp/t2_a1_proportion/total/mpbamod_dishes_count","t2_a1_proportion","chicken_fish",NA,"restaurant","2HRX9P6HKXA8V","level","exposure_2HRX9P6HKXA8V_1","primary",0.084257689985487,0.0901689025,-0.126084920106,0.2829110957
"model_fits/finalized_redone_trunc_cp/t2_a1_proportion/chicken_fish/mpbamod_dishes_count","model_fits/finalized_redone_trunc_cp/t2_a1_proportion/total/mpbamod_dishes_count","t2_a1_proportion","chicken_fish",NA,"restaurant","78AY09MVJVTYE","level","exposure_78AY09MVJVTYE_1","primary",0.19314214992672,0.192129883,0.0815062431125,0.31542621775
"model_fits/finalized_redone_trunc_cp/t2_a1_proportion/chicken_fish/mpbamod_dishes_count","model_fits/finalized_redone_trunc_cp/t2_a1_proportion/total/mpbamod_dishes_count","t2_a1_proportion","chicken_fish",NA,"restaurant","9XKJD8DQTH559","level","exposure_9XKJD8DQTH559_1","primary",-0.0195681867942667,-0.0201459765,-0.04519273765,0.010539022575
"model_fits/finalized_redone_trunc_cp/t2_a1_proportion/chicken_fish/mpbamod_dishes_count","model_fits/finalized_redone_trunc_cp/t2_a1_proportion/total/mpbamod_dishes_count","t2_a1_proportion","chicken_fish",NA,"restaurant","C0BE4NDSW26QN","level","exposure_C0BE4NDSW26QN_1","primary",0.015370348886547,0.018732721,-0.1578273181,0.176767638425
"model_fits/finalized_redone_trunc_cp/t2_a1_proportion/chicken_fish/mpbamod_dishes_count","model_fits/finalized_redone_trunc_cp/t2_a1_proportion/total/mpbamod_dishes_count","t2_a1_proportion","chicken_fish",NA,"restaurant","CB2KHY1C2G9PT","level","exposure_CB2KHY1C2G9PT_1","primary",0.186208747927525,0.184020912,0.06494674975,0.319947739025
"model_fits/finalized_redone_trunc_cp/t2_a1_proportion/chicken_fish/mpbamod_dishes_count","model_fits/finalized_redone_trunc_cp/t2_a1_proportion/total/mpbamod_dishes_count","t2_a1_proportion","chicken_fish",NA,"restaurant","ED5J990H5VAZT","level","exposure_ED5J990H5VAZT_1","primary",-0.00709307977757444,-0.0064636965,-0.04524493014,0.0284962763
"model_fits/finalized_redone_trunc_cp/t2_a1_proportion/chicken_fish/mpbamod_dishes_count","model_fits/finalized_redone_trunc_cp/t2_a1_proportion/total/mpbamod_dishes_count","t2_a1_proportion","chicken_fish",NA,"restaurant","EMBVNVD207CC6","level","exposure_EMBVNVD207CC6_1","primary",-0.17886250788001,-0.1755139885,-0.36556027325,-0.0189907919
"model_fits/finalized_redone_trunc_cp/t2_a1_proportion/chicken_fish/mpbamod_dishes_count","model_fits/finalized_redone_trunc_cp/t2_a1_proportion/total/mpbamod_dishes_count","t2_a1_proportion","chicken_fish",NA,"restaurant","JHDN7CF1C03X5","level","exposure_JHDN7CF1C03X5_1","primary",0.0217318033000035,0.02107001325,-0.02182375985,0.071768119605
"model_fits/finalized_redone_trunc_cp/t2_a1_proportion/chicken_fish/mpbamod_dishes_count","model_fits/finalized_redone_trunc_cp/t2_a1_proportion/total/mpbamod_dishes_count","t2_a1_proportion","chicken_fish",NA,"restaurant","L69HYJ4Y3TR91","level","exposure_L69HYJ4Y3TR91_1","primary",-0.0442246871354313,-0.0369337082,-0.273920579575,0.1622964562975
"model_fits/finalized_redone_trunc_cp/t2_a1_proportion/chicken_fish/mpbamod_dishes_count","model_fits/finalized_redone_trunc_cp/t2_a1_proportion/total/mpbamod_dishes_count","t2_a1_proportion","chicken_fish",NA,"restaurant","LBZEEFSBJNB3Z","level","exposure_LBZEEFSBJNB3Z_1","primary",0.0802194009227924,0.0785046895,-0.038370775565,0.212135669495
"model_fits/finalized_redone_trunc_cp/t2_a1_proportion/chicken_fish/mpbamod_dishes_count","model_fits/finalized_redone_trunc_cp/t2_a1_proportion/total/mpbamod_dishes_count","t2_a1_proportion","chicken_fish",NA,"restaurant","LFZFT3VASXPED","level","exposure_LFZFT3VASXPED_1","primary",-0.002857454884038,-0.01339199,-0.2488472512375,0.2954402803
"model_fits/finalized_redone_trunc_cp/t2_a1_proportion/chicken_fish/mpbamod_dishes_count","model_fits/finalized_redone_trunc_cp/t2_a1_proportion/total/mpbamod_dishes_count","t2_a1_proportion","chicken_fish",NA,"restaurant","LQ5EH4BKGV61T","level","exposure_LQ5EH4BKGV61T_1","primary",-0.0327993317344163,-0.03697347,-0.2538788990625,0.201012164175
"model_fits/finalized_redone_trunc_cp/t2_a1_proportion/chicken_fish/mpbamod_dishes_count","model_fits/finalized_redone_trunc_cp/t2_a1_proportion/total/mpbamod_dishes_count","t2_a1_proportion","chicken_fish",NA,"restaurant","S8MT0YGD2KTN9","level","exposure_S8MT0YGD2KTN9_1","primary",0.003291337106876,0.0046939315,-0.1685519073,0.164502304075
"model_fits/finalized_redone_trunc_cp/t2_a1_proportion/chicken_fish/mpbamod_dishes_count","model_fits/finalized_redone_trunc_cp/t2_a1_proportion/total/mpbamod_dishes_count","t2_a1_proportion","chicken_fish",NA,"restaurant","SAFK7ND1HR6XS","level","exposure_SAFK7ND1HR6XS_1","primary",-0.0245191528147967,-0.02973253,-0.25340582785,0.220991364375
"model_fits/finalized_redone_trunc_cp/t2_a1_proportion/chicken_fish/mpbamod_dishes_count","model_fits/finalized_redone_trunc_cp/t2_a1_proportion/total/mpbamod_dishes_count","t2_a1_proportion","chicken_fish",NA,"restaurant","V3Q26BHF3SE2H","level","exposure_V3Q26BHF3SE2H_1","primary",0.0250275577854627,0.0252189179,-0.056354070825,0.103959495725
"model_fits/finalized_redone_trunc_cp/t2_a1_proportion/chicken_fish/mpbamod_dishes_count","model_fits/finalized_redone_trunc_cp/t2_a1_proportion/total/mpbamod_dishes_count","t2_a1_proportion","chicken_fish",NA,"restaurant","W8T41JZK0ZMEP","level","exposure_W8T41JZK0ZMEP_1","primary",-0.0237931347213906,-0.024054083,-0.057670585125,0.0113878945775
"model_fits/finalized_redone_trunc_cp/t2_a1_proportion/chicken_fish/mpbamod_dishes_count","model_fits/finalized_redone_trunc_cp/t2_a1_proportion/total/mpbamod_dishes_count","t2_a1_proportion","chicken_fish",1,"pooled",NA,"level",NA,"matched_baseline",0.024623089036787,0.0245456816911765,-0.040648886155,0.0916889150467647
"model_fits/finalized_redone_trunc_cp/t2_a1_proportion/chicken_fish/mpbamod_dishes_prop","model_fits/finalized_redone_trunc_cp/t2_a1_proportion/total/mpbamod_dishes_prop","t2_a1_proportion","chicken_fish",NA,"restaurant","1SQPTEGYPH0GA","level","exposure_1SQPTEGYPH0GA_1","primary",5.03547113121697,5.01487785,1.98224094025,8.2026566075
"model_fits/finalized_redone_trunc_cp/t2_a1_proportion/chicken_fish/mpbamod_dishes_prop","model_fits/finalized_redone_trunc_cp/t2_a1_proportion/total/mpbamod_dishes_prop","t2_a1_proportion","chicken_fish",NA,"restaurant","2HRX9P6HKXA8V","level","exposure_2HRX9P6HKXA8V_1","primary",1.63079175280374,1.66377753,-3.36430585,6.40168152
"model_fits/finalized_redone_trunc_cp/t2_a1_proportion/chicken_fish/mpbamod_dishes_prop","model_fits/finalized_redone_trunc_cp/t2_a1_proportion/total/mpbamod_dishes_prop","t2_a1_proportion","chicken_fish",NA,"restaurant","78AY09MVJVTYE","level","exposure_78AY09MVJVTYE_1","primary",4.77892046315849,4.76776105,1.688072006,7.83803327
"model_fits/finalized_redone_trunc_cp/t2_a1_proportion/chicken_fish/mpbamod_dishes_prop","model_fits/finalized_redone_trunc_cp/t2_a1_proportion/total/mpbamod_dishes_prop","t2_a1_proportion","chicken_fish",NA,"restaurant","9XKJD8DQTH559","level","exposure_9XKJD8DQTH559_1","primary",0.550799734278677,0.544141705,-0.873143758575,2.0383889607
"model_fits/finalized_redone_trunc_cp/t2_a1_proportion/chicken_fish/mpbamod_dishes_prop","model_fits/finalized_redone_trunc_cp/t2_a1_proportion/total/mpbamod_dishes_prop","t2_a1_proportion","chicken_fish",NA,"restaurant","C0BE4NDSW26QN","level","exposure_C0BE4NDSW26QN_1","primary",1.27642747635146,1.28188855,-3.2742795675,5.850652155
"model_fits/finalized_redone_trunc_cp/t2_a1_proportion/chicken_fish/mpbamod_dishes_prop","model_fits/finalized_redone_trunc_cp/t2_a1_proportion/total/mpbamod_dishes_prop","t2_a1_proportion","chicken_fish",NA,"restaurant","CB2KHY1C2G9PT","level","exposure_CB2KHY1C2G9PT_1","primary",-4.14826004444667,-4.1242281,-6.2612449975,-2.1503756225
"model_fits/finalized_redone_trunc_cp/t2_a1_proportion/chicken_fish/mpbamod_dishes_prop","model_fits/finalized_redone_trunc_cp/t2_a1_proportion/total/mpbamod_dishes_prop","t2_a1_proportion","chicken_fish",NA,"restaurant","ED5J990H5VAZT","level","exposure_ED5J990H5VAZT_1","primary",-0.68424312387671,-0.682746115,-1.5138974195,0.125354818125
"model_fits/finalized_redone_trunc_cp/t2_a1_proportion/chicken_fish/mpbamod_dishes_prop","model_fits/finalized_redone_trunc_cp/t2_a1_proportion/total/mpbamod_dishes_prop","t2_a1_proportion","chicken_fish",NA,"restaurant","EMBVNVD207CC6","level","exposure_EMBVNVD207CC6_1","primary",-3.41798228935598,-3.3824618,-5.500002825,-1.53736684465
"model_fits/finalized_redone_trunc_cp/t2_a1_proportion/chicken_fish/mpbamod_dishes_prop","model_fits/finalized_redone_trunc_cp/t2_a1_proportion/total/mpbamod_dishes_prop","t2_a1_proportion","chicken_fish",NA,"restaurant","JHDN7CF1C03X5","level","exposure_JHDN7CF1C03X5_1","primary",4.03038513028062,4.01580585,2.165230202,5.9819415125
"model_fits/finalized_redone_trunc_cp/t2_a1_proportion/chicken_fish/mpbamod_dishes_prop","model_fits/finalized_redone_trunc_cp/t2_a1_proportion/total/mpbamod_dishes_prop","t2_a1_proportion","chicken_fish",NA,"restaurant","L69HYJ4Y3TR91","level","exposure_L69HYJ4Y3TR91_1","primary",-2.2420789160661,-2.200603065,-8.757509174,4.07343371335
"model_fits/finalized_redone_trunc_cp/t2_a1_proportion/chicken_fish/mpbamod_dishes_prop","model_fits/finalized_redone_trunc_cp/t2_a1_proportion/total/mpbamod_dishes_prop","t2_a1_proportion","chicken_fish",NA,"restaurant","LBZEEFSBJNB3Z","level","exposure_LBZEEFSBJNB3Z_1","primary",1.969734389351,1.990063265,-2.0150229525,5.7802747495
"model_fits/finalized_redone_trunc_cp/t2_a1_proportion/chicken_fish/mpbamod_dishes_prop","model_fits/finalized_redone_trunc_cp/t2_a1_proportion/total/mpbamod_dishes_prop","t2_a1_proportion","chicken_fish",NA,"restaurant","LFZFT3VASXPED","level","exposure_LFZFT3VASXPED_1","primary",-0.886667197255705,-0.910220575,-8.858373605,7.100889459325
"model_fits/finalized_redone_trunc_cp/t2_a1_proportion/chicken_fish/mpbamod_dishes_prop","model_fits/finalized_redone_trunc_cp/t2_a1_proportion/total/mpbamod_dishes_prop","t2_a1_proportion","chicken_fish",NA,"restaurant","LQ5EH4BKGV61T","level","exposure_LQ5EH4BKGV61T_1","primary",-2.63845222593593,-2.612960245,-7.8407836475,2.62742784400001
"model_fits/finalized_redone_trunc_cp/t2_a1_proportion/chicken_fish/mpbamod_dishes_prop","model_fits/finalized_redone_trunc_cp/t2_a1_proportion/total/mpbamod_dishes_prop","t2_a1_proportion","chicken_fish",NA,"restaurant","S8MT0YGD2KTN9","level","exposure_S8MT0YGD2KTN9_1","primary",-3.25350753094883,-3.3021315,-7.511767627,1.110002725
"model_fits/finalized_redone_trunc_cp/t2_a1_proportion/chicken_fish/mpbamod_dishes_prop","model_fits/finalized_redone_trunc_cp/t2_a1_proportion/total/mpbamod_dishes_prop","t2_a1_proportion","chicken_fish",NA,"restaurant","SAFK7ND1HR6XS","level","exposure_SAFK7ND1HR6XS_1","primary",-0.47541035272616,-0.495735,-5.034649666,4.0299205585
"model_fits/finalized_redone_trunc_cp/t2_a1_proportion/chicken_fish/mpbamod_dishes_prop","model_fits/finalized_redone_trunc_cp/t2_a1_proportion/total/mpbamod_dishes_prop","t2_a1_proportion","chicken_fish",NA,"restaurant","V3Q26BHF3SE2H","level","exposure_V3Q26BHF3SE2H_1","primary",-0.00605741155928333,-0.017056755,-1.35209195075,1.300537355025
"model_fits/finalized_redone_trunc_cp/t2_a1_proportion/chicken_fish/mpbamod_dishes_prop","model_fits/finalized_redone_trunc_cp/t2_a1_proportion/total/mpbamod_dishes_prop","t2_a1_proportion","chicken_fish",NA,"restaurant","W8T41JZK0ZMEP","level","exposure_W8T41JZK0ZMEP_1","primary",-0.296735465628983,-0.2955662065,-1.99952806775,1.41826752275
"model_fits/finalized_redone_trunc_cp/t2_a1_proportion/chicken_fish/mpbamod_dishes_prop","model_fits/finalized_redone_trunc_cp/t2_a1_proportion/total/mpbamod_dishes_prop","t2_a1_proportion","chicken_fish",1,"pooled",NA,"level",NA,"matched_baseline",0.198014469495433,0.203871911232353,-1.12501885059265,1.53089350481471
"model_fits/finalized_redone_trunc_cp/t2_a1_proportion/chicken_fish/vegan_dishes_count","model_fits/finalized_redone_trunc_cp/t2_a1_proportion/total/vegan_dishes_count","t2_a1_proportion","chicken_fish",NA,"restaurant","1SQPTEGYPH0GA","level","exposure_1SQPTEGYPH0GA_1","primary",0.00530601941,0.00484214500000001,-0.0426543985,0.0571115334999999
"model_fits/finalized_redone_trunc_cp/t2_a1_proportion/chicken_fish/vegan_dishes_count","model_fits/finalized_redone_trunc_cp/t2_a1_proportion/total/vegan_dishes_count","t2_a1_proportion","chicken_fish",NA,"restaurant","2HRX9P6HKXA8V","level","exposure_2HRX9P6HKXA8V_1","primary",-0.121324027288308,-0.1176386733,-0.2798208967,0.03454869704
"model_fits/finalized_redone_trunc_cp/t2_a1_proportion/chicken_fish/vegan_dishes_count","model_fits/finalized_redone_trunc_cp/t2_a1_proportion/total/vegan_dishes_count","t2_a1_proportion","chicken_fish",NA,"restaurant","78AY09MVJVTYE","level","exposure_78AY09MVJVTYE_1","primary",-0.046681188158654,-0.0461517475,-0.0885640661,-0.0076737760675
"model_fits/finalized_redone_trunc_cp/t2_a1_proportion/chicken_fish/vegan_dishes_count","model_fits/finalized_redone_trunc_cp/t2_a1_proportion/total/vegan_dishes_count","t2_a1_proportion","chicken_fish",NA,"restaurant","9XKJD8DQTH559","level","exposure_9XKJD8DQTH559_1","primary",-0.00247093240679,-0.0022767405,-0.0251604341,0.019948274825
"model_fits/finalized_redone_trunc_cp/t2_a1_proportion/chicken_fish/vegan_dishes_count","model_fits/finalized_redone_trunc_cp/t2_a1_proportion/total/vegan_dishes_count","t2_a1_proportion","chicken_fish",NA,"restaurant","C0BE4NDSW26QN","level","exposure_C0BE4NDSW26QN_1","primary",-0.003042332755781,-0.002896132,-0.05850921644,0.052012690925
"model_fits/finalized_redone_trunc_cp/t2_a1_proportion/chicken_fish/vegan_dishes_count","model_fits/finalized_redone_trunc_cp/t2_a1_proportion/total/vegan_dishes_count","t2_a1_proportion","chicken_fish",NA,"restaurant","CB2KHY1C2G9PT","level","exposure_CB2KHY1C2G9PT_1","primary",0.007999988556625,0.007500394,-0.0231229125375,0.039301060425
"model_fits/finalized_redone_trunc_cp/t2_a1_proportion/chicken_fish/vegan_dishes_count","model_fits/finalized_redone_trunc_cp/t2_a1_proportion/total/vegan_dishes_count","t2_a1_proportion","chicken_fish",NA,"restaurant","ED5J990H5VAZT","level","exposure_ED5J990H5VAZT_1","primary",0.061219750755,0.06007213,-0.08200634325,0.21230646375
"model_fits/finalized_redone_trunc_cp/t2_a1_proportion/chicken_fish/vegan_dishes_count","model_fits/finalized_redone_trunc_cp/t2_a1_proportion/total/vegan_dishes_count","t2_a1_proportion","chicken_fish",NA,"restaurant","EMBVNVD207CC6","level","exposure_EMBVNVD207CC6_1","primary",-0.14086872942179,-0.142570365,-0.33595037175,0.0659642724749999
"model_fits/finalized_redone_trunc_cp/t2_a1_proportion/chicken_fish/vegan_dishes_count","model_fits/finalized_redone_trunc_cp/t2_a1_proportion/total/vegan_dishes_count","t2_a1_proportion","chicken_fish",NA,"restaurant","JHDN7CF1C03X5","level","exposure_JHDN7CF1C03X5_1","primary",-0.0689511853921707,-0.0689016175,-0.09566175395,-0.041854410425
"model_fits/finalized_redone_trunc_cp/t2_a1_proportion/chicken_fish/vegan_dishes_count","model_fits/finalized_redone_trunc_cp/t2_a1_proportion/total/vegan_dishes_count","t2_a1_proportion","chicken_fish",NA,"restaurant","L69HYJ4Y3TR91","level","exposure_L69HYJ4Y3TR91_1","primary",0.045524865157966,0.04573767,-0.0989221516,0.196292158925
"model_fits/finalized_redone_trunc_cp/t2_a1_proportion/chicken_fish/vegan_dishes_count","model_fits/finalized_redone_trunc_cp/t2_a1_proportion/total/vegan_dishes_count","t2_a1_proportion","chicken_fish",NA,"restaurant","LBZEEFSBJNB3Z","level","exposure_LBZEEFSBJNB3Z_1","primary",0.0807651011553,0.081779176,-0.013629176675,0.172018504625
"model_fits/finalized_redone_trunc_cp/t2_a1_proportion/chicken_fish/vegan_dishes_count","model_fits/finalized_redone_trunc_cp/t2_a1_proportion/total/vegan_dishes_count","t2_a1_proportion","chicken_fish",NA,"restaurant","LFZFT3VASXPED","level","exposure_LFZFT3VASXPED_1","primary",-0.004348631741436,-0.0049712101,-0.2467373079,0.233453268675
"model_fits/finalized_redone_trunc_cp/t2_a1_proportion/chicken_fish/vegan_dishes_count","model_fits/finalized_redone_trunc_cp/t2_a1_proportion/total/vegan_dishes_count","t2_a1_proportion","chicken_fish",NA,"restaurant","LQ5EH4BKGV61T","level","exposure_LQ5EH4BKGV61T_1","primary",-0.12399669086176,-0.130260915,-0.369219281925,0.142081275125
"model_fits/finalized_redone_trunc_cp/t2_a1_proportion/chicken_fish/vegan_dishes_count","model_fits/finalized_redone_trunc_cp/t2_a1_proportion/total/vegan_dishes_count","t2_a1_proportion","chicken_fish",NA,"restaurant","S8MT0YGD2KTN9","level","exposure_S8MT0YGD2KTN9_1","primary",-0.008025999944831,-0.006143854,-0.164846307225,0.15448744215
"model_fits/finalized_redone_trunc_cp/t2_a1_proportion/chicken_fish/vegan_dishes_count","model_fits/finalized_redone_trunc_cp/t2_a1_proportion/total/vegan_dishes_count","t2_a1_proportion","chicken_fish",NA,"restaurant","SAFK7ND1HR6XS","level","exposure_SAFK7ND1HR6XS_1","primary",-0.083505793321225,-0.079281789,-0.393669142425,0.2227801475
"model_fits/finalized_redone_trunc_cp/t2_a1_proportion/chicken_fish/vegan_dishes_count","model_fits/finalized_redone_trunc_cp/t2_a1_proportion/total/vegan_dishes_count","t2_a1_proportion","chicken_fish",NA,"restaurant","V3Q26BHF3SE2H","level","exposure_V3Q26BHF3SE2H_1","primary",-0.05990739501071,-0.0595780815,-0.1609718849025,0.0386204934999998
"model_fits/finalized_redone_trunc_cp/t2_a1_proportion/chicken_fish/vegan_dishes_count","model_fits/finalized_redone_trunc_cp/t2_a1_proportion/total/vegan_dishes_count","t2_a1_proportion","chicken_fish",NA,"restaurant","W8T41JZK0ZMEP","level","exposure_W8T41JZK0ZMEP_1","primary",-0.0255336865259,-0.0252765124,-0.047661168195,-0.00256940380000001
"model_fits/finalized_redone_trunc_cp/t2_a1_proportion/chicken_fish/vegan_dishes_count","model_fits/finalized_redone_trunc_cp/t2_a1_proportion/total/vegan_dishes_count","t2_a1_proportion","chicken_fish",1,"pooled",NA,"level",NA,"matched_baseline",-0.0278300676304528,-0.0280445734352941,-0.101950381072379,0.0497226233205881
"model_fits/finalized_redone_trunc_cp/t2_a1_proportion/chicken_fish/vegan_dishes_prop","model_fits/finalized_redone_trunc_cp/t2_a1_proportion/total/vegan_dishes_prop","t2_a1_proportion","chicken_fish",NA,"restaurant","1SQPTEGYPH0GA","level","exposure_1SQPTEGYPH0GA_1","primary",-1.3112454517792,-1.31019025,-3.4544425467,0.84871916775
"model_fits/finalized_redone_trunc_cp/t2_a1_proportion/chicken_fish/vegan_dishes_prop","model_fits/finalized_redone_trunc_cp/t2_a1_proportion/total/vegan_dishes_prop","t2_a1_proportion","chicken_fish",NA,"restaurant","2HRX9P6HKXA8V","level","exposure_2HRX9P6HKXA8V_1","primary",-3.01118765031466,-2.995373855,-6.0610532935,-0.0610595029999988
"model_fits/finalized_redone_trunc_cp/t2_a1_proportion/chicken_fish/vegan_dishes_prop","model_fits/finalized_redone_trunc_cp/t2_a1_proportion/total/vegan_dishes_prop","t2_a1_proportion","chicken_fish",NA,"restaurant","78AY09MVJVTYE","level","exposure_78AY09MVJVTYE_1","primary",-1.09242962570572,-1.097404031,-2.1693510965,0.00172175775000001
"model_fits/finalized_redone_trunc_cp/t2_a1_proportion/chicken_fish/vegan_dishes_prop","model_fits/finalized_redone_trunc_cp/t2_a1_proportion/total/vegan_dishes_prop","t2_a1_proportion","chicken_fish",NA,"restaurant","9XKJD8DQTH559","level","exposure_9XKJD8DQTH559_1","primary",0.629546060233333,0.6113538,-1.042463465,2.37326184075
"model_fits/finalized_redone_trunc_cp/t2_a1_proportion/chicken_fish/vegan_dishes_prop","model_fits/finalized_redone_trunc_cp/t2_a1_proportion/total/vegan_dishes_prop","t2_a1_proportion","chicken_fish",NA,"restaurant","C0BE4NDSW26QN","level","exposure_C0BE4NDSW26QN_1","primary",0.374597086506007,0.370998,-1.648298299,2.4019884068
"model_fits/finalized_redone_trunc_cp/t2_a1_proportion/chicken_fish/vegan_dishes_prop","model_fits/finalized_redone_trunc_cp/t2_a1_proportion/total/vegan_dishes_prop","t2_a1_proportion","chicken_fish",NA,"restaurant","CB2KHY1C2G9PT","level","exposure_CB2KHY1C2G9PT_1","primary",-1.32840732079535,-1.32925857,-2.6299553325,-0.0418263961749999
"model_fits/finalized_redone_trunc_cp/t2_a1_proportion/chicken_fish/vegan_dishes_prop","model_fits/finalized_redone_trunc_cp/t2_a1_proportion/total/vegan_dishes_prop","t2_a1_proportion","chicken_fish",NA,"restaurant","ED5J990H5VAZT","level","exposure_ED5J990H5VAZT_1","primary",-0.668476007000263,-0.693917,-3.80140617,2.6602709075
"model_fits/finalized_redone_trunc_cp/t2_a1_proportion/chicken_fish/vegan_dishes_prop","model_fits/finalized_redone_trunc_cp/t2_a1_proportion/total/vegan_dishes_prop","t2_a1_proportion","chicken_fish",NA,"restaurant","EMBVNVD207CC6","level","exposure_EMBVNVD207CC6_1","primary",-0.613468524135833,-0.6028218965,-2.58126706475,1.2691014475
"model_fits/finalized_redone_trunc_cp/t2_a1_proportion/chicken_fish/vegan_dishes_prop","model_fits/finalized_redone_trunc_cp/t2_a1_proportion/total/vegan_dishes_prop","t2_a1_proportion","chicken_fish",NA,"restaurant","JHDN7CF1C03X5","level","exposure_JHDN7CF1C03X5_1","primary",-3.87407432965865,-3.877534744,-5.288878882085,-2.464417037
"model_fits/finalized_redone_trunc_cp/t2_a1_proportion/chicken_fish/vegan_dishes_prop","model_fits/finalized_redone_trunc_cp/t2_a1_proportion/total/vegan_dishes_prop","t2_a1_proportion","chicken_fish",NA,"restaurant","L69HYJ4Y3TR91","level","exposure_L69HYJ4Y3TR91_1","primary",-0.6701268036997,-0.68781485,-4.9885210925,3.975461825
"model_fits/finalized_redone_trunc_cp/t2_a1_proportion/chicken_fish/vegan_dishes_prop","model_fits/finalized_redone_trunc_cp/t2_a1_proportion/total/vegan_dishes_prop","t2_a1_proportion","chicken_fish",NA,"restaurant","LBZEEFSBJNB3Z","level","exposure_LBZEEFSBJNB3Z_1","primary",2.90441443633733,2.89307975,0.0614296550000001,5.8693750975
"model_fits/finalized_redone_trunc_cp/t2_a1_proportion/chicken_fish/vegan_dishes_prop","model_fits/finalized_redone_trunc_cp/t2_a1_proportion/total/vegan_dishes_prop","t2_a1_proportion","chicken_fish",NA,"restaurant","LFZFT3VASXPED","level","exposure_LFZFT3VASXPED_1","primary",0.12741205620677,0.0471474000000001,-4.794768115,5.3841791525
"model_fits/finalized_redone_trunc_cp/t2_a1_proportion/chicken_fish/vegan_dishes_prop","model_fits/finalized_redone_trunc_cp/t2_a1_proportion/total/vegan_dishes_prop","t2_a1_proportion","chicken_fish",NA,"restaurant","LQ5EH4BKGV61T","level","exposure_LQ5EH4BKGV61T_1","primary",-3.77936753834894,-3.7547025825,-7.42391779225,-0.367553310749999
"model_fits/finalized_redone_trunc_cp/t2_a1_proportion/chicken_fish/vegan_dishes_prop","model_fits/finalized_redone_trunc_cp/t2_a1_proportion/total/vegan_dishes_prop","t2_a1_proportion","chicken_fish",NA,"restaurant","S8MT0YGD2KTN9","level","exposure_S8MT0YGD2KTN9_1","primary",-1.88435763935165,-1.867746355,-6.12036072,2.34820283475
"model_fits/finalized_redone_trunc_cp/t2_a1_proportion/chicken_fish/vegan_dishes_prop","model_fits/finalized_redone_trunc_cp/t2_a1_proportion/total/vegan_dishes_prop","t2_a1_proportion","chicken_fish",NA,"restaurant","SAFK7ND1HR6XS","level","exposure_SAFK7ND1HR6XS_1","primary",-0.813471034846837,-0.84861982,-5.2956665475,3.69455956
"model_fits/finalized_redone_trunc_cp/t2_a1_proportion/chicken_fish/vegan_dishes_prop","model_fits/finalized_redone_trunc_cp/t2_a1_proportion/total/vegan_dishes_prop","t2_a1_proportion","chicken_fish",NA,"restaurant","V3Q26BHF3SE2H","level","exposure_V3Q26BHF3SE2H_1","primary",-0.8388229708689,-0.864836,-2.62431109825,0.9554396375
"model_fits/finalized_redone_trunc_cp/t2_a1_proportion/chicken_fish/vegan_dishes_prop","model_fits/finalized_redone_trunc_cp/t2_a1_proportion/total/vegan_dishes_prop","t2_a1_proportion","chicken_fish",NA,"restaurant","W8T41JZK0ZMEP","level","exposure_W8T41JZK0ZMEP_1","primary",-1.07785533022129,-1.06760839,-2.65941330825,0.4939159615
"model_fits/finalized_redone_trunc_cp/t2_a1_proportion/chicken_fish/vegan_dishes_prop","model_fits/finalized_redone_trunc_cp/t2_a1_proportion/total/vegan_dishes_prop","t2_a1_proportion","chicken_fish",1,"pooled",NA,"level",NA,"matched_baseline",-1.00668060113569,-1.01838721961765,-2.281565949305,0.261893074735294
"model_fits/finalized_redone_trunc_cp/t2_a1_proportion/chicken_fish/vegetarian_dishes_count","model_fits/finalized_redone_trunc_cp/t2_a1_proportion/total/vegetarian_dishes_count","t2_a1_proportion","chicken_fish",NA,"restaurant","1SQPTEGYPH0GA","level","exposure_1SQPTEGYPH0GA_1","primary",-0.000308245343,-0.000553444,-0.01611627125,0.01603893555
"model_fits/finalized_redone_trunc_cp/t2_a1_proportion/chicken_fish/vegetarian_dishes_count","model_fits/finalized_redone_trunc_cp/t2_a1_proportion/total/vegetarian_dishes_count","t2_a1_proportion","chicken_fish",NA,"restaurant","2HRX9P6HKXA8V","level","exposure_2HRX9P6HKXA8V_1","primary",-0.034288691069199,-0.0315591329,-0.153903317045,0.066182092325
"model_fits/finalized_redone_trunc_cp/t2_a1_proportion/chicken_fish/vegetarian_dishes_count","model_fits/finalized_redone_trunc_cp/t2_a1_proportion/total/vegetarian_dishes_count","t2_a1_proportion","chicken_fish",NA,"restaurant","78AY09MVJVTYE","level","exposure_78AY09MVJVTYE_1","primary",-0.0074147269183501,-0.00761342665,-0.0397570203925,0.02510668775
"model_fits/finalized_redone_trunc_cp/t2_a1_proportion/chicken_fish/vegetarian_dishes_count","model_fits/finalized_redone_trunc_cp/t2_a1_proportion/total/vegetarian_dishes_count","t2_a1_proportion","chicken_fish",NA,"restaurant","9XKJD8DQTH559","level","exposure_9XKJD8DQTH559_1","primary",-0.0045839401151,-0.0044682635,-0.0175155614875,0.008043620675
"model_fits/finalized_redone_trunc_cp/t2_a1_proportion/chicken_fish/vegetarian_dishes_count","model_fits/finalized_redone_trunc_cp/t2_a1_proportion/total/vegetarian_dishes_count","t2_a1_proportion","chicken_fish",NA,"restaurant","C0BE4NDSW26QN","level","exposure_C0BE4NDSW26QN_1","primary",-0.0076862941490692,-0.0081974025,-0.0375936936275,0.024834812225
"model_fits/finalized_redone_trunc_cp/t2_a1_proportion/chicken_fish/vegetarian_dishes_count","model_fits/finalized_redone_trunc_cp/t2_a1_proportion/total/vegetarian_dishes_count","t2_a1_proportion","chicken_fish",NA,"restaurant","CB2KHY1C2G9PT","level","exposure_CB2KHY1C2G9PT_1","primary",0.017447348893,0.017440501,-0.00439124235,0.0381841492
"model_fits/finalized_redone_trunc_cp/t2_a1_proportion/chicken_fish/vegetarian_dishes_count","model_fits/finalized_redone_trunc_cp/t2_a1_proportion/total/vegetarian_dishes_count","t2_a1_proportion","chicken_fish",NA,"restaurant","ED5J990H5VAZT","level","exposure_ED5J990H5VAZT_1","primary",-0.0100863750425,-0.010119155,-0.0649061839,0.0489719549
"model_fits/finalized_redone_trunc_cp/t2_a1_proportion/chicken_fish/vegetarian_dishes_count","model_fits/finalized_redone_trunc_cp/t2_a1_proportion/total/vegetarian_dishes_count","t2_a1_proportion","chicken_fish",NA,"restaurant","EMBVNVD207CC6","level","exposure_EMBVNVD207CC6_1","primary",-0.120178599430397,-0.1198764775,-0.21770968335,-0.0235170331500001
"model_fits/finalized_redone_trunc_cp/t2_a1_proportion/chicken_fish/vegetarian_dishes_count","model_fits/finalized_redone_trunc_cp/t2_a1_proportion/total/vegetarian_dishes_count","t2_a1_proportion","chicken_fish",NA,"restaurant","JHDN7CF1C03X5","level","exposure_JHDN7CF1C03X5_1","primary",-0.0434050722249109,-0.04339479725,-0.0644688918375,-0.0227673573725
"model_fits/finalized_redone_trunc_cp/t2_a1_proportion/chicken_fish/vegetarian_dishes_count","model_fits/finalized_redone_trunc_cp/t2_a1_proportion/total/vegetarian_dishes_count","t2_a1_proportion","chicken_fish",NA,"restaurant","L69HYJ4Y3TR91","level","exposure_L69HYJ4Y3TR91_1","primary",0.001338892486276,-0.00130396,-0.08873300415,0.1015277345
"model_fits/finalized_redone_trunc_cp/t2_a1_proportion/chicken_fish/vegetarian_dishes_count","model_fits/finalized_redone_trunc_cp/t2_a1_proportion/total/vegetarian_dishes_count","t2_a1_proportion","chicken_fish",NA,"restaurant","LBZEEFSBJNB3Z","level","exposure_LBZEEFSBJNB3Z_1","primary",0.025177808023982,0.0245274898,-0.033184151925,0.0822955987925
"model_fits/finalized_redone_trunc_cp/t2_a1_proportion/chicken_fish/vegetarian_dishes_count","model_fits/finalized_redone_trunc_cp/t2_a1_proportion/total/vegetarian_dishes_count","t2_a1_proportion","chicken_fish",NA,"restaurant","LFZFT3VASXPED","level","exposure_LFZFT3VASXPED_1","primary",-0.023552432575715,-0.0235395901,-0.168810472325,0.110088784375
"model_fits/finalized_redone_trunc_cp/t2_a1_proportion/chicken_fish/vegetarian_dishes_count","model_fits/finalized_redone_trunc_cp/t2_a1_proportion/total/vegetarian_dishes_count","t2_a1_proportion","chicken_fish",NA,"restaurant","LQ5EH4BKGV61T","level","exposure_LQ5EH4BKGV61T_1","primary",-0.0141196475906602,-0.015583136,-0.147571887975,0.11955399205
"model_fits/finalized_redone_trunc_cp/t2_a1_proportion/chicken_fish/vegetarian_dishes_count","model_fits/finalized_redone_trunc_cp/t2_a1_proportion/total/vegetarian_dishes_count","t2_a1_proportion","chicken_fish",NA,"restaurant","S8MT0YGD2KTN9","level","exposure_S8MT0YGD2KTN9_1","primary",-0.0219682464249,-0.021512721,-0.07523440295,0.027491026725
"model_fits/finalized_redone_trunc_cp/t2_a1_proportion/chicken_fish/vegetarian_dishes_count","model_fits/finalized_redone_trunc_cp/t2_a1_proportion/total/vegetarian_dishes_count","t2_a1_proportion","chicken_fish",NA,"restaurant","SAFK7ND1HR6XS","level","exposure_SAFK7ND1HR6XS_1","primary",-0.033925685889824,-0.032814636,-0.187017372375,0.11129699126525
"model_fits/finalized_redone_trunc_cp/t2_a1_proportion/chicken_fish/vegetarian_dishes_count","model_fits/finalized_redone_trunc_cp/t2_a1_proportion/total/vegetarian_dishes_count","t2_a1_proportion","chicken_fish",NA,"restaurant","V3Q26BHF3SE2H","level","exposure_V3Q26BHF3SE2H_1","primary",-0.062511935551731,-0.0639055706,-0.127076085975,0.00510440817499996
"model_fits/finalized_redone_trunc_cp/t2_a1_proportion/chicken_fish/vegetarian_dishes_count","model_fits/finalized_redone_trunc_cp/t2_a1_proportion/total/vegetarian_dishes_count","t2_a1_proportion","chicken_fish",NA,"restaurant","W8T41JZK0ZMEP","level","exposure_W8T41JZK0ZMEP_1","primary",-0.0230139386356599,-0.0227252605,-0.040831841825,-0.0050027327125
"model_fits/finalized_redone_trunc_cp/t2_a1_proportion/chicken_fish/vegetarian_dishes_count","model_fits/finalized_redone_trunc_cp/t2_a1_proportion/total/vegetarian_dishes_count","t2_a1_proportion","chicken_fish",1,"pooled",NA,"level",NA,"matched_baseline",-0.0215320838115841,-0.0210302883823529,-0.0606355217830882,0.0143078667342647
"model_fits/finalized_redone_trunc_cp/t2_a1_proportion/chicken_fish/vegetarian_dishes_prop","model_fits/finalized_redone_trunc_cp/t2_a1_proportion/total/vegetarian_dishes_prop","t2_a1_proportion","chicken_fish",NA,"restaurant","1SQPTEGYPH0GA","level","exposure_1SQPTEGYPH0GA_1","primary",-1.75109904342203,-1.73981885,-3.240711211,-0.27071064
"model_fits/finalized_redone_trunc_cp/t2_a1_proportion/chicken_fish/vegetarian_dishes_prop","model_fits/finalized_redone_trunc_cp/t2_a1_proportion/total/vegetarian_dishes_prop","t2_a1_proportion","chicken_fish",NA,"restaurant","2HRX9P6HKXA8V","level","exposure_2HRX9P6HKXA8V_1","primary",-1.94834126540133,-1.950236255,-4.713536768,0.71738493375
"model_fits/finalized_redone_trunc_cp/t2_a1_proportion/chicken_fish/vegetarian_dishes_prop","model_fits/finalized_redone_trunc_cp/t2_a1_proportion/total/vegetarian_dishes_prop","t2_a1_proportion","chicken_fish",NA,"restaurant","78AY09MVJVTYE","level","exposure_78AY09MVJVTYE_1","primary",-0.214922647960268,-0.2139829251,-1.24611741175,0.81501150775
"model_fits/finalized_redone_trunc_cp/t2_a1_proportion/chicken_fish/vegetarian_dishes_prop","model_fits/finalized_redone_trunc_cp/t2_a1_proportion/total/vegetarian_dishes_prop","t2_a1_proportion","chicken_fish",NA,"restaurant","9XKJD8DQTH559","level","exposure_9XKJD8DQTH559_1","primary",-1.19283851763819,-1.184458105,-2.524630949,0.143597587500001
"model_fits/finalized_redone_trunc_cp/t2_a1_proportion/chicken_fish/vegetarian_dishes_prop","model_fits/finalized_redone_trunc_cp/t2_a1_proportion/total/vegetarian_dishes_prop","t2_a1_proportion","chicken_fish",NA,"restaurant","C0BE4NDSW26QN","level","exposure_C0BE4NDSW26QN_1","primary",-0.181705223850818,-0.175787292,-1.65463185625,1.32964357595
"model_fits/finalized_redone_trunc_cp/t2_a1_proportion/chicken_fish/vegetarian_dishes_prop","model_fits/finalized_redone_trunc_cp/t2_a1_proportion/total/vegetarian_dishes_prop","t2_a1_proportion","chicken_fish",NA,"restaurant","CB2KHY1C2G9PT","level","exposure_CB2KHY1C2G9PT_1","primary",0.392350512287376,0.3722881493,-1.0341204175,1.911732008
"model_fits/finalized_redone_trunc_cp/t2_a1_proportion/chicken_fish/vegetarian_dishes_prop","model_fits/finalized_redone_trunc_cp/t2_a1_proportion/total/vegetarian_dishes_prop","t2_a1_proportion","chicken_fish",NA,"restaurant","ED5J990H5VAZT","level","exposure_ED5J990H5VAZT_1","primary",-6.241642349846,-6.20942535,-8.520133,-3.99456870275
"model_fits/finalized_redone_trunc_cp/t2_a1_proportion/chicken_fish/vegetarian_dishes_prop","model_fits/finalized_redone_trunc_cp/t2_a1_proportion/total/vegetarian_dishes_prop","t2_a1_proportion","chicken_fish",NA,"restaurant","EMBVNVD207CC6","level","exposure_EMBVNVD207CC6_1","primary",-4.97055954047943,-4.904182025,-7.4827326825,-2.64746850525
"model_fits/finalized_redone_trunc_cp/t2_a1_proportion/chicken_fish/vegetarian_dishes_prop","model_fits/finalized_redone_trunc_cp/t2_a1_proportion/total/vegetarian_dishes_prop","t2_a1_proportion","chicken_fish",NA,"restaurant","JHDN7CF1C03X5","level","exposure_JHDN7CF1C03X5_1","primary",-3.26721900029071,-3.272754755,-4.67509344825,-1.80926367
"model_fits/finalized_redone_trunc_cp/t2_a1_proportion/chicken_fish/vegetarian_dishes_prop","model_fits/finalized_redone_trunc_cp/t2_a1_proportion/total/vegetarian_dishes_prop","t2_a1_proportion","chicken_fish",NA,"restaurant","L69HYJ4Y3TR91","level","exposure_L69HYJ4Y3TR91_1","primary",-3.6207271212674,-3.62872875,-7.0039650525,-0.263421239999998
"model_fits/finalized_redone_trunc_cp/t2_a1_proportion/chicken_fish/vegetarian_dishes_prop","model_fits/finalized_redone_trunc_cp/t2_a1_proportion/total/vegetarian_dishes_prop","t2_a1_proportion","chicken_fish",NA,"restaurant","LBZEEFSBJNB3Z","level","exposure_LBZEEFSBJNB3Z_1","primary",-0.26058529925416,-0.281845615,-1.90110590675,1.5042617415
"model_fits/finalized_redone_trunc_cp/t2_a1_proportion/chicken_fish/vegetarian_dishes_prop","model_fits/finalized_redone_trunc_cp/t2_a1_proportion/total/vegetarian_dishes_prop","t2_a1_proportion","chicken_fish",NA,"restaurant","LFZFT3VASXPED","level","exposure_LFZFT3VASXPED_1","primary",-1.83562388677531,-1.833458955,-5.6963246525,1.8987326305
"model_fits/finalized_redone_trunc_cp/t2_a1_proportion/chicken_fish/vegetarian_dishes_prop","model_fits/finalized_redone_trunc_cp/t2_a1_proportion/total/vegetarian_dishes_prop","t2_a1_proportion","chicken_fish",NA,"restaurant","LQ5EH4BKGV61T","level","exposure_LQ5EH4BKGV61T_1","primary",-1.13784446933658,-1.124256765,-4.84298566625,2.3626155465
"model_fits/finalized_redone_trunc_cp/t2_a1_proportion/chicken_fish/vegetarian_dishes_prop","model_fits/finalized_redone_trunc_cp/t2_a1_proportion/total/vegetarian_dishes_prop","t2_a1_proportion","chicken_fish",NA,"restaurant","S8MT0YGD2KTN9","level","exposure_S8MT0YGD2KTN9_1","primary",-1.8581280326082,-1.840476985,-3.6741573565,-0.28343214775
"model_fits/finalized_redone_trunc_cp/t2_a1_proportion/chicken_fish/vegetarian_dishes_prop","model_fits/finalized_redone_trunc_cp/t2_a1_proportion/total/vegetarian_dishes_prop","t2_a1_proportion","chicken_fish",NA,"restaurant","SAFK7ND1HR6XS","level","exposure_SAFK7ND1HR6XS_1","primary",-1.84766996935475,-1.82070638,-5.14224104,1.2737134635
"model_fits/finalized_redone_trunc_cp/t2_a1_proportion/chicken_fish/vegetarian_dishes_prop","model_fits/finalized_redone_trunc_cp/t2_a1_proportion/total/vegetarian_dishes_prop","t2_a1_proportion","chicken_fish",NA,"restaurant","V3Q26BHF3SE2H","level","exposure_V3Q26BHF3SE2H_1","primary",-3.74494016969712,-3.7480894,-5.4522639055,-1.967244579575
"model_fits/finalized_redone_trunc_cp/t2_a1_proportion/chicken_fish/vegetarian_dishes_prop","model_fits/finalized_redone_trunc_cp/t2_a1_proportion/total/vegetarian_dishes_prop","t2_a1_proportion","chicken_fish",NA,"restaurant","W8T41JZK0ZMEP","level","exposure_W8T41JZK0ZMEP_1","primary",-3.08441857475325,-3.0741369,-4.8627397075,-1.3377491235
"model_fits/finalized_redone_trunc_cp/t2_a1_proportion/chicken_fish/vegetarian_dishes_prop","model_fits/finalized_redone_trunc_cp/t2_a1_proportion/total/vegetarian_dishes_prop","t2_a1_proportion","chicken_fish",1,"pooled",NA,"level",NA,"matched_baseline",-1.86944072544017,-1.88851608085294,-2.83241921096029,-0.753497154005882
"model_fits/finalized_redone_trunc/t2_a1_proportion/vegan/vegan_dishes_count","model_fits/finalized_redone_trunc_cp/t2_a1_proportion/total/vegan_dishes_count","t2_a1_proportion","vegan",NA,"restaurant","1SQPTEGYPH0GA","level","exposure_1SQPTEGYPH0GA_1","primary",0.03175352141,0.032069395,-0.02348579425,0.0860009142499998
"model_fits/finalized_redone_trunc/t2_a1_proportion/vegan/vegan_dishes_count","model_fits/finalized_redone_trunc_cp/t2_a1_proportion/total/vegan_dishes_count","t2_a1_proportion","vegan",NA,"restaurant","2HRX9P6HKXA8V","level","exposure_2HRX9P6HKXA8V_1","primary",-0.0185918142121675,-0.0195645115,-0.15117418515,0.111423699075
"model_fits/finalized_redone_trunc/t2_a1_proportion/vegan/vegan_dishes_count","model_fits/finalized_redone_trunc_cp/t2_a1_proportion/total/vegan_dishes_count","t2_a1_proportion","vegan",NA,"restaurant","78AY09MVJVTYE","level","exposure_78AY09MVJVTYE_1","primary",0.065923066471921,0.064703531,0.00836119255,0.1263987292125
"model_fits/finalized_redone_trunc/t2_a1_proportion/vegan/vegan_dishes_count","model_fits/finalized_redone_trunc_cp/t2_a1_proportion/total/vegan_dishes_count","t2_a1_proportion","vegan",NA,"restaurant","9XKJD8DQTH559","level","exposure_9XKJD8DQTH559_1","primary",0.00267536720945,0.002470843,-0.02081609655,0.026529947025
"model_fits/finalized_redone_trunc/t2_a1_proportion/vegan/vegan_dishes_count","model_fits/finalized_redone_trunc_cp/t2_a1_proportion/total/vegan_dishes_count","t2_a1_proportion","vegan",NA,"restaurant","C0BE4NDSW26QN","level","exposure_C0BE4NDSW26QN_1","primary",0.032048992008865,0.0323984335,-0.020149611525,0.081335686825
"model_fits/finalized_redone_trunc/t2_a1_proportion/vegan/vegan_dishes_count","model_fits/finalized_redone_trunc_cp/t2_a1_proportion/total/vegan_dishes_count","t2_a1_proportion","vegan",NA,"restaurant","CB2KHY1C2G9PT","level","exposure_CB2KHY1C2G9PT_1","primary",0.16674645260205,0.1662292675,0.110055831875,0.2271116964
"model_fits/finalized_redone_trunc/t2_a1_proportion/vegan/vegan_dishes_count","model_fits/finalized_redone_trunc_cp/t2_a1_proportion/total/vegan_dishes_count","t2_a1_proportion","vegan",NA,"restaurant","ED5J990H5VAZT","level","exposure_ED5J990H5VAZT_1","primary",0.11112645496,0.108556835,-0.00497333074999999,0.2334540185
"model_fits/finalized_redone_trunc/t2_a1_proportion/vegan/vegan_dishes_count","model_fits/finalized_redone_trunc_cp/t2_a1_proportion/total/vegan_dishes_count","t2_a1_proportion","vegan",NA,"restaurant","EMBVNVD207CC6","level","exposure_EMBVNVD207CC6_1","primary",0.050274237331,0.044689645,-0.1356639155,0.25450643775
"model_fits/finalized_redone_trunc/t2_a1_proportion/vegan/vegan_dishes_count","model_fits/finalized_redone_trunc_cp/t2_a1_proportion/total/vegan_dishes_count","t2_a1_proportion","vegan",NA,"restaurant","JHDN7CF1C03X5","level","exposure_JHDN7CF1C03X5_1","primary",0.0217526346634993,0.02205546755,-0.00798224246,0.0512552381
"model_fits/finalized_redone_trunc/t2_a1_proportion/vegan/vegan_dishes_count","model_fits/finalized_redone_trunc_cp/t2_a1_proportion/total/vegan_dishes_count","t2_a1_proportion","vegan",NA,"restaurant","L69HYJ4Y3TR91","level","exposure_L69HYJ4Y3TR91_1","primary",0.08902527746,0.0882423555,-0.00574108425,0.185764101425
"model_fits/finalized_redone_trunc/t2_a1_proportion/vegan/vegan_dishes_count","model_fits/finalized_redone_trunc_cp/t2_a1_proportion/total/vegan_dishes_count","t2_a1_proportion","vegan",NA,"restaurant","LBZEEFSBJNB3Z","level","exposure_LBZEEFSBJNB3Z_1","primary",-0.13544796130565,-0.1361490645,-0.2341989255,-0.0368377805000001
"model_fits/finalized_redone_trunc/t2_a1_proportion/vegan/vegan_dishes_count","model_fits/finalized_redone_trunc_cp/t2_a1_proportion/total/vegan_dishes_count","t2_a1_proportion","vegan",NA,"restaurant","LFZFT3VASXPED","level","exposure_LFZFT3VASXPED_1","primary",0.057858611674145,0.055393435,-0.198312974025,0.312123873
"model_fits/finalized_redone_trunc/t2_a1_proportion/vegan/vegan_dishes_count","model_fits/finalized_redone_trunc_cp/t2_a1_proportion/total/vegan_dishes_count","t2_a1_proportion","vegan",NA,"restaurant","LQ5EH4BKGV61T","level","exposure_LQ5EH4BKGV61T_1","primary",0.1543976754129,0.15282222,-0.143018425,0.4560432564
"model_fits/finalized_redone_trunc/t2_a1_proportion/vegan/vegan_dishes_count","model_fits/finalized_redone_trunc_cp/t2_a1_proportion/total/vegan_dishes_count","t2_a1_proportion","vegan",NA,"restaurant","S8MT0YGD2KTN9","level","exposure_S8MT0YGD2KTN9_1","primary",-0.042825483610834,-0.04160082,-0.2402033925975,0.133965854175
"model_fits/finalized_redone_trunc/t2_a1_proportion/vegan/vegan_dishes_count","model_fits/finalized_redone_trunc_cp/t2_a1_proportion/total/vegan_dishes_count","t2_a1_proportion","vegan",NA,"restaurant","SAFK7ND1HR6XS","level","exposure_SAFK7ND1HR6XS_1","primary",-0.027593447535635,-0.0265781285,-0.33663603075,0.290562888075
"model_fits/finalized_redone_trunc/t2_a1_proportion/vegan/vegan_dishes_count","model_fits/finalized_redone_trunc_cp/t2_a1_proportion/total/vegan_dishes_count","t2_a1_proportion","vegan",NA,"restaurant","V3Q26BHF3SE2H","level","exposure_V3Q26BHF3SE2H_1","primary",0.1309528306655,0.12939155,0.00569880150000002,0.266012207
"model_fits/finalized_redone_trunc/t2_a1_proportion/vegan/vegan_dishes_count","model_fits/finalized_redone_trunc_cp/t2_a1_proportion/total/vegan_dishes_count","t2_a1_proportion","vegan",NA,"restaurant","W8T41JZK0ZMEP","level","exposure_W8T41JZK0ZMEP_1","primary",-0.00808400221,-0.0082020615,-0.02840236845,0.0127583066
"model_fits/finalized_redone_trunc/t2_a1_proportion/vegan/vegan_dishes_count","model_fits/finalized_redone_trunc_cp/t2_a1_proportion/total/vegan_dishes_count","t2_a1_proportion","vegan",1,"pooled",NA,"level",NA,"matched_baseline",0.0461603641917632,0.0434941532094118,-0.0275520342627941,0.137998042898823
"model_fits/finalized_redone_trunc/t2_a1_proportion/vegan/vegan_dishes_prop","model_fits/finalized_redone_trunc_cp/t2_a1_proportion/total/vegan_dishes_prop","t2_a1_proportion","vegan",NA,"restaurant","1SQPTEGYPH0GA","level","exposure_1SQPTEGYPH0GA_1","primary",0.882551436529733,0.87184425,-1.321406935,3.111522915
"model_fits/finalized_redone_trunc/t2_a1_proportion/vegan/vegan_dishes_prop","model_fits/finalized_redone_trunc_cp/t2_a1_proportion/total/vegan_dishes_prop","t2_a1_proportion","vegan",NA,"restaurant","2HRX9P6HKXA8V","level","exposure_2HRX9P6HKXA8V_1","primary",-0.193761241646329,-0.204576575,-2.49076087,2.13342833495
"model_fits/finalized_redone_trunc/t2_a1_proportion/vegan/vegan_dishes_prop","model_fits/finalized_redone_trunc_cp/t2_a1_proportion/total/vegan_dishes_prop","t2_a1_proportion","vegan",NA,"restaurant","78AY09MVJVTYE","level","exposure_78AY09MVJVTYE_1","primary",1.24680181501088,1.2435396845,-0.16384114725,2.674367073925
"model_fits/finalized_redone_trunc/t2_a1_proportion/vegan/vegan_dishes_prop","model_fits/finalized_redone_trunc_cp/t2_a1_proportion/total/vegan_dishes_prop","t2_a1_proportion","vegan",NA,"restaurant","9XKJD8DQTH559","level","exposure_9XKJD8DQTH559_1","primary",0.534970548183333,0.5490393,-1.125065385,2.25980227
"model_fits/finalized_redone_trunc/t2_a1_proportion/vegan/vegan_dishes_prop","model_fits/finalized_redone_trunc_cp/t2_a1_proportion/total/vegan_dishes_prop","t2_a1_proportion","vegan",NA,"restaurant","C0BE4NDSW26QN","level","exposure_C0BE4NDSW26QN_1","primary",-0.0676605522021,-0.046715935,-2.0456785675,1.82315081025
"model_fits/finalized_redone_trunc/t2_a1_proportion/vegan/vegan_dishes_prop","model_fits/finalized_redone_trunc_cp/t2_a1_proportion/total/vegan_dishes_prop","t2_a1_proportion","vegan",NA,"restaurant","CB2KHY1C2G9PT","level","exposure_CB2KHY1C2G9PT_1","primary",3.39392363612487,3.3383145,1.37522789675,5.6965799875
"model_fits/finalized_redone_trunc/t2_a1_proportion/vegan/vegan_dishes_prop","model_fits/finalized_redone_trunc_cp/t2_a1_proportion/total/vegan_dishes_prop","t2_a1_proportion","vegan",NA,"restaurant","ED5J990H5VAZT","level","exposure_ED5J990H5VAZT_1","primary",1.30451796177167,1.2966584,-0.71874367,3.544691455
"model_fits/finalized_redone_trunc/t2_a1_proportion/vegan/vegan_dishes_prop","model_fits/finalized_redone_trunc_cp/t2_a1_proportion/total/vegan_dishes_prop","t2_a1_proportion","vegan",NA,"restaurant","EMBVNVD207CC6","level","exposure_EMBVNVD207CC6_1","primary",-1.1223538841878,-1.11258117,-2.47736780175,0.20069931575
"model_fits/finalized_redone_trunc/t2_a1_proportion/vegan/vegan_dishes_prop","model_fits/finalized_redone_trunc_cp/t2_a1_proportion/total/vegan_dishes_prop","t2_a1_proportion","vegan",NA,"restaurant","JHDN7CF1C03X5","level","exposure_JHDN7CF1C03X5_1","primary",0.946293860772347,0.939952115,-0.542480551425,2.44340973975
"model_fits/finalized_redone_trunc/t2_a1_proportion/vegan/vegan_dishes_prop","model_fits/finalized_redone_trunc_cp/t2_a1_proportion/total/vegan_dishes_prop","t2_a1_proportion","vegan",NA,"restaurant","L69HYJ4Y3TR91","level","exposure_L69HYJ4Y3TR91_1","primary",1.43581618059333,1.38254945,-1.548982785,4.70933335
"model_fits/finalized_redone_trunc/t2_a1_proportion/vegan/vegan_dishes_prop","model_fits/finalized_redone_trunc_cp/t2_a1_proportion/total/vegan_dishes_prop","t2_a1_proportion","vegan",NA,"restaurant","LBZEEFSBJNB3Z","level","exposure_LBZEEFSBJNB3Z_1","primary",-2.76865379970667,-2.7513503,-5.682461875,-0.0232339984999994
"model_fits/finalized_redone_trunc/t2_a1_proportion/vegan/vegan_dishes_prop","model_fits/finalized_redone_trunc_cp/t2_a1_proportion/total/vegan_dishes_prop","t2_a1_proportion","vegan",NA,"restaurant","LFZFT3VASXPED","level","exposure_LFZFT3VASXPED_1","primary",0.5559052406585,0.51549722,-3.6517898525,5.16269337975
"model_fits/finalized_redone_trunc/t2_a1_proportion/vegan/vegan_dishes_prop","model_fits/finalized_redone_trunc_cp/t2_a1_proportion/total/vegan_dishes_prop","t2_a1_proportion","vegan",NA,"restaurant","LQ5EH4BKGV61T","level","exposure_LQ5EH4BKGV61T_1","primary",1.07864377107883,1.04469246,-2.4582921495,4.6354356665
"model_fits/finalized_redone_trunc/t2_a1_proportion/vegan/vegan_dishes_prop","model_fits/finalized_redone_trunc_cp/t2_a1_proportion/total/vegan_dishes_prop","t2_a1_proportion","vegan",NA,"restaurant","S8MT0YGD2KTN9","level","exposure_S8MT0YGD2KTN9_1","primary",-0.0183388303145233,-0.016306,-3.985112995,3.71904089425
"model_fits/finalized_redone_trunc/t2_a1_proportion/vegan/vegan_dishes_prop","model_fits/finalized_redone_trunc_cp/t2_a1_proportion/total/vegan_dishes_prop","t2_a1_proportion","vegan",NA,"restaurant","SAFK7ND1HR6XS","level","exposure_SAFK7ND1HR6XS_1","primary",-0.392138970571133,-0.40089519,-4.2922266625,3.47881232175
"model_fits/finalized_redone_trunc/t2_a1_proportion/vegan/vegan_dishes_prop","model_fits/finalized_redone_trunc_cp/t2_a1_proportion/total/vegan_dishes_prop","t2_a1_proportion","vegan",NA,"restaurant","V3Q26BHF3SE2H","level","exposure_V3Q26BHF3SE2H_1","primary",1.90946413563333,1.86430355,-0.0781193100000002,4.019123645
"model_fits/finalized_redone_trunc/t2_a1_proportion/vegan/vegan_dishes_prop","model_fits/finalized_redone_trunc_cp/t2_a1_proportion/total/vegan_dishes_prop","t2_a1_proportion","vegan",NA,"restaurant","W8T41JZK0ZMEP","level","exposure_W8T41JZK0ZMEP_1","primary",0.00290361737466667,0.0130235500000001,-1.43274737,1.398574364
"model_fits/finalized_redone_trunc/t2_a1_proportion/vegan/vegan_dishes_prop","model_fits/finalized_redone_trunc_cp/t2_a1_proportion/total/vegan_dishes_prop","t2_a1_proportion","vegan",1,"pooled",NA,"level",NA,"matched_baseline",0.235489926782208,0.246376481323529,-0.899574161405882,1.28227144448529
"model_fits/finalized_redone_trunc/t2_a2_proportion_t/breakfast_p/breakfast_dishes_count","model_fits/finalized_redone_trunc_cp/t2_a1_proportion/total/mpbamod_dishes_count","t2_a2_proportion_t","breakfast_p",NA,"restaurant","2HRX9P6HKXA8V","level","exposure_2HRX9P6HKXA8V_1","primary",-0.112501007786583,-0.11306168,-0.3237235162375,0.102499858
"model_fits/finalized_redone_trunc/t2_a2_proportion_t/breakfast_p/breakfast_dishes_count","model_fits/finalized_redone_trunc_cp/t2_a1_proportion/total/mpbamod_dishes_count","t2_a2_proportion_t","breakfast_p",NA,"restaurant","78AY09MVJVTYE","level","exposure_78AY09MVJVTYE_1","primary",-0.094525540324,-0.09432926,-0.18570694585,-0.000570556749999965
"model_fits/finalized_redone_trunc/t2_a2_proportion_t/breakfast_p/breakfast_dishes_count","model_fits/finalized_redone_trunc_cp/t2_a1_proportion/total/mpbamod_dishes_count","t2_a2_proportion_t","breakfast_p",NA,"restaurant","9XKJD8DQTH559","level","exposure_9XKJD8DQTH559_1","primary",0.199907777248,0.1929914025,-0.14888769935,0.557124941975
"model_fits/finalized_redone_trunc/t2_a2_proportion_t/breakfast_p/breakfast_dishes_count","model_fits/finalized_redone_trunc_cp/t2_a1_proportion/total/mpbamod_dishes_count","t2_a2_proportion_t","breakfast_p",NA,"restaurant","CB2KHY1C2G9PT","level","exposure_CB2KHY1C2G9PT_1","primary",0.112337973826135,0.1092452685,-0.15876686155,0.416430204275
"model_fits/finalized_redone_trunc/t2_a2_proportion_t/breakfast_p/breakfast_dishes_count","model_fits/finalized_redone_trunc_cp/t2_a1_proportion/total/mpbamod_dishes_count","t2_a2_proportion_t","breakfast_p",NA,"restaurant","ED5J990H5VAZT","level","exposure_ED5J990H5VAZT_1","primary",-0.0366617608367399,-0.0339554375,-0.1406243548,0.0554491121350001
"model_fits/finalized_redone_trunc/t2_a2_proportion_t/breakfast_p/breakfast_dishes_count","model_fits/finalized_redone_trunc_cp/t2_a1_proportion/total/mpbamod_dishes_count","t2_a2_proportion_t","breakfast_p",NA,"restaurant","EMBVNVD207CC6","level","exposure_EMBVNVD207CC6_1","primary",6.33005059510307,6.2419941235,4.3314778625,8.963334446375
"model_fits/finalized_redone_trunc/t2_a2_proportion_t/breakfast_p/breakfast_dishes_count","model_fits/finalized_redone_trunc_cp/t2_a1_proportion/total/mpbamod_dishes_count","t2_a2_proportion_t","breakfast_p",NA,"restaurant","L69HYJ4Y3TR91","level","exposure_L69HYJ4Y3TR91_1","primary",-0.162180333920591,-0.1579818165,-0.50086554435,0.164031580065
"model_fits/finalized_redone_trunc/t2_a2_proportion_t/breakfast_p/breakfast_dishes_count","model_fits/finalized_redone_trunc_cp/t2_a1_proportion/total/mpbamod_dishes_count","t2_a2_proportion_t","breakfast_p",NA,"restaurant","LBZEEFSBJNB3Z","level","exposure_LBZEEFSBJNB3Z_1","primary",0.623179867320632,0.61562408305,0.42860112051,0.84748399575
"model_fits/finalized_redone_trunc/t2_a2_proportion_t/breakfast_p/breakfast_dishes_count","model_fits/finalized_redone_trunc_cp/t2_a1_proportion/total/mpbamod_dishes_count","t2_a2_proportion_t","breakfast_p",NA,"restaurant","LQ5EH4BKGV61T","level","exposure_LQ5EH4BKGV61T_1","primary",0.73543725595376,0.7217176875,0.31647830925,1.2038219863
"model_fits/finalized_redone_trunc/t2_a2_proportion_t/breakfast_p/breakfast_dishes_count","model_fits/finalized_redone_trunc_cp/t2_a1_proportion/total/mpbamod_dishes_count","t2_a2_proportion_t","breakfast_p",NA,"restaurant","SAFK7ND1HR6XS","level","exposure_SAFK7ND1HR6XS_1","primary",0.675738855746499,0.6284295905,-1.92249578325,3.462382191475
"model_fits/finalized_redone_trunc/t2_a2_proportion_t/breakfast_p/breakfast_dishes_count","model_fits/finalized_redone_trunc_cp/t2_a1_proportion/total/mpbamod_dishes_count","t2_a2_proportion_t","breakfast_p",NA,"restaurant","V3Q26BHF3SE2H","level","exposure_V3Q26BHF3SE2H_1","primary",0.67323564577063,0.6726843167,0.45486972405,0.8980187432
"model_fits/finalized_redone_trunc/t2_a2_proportion_t/breakfast_p/breakfast_dishes_count","model_fits/finalized_redone_trunc_cp/t2_a1_proportion/total/mpbamod_dishes_count","t2_a2_proportion_t","breakfast_p",1,"pooled",NA,"level",NA,"matched_baseline",0.426989879400061,0.453728079454545,-0.695288389876818,1.33590220144295
"model_fits/finalized_redone_trunc/t2_a2_proportion_t/breakfast_p/breakfast_dishes_presence","model_fits/finalized_redone_trunc_cp/t2_a1_proportion/total/mpbamod_dishes_prop","t2_a2_proportion_t","breakfast_p",NA,"restaurant","2HRX9P6HKXA8V","level","exposure_2HRX9P6HKXA8V_1","primary",7.18784073092961,7.0839388,1.90638662675,13.2574991475
"model_fits/finalized_redone_trunc/t2_a2_proportion_t/breakfast_p/breakfast_dishes_presence","model_fits/finalized_redone_trunc_cp/t2_a1_proportion/total/mpbamod_dishes_prop","t2_a2_proportion_t","breakfast_p",NA,"restaurant","78AY09MVJVTYE","level","exposure_78AY09MVJVTYE_1","primary",3.42285269372333,3.40570365,1.8475648425,5.0100672175
"model_fits/finalized_redone_trunc/t2_a2_proportion_t/breakfast_p/breakfast_dishes_presence","model_fits/finalized_redone_trunc_cp/t2_a1_proportion/total/mpbamod_dishes_prop","t2_a2_proportion_t","breakfast_p",NA,"restaurant","9XKJD8DQTH559","level","exposure_9XKJD8DQTH559_1","primary",-0.166833090187157,-0.16219237,-1.2141633075,0.83818754725
"model_fits/finalized_redone_trunc/t2_a2_proportion_t/breakfast_p/breakfast_dishes_presence","model_fits/finalized_redone_trunc_cp/t2_a1_proportion/total/mpbamod_dishes_prop","t2_a2_proportion_t","breakfast_p",NA,"restaurant","CB2KHY1C2G9PT","level","exposure_CB2KHY1C2G9PT_1","primary",2.77594027000267,2.98836365,-2.4098665025,7.360223235
"model_fits/finalized_redone_trunc/t2_a2_proportion_t/breakfast_p/breakfast_dishes_presence","model_fits/finalized_redone_trunc_cp/t2_a1_proportion/total/mpbamod_dishes_prop","t2_a2_proportion_t","breakfast_p",NA,"restaurant","ED5J990H5VAZT","level","exposure_ED5J990H5VAZT_1","primary",-0.686845930724603,-0.681356165,-1.0789436555,-0.3159396063
"model_fits/finalized_redone_trunc/t2_a2_proportion_t/breakfast_p/breakfast_dishes_presence","model_fits/finalized_redone_trunc_cp/t2_a1_proportion/total/mpbamod_dishes_prop","t2_a2_proportion_t","breakfast_p",NA,"restaurant","EMBVNVD207CC6","level","exposure_EMBVNVD207CC6_1","primary",7.19193030714735,7.09359171,4.69366258725,10.13114486405
"model_fits/finalized_redone_trunc/t2_a2_proportion_t/breakfast_p/breakfast_dishes_presence","model_fits/finalized_redone_trunc_cp/t2_a1_proportion/total/mpbamod_dishes_prop","t2_a2_proportion_t","breakfast_p",NA,"restaurant","L69HYJ4Y3TR91","level","exposure_L69HYJ4Y3TR91_1","primary",-1.25901769976527,-1.2188955,-4.7368453425,2.2246333925
"model_fits/finalized_redone_trunc/t2_a2_proportion_t/breakfast_p/breakfast_dishes_presence","model_fits/finalized_redone_trunc_cp/t2_a1_proportion/total/mpbamod_dishes_prop","t2_a2_proportion_t","breakfast_p",NA,"restaurant","LBZEEFSBJNB3Z","level","exposure_LBZEEFSBJNB3Z_1","primary",6.17984038415583,6.1927889,3.73517376725,8.6828444875
"model_fits/finalized_redone_trunc/t2_a2_proportion_t/breakfast_p/breakfast_dishes_presence","model_fits/finalized_redone_trunc_cp/t2_a1_proportion/total/mpbamod_dishes_prop","t2_a2_proportion_t","breakfast_p",NA,"restaurant","LQ5EH4BKGV61T","level","exposure_LQ5EH4BKGV61T_1","primary",1.5544795718314,1.66368375,-2.4858501075,4.8190297235
"model_fits/finalized_redone_trunc/t2_a2_proportion_t/breakfast_p/breakfast_dishes_presence","model_fits/finalized_redone_trunc_cp/t2_a1_proportion/total/mpbamod_dishes_prop","t2_a2_proportion_t","breakfast_p",NA,"restaurant","SAFK7ND1HR6XS","level","exposure_SAFK7ND1HR6XS_1","primary",1.00576484791481,1.0711162435,-4.9113392675,6.83761280725
"model_fits/finalized_redone_trunc/t2_a2_proportion_t/breakfast_p/breakfast_dishes_presence","model_fits/finalized_redone_trunc_cp/t2_a1_proportion/total/mpbamod_dishes_prop","t2_a2_proportion_t","breakfast_p",NA,"restaurant","V3Q26BHF3SE2H","level","exposure_V3Q26BHF3SE2H_1","primary",3.82686387992033,3.813454,2.97774102025,4.77220696
"model_fits/finalized_redone_trunc/t2_a2_proportion_t/breakfast_p/breakfast_dishes_presence","model_fits/finalized_redone_trunc_cp/t2_a1_proportion/total/mpbamod_dishes_prop","t2_a2_proportion_t","breakfast_p",1,"pooled",NA,"level",NA,"matched_baseline",2.07620696756732,2.09110888909091,0.648721999813636,3.47648301118636
"model_fits/finalized_redone_trunc/t2_a2_proportion_t/chicken_p/chicken_dishes_count","model_fits/finalized_redone_trunc_cp/t2_a1_proportion/total/mpbamod_dishes_count","t2_a2_proportion_t","chicken_p",NA,"restaurant","9XKJD8DQTH559","level","exposure_9XKJD8DQTH559_1","primary",0.0336396845946667,0.0324092815,-0.0389234857,0.11264185555
"model_fits/finalized_redone_trunc/t2_a2_proportion_t/chicken_p/chicken_dishes_count","model_fits/finalized_redone_trunc_cp/t2_a1_proportion/total/mpbamod_dishes_count","t2_a2_proportion_t","chicken_p",NA,"restaurant","JHDN7CF1C03X5","level","exposure_JHDN7CF1C03X5_1","primary",0.0567403577405277,0.0555433326,0.00695399675,0.111333488255
"model_fits/finalized_redone_trunc/t2_a2_proportion_t/chicken_p/chicken_dishes_count","model_fits/finalized_redone_trunc_cp/t2_a1_proportion/total/mpbamod_dishes_count","t2_a2_proportion_t","chicken_p",NA,"restaurant","LBZEEFSBJNB3Z","level","exposure_LBZEEFSBJNB3Z_1","primary",0.0836865736006653,0.07460680735,-0.208250766425,0.414458788625
"model_fits/finalized_redone_trunc/t2_a2_proportion_t/chicken_p/chicken_dishes_count","model_fits/finalized_redone_trunc_cp/t2_a1_proportion/total/mpbamod_dishes_count","t2_a2_proportion_t","chicken_p",NA,"restaurant","SAFK7ND1HR6XS","level","exposure_SAFK7ND1HR6XS_1","primary",-0.00891551076483433,-0.019480585,-0.3206854705,0.333204904250001
"model_fits/finalized_redone_trunc/t2_a2_proportion_t/chicken_p/chicken_dishes_count","model_fits/finalized_redone_trunc_cp/t2_a1_proportion/total/mpbamod_dishes_count","t2_a2_proportion_t","chicken_p",NA,"restaurant","V3Q26BHF3SE2H","level","exposure_V3Q26BHF3SE2H_1","primary",0.0306838035270733,0.03296378135,-0.07964451615,0.13075892865
"model_fits/finalized_redone_trunc/t2_a2_proportion_t/chicken_p/chicken_dishes_count","model_fits/finalized_redone_trunc_cp/t2_a1_proportion/total/mpbamod_dishes_count","t2_a2_proportion_t","chicken_p",NA,"restaurant","W8T41JZK0ZMEP","level","exposure_W8T41JZK0ZMEP_1","primary",0.0968436257753324,0.095384106,0.0233422786,0.1791061903
"model_fits/finalized_redone_trunc/t2_a2_proportion_t/chicken_p/chicken_dishes_count","model_fits/finalized_redone_trunc_cp/t2_a1_proportion/total/mpbamod_dishes_count","t2_a2_proportion_t","chicken_p",1,"pooled",NA,"level",NA,"matched_baseline",0.0510916819663702,0.0502192884166667,-0.0901555434391667,0.196248002370833
"model_fits/finalized_redone_trunc/t2_a2_proportion_t/chicken_p/chicken_dishes_presence","model_fits/finalized_redone_trunc_cp/t2_a1_proportion/total/mpbamod_dishes_prop","t2_a2_proportion_t","chicken_p",NA,"restaurant","9XKJD8DQTH559","level","exposure_9XKJD8DQTH559_1","primary",3.38846199626251,3.35951526,1.428706359,5.39227768765
"model_fits/finalized_redone_trunc/t2_a2_proportion_t/chicken_p/chicken_dishes_presence","model_fits/finalized_redone_trunc_cp/t2_a1_proportion/total/mpbamod_dishes_prop","t2_a2_proportion_t","chicken_p",NA,"restaurant","JHDN7CF1C03X5","level","exposure_JHDN7CF1C03X5_1","primary",3.84982534967228,3.74987955,0.305662449525,7.93043599
"model_fits/finalized_redone_trunc/t2_a2_proportion_t/chicken_p/chicken_dishes_presence","model_fits/finalized_redone_trunc_cp/t2_a1_proportion/total/mpbamod_dishes_prop","t2_a2_proportion_t","chicken_p",NA,"restaurant","LBZEEFSBJNB3Z","level","exposure_LBZEEFSBJNB3Z_1","primary",4.78789881457143,4.74385535,1.0093701325,8.9149545825
"model_fits/finalized_redone_trunc/t2_a2_proportion_t/chicken_p/chicken_dishes_presence","model_fits/finalized_redone_trunc_cp/t2_a1_proportion/total/mpbamod_dishes_prop","t2_a2_proportion_t","chicken_p",NA,"restaurant","SAFK7ND1HR6XS","level","exposure_SAFK7ND1HR6XS_1","primary",1.19601115252948,1.2740467,-3.65365821,5.6199565725
"model_fits/finalized_redone_trunc/t2_a2_proportion_t/chicken_p/chicken_dishes_presence","model_fits/finalized_redone_trunc_cp/t2_a1_proportion/total/mpbamod_dishes_prop","t2_a2_proportion_t","chicken_p",NA,"restaurant","V3Q26BHF3SE2H","level","exposure_V3Q26BHF3SE2H_1","primary",3.186047207587,3.158239985,1.9894522885,4.4977378995
"model_fits/finalized_redone_trunc/t2_a2_proportion_t/chicken_p/chicken_dishes_presence","model_fits/finalized_redone_trunc_cp/t2_a1_proportion/total/mpbamod_dishes_prop","t2_a2_proportion_t","chicken_p",NA,"restaurant","W8T41JZK0ZMEP","level","exposure_W8T41JZK0ZMEP_1","primary",-0.23407084559713,-0.23022545,-1.282067945,0.79763745125
"model_fits/finalized_redone_trunc/t2_a2_proportion_t/chicken_p/chicken_dishes_presence","model_fits/finalized_redone_trunc_cp/t2_a1_proportion/total/mpbamod_dishes_prop","t2_a2_proportion_t","chicken_p",1,"pooled",NA,"level",NA,"matched_baseline",1.84767943633844,1.88788385458333,0.1812251721575,3.30518608291667
"model_fits/finalized_redone_trunc/t2_a2_proportion_t/dairy_p/dairy_dishes_count","model_fits/finalized_redone_trunc_cp/t2_a1_proportion/total/mpbamod_dishes_count","t2_a2_proportion_t","dairy_p",NA,"restaurant","9XKJD8DQTH559","level","exposure_9XKJD8DQTH559_1","primary",0.266502810192667,0.26985909,0.06326551805,0.447949686525
"model_fits/finalized_redone_trunc/t2_a2_proportion_t/dairy_p/dairy_dishes_count","model_fits/finalized_redone_trunc_cp/t2_a1_proportion/total/mpbamod_dishes_count","t2_a2_proportion_t","dairy_p",NA,"restaurant","C0BE4NDSW26QN","level","exposure_C0BE4NDSW26QN_1","primary",0.04084455498061,0.0434819805,-0.123736687475,0.19457512895
"model_fits/finalized_redone_trunc/t2_a2_proportion_t/dairy_p/dairy_dishes_count","model_fits/finalized_redone_trunc_cp/t2_a1_proportion/total/mpbamod_dishes_count","t2_a2_proportion_t","dairy_p",NA,"restaurant","ED5J990H5VAZT","level","exposure_ED5J990H5VAZT_1","primary",0.0317535943441868,0.0308878601,-0.012717660475,0.0777905996825
"model_fits/finalized_redone_trunc/t2_a2_proportion_t/dairy_p/dairy_dishes_count","model_fits/finalized_redone_trunc_cp/t2_a1_proportion/total/mpbamod_dishes_count","t2_a2_proportion_t","dairy_p",NA,"restaurant","EMBVNVD207CC6","level","exposure_EMBVNVD207CC6_1","primary",0.00900186384773333,0.0101467865,-0.18680119725,0.191983878575
"model_fits/finalized_redone_trunc/t2_a2_proportion_t/dairy_p/dairy_dishes_count","model_fits/finalized_redone_trunc_cp/t2_a1_proportion/total/mpbamod_dishes_count","t2_a2_proportion_t","dairy_p",NA,"restaurant","JHDN7CF1C03X5","level","exposure_JHDN7CF1C03X5_1","primary",0.0340340218815277,0.03275835445,-0.00865600785,0.081448744925
"model_fits/finalized_redone_trunc/t2_a2_proportion_t/dairy_p/dairy_dishes_count","model_fits/finalized_redone_trunc_cp/t2_a1_proportion/total/mpbamod_dishes_count","t2_a2_proportion_t","dairy_p",NA,"restaurant","LBZEEFSBJNB3Z","level","exposure_LBZEEFSBJNB3Z_1","primary",0.00755339513636533,0.007553441,-0.0850649636,0.10775394402
"model_fits/finalized_redone_trunc/t2_a2_proportion_t/dairy_p/dairy_dishes_count","model_fits/finalized_redone_trunc_cp/t2_a1_proportion/total/mpbamod_dishes_count","t2_a2_proportion_t","dairy_p",NA,"restaurant","LFZFT3VASXPED","level","exposure_LFZFT3VASXPED_1","primary",0.0412647573867667,0.02982752,-0.2867181425,0.4120566922
"model_fits/finalized_redone_trunc/t2_a2_proportion_t/dairy_p/dairy_dishes_count","model_fits/finalized_redone_trunc_cp/t2_a1_proportion/total/mpbamod_dishes_count","t2_a2_proportion_t","dairy_p",NA,"restaurant","SAFK7ND1HR6XS","level","exposure_SAFK7ND1HR6XS_1","primary",0.0224799854357657,0.01262268,-0.2584013675,0.345909795575
"model_fits/finalized_redone_trunc/t2_a2_proportion_t/dairy_p/dairy_dishes_count","model_fits/finalized_redone_trunc_cp/t2_a1_proportion/total/mpbamod_dishes_count","t2_a2_proportion_t","dairy_p",NA,"restaurant","V3Q26BHF3SE2H","level","exposure_V3Q26BHF3SE2H_1","primary",0.01714551888923,0.0182300645,-0.091055438125,0.123602814125
"model_fits/finalized_redone_trunc/t2_a2_proportion_t/dairy_p/dairy_dishes_count","model_fits/finalized_redone_trunc_cp/t2_a1_proportion/total/mpbamod_dishes_count","t2_a2_proportion_t","dairy_p",NA,"restaurant","W8T41JZK0ZMEP","level","exposure_W8T41JZK0ZMEP_1","primary",0.0089523803679324,0.0082224325,-0.0222992697,0.045959908705
"model_fits/finalized_redone_trunc/t2_a2_proportion_t/dairy_p/dairy_dishes_count","model_fits/finalized_redone_trunc_cp/t2_a1_proportion/total/mpbamod_dishes_count","t2_a2_proportion_t","dairy_p",1,"pooled",NA,"level",NA,"matched_baseline",0.0528860786734525,0.04814233943,-0.042236479006125,0.17563335875945
"model_fits/finalized_redone_trunc/t2_a2_proportion_t/dairy_p/dairy_dishes_presence","model_fits/finalized_redone_trunc_cp/t2_a1_proportion/total/mpbamod_dishes_prop","t2_a2_proportion_t","dairy_p",NA,"restaurant","9XKJD8DQTH559","level","exposure_9XKJD8DQTH559_1","primary",0.401014495595843,0.411302335,-0.6088804375,1.41785665175
"model_fits/finalized_redone_trunc/t2_a2_proportion_t/dairy_p/dairy_dishes_presence","model_fits/finalized_redone_trunc_cp/t2_a1_proportion/total/mpbamod_dishes_prop","t2_a2_proportion_t","dairy_p",NA,"restaurant","C0BE4NDSW26QN","level","exposure_C0BE4NDSW26QN_1","primary",5.352682130742,5.40100465,2.0352326575,8.5940093875
"model_fits/finalized_redone_trunc/t2_a2_proportion_t/dairy_p/dairy_dishes_presence","model_fits/finalized_redone_trunc_cp/t2_a1_proportion/total/mpbamod_dishes_prop","t2_a2_proportion_t","dairy_p",NA,"restaurant","ED5J990H5VAZT","level","exposure_ED5J990H5VAZT_1","primary",-0.16637109480435,-0.165028445,-0.479499709,0.1502620483
"model_fits/finalized_redone_trunc/t2_a2_proportion_t/dairy_p/dairy_dishes_presence","model_fits/finalized_redone_trunc_cp/t2_a1_proportion/total/mpbamod_dishes_prop","t2_a2_proportion_t","dairy_p",NA,"restaurant","EMBVNVD207CC6","level","exposure_EMBVNVD207CC6_1","primary",1.80978633981402,1.8056407,0.443308537,3.166937372775
"model_fits/finalized_redone_trunc/t2_a2_proportion_t/dairy_p/dairy_dishes_presence","model_fits/finalized_redone_trunc_cp/t2_a1_proportion/total/mpbamod_dishes_prop","t2_a2_proportion_t","dairy_p",NA,"restaurant","JHDN7CF1C03X5","level","exposure_JHDN7CF1C03X5_1","primary",2.21702017927328,2.181444635,-0.05134092715,4.692432255
"model_fits/finalized_redone_trunc/t2_a2_proportion_t/dairy_p/dairy_dishes_presence","model_fits/finalized_redone_trunc_cp/t2_a1_proportion/total/mpbamod_dishes_prop","t2_a2_proportion_t","dairy_p",NA,"restaurant","LBZEEFSBJNB3Z","level","exposure_LBZEEFSBJNB3Z_1","primary",3.99554284368683,3.99246785,1.0404868101,7.0523812925
"model_fits/finalized_redone_trunc/t2_a2_proportion_t/dairy_p/dairy_dishes_presence","model_fits/finalized_redone_trunc_cp/t2_a1_proportion/total/mpbamod_dishes_prop","t2_a2_proportion_t","dairy_p",NA,"restaurant","LFZFT3VASXPED","level","exposure_LFZFT3VASXPED_1","primary",-1.0728862265321,-0.90064665,-7.422636185,4.368308495
"model_fits/finalized_redone_trunc/t2_a2_proportion_t/dairy_p/dairy_dishes_presence","model_fits/finalized_redone_trunc_cp/t2_a1_proportion/total/mpbamod_dishes_prop","t2_a2_proportion_t","dairy_p",NA,"restaurant","SAFK7ND1HR6XS","level","exposure_SAFK7ND1HR6XS_1","primary",0.04627502707248,0.055056,-3.6325602925,3.7755467275
"model_fits/finalized_redone_trunc/t2_a2_proportion_t/dairy_p/dairy_dishes_presence","model_fits/finalized_redone_trunc_cp/t2_a1_proportion/total/mpbamod_dishes_prop","t2_a2_proportion_t","dairy_p",NA,"restaurant","V3Q26BHF3SE2H","level","exposure_V3Q26BHF3SE2H_1","primary",0.815178392093433,0.81232445,0.26029450125,1.3709648025
"model_fits/finalized_redone_trunc/t2_a2_proportion_t/dairy_p/dairy_dishes_presence","model_fits/finalized_redone_trunc_cp/t2_a1_proportion/total/mpbamod_dishes_prop","t2_a2_proportion_t","dairy_p",NA,"restaurant","W8T41JZK0ZMEP","level","exposure_W8T41JZK0ZMEP_1","primary",0.78713068527287,0.72396564,-1.19578684675,3.150721686125
"model_fits/finalized_redone_trunc/t2_a2_proportion_t/dairy_p/dairy_dishes_presence","model_fits/finalized_redone_trunc_cp/t2_a1_proportion/total/mpbamod_dishes_prop","t2_a2_proportion_t","dairy_p",1,"pooled",NA,"level",NA,"matched_baseline",1.30779189291916,1.3046730344,0.2154882405625,2.464645843875
"model_fits/finalized_redone_trunc/t2_a2_proportion_t/egg_p/egg_dishes_count","model_fits/finalized_redone_trunc_cp/t2_a1_proportion/total/mpbamod_dishes_count","t2_a2_proportion_t","egg_p",NA,"restaurant","78AY09MVJVTYE","level","exposure_78AY09MVJVTYE_1","primary",0.1858259266531,0.182510865,0.108358855425,0.2758758375
"model_fits/finalized_redone_trunc/t2_a2_proportion_t/egg_p/egg_dishes_count","model_fits/finalized_redone_trunc_cp/t2_a1_proportion/total/mpbamod_dishes_count","t2_a2_proportion_t","egg_p",NA,"restaurant","ED5J990H5VAZT","level","exposure_ED5J990H5VAZT_1","primary",0.0178964755911601,0.0188111589,-0.020683816525,0.051717564825
"model_fits/finalized_redone_trunc/t2_a2_proportion_t/egg_p/egg_dishes_count","model_fits/finalized_redone_trunc_cp/t2_a1_proportion/total/mpbamod_dishes_count","t2_a2_proportion_t","egg_p",NA,"restaurant","LBZEEFSBJNB3Z","level","exposure_LBZEEFSBJNB3Z_1","primary",0.0432895788555653,0.04445495655,-0.05278933985,0.139016331675
"model_fits/finalized_redone_trunc/t2_a2_proportion_t/egg_p/egg_dishes_count","model_fits/finalized_redone_trunc_cp/t2_a1_proportion/total/mpbamod_dishes_count","t2_a2_proportion_t","egg_p",NA,"restaurant","V3Q26BHF3SE2H","level","exposure_V3Q26BHF3SE2H_1","primary",0.102512225889963,0.100633649,0.047044276995,0.165678447975
"model_fits/finalized_redone_trunc/t2_a2_proportion_t/egg_p/egg_dishes_count","model_fits/finalized_redone_trunc_cp/t2_a1_proportion/total/mpbamod_dishes_count","t2_a2_proportion_t","egg_p",NA,"restaurant","W8T41JZK0ZMEP","level","exposure_W8T41JZK0ZMEP_1","primary",0.0315905685286657,0.03075991,-0.002360953225,0.0692974891
"model_fits/finalized_redone_trunc/t2_a2_proportion_t/egg_p/egg_dishes_count","model_fits/finalized_redone_trunc_cp/t2_a1_proportion/total/mpbamod_dishes_count","t2_a2_proportion_t","egg_p",1,"pooled",NA,"level",NA,"matched_baseline",0.0764487260820509,0.0757292484,0.0169766121455,0.1341674956395
"model_fits/finalized_redone_trunc/t2_a2_proportion_t/egg_p/egg_dishes_presence","model_fits/finalized_redone_trunc_cp/t2_a1_proportion/total/mpbamod_dishes_prop","t2_a2_proportion_t","egg_p",NA,"restaurant","78AY09MVJVTYE","level","exposure_78AY09MVJVTYE_1","primary",3.69986702488667,3.6787668,2.13473914875,5.29310023
"model_fits/finalized_redone_trunc/t2_a2_proportion_t/egg_p/egg_dishes_presence","model_fits/finalized_redone_trunc_cp/t2_a1_proportion/total/mpbamod_dishes_prop","t2_a2_proportion_t","egg_p",NA,"restaurant","ED5J990H5VAZT","level","exposure_ED5J990H5VAZT_1","primary",-0.132393258584937,-0.128748115,-0.45774182025,0.1974428742
"model_fits/finalized_redone_trunc/t2_a2_proportion_t/egg_p/egg_dishes_presence","model_fits/finalized_redone_trunc_cp/t2_a1_proportion/total/mpbamod_dishes_prop","t2_a2_proportion_t","egg_p",NA,"restaurant","LBZEEFSBJNB3Z","level","exposure_LBZEEFSBJNB3Z_1","primary",2.9202680521765,2.89032932,0.56388722625,5.4137033675
"model_fits/finalized_redone_trunc/t2_a2_proportion_t/egg_p/egg_dishes_presence","model_fits/finalized_redone_trunc_cp/t2_a1_proportion/total/mpbamod_dishes_prop","t2_a2_proportion_t","egg_p",NA,"restaurant","V3Q26BHF3SE2H","level","exposure_V3Q26BHF3SE2H_1","primary",1.1400540214857,1.13347717,0.627269269,1.6944851775
"model_fits/finalized_redone_trunc/t2_a2_proportion_t/egg_p/egg_dishes_presence","model_fits/finalized_redone_trunc_cp/t2_a1_proportion/total/mpbamod_dishes_prop","t2_a2_proportion_t","egg_p",NA,"restaurant","W8T41JZK0ZMEP","level","exposure_W8T41JZK0ZMEP_1","primary",-0.47951046385123,-0.449941915,-1.6930215175,0.658560933800001
"model_fits/finalized_redone_trunc/t2_a2_proportion_t/egg_p/egg_dishes_presence","model_fits/finalized_redone_trunc_cp/t2_a1_proportion/total/mpbamod_dishes_prop","t2_a2_proportion_t","egg_p",1,"pooled",NA,"level",NA,"matched_baseline",1.44632383797109,1.435471603,0.77304202195,2.15859033566
"model_fits/finalized_redone_trunc/t2_a2_proportion_t/textured_p/textured_dishes_count","model_fits/finalized_redone_trunc_cp/t2_a1_proportion/total/mpbamod_dishes_count","t2_a2_proportion_t","textured_p",NA,"restaurant","9XKJD8DQTH559","level","exposure_9XKJD8DQTH559_1","primary",0.0576229440926667,0.057035415,-0.00231272954999999,0.120948684825
"model_fits/finalized_redone_trunc/t2_a2_proportion_t/textured_p/textured_dishes_count","model_fits/finalized_redone_trunc_cp/t2_a1_proportion/total/mpbamod_dishes_count","t2_a2_proportion_t","textured_p",NA,"restaurant","SAFK7ND1HR6XS","level","exposure_SAFK7ND1HR6XS_1","primary",0.383616509882499,0.39572209,-0.286945452625,0.982599835
"model_fits/finalized_redone_trunc/t2_a2_proportion_t/textured_p/textured_dishes_count","model_fits/finalized_redone_trunc_cp/t2_a1_proportion/total/mpbamod_dishes_count","t2_a2_proportion_t","textured_p",NA,"restaurant","W8T41JZK0ZMEP","level","exposure_W8T41JZK0ZMEP_1","primary",0.868581488408666,0.86512539175,0.578757687225,1.18111577076
"model_fits/finalized_redone_trunc/t2_a2_proportion_t/textured_p/textured_dishes_count","model_fits/finalized_redone_trunc_cp/t2_a1_proportion/total/mpbamod_dishes_count","t2_a2_proportion_t","textured_p",1,"pooled",NA,"level",NA,"matched_baseline",0.391009271302388,0.395950835166667,-0.391091650675402,1.16032810295833
"model_fits/finalized_redone_trunc/t2_a2_proportion_t/textured_p/textured_dishes_presence","model_fits/finalized_redone_trunc_cp/t2_a1_proportion/total/mpbamod_dishes_prop","t2_a2_proportion_t","textured_p",NA,"restaurant","9XKJD8DQTH559","level","exposure_9XKJD8DQTH559_1","primary",-0.45720502424249,-0.445652965,-1.48648047,0.58130026125
"model_fits/finalized_redone_trunc/t2_a2_proportion_t/textured_p/textured_dishes_presence","model_fits/finalized_redone_trunc_cp/t2_a1_proportion/total/mpbamod_dishes_prop","t2_a2_proportion_t","textured_p",NA,"restaurant","SAFK7ND1HR6XS","level","exposure_SAFK7ND1HR6XS_1","primary",0.0645326299988133,0.0109542000000001,-4.262566002725,4.51233558925
"model_fits/finalized_redone_trunc/t2_a2_proportion_t/textured_p/textured_dishes_presence","model_fits/finalized_redone_trunc_cp/t2_a1_proportion/total/mpbamod_dishes_prop","t2_a2_proportion_t","textured_p",NA,"restaurant","W8T41JZK0ZMEP","level","exposure_W8T41JZK0ZMEP_1","primary",1.66111572364287,1.657059295,0.470743765,2.9027952685
"model_fits/finalized_redone_trunc/t2_a2_proportion_t/textured_p/textured_dishes_presence","model_fits/finalized_redone_trunc_cp/t2_a1_proportion/total/mpbamod_dishes_prop","t2_a2_proportion_t","textured_p",1,"pooled",NA,"level",NA,"matched_baseline",-0.0554129085857133,-0.027439085,-1.96111216091667,1.656261867875
"model_fits/finalized_redone_trunc/t2_a2_proportion_t/untextured_p/untextured_dishes_count","model_fits/finalized_redone_trunc_cp/t2_a1_proportion/total/mpbamod_dishes_count","t2_a2_proportion_t","untextured_p",NA,"restaurant","1SQPTEGYPH0GA","level","exposure_1SQPTEGYPH0GA_1","primary",0.134099830096847,0.134476542,0.03051608575,0.2373592433025
"model_fits/finalized_redone_trunc/t2_a2_proportion_t/untextured_p/untextured_dishes_count","model_fits/finalized_redone_trunc_cp/t2_a1_proportion/total/mpbamod_dishes_count","t2_a2_proportion_t","untextured_p",NA,"restaurant","9XKJD8DQTH559","level","exposure_9XKJD8DQTH559_1","primary",0.0129295307593333,0.0126048215,-0.0353200203,0.06478921185
"model_fits/finalized_redone_trunc/t2_a2_proportion_t/untextured_p/untextured_dishes_count","model_fits/finalized_redone_trunc_cp/t2_a1_proportion/total/mpbamod_dishes_count","t2_a2_proportion_t","untextured_p",NA,"restaurant","C0BE4NDSW26QN","level","exposure_C0BE4NDSW26QN_1","primary",0.164350997625765,0.1636852315,-0.0583801917,0.395919237925
"model_fits/finalized_redone_trunc/t2_a2_proportion_t/untextured_p/untextured_dishes_count","model_fits/finalized_redone_trunc_cp/t2_a1_proportion/total/mpbamod_dishes_count","t2_a2_proportion_t","untextured_p",NA,"restaurant","CB2KHY1C2G9PT","level","exposure_CB2KHY1C2G9PT_1","primary",-0.010537920328365,-0.0104354465,-0.13079025855,0.108684754175
"model_fits/finalized_redone_trunc/t2_a2_proportion_t/untextured_p/untextured_dishes_count","model_fits/finalized_redone_trunc_cp/t2_a1_proportion/total/mpbamod_dishes_count","t2_a2_proportion_t","untextured_p",NA,"restaurant","EMBVNVD207CC6","level","exposure_EMBVNVD207CC6_1","primary",0.536988550643733,0.25718013,-0.12794931575,3.21770271915
"model_fits/finalized_redone_trunc/t2_a2_proportion_t/untextured_p/untextured_dishes_count","model_fits/finalized_redone_trunc_cp/t2_a1_proportion/total/mpbamod_dishes_count","t2_a2_proportion_t","untextured_p",NA,"restaurant","JHDN7CF1C03X5","level","exposure_JHDN7CF1C03X5_1","primary",0.105479397825528,0.103680473,0.0089851109,0.20562858319
"model_fits/finalized_redone_trunc/t2_a2_proportion_t/untextured_p/untextured_dishes_count","model_fits/finalized_redone_trunc_cp/t2_a1_proportion/total/mpbamod_dishes_count","t2_a2_proportion_t","untextured_p",NA,"restaurant","LFZFT3VASXPED","level","exposure_LFZFT3VASXPED_1","primary",0.290497072880567,0.215384415,-0.22731878075,1.326992330725
"model_fits/finalized_redone_trunc/t2_a2_proportion_t/untextured_p/untextured_dishes_count","model_fits/finalized_redone_trunc_cp/t2_a1_proportion/total/mpbamod_dishes_count","t2_a2_proportion_t","untextured_p",NA,"restaurant","LQ5EH4BKGV61T","level","exposure_LQ5EH4BKGV61T_1","primary",0.08160438863846,0.06283213,-0.2670733681,0.542535004875
"model_fits/finalized_redone_trunc/t2_a2_proportion_t/untextured_p/untextured_dishes_count","model_fits/finalized_redone_trunc_cp/t2_a1_proportion/total/mpbamod_dishes_count","t2_a2_proportion_t","untextured_p",NA,"restaurant","S8MT0YGD2KTN9","level","exposure_S8MT0YGD2KTN9_1","primary",0.0900569988428067,0.089700066,-0.060958201525,0.243974621769325
"model_fits/finalized_redone_trunc/t2_a2_proportion_t/untextured_p/untextured_dishes_count","model_fits/finalized_redone_trunc_cp/t2_a1_proportion/total/mpbamod_dishes_count","t2_a2_proportion_t","untextured_p",NA,"restaurant","SAFK7ND1HR6XS","level","exposure_SAFK7ND1HR6XS_1","primary",0.165986000843832,0.116529697,-0.37840752975,1.02950496325
"model_fits/finalized_redone_trunc/t2_a2_proportion_t/untextured_p/untextured_dishes_count","model_fits/finalized_redone_trunc_cp/t2_a1_proportion/total/mpbamod_dishes_count","t2_a2_proportion_t","untextured_p",NA,"restaurant","SRQS8F7JWA9MZ","level","exposure_SRQS8F7JWA9MZ_1","primary",0.0287804116923333,0.02937524,-0.0821054375,0.140219786
"model_fits/finalized_redone_trunc/t2_a2_proportion_t/untextured_p/untextured_dishes_count","model_fits/finalized_redone_trunc_cp/t2_a1_proportion/total/mpbamod_dishes_count","t2_a2_proportion_t","untextured_p",NA,"restaurant","W8T41JZK0ZMEP","level","exposure_W8T41JZK0ZMEP_1","primary",0.342166847075332,0.3395761905,0.21496903595,0.4891262795475
"model_fits/finalized_redone_trunc/t2_a2_proportion_t/untextured_p/untextured_dishes_count","model_fits/finalized_redone_trunc_cp/t2_a1_proportion/total/mpbamod_dishes_count","t2_a2_proportion_t","untextured_p",1,"pooled",NA,"level",NA,"matched_baseline",0.156945518407996,0.125632242620417,-0.0195680478129167,0.568733923283667
"model_fits/finalized_redone_trunc/t2_a2_proportion_t/untextured_p/untextured_dishes_presence","model_fits/finalized_redone_trunc_cp/t2_a1_proportion/total/mpbamod_dishes_prop","t2_a2_proportion_t","untextured_p",NA,"restaurant","1SQPTEGYPH0GA","level","exposure_1SQPTEGYPH0GA_1","primary",6.114950666129,6.09657465,4.23825823625,8.1185402775
"model_fits/finalized_redone_trunc/t2_a2_proportion_t/untextured_p/untextured_dishes_presence","model_fits/finalized_redone_trunc_cp/t2_a1_proportion/total/mpbamod_dishes_prop","t2_a2_proportion_t","untextured_p",NA,"restaurant","9XKJD8DQTH559","level","exposure_9XKJD8DQTH559_1","primary",0.552679469794077,0.534883195,-1.16503401775,2.50978306725
"model_fits/finalized_redone_trunc/t2_a2_proportion_t/untextured_p/untextured_dishes_presence","model_fits/finalized_redone_trunc_cp/t2_a1_proportion/total/mpbamod_dishes_prop","t2_a2_proportion_t","untextured_p",NA,"restaurant","C0BE4NDSW26QN","level","exposure_C0BE4NDSW26QN_1","primary",5.938736810418,5.9427981,2.4451453175,9.55764283
"model_fits/finalized_redone_trunc/t2_a2_proportion_t/untextured_p/untextured_dishes_presence","model_fits/finalized_redone_trunc_cp/t2_a1_proportion/total/mpbamod_dishes_prop","t2_a2_proportion_t","untextured_p",NA,"restaurant","CB2KHY1C2G9PT","level","exposure_CB2KHY1C2G9PT_1","primary",3.30559654536333,3.3531001,0.4010933325,6.0067620325
"model_fits/finalized_redone_trunc/t2_a2_proportion_t/untextured_p/untextured_dishes_presence","model_fits/finalized_redone_trunc_cp/t2_a1_proportion/total/mpbamod_dishes_prop","t2_a2_proportion_t","untextured_p",NA,"restaurant","EMBVNVD207CC6","level","exposure_EMBVNVD207CC6_1","primary",4.06765567714735,4.03602207,1.904406193,6.38996089775
"model_fits/finalized_redone_trunc/t2_a2_proportion_t/untextured_p/untextured_dishes_presence","model_fits/finalized_redone_trunc_cp/t2_a1_proportion/total/mpbamod_dishes_prop","t2_a2_proportion_t","untextured_p",NA,"restaurant","JHDN7CF1C03X5","level","exposure_JHDN7CF1C03X5_1","primary",2.97520102923895,2.933251735,1.00935963878,5.19166379375
"model_fits/finalized_redone_trunc/t2_a2_proportion_t/untextured_p/untextured_dishes_presence","model_fits/finalized_redone_trunc_cp/t2_a1_proportion/total/mpbamod_dishes_prop","t2_a2_proportion_t","untextured_p",NA,"restaurant","LFZFT3VASXPED","level","exposure_LFZFT3VASXPED_1","primary",0.271824963385262,0.399381925,-6.4255319875,6.0591124325
"model_fits/finalized_redone_trunc/t2_a2_proportion_t/untextured_p/untextured_dishes_presence","model_fits/finalized_redone_trunc_cp/t2_a1_proportion/total/mpbamod_dishes_prop","t2_a2_proportion_t","untextured_p",NA,"restaurant","LQ5EH4BKGV61T","level","exposure_LQ5EH4BKGV61T_1","primary",-1.32675671056993,-1.16589135,-4.916134665,1.553621088875
"model_fits/finalized_redone_trunc/t2_a2_proportion_t/untextured_p/untextured_dishes_presence","model_fits/finalized_redone_trunc_cp/t2_a1_proportion/total/mpbamod_dishes_prop","t2_a2_proportion_t","untextured_p",NA,"restaurant","S8MT0YGD2KTN9","level","exposure_S8MT0YGD2KTN9_1","primary",-1.32369622204,-1.34688865,-3.823462045,1.16898342
"model_fits/finalized_redone_trunc/t2_a2_proportion_t/untextured_p/untextured_dishes_presence","model_fits/finalized_redone_trunc_cp/t2_a1_proportion/total/mpbamod_dishes_prop","t2_a2_proportion_t","untextured_p",NA,"restaurant","SAFK7ND1HR6XS","level","exposure_SAFK7ND1HR6XS_1","primary",1.02423884085148,1.010947735,-2.903854615,4.9639041435
"model_fits/finalized_redone_trunc/t2_a2_proportion_t/untextured_p/untextured_dishes_presence","model_fits/finalized_redone_trunc_cp/t2_a1_proportion/total/mpbamod_dishes_prop","t2_a2_proportion_t","untextured_p",NA,"restaurant","SRQS8F7JWA9MZ","level","exposure_SRQS8F7JWA9MZ_1","primary",-1.24041984715367,-1.2343771,-1.799652225,-0.708953471
"model_fits/finalized_redone_trunc/t2_a2_proportion_t/untextured_p/untextured_dishes_presence","model_fits/finalized_redone_trunc_cp/t2_a1_proportion/total/mpbamod_dishes_prop","t2_a2_proportion_t","untextured_p",NA,"restaurant","W8T41JZK0ZMEP","level","exposure_W8T41JZK0ZMEP_1","primary",0.694967697309537,0.710416835,-0.4010877975,1.780483788
"model_fits/finalized_redone_trunc/t2_a2_proportion_t/untextured_p/untextured_dishes_presence","model_fits/finalized_redone_trunc_cp/t2_a1_proportion/total/mpbamod_dishes_prop","t2_a2_proportion_t","untextured_p",1,"pooled",NA,"level",NA,"matched_baseline",1.4253016062642,1.43562376954167,0.2070312780625,2.5720582546375
"model_fits/finalized_redone_trunc/t2_a3_its/chicken_fish","model_fits/finalized_redone_trunc_cp/t2_a3_its/total","t2_a3_its","chicken_fish",NA,"restaurant","VLZX7K2M9QD4T","level","exposure_VLZX7K2M9QD4T_1","fallback_t1_total",-0.0620226233441567,-0.06177035,-0.188617835,0.06290887225
"model_fits/finalized_redone_trunc/t2_a3_its/chicken_fish","model_fits/finalized_redone_trunc_cp/t2_a3_its/total","t2_a3_its","chicken_fish",NA,"restaurant","2HRX9P6HKXA8V","level","exposure_2HRX9P6HKXA8V_1","fallback_t1_total",-0.137526704993933,-0.1391041,-0.413532795,0.1435529425
"model_fits/finalized_redone_trunc/t2_a3_its/chicken_fish","model_fits/finalized_redone_trunc_cp/t2_a3_its/total","t2_a3_its","chicken_fish",NA,"restaurant","JHDN7CF1C03X5","level","exposure_JHDN7CF1C03X5_1","fallback_t1_total",-0.199762093808333,-0.1971708,-0.3418668,-0.05881773475
"model_fits/finalized_redone_trunc/t2_a3_its/chicken_fish","model_fits/finalized_redone_trunc_cp/t2_a3_its/total","t2_a3_its","chicken_fish",NA,"restaurant","L69HYJ4Y3TR91","level","exposure_L69HYJ4Y3TR91_1","primary",-0.244406048855372,-0.2396807335,-0.81954766025,0.261587510475
"model_fits/finalized_redone_trunc/t2_a3_its/chicken_fish","model_fits/finalized_redone_trunc_cp/t2_a3_its/total","t2_a3_its","chicken_fish",NA,"restaurant","ED5J990H5VAZT","level","exposure_ED5J990H5VAZT_1","primary",-0.347615934699585,-0.343717975,-0.768152584,0.0744228947250001
"model_fits/finalized_redone_trunc/t2_a3_its/chicken_fish","model_fits/finalized_redone_trunc_cp/t2_a3_its/total","t2_a3_its","chicken_fish",NA,"restaurant","W8T41JZK0ZMEP","level","exposure_W8T41JZK0ZMEP_1","primary",0.0499528284603667,0.0492356835,-0.2979716575,0.39460067775
"model_fits/finalized_redone_trunc/t2_a3_its/chicken_fish","model_fits/finalized_redone_trunc_cp/t2_a3_its/total","t2_a3_its","chicken_fish",NA,"restaurant","W8T41JZK0ZMEP","level","exposure_W8T41JZK0ZMEP_2","primary",-1.33686981180217,-1.299800755,-2.26655958085,-0.625275206825
"model_fits/finalized_redone_trunc/t2_a3_its/chicken_fish","model_fits/finalized_redone_trunc_cp/t2_a3_its/total","t2_a3_its","chicken_fish",NA,"restaurant","W8T41JZK0ZMEP","level","exposure_W8T41JZK0ZMEP_3","primary",-0.355895424616345,-0.3519638205,-0.77333604625,0.0687052267500002
"model_fits/finalized_redone_trunc/t2_a3_its/chicken_fish","model_fits/finalized_redone_trunc_cp/t2_a3_its/total","t2_a3_its","chicken_fish",NA,"restaurant","W8T41JZK0ZMEP","level","exposure_W8T41JZK0ZMEP_4","primary",-0.16438547059445,-0.15731526811,-0.716432746,0.305467280075
"model_fits/finalized_redone_trunc/t2_a3_its/chicken_fish","model_fits/finalized_redone_trunc_cp/t2_a3_its/total","t2_a3_its","chicken_fish",NA,"restaurant","W8T41JZK0ZMEP","level","exposure_W8T41JZK0ZMEP_5","primary",-0.31333296700966,-0.31029535,-0.7461834215,0.0817542524500002
"model_fits/finalized_redone_trunc/t2_a3_its/chicken_fish","model_fits/finalized_redone_trunc_cp/t2_a3_its/total","t2_a3_its","chicken_fish",NA,"restaurant","EMBVNVD207CC6","level","exposure_EMBVNVD207CC6_1","primary",-1.12819554101133,-1.1548352,-2.11805293025,0.0926187925000006
"model_fits/finalized_redone_trunc/t2_a3_its/chicken_fish","model_fits/finalized_redone_trunc_cp/t2_a3_its/total","t2_a3_its","chicken_fish",NA,"restaurant","C0BE4NDSW26QN","level","exposure_C0BE4NDSW26QN_1","primary",-0.102999195550713,-0.095816665,-1.500018244475,1.249955583
"model_fits/finalized_redone_trunc/t2_a3_its/chicken_fish","model_fits/finalized_redone_trunc_cp/t2_a3_its/total","t2_a3_its","chicken_fish",NA,"restaurant","C0BE4NDSW26QN","level","exposure_C0BE4NDSW26QN_2","primary",0.158076179181587,0.147443955,-0.893130192,1.2327206005
"model_fits/finalized_redone_trunc/t2_a3_its/chicken_fish","model_fits/finalized_redone_trunc_cp/t2_a3_its/total","t2_a3_its","chicken_fish",NA,"restaurant","V3Q26BHF3SE2H","level","exposure_V3Q26BHF3SE2H_1","primary",0.08047148173808,0.080116095,-0.427331211325,0.568848139025
"model_fits/finalized_redone_trunc/t2_a3_its/chicken_fish","model_fits/finalized_redone_trunc_cp/t2_a3_its/total","t2_a3_its","chicken_fish",NA,"restaurant","V3Q26BHF3SE2H","level","exposure_V3Q26BHF3SE2H_2","primary",1.9054112138e-05,-0.00743287500000001,-0.4661696245,0.47979025875
"model_fits/finalized_redone_trunc/t2_a3_its/chicken_fish","model_fits/finalized_redone_trunc_cp/t2_a3_its/total","t2_a3_its","chicken_fish",NA,"restaurant","V3Q26BHF3SE2H","level","exposure_V3Q26BHF3SE2H_3","primary",0.102642884583633,0.106697965,-0.277127042,0.4873766705
"model_fits/finalized_redone_trunc/t2_a3_its/chicken_fish","model_fits/finalized_redone_trunc_cp/t2_a3_its/total","t2_a3_its","chicken_fish",NA,"restaurant","V3Q26BHF3SE2H","level","exposure_V3Q26BHF3SE2H_4","primary",-0.360852476743755,-0.361726935,-0.938914712,0.167764744975
"model_fits/finalized_redone_trunc/t2_a3_its/chicken_fish","model_fits/finalized_redone_trunc_cp/t2_a3_its/total","t2_a3_its","chicken_fish",NA,"restaurant","LBZEEFSBJNB3Z","level","exposure_LBZEEFSBJNB3Z_1","primary",0.153479537493333,0.152952945,-0.2180648635,0.52902587775
"model_fits/finalized_redone_trunc/t2_a3_its/chicken_fish","model_fits/finalized_redone_trunc_cp/t2_a3_its/total","t2_a3_its","chicken_fish",NA,"restaurant","SAFK7ND1HR6XS","level","exposure_SAFK7ND1HR6XS_1","primary",0.143417226166486,0.142815665,-0.23318630375,0.51393797775
"model_fits/finalized_redone_trunc/t2_a3_its/chicken_fish","model_fits/finalized_redone_trunc_cp/t2_a3_its/total","t2_a3_its","chicken_fish",NA,"restaurant","S8MT0YGD2KTN9","level","exposure_S8MT0YGD2KTN9_1","primary",-0.111270903653493,-0.10598628715,-0.349144111225,0.116122836425
"model_fits/finalized_redone_trunc/t2_a3_its/chicken_fish","model_fits/finalized_redone_trunc_cp/t2_a3_its/total","t2_a3_its","chicken_fish",NA,"restaurant","1SQPTEGYPH0GA","level","exposure_1SQPTEGYPH0GA_1","primary",0.24496083156,0.24417322,-0.0364967957499999,0.529173255
"model_fits/finalized_redone_trunc/t2_a3_its/chicken_fish","model_fits/finalized_redone_trunc_cp/t2_a3_its/total","t2_a3_its","chicken_fish",NA,"restaurant","9XKJD8DQTH559","level","exposure_9XKJD8DQTH559_1","primary",-0.287874014698567,-0.2890557,-0.65154411775,0.09434122775
"model_fits/finalized_redone_trunc/t2_a3_its/chicken_fish","model_fits/finalized_redone_trunc_cp/t2_a3_its/total","t2_a3_its","chicken_fish",NA,"restaurant","9XKJD8DQTH559","level","exposure_9XKJD8DQTH559_2","primary",-0.0651461638952133,-0.064782825,-0.49148890725,0.344229066
"model_fits/finalized_redone_trunc/t2_a3_its/chicken_fish","model_fits/finalized_redone_trunc_cp/t2_a3_its/total","t2_a3_its","chicken_fish",NA,"restaurant","LQ5EH4BKGV61T","level","exposure_LQ5EH4BKGV61T_1","primary",0.16040694625779,0.1328053216,-0.597215985,1.06642873525
"model_fits/finalized_redone_trunc/t2_a3_its/chicken_fish","model_fits/finalized_redone_trunc_cp/t2_a3_its/total","t2_a3_its","chicken_fish",NA,"restaurant","78AY09MVJVTYE","level","exposure_78AY09MVJVTYE_1","primary",0.17446403598933,0.175784975,0.054140822,0.290450258
"model_fits/finalized_redone_trunc/t2_a3_its/chicken_fish","model_fits/finalized_redone_trunc_cp/t2_a3_its/total","t2_a3_its","chicken_fish",NA,"restaurant","VLZX7K2M9QD4T","slope","exposure_VLZX7K2M9QD4T_1_slope","fallback_t1_total",-0.204683388035667,-0.214184795,-1.0932974,0.715760875
"model_fits/finalized_redone_trunc/t2_a3_its/chicken_fish","model_fits/finalized_redone_trunc_cp/t2_a3_its/total","t2_a3_its","chicken_fish",NA,"restaurant","2HRX9P6HKXA8V","slope","exposure_2HRX9P6HKXA8V_1_slope","fallback_t1_total",-0.2767928410788,-0.2667205,-0.86899065,0.28663135
"model_fits/finalized_redone_trunc/t2_a3_its/chicken_fish","model_fits/finalized_redone_trunc_cp/t2_a3_its/total","t2_a3_its","chicken_fish",NA,"restaurant","JHDN7CF1C03X5","slope","exposure_JHDN7CF1C03X5_1_slope","fallback_t1_total",-0.0845815816666667,-0.082803,-0.37739385,0.19696355
"model_fits/finalized_redone_trunc/t2_a3_its/chicken_fish","model_fits/finalized_redone_trunc_cp/t2_a3_its/total","t2_a3_its","chicken_fish",NA,"restaurant","L69HYJ4Y3TR91","slope","exposure_L69HYJ4Y3TR91_1_slope","primary",-0.470073196224267,-0.4662354,-1.77474839,0.8318105815
"model_fits/finalized_redone_trunc/t2_a3_its/chicken_fish","model_fits/finalized_redone_trunc_cp/t2_a3_its/total","t2_a3_its","chicken_fish",NA,"restaurant","ED5J990H5VAZT","slope","exposure_ED5J990H5VAZT_1_slope","primary",0.538350111911333,0.528305755,0.00561614574999999,1.135559293
"model_fits/finalized_redone_trunc/t2_a3_its/chicken_fish","model_fits/finalized_redone_trunc_cp/t2_a3_its/total","t2_a3_its","chicken_fish",NA,"restaurant","W8T41JZK0ZMEP","slope","exposure_W8T41JZK0ZMEP_1_slope","primary",-0.932442129229563,-0.813852461,-5.253144154,2.68840034525
"model_fits/finalized_redone_trunc/t2_a3_its/chicken_fish","model_fits/finalized_redone_trunc_cp/t2_a3_its/total","t2_a3_its","chicken_fish",NA,"restaurant","W8T41JZK0ZMEP","slope","exposure_W8T41JZK0ZMEP_2_slope","primary",5.28511757276891,5.048151835,1.145302689775,11.03632112425
"model_fits/finalized_redone_trunc/t2_a3_its/chicken_fish","model_fits/finalized_redone_trunc_cp/t2_a3_its/total","t2_a3_its","chicken_fish",NA,"restaurant","W8T41JZK0ZMEP","slope","exposure_W8T41JZK0ZMEP_3_slope","primary",-1.8463742234688,-1.793159077,-4.7767144975,0.76353471325
"model_fits/finalized_redone_trunc/t2_a3_its/chicken_fish","model_fits/finalized_redone_trunc_cp/t2_a3_its/total","t2_a3_its","chicken_fish",NA,"restaurant","W8T41JZK0ZMEP","slope","exposure_W8T41JZK0ZMEP_4_slope","primary",-2.95942292826534,-2.726360355,-8.835607876075,1.23678947
"model_fits/finalized_redone_trunc/t2_a3_its/chicken_fish","model_fits/finalized_redone_trunc_cp/t2_a3_its/total","t2_a3_its","chicken_fish",NA,"restaurant","W8T41JZK0ZMEP","slope","exposure_W8T41JZK0ZMEP_5_slope","primary",0.646148757056745,0.51646789,-2.905262450925,5.044910059725
"model_fits/finalized_redone_trunc/t2_a3_its/chicken_fish","model_fits/finalized_redone_trunc_cp/t2_a3_its/total","t2_a3_its","chicken_fish",NA,"restaurant","EMBVNVD207CC6","slope","exposure_EMBVNVD207CC6_1_slope","primary",-0.0199965369797533,-0.01631053,-0.6196628785,0.5525616904
"model_fits/finalized_redone_trunc/t2_a3_its/chicken_fish","model_fits/finalized_redone_trunc_cp/t2_a3_its/total","t2_a3_its","chicken_fish",NA,"restaurant","C0BE4NDSW26QN","slope","exposure_C0BE4NDSW26QN_1_slope","primary",0.0329851519072897,0.041555215,-1.56715201175,1.53506600975
"model_fits/finalized_redone_trunc/t2_a3_its/chicken_fish","model_fits/finalized_redone_trunc_cp/t2_a3_its/total","t2_a3_its","chicken_fish",NA,"restaurant","C0BE4NDSW26QN","slope","exposure_C0BE4NDSW26QN_2_slope","primary",0.149958991641753,0.131858455,-1.3325152455,1.751977552
"model_fits/finalized_redone_trunc/t2_a3_its/chicken_fish","model_fits/finalized_redone_trunc_cp/t2_a3_its/total","t2_a3_its","chicken_fish",NA,"restaurant","V3Q26BHF3SE2H","slope","exposure_V3Q26BHF3SE2H_1_slope","primary",0.0768367191513277,0.2007441855,-4.8436068465,4.377953638
"model_fits/finalized_redone_trunc/t2_a3_its/chicken_fish","model_fits/finalized_redone_trunc_cp/t2_a3_its/total","t2_a3_its","chicken_fish",NA,"restaurant","V3Q26BHF3SE2H","slope","exposure_V3Q26BHF3SE2H_2_slope","primary",0.25438405076511,0.19070455765,-4.05607586525,4.96835169825
"model_fits/finalized_redone_trunc/t2_a3_its/chicken_fish","model_fits/finalized_redone_trunc_cp/t2_a3_its/total","t2_a3_its","chicken_fish",NA,"restaurant","V3Q26BHF3SE2H","slope","exposure_V3Q26BHF3SE2H_3_slope","primary",-0.32427710088741,-0.29585497,-2.577040433,1.88408330275
"model_fits/finalized_redone_trunc/t2_a3_its/chicken_fish","model_fits/finalized_redone_trunc_cp/t2_a3_its/total","t2_a3_its","chicken_fish",NA,"restaurant","V3Q26BHF3SE2H","slope","exposure_V3Q26BHF3SE2H_4_slope","primary",0.503065520283563,0.434364825,-2.742425095,4.0582922845
"model_fits/finalized_redone_trunc/t2_a3_its/chicken_fish","model_fits/finalized_redone_trunc_cp/t2_a3_its/total","t2_a3_its","chicken_fish",NA,"restaurant","LBZEEFSBJNB3Z","slope","exposure_LBZEEFSBJNB3Z_1_slope","primary",-0.0410904275543333,-0.03935542,-0.60645252625,0.49372270075
"model_fits/finalized_redone_trunc/t2_a3_its/chicken_fish","model_fits/finalized_redone_trunc_cp/t2_a3_its/total","t2_a3_its","chicken_fish",NA,"restaurant","SAFK7ND1HR6XS","slope","exposure_SAFK7ND1HR6XS_1_slope","primary",0.0926881258456667,0.10606653,-1.15555419025,1.2810502975
"model_fits/finalized_redone_trunc/t2_a3_its/chicken_fish","model_fits/finalized_redone_trunc_cp/t2_a3_its/total","t2_a3_its","chicken_fish",NA,"restaurant","S8MT0YGD2KTN9","slope","exposure_S8MT0YGD2KTN9_1_slope","primary",0.254675944104,0.255809205,-0.00379910425,0.51970914925
"model_fits/finalized_redone_trunc/t2_a3_its/chicken_fish","model_fits/finalized_redone_trunc_cp/t2_a3_its/total","t2_a3_its","chicken_fish",NA,"restaurant","1SQPTEGYPH0GA","slope","exposure_1SQPTEGYPH0GA_1_slope","primary",0.27759241164,0.278271505,-0.0190480687499999,0.56885984
"model_fits/finalized_redone_trunc/t2_a3_its/chicken_fish","model_fits/finalized_redone_trunc_cp/t2_a3_its/total","t2_a3_its","chicken_fish",NA,"restaurant","9XKJD8DQTH559","slope","exposure_9XKJD8DQTH559_1_slope","primary",-0.246214689025041,-0.291192905,-1.935659633,1.754281125
"model_fits/finalized_redone_trunc/t2_a3_its/chicken_fish","model_fits/finalized_redone_trunc_cp/t2_a3_its/total","t2_a3_its","chicken_fish",NA,"restaurant","9XKJD8DQTH559","slope","exposure_9XKJD8DQTH559_2_slope","primary",0.598851126793903,0.631686935,-1.347158365,2.29341131975
"model_fits/finalized_redone_trunc/t2_a3_its/chicken_fish","model_fits/finalized_redone_trunc_cp/t2_a3_its/total","t2_a3_its","chicken_fish",NA,"restaurant","LQ5EH4BKGV61T","slope","exposure_LQ5EH4BKGV61T_1_slope","primary",0.47355241417202,0.451615505,-0.6865320835,1.72773478575
"model_fits/finalized_redone_trunc/t2_a3_its/chicken_fish","model_fits/finalized_redone_trunc_cp/t2_a3_its/total","t2_a3_its","chicken_fish",NA,"restaurant","78AY09MVJVTYE","slope","exposure_78AY09MVJVTYE_1_slope","primary",0.0414535675831861,0.0424649385,-0.0942348775,0.17099437485
"model_fits/finalized_redone_trunc/t2_a3_its/chicken_fish","model_fits/finalized_redone_trunc_cp/t2_a3_its/total","t2_a3_its","chicken_fish",1,"pooled",NA,"level",NA,"matched_baseline",-0.149894846871515,-0.14783424084,-0.4048828786474,0.0980195499850001
"model_fits/finalized_redone_trunc/t2_a3_its/chicken_fish","model_fits/finalized_redone_trunc_cp/t2_a3_its/total","t2_a3_its","chicken_fish",2,"pooled",NA,"slope",NA,"matched_baseline",0.255148907001455,0.25402148586,-0.126947702173,0.6465587815658
"model_fits/finalized_redone_trunc/t2_a3_its/vegan","model_fits/finalized_redone_trunc_cp/t2_a3_its/total","t2_a3_its","vegan",NA,"restaurant","VLZX7K2M9QD4T","level","exposure_VLZX7K2M9QD4T_1","fallback_t1_total",0.095876035903,0.09757155,-0.04188524475,0.2305793925
"model_fits/finalized_redone_trunc/t2_a3_its/vegan","model_fits/finalized_redone_trunc_cp/t2_a3_its/total","t2_a3_its","vegan",NA,"restaurant","SRQS8F7JWA9MZ","level","exposure_SRQS8F7JWA9MZ_1","fallback_t1_total",0.105818319194,0.10799395,-0.09441902,0.301221865
"model_fits/finalized_redone_trunc/t2_a3_its/vegan","model_fits/finalized_redone_trunc_cp/t2_a3_its/total","t2_a3_its","vegan",NA,"restaurant","SRQS8F7JWA9MZ","level","exposure_SRQS8F7JWA9MZ_2","fallback_t1_total",-0.012266524999,-0.0149537,-0.2008937925,0.17741208975
"model_fits/finalized_redone_trunc/t2_a3_its/vegan","model_fits/finalized_redone_trunc_cp/t2_a3_its/total","t2_a3_its","vegan",NA,"restaurant","2HRX9P6HKXA8V","level","exposure_2HRX9P6HKXA8V_1","fallback_t1_total",-0.1784733784908,-0.1789421595,-0.40563935,0.0627521949999997
"model_fits/finalized_redone_trunc/t2_a3_its/vegan","model_fits/finalized_redone_trunc_cp/t2_a3_its/total","t2_a3_its","vegan",NA,"restaurant","JHDN7CF1C03X5","level","exposure_JHDN7CF1C03X5_1","fallback_t1_total",-0.1258400891,-0.1259124,-0.26594086,0.0106413475
"model_fits/finalized_redone_trunc/t2_a3_its/vegan","model_fits/finalized_redone_trunc_cp/t2_a3_its/total","t2_a3_its","vegan",NA,"restaurant","L69HYJ4Y3TR91","level","exposure_L69HYJ4Y3TR91_1","primary",0.1196040138221,0.11892514,-0.278335814,0.49917555885
"model_fits/finalized_redone_trunc/t2_a3_its/vegan","model_fits/finalized_redone_trunc_cp/t2_a3_its/total","t2_a3_its","vegan",NA,"restaurant","ED5J990H5VAZT","level","exposure_ED5J990H5VAZT_1","primary",0.398385214817,0.39524469,0.03613480775,0.799636884375
"model_fits/finalized_redone_trunc/t2_a3_its/vegan","model_fits/finalized_redone_trunc_cp/t2_a3_its/total","t2_a3_its","vegan",NA,"restaurant","W8T41JZK0ZMEP","level","exposure_W8T41JZK0ZMEP_1","primary",-0.0693143813754,-0.073115065,-0.327556776,0.19683620125
"model_fits/finalized_redone_trunc/t2_a3_its/vegan","model_fits/finalized_redone_trunc_cp/t2_a3_its/total","t2_a3_its","vegan",NA,"restaurant","W8T41JZK0ZMEP","level","exposure_W8T41JZK0ZMEP_2","primary",0.125153739397743,0.118327155,-0.19202847875,0.4550795157
"model_fits/finalized_redone_trunc/t2_a3_its/vegan","model_fits/finalized_redone_trunc_cp/t2_a3_its/total","t2_a3_its","vegan",NA,"restaurant","W8T41JZK0ZMEP","level","exposure_W8T41JZK0ZMEP_3","primary",-0.161677351852397,-0.164613857,-0.456151207,0.1496033945425
"model_fits/finalized_redone_trunc/t2_a3_its/vegan","model_fits/finalized_redone_trunc_cp/t2_a3_its/total","t2_a3_its","vegan",NA,"restaurant","W8T41JZK0ZMEP","level","exposure_W8T41JZK0ZMEP_4","primary",-0.06864270391326,-0.072771295,-0.347665688,0.228645756125
"model_fits/finalized_redone_trunc/t2_a3_its/vegan","model_fits/finalized_redone_trunc_cp/t2_a3_its/total","t2_a3_its","vegan",NA,"restaurant","W8T41JZK0ZMEP","level","exposure_W8T41JZK0ZMEP_5","primary",-0.06267868940995,-0.0633027705,-0.35672505525,0.229763883025
"model_fits/finalized_redone_trunc/t2_a3_its/vegan","model_fits/finalized_redone_trunc_cp/t2_a3_its/total","t2_a3_its","vegan",NA,"restaurant","EMBVNVD207CC6","level","exposure_EMBVNVD207CC6_1","primary",0.38448416914,0.40003375,-0.670755595,1.3541472175
"model_fits/finalized_redone_trunc/t2_a3_its/vegan","model_fits/finalized_redone_trunc_cp/t2_a3_its/total","t2_a3_its","vegan",NA,"restaurant","C0BE4NDSW26QN","level","exposure_C0BE4NDSW26QN_1","primary",-0.0991219519166,-0.0788604435,-0.9127418175,0.643103381525
"model_fits/finalized_redone_trunc/t2_a3_its/vegan","model_fits/finalized_redone_trunc_cp/t2_a3_its/total","t2_a3_its","vegan",NA,"restaurant","C0BE4NDSW26QN","level","exposure_C0BE4NDSW26QN_2","primary",-0.10007750686944,-0.092394578,-0.8898875645,0.617057408
"model_fits/finalized_redone_trunc/t2_a3_its/vegan","model_fits/finalized_redone_trunc_cp/t2_a3_its/total","t2_a3_its","vegan",NA,"restaurant","V3Q26BHF3SE2H","level","exposure_V3Q26BHF3SE2H_1","primary",0.2730459320102,0.269699981,-0.068203326,0.6345732844
"model_fits/finalized_redone_trunc/t2_a3_its/vegan","model_fits/finalized_redone_trunc_cp/t2_a3_its/total","t2_a3_its","vegan",NA,"restaurant","V3Q26BHF3SE2H","level","exposure_V3Q26BHF3SE2H_2","primary",0.37745595684963,0.36804085,0.0376331345,0.741332481
"model_fits/finalized_redone_trunc/t2_a3_its/vegan","model_fits/finalized_redone_trunc_cp/t2_a3_its/total","t2_a3_its","vegan",NA,"restaurant","V3Q26BHF3SE2H","level","exposure_V3Q26BHF3SE2H_3","primary",-0.0283296802986,-0.03034576,-0.265396233925,0.22631398575
"model_fits/finalized_redone_trunc/t2_a3_its/vegan","model_fits/finalized_redone_trunc_cp/t2_a3_its/total","t2_a3_its","vegan",NA,"restaurant","V3Q26BHF3SE2H","level","exposure_V3Q26BHF3SE2H_4","primary",0.010623503671568,0.0063803455,-0.27653999775,0.3168779555
"model_fits/finalized_redone_trunc/t2_a3_its/vegan","model_fits/finalized_redone_trunc_cp/t2_a3_its/total","t2_a3_its","vegan",NA,"restaurant","LBZEEFSBJNB3Z","level","exposure_LBZEEFSBJNB3Z_1","primary",-0.2292123842845,-0.235466435,-0.5788764165,0.199358009
"model_fits/finalized_redone_trunc/t2_a3_its/vegan","model_fits/finalized_redone_trunc_cp/t2_a3_its/total","t2_a3_its","vegan",NA,"restaurant","SAFK7ND1HR6XS","level","exposure_SAFK7ND1HR6XS_1","primary",0.0433032425284176,0.042830045,-0.32048462225,0.402734843
"model_fits/finalized_redone_trunc/t2_a3_its/vegan","model_fits/finalized_redone_trunc_cp/t2_a3_its/total","t2_a3_its","vegan",NA,"restaurant","S8MT0YGD2KTN9","level","exposure_S8MT0YGD2KTN9_1","primary",-0.212610683082836,-0.2103021605,-0.480825845225,0.0359800318249999
"model_fits/finalized_redone_trunc/t2_a3_its/vegan","model_fits/finalized_redone_trunc_cp/t2_a3_its/total","t2_a3_its","vegan",NA,"restaurant","1SQPTEGYPH0GA","level","exposure_1SQPTEGYPH0GA_1","primary",-0.13146310837,-0.120969555,-0.46349352675,0.190617508
"model_fits/finalized_redone_trunc/t2_a3_its/vegan","model_fits/finalized_redone_trunc_cp/t2_a3_its/total","t2_a3_its","vegan",NA,"restaurant","9XKJD8DQTH559","level","exposure_9XKJD8DQTH559_1","primary",-0.147385956405,-0.156270555,-0.47159256775,0.21299601725
"model_fits/finalized_redone_trunc/t2_a3_its/vegan","model_fits/finalized_redone_trunc_cp/t2_a3_its/total","t2_a3_its","vegan",NA,"restaurant","9XKJD8DQTH559","level","exposure_9XKJD8DQTH559_2","primary",0.08715965112136,0.076828915,-0.329782842,0.503967084
"model_fits/finalized_redone_trunc/t2_a3_its/vegan","model_fits/finalized_redone_trunc_cp/t2_a3_its/total","t2_a3_its","vegan",NA,"restaurant","LQ5EH4BKGV61T","level","exposure_LQ5EH4BKGV61T_1","primary",0.08824591450177,0.093151301,-0.6663183495,0.84465312617
"model_fits/finalized_redone_trunc/t2_a3_its/vegan","model_fits/finalized_redone_trunc_cp/t2_a3_its/total","t2_a3_its","vegan",NA,"restaurant","78AY09MVJVTYE","level","exposure_78AY09MVJVTYE_1","primary",-0.0588763410139,-0.0568788485,-0.23728258275,0.1176244845
"model_fits/finalized_redone_trunc/t2_a3_its/vegan","model_fits/finalized_redone_trunc_cp/t2_a3_its/total","t2_a3_its","vegan",NA,"restaurant","VLZX7K2M9QD4T","slope","exposure_VLZX7K2M9QD4T_1_slope","fallback_t1_total",-0.4308115917687,-0.45627765,-1.0422792525,0.15677338
"model_fits/finalized_redone_trunc/t2_a3_its/vegan","model_fits/finalized_redone_trunc_cp/t2_a3_its/total","t2_a3_its","vegan",NA,"restaurant","SRQS8F7JWA9MZ","slope","exposure_SRQS8F7JWA9MZ_1_slope","fallback_t1_total",0.878665495334,0.900513,-0.117434375,1.76902703
"model_fits/finalized_redone_trunc/t2_a3_its/vegan","model_fits/finalized_redone_trunc_cp/t2_a3_its/total","t2_a3_its","vegan",NA,"restaurant","SRQS8F7JWA9MZ","slope","exposure_SRQS8F7JWA9MZ_2_slope","fallback_t1_total",-0.284990118683,-0.3017135,-1.161020525,0.653918322499999
"model_fits/finalized_redone_trunc/t2_a3_its/vegan","model_fits/finalized_redone_trunc_cp/t2_a3_its/total","t2_a3_its","vegan",NA,"restaurant","2HRX9P6HKXA8V","slope","exposure_2HRX9P6HKXA8V_1_slope","fallback_t1_total",-0.4935940293,-0.4923551,-1.11417033,0.00372614999999989
"model_fits/finalized_redone_trunc/t2_a3_its/vegan","model_fits/finalized_redone_trunc_cp/t2_a3_its/total","t2_a3_its","vegan",NA,"restaurant","JHDN7CF1C03X5","slope","exposure_JHDN7CF1C03X5_1_slope","fallback_t1_total",-0.6605473287516,-0.6526764,-0.91870926925,-0.432612475
"model_fits/finalized_redone_trunc/t2_a3_its/vegan","model_fits/finalized_redone_trunc_cp/t2_a3_its/total","t2_a3_its","vegan",NA,"restaurant","L69HYJ4Y3TR91","slope","exposure_L69HYJ4Y3TR91_1_slope","primary",-0.952758622975,-0.9589997,-1.7635823525,-0.11132445975
"model_fits/finalized_redone_trunc/t2_a3_its/vegan","model_fits/finalized_redone_trunc_cp/t2_a3_its/total","t2_a3_its","vegan",NA,"restaurant","ED5J990H5VAZT","slope","exposure_ED5J990H5VAZT_1_slope","primary",-0.434001618414,-0.447171585,-0.7899832715,-0.03089035675
"model_fits/finalized_redone_trunc/t2_a3_its/vegan","model_fits/finalized_redone_trunc_cp/t2_a3_its/total","t2_a3_its","vegan",NA,"restaurant","W8T41JZK0ZMEP","slope","exposure_W8T41JZK0ZMEP_1_slope","primary",0.18756140996467,0.118765215,-1.38655142575,2.0384979975
"model_fits/finalized_redone_trunc/t2_a3_its/vegan","model_fits/finalized_redone_trunc_cp/t2_a3_its/total","t2_a3_its","vegan",NA,"restaurant","W8T41JZK0ZMEP","slope","exposure_W8T41JZK0ZMEP_2_slope","primary",-0.63066620387215,-0.573087535,-2.3188645975,0.744791358025
"model_fits/finalized_redone_trunc/t2_a3_its/vegan","model_fits/finalized_redone_trunc_cp/t2_a3_its/total","t2_a3_its","vegan",NA,"restaurant","W8T41JZK0ZMEP","slope","exposure_W8T41JZK0ZMEP_3_slope","primary",0.260954045284654,0.220527487,-0.97039959015,1.665644436
"model_fits/finalized_redone_trunc/t2_a3_its/vegan","model_fits/finalized_redone_trunc_cp/t2_a3_its/total","t2_a3_its","vegan",NA,"restaurant","W8T41JZK0ZMEP","slope","exposure_W8T41JZK0ZMEP_4_slope","primary",0.51821670083448,0.446782105,-1.03239682225,2.43497916
"model_fits/finalized_redone_trunc/t2_a3_its/vegan","model_fits/finalized_redone_trunc_cp/t2_a3_its/total","t2_a3_its","vegan",NA,"restaurant","W8T41JZK0ZMEP","slope","exposure_W8T41JZK0ZMEP_5_slope","primary",-0.34195225516363,-0.209201965,-2.36318173,1.150998219
"model_fits/finalized_redone_trunc/t2_a3_its/vegan","model_fits/finalized_redone_trunc_cp/t2_a3_its/total","t2_a3_its","vegan",NA,"restaurant","EMBVNVD207CC6","slope","exposure_EMBVNVD207CC6_1_slope","primary",-0.343286312,-0.34598598,-0.76942750025,0.0690076683499999
"model_fits/finalized_redone_trunc/t2_a3_its/vegan","model_fits/finalized_redone_trunc_cp/t2_a3_its/total","t2_a3_its","vegan",NA,"restaurant","C0BE4NDSW26QN","slope","exposure_C0BE4NDSW26QN_1_slope","primary",0.2153931136807,0.1789620845,-0.75506076225,1.3477673675
"model_fits/finalized_redone_trunc/t2_a3_its/vegan","model_fits/finalized_redone_trunc_cp/t2_a3_its/total","t2_a3_its","vegan",NA,"restaurant","C0BE4NDSW26QN","slope","exposure_C0BE4NDSW26QN_2_slope","primary",-0.4981722133592,-0.454875175,-1.6294374875,0.4717567315
"model_fits/finalized_redone_trunc/t2_a3_its/vegan","model_fits/finalized_redone_trunc_cp/t2_a3_its/total","t2_a3_its","vegan",NA,"restaurant","V3Q26BHF3SE2H","slope","exposure_V3Q26BHF3SE2H_1_slope","primary",0.26898385706595,0.237986555,-1.509578485,2.09105691
"model_fits/finalized_redone_trunc/t2_a3_its/vegan","model_fits/finalized_redone_trunc_cp/t2_a3_its/total","t2_a3_its","vegan",NA,"restaurant","V3Q26BHF3SE2H","slope","exposure_V3Q26BHF3SE2H_2_slope","primary",0.12635285572544,0.093577818,-1.49921262175,1.7497081375
"model_fits/finalized_redone_trunc/t2_a3_its/vegan","model_fits/finalized_redone_trunc_cp/t2_a3_its/total","t2_a3_its","vegan",NA,"restaurant","V3Q26BHF3SE2H","slope","exposure_V3Q26BHF3SE2H_3_slope","primary",0.3737321188029,0.324941224,-0.46313919475,1.41977563675
"model_fits/finalized_redone_trunc/t2_a3_its/vegan","model_fits/finalized_redone_trunc_cp/t2_a3_its/total","t2_a3_its","vegan",NA,"restaurant","V3Q26BHF3SE2H","slope","exposure_V3Q26BHF3SE2H_4_slope","primary",-0.68383771674501,-0.690348735,-2.1427280475,0.6144419801
"model_fits/finalized_redone_trunc/t2_a3_its/vegan","model_fits/finalized_redone_trunc_cp/t2_a3_its/total","t2_a3_its","vegan",NA,"restaurant","LBZEEFSBJNB3Z","slope","exposure_LBZEEFSBJNB3Z_1_slope","primary",0.647826838254,0.64881172,0.27736778625,1.01767967375
"model_fits/finalized_redone_trunc/t2_a3_its/vegan","model_fits/finalized_redone_trunc_cp/t2_a3_its/total","t2_a3_its","vegan",NA,"restaurant","SAFK7ND1HR6XS","slope","exposure_SAFK7ND1HR6XS_1_slope","primary",-0.2035910392105,-0.210351,-1.04557811725,0.74399032825
"model_fits/finalized_redone_trunc/t2_a3_its/vegan","model_fits/finalized_redone_trunc_cp/t2_a3_its/total","t2_a3_its","vegan",NA,"restaurant","S8MT0YGD2KTN9","slope","exposure_S8MT0YGD2KTN9_1_slope","primary",-0.1127233004037,-0.11512704,-0.29332804275,0.0879707335
"model_fits/finalized_redone_trunc/t2_a3_its/vegan","model_fits/finalized_redone_trunc_cp/t2_a3_its/total","t2_a3_its","vegan",NA,"restaurant","1SQPTEGYPH0GA","slope","exposure_1SQPTEGYPH0GA_1_slope","primary",-0.448418306852,-0.45719054,-0.66705840075,-0.16348709275
"model_fits/finalized_redone_trunc/t2_a3_its/vegan","model_fits/finalized_redone_trunc_cp/t2_a3_its/total","t2_a3_its","vegan",NA,"restaurant","9XKJD8DQTH559","slope","exposure_9XKJD8DQTH559_1_slope","primary",0.974513460199808,0.93293835,-0.22502934425,2.5441993775
"model_fits/finalized_redone_trunc/t2_a3_its/vegan","model_fits/finalized_redone_trunc_cp/t2_a3_its/total","t2_a3_its","vegan",NA,"restaurant","9XKJD8DQTH559","slope","exposure_9XKJD8DQTH559_2_slope","primary",-0.85221934374709,-0.796554075,-2.4195206225,0.34494596965
"model_fits/finalized_redone_trunc/t2_a3_its/vegan","model_fits/finalized_redone_trunc_cp/t2_a3_its/total","t2_a3_its","vegan",NA,"restaurant","LQ5EH4BKGV61T","slope","exposure_LQ5EH4BKGV61T_1_slope","primary",0.04313975620122,0.03165508375,-0.68008873025,0.81189093225
"model_fits/finalized_redone_trunc/t2_a3_its/vegan","model_fits/finalized_redone_trunc_cp/t2_a3_its/total","t2_a3_its","vegan",NA,"restaurant","78AY09MVJVTYE","slope","exposure_78AY09MVJVTYE_1_slope","primary",-0.0033185131999818,-0.00395051800000001,-0.12120826525,0.114061207325
"model_fits/finalized_redone_trunc/t2_a3_its/vegan","model_fits/finalized_redone_trunc_cp/t2_a3_its/total","t2_a3_its","vegan",1,"pooled",NA,"level",NA,"matched_baseline",0.0306938769096299,0.045091858537037,-0.362863133370463,0.351764162620463
"model_fits/finalized_redone_trunc/t2_a3_its/vegan","model_fits/finalized_redone_trunc_cp/t2_a3_its/total","t2_a3_its","vegan",2,"pooled",NA,"slope",NA,"matched_baseline",-0.0501090390298963,-0.053117301462963,-0.197495279562037,0.132269184417222
"model_fits/finalized_redone_trunc/t2_a3_its/vegetarian","model_fits/finalized_redone_trunc_cp/t2_a3_its/total","t2_a3_its","vegetarian",NA,"restaurant","VLZX7K2M9QD4T","level","exposure_VLZX7K2M9QD4T_1","fallback_t1_total",-0.0458587770211,-0.0466206,-0.1642560375,0.081778005
"model_fits/finalized_redone_trunc/t2_a3_its/vegetarian","model_fits/finalized_redone_trunc_cp/t2_a3_its/total","t2_a3_its","vegetarian",NA,"restaurant","SRQS8F7JWA9MZ","level","exposure_SRQS8F7JWA9MZ_1","fallback_t1_total",0.258295017365,0.25756085,0.11777413,0.403943005
"model_fits/finalized_redone_trunc/t2_a3_its/vegetarian","model_fits/finalized_redone_trunc_cp/t2_a3_its/total","t2_a3_its","vegetarian",NA,"restaurant","SRQS8F7JWA9MZ","level","exposure_SRQS8F7JWA9MZ_2","fallback_t1_total",0.130350020606,0.12898962,-0.0080482575,0.288219395
"model_fits/finalized_redone_trunc/t2_a3_its/vegetarian","model_fits/finalized_redone_trunc_cp/t2_a3_its/total","t2_a3_its","vegetarian",NA,"restaurant","2HRX9P6HKXA8V","level","exposure_2HRX9P6HKXA8V_1","fallback_t1_total",-0.2565577830888,-0.25653547,-0.475208425,-0.00328642250000003
"model_fits/finalized_redone_trunc/t2_a3_its/vegetarian","model_fits/finalized_redone_trunc_cp/t2_a3_its/total","t2_a3_its","vegetarian",NA,"restaurant","JHDN7CF1C03X5","level","exposure_JHDN7CF1C03X5_1","fallback_t1_total",-0.11040488770369,-0.110547,-0.238419865,0.0139638074999999
"model_fits/finalized_redone_trunc/t2_a3_its/vegetarian","model_fits/finalized_redone_trunc_cp/t2_a3_its/total","t2_a3_its","vegetarian",NA,"restaurant","L69HYJ4Y3TR91","level","exposure_L69HYJ4Y3TR91_1","primary",0.2416408577721,0.2390351955,-0.086072036,0.560446504375
"model_fits/finalized_redone_trunc/t2_a3_its/vegetarian","model_fits/finalized_redone_trunc_cp/t2_a3_its/total","t2_a3_its","vegetarian",NA,"restaurant","ED5J990H5VAZT","level","exposure_ED5J990H5VAZT_1","primary",0.024898249196,0.029375335,-0.225531532,0.257934350475
"model_fits/finalized_redone_trunc/t2_a3_its/vegetarian","model_fits/finalized_redone_trunc_cp/t2_a3_its/total","t2_a3_its","vegetarian",NA,"restaurant","W8T41JZK0ZMEP","level","exposure_W8T41JZK0ZMEP_1","primary",-0.0265126104154,-0.02742134,-0.26321474925,0.20273816925
"model_fits/finalized_redone_trunc/t2_a3_its/vegetarian","model_fits/finalized_redone_trunc_cp/t2_a3_its/total","t2_a3_its","vegetarian",NA,"restaurant","W8T41JZK0ZMEP","level","exposure_W8T41JZK0ZMEP_2","primary",0.0659855110907435,0.060705737,-0.19058928125,0.367684636175
"model_fits/finalized_redone_trunc/t2_a3_its/vegetarian","model_fits/finalized_redone_trunc_cp/t2_a3_its/total","t2_a3_its","vegetarian",NA,"restaurant","W8T41JZK0ZMEP","level","exposure_W8T41JZK0ZMEP_3","primary",0.007592971504403,0.00344402,-0.28732660125,0.3287947225
"model_fits/finalized_redone_trunc/t2_a3_its/vegetarian","model_fits/finalized_redone_trunc_cp/t2_a3_its/total","t2_a3_its","vegetarian",NA,"restaurant","W8T41JZK0ZMEP","level","exposure_W8T41JZK0ZMEP_4","primary",-0.00851249001706,-0.011605215,-0.24821181375,0.242158193475
"model_fits/finalized_redone_trunc/t2_a3_its/vegetarian","model_fits/finalized_redone_trunc_cp/t2_a3_its/total","t2_a3_its","vegetarian",NA,"restaurant","W8T41JZK0ZMEP","level","exposure_W8T41JZK0ZMEP_5","primary",0.00367403609605,0.006761085,-0.245862846,0.23732990485
"model_fits/finalized_redone_trunc/t2_a3_its/vegetarian","model_fits/finalized_redone_trunc_cp/t2_a3_its/total","t2_a3_its","vegetarian",NA,"restaurant","EMBVNVD207CC6","level","exposure_EMBVNVD207CC6_1","primary",0.61988750914,0.60288965,-0.3054577225,1.642336545
"model_fits/finalized_redone_trunc/t2_a3_its/vegetarian","model_fits/finalized_redone_trunc_cp/t2_a3_its/total","t2_a3_its","vegetarian",NA,"restaurant","C0BE4NDSW26QN","level","exposure_C0BE4NDSW26QN_1","primary",-0.1726415276823,-0.157621555,-0.95266973725,0.537314467625
"model_fits/finalized_redone_trunc/t2_a3_its/vegetarian","model_fits/finalized_redone_trunc_cp/t2_a3_its/total","t2_a3_its","vegetarian",NA,"restaurant","C0BE4NDSW26QN","level","exposure_C0BE4NDSW26QN_2","primary",-0.17901358159484,-0.156220655,-0.913190055,0.4856316665
"model_fits/finalized_redone_trunc/t2_a3_its/vegetarian","model_fits/finalized_redone_trunc_cp/t2_a3_its/total","t2_a3_its","vegetarian",NA,"restaurant","V3Q26BHF3SE2H","level","exposure_V3Q26BHF3SE2H_1","primary",-0.0260195901058,-0.024496975,-0.239539276,0.17082940775
"model_fits/finalized_redone_trunc/t2_a3_its/vegetarian","model_fits/finalized_redone_trunc_cp/t2_a3_its/total","t2_a3_its","vegetarian",NA,"restaurant","V3Q26BHF3SE2H","level","exposure_V3Q26BHF3SE2H_2","primary",0.05875400664963,0.05124238,-0.14292445275,0.2742739981
"model_fits/finalized_redone_trunc/t2_a3_its/vegetarian","model_fits/finalized_redone_trunc_cp/t2_a3_its/total","t2_a3_its","vegetarian",NA,"restaurant","V3Q26BHF3SE2H","level","exposure_V3Q26BHF3SE2H_3","primary",0.0030477512289,0.00196365500000001,-0.156423117,0.17844570725
"model_fits/finalized_redone_trunc/t2_a3_its/vegetarian","model_fits/finalized_redone_trunc_cp/t2_a3_its/total","t2_a3_its","vegetarian",NA,"restaurant","V3Q26BHF3SE2H","level","exposure_V3Q26BHF3SE2H_4","primary",0.052431863508568,0.05163207409,-0.16393394475,0.271362775875
"model_fits/finalized_redone_trunc/t2_a3_its/vegetarian","model_fits/finalized_redone_trunc_cp/t2_a3_its/total","t2_a3_its","vegetarian",NA,"restaurant","LBZEEFSBJNB3Z","level","exposure_LBZEEFSBJNB3Z_1","primary",0.0725695136,0.07459267,-0.21609575225,0.372607315
"model_fits/finalized_redone_trunc/t2_a3_its/vegetarian","model_fits/finalized_redone_trunc_cp/t2_a3_its/total","t2_a3_its","vegetarian",NA,"restaurant","SAFK7ND1HR6XS","level","exposure_SAFK7ND1HR6XS_1","primary",0.0769426011256176,0.072559985,-0.310172605825,0.44600184725
"model_fits/finalized_redone_trunc/t2_a3_its/vegetarian","model_fits/finalized_redone_trunc_cp/t2_a3_its/total","t2_a3_its","vegetarian",NA,"restaurant","S8MT0YGD2KTN9","level","exposure_S8MT0YGD2KTN9_1","primary",-0.172810509787736,-0.1751353823,-0.361183234775,-0.000985010497499998
"model_fits/finalized_redone_trunc/t2_a3_its/vegetarian","model_fits/finalized_redone_trunc_cp/t2_a3_its/total","t2_a3_its","vegetarian",NA,"restaurant","1SQPTEGYPH0GA","level","exposure_1SQPTEGYPH0GA_1","primary",0.02929548363,0.028352705,-0.230796574,0.28643064
"model_fits/finalized_redone_trunc/t2_a3_its/vegetarian","model_fits/finalized_redone_trunc_cp/t2_a3_its/total","t2_a3_its","vegetarian",NA,"restaurant","9XKJD8DQTH559","level","exposure_9XKJD8DQTH559_1","primary",-0.017536258275,-0.022081775,-0.31788590325,0.29986481375
"model_fits/finalized_redone_trunc/t2_a3_its/vegetarian","model_fits/finalized_redone_trunc_cp/t2_a3_its/total","t2_a3_its","vegetarian",NA,"restaurant","9XKJD8DQTH559","level","exposure_9XKJD8DQTH559_2","primary",-0.04329957377864,-0.037083065,-0.391996778,0.284639775
"model_fits/finalized_redone_trunc/t2_a3_its/vegetarian","model_fits/finalized_redone_trunc_cp/t2_a3_its/total","t2_a3_its","vegetarian",NA,"restaurant","LQ5EH4BKGV61T","level","exposure_LQ5EH4BKGV61T_1","primary",0.13130497140877,0.121495215,-0.49117003075,0.8363297355
"model_fits/finalized_redone_trunc/t2_a3_its/vegetarian","model_fits/finalized_redone_trunc_cp/t2_a3_its/total","t2_a3_its","vegetarian",NA,"restaurant","78AY09MVJVTYE","level","exposure_78AY09MVJVTYE_1","primary",0.0481237033341,0.04747683,-0.076088095925,0.15899241575
"model_fits/finalized_redone_trunc/t2_a3_its/vegetarian","model_fits/finalized_redone_trunc_cp/t2_a3_its/total","t2_a3_its","vegetarian",NA,"restaurant","VLZX7K2M9QD4T","slope","exposure_VLZX7K2M9QD4T_1_slope","fallback_t1_total",-0.403114556727,-0.4286693,-1.0878513,0.27716196
"model_fits/finalized_redone_trunc/t2_a3_its/vegetarian","model_fits/finalized_redone_trunc_cp/t2_a3_its/total","t2_a3_its","vegetarian",NA,"restaurant","SRQS8F7JWA9MZ","slope","exposure_SRQS8F7JWA9MZ_1_slope","fallback_t1_total",1.045471101115,1.02214215,0.317350425,1.8234827175
"model_fits/finalized_redone_trunc/t2_a3_its/vegetarian","model_fits/finalized_redone_trunc_cp/t2_a3_its/total","t2_a3_its","vegetarian",NA,"restaurant","SRQS8F7JWA9MZ","slope","exposure_SRQS8F7JWA9MZ_2_slope","fallback_t1_total",-0.458207056118,-0.4427645,-1.233476175,0.2752588725
"model_fits/finalized_redone_trunc/t2_a3_its/vegetarian","model_fits/finalized_redone_trunc_cp/t2_a3_its/total","t2_a3_its","vegetarian",NA,"restaurant","2HRX9P6HKXA8V","slope","exposure_2HRX9P6HKXA8V_1_slope","fallback_t1_total",-0.46101349755,-0.45918,-1.11175878,0.0737910975
"model_fits/finalized_redone_trunc/t2_a3_its/vegetarian","model_fits/finalized_redone_trunc_cp/t2_a3_its/total","t2_a3_its","vegetarian",NA,"restaurant","JHDN7CF1C03X5","slope","exposure_JHDN7CF1C03X5_1_slope","fallback_t1_total",-0.652362370092,-0.64788622,-0.8976880875,-0.416832075
"model_fits/finalized_redone_trunc/t2_a3_its/vegetarian","model_fits/finalized_redone_trunc_cp/t2_a3_its/total","t2_a3_its","vegetarian",NA,"restaurant","L69HYJ4Y3TR91","slope","exposure_L69HYJ4Y3TR91_1_slope","primary",-0.882779782392,-0.87952775,-1.6628749725,-0.00733468600000018
"model_fits/finalized_redone_trunc/t2_a3_its/vegetarian","model_fits/finalized_redone_trunc_cp/t2_a3_its/total","t2_a3_its","vegetarian",NA,"restaurant","ED5J990H5VAZT","slope","exposure_ED5J990H5VAZT_1_slope","primary",-0.343633797656,-0.34755344,-0.6833661645,-0.00724725850000004
"model_fits/finalized_redone_trunc/t2_a3_its/vegetarian","model_fits/finalized_redone_trunc_cp/t2_a3_its/total","t2_a3_its","vegetarian",NA,"restaurant","W8T41JZK0ZMEP","slope","exposure_W8T41JZK0ZMEP_1_slope","primary",0.20275814057781,0.11376838,-1.268981085,2.0650843525
"model_fits/finalized_redone_trunc/t2_a3_its/vegetarian","model_fits/finalized_redone_trunc_cp/t2_a3_its/total","t2_a3_its","vegetarian",NA,"restaurant","W8T41JZK0ZMEP","slope","exposure_W8T41JZK0ZMEP_2_slope","primary",-0.7171545509015,-0.627309345,-2.39540436325,0.5316978673
"model_fits/finalized_redone_trunc/t2_a3_its/vegetarian","model_fits/finalized_redone_trunc_cp/t2_a3_its/total","t2_a3_its","vegetarian",NA,"restaurant","W8T41JZK0ZMEP","slope","exposure_W8T41JZK0ZMEP_3_slope","primary",0.256584125176164,0.20722086,-1.0747577295,1.7515037375
"model_fits/finalized_redone_trunc/t2_a3_its/vegetarian","model_fits/finalized_redone_trunc_cp/t2_a3_its/total","t2_a3_its","vegetarian",NA,"restaurant","W8T41JZK0ZMEP","slope","exposure_W8T41JZK0ZMEP_4_slope","primary",0.57896831991818,0.4541643015,-0.90458522725,2.39627241075
"model_fits/finalized_redone_trunc/t2_a3_its/vegetarian","model_fits/finalized_redone_trunc_cp/t2_a3_its/total","t2_a3_its","vegetarian",NA,"restaurant","W8T41JZK0ZMEP","slope","exposure_W8T41JZK0ZMEP_5_slope","primary",-0.30427396675463,-0.175278039,-2.1651714475,1.1443742375
"model_fits/finalized_redone_trunc/t2_a3_its/vegetarian","model_fits/finalized_redone_trunc_cp/t2_a3_its/total","t2_a3_its","vegetarian",NA,"restaurant","EMBVNVD207CC6","slope","exposure_EMBVNVD207CC6_1_slope","primary",-0.28065324057,-0.28352472,-0.679138492,0.149358633725
"model_fits/finalized_redone_trunc/t2_a3_its/vegetarian","model_fits/finalized_redone_trunc_cp/t2_a3_its/total","t2_a3_its","vegetarian",NA,"restaurant","C0BE4NDSW26QN","slope","exposure_C0BE4NDSW26QN_1_slope","primary",0.1962915041163,0.162824816,-0.83605491665,1.3316328645
"model_fits/finalized_redone_trunc/t2_a3_its/vegetarian","model_fits/finalized_redone_trunc_cp/t2_a3_its/total","t2_a3_its","vegetarian",NA,"restaurant","C0BE4NDSW26QN","slope","exposure_C0BE4NDSW26QN_2_slope","primary",-0.3068053458252,-0.283239005,-1.436857675,0.71021799925
"model_fits/finalized_redone_trunc/t2_a3_its/vegetarian","model_fits/finalized_redone_trunc_cp/t2_a3_its/total","t2_a3_its","vegetarian",NA,"restaurant","V3Q26BHF3SE2H","slope","exposure_V3Q26BHF3SE2H_1_slope","primary",0.28199921671405,0.255439605,-1.5594380925,2.05999458
"model_fits/finalized_redone_trunc/t2_a3_its/vegetarian","model_fits/finalized_redone_trunc_cp/t2_a3_its/total","t2_a3_its","vegetarian",NA,"restaurant","V3Q26BHF3SE2H","slope","exposure_V3Q26BHF3SE2H_2_slope","primary",0.18268834138544,0.149384992,-1.4604549,1.8179680625
"model_fits/finalized_redone_trunc/t2_a3_its/vegetarian","model_fits/finalized_redone_trunc_cp/t2_a3_its/total","t2_a3_its","vegetarian",NA,"restaurant","V3Q26BHF3SE2H","slope","exposure_V3Q26BHF3SE2H_3_slope","primary",0.1334031249289,0.112668528,-0.5251800015,0.93071390425
"model_fits/finalized_redone_trunc/t2_a3_its/vegetarian","model_fits/finalized_redone_trunc_cp/t2_a3_its/total","t2_a3_its","vegetarian",NA,"restaurant","V3Q26BHF3SE2H","slope","exposure_V3Q26BHF3SE2H_4_slope","primary",-0.67392587370501,-0.6582896,-2.0456931725,0.711305981999999
"model_fits/finalized_redone_trunc/t2_a3_its/vegetarian","model_fits/finalized_redone_trunc_cp/t2_a3_its/total","t2_a3_its","vegetarian",NA,"restaurant","LBZEEFSBJNB3Z","slope","exposure_LBZEEFSBJNB3Z_1_slope","primary",0.458641559876,0.46214162,0.060376709,0.876750635
"model_fits/finalized_redone_trunc/t2_a3_its/vegetarian","model_fits/finalized_redone_trunc_cp/t2_a3_its/total","t2_a3_its","vegetarian",NA,"restaurant","SAFK7ND1HR6XS","slope","exposure_SAFK7ND1HR6XS_1_slope","primary",-0.2105606676415,-0.216474275,-1.0996688825,0.672888341499999
"model_fits/finalized_redone_trunc/t2_a3_its/vegetarian","model_fits/finalized_redone_trunc_cp/t2_a3_its/total","t2_a3_its","vegetarian",NA,"restaurant","S8MT0YGD2KTN9","slope","exposure_S8MT0YGD2KTN9_1_slope","primary",-0.0483581083223,-0.04867873,-0.21614767375,0.130107819525
"model_fits/finalized_redone_trunc/t2_a3_its/vegetarian","model_fits/finalized_redone_trunc_cp/t2_a3_its/total","t2_a3_its","vegetarian",NA,"restaurant","1SQPTEGYPH0GA","slope","exposure_1SQPTEGYPH0GA_1_slope","primary",-0.31935735409,-0.31529912,-0.558472362,-0.096211426
"model_fits/finalized_redone_trunc/t2_a3_its/vegetarian","model_fits/finalized_redone_trunc_cp/t2_a3_its/total","t2_a3_its","vegetarian",NA,"restaurant","9XKJD8DQTH559","slope","exposure_9XKJD8DQTH559_1_slope","primary",0.928510162999408,0.887654065,-0.33847386425,2.41907056
"model_fits/finalized_redone_trunc/t2_a3_its/vegetarian","model_fits/finalized_redone_trunc_cp/t2_a3_its/total","t2_a3_its","vegetarian",NA,"restaurant","9XKJD8DQTH559","slope","exposure_9XKJD8DQTH559_2_slope","primary",-0.74301651757609,-0.7205264,-2.2182060425,0.526287362499999
"model_fits/finalized_redone_trunc/t2_a3_its/vegetarian","model_fits/finalized_redone_trunc_cp/t2_a3_its/total","t2_a3_its","vegetarian",NA,"restaurant","LQ5EH4BKGV61T","slope","exposure_LQ5EH4BKGV61T_1_slope","primary",0.07603372276782,0.090339729,-0.67825599025,0.80827088225
"model_fits/finalized_redone_trunc/t2_a3_its/vegetarian","model_fits/finalized_redone_trunc_cp/t2_a3_its/total","t2_a3_its","vegetarian",NA,"restaurant","78AY09MVJVTYE","slope","exposure_78AY09MVJVTYE_1_slope","primary",-0.0045874478240818,-0.00346631350000001,-0.13309031085,0.11963400645
"model_fits/finalized_redone_trunc/t2_a3_its/vegetarian","model_fits/finalized_redone_trunc_cp/t2_a3_its/total","t2_a3_its","vegetarian",1,"pooled",NA,"level",NA,"matched_baseline",-0.0414310410402701,-0.0602713915740741,-0.306036748228611,0.316672306734352
"model_fits/finalized_redone_trunc/t2_a3_its/vegetarian","model_fits/finalized_redone_trunc_cp/t2_a3_its/total","t2_a3_its","vegetarian",2,"pooled",NA,"slope",NA,"matched_baseline",-0.0432027293828963,-0.0452233608444444,-0.18804321520463,0.0982800311953703
"model_fits/finalized_redone_trunc_cp/t2_a4_its_t/breakfast_t2","model_fits/finalized_redone_trunc_cp/t2_a3_its/total","t2_a4_its_t","breakfast_t2",NA,"restaurant","2HRX9P6HKXA8V","level","exposure_2HRX9P6HKXA8V_1","fallback_t1_total",-0.2060624814686,-0.211638365,-0.4262575635,0.02954588385
"model_fits/finalized_redone_trunc_cp/t2_a4_its_t/breakfast_t2","model_fits/finalized_redone_trunc_cp/t2_a3_its/total","t2_a4_its_t","breakfast_t2",NA,"restaurant","L69HYJ4Y3TR91","level","exposure_L69HYJ4Y3TR91_1","primary",-0.287492781100138,-0.2993686245,-0.5784731875,0.0433357015750001
"model_fits/finalized_redone_trunc_cp/t2_a4_its_t/breakfast_t2","model_fits/finalized_redone_trunc_cp/t2_a3_its/total","t2_a4_its_t","breakfast_t2",NA,"restaurant","ED5J990H5VAZT","level","exposure_ED5J990H5VAZT_1","primary",-0.328573953265952,-0.328983868,-0.6195101125,-0.0414606347249999
"model_fits/finalized_redone_trunc_cp/t2_a4_its_t/breakfast_t2","model_fits/finalized_redone_trunc_cp/t2_a3_its/total","t2_a4_its_t","breakfast_t2",NA,"restaurant","V3Q26BHF3SE2H","level","exposure_V3Q26BHF3SE2H_1","primary",2.80240777164041,2.77643563,1.62393012375,4.077528001
"model_fits/finalized_redone_trunc_cp/t2_a4_its_t/breakfast_t2","model_fits/finalized_redone_trunc_cp/t2_a3_its/total","t2_a4_its_t","breakfast_t2",NA,"restaurant","V3Q26BHF3SE2H","level","exposure_V3Q26BHF3SE2H_2","primary",2.56081681072442,2.545955105,0.807438316325,4.417679267075
"model_fits/finalized_redone_trunc_cp/t2_a4_its_t/breakfast_t2","model_fits/finalized_redone_trunc_cp/t2_a3_its/total","t2_a4_its_t","breakfast_t2",NA,"restaurant","V3Q26BHF3SE2H","level","exposure_V3Q26BHF3SE2H_3","primary",-0.306772445831473,-0.316286147,-0.9002042555,0.365343864
"model_fits/finalized_redone_trunc_cp/t2_a4_its_t/breakfast_t2","model_fits/finalized_redone_trunc_cp/t2_a3_its/total","t2_a4_its_t","breakfast_t2",NA,"restaurant","V3Q26BHF3SE2H","level","exposure_V3Q26BHF3SE2H_4","primary",-0.414669190310256,-0.424124187,-1.11712983925,0.3580931482
"model_fits/finalized_redone_trunc_cp/t2_a4_its_t/breakfast_t2","model_fits/finalized_redone_trunc_cp/t2_a3_its/total","t2_a4_its_t","breakfast_t2",NA,"restaurant","78AY09MVJVTYE","level","exposure_78AY09MVJVTYE_1","primary",-0.103139783129203,-0.101381455,-0.24676429655,0.0293403642500001
"model_fits/finalized_redone_trunc_cp/t2_a4_its_t/breakfast_t2","model_fits/finalized_redone_trunc_cp/t2_a3_its/total","t2_a4_its_t","breakfast_t2",NA,"restaurant","2HRX9P6HKXA8V","slope","exposure_2HRX9P6HKXA8V_1_slope","fallback_t1_total",-0.915401271214787,-0.921937645,-1.52704368475,-0.34002346625
"model_fits/finalized_redone_trunc_cp/t2_a4_its_t/breakfast_t2","model_fits/finalized_redone_trunc_cp/t2_a3_its/total","t2_a4_its_t","breakfast_t2",NA,"restaurant","L69HYJ4Y3TR91","slope","exposure_L69HYJ4Y3TR91_1_slope","primary",-1.13932873913377,-1.1422024845,-2.27078391,-0.0368217580000001
"model_fits/finalized_redone_trunc_cp/t2_a4_its_t/breakfast_t2","model_fits/finalized_redone_trunc_cp/t2_a3_its/total","t2_a4_its_t","breakfast_t2",NA,"restaurant","ED5J990H5VAZT","slope","exposure_ED5J990H5VAZT_1_slope","primary",-0.35296934780312,-0.342029395,-0.835150851225,0.09774403025
"model_fits/finalized_redone_trunc_cp/t2_a4_its_t/breakfast_t2","model_fits/finalized_redone_trunc_cp/t2_a3_its/total","t2_a4_its_t","breakfast_t2",NA,"restaurant","V3Q26BHF3SE2H","slope","exposure_V3Q26BHF3SE2H_1_slope","primary",-0.215415294932276,-0.023007816,-4.59902359025,3.202403753
"model_fits/finalized_redone_trunc_cp/t2_a4_its_t/breakfast_t2","model_fits/finalized_redone_trunc_cp/t2_a3_its/total","t2_a4_its_t","breakfast_t2",NA,"restaurant","V3Q26BHF3SE2H","slope","exposure_V3Q26BHF3SE2H_2_slope","primary",0.1893466096675,0.171811525,-3.685216133925,4.12118495125
"model_fits/finalized_redone_trunc_cp/t2_a4_its_t/breakfast_t2","model_fits/finalized_redone_trunc_cp/t2_a3_its/total","t2_a4_its_t","breakfast_t2",NA,"restaurant","V3Q26BHF3SE2H","slope","exposure_V3Q26BHF3SE2H_3_slope","primary",2.80509205559509,2.627119961,0.0818321345,6.6628566826
"model_fits/finalized_redone_trunc_cp/t2_a4_its_t/breakfast_t2","model_fits/finalized_redone_trunc_cp/t2_a3_its/total","t2_a4_its_t","breakfast_t2",NA,"restaurant","V3Q26BHF3SE2H","slope","exposure_V3Q26BHF3SE2H_4_slope","primary",-1.37278201120809,-1.064641975,-5.7121672425,1.41057437075
"model_fits/finalized_redone_trunc_cp/t2_a4_its_t/breakfast_t2","model_fits/finalized_redone_trunc_cp/t2_a3_its/total","t2_a4_its_t","breakfast_t2",NA,"restaurant","78AY09MVJVTYE","slope","exposure_78AY09MVJVTYE_1_slope","primary",-0.224989510091407,-0.228207283,-0.4513067344,0.01753325025
"model_fits/finalized_redone_trunc_cp/t2_a4_its_t/breakfast_t2","model_fits/finalized_redone_trunc_cp/t2_a3_its/total","t2_a4_its_t","breakfast_t2",1,"pooled",NA,"level",NA,"matched_baseline",-0.270908373938281,-0.28036822720625,-0.466159151931875,0.000260681180218847
"model_fits/finalized_redone_trunc_cp/t2_a4_its_t/breakfast_t2","model_fits/finalized_redone_trunc_cp/t2_a3_its/total","t2_a4_its_t","breakfast_t2",2,"pooled",NA,"slope",NA,"matched_baseline",-0.359284850335578,-0.3654732734625,-0.889542796875,0.171819134881563
"model_fits/finalized_redone_trunc/t2_a4_its_t/chicken_t2","model_fits/finalized_redone_trunc_cp/t2_a3_its/total","t2_a4_its_t","chicken_t2",NA,"restaurant","V3Q26BHF3SE2H","level","exposure_V3Q26BHF3SE2H_1","primary",1.41157355642975,1.4075126465,0.165237878175,2.670805643
"model_fits/finalized_redone_trunc/t2_a4_its_t/chicken_t2","model_fits/finalized_redone_trunc_cp/t2_a3_its/total","t2_a4_its_t","chicken_t2",NA,"restaurant","V3Q26BHF3SE2H","level","exposure_V3Q26BHF3SE2H_2","primary",4.45511960004858,4.315547185,2.0587797895,7.58287185825
"model_fits/finalized_redone_trunc/t2_a4_its_t/chicken_t2","model_fits/finalized_redone_trunc_cp/t2_a3_its/total","t2_a4_its_t","chicken_t2",NA,"restaurant","V3Q26BHF3SE2H","level","exposure_V3Q26BHF3SE2H_3","primary",0.777513834447633,0.77741413,-0.01767419825,1.58724786025
"model_fits/finalized_redone_trunc/t2_a4_its_t/chicken_t2","model_fits/finalized_redone_trunc_cp/t2_a3_its/total","t2_a4_its_t","chicken_t2",NA,"restaurant","V3Q26BHF3SE2H","level","exposure_V3Q26BHF3SE2H_4","primary",-0.041623833379088,-0.0409941385,-0.92875093875,0.783008398525
"model_fits/finalized_redone_trunc/t2_a4_its_t/chicken_t2","model_fits/finalized_redone_trunc_cp/t2_a3_its/total","t2_a4_its_t","chicken_t2",NA,"restaurant","V3Q26BHF3SE2H","slope","exposure_V3Q26BHF3SE2H_1_slope","primary",0.163933000793728,0.15322688,-2.4715386963,2.7180265765
"model_fits/finalized_redone_trunc/t2_a4_its_t/chicken_t2","model_fits/finalized_redone_trunc_cp/t2_a3_its/total","t2_a4_its_t","chicken_t2",NA,"restaurant","V3Q26BHF3SE2H","slope","exposure_V3Q26BHF3SE2H_2_slope","primary",-0.000482299882223331,-0.0229999705,-2.626242288,2.57739539
"model_fits/finalized_redone_trunc/t2_a4_its_t/chicken_t2","model_fits/finalized_redone_trunc_cp/t2_a3_its/total","t2_a4_its_t","chicken_t2",NA,"restaurant","V3Q26BHF3SE2H","slope","exposure_V3Q26BHF3SE2H_3_slope","primary",-0.33598781954561,-0.269060035,-2.7196822815,1.754121449075
"model_fits/finalized_redone_trunc/t2_a4_its_t/chicken_t2","model_fits/finalized_redone_trunc_cp/t2_a3_its/total","t2_a4_its_t","chicken_t2",NA,"restaurant","V3Q26BHF3SE2H","slope","exposure_V3Q26BHF3SE2H_4_slope","primary",-0.83890265976397,-0.918689195,-3.0979714225,2.19374274275
"model_fits/finalized_redone_trunc/t2_a4_its_t/chicken_t2","model_fits/finalized_redone_trunc_cp/t2_a3_its/total","t2_a4_its_t","chicken_t2",1,"pooled",NA,"level",NA,"matched_baseline",0.766501452203969,0.79523374075,-0.83373094761875,2.1455403593875
"model_fits/finalized_redone_trunc/t2_a4_its_t/chicken_t2","model_fits/finalized_redone_trunc_cp/t2_a3_its/total","t2_a4_its_t","chicken_t2",2,"pooled",NA,"slope",NA,"matched_baseline",-0.233351507596044,-0.234513361375,-1.3811609300625,0.9003286104625
"model_fits/finalized_redone_trunc/t2_a4_its_t/dairy_t2","model_fits/finalized_redone_trunc_cp/t2_a3_its/total","t2_a4_its_t","dairy_t2",NA,"restaurant","W8T41JZK0ZMEP","level","exposure_W8T41JZK0ZMEP_1","primary",-0.0846685779639667,-0.081912165,-0.335229071,0.154264871575
"model_fits/finalized_redone_trunc/t2_a4_its_t/dairy_t2","model_fits/finalized_redone_trunc_cp/t2_a3_its/total","t2_a4_its_t","dairy_t2",NA,"restaurant","W8T41JZK0ZMEP","level","exposure_W8T41JZK0ZMEP_2","primary",0.0657753145254288,0.055023595,-0.1946290015,0.37248942565
"model_fits/finalized_redone_trunc/t2_a4_its_t/dairy_t2","model_fits/finalized_redone_trunc_cp/t2_a3_its/total","t2_a4_its_t","dairy_t2",NA,"restaurant","W8T41JZK0ZMEP","level","exposure_W8T41JZK0ZMEP_3","primary",0.0468975017192217,0.0384311552,-0.22745521395,0.350964644525
"model_fits/finalized_redone_trunc/t2_a4_its_t/dairy_t2","model_fits/finalized_redone_trunc_cp/t2_a3_its/total","t2_a4_its_t","dairy_t2",NA,"restaurant","W8T41JZK0ZMEP","level","exposure_W8T41JZK0ZMEP_4","primary",1.50921322466669e-05,0.0018405985,-0.274633397,0.28277678335
"model_fits/finalized_redone_trunc/t2_a4_its_t/dairy_t2","model_fits/finalized_redone_trunc_cp/t2_a3_its/total","t2_a4_its_t","dairy_t2",NA,"restaurant","W8T41JZK0ZMEP","level","exposure_W8T41JZK0ZMEP_5","primary",-0.00237787746139333,-0.00460565,-0.256189542,0.26438651485
"model_fits/finalized_redone_trunc/t2_a4_its_t/dairy_t2","model_fits/finalized_redone_trunc_cp/t2_a3_its/total","t2_a4_its_t","dairy_t2",NA,"restaurant","EMBVNVD207CC6","level","exposure_EMBVNVD207CC6_1","primary",0.221379745827,0.23285535,-1.35593871,1.83690477
"model_fits/finalized_redone_trunc/t2_a4_its_t/dairy_t2","model_fits/finalized_redone_trunc_cp/t2_a3_its/total","t2_a4_its_t","dairy_t2",NA,"restaurant","9XKJD8DQTH559","level","exposure_9XKJD8DQTH559_1","primary",-0.0624070855775667,-0.067917775,-0.46275644025,0.345545925
"model_fits/finalized_redone_trunc/t2_a4_its_t/dairy_t2","model_fits/finalized_redone_trunc_cp/t2_a3_its/total","t2_a4_its_t","dairy_t2",NA,"restaurant","9XKJD8DQTH559","level","exposure_9XKJD8DQTH559_2","primary",-0.117227732062547,-0.115546995,-0.56580223875,0.3195421455
"model_fits/finalized_redone_trunc/t2_a4_its_t/dairy_t2","model_fits/finalized_redone_trunc_cp/t2_a3_its/total","t2_a4_its_t","dairy_t2",NA,"restaurant","W8T41JZK0ZMEP","slope","exposure_W8T41JZK0ZMEP_1_slope","primary",-0.00474439748159667,-0.060137846,-1.888212751,2.14771237375
"model_fits/finalized_redone_trunc/t2_a4_its_t/dairy_t2","model_fits/finalized_redone_trunc_cp/t2_a3_its/total","t2_a4_its_t","dairy_t2",NA,"restaurant","W8T41JZK0ZMEP","slope","exposure_W8T41JZK0ZMEP_2_slope","primary",-0.182291891414092,-0.232656495,-2.1480736575,1.964230893
"model_fits/finalized_redone_trunc/t2_a4_its_t/dairy_t2","model_fits/finalized_redone_trunc_cp/t2_a3_its/total","t2_a4_its_t","dairy_t2",NA,"restaurant","W8T41JZK0ZMEP","slope","exposure_W8T41JZK0ZMEP_3_slope","primary",0.038268985059868,0.00776756000000001,-1.697901158325,1.8052827775
"model_fits/finalized_redone_trunc/t2_a4_its_t/dairy_t2","model_fits/finalized_redone_trunc_cp/t2_a3_its/total","t2_a4_its_t","dairy_t2",NA,"restaurant","W8T41JZK0ZMEP","slope","exposure_W8T41JZK0ZMEP_4_slope","primary",-0.06444656714867,-0.0162992213,-2.60950322225,2.0512618125
"model_fits/finalized_redone_trunc/t2_a4_its_t/dairy_t2","model_fits/finalized_redone_trunc_cp/t2_a3_its/total","t2_a4_its_t","dairy_t2",NA,"restaurant","W8T41JZK0ZMEP","slope","exposure_W8T41JZK0ZMEP_5_slope","primary",-0.479738332888988,-0.44301092,-2.695222105,1.52189881175
"model_fits/finalized_redone_trunc/t2_a4_its_t/dairy_t2","model_fits/finalized_redone_trunc_cp/t2_a3_its/total","t2_a4_its_t","dairy_t2",NA,"restaurant","EMBVNVD207CC6","slope","exposure_EMBVNVD207CC6_1_slope","primary",-0.285670435437087,-0.305754735,-1.09447623325,0.67198281825
"model_fits/finalized_redone_trunc/t2_a4_its_t/dairy_t2","model_fits/finalized_redone_trunc_cp/t2_a3_its/total","t2_a4_its_t","dairy_t2",NA,"restaurant","9XKJD8DQTH559","slope","exposure_9XKJD8DQTH559_1_slope","primary",0.454817913121293,0.40949648,-1.124725761,2.2371609025
"model_fits/finalized_redone_trunc/t2_a4_its_t/dairy_t2","model_fits/finalized_redone_trunc_cp/t2_a3_its/total","t2_a4_its_t","dairy_t2",NA,"restaurant","9XKJD8DQTH559","slope","exposure_9XKJD8DQTH559_2_slope","primary",-1.49276148719943,-1.46348155,-3.3383374125,0.0822892412200012
"model_fits/finalized_redone_trunc/t2_a4_its_t/dairy_t2","model_fits/finalized_redone_trunc_cp/t2_a3_its/total","t2_a4_its_t","dairy_t2",1,"pooled",NA,"level",NA,"matched_baseline",0.103693216592715,0.103279315,-1.08877224202812,1.2166249758625
"model_fits/finalized_redone_trunc/t2_a4_its_t/dairy_t2","model_fits/finalized_redone_trunc_cp/t2_a3_its/total","t2_a4_its_t","dairy_t2",2,"pooled",NA,"slope",NA,"matched_baseline",-0.146248643277325,-0.1477140466875,-1.04951560847812,0.68675652875
"model_fits/finalized_redone_trunc_cp/t2_a4_its_t/textured_t2","model_fits/finalized_redone_trunc_cp/t2_a3_its/total","t2_a4_its_t","textured_t2",NA,"restaurant","VLZX7K2M9QD4T","level","exposure_VLZX7K2M9QD4T_1","fallback_t1_total",0.152962558326633,0.1521947,0.05802725,0.25170602
"model_fits/finalized_redone_trunc_cp/t2_a4_its_t/textured_t2","model_fits/finalized_redone_trunc_cp/t2_a3_its/total","t2_a4_its_t","textured_t2",NA,"restaurant","SAFK7ND1HR6XS","level","exposure_SAFK7ND1HR6XS_1","primary",0.306616757423219,0.31041747,-0.13840172225,0.7091479495
"model_fits/finalized_redone_trunc_cp/t2_a4_its_t/textured_t2","model_fits/finalized_redone_trunc_cp/t2_a3_its/total","t2_a4_its_t","textured_t2",NA,"restaurant","VLZX7K2M9QD4T","slope","exposure_VLZX7K2M9QD4T_1_slope","fallback_t1_total",-0.92344194470852,-0.925984,-1.8865146,0.0374445300000002
"model_fits/finalized_redone_trunc_cp/t2_a4_its_t/textured_t2","model_fits/finalized_redone_trunc_cp/t2_a3_its/total","t2_a4_its_t","textured_t2",NA,"restaurant","SAFK7ND1HR6XS","slope","exposure_SAFK7ND1HR6XS_1_slope","primary",-0.755226641184533,-0.72100029,-2.480184008045,0.855976021000002
"model_fits/finalized_redone_trunc_cp/t2_a4_its_t/textured_t2","model_fits/finalized_redone_trunc_cp/t2_a3_its/total","t2_a4_its_t","textured_t2",1,"pooled",NA,"level",NA,"matched_baseline",0.20895804384971,0.242009595,-0.5976850912625,0.913649828
"model_fits/finalized_redone_trunc_cp/t2_a4_its_t/textured_t2","model_fits/finalized_redone_trunc_cp/t2_a3_its/total","t2_a4_its_t","textured_t2",2,"pooled",NA,"slope",NA,"matched_baseline",-0.7597720932396,-0.7812241375,-1.984477995625,0.56908832375
"model_fits/finalized_redone_trunc_cp/t2_a4_its_t/untextured_t2","model_fits/finalized_redone_trunc_cp/t2_a3_its/total","t2_a4_its_t","untextured_t2",NA,"restaurant","SRQS8F7JWA9MZ","level","exposure_SRQS8F7JWA9MZ_1","fallback_t1_total",0.047084505491367,0.0447801635,-0.1130962911485,0.21750444875
"model_fits/finalized_redone_trunc_cp/t2_a4_its_t/untextured_t2","model_fits/finalized_redone_trunc_cp/t2_a3_its/total","t2_a4_its_t","untextured_t2",NA,"restaurant","SRQS8F7JWA9MZ","level","exposure_SRQS8F7JWA9MZ_2","fallback_t1_total",-0.0564913654737801,-0.0559708241,-0.209405825175,0.0956450861500001
"model_fits/finalized_redone_trunc_cp/t2_a4_its_t/untextured_t2","model_fits/finalized_redone_trunc_cp/t2_a3_its/total","t2_a4_its_t","untextured_t2",NA,"restaurant","JHDN7CF1C03X5","level","exposure_JHDN7CF1C03X5_1","fallback_t1_total",4.807842132749,4.79289195,4.02385819,5.713015245
"model_fits/finalized_redone_trunc_cp/t2_a4_its_t/untextured_t2","model_fits/finalized_redone_trunc_cp/t2_a3_its/total","t2_a4_its_t","untextured_t2",NA,"restaurant","C0BE4NDSW26QN","level","exposure_C0BE4NDSW26QN_1","primary",0.0736977576413493,0.069648987,-1.020471508,1.1587864224
"model_fits/finalized_redone_trunc_cp/t2_a4_its_t/untextured_t2","model_fits/finalized_redone_trunc_cp/t2_a3_its/total","t2_a4_its_t","untextured_t2",NA,"restaurant","C0BE4NDSW26QN","level","exposure_C0BE4NDSW26QN_2","primary",-0.0809932234084067,-0.054550915,-1.1620729435,0.866713816125
"model_fits/finalized_redone_trunc_cp/t2_a4_its_t/untextured_t2","model_fits/finalized_redone_trunc_cp/t2_a3_its/total","t2_a4_its_t","untextured_t2",NA,"restaurant","S8MT0YGD2KTN9","level","exposure_S8MT0YGD2KTN9_1","primary",0.057923153320164,0.0572181325,-0.1101776001,0.22476488405
"model_fits/finalized_redone_trunc_cp/t2_a4_its_t/untextured_t2","model_fits/finalized_redone_trunc_cp/t2_a3_its/total","t2_a4_its_t","untextured_t2",NA,"restaurant","1SQPTEGYPH0GA","level","exposure_1SQPTEGYPH0GA_1","primary",0.0180903500966667,0.0207960700000001,-0.34761584175,0.36958085125
"model_fits/finalized_redone_trunc_cp/t2_a4_its_t/untextured_t2","model_fits/finalized_redone_trunc_cp/t2_a3_its/total","t2_a4_its_t","untextured_t2",NA,"restaurant","9XKJD8DQTH559","level","exposure_9XKJD8DQTH559_1","primary",-0.161245084366058,-0.124221605,-2.1415717725,1.483720914
"model_fits/finalized_redone_trunc_cp/t2_a4_its_t/untextured_t2","model_fits/finalized_redone_trunc_cp/t2_a3_its/total","t2_a4_its_t","untextured_t2",NA,"restaurant","9XKJD8DQTH559","level","exposure_9XKJD8DQTH559_2","primary",-0.0458590669193673,-0.06430747,-1.30143767375,1.38783237175
"model_fits/finalized_redone_trunc_cp/t2_a4_its_t/untextured_t2","model_fits/finalized_redone_trunc_cp/t2_a3_its/total","t2_a4_its_t","untextured_t2",NA,"restaurant","LQ5EH4BKGV61T","level","exposure_LQ5EH4BKGV61T_1","primary",0.66037910412198,0.61612026,-1.1405763935225,2.7539509342
"model_fits/finalized_redone_trunc_cp/t2_a4_its_t/untextured_t2","model_fits/finalized_redone_trunc_cp/t2_a3_its/total","t2_a4_its_t","untextured_t2",NA,"restaurant","SRQS8F7JWA9MZ","slope","exposure_SRQS8F7JWA9MZ_1_slope","fallback_t1_total",0.492684263098,0.52190883,-0.7100984125,1.527416251125
"model_fits/finalized_redone_trunc_cp/t2_a4_its_t/untextured_t2","model_fits/finalized_redone_trunc_cp/t2_a3_its/total","t2_a4_its_t","untextured_t2",NA,"restaurant","SRQS8F7JWA9MZ","slope","exposure_SRQS8F7JWA9MZ_2_slope","fallback_t1_total",-0.401433675251053,-0.440807545,-1.3905869205,0.747074527
"model_fits/finalized_redone_trunc_cp/t2_a4_its_t/untextured_t2","model_fits/finalized_redone_trunc_cp/t2_a3_its/total","t2_a4_its_t","untextured_t2",NA,"restaurant","JHDN7CF1C03X5","slope","exposure_JHDN7CF1C03X5_1_slope","fallback_t1_total",-1.01835905636507,-1.004504985,-1.570579055,-0.57613679205
"model_fits/finalized_redone_trunc_cp/t2_a4_its_t/untextured_t2","model_fits/finalized_redone_trunc_cp/t2_a3_its/total","t2_a4_its_t","untextured_t2",NA,"restaurant","C0BE4NDSW26QN","slope","exposure_C0BE4NDSW26QN_1_slope","primary",0.2094140882116,0.1773890325,-0.96747443775,1.52977969725
"model_fits/finalized_redone_trunc_cp/t2_a4_its_t/untextured_t2","model_fits/finalized_redone_trunc_cp/t2_a3_its/total","t2_a4_its_t","untextured_t2",NA,"restaurant","C0BE4NDSW26QN","slope","exposure_C0BE4NDSW26QN_2_slope","primary",-0.64152034650824,-0.60826561,-1.97620932575,0.566983961525001
"model_fits/finalized_redone_trunc_cp/t2_a4_its_t/untextured_t2","model_fits/finalized_redone_trunc_cp/t2_a3_its/total","t2_a4_its_t","untextured_t2",NA,"restaurant","S8MT0YGD2KTN9","slope","exposure_S8MT0YGD2KTN9_1_slope","primary",-0.0378950227272467,-0.04831802,-0.352306981,0.32876209625
"model_fits/finalized_redone_trunc_cp/t2_a4_its_t/untextured_t2","model_fits/finalized_redone_trunc_cp/t2_a3_its/total","t2_a4_its_t","untextured_t2",NA,"restaurant","1SQPTEGYPH0GA","slope","exposure_1SQPTEGYPH0GA_1_slope","primary",-0.103280983068,-0.10326936,-0.45114107975,0.27390150275
"model_fits/finalized_redone_trunc_cp/t2_a4_its_t/untextured_t2","model_fits/finalized_redone_trunc_cp/t2_a3_its/total","t2_a4_its_t","untextured_t2",NA,"restaurant","9XKJD8DQTH559","slope","exposure_9XKJD8DQTH559_1_slope","primary",0.718777654314918,0.670299775,-1.21664260225,2.69520879875
"model_fits/finalized_redone_trunc_cp/t2_a4_its_t/untextured_t2","model_fits/finalized_redone_trunc_cp/t2_a3_its/total","t2_a4_its_t","untextured_t2",NA,"restaurant","9XKJD8DQTH559","slope","exposure_9XKJD8DQTH559_2_slope","primary",-1.3531371674714,-1.274944745,-3.3589088315,0.2806293627575
"model_fits/finalized_redone_trunc_cp/t2_a4_its_t/untextured_t2","model_fits/finalized_redone_trunc_cp/t2_a3_its/total","t2_a4_its_t","untextured_t2",NA,"restaurant","LQ5EH4BKGV61T","slope","exposure_LQ5EH4BKGV61T_1_slope","primary",-0.12202212165106,-0.10040975,-1.492666573,1.16032684375
"model_fits/finalized_redone_trunc_cp/t2_a4_its_t/untextured_t2","model_fits/finalized_redone_trunc_cp/t2_a3_its/total","t2_a4_its_t","untextured_t2",1,"pooled",NA,"level",NA,"matched_baseline",0.395305452108444,0.42406695414,-0.909749571396,1.59419569877
"model_fits/finalized_redone_trunc_cp/t2_a4_its_t/untextured_t2","model_fits/finalized_redone_trunc_cp/t2_a3_its/total","t2_a4_its_t","untextured_t2",2,"pooled",NA,"slope",NA,"matched_baseline",-0.140725344339585,-0.12131760705,-0.7087372605875,0.3456613140225
"model_fits/finalized_redone_trunc_cp/t2_a6_customer_t_day/breakfast_t2","model_fits/finalized_redone_trunc_cp/t2_a5_customer_day/total","t2_a6_customer_t_day","breakfast_t2",NA,"restaurant","2HRX9P6HKXA8V","level","exposure_2HRX9P6HKXA8V_1","primary",0.00783691309225,0.0061735845,-0.144289027975,0.16081273705
"model_fits/finalized_redone_trunc_cp/t2_a6_customer_t_day/breakfast_t2","model_fits/finalized_redone_trunc_cp/t2_a5_customer_day/total","t2_a6_customer_t_day","breakfast_t2",NA,"restaurant","L69HYJ4Y3TR91","level","exposure_L69HYJ4Y3TR91_1","primary",-0.0188514774906756,-0.0109325543,-0.20113207295,0.131534735525
"model_fits/finalized_redone_trunc_cp/t2_a6_customer_t_day/breakfast_t2","model_fits/finalized_redone_trunc_cp/t2_a5_customer_day/total","t2_a6_customer_t_day","breakfast_t2",NA,"restaurant","ED5J990H5VAZT","level","exposure_ED5J990H5VAZT_1","primary",0.0324189096260527,0.0312591435,-0.0359622830175,0.106431208825
"model_fits/finalized_redone_trunc_cp/t2_a6_customer_t_day/breakfast_t2","model_fits/finalized_redone_trunc_cp/t2_a5_customer_day/total","t2_a6_customer_t_day","breakfast_t2",NA,"restaurant","W8T41JZK0ZMEP","level","exposure_W8T41JZK0ZMEP_1","primary",-0.0576696611655354,-0.0595359687,-0.167693902475,0.0824755548500001
"model_fits/finalized_redone_trunc_cp/t2_a6_customer_t_day/breakfast_t2","model_fits/finalized_redone_trunc_cp/t2_a5_customer_day/total","t2_a6_customer_t_day","breakfast_t2",NA,"restaurant","W8T41JZK0ZMEP","level","exposure_W8T41JZK0ZMEP_2","primary",-0.085561686691263,-0.0806541725,-0.213748530625,0.0149049078275
"model_fits/finalized_redone_trunc_cp/t2_a6_customer_t_day/breakfast_t2","model_fits/finalized_redone_trunc_cp/t2_a5_customer_day/total","t2_a6_customer_t_day","breakfast_t2",NA,"restaurant","W8T41JZK0ZMEP","level","exposure_W8T41JZK0ZMEP_3","primary",-0.0417184209821033,-0.044112009,-0.15482292337975,0.0787971214
"model_fits/finalized_redone_trunc_cp/t2_a6_customer_t_day/breakfast_t2","model_fits/finalized_redone_trunc_cp/t2_a5_customer_day/total","t2_a6_customer_t_day","breakfast_t2",NA,"restaurant","W8T41JZK0ZMEP","level","exposure_W8T41JZK0ZMEP_4","primary",-0.0875356000606969,-0.086772813,-0.20516337335,0.0227872139000001
"model_fits/finalized_redone_trunc_cp/t2_a6_customer_t_day/breakfast_t2","model_fits/finalized_redone_trunc_cp/t2_a5_customer_day/total","t2_a6_customer_t_day","breakfast_t2",NA,"restaurant","W8T41JZK0ZMEP","level","exposure_W8T41JZK0ZMEP_5","primary",-0.0512328030683543,-0.054538,-0.161482635325,0.0800355894225001
"model_fits/finalized_redone_trunc_cp/t2_a6_customer_t_day/breakfast_t2","model_fits/finalized_redone_trunc_cp/t2_a5_customer_day/total","t2_a6_customer_t_day","breakfast_t2",NA,"restaurant","V3Q26BHF3SE2H","level","exposure_V3Q26BHF3SE2H_1","primary",0.0583647833897007,0.055797232,-0.0587313595,0.185656054525
"model_fits/finalized_redone_trunc_cp/t2_a6_customer_t_day/breakfast_t2","model_fits/finalized_redone_trunc_cp/t2_a5_customer_day/total","t2_a6_customer_t_day","breakfast_t2",NA,"restaurant","V3Q26BHF3SE2H","level","exposure_V3Q26BHF3SE2H_2","primary",0.02149334903224,0.0230139425,-0.1002196387,0.123885005075
"model_fits/finalized_redone_trunc_cp/t2_a6_customer_t_day/breakfast_t2","model_fits/finalized_redone_trunc_cp/t2_a5_customer_day/total","t2_a6_customer_t_day","breakfast_t2",NA,"restaurant","V3Q26BHF3SE2H","level","exposure_V3Q26BHF3SE2H_3","primary",-0.0267089100273051,-0.0236054565,-0.164467036375,0.082032159375
"model_fits/finalized_redone_trunc_cp/t2_a6_customer_t_day/breakfast_t2","model_fits/finalized_redone_trunc_cp/t2_a5_customer_day/total","t2_a6_customer_t_day","breakfast_t2",NA,"restaurant","V3Q26BHF3SE2H","level","exposure_V3Q26BHF3SE2H_4","primary",0.0364218918709708,0.033358721,-0.07032266097,0.163698455625
"model_fits/finalized_redone_trunc_cp/t2_a6_customer_t_day/breakfast_t2","model_fits/finalized_redone_trunc_cp/t2_a5_customer_day/total","t2_a6_customer_t_day","breakfast_t2",NA,"restaurant","78AY09MVJVTYE","level","exposure_78AY09MVJVTYE_1","primary",-0.0230209639178553,-0.0154361495,-0.215876582375,0.1488792058
"model_fits/finalized_redone_trunc_cp/t2_a6_customer_t_day/breakfast_t2","model_fits/finalized_redone_trunc_cp/t2_a5_customer_day/total","t2_a6_customer_t_day","breakfast_t2",NA,"restaurant","2HRX9P6HKXA8V","slope","exposure_2HRX9P6HKXA8V_1_slope","primary",0.00479709879158833,0.0035275975,-0.1097788531,0.126096733775
"model_fits/finalized_redone_trunc_cp/t2_a6_customer_t_day/breakfast_t2","model_fits/finalized_redone_trunc_cp/t2_a5_customer_day/total","t2_a6_customer_t_day","breakfast_t2",NA,"restaurant","L69HYJ4Y3TR91","slope","exposure_L69HYJ4Y3TR91_1_slope","primary",0.0289226639205513,0.031727591,-0.30321209495,0.3549447775
"model_fits/finalized_redone_trunc_cp/t2_a6_customer_t_day/breakfast_t2","model_fits/finalized_redone_trunc_cp/t2_a5_customer_day/total","t2_a6_customer_t_day","breakfast_t2",NA,"restaurant","ED5J990H5VAZT","slope","exposure_ED5J990H5VAZT_1_slope","primary",0.0958210939692033,0.097858785,-0.0253363013,0.21238518725
"model_fits/finalized_redone_trunc_cp/t2_a6_customer_t_day/breakfast_t2","model_fits/finalized_redone_trunc_cp/t2_a5_customer_day/total","t2_a6_customer_t_day","breakfast_t2",NA,"restaurant","W8T41JZK0ZMEP","slope","exposure_W8T41JZK0ZMEP_1_slope","primary",0.0039508794743048,-0.00854417499999999,-0.4427354465,0.5313064115
"model_fits/finalized_redone_trunc_cp/t2_a6_customer_t_day/breakfast_t2","model_fits/finalized_redone_trunc_cp/t2_a5_customer_day/total","t2_a6_customer_t_day","breakfast_t2",NA,"restaurant","W8T41JZK0ZMEP","slope","exposure_W8T41JZK0ZMEP_2_slope","primary",-0.0949198381333517,-0.07551016525,-0.49302845925,0.21805194075
"model_fits/finalized_redone_trunc_cp/t2_a6_customer_t_day/breakfast_t2","model_fits/finalized_redone_trunc_cp/t2_a5_customer_day/total","t2_a6_customer_t_day","breakfast_t2",NA,"restaurant","W8T41JZK0ZMEP","slope","exposure_W8T41JZK0ZMEP_3_slope","primary",0.107533977227014,0.084012342,-0.2706004305,0.5688227075
"model_fits/finalized_redone_trunc_cp/t2_a6_customer_t_day/breakfast_t2","model_fits/finalized_redone_trunc_cp/t2_a5_customer_day/total","t2_a6_customer_t_day","breakfast_t2",NA,"restaurant","W8T41JZK0ZMEP","slope","exposure_W8T41JZK0ZMEP_4_slope","primary",0.0820346762656683,0.063732918,-0.299935642,0.5016675345
"model_fits/finalized_redone_trunc_cp/t2_a6_customer_t_day/breakfast_t2","model_fits/finalized_redone_trunc_cp/t2_a5_customer_day/total","t2_a6_customer_t_day","breakfast_t2",NA,"restaurant","W8T41JZK0ZMEP","slope","exposure_W8T41JZK0ZMEP_5_slope","primary",-0.0959321832750603,-0.059255701,-0.679478279,0.34089572585
"model_fits/finalized_redone_trunc_cp/t2_a6_customer_t_day/breakfast_t2","model_fits/finalized_redone_trunc_cp/t2_a5_customer_day/total","t2_a6_customer_t_day","breakfast_t2",NA,"restaurant","V3Q26BHF3SE2H","slope","exposure_V3Q26BHF3SE2H_1_slope","primary",-0.00293859439778567,0.00758140999999999,-0.50399794175,0.465311378750001
"model_fits/finalized_redone_trunc_cp/t2_a6_customer_t_day/breakfast_t2","model_fits/finalized_redone_trunc_cp/t2_a5_customer_day/total","t2_a6_customer_t_day","breakfast_t2",NA,"restaurant","V3Q26BHF3SE2H","slope","exposure_V3Q26BHF3SE2H_2_slope","primary",0.0738494872215133,0.05471817765,-0.361839805,0.600476401500001
"model_fits/finalized_redone_trunc_cp/t2_a6_customer_t_day/breakfast_t2","model_fits/finalized_redone_trunc_cp/t2_a5_customer_day/total","t2_a6_customer_t_day","breakfast_t2",NA,"restaurant","V3Q26BHF3SE2H","slope","exposure_V3Q26BHF3SE2H_3_slope","primary",0.33171603446321,0.31972283,-0.033664602777,0.78760264775
"model_fits/finalized_redone_trunc_cp/t2_a6_customer_t_day/breakfast_t2","model_fits/finalized_redone_trunc_cp/t2_a5_customer_day/total","t2_a6_customer_t_day","breakfast_t2",NA,"restaurant","V3Q26BHF3SE2H","slope","exposure_V3Q26BHF3SE2H_4_slope","primary",-0.194998795307029,-0.15200232,-0.81200438025,0.22250640165
"model_fits/finalized_redone_trunc_cp/t2_a6_customer_t_day/breakfast_t2","model_fits/finalized_redone_trunc_cp/t2_a5_customer_day/total","t2_a6_customer_t_day","breakfast_t2",NA,"restaurant","78AY09MVJVTYE","slope","exposure_78AY09MVJVTYE_1_slope","primary",0.0464627019664767,0.04641417345,-0.08315636455,0.18242353525
"model_fits/finalized_redone_trunc_cp/t2_a6_customer_t_day/breakfast_t2","model_fits/finalized_redone_trunc_cp/t2_a5_customer_day/total","t2_a6_customer_t_day","breakfast_t2",NA,"restaurant","2HRX9P6HKXA8V","gender_male","exposure_2HRX9P6HKXA8V_1_gendermale","primary",-0.036985771563606,-0.0351719485,-0.21858584345,0.1380180633515
"model_fits/finalized_redone_trunc_cp/t2_a6_customer_t_day/breakfast_t2","model_fits/finalized_redone_trunc_cp/t2_a5_customer_day/total","t2_a6_customer_t_day","breakfast_t2",NA,"restaurant","2HRX9P6HKXA8V","gender_female","exposure_2HRX9P6HKXA8V_1_genderfemale","primary",0.0940617795006633,0.093609705,-0.137505417925,0.322659649525
"model_fits/finalized_redone_trunc_cp/t2_a6_customer_t_day/breakfast_t2","model_fits/finalized_redone_trunc_cp/t2_a5_customer_day/total","t2_a6_customer_t_day","breakfast_t2",NA,"restaurant","L69HYJ4Y3TR91","gender_male","exposure_L69HYJ4Y3TR91_1_gendermale","primary",-0.168438849997964,-0.168782909,-0.3801926105425,0.0296614757575
"model_fits/finalized_redone_trunc_cp/t2_a6_customer_t_day/breakfast_t2","model_fits/finalized_redone_trunc_cp/t2_a5_customer_day/total","t2_a6_customer_t_day","breakfast_t2",NA,"restaurant","L69HYJ4Y3TR91","gender_female","exposure_L69HYJ4Y3TR91_1_genderfemale","primary",0.0857157444073553,0.0847238065,-0.10938815515,0.277488519925
"model_fits/finalized_redone_trunc_cp/t2_a6_customer_t_day/breakfast_t2","model_fits/finalized_redone_trunc_cp/t2_a5_customer_day/total","t2_a6_customer_t_day","breakfast_t2",NA,"restaurant","ED5J990H5VAZT","gender_male","exposure_ED5J990H5VAZT_1_gendermale","primary",-0.0541012881920667,-0.053335181,-0.11293745175,0.00373734827500003
"model_fits/finalized_redone_trunc_cp/t2_a6_customer_t_day/breakfast_t2","model_fits/finalized_redone_trunc_cp/t2_a5_customer_day/total","t2_a6_customer_t_day","breakfast_t2",NA,"restaurant","ED5J990H5VAZT","gender_female","exposure_ED5J990H5VAZT_1_genderfemale","primary",-0.06507688929989,-0.064879212,-0.121533303925,-0.0079864133525
"model_fits/finalized_redone_trunc_cp/t2_a6_customer_t_day/breakfast_t2","model_fits/finalized_redone_trunc_cp/t2_a5_customer_day/total","t2_a6_customer_t_day","breakfast_t2",NA,"restaurant","W8T41JZK0ZMEP","gender_male","exposure_W8T41JZK0ZMEP_1_gendermale","primary",0.240160615626572,0.2207922035,-0.04253488745975,0.6809314585575
"model_fits/finalized_redone_trunc_cp/t2_a6_customer_t_day/breakfast_t2","model_fits/finalized_redone_trunc_cp/t2_a5_customer_day/total","t2_a6_customer_t_day","breakfast_t2",NA,"restaurant","W8T41JZK0ZMEP","gender_female","exposure_W8T41JZK0ZMEP_1_genderfemale","primary",0.0561785195519703,0.0554526074,-0.223984144025,0.3305186007825
"model_fits/finalized_redone_trunc_cp/t2_a6_customer_t_day/breakfast_t2","model_fits/finalized_redone_trunc_cp/t2_a5_customer_day/total","t2_a6_customer_t_day","breakfast_t2",NA,"restaurant","W8T41JZK0ZMEP","gender_male","exposure_W8T41JZK0ZMEP_2_gendermale","primary",0.299799048418256,0.2993854103,0.076949902075,0.537612094145
"model_fits/finalized_redone_trunc_cp/t2_a6_customer_t_day/breakfast_t2","model_fits/finalized_redone_trunc_cp/t2_a5_customer_day/total","t2_a6_customer_t_day","breakfast_t2",NA,"restaurant","W8T41JZK0ZMEP","gender_female","exposure_W8T41JZK0ZMEP_2_genderfemale","primary",-0.0315207796761669,-0.0262890384,-0.24546679014,0.17197076128
"model_fits/finalized_redone_trunc_cp/t2_a6_customer_t_day/breakfast_t2","model_fits/finalized_redone_trunc_cp/t2_a5_customer_day/total","t2_a6_customer_t_day","breakfast_t2",NA,"restaurant","W8T41JZK0ZMEP","gender_male","exposure_W8T41JZK0ZMEP_3_gendermale","primary",-0.100481280623383,-0.0976861159,-0.3798926655575,0.144598148675
"model_fits/finalized_redone_trunc_cp/t2_a6_customer_t_day/breakfast_t2","model_fits/finalized_redone_trunc_cp/t2_a5_customer_day/total","t2_a6_customer_t_day","breakfast_t2",NA,"restaurant","W8T41JZK0ZMEP","gender_female","exposure_W8T41JZK0ZMEP_3_genderfemale","primary",-0.0535940101318517,-0.04666225075,-0.3136662742,0.1750546000375
"model_fits/finalized_redone_trunc_cp/t2_a6_customer_t_day/breakfast_t2","model_fits/finalized_redone_trunc_cp/t2_a5_customer_day/total","t2_a6_customer_t_day","breakfast_t2",NA,"restaurant","W8T41JZK0ZMEP","gender_male","exposure_W8T41JZK0ZMEP_4_gendermale","primary",0.129266275001466,0.12453872395,-0.105400552375,0.38956472066
"model_fits/finalized_redone_trunc_cp/t2_a6_customer_t_day/breakfast_t2","model_fits/finalized_redone_trunc_cp/t2_a5_customer_day/total","t2_a6_customer_t_day","breakfast_t2",NA,"restaurant","W8T41JZK0ZMEP","gender_female","exposure_W8T41JZK0ZMEP_4_genderfemale","primary",0.0952543282537927,0.0859974964,-0.162157801175,0.37321951635
"model_fits/finalized_redone_trunc_cp/t2_a6_customer_t_day/breakfast_t2","model_fits/finalized_redone_trunc_cp/t2_a5_customer_day/total","t2_a6_customer_t_day","breakfast_t2",NA,"restaurant","W8T41JZK0ZMEP","gender_male","exposure_W8T41JZK0ZMEP_5_gendermale","primary",-0.259187787059163,-0.240391793,-0.742862884775,0.077826531475
"model_fits/finalized_redone_trunc_cp/t2_a6_customer_t_day/breakfast_t2","model_fits/finalized_redone_trunc_cp/t2_a5_customer_day/total","t2_a6_customer_t_day","breakfast_t2",NA,"restaurant","W8T41JZK0ZMEP","gender_female","exposure_W8T41JZK0ZMEP_5_genderfemale","primary",0.140054283755174,0.126578803,-0.13416060459225,0.4617900049325
"model_fits/finalized_redone_trunc_cp/t2_a6_customer_t_day/breakfast_t2","model_fits/finalized_redone_trunc_cp/t2_a5_customer_day/total","t2_a6_customer_t_day","breakfast_t2",NA,"restaurant","V3Q26BHF3SE2H","gender_male","exposure_V3Q26BHF3SE2H_1_gendermale","primary",0.0229480102313463,0.0186515285,-0.24207389525,0.2910532837925
"model_fits/finalized_redone_trunc_cp/t2_a6_customer_t_day/breakfast_t2","model_fits/finalized_redone_trunc_cp/t2_a5_customer_day/total","t2_a6_customer_t_day","breakfast_t2",NA,"restaurant","V3Q26BHF3SE2H","gender_female","exposure_V3Q26BHF3SE2H_1_genderfemale","primary",0.200357693093717,0.18784544685,-0.079704033875,0.555623590175
"model_fits/finalized_redone_trunc_cp/t2_a6_customer_t_day/breakfast_t2","model_fits/finalized_redone_trunc_cp/t2_a5_customer_day/total","t2_a6_customer_t_day","breakfast_t2",NA,"restaurant","V3Q26BHF3SE2H","gender_male","exposure_V3Q26BHF3SE2H_2_gendermale","primary",-0.0406800720814019,-0.03929718,-0.277667483825,0.19162419665
"model_fits/finalized_redone_trunc_cp/t2_a6_customer_t_day/breakfast_t2","model_fits/finalized_redone_trunc_cp/t2_a5_customer_day/total","t2_a6_customer_t_day","breakfast_t2",NA,"restaurant","V3Q26BHF3SE2H","gender_female","exposure_V3Q26BHF3SE2H_2_genderfemale","primary",-0.0558005653196819,-0.0425945295,-0.3574992945,0.191437495495
"model_fits/finalized_redone_trunc_cp/t2_a6_customer_t_day/breakfast_t2","model_fits/finalized_redone_trunc_cp/t2_a5_customer_day/total","t2_a6_customer_t_day","breakfast_t2",NA,"restaurant","V3Q26BHF3SE2H","gender_male","exposure_V3Q26BHF3SE2H_3_gendermale","primary",-0.0150199040846474,-0.015391159,-0.185932012875,0.1587229457325
"model_fits/finalized_redone_trunc_cp/t2_a6_customer_t_day/breakfast_t2","model_fits/finalized_redone_trunc_cp/t2_a5_customer_day/total","t2_a6_customer_t_day","breakfast_t2",NA,"restaurant","V3Q26BHF3SE2H","gender_female","exposure_V3Q26BHF3SE2H_3_genderfemale","primary",-0.145279077788637,-0.14276435,-0.32489860405,0.027055208925
"model_fits/finalized_redone_trunc_cp/t2_a6_customer_t_day/breakfast_t2","model_fits/finalized_redone_trunc_cp/t2_a5_customer_day/total","t2_a6_customer_t_day","breakfast_t2",NA,"restaurant","V3Q26BHF3SE2H","gender_male","exposure_V3Q26BHF3SE2H_4_gendermale","primary",-0.0250094514839206,-0.0235135965,-0.230076617655,0.166302078541
"model_fits/finalized_redone_trunc_cp/t2_a6_customer_t_day/breakfast_t2","model_fits/finalized_redone_trunc_cp/t2_a5_customer_day/total","t2_a6_customer_t_day","breakfast_t2",NA,"restaurant","V3Q26BHF3SE2H","gender_female","exposure_V3Q26BHF3SE2H_4_genderfemale","primary",-0.145419715928391,-0.1414292425,-0.3723420630425,0.058553581575
"model_fits/finalized_redone_trunc_cp/t2_a6_customer_t_day/breakfast_t2","model_fits/finalized_redone_trunc_cp/t2_a5_customer_day/total","t2_a6_customer_t_day","breakfast_t2",NA,"restaurant","78AY09MVJVTYE","gender_male","exposure_78AY09MVJVTYE_1_gendermale","primary",0.0319785518571217,0.0328353865,-0.22831268225,0.282666818925
"model_fits/finalized_redone_trunc_cp/t2_a6_customer_t_day/breakfast_t2","model_fits/finalized_redone_trunc_cp/t2_a5_customer_day/total","t2_a6_customer_t_day","breakfast_t2",NA,"restaurant","78AY09MVJVTYE","gender_female","exposure_78AY09MVJVTYE_1_genderfemale","primary",-0.102564557984514,-0.108082284,-0.4456828135,0.2400509185
"model_fits/finalized_redone_trunc_cp/t2_a6_customer_t_day/breakfast_t2","model_fits/finalized_redone_trunc_cp/t2_a5_customer_day/total","t2_a6_customer_t_day","breakfast_t2",1,"pooled",NA,"level",NA,"matched_baseline",-0.0182154280052338,-0.0172233943538462,-0.0825274254615385,0.0430324565711539
"model_fits/finalized_redone_trunc_cp/t2_a6_customer_t_day/breakfast_t2","model_fits/finalized_redone_trunc_cp/t2_a5_customer_day/total","t2_a6_customer_t_day","breakfast_t2",2,"pooled",NA,"slope",NA,"matched_baseline",0.0515426121988302,0.0502583390769231,-0.06539993875,0.172485038115385
"model_fits/finalized_redone_trunc_cp/t2_a6_customer_t_day/breakfast_t2","model_fits/finalized_redone_trunc_cp/t2_a5_customer_day/total","t2_a6_customer_t_day","breakfast_t2",3,"pooled",NA,"gender_male",NA,"matched_baseline",-0.0163118917775608,-0.0125653808846154,-0.105552719769231,0.0548512483384616
"model_fits/finalized_redone_trunc_cp/t2_a6_customer_t_day/breakfast_t2","model_fits/finalized_redone_trunc_cp/t2_a5_customer_day/total","t2_a6_customer_t_day","breakfast_t2",4,"pooled",NA,"gender_female",NA,"matched_baseline",0.00544711317224906,0.00155922132230769,-0.159740202826923,0.18123023125
"model_fits/finalized_redone_trunc_cp/t2_a6_customer_t_day/chicken_t2","model_fits/finalized_redone_trunc_cp/t2_a5_customer_day/total","t2_a6_customer_t_day","chicken_t2",NA,"restaurant","V3Q26BHF3SE2H","level","exposure_V3Q26BHF3SE2H_1","primary",-0.0430533763036267,-0.0453209,-0.168084065,0.0976369625000002
"model_fits/finalized_redone_trunc_cp/t2_a6_customer_t_day/chicken_t2","model_fits/finalized_redone_trunc_cp/t2_a5_customer_day/total","t2_a6_customer_t_day","chicken_t2",NA,"restaurant","V3Q26BHF3SE2H","level","exposure_V3Q26BHF3SE2H_2","primary",0.131982814376073,0.134588295,0.00360662000000003,0.2428437515
"model_fits/finalized_redone_trunc_cp/t2_a6_customer_t_day/chicken_t2","model_fits/finalized_redone_trunc_cp/t2_a5_customer_day/total","t2_a6_customer_t_day","chicken_t2",NA,"restaurant","V3Q26BHF3SE2H","level","exposure_V3Q26BHF3SE2H_3","primary",-0.0614232493434333,-0.0580227,-0.1776728625,0.0339612675
"model_fits/finalized_redone_trunc_cp/t2_a6_customer_t_day/chicken_t2","model_fits/finalized_redone_trunc_cp/t2_a5_customer_day/total","t2_a6_customer_t_day","chicken_t2",NA,"restaurant","V3Q26BHF3SE2H","level","exposure_V3Q26BHF3SE2H_4","primary",-0.0435965642010267,-0.047225115,-0.14767569,0.0840049225000001
"model_fits/finalized_redone_trunc_cp/t2_a6_customer_t_day/chicken_t2","model_fits/finalized_redone_trunc_cp/t2_a5_customer_day/total","t2_a6_customer_t_day","chicken_t2",NA,"restaurant","V3Q26BHF3SE2H","slope","exposure_V3Q26BHF3SE2H_1_slope","primary",0.0573863367975867,0.038471545,-0.3717224725,0.613669475
"model_fits/finalized_redone_trunc_cp/t2_a6_customer_t_day/chicken_t2","model_fits/finalized_redone_trunc_cp/t2_a5_customer_day/total","t2_a6_customer_t_day","chicken_t2",NA,"restaurant","V3Q26BHF3SE2H","slope","exposure_V3Q26BHF3SE2H_2_slope","primary",-0.143793333599433,-0.105759895,-0.673122045,0.2214265725
"model_fits/finalized_redone_trunc_cp/t2_a6_customer_t_day/chicken_t2","model_fits/finalized_redone_trunc_cp/t2_a5_customer_day/total","t2_a6_customer_t_day","chicken_t2",NA,"restaurant","V3Q26BHF3SE2H","slope","exposure_V3Q26BHF3SE2H_3_slope","primary",-0.222904809265533,-0.22829205,-0.509721145,0.1236641275
"model_fits/finalized_redone_trunc_cp/t2_a6_customer_t_day/chicken_t2","model_fits/finalized_redone_trunc_cp/t2_a5_customer_day/total","t2_a6_customer_t_day","chicken_t2",NA,"restaurant","V3Q26BHF3SE2H","slope","exposure_V3Q26BHF3SE2H_4_slope","primary",0.3049668942382,0.291713765,-0.05442833,0.705627665
"model_fits/finalized_redone_trunc_cp/t2_a6_customer_t_day/chicken_t2","model_fits/finalized_redone_trunc_cp/t2_a5_customer_day/total","t2_a6_customer_t_day","chicken_t2",NA,"restaurant","V3Q26BHF3SE2H","gender_male","exposure_V3Q26BHF3SE2H_1_gendermale","primary",0.0448609527098,0.0441863,-0.2277149525,0.322713210175
"model_fits/finalized_redone_trunc_cp/t2_a6_customer_t_day/chicken_t2","model_fits/finalized_redone_trunc_cp/t2_a5_customer_day/total","t2_a6_customer_t_day","chicken_t2",NA,"restaurant","V3Q26BHF3SE2H","gender_female","exposure_V3Q26BHF3SE2H_1_genderfemale","primary",0.162952456331733,0.14908685,-0.1287320875,0.52526264575
"model_fits/finalized_redone_trunc_cp/t2_a6_customer_t_day/chicken_t2","model_fits/finalized_redone_trunc_cp/t2_a5_customer_day/total","t2_a6_customer_t_day","chicken_t2",NA,"restaurant","V3Q26BHF3SE2H","gender_male","exposure_V3Q26BHF3SE2H_2_gendermale","primary",-0.0723977889916,-0.07211025,-0.31804034,0.1691119775
"model_fits/finalized_redone_trunc_cp/t2_a6_customer_t_day/chicken_t2","model_fits/finalized_redone_trunc_cp/t2_a5_customer_day/total","t2_a6_customer_t_day","chicken_t2",NA,"restaurant","V3Q26BHF3SE2H","gender_female","exposure_V3Q26BHF3SE2H_2_genderfemale","primary",-0.0171325481876267,-0.004327414,-0.325465978,0.22827658
"model_fits/finalized_redone_trunc_cp/t2_a6_customer_t_day/chicken_t2","model_fits/finalized_redone_trunc_cp/t2_a5_customer_day/total","t2_a6_customer_t_day","chicken_t2",NA,"restaurant","V3Q26BHF3SE2H","gender_male","exposure_V3Q26BHF3SE2H_3_gendermale","primary",0.00338602795456667,0.004010616,-0.1673315425,0.1723636735
"model_fits/finalized_redone_trunc_cp/t2_a6_customer_t_day/chicken_t2","model_fits/finalized_redone_trunc_cp/t2_a5_customer_day/total","t2_a6_customer_t_day","chicken_t2",NA,"restaurant","V3Q26BHF3SE2H","gender_female","exposure_V3Q26BHF3SE2H_3_genderfemale","primary",-0.07587391161016,-0.0733581435,-0.253482793,0.0915641000000003
"model_fits/finalized_redone_trunc_cp/t2_a6_customer_t_day/chicken_t2","model_fits/finalized_redone_trunc_cp/t2_a5_customer_day/total","t2_a6_customer_t_day","chicken_t2",NA,"restaurant","V3Q26BHF3SE2H","gender_male","exposure_V3Q26BHF3SE2H_4_gendermale","primary",0.0324549386123833,0.0347189,-0.170205935,0.223912805
"model_fits/finalized_redone_trunc_cp/t2_a6_customer_t_day/chicken_t2","model_fits/finalized_redone_trunc_cp/t2_a5_customer_day/total","t2_a6_customer_t_day","chicken_t2",NA,"restaurant","V3Q26BHF3SE2H","gender_female","exposure_V3Q26BHF3SE2H_4_genderfemale","primary",-0.153034769240967,-0.151134845,-0.37598220525,0.05044914125
"model_fits/finalized_redone_trunc_cp/t2_a6_customer_t_day/chicken_t2","model_fits/finalized_redone_trunc_cp/t2_a5_customer_day/total","t2_a6_customer_t_day","chicken_t2",1,"pooled",NA,"level",NA,"matched_baseline",-0.0686422939634358,-0.0327693175,-0.31471980546875,0.05933091025
"model_fits/finalized_redone_trunc_cp/t2_a6_customer_t_day/chicken_t2","model_fits/finalized_redone_trunc_cp/t2_a5_customer_day/total","t2_a6_customer_t_day","chicken_t2",2,"pooled",NA,"slope",NA,"matched_baseline",-0.0734516908054783,-0.0354996075,-0.40438605,0.1525201025
"model_fits/finalized_redone_trunc_cp/t2_a6_customer_t_day/chicken_t2","model_fits/finalized_redone_trunc_cp/t2_a5_customer_day/total","t2_a6_customer_t_day","chicken_t2",3,"pooled",NA,"gender_male",NA,"matched_baseline",0.0132749747254833,0.003773958,-0.048927583625,0.132905720625
"model_fits/finalized_redone_trunc_cp/t2_a6_customer_t_day/chicken_t2","model_fits/finalized_redone_trunc_cp/t2_a5_customer_day/total","t2_a6_customer_t_day","chicken_t2",4,"pooled",NA,"gender_female",NA,"matched_baseline",-0.0059637935372175,-0.0063925625,-0.0645254075,0.050010843125
"model_fits/finalized_redone_trunc_cp/t2_a6_customer_t_day/dairy_t2","model_fits/finalized_redone_trunc_cp/t2_a5_customer_day/total","t2_a6_customer_t_day","dairy_t2",NA,"restaurant","W8T41JZK0ZMEP","level","exposure_W8T41JZK0ZMEP_1","primary",-0.0442964243613995,-0.03657355,-0.29567270725,0.15923860925
"model_fits/finalized_redone_trunc_cp/t2_a6_customer_t_day/dairy_t2","model_fits/finalized_redone_trunc_cp/t2_a5_customer_day/total","t2_a6_customer_t_day","dairy_t2",NA,"restaurant","W8T41JZK0ZMEP","level","exposure_W8T41JZK0ZMEP_2","primary",-0.0228059244951082,-0.0206063635,-0.2266614351,0.175549884
"model_fits/finalized_redone_trunc_cp/t2_a6_customer_t_day/dairy_t2","model_fits/finalized_redone_trunc_cp/t2_a5_customer_day/total","t2_a6_customer_t_day","dairy_t2",NA,"restaurant","W8T41JZK0ZMEP","level","exposure_W8T41JZK0ZMEP_3","primary",0.030538902670094,0.024042779,-0.161767006375,0.2638824315
"model_fits/finalized_redone_trunc_cp/t2_a6_customer_t_day/dairy_t2","model_fits/finalized_redone_trunc_cp/t2_a5_customer_day/total","t2_a6_customer_t_day","dairy_t2",NA,"restaurant","W8T41JZK0ZMEP","level","exposure_W8T41JZK0ZMEP_4","primary",-0.0371787678519934,-0.0319965295,-0.2435623255,0.14766464625
"model_fits/finalized_redone_trunc_cp/t2_a6_customer_t_day/dairy_t2","model_fits/finalized_redone_trunc_cp/t2_a5_customer_day/total","t2_a6_customer_t_day","dairy_t2",NA,"restaurant","W8T41JZK0ZMEP","level","exposure_W8T41JZK0ZMEP_5","primary",0.012122798502011,0.00737163899999999,-0.200868716275,0.2574599685
"model_fits/finalized_redone_trunc_cp/t2_a6_customer_t_day/dairy_t2","model_fits/finalized_redone_trunc_cp/t2_a5_customer_day/total","t2_a6_customer_t_day","dairy_t2",NA,"restaurant","EMBVNVD207CC6","level","exposure_EMBVNVD207CC6_1","primary",0.33948504562154,0.33479026,-0.2228905198,0.94442690075
"model_fits/finalized_redone_trunc_cp/t2_a6_customer_t_day/dairy_t2","model_fits/finalized_redone_trunc_cp/t2_a5_customer_day/total","t2_a6_customer_t_day","dairy_t2",NA,"restaurant","9XKJD8DQTH559","level","exposure_9XKJD8DQTH559_1","primary",-0.155547650072618,-0.159729939,-0.3985043495,0.10764055175
"model_fits/finalized_redone_trunc_cp/t2_a6_customer_t_day/dairy_t2","model_fits/finalized_redone_trunc_cp/t2_a5_customer_day/total","t2_a6_customer_t_day","dairy_t2",NA,"restaurant","9XKJD8DQTH559","level","exposure_9XKJD8DQTH559_2","primary",-0.223346443351071,-0.2173995,-0.5062493905,0.0183867348
"model_fits/finalized_redone_trunc_cp/t2_a6_customer_t_day/dairy_t2","model_fits/finalized_redone_trunc_cp/t2_a5_customer_day/total","t2_a6_customer_t_day","dairy_t2",NA,"restaurant","W8T41JZK0ZMEP","slope","exposure_W8T41JZK0ZMEP_1_slope","primary",-0.0575996478524546,-0.0559784195,-0.847056215,0.7325502835
"model_fits/finalized_redone_trunc_cp/t2_a6_customer_t_day/dairy_t2","model_fits/finalized_redone_trunc_cp/t2_a5_customer_day/total","t2_a6_customer_t_day","dairy_t2",NA,"restaurant","W8T41JZK0ZMEP","slope","exposure_W8T41JZK0ZMEP_2_slope","primary",-0.0356279080215433,-0.04878009,-0.7034554215,0.7125917675
"model_fits/finalized_redone_trunc_cp/t2_a6_customer_t_day/dairy_t2","model_fits/finalized_redone_trunc_cp/t2_a5_customer_day/total","t2_a6_customer_t_day","dairy_t2",NA,"restaurant","W8T41JZK0ZMEP","slope","exposure_W8T41JZK0ZMEP_3_slope","primary",-0.0185055470172823,-0.031938516,-0.7438705372,0.745317854750001
"model_fits/finalized_redone_trunc_cp/t2_a6_customer_t_day/dairy_t2","model_fits/finalized_redone_trunc_cp/t2_a5_customer_day/total","t2_a6_customer_t_day","dairy_t2",NA,"restaurant","W8T41JZK0ZMEP","slope","exposure_W8T41JZK0ZMEP_4_slope","primary",-0.048729289555738,-0.0520737115,-0.80469998475,0.71186616125
"model_fits/finalized_redone_trunc_cp/t2_a6_customer_t_day/dairy_t2","model_fits/finalized_redone_trunc_cp/t2_a5_customer_day/total","t2_a6_customer_t_day","dairy_t2",NA,"restaurant","W8T41JZK0ZMEP","slope","exposure_W8T41JZK0ZMEP_5_slope","primary",-0.123820648066793,-0.0836825795,-0.9729520575,0.54656558875
"model_fits/finalized_redone_trunc_cp/t2_a6_customer_t_day/dairy_t2","model_fits/finalized_redone_trunc_cp/t2_a5_customer_day/total","t2_a6_customer_t_day","dairy_t2",NA,"restaurant","EMBVNVD207CC6","slope","exposure_EMBVNVD207CC6_1_slope","primary",-0.372240795708036,-0.358519501,-0.82652971925,0.01212676585
"model_fits/finalized_redone_trunc_cp/t2_a6_customer_t_day/dairy_t2","model_fits/finalized_redone_trunc_cp/t2_a5_customer_day/total","t2_a6_customer_t_day","dairy_t2",NA,"restaurant","9XKJD8DQTH559","slope","exposure_9XKJD8DQTH559_1_slope","primary",-0.0533107947552557,-0.1054308545,-0.59055439775,0.784855163250001
"model_fits/finalized_redone_trunc_cp/t2_a6_customer_t_day/dairy_t2","model_fits/finalized_redone_trunc_cp/t2_a5_customer_day/total","t2_a6_customer_t_day","dairy_t2",NA,"restaurant","9XKJD8DQTH559","slope","exposure_9XKJD8DQTH559_2_slope","primary",-0.3847253366063,-0.320865415,-1.2761024825,0.13902294875
"model_fits/finalized_redone_trunc_cp/t2_a6_customer_t_day/dairy_t2","model_fits/finalized_redone_trunc_cp/t2_a5_customer_day/total","t2_a6_customer_t_day","dairy_t2",NA,"restaurant","W8T41JZK0ZMEP","gender_male","exposure_W8T41JZK0ZMEP_1_gendermale","primary",-0.106582585130929,-0.099894145,-0.72722717725,0.47223054835
"model_fits/finalized_redone_trunc_cp/t2_a6_customer_t_day/dairy_t2","model_fits/finalized_redone_trunc_cp/t2_a5_customer_day/total","t2_a6_customer_t_day","dairy_t2",NA,"restaurant","W8T41JZK0ZMEP","gender_female","exposure_W8T41JZK0ZMEP_1_genderfemale","primary",-0.00664309327387933,-0.0051478715,-0.32791436925,0.315233791
"model_fits/finalized_redone_trunc_cp/t2_a6_customer_t_day/dairy_t2","model_fits/finalized_redone_trunc_cp/t2_a5_customer_day/total","t2_a6_customer_t_day","dairy_t2",NA,"restaurant","W8T41JZK0ZMEP","gender_male","exposure_W8T41JZK0ZMEP_2_gendermale","primary",0.106486345233018,0.10943849,-0.20529735875,0.43997317875
"model_fits/finalized_redone_trunc_cp/t2_a6_customer_t_day/dairy_t2","model_fits/finalized_redone_trunc_cp/t2_a5_customer_day/total","t2_a6_customer_t_day","dairy_t2",NA,"restaurant","W8T41JZK0ZMEP","gender_female","exposure_W8T41JZK0ZMEP_2_genderfemale","primary",-0.127315182524624,-0.118388628,-0.39746640025,0.10857244175
"model_fits/finalized_redone_trunc_cp/t2_a6_customer_t_day/dairy_t2","model_fits/finalized_redone_trunc_cp/t2_a5_customer_day/total","t2_a6_customer_t_day","dairy_t2",NA,"restaurant","W8T41JZK0ZMEP","gender_male","exposure_W8T41JZK0ZMEP_3_gendermale","primary",-0.136904876373643,-0.129828623,-0.5162014555,0.22204027175
"model_fits/finalized_redone_trunc_cp/t2_a6_customer_t_day/dairy_t2","model_fits/finalized_redone_trunc_cp/t2_a5_customer_day/total","t2_a6_customer_t_day","dairy_t2",NA,"restaurant","W8T41JZK0ZMEP","gender_female","exposure_W8T41JZK0ZMEP_3_genderfemale","primary",-0.0810124492602307,-0.08289834,-0.37717722135,0.216945846
"model_fits/finalized_redone_trunc_cp/t2_a6_customer_t_day/dairy_t2","model_fits/finalized_redone_trunc_cp/t2_a5_customer_day/total","t2_a6_customer_t_day","dairy_t2",NA,"restaurant","W8T41JZK0ZMEP","gender_male","exposure_W8T41JZK0ZMEP_4_gendermale","primary",0.01380243497921,0.01278610925,-0.345227109,0.38758488085
"model_fits/finalized_redone_trunc_cp/t2_a6_customer_t_day/dairy_t2","model_fits/finalized_redone_trunc_cp/t2_a5_customer_day/total","t2_a6_customer_t_day","dairy_t2",NA,"restaurant","W8T41JZK0ZMEP","gender_female","exposure_W8T41JZK0ZMEP_4_genderfemale","primary",0.00435104251572627,0.000516411999999997,-0.2949272535,0.31429353435
"model_fits/finalized_redone_trunc_cp/t2_a6_customer_t_day/dairy_t2","model_fits/finalized_redone_trunc_cp/t2_a5_customer_day/total","t2_a6_customer_t_day","dairy_t2",NA,"restaurant","W8T41JZK0ZMEP","gender_male","exposure_W8T41JZK0ZMEP_5_gendermale","primary",0.131862133911412,0.13029247,-0.5282640264,0.8223350335
"model_fits/finalized_redone_trunc_cp/t2_a6_customer_t_day/dairy_t2","model_fits/finalized_redone_trunc_cp/t2_a5_customer_day/total","t2_a6_customer_t_day","dairy_t2",NA,"restaurant","W8T41JZK0ZMEP","gender_female","exposure_W8T41JZK0ZMEP_5_genderfemale","primary",0.083546400136656,0.074205262,-0.23167995675,0.437278041125
"model_fits/finalized_redone_trunc_cp/t2_a6_customer_t_day/dairy_t2","model_fits/finalized_redone_trunc_cp/t2_a5_customer_day/total","t2_a6_customer_t_day","dairy_t2",NA,"restaurant","EMBVNVD207CC6","gender_male","exposure_EMBVNVD207CC6_1_gendermale","primary",-0.0347935538162589,-0.038283345,-0.25631746445,0.1852064632
"model_fits/finalized_redone_trunc_cp/t2_a6_customer_t_day/dairy_t2","model_fits/finalized_redone_trunc_cp/t2_a5_customer_day/total","t2_a6_customer_t_day","dairy_t2",NA,"restaurant","EMBVNVD207CC6","gender_female","exposure_EMBVNVD207CC6_1_genderfemale","primary",0.00442423266482567,0.002511519,-0.29708529525,0.3065926786
"model_fits/finalized_redone_trunc_cp/t2_a6_customer_t_day/dairy_t2","model_fits/finalized_redone_trunc_cp/t2_a5_customer_day/total","t2_a6_customer_t_day","dairy_t2",NA,"restaurant","9XKJD8DQTH559","gender_male","exposure_9XKJD8DQTH559_1_gendermale","primary",-0.0545138916613187,-0.05173623,-0.434780512855,0.28890773025
"model_fits/finalized_redone_trunc_cp/t2_a6_customer_t_day/dairy_t2","model_fits/finalized_redone_trunc_cp/t2_a5_customer_day/total","t2_a6_customer_t_day","dairy_t2",NA,"restaurant","9XKJD8DQTH559","gender_female","exposure_9XKJD8DQTH559_1_genderfemale","primary",0.491089673607729,0.4431127751,-0.127714163,1.36332432125
"model_fits/finalized_redone_trunc_cp/t2_a6_customer_t_day/dairy_t2","model_fits/finalized_redone_trunc_cp/t2_a5_customer_day/total","t2_a6_customer_t_day","dairy_t2",NA,"restaurant","9XKJD8DQTH559","gender_male","exposure_9XKJD8DQTH559_2_gendermale","primary",-0.166414858535052,-0.1654088405,-0.51400979886,0.167226105425
"model_fits/finalized_redone_trunc_cp/t2_a6_customer_t_day/dairy_t2","model_fits/finalized_redone_trunc_cp/t2_a5_customer_day/total","t2_a6_customer_t_day","dairy_t2",NA,"restaurant","9XKJD8DQTH559","gender_female","exposure_9XKJD8DQTH559_2_genderfemale","primary",-0.556083827441676,-0.5052405105,-1.34899688415,0.02536339865
"model_fits/finalized_redone_trunc_cp/t2_a6_customer_t_day/dairy_t2","model_fits/finalized_redone_trunc_cp/t2_a5_customer_day/total","t2_a6_customer_t_day","dairy_t2",1,"pooled",NA,"level",NA,"matched_baseline",0.0512656355299496,0.03259970775,-0.6172209160625,0.7792860331875
"model_fits/finalized_redone_trunc_cp/t2_a6_customer_t_day/dairy_t2","model_fits/finalized_redone_trunc_cp/t2_a5_customer_day/total","t2_a6_customer_t_day","dairy_t2",2,"pooled",NA,"slope",NA,"matched_baseline",-0.192075799550382,-0.165676459375,-0.71182788290625,0.2112248281875
"model_fits/finalized_redone_trunc_cp/t2_a6_customer_t_day/dairy_t2","model_fits/finalized_redone_trunc_cp/t2_a5_customer_day/total","t2_a6_customer_t_day","dairy_t2",3,"pooled",NA,"gender_male",NA,"matched_baseline",-0.0330474354789893,-0.02002924375,-0.4794532773125,0.28325247825
"model_fits/finalized_redone_trunc_cp/t2_a6_customer_t_day/dairy_t2","model_fits/finalized_redone_trunc_cp/t2_a5_customer_day/total","t2_a6_customer_t_day","dairy_t2",4,"pooled",NA,"gender_female",NA,"matched_baseline",0.00579038337221617,-0.0072209405,-0.2192483411875,0.3285541135625
"model_fits/finalized_redone_trunc_cp/t2_a6_customer_t_day/textured_t2","model_fits/finalized_redone_trunc_cp/t2_a5_customer_day/total","t2_a6_customer_t_day","textured_t2",NA,"restaurant","SAFK7ND1HR6XS","level","exposure_SAFK7ND1HR6XS_1","primary",-0.06087160143402,-0.0673154,-0.2924573575,0.20163372975
"model_fits/finalized_redone_trunc_cp/t2_a6_customer_t_day/textured_t2","model_fits/finalized_redone_trunc_cp/t2_a5_customer_day/total","t2_a6_customer_t_day","textured_t2",NA,"restaurant","SAFK7ND1HR6XS","slope","exposure_SAFK7ND1HR6XS_1_slope","primary",-0.09880601933498,-0.1496921,-1.38318261,1.31655208
"model_fits/finalized_redone_trunc_cp/t2_a6_customer_t_day/textured_t2","model_fits/finalized_redone_trunc_cp/t2_a5_customer_day/total","t2_a6_customer_t_day","textured_t2",NA,"restaurant","SAFK7ND1HR6XS","gender_male","exposure_SAFK7ND1HR6XS_1_gendermale","primary",0.0713714085724667,0.07240145,-0.108766265,0.2323392075
"model_fits/finalized_redone_trunc_cp/t2_a6_customer_t_day/textured_t2","model_fits/finalized_redone_trunc_cp/t2_a5_customer_day/total","t2_a6_customer_t_day","textured_t2",NA,"restaurant","SAFK7ND1HR6XS","gender_female","exposure_SAFK7ND1HR6XS_1_genderfemale","primary",0.0790366604067,0.07849105,-0.1290660175,0.2857259
"model_fits/finalized_redone_trunc_cp/t2_a6_customer_t_day/textured_t2","model_fits/finalized_redone_trunc_cp/t2_a5_customer_day/total","t2_a6_customer_t_day","textured_t2",1,"pooled",NA,"level",NA,"matched_baseline",-0.06087160143402,-0.0673154,-0.2924573575,0.20163372975
"model_fits/finalized_redone_trunc_cp/t2_a6_customer_t_day/textured_t2","model_fits/finalized_redone_trunc_cp/t2_a5_customer_day/total","t2_a6_customer_t_day","textured_t2",2,"pooled",NA,"slope",NA,"matched_baseline",-0.09880601933498,-0.1496921,-1.38318261,1.31655208
"model_fits/finalized_redone_trunc_cp/t2_a6_customer_t_day/textured_t2","model_fits/finalized_redone_trunc_cp/t2_a5_customer_day/total","t2_a6_customer_t_day","textured_t2",3,"pooled",NA,"gender_male",NA,"matched_baseline",0.0713714085724667,0.07240145,-0.108766265,0.2323392075
"model_fits/finalized_redone_trunc_cp/t2_a6_customer_t_day/textured_t2","model_fits/finalized_redone_trunc_cp/t2_a5_customer_day/total","t2_a6_customer_t_day","textured_t2",4,"pooled",NA,"gender_female",NA,"matched_baseline",0.0790366604067,0.07849105,-0.1290660175,0.2857259
"model_fits/finalized_redone_trunc_cp/t2_a6_customer_t_day/untextured_t2","model_fits/finalized_redone_trunc_cp/t2_a5_customer_day/total","t2_a6_customer_t_day","untextured_t2",NA,"restaurant","SRQS8F7JWA9MZ","level","exposure_SRQS8F7JWA9MZ_1","primary",0.0326201512520333,-0.017674816,-0.3264147985,0.438971633
"model_fits/finalized_redone_trunc_cp/t2_a6_customer_t_day/untextured_t2","model_fits/finalized_redone_trunc_cp/t2_a5_customer_day/total","t2_a6_customer_t_day","untextured_t2",NA,"restaurant","SRQS8F7JWA9MZ","level","exposure_SRQS8F7JWA9MZ_2","primary",0.3574945138034,0.34596134,-0.003701722175,0.72850491725
"model_fits/finalized_redone_trunc_cp/t2_a6_customer_t_day/untextured_t2","model_fits/finalized_redone_trunc_cp/t2_a5_customer_day/total","t2_a6_customer_t_day","untextured_t2",NA,"restaurant","JHDN7CF1C03X5","level","exposure_JHDN7CF1C03X5_1","fallback_t1_total",-0.0933678940788486,-0.0900328835775,-0.173693507670725,-0.0234869358789
"model_fits/finalized_redone_trunc_cp/t2_a6_customer_t_day/untextured_t2","model_fits/finalized_redone_trunc_cp/t2_a5_customer_day/total","t2_a6_customer_t_day","untextured_t2",NA,"restaurant","C0BE4NDSW26QN","level","exposure_C0BE4NDSW26QN_1","primary",-0.0884893573604,-0.09305506,-0.3230451515,0.138794631275
"model_fits/finalized_redone_trunc_cp/t2_a6_customer_t_day/untextured_t2","model_fits/finalized_redone_trunc_cp/t2_a5_customer_day/total","t2_a6_customer_t_day","untextured_t2",NA,"restaurant","C0BE4NDSW26QN","level","exposure_C0BE4NDSW26QN_2","primary",0.174979367346898,0.0826288765,-0.11774394475,0.57075046225
"model_fits/finalized_redone_trunc_cp/t2_a6_customer_t_day/untextured_t2","model_fits/finalized_redone_trunc_cp/t2_a5_customer_day/total","t2_a6_customer_t_day","untextured_t2",NA,"restaurant","S8MT0YGD2KTN9","level","exposure_S8MT0YGD2KTN9_1","primary",-0.0697588598084,-0.04662937485,-0.352557294,0.221708120805
"model_fits/finalized_redone_trunc_cp/t2_a6_customer_t_day/untextured_t2","model_fits/finalized_redone_trunc_cp/t2_a5_customer_day/total","t2_a6_customer_t_day","untextured_t2",NA,"restaurant","1SQPTEGYPH0GA","level","exposure_1SQPTEGYPH0GA_1","primary",-0.0712406019394,0.00320076500000001,-0.476355592,0.16418483675
"model_fits/finalized_redone_trunc_cp/t2_a6_customer_t_day/untextured_t2","model_fits/finalized_redone_trunc_cp/t2_a5_customer_day/total","t2_a6_customer_t_day","untextured_t2",NA,"restaurant","9XKJD8DQTH559","level","exposure_9XKJD8DQTH559_1","primary",-0.0924668136040367,-0.101933485,-0.28398362375,0.10869302022
"model_fits/finalized_redone_trunc_cp/t2_a6_customer_t_day/untextured_t2","model_fits/finalized_redone_trunc_cp/t2_a5_customer_day/total","t2_a6_customer_t_day","untextured_t2",NA,"restaurant","9XKJD8DQTH559","level","exposure_9XKJD8DQTH559_2","primary",0.0354013005428,0.053267995,-0.240194033225,0.246671485
"model_fits/finalized_redone_trunc_cp/t2_a6_customer_t_day/untextured_t2","model_fits/finalized_redone_trunc_cp/t2_a5_customer_day/total","t2_a6_customer_t_day","untextured_t2",NA,"restaurant","LQ5EH4BKGV61T","level","exposure_LQ5EH4BKGV61T_1","primary",-0.249244207549,-0.18578947,-0.57651439275,0.0621498500000001
"model_fits/finalized_redone_trunc_cp/t2_a6_customer_t_day/untextured_t2","model_fits/finalized_redone_trunc_cp/t2_a5_customer_day/total","t2_a6_customer_t_day","untextured_t2",NA,"restaurant","SRQS8F7JWA9MZ","slope","exposure_SRQS8F7JWA9MZ_1_slope","primary",0.102607658224733,0.0329699575,-0.1825348139,0.4634131835
"model_fits/finalized_redone_trunc_cp/t2_a6_customer_t_day/untextured_t2","model_fits/finalized_redone_trunc_cp/t2_a5_customer_day/total","t2_a6_customer_t_day","untextured_t2",NA,"restaurant","SRQS8F7JWA9MZ","slope","exposure_SRQS8F7JWA9MZ_2_slope","primary",-0.0429332060997399,-0.032861742,-0.31236675695,0.19024550661075
"model_fits/finalized_redone_trunc_cp/t2_a6_customer_t_day/untextured_t2","model_fits/finalized_redone_trunc_cp/t2_a5_customer_day/total","t2_a6_customer_t_day","untextured_t2",NA,"restaurant","JHDN7CF1C03X5","slope","exposure_JHDN7CF1C03X5_1_slope","fallback_t1_total",-0.736418681051448,-0.729802172895,-0.92983703993085,-0.5729360653325
"model_fits/finalized_redone_trunc_cp/t2_a6_customer_t_day/untextured_t2","model_fits/finalized_redone_trunc_cp/t2_a5_customer_day/total","t2_a6_customer_t_day","untextured_t2",NA,"restaurant","C0BE4NDSW26QN","slope","exposure_C0BE4NDSW26QN_1_slope","primary",0.0216171234102033,0.016557009,-0.108990891325,0.179541371675
"model_fits/finalized_redone_trunc_cp/t2_a6_customer_t_day/untextured_t2","model_fits/finalized_redone_trunc_cp/t2_a5_customer_day/total","t2_a6_customer_t_day","untextured_t2",NA,"restaurant","C0BE4NDSW26QN","slope","exposure_C0BE4NDSW26QN_2_slope","primary",-0.114442225177267,-0.1045176317,-0.3266982875425,0.0398387761875001
"model_fits/finalized_redone_trunc_cp/t2_a6_customer_t_day/untextured_t2","model_fits/finalized_redone_trunc_cp/t2_a5_customer_day/total","t2_a6_customer_t_day","untextured_t2",NA,"restaurant","S8MT0YGD2KTN9","slope","exposure_S8MT0YGD2KTN9_1_slope","primary",0.135910720530967,0.14046537,-0.030910171375,0.30022397425
"model_fits/finalized_redone_trunc_cp/t2_a6_customer_t_day/untextured_t2","model_fits/finalized_redone_trunc_cp/t2_a5_customer_day/total","t2_a6_customer_t_day","untextured_t2",NA,"restaurant","1SQPTEGYPH0GA","slope","exposure_1SQPTEGYPH0GA_1_slope","primary",-0.201808470387433,-0.190795708,-0.5772988005,0.15299795058
"model_fits/finalized_redone_trunc_cp/t2_a6_customer_t_day/untextured_t2","model_fits/finalized_redone_trunc_cp/t2_a5_customer_day/total","t2_a6_customer_t_day","untextured_t2",NA,"restaurant","9XKJD8DQTH559","slope","exposure_9XKJD8DQTH559_1_slope","primary",-0.0407895157637667,-0.08892065,-0.3548637345,0.3284363815
"model_fits/finalized_redone_trunc_cp/t2_a6_customer_t_day/untextured_t2","model_fits/finalized_redone_trunc_cp/t2_a5_customer_day/total","t2_a6_customer_t_day","untextured_t2",NA,"restaurant","9XKJD8DQTH559","slope","exposure_9XKJD8DQTH559_2_slope","primary",-0.067438297816,-0.0583838925,-0.44942218825,0.29599880775
"model_fits/finalized_redone_trunc_cp/t2_a6_customer_t_day/untextured_t2","model_fits/finalized_redone_trunc_cp/t2_a5_customer_day/total","t2_a6_customer_t_day","untextured_t2",NA,"restaurant","LQ5EH4BKGV61T","slope","exposure_LQ5EH4BKGV61T_1_slope","primary",-0.0150455151867333,-0.14260229,-0.43528431925,0.54959006025
"model_fits/finalized_redone_trunc_cp/t2_a6_customer_t_day/untextured_t2","model_fits/finalized_redone_trunc_cp/t2_a5_customer_day/total","t2_a6_customer_t_day","untextured_t2",NA,"restaurant","SRQS8F7JWA9MZ","gender_male","exposure_SRQS8F7JWA9MZ_1_gendermale","primary",-0.186303846371967,-0.1267559185,-0.59196556575,0.14306540775
"model_fits/finalized_redone_trunc_cp/t2_a6_customer_t_day/untextured_t2","model_fits/finalized_redone_trunc_cp/t2_a5_customer_day/total","t2_a6_customer_t_day","untextured_t2",NA,"restaurant","SRQS8F7JWA9MZ","gender_female","exposure_SRQS8F7JWA9MZ_1_genderfemale","primary",0.032018416603,0.061664234,-0.3000893775,0.3499483395
"model_fits/finalized_redone_trunc_cp/t2_a6_customer_t_day/untextured_t2","model_fits/finalized_redone_trunc_cp/t2_a5_customer_day/total","t2_a6_customer_t_day","untextured_t2",NA,"restaurant","SRQS8F7JWA9MZ","gender_male","exposure_SRQS8F7JWA9MZ_2_gendermale","primary",0.1609457991349,0.12903720095,-0.2133037135,0.574549926
"model_fits/finalized_redone_trunc_cp/t2_a6_customer_t_day/untextured_t2","model_fits/finalized_redone_trunc_cp/t2_a5_customer_day/total","t2_a6_customer_t_day","untextured_t2",NA,"restaurant","SRQS8F7JWA9MZ","gender_female","exposure_SRQS8F7JWA9MZ_2_genderfemale","primary",-0.00847340465001667,-0.0469381895,-0.32827977175,0.341843451
"model_fits/finalized_redone_trunc_cp/t2_a6_customer_t_day/untextured_t2","model_fits/finalized_redone_trunc_cp/t2_a5_customer_day/total","t2_a6_customer_t_day","untextured_t2",NA,"restaurant","C0BE4NDSW26QN","gender_male","exposure_C0BE4NDSW26QN_1_gendermale","primary",-0.160546780293333,-0.159570867,-0.5173437964,0.179226906
"model_fits/finalized_redone_trunc_cp/t2_a6_customer_t_day/untextured_t2","model_fits/finalized_redone_trunc_cp/t2_a5_customer_day/total","t2_a6_customer_t_day","untextured_t2",NA,"restaurant","C0BE4NDSW26QN","gender_female","exposure_C0BE4NDSW26QN_1_genderfemale","primary",-0.0432772933855,-0.0368728825,-0.6742362922,0.5315896225
"model_fits/finalized_redone_trunc_cp/t2_a6_customer_t_day/untextured_t2","model_fits/finalized_redone_trunc_cp/t2_a5_customer_day/total","t2_a6_customer_t_day","untextured_t2",NA,"restaurant","C0BE4NDSW26QN","gender_male","exposure_C0BE4NDSW26QN_2_gendermale","primary",0.069847027086,0.066821467,-0.27099981455,0.41254228875
"model_fits/finalized_redone_trunc_cp/t2_a6_customer_t_day/untextured_t2","model_fits/finalized_redone_trunc_cp/t2_a5_customer_day/total","t2_a6_customer_t_day","untextured_t2",NA,"restaurant","C0BE4NDSW26QN","gender_female","exposure_C0BE4NDSW26QN_2_genderfemale","primary",-0.166163694099567,-0.17349436,-0.71400773925,0.4325913751
"model_fits/finalized_redone_trunc_cp/t2_a6_customer_t_day/untextured_t2","model_fits/finalized_redone_trunc_cp/t2_a5_customer_day/total","t2_a6_customer_t_day","untextured_t2",NA,"restaurant","S8MT0YGD2KTN9","gender_male","exposure_S8MT0YGD2KTN9_1_gendermale","primary",-0.292842267792067,-0.21764466,-0.6950184315,0.04447635
"model_fits/finalized_redone_trunc_cp/t2_a6_customer_t_day/untextured_t2","model_fits/finalized_redone_trunc_cp/t2_a5_customer_day/total","t2_a6_customer_t_day","untextured_t2",NA,"restaurant","S8MT0YGD2KTN9","gender_female","exposure_S8MT0YGD2KTN9_1_genderfemale","primary",0.1726929105078,0.091338398,-0.174348109025,0.63314265125
"model_fits/finalized_redone_trunc_cp/t2_a6_customer_t_day/untextured_t2","model_fits/finalized_redone_trunc_cp/t2_a5_customer_day/total","t2_a6_customer_t_day","untextured_t2",NA,"restaurant","1SQPTEGYPH0GA","gender_male","exposure_1SQPTEGYPH0GA_1_gendermale","primary",-0.1045314993463,-0.204361595,-0.50660683825,0.40307233225
"model_fits/finalized_redone_trunc_cp/t2_a6_customer_t_day/untextured_t2","model_fits/finalized_redone_trunc_cp/t2_a5_customer_day/total","t2_a6_customer_t_day","untextured_t2",NA,"restaurant","1SQPTEGYPH0GA","gender_female","exposure_1SQPTEGYPH0GA_1_genderfemale","primary",0.419829936119667,0.4412607375,-0.02239913225,0.79569035135
"model_fits/finalized_redone_trunc_cp/t2_a6_customer_t_day/untextured_t2","model_fits/finalized_redone_trunc_cp/t2_a5_customer_day/total","t2_a6_customer_t_day","untextured_t2",NA,"restaurant","9XKJD8DQTH559","gender_male","exposure_9XKJD8DQTH559_1_gendermale","primary",-0.133520487408333,-0.12494395,-0.482893939575,0.187452177825
"model_fits/finalized_redone_trunc_cp/t2_a6_customer_t_day/untextured_t2","model_fits/finalized_redone_trunc_cp/t2_a5_customer_day/total","t2_a6_customer_t_day","untextured_t2",NA,"restaurant","9XKJD8DQTH559","gender_female","exposure_9XKJD8DQTH559_1_genderfemale","primary",0.457922484845667,0.41621649,-0.2177094937,1.36503337235
"model_fits/finalized_redone_trunc_cp/t2_a6_customer_t_day/untextured_t2","model_fits/finalized_redone_trunc_cp/t2_a5_customer_day/total","t2_a6_customer_t_day","untextured_t2",NA,"restaurant","9XKJD8DQTH559","gender_male","exposure_9XKJD8DQTH559_2_gendermale","primary",-0.20818820332656,-0.20318199653,-0.529371879573,0.0964208894762501
"model_fits/finalized_redone_trunc_cp/t2_a6_customer_t_day/untextured_t2","model_fits/finalized_redone_trunc_cp/t2_a5_customer_day/total","t2_a6_customer_t_day","untextured_t2",NA,"restaurant","9XKJD8DQTH559","gender_female","exposure_9XKJD8DQTH559_2_genderfemale","primary",-0.524458138542867,-0.47701863,-1.3842795552,0.12507075425
"model_fits/finalized_redone_trunc_cp/t2_a6_customer_t_day/untextured_t2","model_fits/finalized_redone_trunc_cp/t2_a5_customer_day/total","t2_a6_customer_t_day","untextured_t2",NA,"restaurant","LQ5EH4BKGV61T","gender_male","exposure_LQ5EH4BKGV61T_1_gendermale","primary",-0.1722132534644,-0.305618805,-0.8727398185,0.66348991925
"model_fits/finalized_redone_trunc_cp/t2_a6_customer_t_day/untextured_t2","model_fits/finalized_redone_trunc_cp/t2_a5_customer_day/total","t2_a6_customer_t_day","untextured_t2",NA,"restaurant","LQ5EH4BKGV61T","gender_female","exposure_LQ5EH4BKGV61T_1_genderfemale","primary",-0.3552403506397,-0.117660675,-1.48819741,0.495297970485
"model_fits/finalized_redone_trunc_cp/t2_a6_customer_t_day/untextured_t2","model_fits/finalized_redone_trunc_cp/t2_a5_customer_day/total","t2_a6_customer_t_day","untextured_t2",1,"pooled",NA,"level",NA,"matched_baseline",-0.0605544784109772,-0.0318983722,-0.18858636525,0.0315578301075
"model_fits/finalized_redone_trunc_cp/t2_a6_customer_t_day/untextured_t2","model_fits/finalized_redone_trunc_cp/t2_a5_customer_day/total","t2_a6_customer_t_day","untextured_t2",2,"pooled",NA,"slope",NA,"matched_baseline",-0.13095129178257,-0.13944847,-0.268857159425,0.017150953775
"model_fits/finalized_redone_trunc_cp/t2_a6_customer_t_day/untextured_t2","model_fits/finalized_redone_trunc_cp/t2_a5_customer_day/total","t2_a6_customer_t_day","untextured_t2",3,"pooled",NA,"gender_male",NA,"matched_baseline",-0.247883332562156,-0.347967485,-0.426042803888889,0.0368096471722222
"model_fits/finalized_redone_trunc_cp/t2_a6_customer_t_day/untextured_t2","model_fits/finalized_redone_trunc_cp/t2_a5_customer_day/total","t2_a6_customer_t_day","untextured_t2",4,"pooled",NA,"gender_female",NA,"matched_baseline",-0.0212064586737759,-0.0197789681111111,-0.129253944805556,0.0819364612472223
