"fit_dir","variable","model_col","type_fine","restaurant","transform","mean","median","sd","q2.5","q97.5","mean_t","q2.5_t","q97.5_t","rhat","ess_bulk","ess_tail"
"model_fits/finalized_redone_trunc/proportion/chicken_fish/mpbamod_dishes_count","beta[41,1]","exposure_2HRX9P6HKXA8V_1","level","2HRX9P6HKXA8V","exp",0.00333439803391667,0.007530685,0.0690868874540936,-0.1565105,0.144896875,1.00333996332295,0.855122538869113,1.15592035983423,1.00451461746586,1426.46001234964,2469.13122311103
"model_fits/finalized_redone_trunc/proportion/chicken_fish/mpbamod_dishes_count","beta[42,4]","exposure_ED5J990H5VAZT_1","level","ED5J990H5VAZT","exp",-0.01579234787008,-0.0146839,0.0239824940581028,-0.0658319225,0.0255950075,0.984331697408369,0.936288220050573,1.02592537224518,1.00726044385407,936.407622991739,1917.92586363278
"model_fits/finalized_redone_trunc/proportion/chicken_fish/mpbamod_dishes_count","beta[43,2]","exposure_JHDN7CF1C03X5_1","level","JHDN7CF1C03X5","exp",0.0311181642612667,0.0304558,0.0188129912830563,-0.0033736005,0.0686033325,1.03160739581059,0.996632083696301,1.07101128950733,1.00085203378269,1935.14393876776,3454.00568413358
"model_fits/finalized_redone_trunc/proportion/chicken_fish/mpbamod_dishes_count","beta[44,3]","exposure_L69HYJ4Y3TR91_1","level","L69HYJ4Y3TR91","exp",-0.0261734650169283,-0.0009234895,0.103671189239653,-0.33171895,0.119779,0.974166091214015,0.717689001006026,1.12724770230718,1.00766484040018,773.576495704004,1177.52774847368
"model_fits/finalized_redone_trunc/proportion/chicken_fish/mpbamod_dishes_count","beta[45,5]","exposure_W8T41JZK0ZMEP_1","level","W8T41JZK0ZMEP","exp",0.012406125870665,0.01245085,0.0133497240472133,-0.01385559,0.03822998,1.01248340108157,0.986239956891885,1.0389701477592,1.00057782700639,4115.00124347679,4916.00105104612
"model_fits/finalized_redone_trunc/proportion/chicken_fish/mpbamod_dishes_count","mu_gamma[1]","mu_gamma[1]","pooled_mu_gamma",NA,"exp",0.00577864642968167,0.008595685,0.0445962902240399,-0.0991209725,0.0956085474999997,1.0057953750143,0.905633144691011,1.10032825343292,1.00768572338554,441.691499744107,627.450274760864
"model_fits/finalized_redone_trunc/proportion/chicken_fish/mpbamod_dishes_count","mu_gamma[2]","mu_gamma[2]","pooled_mu_gamma",NA,"exp",-0.0117897202929,-0.00486935,0.988727561439166,-1.968019,1.92770875,0.988279506138894,0.13973339406752,6.87374272180317,1.00167907414423,1377.66764084173,2258.80539910095
"model_fits/finalized_redone_trunc/proportion/chicken_fish/mpbamod_dishes_prop","beta[41,1]","exposure_2HRX9P6HKXA8V_1","level","2HRX9P6HKXA8V","exp_p10",0.072854334724,0.1094425,1.69860477215584,-3.49112725,3.249892,1.00731203680921,0.705313619310865,1.38401569853049,1.0021081610892,1650.81920553532,3104.47158484059
"model_fits/finalized_redone_trunc/proportion/chicken_fish/mpbamod_dishes_prop","beta[42,4]","exposure_ED5J990H5VAZT_1","level","ED5J990H5VAZT","exp_p10",-1.12432696524,-1.118085,0.514465142904401,-2.1332615,-0.121255925,0.893657491340056,0.807892600070991,0.987947626257669,1.00041249677008,2949.16146380638,3834.6994382575
"model_fits/finalized_redone_trunc/proportion/chicken_fish/mpbamod_dishes_prop","beta[43,2]","exposure_JHDN7CF1C03X5_1","level","JHDN7CF1C03X5","exp_p10",2.97481797133333,2.986005,0.790028822176114,1.41230475,4.498212,1.34646386562748,1.15169005316394,1.56803179633894,1.00019841734816,4122.28413250766,3803.84513221996
"model_fits/finalized_redone_trunc/proportion/chicken_fish/mpbamod_dishes_prop","beta[44,3]","exposure_L69HYJ4Y3TR91_1","level","L69HYJ4Y3TR91","exp_p10",-0.517422481156417,-0.260751,2.23920061545714,-5.7340515,3.20966,0.949573589684726,0.563603014680573,1.37845871250077,1.0001520880962,1416.89804765023,1922.11540411261
"model_fits/finalized_redone_trunc/proportion/chicken_fish/mpbamod_dishes_prop","beta[45,5]","exposure_W8T41JZK0ZMEP_1","level","W8T41JZK0ZMEP","exp_p10",0.69071768185965,0.689237,0.692424690578464,-0.679057,2.04076025,1.07151310694083,0.934348578493953,1.2263913863173,0.999942907560298,3626.14848022955,4512.02285182858
"model_fits/finalized_redone_trunc/proportion/chicken_fish/mpbamod_dishes_prop","mu_gamma[1]","mu_gamma[1]","pooled_mu_gamma",NA,"exp_p10",0.30799159983397,0.33972,0.744054641649928,-1.2633875,1.70427625,1.03127836112277,0.881316250331698,1.18581182569714,1.00078508186701,803.132187485461,1762.61085150922
"model_fits/finalized_redone_trunc/proportion/chicken_fish/mpbamod_dishes_prop","mu_gamma[2]","mu_gamma[2]","pooled_mu_gamma",NA,"exp_p10",-0.0321283079079833,-0.0389254,0.988327563260781,-1.93766475,1.9537,0.996792324827193,0.823850271441069,1.21576073475303,1.00165609770194,1855.28876411901,2749.5776020692
"model_fits/finalized_redone_trunc/proportion/chicken_fish/vegan_dishes_count","beta[41,1]","exposure_2HRX9P6HKXA8V_1","level","2HRX9P6HKXA8V","exp",-0.0516264913286833,-0.05152745,0.0814689274995768,-0.209205325,0.1037569,0.949683515634663,0.811228653019027,1.1093307438297,1.00163656189111,1994.90534305777,2620.1058383273
"model_fits/finalized_redone_trunc/proportion/chicken_fish/vegan_dishes_count","beta[42,4]","exposure_ED5J990H5VAZT_1","level","ED5J990H5VAZT","exp",0.417295918633333,0.4162825,0.118172213357515,0.19324655,0.655887675,1.51785160705731,1.21318186663859,1.92685217695925,1.00379887083133,1041.32245279649,2015.5245281807
"model_fits/finalized_redone_trunc/proportion/chicken_fish/vegan_dishes_count","beta[43,2]","exposure_JHDN7CF1C03X5_1","level","JHDN7CF1C03X5","exp",-0.0524656468166667,-0.05241635,0.0105843707364408,-0.073381995,-0.032316625,0.948886917782147,0.929245794971852,0.968199977224589,1.00093093893411,3646.20344691817,4883.74597873672
"model_fits/finalized_redone_trunc/proportion/chicken_fish/vegan_dishes_count","beta[44,3]","exposure_L69HYJ4Y3TR91_1","level","L69HYJ4Y3TR91","exp",0.1721951619013,0.1718795,0.0923029863244624,-0.00667233675,0.359903975,1.18790964529768,0.993349873862502,1.43319178571132,1.00115324654931,1590.69446606305,2906.94696851894
"model_fits/finalized_redone_trunc/proportion/chicken_fish/vegan_dishes_count","beta[45,5]","exposure_W8T41JZK0ZMEP_1","level","W8T41JZK0ZMEP","exp",0.0144822267332267,0.0143313,0.0101893321780391,-0.00531835775,0.035050645,1.01458760225503,0.994695759676316,1.03567215908794,1.00202450324549,2276.28727819418,4956.18148976397
"model_fits/finalized_redone_trunc/proportion/chicken_fish/vegan_dishes_count","mu_gamma[1]","mu_gamma[1]","pooled_mu_gamma",NA,"exp",0.108706688404667,0.1019945,0.137895743122556,-0.16398505,0.40814685,1.11483530825838,0.848754710668282,1.50402801146727,1.00287070629228,280.308288161108,631.141217833375
"model_fits/finalized_redone_trunc/proportion/chicken_fish/vegan_dishes_count","mu_gamma[2]","mu_gamma[2]","pooled_mu_gamma",NA,"exp",-0.0866249551656667,-0.0573947,1.00522141765966,-2.07507725,1.920693,0.917020955119953,0.125546728633797,6.82568703176762,1.00114979934542,929.106489975337,1614.50420537105
"model_fits/finalized_redone_trunc/proportion/chicken_fish/vegan_dishes_prop","beta[41,1]","exposure_2HRX9P6HKXA8V_1","level","2HRX9P6HKXA8V","exp_p10",-1.154242714544,-1.12932,1.24666723659958,-3.71510075,1.27903,0.890988042910955,0.689692057146648,1.13644276240254,1.00027447723068,1654.64698931678,2861.31289831375
"model_fits/finalized_redone_trunc/proportion/chicken_fish/vegan_dishes_prop","beta[42,4]","exposure_ED5J990H5VAZT_1","level","ED5J990H5VAZT","exp_p10",0.7668260714415,0.6664175,1.72115189985733,-2.2697915,4.489874,1.07969933314854,0.796937398261671,1.56672491634114,1.00101655804435,1116.63709053708,2270.37238748228
"model_fits/finalized_redone_trunc/proportion/chicken_fish/vegan_dishes_prop","beta[43,2]","exposure_JHDN7CF1C03X5_1","level","JHDN7CF1C03X5","exp_p10",-2.88811451083333,-2.8936,0.60584614632128,-4.10402475,-1.72636,0.749153444157357,0.663383201245752,0.841443844666873,1.00138226097201,3465.15862548707,3450.89591848682
"model_fits/finalized_redone_trunc/proportion/chicken_fish/vegan_dishes_prop","beta[44,3]","exposure_L69HYJ4Y3TR91_1","level","L69HYJ4Y3TR91","exp_p10",1.04148547590517,0.8326355,1.98595404327932,-2.38545925,5.461226,1.10976529563264,0.787772508973906,1.72654551485552,1.00197967565379,1119.55808312771,2122.19533447
"model_fits/finalized_redone_trunc/proportion/chicken_fish/vegan_dishes_prop","beta[45,5]","exposure_W8T41JZK0ZMEP_1","level","W8T41JZK0ZMEP","exp_p10",0.611297097536012,0.6094355,0.685359237815479,-0.7031644,1.97381775,1.06303679148528,0.932098819882942,1.21820903369275,1.0006232987943,2816.23433502215,3826.85686527616
"model_fits/finalized_redone_trunc/proportion/chicken_fish/vegan_dishes_prop","mu_gamma[1]","mu_gamma[1]","pooled_mu_gamma",NA,"exp_p10",-0.205232374846167,-0.2174855,0.758139540685737,-1.65760275,1.323639,0.979685930773264,0.847249316688894,1.1415236441484,1.00320238999202,670.4526215419,1039.76395053702
"model_fits/finalized_redone_trunc/proportion/chicken_fish/vegan_dishes_prop","mu_gamma[2]","mu_gamma[2]","pooled_mu_gamma",NA,"exp_p10",-0.023327228012,-0.01110055,1.00072947245515,-1.9803315,1.88904625,0.997669995882244,0.820342658327956,1.20792574107129,1.00152986626679,1505.62400008246,2350.27996970008
"model_fits/finalized_redone_trunc/proportion/chicken_fish/vegetarian_dishes_count","beta[41,1]","exposure_2HRX9P6HKXA8V_1","level","2HRX9P6HKXA8V","exp",0.04110375689515,0.0411599,0.0591745770171298,-0.0830307325,0.15431775,1.04196021049338,0.920322862963118,1.16686159815136,1.00162758212583,1548.86092886983,3012.43805971548
"model_fits/finalized_redone_trunc/proportion/chicken_fish/vegetarian_dishes_count","beta[42,4]","exposure_ED5J990H5VAZT_1","level","ED5J990H5VAZT","exp",0.115939757597667,0.115144,0.0405331312458346,0.03965592,0.199099075,1.12292822220182,1.04045271362548,1.22030286141691,1.00028655243895,1490.18321274636,2553.20348291501
"model_fits/finalized_redone_trunc/proportion/chicken_fish/vegetarian_dishes_count","beta[43,2]","exposure_JHDN7CF1C03X5_1","level","JHDN7CF1C03X5","exp",-0.0283792089383333,-0.02833715,0.00794016914819001,-0.0441451025,-0.012765535,0.972019698346629,0.956815111135151,0.987315598836026,1.00034610536528,5169.17680460139,5276.09429239737
"model_fits/finalized_redone_trunc/proportion/chicken_fish/vegetarian_dishes_count","beta[44,3]","exposure_L69HYJ4Y3TR91_1","level","L69HYJ4Y3TR91","exp",0.183314037529,0.180137,0.0815855884363193,0.0357425475,0.353299825,1.20119156808843,1.03638899120436,1.42375795767527,1.01090814550011,561.568816700417,875.845209361931
"model_fits/finalized_redone_trunc/proportion/chicken_fish/vegetarian_dishes_count","beta[45,5]","exposure_W8T41JZK0ZMEP_1","level","W8T41JZK0ZMEP","exp",0.00990262211428167,0.00982467,0.00725534868521053,-0.00381443625,0.0243773475,1.00995181532315,0.996192829470807,1.02467690421546,1.00030401954159,2273.67929975868,4162.4007877406
"model_fits/finalized_redone_trunc/proportion/chicken_fish/vegetarian_dishes_count","mu_gamma[1]","mu_gamma[1]","pooled_mu_gamma",NA,"exp",0.0692846234446,0.0613568,0.0784919878439525,-0.07562966,0.24916155,1.07174120841578,0.927159507238382,1.28294927678491,1.03072467010167,183.894821905864,252.603711135859
"model_fits/finalized_redone_trunc/proportion/chicken_fish/vegetarian_dishes_count","mu_gamma[2]","mu_gamma[2]","pooled_mu_gamma",NA,"exp",0.0183543901211333,0.0261867,1.01308649209147,-1.96428675,1.9763765,1.01852386723463,0.140255888460863,7.21654639628705,1.00260955551455,988.483848222431,1973.7368992533
"model_fits/finalized_redone_trunc/proportion/chicken_fish/vegetarian_dishes_prop","beta[41,1]","exposure_2HRX9P6HKXA8V_1","level","2HRX9P6HKXA8V","exp_p10",-0.111348177741392,-0.1648735,1.39460868448133,-2.7302975,2.73748725,0.988926944858188,0.761070145455306,1.31488436315657,1.00039417270281,1599.37306046584,3053.38762239657
"model_fits/finalized_redone_trunc/proportion/chicken_fish/vegetarian_dishes_prop","beta[42,4]","exposure_ED5J990H5VAZT_1","level","ED5J990H5VAZT","exp_p10",-5.45863289583333,-5.3436,2.13618958709415,-9.92960925,-1.6913535,0.57934142797517,0.370478107522469,0.844394606841154,1.00323777357085,526.435313794025,824.553597722851
"model_fits/finalized_redone_trunc/proportion/chicken_fish/vegetarian_dishes_prop","beta[43,2]","exposure_JHDN7CF1C03X5_1","level","JHDN7CF1C03X5","exp_p10",-2.4902446635,-2.498025,0.575307885820259,-3.59772575,-1.3694435,0.779560900141546,0.697835013153509,0.872018752625431,1.00222384862904,3351.3322740931,3925.07371546962
"model_fits/finalized_redone_trunc/proportion/chicken_fish/vegetarian_dishes_prop","beta[44,3]","exposure_L69HYJ4Y3TR91_1","level","L69HYJ4Y3TR91","exp_p10",0.648485019495,0.2360395,2.75110799937648,-3.76022875,7.16821425,1.06699736411834,0.686586627193569,2.04791340793163,1.00660261072827,639.765683793045,1336.37951217233
"model_fits/finalized_redone_trunc/proportion/chicken_fish/vegetarian_dishes_prop","beta[45,5]","exposure_W8T41JZK0ZMEP_1","level","W8T41JZK0ZMEP","exp_p10",0.0336015323315,0.0247769,0.867753213680477,-1.671452,1.78399225,1.00336580487638,0.84607675207342,1.19530242060233,1.00204434874014,1081.31391316906,1501.94496409918
"model_fits/finalized_redone_trunc/proportion/chicken_fish/vegetarian_dishes_prop","mu_gamma[1]","mu_gamma[1]","pooled_mu_gamma",NA,"exp_p10",-0.7306225997905,-0.7611775,0.863631165471369,-2.349263,1.04958125,0.929542954899261,0.790629116847474,1.11066410032271,1.00229954706793,636.780009644196,1526.6802897555
"model_fits/finalized_redone_trunc/proportion/chicken_fish/vegetarian_dishes_prop","mu_gamma[2]","mu_gamma[2]","pooled_mu_gamma",NA,"exp_p10",0.0317251129491167,0.0335945,1.00366959509379,-1.9383655,1.987285,1.00317754903489,0.823792542156011,1.21985073146324,1.00156303256708,1659.66408836076,2539.96094660694
"model_fits/finalized_redone_trunc/proportion/meat/mpbamod_dishes_count","beta[41,2]","exposure_2HRX9P6HKXA8V_1","level","2HRX9P6HKXA8V","exp",-0.0274944582693493,-0.0178128,0.0722110895305178,-0.1966875,0.0952003325,0.97288007397784,0.821447295486944,1.09987917460154,1.0077159350856,395.553521422277,680.904720893221
"model_fits/finalized_redone_trunc/proportion/meat/mpbamod_dishes_count","beta[42,5]","exposure_ED5J990H5VAZT_1","level","ED5J990H5VAZT","exp",0.01826641546455,0.01833745,0.0112016265897723,-0.00377949775,0.03996738,1.01843426688852,0.996227635562012,1.04077682349867,1.00100015973338,496.233631920162,1059.63710478009
"model_fits/finalized_redone_trunc/proportion/meat/mpbamod_dishes_count","beta[43,3]","exposure_JHDN7CF1C03X5_1","level","JHDN7CF1C03X5","exp",0.0007105578049125,0.0005565135,0.0151338658478177,-0.02957772,0.030128615,1.00071081031091,0.970855419825713,1.03058707438656,1.00022160790297,1330.37334050751,2704.41799570142
"model_fits/finalized_redone_trunc/proportion/meat/mpbamod_dishes_count","beta[44,4]","exposure_L69HYJ4Y3TR91_1","level","L69HYJ4Y3TR91","exp",0.032171087983655,0.0286098,0.065324575528483,-0.096427555,0.165142625,1.03269417175551,0.908075680759583,1.17956134165106,1.00529691349106,303.842928374529,965.37869281597
"model_fits/finalized_redone_trunc/proportion/meat/mpbamod_dishes_count","beta[45,1]","exposure_SRQS8F7JWA9MZ_1","level","SRQS8F7JWA9MZ","exp",0.121983006892,0.121822,0.0380609139925092,0.0434666825,0.195290425,1.12973490390997,1.04442519609586,1.21566399444167,1.00562808285876,372.579804612986,121.774366305765
"model_fits/finalized_redone_trunc/proportion/meat/mpbamod_dishes_count","beta[46,6]","exposure_W8T41JZK0ZMEP_1","level","W8T41JZK0ZMEP","exp",0.000123787330475,0.000289895,0.0117209515778663,-0.02299297,0.02251678,1.00012379499244,0.977269353952687,1.02277219613791,1.00189130576359,805.683843244738,1686.90391514742
"model_fits/finalized_redone_trunc/proportion/meat/mpbamod_dishes_count","mu_gamma[1]","mu_gamma[1]","pooled_mu_gamma",NA,"exp",0.019912121231925,0.02040355,0.0477788795814653,-0.0826231375,0.131613425,1.02011168992903,0.920698058419149,1.14066728057147,1.02193288153117,117.933100054522,100.728989566456
"model_fits/finalized_redone_trunc/proportion/meat/mpbamod_dishes_count","mu_gamma[2]","mu_gamma[2]","pooled_mu_gamma",NA,"exp",0.004576356417975,-0.0228294,0.988184176133609,-1.868607,1.991355,1.0045868439291,0.154338505680051,7.32545302934324,1.00236505393679,470.849316998645,1006.82944309253
"model_fits/finalized_redone_trunc/proportion/meat/mpbamod_dishes_prop","beta[41,2]","exposure_2HRX9P6HKXA8V_1","level","2HRX9P6HKXA8V","exp_p10",0.185260853765,0.35349,0.868992452513338,-2.03209325,1.498101,1.01869875796363,0.81610739186489,1.1616136313533,1.01016862785676,404.786261477711,1084.81203837843
"model_fits/finalized_redone_trunc/proportion/meat/mpbamod_dishes_prop","beta[42,5]","exposure_ED5J990H5VAZT_1","level","ED5J990H5VAZT","exp_p10",0.35796265107445,0.367023,0.252000431716989,-0.151755725,0.8134209,1.03644466503667,0.984938996219542,1.08474191246356,1.00926888613884,434.316172608086,1235.70196696019
"model_fits/finalized_redone_trunc/proportion/meat/mpbamod_dishes_prop","beta[43,3]","exposure_JHDN7CF1C03X5_1","level","JHDN7CF1C03X5","exp_p10",0.79113295693415,0.7680955,0.472986326540864,-0.1227569,1.77215275,1.0823269381052,0.987799348917145,1.19388807972111,1.00376110596664,625.932265868918,1405.73834979909
"model_fits/finalized_redone_trunc/proportion/meat/mpbamod_dishes_prop","beta[44,4]","exposure_L69HYJ4Y3TR91_1","level","L69HYJ4Y3TR91","exp_p10",0.49041619612575,0.561196,0.850121749421601,-1.55195275,2.1282045,1.05026406141375,0.856247957337319,1.2371624987738,1.00672771888271,378.623437217197,742.17866464436
"model_fits/finalized_redone_trunc/proportion/meat/mpbamod_dishes_prop","beta[45,1]","exposure_SRQS8F7JWA9MZ_1","level","SRQS8F7JWA9MZ","exp_p10",1.12876617995,1.1205,0.346174537494983,0.49151325,1.82417975,1.11949379903763,1.05037928735984,1.20011570742532,1.01148531988288,467.048146094788,669.278364121147
"model_fits/finalized_redone_trunc/proportion/meat/mpbamod_dishes_prop","beta[46,6]","exposure_W8T41JZK0ZMEP_1","level","W8T41JZK0ZMEP","exp_p10",0.462832989647975,0.4884445,0.478765301576651,-0.554626275,1.370062,1.0473710880758,0.946047379165447,1.14683525887696,1.00605538397518,616.914986632663,1484.80926956852
"model_fits/finalized_redone_trunc/proportion/meat/mpbamod_dishes_prop","mu_gamma[1]","mu_gamma[1]","pooled_mu_gamma",NA,"exp_p10",0.5215024297555,0.5498405,0.377101089530297,-0.316406725,1.1966625,1.05353401670879,0.968854655660529,1.12712061229358,1.00550860518848,197.185285012857,380.548482643985
"model_fits/finalized_redone_trunc/proportion/meat/mpbamod_dishes_prop","mu_gamma[2]","mu_gamma[2]","pooled_mu_gamma",NA,"exp_p10",-0.02200403935775,-0.0269744,1.02587041385203,-2.02543,1.993022,0.997802015178297,0.816651365834375,1.22055076061204,1.00609264607988,450.316321854849,671.794162095889
"model_fits/finalized_redone_trunc/proportion/meat/vegan_dishes_count","beta[41,2]","exposure_2HRX9P6HKXA8V_1","level","2HRX9P6HKXA8V","exp",-0.0204695642988625,-0.02048235,0.0516284953028808,-0.1243882,0.0798863825,0.979738515049378,0.883036979382243,1.08316399429832,1.00196905039339,1670.91415529084,2519.6019195181
"model_fits/finalized_redone_trunc/proportion/meat/vegan_dishes_count","beta[42,5]","exposure_ED5J990H5VAZT_1","level","ED5J990H5VAZT","exp",0.15457525585,0.1545275,0.0384255707927677,0.0802114025,0.2294201,1.16716211052922,1.08351610147759,1.25787035936635,1.00146644541606,1903.50832011944,2511.83942627427
"model_fits/finalized_redone_trunc/proportion/meat/vegan_dishes_count","beta[43,3]","exposure_JHDN7CF1C03X5_1","level","JHDN7CF1C03X5","exp",-0.02813471189925,-0.0282599,0.00822524758024258,-0.04412796,-0.01208831,0.97225738334026,0.956831513478782,0.98798446010167,1.00019162310557,3080.28778503776,3347.08975393625
"model_fits/finalized_redone_trunc/proportion/meat/vegan_dishes_count","beta[44,4]","exposure_L69HYJ4Y3TR91_1","level","L69HYJ4Y3TR91","exp",0.08230519924685,0.08164125,0.0338803327323356,0.0164864125,0.148736025,1.08578714068359,1.01662306332634,1.16036664099267,0.999725155092152,1063.5101376932,2133.8330690624
"model_fits/finalized_redone_trunc/proportion/meat/vegan_dishes_count","beta[45,1]","exposure_SRQS8F7JWA9MZ_1","level","SRQS8F7JWA9MZ","exp",0.9575829195,0.9555525,0.0884724284696416,0.793400625,1.13398175,2.60539141579087,2.21090210599593,3.10800720278156,1.01362267061712,381.004102638331,912.271954797013
"model_fits/finalized_redone_trunc/proportion/meat/vegan_dishes_count","beta[46,6]","exposure_W8T41JZK0ZMEP_1","level","W8T41JZK0ZMEP","exp",-0.008165199940605,-0.008111825,0.00813151243452205,-0.024388845,0.00758950825,0.991868044759687,0.975906159738944,1.00761838156627,1.00705894194429,1100.12591175646,2493.09674831409
"model_fits/finalized_redone_trunc/proportion/meat/vegan_dishes_count","mu_gamma[1]","mu_gamma[1]","pooled_mu_gamma",NA,"exp",0.20236463549275,0.199799,0.185752307310906,-0.184250625,0.61504065,1.22429434790357,0.831727326041801,1.84973178962733,1.02580915992028,72.7095908162621,92.1053536110499
"model_fits/finalized_redone_trunc/proportion/meat/vegan_dishes_count","mu_gamma[2]","mu_gamma[2]","pooled_mu_gamma",NA,"exp",0.044194911760175,0.0323562,1.00705868209268,-1.878363,1.99372075,1.04518605408963,0.152840100324734,7.34280373547161,1.00743938242708,343.873480092467,607.418021035216
"model_fits/finalized_redone_trunc/proportion/meat/vegan_dishes_prop","beta[41,2]","exposure_2HRX9P6HKXA8V_1","level","2HRX9P6HKXA8V","exp_p10",-0.69494061046875,-0.67088,0.874616868549183,-2.40515575,0.975625725,0.932865673613612,0.786222399938876,1.10248042436144,1.00271351631673,544.740203271512,1369.80257919847
"model_fits/finalized_redone_trunc/proportion/meat/vegan_dishes_prop","beta[42,5]","exposure_ED5J990H5VAZT_1","level","ED5J990H5VAZT","exp_p10",0.373762357037,0.391723,0.766603426813175,-1.149549,1.82504275,1.03808351145573,0.891406345426459,1.20021928188004,1.00572516205068,575.308888515146,1244.38644580595
"model_fits/finalized_redone_trunc/proportion/meat/vegan_dishes_prop","beta[43,3]","exposure_JHDN7CF1C03X5_1","level","JHDN7CF1C03X5","exp_p10",-1.848324886875,-1.848335,0.467364207847416,-2.7709295,-0.9391548,0.831243514882599,0.757984039219583,0.910359702591285,0.999883827339602,1653.39641447102,2063.37424660621
"model_fits/finalized_redone_trunc/proportion/meat/vegan_dishes_prop","beta[44,4]","exposure_L69HYJ4Y3TR91_1","level","L69HYJ4Y3TR91","exp_p10",2.45832178880575,2.418465,1.1685147478227,0.263585275,4.7912145,1.27868496519208,1.02670898589967,1.61465522352784,1.00104877540021,447.751672633845,831.3629144572
"model_fits/finalized_redone_trunc/proportion/meat/vegan_dishes_prop","beta[45,1]","exposure_SRQS8F7JWA9MZ_1","level","SRQS8F7JWA9MZ","exp_p10",2.28781003,2.284935,0.318272654486523,1.6667915,2.93181525,1.25706671502399,1.18137516027351,1.34068613639523,1.00148772913044,1548.98289137859,3017.52123396185
"model_fits/finalized_redone_trunc/proportion/meat/vegan_dishes_prop","beta[46,6]","exposure_W8T41JZK0ZMEP_1","level","W8T41JZK0ZMEP","exp_p10",-0.9536652207025,-0.9479025,0.549245349198004,-2.0516925,0.131359025,0.909039690292064,0.814509449020469,1.013222557482,1.00125292740758,884.127052342172,1325.03352116866
"model_fits/finalized_redone_trunc/proportion/meat/vegan_dishes_prop","mu_gamma[1]","mu_gamma[1]","pooled_mu_gamma",NA,"exp_p10",0.12744595409674,0.1413765,0.625160969466319,-1.11961475,1.39765675,1.01282615387401,0.894078701218845,1.15000429252658,1.03274237024917,168.453037456405,425.907554630179
"model_fits/finalized_redone_trunc/proportion/meat/vegan_dishes_prop","mu_gamma[2]","mu_gamma[2]","pooled_mu_gamma",NA,"exp_p10",0.057880513898,0.0515336,1.04129681182528,-1.938033,2.03701175,1.00580483452417,0.82381993371342,1.22593175965704,1.00512867168673,495.218354807987,1107.63462200108
"model_fits/finalized_redone_trunc/proportion/meat/vegetarian_dishes_count","beta[41,2]","exposure_2HRX9P6HKXA8V_1","level","2HRX9P6HKXA8V","exp",0.0078967131381725,0.008782075,0.0319552932779987,-0.0555755775,0.0697051975,1.00792797441029,0.945940529148438,1.07219204976158,1.00297768791454,577.981729325794,932.807984578037
"model_fits/finalized_redone_trunc/proportion/meat/vegetarian_dishes_count","beta[42,5]","exposure_ED5J990H5VAZT_1","level","ED5J990H5VAZT","exp",0.063387510725,0.0633045,0.0141904038721754,0.0352285225,0.0912710625,1.06543962852889,1.03585639824793,1.09556593185422,1.00028469399166,992.979783964314,2126.4541576126
"model_fits/finalized_redone_trunc/proportion/meat/vegetarian_dishes_count","beta[43,3]","exposure_JHDN7CF1C03X5_1","level","JHDN7CF1C03X5","exp",-0.01497815514205,-0.01504075,0.0063524848082074,-0.0277698825,-0.002653044,0.985133459468497,0.972612156129177,0.997350472210991,1.00124757931718,2581.10702866958,3096.99236142298
"model_fits/finalized_redone_trunc/proportion/meat/vegetarian_dishes_count","beta[44,4]","exposure_L69HYJ4Y3TR91_1","level","L69HYJ4Y3TR91","exp",0.0373833255964,0.0374059,0.0226388819868642,-0.0074201375,0.0832814475,1.03809087138253,0.992607323756182,1.08684765606189,1.00304630482722,607.611320754784,1393.9430282402
"model_fits/finalized_redone_trunc/proportion/meat/vegetarian_dishes_count","beta[45,1]","exposure_SRQS8F7JWA9MZ_1","level","SRQS8F7JWA9MZ","exp",0.0396934187305,0.03954515,0.012992817129903,0.0145751325,0.066101385,1.04049173001291,1.01468186767301,1.06833502482201,1.00347612897543,1216.00243809864,2483.33880507753
"model_fits/finalized_redone_trunc/proportion/meat/vegetarian_dishes_count","beta[46,6]","exposure_W8T41JZK0ZMEP_1","level","W8T41JZK0ZMEP","exp",-0.006591341474235,-0.006491075,0.00618847953486862,-0.019009835,0.00543856525000001,0.993430333767859,0.981169712391232,1.00545338109279,1.00052589849525,859.427486331276,1765.1996148482
"model_fits/finalized_redone_trunc/proportion/meat/vegetarian_dishes_count","mu_gamma[1]","mu_gamma[1]","pooled_mu_gamma",NA,"exp",0.0222066233362025,0.0220547,0.0222577461577549,-0.023736375,0.0689370675,1.02245502571453,0.976543117006146,1.07136878311078,1.00522769877255,132.784958563042,247.442195934892
"model_fits/finalized_redone_trunc/proportion/meat/vegetarian_dishes_count","mu_gamma[2]","mu_gamma[2]","pooled_mu_gamma",NA,"exp",-0.000554267128250001,-0.00222329,1.00758005592712,-1.93487,2.009695,0.999445886449399,0.144443045198927,7.46104138263053,1.00231681063662,648.555207833432,1058.70659043287
"model_fits/finalized_redone_trunc/proportion/meat/vegetarian_dishes_prop","beta[41,2]","exposure_2HRX9P6HKXA8V_1","level","2HRX9P6HKXA8V","exp_p10",-0.265434520173942,-0.2675095,0.811428235310604,-1.84769225,1.41669725,0.973805729092732,0.831296104076036,1.15219604413993,1.0084157602675,387.333549567741,865.194294247439
"model_fits/finalized_redone_trunc/proportion/meat/vegetarian_dishes_prop","beta[42,5]","exposure_ED5J990H5VAZT_1","level","ED5J990H5VAZT","exp_p10",-0.973570968937075,-0.9960645,0.681759117260466,-2.28006875,0.429507325,0.90723197856068,0.796118786499982,1.04388646390733,1.00389783585123,348.987023205971,768.531532237346
"model_fits/finalized_redone_trunc/proportion/meat/vegetarian_dishes_prop","beta[43,3]","exposure_JHDN7CF1C03X5_1","level","JHDN7CF1C03X5","exp_p10",-1.26337525924,-1.258665,0.472470841951766,-2.18207225,-0.357051425,0.881317329130428,0.803958824036176,0.96492476684595,1.00026949297714,786.751842226675,1501.91039062305
"model_fits/finalized_redone_trunc/proportion/meat/vegetarian_dishes_prop","beta[44,4]","exposure_L69HYJ4Y3TR91_1","level","L69HYJ4Y3TR91","exp_p10",0.3499810869001,0.280313,0.99807895278034,-1.4104375,2.5843345,1.03561775012357,0.86845131612144,1.29489997139222,1.00101852968159,318.510508284112,678.281444181171
"model_fits/finalized_redone_trunc/proportion/meat/vegetarian_dishes_prop","beta[45,1]","exposure_SRQS8F7JWA9MZ_1","level","SRQS8F7JWA9MZ","exp_p10",0.5783716655325,0.580132,0.23045619151845,0.13550725,1.0333935,1.05954245271323,1.01364295218491,1.10886763946896,0.999807467146916,1604.7904202681,3032.34253578902
"model_fits/finalized_redone_trunc/proportion/meat/vegetarian_dishes_prop","beta[46,6]","exposure_W8T41JZK0ZMEP_1","level","W8T41JZK0ZMEP","exp_p10",-2.12238126795,-2.132015,0.650271514921025,-3.404244,-0.8233926,0.808772084329897,0.711468311528946,0.920959460983626,1.0015203078657,419.822723315717,694.500945639135
"model_fits/finalized_redone_trunc/proportion/meat/vegetarian_dishes_prop","mu_gamma[1]","mu_gamma[1]","pooled_mu_gamma",NA,"exp_p10",-0.5718000548385,-0.5977555,0.503921873058361,-1.513593,0.518990175,0.944424052556463,0.859538810876091,1.05326937536815,1.0492220139393,111.818453896553,365.919317733528
"model_fits/finalized_redone_trunc/proportion/meat/vegetarian_dishes_prop","mu_gamma[2]","mu_gamma[2]","pooled_mu_gamma",NA,"exp_p10",0.04021864549425,0.0631683,1.01208742025847,-1.9216775,1.936554,1.0040299631001,0.825168434875937,1.2136779774553,1.00425246892611,398.357383488237,646.775801295269
"model_fits/finalized_redone_trunc/proportion/nonvegan/mpbamod_dishes_count","beta[41,2]","exposure_2HRX9P6HKXA8V_1","level","2HRX9P6HKXA8V","exp",-0.094028221848125,-0.09323705,0.0831708527167164,-0.262055425,0.06233434,0.910257072741404,0.769468374741007,1.06431812937157,1.00145994979798,443.89189823023,844.114297037309
"model_fits/finalized_redone_trunc/proportion/nonvegan/mpbamod_dishes_count","beta[42,5]","exposure_ED5J990H5VAZT_1","level","ED5J990H5VAZT","exp",0.019105451342025,0.01917865,0.00785841266485097,0.003439595,0.0344039675,1.01928912835686,1.00344551719492,1.0350026297134,1.00051753582691,1108.11874205087,2161.61371864765
"model_fits/finalized_redone_trunc/proportion/nonvegan/mpbamod_dishes_count","beta[43,3]","exposure_JHDN7CF1C03X5_1","level","JHDN7CF1C03X5","exp",0.002895819440525,0.00317666,0.0146570770925236,-0.0268135375,0.0304239175,1.00290001637585,0.973542753816927,1.03089145426595,1.00216613461077,1605.46907440238,2081.72364702122
"model_fits/finalized_redone_trunc/proportion/nonvegan/mpbamod_dishes_count","beta[44,4]","exposure_L69HYJ4Y3TR91_1","level","L69HYJ4Y3TR91","exp",0.070337579904125,0.0710451,0.0674453354942959,-0.059795505,0.208395175,1.07287029958171,0.941957139415338,1.23169981036095,1.00715646816109,342.680263184116,745.0453623501
"model_fits/finalized_redone_trunc/proportion/nonvegan/mpbamod_dishes_count","beta[45,1]","exposure_SRQS8F7JWA9MZ_1","level","SRQS8F7JWA9MZ","exp",0.1864778988,0.186267,0.0335451367049714,0.1206679,0.254916675,1.20499798988982,1.12825015826531,1.29035409763808,1.00257042287047,1112.80494768685,2607.64471181384
"model_fits/finalized_redone_trunc/proportion/nonvegan/mpbamod_dishes_count","beta[46,6]","exposure_W8T41JZK0ZMEP_1","level","W8T41JZK0ZMEP","exp",0.020304451692275,0.0205071,0.0106167028436833,-0.0002952626,0.0416373525,1.02051198933764,0.999704780985712,1.04251634424419,1.00047282565876,1242.96049111813,2162.00712355585
"model_fits/finalized_redone_trunc/proportion/nonvegan/mpbamod_dishes_count","mu_gamma[1]","mu_gamma[1]","pooled_mu_gamma",NA,"exp",0.021734075584225,0.03609125,0.0883771715846675,-0.232290425,0.14399885,1.02197198103046,0.792715865366772,1.15488278040895,1.02172248153063,54.7127717333438,63.2172920053093
"model_fits/finalized_redone_trunc/proportion/nonvegan/mpbamod_dishes_count","mu_gamma[2]","mu_gamma[2]","pooled_mu_gamma",NA,"exp",-0.02613509459225,-0.006438355,0.959766559564464,-1.91021425,1.87922925,0.974203471097778,0.148048663771063,6.54845569439162,1.00724592241782,364.888336253725,663.74677435574
"model_fits/finalized_redone_trunc/proportion/nonvegan/mpbamod_dishes_prop","beta[41,2]","exposure_2HRX9P6HKXA8V_1","level","2HRX9P6HKXA8V","exp_p10",-1.0741462833435,-0.9358905,1.23609446756653,-3.92751225,1.023906,0.898153196012234,0.675196698752974,1.10781610019883,1.0024786225662,216.369528488874,447.843395832472
"model_fits/finalized_redone_trunc/proportion/nonvegan/mpbamod_dishes_prop","beta[42,5]","exposure_ED5J990H5VAZT_1","level","ED5J990H5VAZT","exp_p10",0.28527987349325,0.28468,0.180050209373481,-0.0627443025,0.640689375,1.02893880770139,0.993745212882853,1.06616589503954,1.00770509194278,552.946810937674,1397.8573146942
"model_fits/finalized_redone_trunc/proportion/nonvegan/mpbamod_dishes_prop","beta[43,3]","exposure_JHDN7CF1C03X5_1","level","JHDN7CF1C03X5","exp_p10",-0.1336075337815,-0.116983,0.566745551480865,-1.24498425,0.9738726,0.986728105307383,0.882939651995245,1.10228716270314,1.01235692069139,315.64892487408,635.866431022237
"model_fits/finalized_redone_trunc/proportion/nonvegan/mpbamod_dishes_prop","beta[44,4]","exposure_L69HYJ4Y3TR91_1","level","L69HYJ4Y3TR91","exp_p10",0.481055231371325,0.4468975,1.17914886359983,-1.77537175,3.045592,1.04928137294494,0.837329871019205,1.3560271344848,1.00260355559401,339.996654564794,627.087671179956
"model_fits/finalized_redone_trunc/proportion/nonvegan/mpbamod_dishes_prop","beta[45,1]","exposure_SRQS8F7JWA9MZ_1","level","SRQS8F7JWA9MZ","exp_p10",1.7290517825,1.720835,0.344370546460315,1.05642375,2.40731,1.18875338006391,1.11142433229806,1.27217877318605,1.00089020089094,804.275045325756,1422.87210917165
"model_fits/finalized_redone_trunc/proportion/nonvegan/mpbamod_dishes_prop","beta[46,6]","exposure_W8T41JZK0ZMEP_1","level","W8T41JZK0ZMEP","exp_p10",-0.156974952349,-0.147343,0.527337627543284,-1.2054405,0.891837875,0.984425068291927,0.886438038889729,1.09328156934954,1.00344933914527,452.703988593851,831.56387009323
"model_fits/finalized_redone_trunc/proportion/nonvegan/mpbamod_dishes_prop","mu_gamma[1]","mu_gamma[1]","pooled_mu_gamma",NA,"exp_p10",0.1658963072635,0.19512,0.480419297061526,-0.897550575,1.0367735,1.01672800277154,0.914155073279301,1.10924250007897,1.01120456600385,160.374152711886,253.937719068363
"model_fits/finalized_redone_trunc/proportion/nonvegan/mpbamod_dishes_prop","mu_gamma[2]","mu_gamma[2]","pooled_mu_gamma",NA,"exp_p10",-0.02229541844345,-0.03983575,1.0498224941705,-2.09750675,2.01708525,0.99777294173798,0.810786370083564,1.22349133899578,1.02289326982391,270.927446655716,699.306479385216
"model_fits/finalized_redone_trunc/proportion/nonvegan/vegan_dishes_count","beta[41,2]","exposure_2HRX9P6HKXA8V_1","level","2HRX9P6HKXA8V","exp",0.012994371111175,0.01335635,0.0467288657949807,-0.07836717,0.104520725,1.01307916483377,0.924624869696404,1.11017840207518,1.0011037818454,1661.95653894149,2846.90974035362
"model_fits/finalized_redone_trunc/proportion/nonvegan/vegan_dishes_count","beta[42,5]","exposure_ED5J990H5VAZT_1","level","ED5J990H5VAZT","exp",0.236169101,0.2359265,0.0290672333540881,0.18099505,0.2950699,1.26638843961314,1.19840924715274,1.34322024650009,1.00100634099216,1715.18622903553,2666.76166085492
"model_fits/finalized_redone_trunc/proportion/nonvegan/vegan_dishes_count","beta[43,3]","exposure_JHDN7CF1C03X5_1","level","JHDN7CF1C03X5","exp",-0.01300295738375,-0.01289085,0.00861308258695416,-0.0300109475,0.0033788755,0.987081215838023,0.970434909654182,1.00338459033458,0.999923313073786,2666.1103663992,2794.53597806468
"model_fits/finalized_redone_trunc/proportion/nonvegan/vegan_dishes_count","beta[44,4]","exposure_L69HYJ4Y3TR91_1","level","L69HYJ4Y3TR91","exp",0.091331851365,0.09130285,0.0259726264186866,0.040324445,0.141756075,1.095632532088,1.04114851483019,1.15229554056404,1.0050097936646,1260.4910264581,2556.43262961206
"model_fits/finalized_redone_trunc/proportion/nonvegan/vegan_dishes_count","beta[45,1]","exposure_SRQS8F7JWA9MZ_1","level","SRQS8F7JWA9MZ","exp",0.815696782,0.814186,0.0777143436239038,0.668421875,0.969956275,2.26075037384115,1.95115572207773,2.63782911775434,1.00062344886799,1061.91692242388,2317.97284573204
"model_fits/finalized_redone_trunc/proportion/nonvegan/vegan_dishes_count","beta[46,6]","exposure_W8T41JZK0ZMEP_1","level","W8T41JZK0ZMEP","exp",0.0351789004325,0.0351326,0.00777270772699584,0.01996683,0.0505314925,1.03580499818711,1.02016750050954,1.0518299875893,1.00373239301576,906.929271524384,2263.7716539304
"model_fits/finalized_redone_trunc/proportion/nonvegan/vegan_dishes_count","mu_gamma[1]","mu_gamma[1]","pooled_mu_gamma",NA,"exp",0.158486085551775,0.1743495,0.176788271269597,-0.21899525,0.4783585,1.17173562005715,0.80332553394085,1.61342379214507,1.0608545877844,54.5821444700347,145.746728497594
"model_fits/finalized_redone_trunc/proportion/nonvegan/vegan_dishes_count","mu_gamma[2]","mu_gamma[2]","pooled_mu_gamma",NA,"exp",0.060944689242275,0.06778875,0.995430480826845,-1.8497905,2.02777175,1.06284012606869,0.157270110950801,7.59713915916184,1.00042038965971,403.257870288067,786.292196108685
"model_fits/finalized_redone_trunc/proportion/nonvegan/vegan_dishes_prop","beta[41,2]","exposure_2HRX9P6HKXA8V_1","level","2HRX9P6HKXA8V","exp_p10",0.04893087210625,0.0799497,0.792289587668376,-1.52926475,1.5025435,1.00490507791105,0.85819281811874,1.16212979285291,1.00012645538623,400.087571952322,953.056956522239
"model_fits/finalized_redone_trunc/proportion/nonvegan/vegan_dishes_prop","beta[42,5]","exposure_ED5J990H5VAZT_1","level","ED5J990H5VAZT","exp_p10",1.38322424432885,1.37379,0.54085510039377,0.336678025,2.435904,1.1483457453167,1.03424097738779,1.27582164690459,1.00157654697256,695.692432111627,1522.70951558763
"model_fits/finalized_redone_trunc/proportion/nonvegan/vegan_dishes_prop","beta[43,3]","exposure_JHDN7CF1C03X5_1","level","JHDN7CF1C03X5","exp_p10",-1.078199402017,-1.07827,0.49275302291312,-2.04069575,-0.102082159999999,0.897789237626501,0.815405637366468,0.989843710992757,1.00063410102128,854.493104590092,1617.33153750124
"model_fits/finalized_redone_trunc/proportion/nonvegan/vegan_dishes_prop","beta[44,4]","exposure_L69HYJ4Y3TR91_1","level","L69HYJ4Y3TR91","exp_p10",2.57216680874,2.53683,0.955397759758443,0.802335575,4.50522325,1.29332533526436,1.08354010704274,1.56913156812584,1.00433544445577,230.509712779903,460.767706114172
"model_fits/finalized_redone_trunc/proportion/nonvegan/vegan_dishes_prop","beta[45,1]","exposure_SRQS8F7JWA9MZ_1","level","SRQS8F7JWA9MZ","exp_p10",1.69261221,1.68703,0.285220863974909,1.16404975,2.26168675,1.18442949637435,1.12345074948733,1.25378712998743,1.00057558427499,1697.71174618785,2539.73035457497
"model_fits/finalized_redone_trunc/proportion/nonvegan/vegan_dishes_prop","beta[46,6]","exposure_W8T41JZK0ZMEP_1","level","W8T41JZK0ZMEP","exp_p10",0.9261412727895,0.921898,0.511853255883389,-0.0594268,1.95722675,1.09703833641633,0.99407494279663,1.216189578787,1.00791667718654,489.904768348382,971.300861135105
"model_fits/finalized_redone_trunc/proportion/nonvegan/vegan_dishes_prop","mu_gamma[1]","mu_gamma[1]","pooled_mu_gamma",NA,"exp_p10",0.68973722198825,0.698969,0.540342375074733,-0.44256995,1.7806285,1.07140805453059,0.956708056689735,1.19490041836614,1.01629986066628,89.1270826923334,283.627926868294
"model_fits/finalized_redone_trunc/proportion/nonvegan/vegan_dishes_prop","mu_gamma[2]","mu_gamma[2]","pooled_mu_gamma",NA,"exp_p10",-0.00818353825025,-0.00225649,0.993243915429674,-1.89139875,1.942644,0.999181980935143,0.82767072815456,1.21441733245432,1.01190690226654,356.682434330256,493.743609736557
"model_fits/finalized_redone_trunc/proportion/nonvegan/vegetarian_dishes_count","beta[41,2]","exposure_2HRX9P6HKXA8V_1","level","2HRX9P6HKXA8V","exp",0.01435123062825,0.0159421,0.0325254081564211,-0.0524176325,0.0760305225,1.01445470393575,0.948932479032885,1.07899550729505,1.00410253363992,431.389564168703,944.803604849807
"model_fits/finalized_redone_trunc/proportion/nonvegan/vegetarian_dishes_count","beta[42,5]","exposure_ED5J990H5VAZT_1","level","ED5J990H5VAZT","exp",0.101970738325,0.1018495,0.0113981454623168,0.0799901475,0.124665375,1.10735106830677,1.0832763946417,1.13276933670016,1.00126934636385,1075.3806513242,1918.44355794569
"model_fits/finalized_redone_trunc/proportion/nonvegan/vegetarian_dishes_count","beta[43,3]","exposure_JHDN7CF1C03X5_1","level","JHDN7CF1C03X5","exp",-0.00067650271031,-0.0008542135,0.00634791327499974,-0.0130878675,0.012020745,0.999323726066056,0.986997406215431,1.01209328452349,1.00061011145939,2275.43236259646,2995.34071889493
"model_fits/finalized_redone_trunc/proportion/nonvegan/vegetarian_dishes_count","beta[44,4]","exposure_L69HYJ4Y3TR91_1","level","L69HYJ4Y3TR91","exp",0.0586980175525,0.0583419,0.0190452925625016,0.0215796975,0.0955621675,1.06045495359969,1.02181422313139,1.10027722139197,1.00400247476887,449.630493457113,901.373013723905
"model_fits/finalized_redone_trunc/proportion/nonvegan/vegetarian_dishes_count","beta[45,1]","exposure_SRQS8F7JWA9MZ_1","level","SRQS8F7JWA9MZ","exp",0.0639122223,0.06365795,0.0128815045877544,0.03974827,0.0899297875,1.06599882372972,1.04054880387048,1.09409746169028,1.00092349310069,1024.39276103956,2160.84287687413
"model_fits/finalized_redone_trunc/proportion/nonvegan/vegetarian_dishes_count","beta[46,6]","exposure_W8T41JZK0ZMEP_1","level","W8T41JZK0ZMEP","exp",0.02486692468,0.02460475,0.00574050230181061,0.013964305,0.036551335,1.02517868546494,1.01406226134004,1.03722754872729,1.01009382351672,704.486774623065,1275.54020414187
"model_fits/finalized_redone_trunc/proportion/nonvegan/vegetarian_dishes_count","mu_gamma[1]","mu_gamma[1]","pooled_mu_gamma",NA,"exp",0.04279268093005,0.0429577,0.0258853513673727,-0.0124678925,0.095619685,1.04372148905047,0.987609509657159,1.10034050840708,1.018935244326,92.0736340151702,224.28890624867
"model_fits/finalized_redone_trunc/proportion/nonvegan/vegetarian_dishes_count","mu_gamma[2]","mu_gamma[2]","pooled_mu_gamma",NA,"exp",-0.089767610616325,-0.09241815,0.950477429530631,-1.9183695,1.8036285,0.914143597856354,0.146846199767586,6.07163848331578,1.00258474699045,427.446673814282,681.282030422505
"model_fits/finalized_redone_trunc/proportion/nonvegan/vegetarian_dishes_prop","beta[41,2]","exposure_2HRX9P6HKXA8V_1","level","2HRX9P6HKXA8V","exp_p10",0.34489433258625,0.4542135,0.725285394439946,-1.30880675,1.513959,1.03509109077847,0.877322454647334,1.16345717961298,1.02095316519052,250.734743447733,1239.69968887701
"model_fits/finalized_redone_trunc/proportion/nonvegan/vegetarian_dishes_prop","beta[42,5]","exposure_ED5J990H5VAZT_1","level","ED5J990H5VAZT","exp_p10",1.250124561525,1.198925,0.495118980690934,0.4037505,2.317778,1.13316256782467,1.04120120348393,1.26083953915481,1.00176184450764,401.388751633472,1067.31007742106
"model_fits/finalized_redone_trunc/proportion/nonvegan/vegetarian_dishes_prop","beta[43,3]","exposure_JHDN7CF1C03X5_1","level","JHDN7CF1C03X5","exp_p10",0.116213138470875,0.1118555,0.513724593345212,-0.907883675,1.03326875,1.01168910366258,0.913210955567673,1.10885380643144,1.02165835255882,153.623605020432,504.589074409712
"model_fits/finalized_redone_trunc/proportion/nonvegan/vegetarian_dishes_prop","beta[44,4]","exposure_L69HYJ4Y3TR91_1","level","L69HYJ4Y3TR91","exp_p10",1.3156112264915,1.157095,0.813267592032284,0.0202907225,3.2402695,1.1406076225513,1.00203113221013,1.38268456996652,1.00478580899006,218.610479848238,652.828655173963
"model_fits/finalized_redone_trunc/proportion/nonvegan/vegetarian_dishes_prop","beta[45,1]","exposure_SRQS8F7JWA9MZ_1","level","SRQS8F7JWA9MZ","exp_p10",0.95557201125,0.9521215,0.216462091098134,0.5360122,1.38984825,1.10027175701625,1.05506377991876,1.1491066621777,1.00208450867949,711.132688054448,1692.76782896563
"model_fits/finalized_redone_trunc/proportion/nonvegan/vegetarian_dishes_prop","beta[46,6]","exposure_W8T41JZK0ZMEP_1","level","W8T41JZK0ZMEP","exp_p10",0.7057136620435,0.7219945,0.485834392214292,-0.257853125,1.697765,1.07312115128138,0.974544289628811,1.18503996528821,1.00367636320652,467.173305049222,868.61311770576
"model_fits/finalized_redone_trunc/proportion/nonvegan/vegetarian_dishes_prop","mu_gamma[1]","mu_gamma[1]","pooled_mu_gamma",NA,"exp_p10",0.72477785501675,0.728717,0.381336987484453,-0.0436157125,1.5159475,1.07516892148666,0.995647926588367,1.16368855607699,1.03647430644444,116.843515772841,232.103449565201
"model_fits/finalized_redone_trunc/proportion/nonvegan/vegetarian_dishes_prop","mu_gamma[2]","mu_gamma[2]","pooled_mu_gamma",NA,"exp_p10",0.089633351631,0.111134,1.01505708013506,-1.8945015,2.0056165,1.00900362614227,0.827413962455431,1.22208895170155,1.00532067861989,369.971182631885,764.777651045732
"model_fits/finalized_redone_trunc/proportion/total/mpbamod_dishes_count","beta[41,2]","exposure_2HRX9P6HKXA8V_1","level","2HRX9P6HKXA8V","exp",-0.101807363291712,-0.0990812,0.0801480892543694,-0.2726932,0.045617815,0.90320352506549,0.761326326719243,1.0466743112841,1.0026710443279,452.481889068987,957.634750981908
"model_fits/finalized_redone_trunc/proportion/total/mpbamod_dishes_count","beta[42,5]","exposure_ED5J990H5VAZT_1","level","ED5J990H5VAZT","exp",0.021382399682525,0.02130285,0.00832070273248131,0.00514500325,0.0373133825,1.02161264130178,1.00515826150739,1.03801826663177,1.0049037414506,555.674574143404,965.430886388118
"model_fits/finalized_redone_trunc/proportion/total/mpbamod_dishes_count","beta[43,3]","exposure_JHDN7CF1C03X5_1","level","JHDN7CF1C03X5","exp",0.001443758700125,0.001552195,0.0144931420802991,-0.0269751875,0.029657145,1.00144480142147,0.973385393349774,1.03010129802209,1.00150769986479,1333.3399583716,2830.50356684533
"model_fits/finalized_redone_trunc/proportion/total/mpbamod_dishes_count","beta[44,4]","exposure_L69HYJ4Y3TR91_1","level","L69HYJ4Y3TR91","exp",0.090996525462325,0.08859115,0.0616390885305984,-0.02293523,0.213744525,1.09526519971165,0.977325783114278,1.23830625808816,1.00184208186749,492.153221099058,1054.71032197937
"model_fits/finalized_redone_trunc/proportion/total/mpbamod_dishes_count","beta[45,1]","exposure_SRQS8F7JWA9MZ_1","level","SRQS8F7JWA9MZ","exp",0.179455988025,0.1789715,0.0332122941977156,0.112550675,0.2445111,1.19656623966513,1.11912896733629,1.27699683681055,1.0008533834341,985.746260889384,1861.00781640833
"model_fits/finalized_redone_trunc/proportion/total/mpbamod_dishes_count","beta[46,6]","exposure_W8T41JZK0ZMEP_1","level","W8T41JZK0ZMEP","exp",0.016404785665125,0.01635215,0.00992608572395501,-0.0027176165,0.0363489675,1.01654008299017,0.99728607287686,1.03701766881848,1.00196972669011,1306.67896344168,2582.53014518358
"model_fits/finalized_redone_trunc/proportion/total/mpbamod_dishes_count","mu_gamma[1]","mu_gamma[1]","pooled_mu_gamma",NA,"exp",0.0307850621972,0.0348747,0.0623617193971053,-0.108261675,0.1464438,1.03126382248341,0.897392740458447,1.15770986569569,1.02461036892935,106.529919189731,181.254847500759
"model_fits/finalized_redone_trunc/proportion/total/mpbamod_dishes_count","mu_gamma[2]","mu_gamma[2]","pooled_mu_gamma",NA,"exp",0.00714448820825,0.00920326,1.04018658493976,-2.01563,2.07296175,1.00717007095304,0.133236437963708,7.94832925518699,1.0105795757673,381.198209285949,717.713823698118
"model_fits/finalized_redone_trunc/proportion/total/mpbamod_dishes_prop","beta[41,2]","exposure_2HRX9P6HKXA8V_1","level","2HRX9P6HKXA8V","exp_p10",-0.908163900972325,-0.7570845,1.28643123578498,-3.714995,1.1791565,0.91318536538343,0.689699350678717,1.12514920102945,1.00352921596288,206.804542318371,607.481955869884
"model_fits/finalized_redone_trunc/proportion/total/mpbamod_dishes_prop","beta[42,5]","exposure_ED5J990H5VAZT_1","level","ED5J990H5VAZT","exp_p10",0.333827145549,0.332333,0.171462394813364,-0.00972642649999999,0.667126275,1.03394616977785,0.999027830213541,1.06898823620836,1.00188846561414,768.937333979361,1409.0733090978
"model_fits/finalized_redone_trunc/proportion/total/mpbamod_dishes_prop","beta[43,3]","exposure_JHDN7CF1C03X5_1","level","JHDN7CF1C03X5","exp_p10",-0.506683074951325,-0.484019,0.575503715219525,-1.701698,0.5296512,0.950593923125549,0.843521574472126,1.05439286725474,1.00137827362729,413.659304145619,668.505682817356
"model_fits/finalized_redone_trunc/proportion/total/mpbamod_dishes_prop","beta[44,4]","exposure_L69HYJ4Y3TR91_1","level","L69HYJ4Y3TR91","exp_p10",0.72435958345825,0.686548,1.18188232677942,-1.528122,3.171091,1.07512395116911,0.858290893706717,1.37315237467765,1.00458559499168,244.172018026025,768.566567427803
"model_fits/finalized_redone_trunc/proportion/total/mpbamod_dishes_prop","beta[45,1]","exposure_SRQS8F7JWA9MZ_1","level","SRQS8F7JWA9MZ","exp_p10",1.6777755075,1.68029,0.336478530336136,1.028236,2.32990625,1.18267349655183,1.10829588843687,1.26236964455637,1.0022502494334,822.80180284362,1263.4375836768
"model_fits/finalized_redone_trunc/proportion/total/mpbamod_dishes_prop","beta[46,6]","exposure_W8T41JZK0ZMEP_1","level","W8T41JZK0ZMEP","exp_p10",0.5277084275915,0.530971,0.486769545600568,-0.409124675,1.50213225,1.05418804261475,0.959913149868299,1.16208200124791,1.00965394997035,509.300128466099,1168.67964927655
"model_fits/finalized_redone_trunc/proportion/total/mpbamod_dishes_prop","mu_gamma[1]","mu_gamma[1]","pooled_mu_gamma",NA,"exp_p10",0.221759154955,0.264131,0.543132967996727,-0.8852469,1.26796575,1.02242362881054,0.915280512181174,1.13518606906581,1.0119905071951,101.511841384371,245.994151317051
"model_fits/finalized_redone_trunc/proportion/total/mpbamod_dishes_prop","mu_gamma[2]","mu_gamma[2]","pooled_mu_gamma",NA,"exp_p10",0.03612536935225,0.02435835,1.01331949100038,-1.8986515,2.06350175,1.0036190700114,0.827070656901841,1.22918355799373,1.00189924636331,363.749584406986,832.755264894758
"model_fits/finalized_redone_trunc/proportion/total/vegan_dishes_count","beta[41,2]","exposure_2HRX9P6HKXA8V_1","level","2HRX9P6HKXA8V","exp",0.0067947024714575,0.0073004,0.0442346489880747,-0.07946544,0.0934261025,1.00681783883418,0.923609939376541,1.0979294661007,1.00281047969083,1282.27974552247,2387.06154655355
"model_fits/finalized_redone_trunc/proportion/total/vegan_dishes_count","beta[42,5]","exposure_ED5J990H5VAZT_1","level","ED5J990H5VAZT","exp",0.24289643875,0.242387,0.0284224486237321,0.189407425,0.2989119,1.27493658325519,1.20853323884604,1.34839082500823,1.00026077781128,1523.89066482597,2939.93946134913
"model_fits/finalized_redone_trunc/proportion/total/vegan_dishes_count","beta[43,3]","exposure_JHDN7CF1C03X5_1","level","JHDN7CF1C03X5","exp",-0.00651801573849015,-0.00659339,0.00834054024187654,-0.02260628,0.00929269625000001,0.99350318044873,0.977647327313716,1.00933600740698,0.999712589331484,3144.29947740721,3595.02611056558
"model_fits/finalized_redone_trunc/proportion/total/vegan_dishes_count","beta[44,4]","exposure_L69HYJ4Y3TR91_1","level","L69HYJ4Y3TR91","exp",0.11114533365,0.110895,0.0251423582155907,0.0628912975,0.161286425,1.11755731373607,1.06491107444339,1.17502147614582,1.0009647506042,1110.79693869692,2382.84238206397
"model_fits/finalized_redone_trunc/proportion/total/vegan_dishes_count","beta[45,1]","exposure_SRQS8F7JWA9MZ_1","level","SRQS8F7JWA9MZ","exp",0.86536400075,0.86345,0.0756866458197357,0.719346425,1.0166145,2.37587074733281,2.0530909231488,2.76382198780999,1.00069196801761,1012.30314948479,2358.28132493607
"model_fits/finalized_redone_trunc/proportion/total/vegan_dishes_count","beta[46,6]","exposure_W8T41JZK0ZMEP_1","level","W8T41JZK0ZMEP","exp",0.0279278001575,0.02786395,0.00722752869164063,0.0140882775,0.0421302325,1.02832143709534,1.01418798496671,1.04303030635036,1.00055489865228,766.494652994173,2299.63999808842
"model_fits/finalized_redone_trunc/proportion/total/vegan_dishes_count","mu_gamma[1]","mu_gamma[1]","pooled_mu_gamma",NA,"exp",0.1876410516495,0.195244,0.162554621477198,-0.152954375,0.486431475,1.20640040218722,0.858168874873124,1.62650163962462,1.03217282885731,72.7225457249798,173.906491376483
"model_fits/finalized_redone_trunc/proportion/total/vegan_dishes_count","mu_gamma[2]","mu_gamma[2]","pooled_mu_gamma",NA,"exp",0.08981135469025,0.134484,0.987654059690148,-1.8498795,2.0522065,1.09396789232654,0.157256114533776,7.78505990357926,1.00976971202128,336.44370091866,355.734816040099
"model_fits/finalized_redone_trunc/proportion/total/vegan_dishes_prop","beta[41,2]","exposure_2HRX9P6HKXA8V_1","level","2HRX9P6HKXA8V","exp_p10",0.02561705417,0.03400305,0.829401451725719,-1.63066425,1.6272495,1.00256498938791,0.849534756194176,1.17671299026577,1.00175909152119,676.619325853348,1214.78477930472
"model_fits/finalized_redone_trunc/proportion/total/vegan_dishes_prop","beta[42,5]","exposure_ED5J990H5VAZT_1","level","ED5J990H5VAZT","exp_p10",1.5390293902925,1.54458,0.531726323936663,0.491336575,2.57879625,1.16637767153508,1.05036072994772,1.29418302196615,1.00146393014038,1086.13245238982,2091.13838699279
"model_fits/finalized_redone_trunc/proportion/total/vegan_dishes_prop","beta[43,3]","exposure_JHDN7CF1C03X5_1","level","JHDN7CF1C03X5","exp_p10",-0.7691587983862,-0.7719275,0.474585608986006,-1.68147425,0.1569764,0.925967742886384,0.845229217581644,1.01582149518013,1.0003659644828,1438.62490615602,1704.38426811169
"model_fits/finalized_redone_trunc/proportion/total/vegan_dishes_prop","beta[44,4]","exposure_L69HYJ4Y3TR91_1","level","L69HYJ4Y3TR91","exp_p10",3.23886293325,3.235125,0.923603770312575,1.48215875,5.0061535,1.38249009982942,1.15976323322924,1.64973612354688,1.00576068765653,453.702543804447,915.520908125582
"model_fits/finalized_redone_trunc/proportion/total/vegan_dishes_prop","beta[45,1]","exposure_SRQS8F7JWA9MZ_1","level","SRQS8F7JWA9MZ","exp_p10",1.855325068,1.84254,0.291339467620248,1.297339,2.44401475,1.20385933275364,1.13852538140801,1.27685685370528,1.00184978592887,1952.51666531691,2678.9162581037
"model_fits/finalized_redone_trunc/proportion/total/vegan_dishes_prop","beta[46,6]","exposure_W8T41JZK0ZMEP_1","level","W8T41JZK0ZMEP","exp_p10",1.211551676665,1.2001,0.472148447259774,0.3006937,2.17141525,1.12880005204901,1.03052601906397,1.24251993732906,1.00210174166612,951.680613768781,1305.11016676421
"model_fits/finalized_redone_trunc/proportion/total/vegan_dishes_prop","mu_gamma[1]","mu_gamma[1]","pooled_mu_gamma",NA,"exp_p10",0.87409443489875,0.8841975,0.580283889642534,-0.30140645,1.997581,1.09134343171552,0.970309054834192,1.22110733656565,1.0128693353444,160.791492686065,427.309299960362
"model_fits/finalized_redone_trunc/proportion/total/vegan_dishes_prop","mu_gamma[2]","mu_gamma[2]","pooled_mu_gamma",NA,"exp_p10",0.0036230353235,0.004010975,0.979163893661664,-1.89518325,1.93122575,1.0003623691722,0.827357555431336,1.21303147173947,1.00171207895286,520.295358200633,753.319846611199
"model_fits/finalized_redone_trunc/proportion/total/vegetarian_dishes_count","beta[41,2]","exposure_2HRX9P6HKXA8V_1","level","2HRX9P6HKXA8V","exp",0.007302211256,0.00734012,0.0343272046170554,-0.0612123875,0.074221165,1.00732893741436,0.940623441898209,1.07704498381074,1.00858424979854,322.096925059323,411.561169458588
"model_fits/finalized_redone_trunc/proportion/total/vegetarian_dishes_count","beta[42,5]","exposure_ED5J990H5VAZT_1","level","ED5J990H5VAZT","exp",0.1038558921,0.10361,0.0112093642427064,0.0823129525,0.1269793,1.10944056424522,1.08579555909879,1.13539351489247,1.00044271490254,1137.49643291074,2127.08696709439
"model_fits/finalized_redone_trunc/proportion/total/vegetarian_dishes_count","beta[43,3]","exposure_JHDN7CF1C03X5_1","level","JHDN7CF1C03X5","exp",0.00341272286290575,0.00320187,0.00635434789209413,-0.00895426775,0.01556536,1.00341855283171,0.991085702315612,1.01568713119978,1.0007436301694,2955.87959008267,3080.17099513975
"model_fits/finalized_redone_trunc/proportion/total/vegetarian_dishes_count","beta[44,4]","exposure_L69HYJ4Y3TR91_1","level","L69HYJ4Y3TR91","exp",0.0659560434975,0.06595965,0.0177627914528044,0.0310753625,0.101746325,1.06817976268761,1.03156324214205,1.10710259185335,1.00794047108607,485.712190555592,1176.0524730677
"model_fits/finalized_redone_trunc/proportion/total/vegetarian_dishes_count","beta[45,1]","exposure_SRQS8F7JWA9MZ_1","level","SRQS8F7JWA9MZ","exp",0.06024355395,0.0600305,0.0127701052543241,0.03585788,0.08504735,1.06209519252637,1.03650852743076,1.08876861867199,1.0031119224842,848.025720617613,1368.44321672239
"model_fits/finalized_redone_trunc/proportion/total/vegetarian_dishes_count","beta[46,6]","exposure_W8T41JZK0ZMEP_1","level","W8T41JZK0ZMEP","exp",0.01855866086075,0.0185373,0.00539076820829709,0.00797181425,0.0293054025,1.01873194310949,1.00800367376432,1.0297390313323,1.00060944923047,928.538304382691,1928.25084964201
"model_fits/finalized_redone_trunc/proportion/total/vegetarian_dishes_count","mu_gamma[1]","mu_gamma[1]","pooled_mu_gamma",NA,"exp",0.044727462589425,0.043867,0.0234599316710474,0.00330644475,0.10023435,1.04574281702858,1.00331191706809,1.10542994523062,1.02545796645636,87.1446174388576,160.592500699064
"model_fits/finalized_redone_trunc/proportion/total/vegetarian_dishes_count","mu_gamma[2]","mu_gamma[2]","pooled_mu_gamma",NA,"exp",-0.0056301779795,-0.001352041,0.98014884343623,-1.9435715,1.8504075,0.994385641769282,0.143191626546864,6.36241167717292,1.00383074089851,397.653468749258,814.659960130486
"model_fits/finalized_redone_trunc/proportion/total/vegetarian_dishes_prop","beta[41,2]","exposure_2HRX9P6HKXA8V_1","level","2HRX9P6HKXA8V","exp_p10",0.42923428710275,0.552294,0.774723963070295,-1.330107,1.68053225,1.04385796223992,0.875455724682401,1.18299957412451,1.0064553162769,238.080894876536,864.938604095523
"model_fits/finalized_redone_trunc/proportion/total/vegetarian_dishes_prop","beta[42,5]","exposure_ED5J990H5VAZT_1","level","ED5J990H5VAZT","exp_p10",1.4393319089,1.406255,0.498562378617456,0.5635003,2.470903,1.1548069543228,1.05796793945037,1.28029471817166,1.01193458523088,161.869968138097,491.183147066716
"model_fits/finalized_redone_trunc/proportion/total/vegetarian_dishes_prop","beta[43,3]","exposure_JHDN7CF1C03X5_1","level","JHDN7CF1C03X5","exp_p10",0.376562352759,0.393987,0.487887616314788,-0.629765675,1.2261355,1.03837421509139,0.938965475739861,1.13044747509731,1.01454089613666,139.220484478561,576.191799752718
"model_fits/finalized_redone_trunc/proportion/total/vegetarian_dishes_prop","beta[44,4]","exposure_L69HYJ4Y3TR91_1","level","L69HYJ4Y3TR91","exp_p10",1.766644407985,1.631945,0.845736017646529,0.506889725,3.71567325,1.19323062642454,1.0519956428191,1.4500054644332,1.02293123712029,198.02469055613,719.484455614558
"model_fits/finalized_redone_trunc/proportion/total/vegetarian_dishes_prop","beta[45,1]","exposure_SRQS8F7JWA9MZ_1","level","SRQS8F7JWA9MZ","exp_p10",0.95323251375,0.950992,0.212897195166737,0.542821575,1.382387,1.10001437882172,1.05578245707074,1.14824960474513,1.00048367458432,1392.04748801089,2714.40804970439
"model_fits/finalized_redone_trunc/proportion/total/vegetarian_dishes_prop","beta[46,6]","exposure_W8T41JZK0ZMEP_1","level","W8T41JZK0ZMEP","exp_p10",1.5759893555975,1.515495,0.565149228386798,0.6586719,2.757881,1.17069657577337,1.06808485539623,1.31756864164957,1.00972816111389,251.658613330991,989.24802697064
"model_fits/finalized_redone_trunc/proportion/total/vegetarian_dishes_prop","mu_gamma[1]","mu_gamma[1]","pooled_mu_gamma",NA,"exp_p10",0.9358230513175,0.964021,0.468958886211582,-0.12788695,1.794771,1.09810097896781,0.987292732871546,1.19659150180833,1.00789984355775,116.85435916426,164.225643983075
"model_fits/finalized_redone_trunc/proportion/total/vegetarian_dishes_prop","mu_gamma[2]","mu_gamma[2]","pooled_mu_gamma",NA,"exp_p10",0.07546262415325,0.0803243,1.03436711024044,-1.85687525,2.11502725,1.00757480721054,0.830533075261964,1.23553333245244,1.00555766483354,378.487347382111,801.270244101516
"model_fits/finalized_redone_trunc/proportion/vegan/mpbamod_dishes_count","beta[41,2]","exposure_2HRX9P6HKXA8V_1","level","2HRX9P6HKXA8V","exp",-0.074157025731325,-0.0659275,0.0862844286433992,-0.261304175,0.0660418625,0.928525879937968,0.770046655046874,1.06827143674297,1.00549676097757,434.15146515506,1497.33765644006
"model_fits/finalized_redone_trunc/proportion/vegan/mpbamod_dishes_count","beta[42,5]","exposure_ED5J990H5VAZT_1","level","ED5J990H5VAZT","exp",0.0388414200825,0.03898805,0.0109039096872752,0.017769595,0.06072444,1.03960561000581,1.01792841357248,1.06260606211341,1.00076307738673,986.637558188489,1939.55575807887
"model_fits/finalized_redone_trunc/proportion/vegan/mpbamod_dishes_count","beta[43,3]","exposure_JHDN7CF1C03X5_1","level","JHDN7CF1C03X5","exp",-0.0061528344929425,-0.00639689,0.0205277881862989,-0.04646125,0.0345582625,0.993866055431158,0.954601550663371,1.03516233776491,1.00102474458355,1638.61355085859,2384.7156664443
"model_fits/finalized_redone_trunc/proportion/vegan/mpbamod_dishes_count","beta[44,4]","exposure_L69HYJ4Y3TR91_1","level","L69HYJ4Y3TR91","exp",0.128516581533125,0.1159915,0.102998211787594,-0.03450596,0.359303875,1.13714027666405,0.966082581817146,1.43233198532962,1.0045537040151,345.520016861755,1078.63206862275
"model_fits/finalized_redone_trunc/proportion/vegan/mpbamod_dishes_count","beta[45,1]","exposure_SRQS8F7JWA9MZ_1","level","SRQS8F7JWA9MZ","exp",0.138072805806675,0.137162,0.0585205192053983,0.0277675775,0.25518535,1.14805913260276,1.02815668990039,1.29070083010235,1.00114866435568,394.27646598415,405.252541716425
"model_fits/finalized_redone_trunc/proportion/vegan/mpbamod_dishes_count","beta[46,6]","exposure_W8T41JZK0ZMEP_1","level","W8T41JZK0ZMEP","exp",0.005449240878215,0.00536305,0.00985760250459655,-0.014398715,0.024527075,1.00546411499657,0.985704450751848,1.02483033801297,1.0003391045865,1616.86595570858,2695.80969767431
"model_fits/finalized_redone_trunc/proportion/vegan/mpbamod_dishes_count","mu_gamma[1]","mu_gamma[1]","pooled_mu_gamma",NA,"exp",0.03951036083625,0.03354985,0.0623870670659707,-0.09515064,0.1719943,1.04030127722031,0.909235956846797,1.18767106346955,1.00976359991991,177.506737884002,469.643912296804
"model_fits/finalized_redone_trunc/proportion/vegan/mpbamod_dishes_count","mu_gamma[2]","mu_gamma[2]","pooled_mu_gamma",NA,"exp",0.00664834064675,-0.0140824,1.00107076195625,-1.96087825,1.99118975,1.00667048992153,0.140734766320646,7.32424259824477,1.00561217491989,505.514881428441,1048.12760296635
"model_fits/finalized_redone_trunc/proportion/vegan/mpbamod_dishes_prop","beta[41,2]","exposure_2HRX9P6HKXA8V_1","level","2HRX9P6HKXA8V","exp_p10",-1.02648230890463,-0.993997,1.31010952441211,-3.7863465,1.3173785,0.902444369705488,0.684795757098217,1.14080921692789,1.01236289164066,347.457632988642,1038.64446927295
"model_fits/finalized_redone_trunc/proportion/vegan/mpbamod_dishes_prop","beta[42,5]","exposure_ED5J990H5VAZT_1","level","ED5J990H5VAZT","exp_p10",0.802288259575,0.791394,0.225679569472208,0.375818,1.263581,1.0835349802388,1.03829692629674,1.13468842746385,1.00387567057307,764.513200702848,1873.08232149229
"model_fits/finalized_redone_trunc/proportion/vegan/mpbamod_dishes_prop","beta[43,3]","exposure_JHDN7CF1C03X5_1","level","JHDN7CF1C03X5","exp_p10",-2.12235544525,-2.143795,0.830365314660401,-3.72451825,-0.377362875,0.808774172800483,0.689042845397395,0.962966853806158,1.00925545786703,315.627616810111,438.090558394379
"model_fits/finalized_redone_trunc/proportion/vegan/mpbamod_dishes_prop","beta[44,4]","exposure_L69HYJ4Y3TR91_1","level","L69HYJ4Y3TR91","exp_p10",0.7145070245885,0.6013515,1.56579931387663,-2.182288,4.18432025,1.07406520062274,0.803941478811659,1.51957702787694,1.00286513485703,339.339033272528,607.137695100817
"model_fits/finalized_redone_trunc/proportion/vegan/mpbamod_dishes_prop","beta[45,1]","exposure_SRQS8F7JWA9MZ_1","level","SRQS8F7JWA9MZ","exp_p10",1.4038148930125,1.394015,0.541486362942864,0.356672,2.47728225,1.15071269971767,1.03631090482669,1.28111171074204,1.00067469471109,570.316084403239,1147.74889856576
"model_fits/finalized_redone_trunc/proportion/vegan/mpbamod_dishes_prop","beta[46,6]","exposure_W8T41JZK0ZMEP_1","level","W8T41JZK0ZMEP","exp_p10",0.38977490750725,0.386632,0.504692659651573,-0.5757611,1.367021,1.03974707946056,0.944050036003798,1.14648655929719,1.00555861790984,597.403097168849,1385.49225719421
"model_fits/finalized_redone_trunc/proportion/vegan/mpbamod_dishes_prop","mu_gamma[1]","mu_gamma[1]","pooled_mu_gamma",NA,"exp_p10",0.0072937928395,0.0118643,0.595917607521968,-1.1695455,1.1867855,1.0007296453457,0.889625625729264,1.12600790486584,1.01584512445743,171.519401881696,394.823849181973
"model_fits/finalized_redone_trunc/proportion/vegan/mpbamod_dishes_prop","mu_gamma[2]","mu_gamma[2]","pooled_mu_gamma",NA,"exp_p10",-0.045258675542,-0.0143723,1.01000733947255,-2.10482625,1.870723,0.995484358750908,0.810193132136724,1.20571445505379,1.00040470519035,520.003592980771,952.990194853939
"model_fits/finalized_redone_trunc/proportion/vegan/vegan_dishes_count","beta[41,1]","exposure_2HRX9P6HKXA8V_1","level","2HRX9P6HKXA8V","exp",0.0565611589486217,0.0559936,0.0521070840537115,-0.04382286,0.160462875,1.05819133069045,0.957123487311888,1.17405418556989,1.00177185608143,1135.28592583399,2559.14405517874
"model_fits/finalized_redone_trunc/proportion/vegan/vegan_dishes_count","beta[42,4]","exposure_ED5J990H5VAZT_1","level","ED5J990H5VAZT","exp",0.3529084165,0.3520085,0.0605303157608184,0.238969975,0.471692925,1.42320079575477,1.26994040605071,1.60270515746902,1.0007180767494,1522.5568717595,3312.90505296517
"model_fits/finalized_redone_trunc/proportion/vegan/vegan_dishes_count","beta[43,2]","exposure_JHDN7CF1C03X5_1","level","JHDN7CF1C03X5","exp",0.0303127632645333,0.0301419,0.0120638845678768,0.007078087,0.0542518675,1.03077687268274,1.00710319586374,1.05575047790444,1.00033561884374,3378.22319827375,4160.9676115969
"model_fits/finalized_redone_trunc/proportion/vegan/vegan_dishes_count","beta[44,3]","exposure_L69HYJ4Y3TR91_1","level","L69HYJ4Y3TR91","exp",0.189277381433333,0.188663,0.0454732804344912,0.101690775,0.281222225,1.20837608709174,1.10704109401249,1.32474796334319,1.00105812183447,1434.33511498296,3326.45124973932
"model_fits/finalized_redone_trunc/proportion/vegan/vegan_dishes_count","beta[45,5]","exposure_W8T41JZK0ZMEP_1","level","W8T41JZK0ZMEP","exp",0.02679454075345,0.02661055,0.00785612795558199,0.0119306925,0.0421750225,1.02715674223172,1.01200214709662,1.04307702472403,1.00021950344204,1441.89339470351,3245.279167954
"model_fits/finalized_redone_trunc/proportion/vegan/vegan_dishes_count","mu_gamma[1]","mu_gamma[1]","pooled_mu_gamma",NA,"exp",0.126576163521,0.1242705,0.113210768382449,-0.0881352975,0.3659422,1.13493588859773,0.91563698494742,1.44187190005011,1.01367583470913,174.114048948633,299.826897876993
"model_fits/finalized_redone_trunc/proportion/vegan/vegan_dishes_count","mu_gamma[2]","mu_gamma[2]","pooled_mu_gamma",NA,"exp",-0.04927806736585,-0.03370475,1.03083873613994,-2.117236,1.9904305,0.951916396008563,0.120363854857964,7.31868377758637,1.00764799898711,716.537513621848,1529.1611647637
"model_fits/finalized_redone_trunc/proportion/vegan/vegan_dishes_prop","beta[41,1]","exposure_2HRX9P6HKXA8V_1","level","2HRX9P6HKXA8V","exp_p10",1.27503301765667,1.34394,0.788530653806061,-0.48500515,2.72741025,1.13598861900319,0.952656848687432,1.3135600215654,1.00183071461657,1092.89723604542,2428.97429461499
"model_fits/finalized_redone_trunc/proportion/vegan/vegan_dishes_prop","beta[42,4]","exposure_ED5J990H5VAZT_1","level","ED5J990H5VAZT","exp_p10",2.39577234795348,2.2583,0.92064984740978,0.94117315,4.48538775,1.27071182400364,1.0986886310137,1.56602220201494,1.0029052831112,927.195979819223,3020.39940321277
"model_fits/finalized_redone_trunc/proportion/vegan/vegan_dishes_prop","beta[43,2]","exposure_JHDN7CF1C03X5_1","level","JHDN7CF1C03X5","exp_p10",1.36171857244833,1.3842,0.570539637328353,0.205152425,2.42344025,1.14587880424833,1.02072712655785,1.27423248525083,1.00101695092159,1447.72114261076,3677.18917877549
"model_fits/finalized_redone_trunc/proportion/vegan/vegan_dishes_prop","beta[44,3]","exposure_L69HYJ4Y3TR91_1","level","L69HYJ4Y3TR91","exp_p10",3.06639388771667,2.66596,1.55244921330623,1.00013205,6.72158925,1.3588508628298,1.10518551195398,1.95846093003084,1.00257480712699,613.996196948219,2024.35084301154
"model_fits/finalized_redone_trunc/proportion/vegan/vegan_dishes_prop","beta[45,5]","exposure_W8T41JZK0ZMEP_1","level","W8T41JZK0ZMEP","exp_p10",1.63526383681667,1.636825,0.481789772411678,0.70013045,2.5995325,1.17765642568979,1.0725221722147,1.29686945660146,1.00063017137027,2217.75548419574,3007.55949220261
"model_fits/finalized_redone_trunc/proportion/vegan/vegan_dishes_prop","mu_gamma[1]","mu_gamma[1]","pooled_mu_gamma",NA,"exp_p10",1.52601324297667,1.56649,0.579659737374,0.19023315,2.55692725,1.16486048478573,1.01920541111456,1.29135586559629,1.00076641190236,494.115656319137,742.276943892481
"model_fits/finalized_redone_trunc/proportion/vegan/vegan_dishes_prop","mu_gamma[2]","mu_gamma[2]","pooled_mu_gamma",NA,"exp_p10",0.0085125236365,0.00232655,0.998069600700509,-1.936778,1.96423025,1.00085161478177,0.823923329603057,1.21704163549263,1.00392364954132,1034.730477673,1904.94410874956
"model_fits/finalized_redone_trunc/proportion/vegan/vegetarian_dishes_count","beta[41,2]","exposure_2HRX9P6HKXA8V_1","level","2HRX9P6HKXA8V","exp",-0.002789817405875,-0.001720425,0.0383892258794651,-0.0814272275,0.06852073,0.997214070518331,0.921799789088247,1.07092282495104,1.00367370095922,635.099495287867,1552.32685069435
"model_fits/finalized_redone_trunc/proportion/vegan/vegetarian_dishes_count","beta[42,5]","exposure_ED5J990H5VAZT_1","level","ED5J990H5VAZT","exp",0.1226669086,0.1216055,0.0215896638642137,0.0828291525,0.1664312,1.13050779580126,1.08635619145316,1.18108227461453,1.00159482561857,1301.91233659908,2501.22164839499
"model_fits/finalized_redone_trunc/proportion/vegan/vegetarian_dishes_count","beta[43,3]","exposure_JHDN7CF1C03X5_1","level","JHDN7CF1C03X5","exp",0.021078581104,0.0209126,0.0086086141938307,0.00478028225,0.038658005,1.02130230354688,1.00479172602676,1.03941494814275,1.00273312561184,2627.49962347959,3012.5572451418
"model_fits/finalized_redone_trunc/proportion/vegan/vegetarian_dishes_count","beta[44,4]","exposure_L69HYJ4Y3TR91_1","level","L69HYJ4Y3TR91","exp",0.104463948945,0.1032585,0.0306171269084402,0.0471297525,0.167748925,1.11011537231447,1.04825801435396,1.18263964212054,1.0067548742121,835.728555055677,1507.4047219092
"model_fits/finalized_redone_trunc/proportion/vegan/vegetarian_dishes_count","beta[45,1]","exposure_SRQS8F7JWA9MZ_1","level","SRQS8F7JWA9MZ","exp",0.04723054161225,0.0466801,0.0223152170863662,0.0044333675,0.09333677,1.04836367267315,1.00444320941259,1.09783138969744,1.00028280749176,1025.45912439204,1759.51913019222
"model_fits/finalized_redone_trunc/proportion/vegan/vegetarian_dishes_count","beta[46,6]","exposure_W8T41JZK0ZMEP_1","level","W8T41JZK0ZMEP","exp",0.008901961440249,0.008988445,0.00542097586987776,-0.00150108525,0.019531115,1.00894170173365,0.998500040814954,1.01972309505115,1.00030937339613,1122.68115568439,2083.78248152335
"model_fits/finalized_redone_trunc/proportion/vegan/vegetarian_dishes_count","mu_gamma[1]","mu_gamma[1]","pooled_mu_gamma",NA,"exp",0.04886597446098,0.04744215,0.0316098755563883,-0.0108371075,0.11390195,1.05007960382348,0.989221402399388,1.12064224052548,1.02697827685503,132.991202190121,425.085372699676
"model_fits/finalized_redone_trunc/proportion/vegan/vegetarian_dishes_count","mu_gamma[2]","mu_gamma[2]","pooled_mu_gamma",NA,"exp",-0.0228855302515,-0.03359595,0.971575184975652,-1.949673,1.85068575,0.977374357166951,0.142320602815364,6.36418226454363,1.00483627375316,723.323022308947,1246.59334729357
"model_fits/finalized_redone_trunc/proportion/vegan/vegetarian_dishes_prop","beta[41,2]","exposure_2HRX9P6HKXA8V_1","level","2HRX9P6HKXA8V","exp_p10",0.76859116189675,0.837219,0.822374861974953,-1.0405965,2.2162615,1.07988992666754,0.901171540935517,1.24810468669635,1.00470725839913,557.78126074995,1012.1375994733
"model_fits/finalized_redone_trunc/proportion/vegan/vegetarian_dishes_prop","beta[42,5]","exposure_ED5J990H5VAZT_1","level","ED5J990H5VAZT","exp_p10",2.052645689975,1.96182,0.761022962384405,0.805090725,3.72018025,1.2278498730042,1.08383867972407,1.4506591291883,1.00088069969364,599.871157348169,1164.94235394378
"model_fits/finalized_redone_trunc/proportion/vegan/vegetarian_dishes_prop","beta[43,3]","exposure_JHDN7CF1C03X5_1","level","JHDN7CF1C03X5","exp_p10",1.3082729656725,1.31114,0.536022299704016,0.251419575,2.38133575,1.13977092196257,1.02546068202718,1.26887867197418,1.00275208211783,1225.17339061003,2385.72907855281
"model_fits/finalized_redone_trunc/proportion/vegan/vegetarian_dishes_prop","beta[44,4]","exposure_L69HYJ4Y3TR91_1","level","L69HYJ4Y3TR91","exp_p10",2.2729343091,2.03695,1.16875751580221,0.59216285,5.052304,1.2551981278371,1.061004695326,1.65736733390799,1.00587329022431,340.388578827658,888.448801535839
"model_fits/finalized_redone_trunc/proportion/vegan/vegetarian_dishes_prop","beta[45,1]","exposure_SRQS8F7JWA9MZ_1","level","SRQS8F7JWA9MZ","exp_p10",0.87925509381,0.883091,0.408597140200921,0.09506364,1.6662275,1.09190678218661,1.00955169300239,1.18130853259339,1.00027334621668,930.33682897771,1745.37178914592
"model_fits/finalized_redone_trunc/proportion/vegan/vegetarian_dishes_prop","beta[46,6]","exposure_W8T41JZK0ZMEP_1","level","W8T41JZK0ZMEP","exp_p10",1.6664644528,1.628085,0.613937356816282,0.560213325,2.96364,1.18133652436147,1.05762024517984,1.34495963304841,1.00292511325367,944.244744146939,1531.42313554038
"model_fits/finalized_redone_trunc/proportion/vegan/vegetarian_dishes_prop","mu_gamma[1]","mu_gamma[1]","pooled_mu_gamma",NA,"exp_p10",1.26185195176,1.269875,0.485613564511873,0.2246477,2.17138925,1.1344922513214,1.02271900313928,1.24251670678143,1.01170145582976,337.960511942749,765.860052426675
"model_fits/finalized_redone_trunc/proportion/vegan/vegetarian_dishes_prop","mu_gamma[2]","mu_gamma[2]","pooled_mu_gamma",NA,"exp_p10",-0.00653196466925,-0.0250411,0.992972311343358,-1.90362975,1.9772015,0.999347016819445,0.826659022921413,1.21862131492342,1.00429544287595,727.80414003371,1254.0969531334
"model_fits/finalized_redone_trunc/proportion/vegetarian/mpbamod_dishes_count","beta[41,2]","exposure_2HRX9P6HKXA8V_1","level","2HRX9P6HKXA8V","exp",-0.1952151776831,-0.1959715,0.0998629615206054,-0.394402725,-0.00174601999999994,0.82265762144857,0.674082531681679,0.998255503406159,1.00219328983484,901.366686400193,1285.94306215127
"model_fits/finalized_redone_trunc/proportion/vegetarian/mpbamod_dishes_count","beta[42,5]","exposure_ED5J990H5VAZT_1","level","ED5J990H5VAZT","exp",0.02242278755,0.0224116,0.00662704596252126,0.00933514075,0.0357520325,1.02267606779114,1.00937884907834,1.03639882140056,1.00776680739006,705.474299194417,1997.58089803656
"model_fits/finalized_redone_trunc/proportion/vegetarian/mpbamod_dishes_count","beta[43,3]","exposure_JHDN7CF1C03X5_1","level","JHDN7CF1C03X5","exp",-0.00133387599820425,-0.00136198,0.0170113550778888,-0.0343739475,0.03153586,0.998667013218973,0.966210125212454,1.03203838382853,1.00100310569389,1751.11722565719,2928.83662080391
"model_fits/finalized_redone_trunc/proportion/vegetarian/mpbamod_dishes_count","beta[44,4]","exposure_L69HYJ4Y3TR91_1","level","L69HYJ4Y3TR91","exp",0.1406375301205,0.138686,0.0782091593480655,-0.0083811275,0.298816125,1.15100736686182,0.991653896234657,1.34826168906106,1.00339414990148,613.436392088955,1241.68248003598
"model_fits/finalized_redone_trunc/proportion/vegetarian/mpbamod_dishes_count","beta[45,1]","exposure_SRQS8F7JWA9MZ_1","level","SRQS8F7JWA9MZ","exp",0.36737496825,0.3672465,0.0445250072809886,0.281922325,0.4569871,1.44393924899138,1.32567574412409,1.57930851103824,1.00312312239288,661.946569015323,2095.62788265925
"model_fits/finalized_redone_trunc/proportion/vegetarian/mpbamod_dishes_count","beta[46,6]","exposure_W8T41JZK0ZMEP_1","level","W8T41JZK0ZMEP","exp",0.0145315820846275,0.0145791,0.00986632327852819,-0.00452967575,0.0343553875,1.01463767881843,0.995480567758772,1.03495235050694,1.00294665865271,1199.96118447111,2705.36831438203
"model_fits/finalized_redone_trunc/proportion/vegetarian/mpbamod_dishes_count","mu_gamma[1]","mu_gamma[1]","pooled_mu_gamma",NA,"exp",0.0547714335586475,0.06435935,0.121319077411648,-0.201456425,0.273583325,1.05629915254317,0.817539201054632,1.31466689926766,1.06608340023127,35.0622014269724,68.3901647595782
"model_fits/finalized_redone_trunc/proportion/vegetarian/mpbamod_dishes_count","mu_gamma[2]","mu_gamma[2]","pooled_mu_gamma",NA,"exp",0.006757110686,0.003989865,0.994780341957228,-1.8500295,2.000258,1.00677999146537,0.157232527885639,7.39096272134789,1.00154687951154,575.382838087598,949.949765075988
"model_fits/finalized_redone_trunc/proportion/vegetarian/mpbamod_dishes_prop","beta[41,2]","exposure_2HRX9P6HKXA8V_1","level","2HRX9P6HKXA8V","exp_p10",-3.22111137752,-3.147365,1.78031883319186,-6.9324805,-0.0345942599999998,0.724617653477576,0.499949567823548,0.996546550919901,1.00315978045172,361.589321739349,877.646184833359
"model_fits/finalized_redone_trunc/proportion/vegetarian/mpbamod_dishes_prop","beta[42,5]","exposure_ED5J990H5VAZT_1","level","ED5J990H5VAZT","exp_p10",0.35015240723325,0.351964,0.142331160710838,0.0671296675,0.624889575,1.03563549251335,1.00673554921479,1.0644827043027,1.00140173955214,1445.62123507542,2657.28141843311
"model_fits/finalized_redone_trunc/proportion/vegetarian/mpbamod_dishes_prop","beta[43,3]","exposure_JHDN7CF1C03X5_1","level","JHDN7CF1C03X5","exp_p10",-3.17539277625,-3.15568,0.662654341832385,-4.519117,-1.90655525,0.727938088533533,0.636410362279138,0.826417219195822,1.00045456127922,743.894547664348,1788.81849157817
"model_fits/finalized_redone_trunc/proportion/vegetarian/mpbamod_dishes_prop","beta[44,4]","exposure_L69HYJ4Y3TR91_1","level","L69HYJ4Y3TR91","exp_p10",1.3407931586025,1.33382,1.88665722957006,-2.17285,5.12454575,1.14348351242638,0.804700596950863,1.66938379782627,1.00031505827753,477.21297825711,1139.99208713557
"model_fits/finalized_redone_trunc/proportion/vegetarian/mpbamod_dishes_prop","beta[45,1]","exposure_SRQS8F7JWA9MZ_1","level","SRQS8F7JWA9MZ","exp_p10",3.3696081525,3.360675,0.438616833687115,2.53998925,4.2205965,1.40068417720387,1.28917041840886,1.52509949415491,1.00180859772225,720.821254681399,1491.64007183311
"model_fits/finalized_redone_trunc/proportion/vegetarian/mpbamod_dishes_prop","beta[46,6]","exposure_W8T41JZK0ZMEP_1","level","W8T41JZK0ZMEP","exp_p10",0.48127591428975,0.482313,0.510484395971745,-0.481884775,1.498114,1.04930452904801,0.952954159732539,1.161615141452,1.00033827752203,1276.75948015123,1833.00867089047
"model_fits/finalized_redone_trunc/proportion/vegetarian/mpbamod_dishes_prop","mu_gamma[1]","mu_gamma[1]","pooled_mu_gamma",NA,"exp_p10",-0.08045111354675,-0.0853593,0.723463490012602,-1.52423875,1.3359705,0.991987163942896,0.858624254239941,1.14293218232111,1.00511630939998,145.936137544078,336.254230674451
"model_fits/finalized_redone_trunc/proportion/vegetarian/mpbamod_dishes_prop","mu_gamma[2]","mu_gamma[2]","pooled_mu_gamma",NA,"exp_p10",0.04257014007125,0.0675418,1.0297572654251,-2.03838675,2.041185,1.00426608796267,0.815593936266407,1.22644347839773,1.00475684570642,484.051495616851,1001.95815618636
"model_fits/finalized_redone_trunc/proportion/vegetarian/vegan_dishes_count","beta[41,2]","exposure_2HRX9P6HKXA8V_1","level","2HRX9P6HKXA8V","exp",0.029264027730325,0.0280063,0.0517328498305849,-0.069823175,0.1289283,1.02969642699843,0.932558705020629,1.13760855470813,1.00074974431862,1204.67339713033,1996.35155867368
"model_fits/finalized_redone_trunc/proportion/vegetarian/vegan_dishes_count","beta[42,5]","exposure_ED5J990H5VAZT_1","level","ED5J990H5VAZT","exp",0.26619700575,0.265586,0.0305243718737796,0.20843625,0.3265705,1.30499212431659,1.23175040346971,1.38620597383935,1.00101572078938,657.732664519095,2439.98788752434
"model_fits/finalized_redone_trunc/proportion/vegetarian/vegan_dishes_count","beta[43,3]","exposure_JHDN7CF1C03X5_1","level","JHDN7CF1C03X5","exp",0.02983897337975,0.02972885,0.0100604026551973,0.0101530825,0.049912885,1.0302886167015,1.01020479992436,1.05117951888341,1.00258395701606,2244.38374793976,2640.51226643338
"model_fits/finalized_redone_trunc/proportion/vegetarian/vegan_dishes_count","beta[44,4]","exposure_L69HYJ4Y3TR91_1","level","L69HYJ4Y3TR91","exp",0.1254462542,0.125684,0.0288841989674914,0.0699904925,0.181488025,1.1336542381692,1.07249798443116,1.19900017859661,1.0015388160601,1054.24298126253,2398.93685282724
"model_fits/finalized_redone_trunc/proportion/vegetarian/vegan_dishes_count","beta[45,1]","exposure_SRQS8F7JWA9MZ_1","level","SRQS8F7JWA9MZ","exp",0.47673196325,0.4738355,0.0916000817565156,0.304964825,0.660311425,1.61080163215172,1.356577284561,1.93539497093794,1.00085527062933,677.773631780865,1481.9904670818
"model_fits/finalized_redone_trunc/proportion/vegetarian/vegan_dishes_count","beta[46,6]","exposure_W8T41JZK0ZMEP_1","level","W8T41JZK0ZMEP","exp",0.02439163084075,0.0243443,0.00727150761487547,0.0101859875,0.0391155125,1.02469154012936,1.0102380412602,1.03989059707532,1.00263532367418,1358.51659994822,2532.15609431935
"model_fits/finalized_redone_trunc/proportion/vegetarian/vegan_dishes_count","mu_gamma[1]","mu_gamma[1]","pooled_mu_gamma",NA,"exp",0.169237861055275,0.164542,0.117706989956413,-0.067863025,0.426289125,1.18440182848995,0.93438845267035,1.53156352442922,1.02376963831623,84.1489784887432,182.573506196046
"model_fits/finalized_redone_trunc/proportion/vegetarian/vegan_dishes_count","mu_gamma[2]","mu_gamma[2]","pooled_mu_gamma",NA,"exp",-0.070552559378075,-0.0739214,0.975530715373528,-1.97451825,1.8769565,0.931878759270597,0.13882817660979,6.53358959157887,1.00376528664992,382.107241834101,659.888238658646
"model_fits/finalized_redone_trunc/proportion/vegetarian/vegan_dishes_prop","beta[41,2]","exposure_2HRX9P6HKXA8V_1","level","2HRX9P6HKXA8V","exp_p10",0.655373385828,0.683298,0.781608681262317,-0.988356025,2.0999095,1.06773260419146,0.905891622100606,1.23366689522082,1.0012425203694,301.402177541256,892.98163065254
"model_fits/finalized_redone_trunc/proportion/vegetarian/vegan_dishes_prop","beta[42,5]","exposure_ED5J990H5VAZT_1","level","ED5J990H5VAZT","exp_p10",1.58436966715,1.58248,0.476911620397479,0.6586894,2.55594125,1.17167806717996,1.06808672454636,1.29122854418499,1.00352593791776,418.564212142399,381.731749326919
"model_fits/finalized_redone_trunc/proportion/vegetarian/vegan_dishes_prop","beta[43,3]","exposure_JHDN7CF1C03X5_1","level","JHDN7CF1C03X5","exp_p10",0.91725800748975,0.9130145,0.488774734689591,-0.0132296,1.91108525,1.09606424087921,0.998677914725796,1.21059082432179,1.00171103655426,470.89748329269,1192.48752135507
"model_fits/finalized_redone_trunc/proportion/vegetarian/vegan_dishes_prop","beta[44,4]","exposure_L69HYJ4Y3TR91_1","level","L69HYJ4Y3TR91","exp_p10",2.742636151,2.6607,1.09043517788892,0.827473175,4.97150075,1.31556155842341,1.08626729313178,1.64402922789353,1.00214494900885,142.210088807451,141.205357555903
"model_fits/finalized_redone_trunc/proportion/vegetarian/vegan_dishes_prop","beta[45,1]","exposure_SRQS8F7JWA9MZ_1","level","SRQS8F7JWA9MZ","exp_p10",0.14392696928385,0.1399555,0.326847157390698,-0.489982575,0.81935215,1.01449677049114,0.952182788875569,1.08538549085274,1.00243419854512,653.747037125697,517.370149419199
"model_fits/finalized_redone_trunc/proportion/vegetarian/vegan_dishes_prop","beta[46,6]","exposure_W8T41JZK0ZMEP_1","level","W8T41JZK0ZMEP","exp_p10",1.145833876385,1.149855,0.449847682777449,0.25104365,2.01163825,1.12140614857575,1.02542213312107,1.22282508473425,1.00068166929962,413.488867447054,882.792787805401
"model_fits/finalized_redone_trunc/proportion/vegetarian/vegan_dishes_prop","mu_gamma[1]","mu_gamma[1]","pooled_mu_gamma",NA,"exp_p10",0.9764075231025,0.959043,0.474985360410717,0.0783076475000001,1.94249175,1.10256661944114,1.00786150537677,1.21439884309118,1.04992891750951,119.926386275042,292.796213167319
"model_fits/finalized_redone_trunc/proportion/vegetarian/vegan_dishes_prop","mu_gamma[2]","mu_gamma[2]","pooled_mu_gamma",NA,"exp_p10",0.027632478219,0.02321815,0.979956678750457,-1.8838415,1.95131025,1.00276706911007,0.828296456024912,1.21547023304415,1.00518521767044,333.442257196673,663.580051253156
"model_fits/finalized_redone_trunc/proportion/vegetarian/vegetarian_dishes_count","beta[41,2]","exposure_2HRX9P6HKXA8V_1","level","2HRX9P6HKXA8V","exp",0.00792566885865,0.008612855,0.0415927284934669,-0.07629192,0.08739728,1.00795716011352,0.926545689858902,1.09133015725147,1.00232034037701,503.976026659987,900.717466857766
"model_fits/finalized_redone_trunc/proportion/vegetarian/vegetarian_dishes_count","beta[42,5]","exposure_ED5J990H5VAZT_1","level","ED5J990H5VAZT","exp",0.131191441875,0.1309855,0.0125669930344007,0.10656615,0.1563343,1.14018603977272,1.11245151267936,1.1692170070088,1.00170108363002,1022.15764601733,1805.91382052591
"model_fits/finalized_redone_trunc/proportion/vegetarian/vegetarian_dishes_count","beta[43,3]","exposure_JHDN7CF1C03X5_1","level","JHDN7CF1C03X5","exp",0.0356053768125,0.0355999,0.00773770232576028,0.0203907375,0.05095411,1.03624683876372,1.02060004883802,1.05227460329365,1.00103442991806,1825.25011219099,2754.45292812426
"model_fits/finalized_redone_trunc/proportion/vegetarian/vegetarian_dishes_count","beta[44,4]","exposure_L69HYJ4Y3TR91_1","level","L69HYJ4Y3TR91","exp",0.07196600496825,0.0718566,0.0212434557961631,0.02946819,0.11469295,1.07461881174223,1.02990667361953,1.12152901921247,1.00196803542016,550.442336375657,1425.8204241034
"model_fits/finalized_redone_trunc/proportion/vegetarian/vegetarian_dishes_count","beta[45,1]","exposure_SRQS8F7JWA9MZ_1","level","SRQS8F7JWA9MZ","exp",0.14292528725,0.1426395,0.0177307255348419,0.1096059,0.1788145,1.15364360655975,1.11583823194717,1.19579890289625,1.00082662346189,1099.01512682192,2229.87308965504
"model_fits/finalized_redone_trunc/proportion/vegetarian/vegetarian_dishes_count","beta[46,6]","exposure_W8T41JZK0ZMEP_1","level","W8T41JZK0ZMEP","exp",0.0200013735175,0.0199128,0.0054426237110994,0.009559168,0.03109221,1.02020274129211,1.00960500277746,1.03158062155017,1.00024308247835,1537.58989963035,2947.17253465192
"model_fits/finalized_redone_trunc/proportion/vegetarian/vegetarian_dishes_count","mu_gamma[1]","mu_gamma[1]","pooled_mu_gamma",NA,"exp",0.0634897960781,0.0657304,0.0503991111182802,-0.029189135,0.153325825,1.06554861297117,0.971232752987281,1.1657047328173,1.01351505101277,66.8388649223835,104.033848552083
"model_fits/finalized_redone_trunc/proportion/vegetarian/vegetarian_dishes_count","mu_gamma[2]","mu_gamma[2]","pooled_mu_gamma",NA,"exp",0.0168377172595,0.00997143,1.01420748516375,-1.99618525,2.06331025,1.01698027058773,0.135852539482699,7.87198496646273,1.00343549940139,457.48287398296,888.701109995708
"model_fits/finalized_redone_trunc/proportion/vegetarian/vegetarian_dishes_prop","beta[41,2]","exposure_2HRX9P6HKXA8V_1","level","2HRX9P6HKXA8V","exp_p10",1.39997944429278,1.678265,0.946448403722426,-0.898173875,2.62846825,1.15027143439051,0.914098095769306,1.30062748007865,1.05527021717424,101.970561761119,565.279906732603
"model_fits/finalized_redone_trunc/proportion/vegetarian/vegetarian_dishes_prop","beta[42,5]","exposure_ED5J990H5VAZT_1","level","ED5J990H5VAZT","exp_p10",2.32309384575,2.293165,0.397497077451235,1.60565325,3.18750225,1.26150996018233,1.17417447358285,1.37540773953017,1.01399916308653,346.337562178966,1274.86658854609
"model_fits/finalized_redone_trunc/proportion/vegetarian/vegetarian_dishes_prop","beta[43,3]","exposure_JHDN7CF1C03X5_1","level","JHDN7CF1C03X5","exp_p10",2.1334170625,2.1447,0.398451555733234,1.2942985,2.9159995,1.23780754556129,1.13817926538675,1.33856741661782,1.00533724688431,505.624849565168,1558.11304710119
"model_fits/finalized_redone_trunc/proportion/vegetarian/vegetarian_dishes_prop","beta[44,4]","exposure_L69HYJ4Y3TR91_1","level","L69HYJ4Y3TR91","exp_p10",2.35409764075,2.280905,0.617436916291277,1.2210355,3.80803425,1.26542718911224,1.12987109387472,1.46345989750321,1.01435938674296,358.719689344703,512.857626146491
"model_fits/finalized_redone_trunc/proportion/vegetarian/vegetarian_dishes_prop","beta[45,1]","exposure_SRQS8F7JWA9MZ_1","level","SRQS8F7JWA9MZ","exp_p10",2.203798385,2.20282,0.271398440084798,1.66352,2.7437025,1.24655012840528,1.18098873660253,1.31570185067853,1.00475768309787,649.715181505743,1172.47555000767
"model_fits/finalized_redone_trunc/proportion/vegetarian/vegetarian_dishes_prop","beta[46,6]","exposure_W8T41JZK0ZMEP_1","level","W8T41JZK0ZMEP","exp_p10",2.1875023555,2.187325,0.457811658222854,1.30193275,3.18157175,1.24452040091284,1.13904851165237,1.37459229579359,1.01168735615472,592.045581408789,937.791157479734
"model_fits/finalized_redone_trunc/proportion/vegetarian/vegetarian_dishes_prop","mu_gamma[1]","mu_gamma[1]","pooled_mu_gamma",NA,"exp_p10",1.8860931210685,1.990635,0.508046050664566,0.57369865,2.6212325,1.20756907769222,1.05904744254786,1.29968671894641,1.03788168003397,123.026403739536,167.628217868625
"model_fits/finalized_redone_trunc/proportion/vegetarian/vegetarian_dishes_prop","mu_gamma[2]","mu_gamma[2]","pooled_mu_gamma",NA,"exp_p10",0.073673921145825,0.05170455,1.00921556862695,-1.91591975,1.9898165,1.00739459811926,0.825643683036403,1.22015957576623,1.00140774683281,330.755947263645,695.259818169999
"model_fits/finalized_redone_trunc/proportion_targeted/breakfast_p/breakfast_dishes_count","beta[42,1]","exposure_2HRX9P6HKXA8V_1","level","2HRX9P6HKXA8V","exp",-0.08666432997861,-0.08719435,0.088614831744987,-0.259463575,0.0942000825,0.916984848302234,0.771465308106053,1.09877957048833,1.00051940109184,2473.56210790785,3316.92437524894
"model_fits/finalized_redone_trunc/proportion_targeted/breakfast_p/breakfast_dishes_count","beta[43,2]","exposure_ED5J990H5VAZT_1","level","ED5J990H5VAZT","exp",-0.0942478170521167,-0.0952103,0.0643736415303913,-0.2209236,0.0308136899999999,0.910057206599457,0.801777933784423,1.03129334572334,1.00135147617202,1519.59828272609,2231.16287015096
"model_fits/finalized_redone_trunc/proportion_targeted/breakfast_p/breakfast_dishes_count","beta[44,3]","exposure_L69HYJ4Y3TR91_1","level","L69HYJ4Y3TR91","exp",-0.06992095027476,-0.0768752,0.123695003772145,-0.3130977,0.197158825,0.932467528294503,0.731178472942307,1.21793746426301,1.00141330875495,2098.94052632587,3448.57855728028
"model_fits/finalized_redone_trunc/proportion_targeted/breakfast_p/breakfast_dishes_count","mu_gamma[1]","mu_gamma[1]","pooled_mu_gamma",NA,"exp",-0.0634954295676,-0.08230655,0.175280798944074,-0.355221225,0.401211324999998,0.938478408542987,0.701018343270223,1.49363287711854,1.01384959533499,267.953866164939,193.40263746429
"model_fits/finalized_redone_trunc/proportion_targeted/breakfast_p/breakfast_dishes_count","mu_gamma[2]","mu_gamma[2]","pooled_mu_gamma",NA,"exp",-0.0318946258705667,-0.0293913,0.994280100378325,-1.8973345,1.9030105,0.96860864299433,0.149967826183891,6.70605265542341,1.00060996551854,1144.36369572735,2374.86201591348
"model_fits/finalized_redone_trunc/proportion_targeted/breakfast_p/breakfast_dishes_presence","beta[42,1]","exposure_2HRX9P6HKXA8V_1","level","2HRX9P6HKXA8V","exp_p10",0.159601716364,-0.09292525,1.11000425595408,-1.44485975,2.8674575,1.01608821546928,0.865467050493371,1.33208548768174,1.00949610724137,543.985275280284,999.696903567844
"model_fits/finalized_redone_trunc/proportion_targeted/breakfast_p/breakfast_dishes_presence","beta[43,2]","exposure_ED5J990H5VAZT_1","level","ED5J990H5VAZT","exp_p10",-0.612144701688333,-0.611329,0.155939867845738,-0.91322275,-0.30330285,0.940621482893122,0.912723515524939,0.970125062871702,1.00090432202296,2410.3396262813,2960.59925118941
"model_fits/finalized_redone_trunc/proportion_targeted/breakfast_p/breakfast_dishes_presence","beta[44,3]","exposure_L69HYJ4Y3TR91_1","level","L69HYJ4Y3TR91","exp_p10",-0.0964168225319667,-0.0976976,0.188373001632701,-0.470205625,0.26406085,0.990404649739457,0.954067779369959,1.02675781477335,1.00020235085789,2148.76251512538,2606.08760779298
"model_fits/finalized_redone_trunc/proportion_targeted/breakfast_p/breakfast_dishes_presence","mu_gamma[1]","mu_gamma[1]","pooled_mu_gamma",NA,"exp_p10",-0.1684801145372,-0.245977,0.473645148207725,-0.955535275,0.954947949999999,0.983293122570461,0.908869710828158,1.10020309546192,1.00445683423579,333.610640054808,494.323922058606
"model_fits/finalized_redone_trunc/proportion_targeted/breakfast_p/breakfast_dishes_presence","mu_gamma[2]","mu_gamma[2]","pooled_mu_gamma",NA,"exp_p10",0.0275157723305,0.02994315,0.977806521702739,-1.88611425,1.93411225,1.00275536629619,0.82810822633863,1.21338166381282,1.00068623859579,1150.74179269132,1691.42903429918
"model_fits/finalized_redone_trunc/proportion_targeted/chicken_p/chicken_dishes_count","beta[42,1]","exposure_JHDN7CF1C03X5_1","level","JHDN7CF1C03X5","exp",0.063907155672425,0.06420635,0.0219999975406413,0.020566435,0.106327225,1.06599342272436,1.02077938146879,1.1121857519514,1.00804122735506,296.677811287807,1402.27252003089
"model_fits/finalized_redone_trunc/proportion_targeted/chicken_p/chicken_dishes_count","beta[43,2]","exposure_W8T41JZK0ZMEP_1","level","W8T41JZK0ZMEP","exp",0.12185637565,0.120248,0.0391252803696132,0.051371345,0.1990956,1.12959185323349,1.05271374069313,1.22029862087183,1.01169826637439,269.443498233372,1210.66264839629
"model_fits/finalized_redone_trunc/proportion_targeted/chicken_p/chicken_dishes_count","mu_gamma[1]","mu_gamma[1]","pooled_mu_gamma",NA,"exp",0.097207514705925,0.0865819,0.214173715321844,-0.362539675,0.630659525,1.1020890495784,0.695906703032477,1.87884931882659,1.0291849385116,99.7503227742549,208.549637169416
"model_fits/finalized_redone_trunc/proportion_targeted/chicken_p/chicken_dishes_count","mu_gamma[2]","mu_gamma[2]","pooled_mu_gamma",NA,"exp",0.063162497631,0.06641335,1.00441117676665,-2.0938885,1.92756975,1.06519991763167,0.123207112280437,6.87278733796556,1.01753697181727,129.989544923003,163.540996313795
"model_fits/finalized_redone_trunc/proportion_targeted/chicken_p/chicken_dishes_presence","beta[42,1]","exposure_JHDN7CF1C03X5_1","level","JHDN7CF1C03X5","exp_p10",0.608727380595667,0.4598285,1.22072348271023,-1.222855,3.70139025,1.06276365621567,0.884895694714319,1.44793589995965,1.27877389871633,360.542490607329,434.034738012354
"model_fits/finalized_redone_trunc/proportion_targeted/chicken_p/chicken_dishes_presence","beta[43,2]","exposure_W8T41JZK0ZMEP_1","level","W8T41JZK0ZMEP","exp_p10",0.230368290487833,0.222337,0.0883429965331481,0.0569006225,0.41714435,1.0233042261745,1.00570628140227,1.04259670710754,1.19599406244112,2270.89256457056,3115.96295536391
"model_fits/finalized_redone_trunc/proportion_targeted/chicken_p/chicken_dishes_presence","mu_gamma[1]","mu_gamma[1]","pooled_mu_gamma",NA,"exp_p10",0.186938336830333,0.1398775,0.559525440600747,-0.928414675,1.46613175,1.01886965728879,0.911337965530641,1.15790596941126,1.05951113620135,62.2838200697004,541.59568292976
"model_fits/finalized_redone_trunc/proportion_targeted/chicken_p/chicken_dishes_presence","mu_gamma[2]","mu_gamma[2]","pooled_mu_gamma",NA,"exp_p10",0.0410373081245333,0.133916,0.906901295011016,-1.82450075,1.8800775,1.00411216264579,0.833226241710055,1.20684286834559,1.29734590527199,660.950252404898,1097.8679106041
"model_fits/finalized_redone_trunc/proportion_targeted/dairy_p/dairy_dishes_count","beta[42,1]","exposure_ED5J990H5VAZT_1","level","ED5J990H5VAZT","exp",0.0317221252941167,0.0329566,0.0165400513602981,-0.0047283965,0.061443815,1.03223063466591,0.995282764768167,1.06337074936482,1.00435876447176,502.233042424999,1369.2875089919
"model_fits/finalized_redone_trunc/proportion_targeted/dairy_p/dairy_dishes_count","beta[43,2]","exposure_JHDN7CF1C03X5_1","level","JHDN7CF1C03X5","exp",0.0364262113563333,0.0363819,0.0137236317941561,0.00912917175,0.0633297825,1.03709777515613,1.00917096973526,1.06537812436558,1.00217427761834,1007.5698566155,2111.97590767784
"model_fits/finalized_redone_trunc/proportion_targeted/dairy_p/dairy_dishes_count","beta[44,3]","exposure_W8T41JZK0ZMEP_1","level","W8T41JZK0ZMEP","exp",0.0366518461335,0.03633725,0.0107967506920999,0.0159646075,0.05893787,1.03733180688338,1.01609272270801,1.06070933682178,1.00078091652972,945.774253734988,2422.79600085529
"model_fits/finalized_redone_trunc/proportion_targeted/dairy_p/dairy_dishes_count","mu_gamma[1]","mu_gamma[1]","pooled_mu_gamma",NA,"exp",0.0248206831915667,0.03485485,0.0479562291993322,-0.13980475,0.0749688175,1.02513128077265,0.869527994166428,1.07785054028613,1.04301689730938,81.1365730264123,46.6795585208562
"model_fits/finalized_redone_trunc/proportion_targeted/dairy_p/dairy_dishes_count","mu_gamma[2]","mu_gamma[2]","pooled_mu_gamma",NA,"exp",-0.0300769083399333,-0.040485,0.974657678221297,-1.87742,1.9498345,0.970370901063494,0.15298429651716,7.02752442904814,1.00757339644646,452.075166021523,880.545238587925
"model_fits/finalized_redone_trunc/proportion_targeted/dairy_p/dairy_dishes_presence","beta[42,1]","exposure_ED5J990H5VAZT_1","level","ED5J990H5VAZT","exp_p10",-0.0028061875614,-0.0034269,0.069785628896811,-0.13764475,0.134584575,0.99971942061362,0.986329822239536,1.01354943019841,1.0015769211772,2334.98453279695,2959.91176341211
"model_fits/finalized_redone_trunc/proportion_targeted/dairy_p/dairy_dishes_presence","beta[43,2]","exposure_JHDN7CF1C03X5_1","level","JHDN7CF1C03X5","exp_p10",0.647425025135817,0.1623235,2.19149823650117,-1.180272,5.57156049999995,1.06688426899373,0.88867188041073,1.74570074829691,1.02563823479992,99.8092900886178,60.3857966338241
"model_fits/finalized_redone_trunc/proportion_targeted/dairy_p/dairy_dishes_presence","beta[44,3]","exposure_W8T41JZK0ZMEP_1","level","W8T41JZK0ZMEP","exp_p10",0.181914708118172,0.06300445,1.05389983905865,-1.79839925,2.39069675,1.01835794354611,0.835403927992419,1.27006702542107,1.04281900025207,88.3789440945551,206.391509094337
"model_fits/finalized_redone_trunc/proportion_targeted/dairy_p/dairy_dishes_presence","mu_gamma[1]","mu_gamma[1]","pooled_mu_gamma",NA,"exp_p10",0.0774702551004,0.0389567,0.512349647285334,-1.0093425,1.2372625,1.00777711135392,0.903992468436699,1.13170602406672,1.05244722412622,81.7484244947129,178.029863091936
"model_fits/finalized_redone_trunc/proportion_targeted/dairy_p/dairy_dishes_presence","mu_gamma[2]","mu_gamma[2]","pooled_mu_gamma",NA,"exp_p10",-0.0912290709731667,-0.05851305,1.05125189990129,-2.32164325,1.859894,0.990918580361703,0.79281583314023,1.20440949356933,1.0276814764368,86.9471700283794,131.19067246954
"model_fits/finalized_redone_trunc/proportion_targeted/egg_p/egg_dishes_count","beta[42,1]","exposure_ED5J990H5VAZT_1","level","ED5J990H5VAZT","exp",0.02805387540378,0.0287415,0.0227449322943144,-0.0177030525,0.0711372525,1.02845109114669,0.982452725928152,1.07372858768822,1.00016169848942,1434.44871932441,3012.09827956727
"model_fits/finalized_redone_trunc/proportion_targeted/egg_p/egg_dishes_count","beta[43,2]","exposure_W8T41JZK0ZMEP_1","level","W8T41JZK0ZMEP","exp",0.0548734161545,0.05441615,0.0163215541278234,0.0230059275,0.0878057675,1.05640688216593,1.02327260497761,1.09177604304227,1.00169102375439,1839.85219636838,3021.13117865517
"model_fits/finalized_redone_trunc/proportion_targeted/egg_p/egg_dishes_count","mu_gamma[1]","mu_gamma[1]","pooled_mu_gamma",NA,"exp",0.05004588498975,0.04249355,0.217852864550955,-0.4246961,0.59330315,1.05131933504621,0.65396849596013,1.80995711205542,1.00971805395007,223.838355293331,275.466845781707
"model_fits/finalized_redone_trunc/proportion_targeted/egg_p/egg_dishes_count","mu_gamma[2]","mu_gamma[2]","pooled_mu_gamma",NA,"exp",-0.00121578759225,0.00975007,1.03247662737242,-1.9852765,1.9608125,0.998784951178058,0.137342633628195,7.10509761236442,1.00248197301437,573.210704598384,921.187551348866
"model_fits/finalized_redone_trunc/proportion_targeted/egg_p/egg_dishes_presence","beta[42,1]","exposure_ED5J990H5VAZT_1","level","ED5J990H5VAZT","exp_p10",0.097512662631175,0.096537,0.122961612883998,-0.1376742,0.335695575,1.00979896477421,0.986326917502487,1.03413937337409,1.00071507392661,2359.18536522895,2939.67634776059
"model_fits/finalized_redone_trunc/proportion_targeted/egg_p/egg_dishes_presence","beta[43,2]","exposure_W8T41JZK0ZMEP_1","level","W8T41JZK0ZMEP","exp_p10",0.06448033469725,0.1029565,0.930511531239671,-2.112196,1.9113775,1.00646886679145,0.809596260020097,1.21062620435562,1.00288863213436,653.804311083218,1043.23941912716
"model_fits/finalized_redone_trunc/proportion_targeted/egg_p/egg_dishes_presence","mu_gamma[1]","mu_gamma[1]","pooled_mu_gamma",NA,"exp_p10",0.09133936645245,0.0946373,0.546838111704037,-1.0690555,1.27424525,1.00917577834067,0.898610542748031,1.13589913301871,1.00209049997432,314.924123960332,398.984490506879
"model_fits/finalized_redone_trunc/proportion_targeted/egg_p/egg_dishes_presence","mu_gamma[2]","mu_gamma[2]","pooled_mu_gamma",NA,"exp_p10",0.0342320173,0.02690325,0.997469485778402,-1.8220955,1.99830225,1.00342906757646,0.833426677555791,1.22119541210849,1.0002727915977,656.07938908108,1156.80097866894
"model_fits/finalized_redone_trunc/proportion_targeted/untextured_p/untextured_dishes_count","beta[42,1]","exposure_SRQS8F7JWA9MZ_1","level","SRQS8F7JWA9MZ","exp",0.0922855979078333,0.0883637,0.0506569429831028,0.00591126875,0.190342375,1.09667798629762,1.00592877477639,1.20966368537084,1.2735883046351,9.04857983764835,67.0724165294641
"model_fits/finalized_redone_trunc/proportion_targeted/untextured_p/untextured_dishes_count","mu_gamma[1]","mu_gamma[1]","pooled_mu_gamma",NA,"exp",0.0922855979078333,0.0883637,0.0506569429831028,0.00591126875,0.190342375,1.09667798629762,1.00592877477639,1.20966368537084,1.2735883046351,9.04857983764835,67.0724165294641
"model_fits/finalized_redone_trunc/proportion_targeted/untextured_p/untextured_dishes_count","mu_gamma[2]","mu_gamma[2]","pooled_mu_gamma",NA,"exp",0.382995971865417,0.437986,0.967738339589317,-1.78155975,2.11420775,1.4666721221038,0.168375318944917,8.28302094263009,1.49087702138753,5.87847153526958,22.1844763745259
"model_fits/finalized_redone_trunc/proportion_targeted/untextured_p/untextured_dishes_presence","beta[42,1]","exposure_SRQS8F7JWA9MZ_1","level","SRQS8F7JWA9MZ","exp_p10",0.0922855979078333,0.0883637,0.0506569429831028,0.00591126875,0.190342375,1.00927127424521,1.00059130162492,1.01921654344646,1.2735883046351,9.04857983764835,67.0724165294641
"model_fits/finalized_redone_trunc/proportion_targeted/untextured_p/untextured_dishes_presence","mu_gamma[1]","mu_gamma[1]","pooled_mu_gamma",NA,"exp_p10",0.0922855979078333,0.0883637,0.0506569429831028,0.00591126875,0.190342375,1.00927127424521,1.00059130162492,1.01921654344646,1.2735883046351,9.04857983764835,67.0724165294641
"model_fits/finalized_redone_trunc/proportion_targeted/untextured_p/untextured_dishes_presence","mu_gamma[2]","mu_gamma[2]","pooled_mu_gamma",NA,"exp_p10",0.382995971865417,0.437986,0.967738339589317,-1.78155975,2.11420775,1.03904248045556,0.836811891574387,1.23543208464453,1.49087702138753,5.87847153526958,22.1844763745259
"model_fits/finalized_redone_trunc/t2_its/chicken_fish","beta[41,1]","exposure_VLZX7K2M9QD4T_1","level","VLZX7K2M9QD4T","exp",-0.0135766923374567,-0.01424535,0.0539447191928459,-0.11827355,0.0929435175000001,0.986515055270934,0.888452983056779,1.09739974963619,1.0038023420159,432.393144928143,1241.54816839711
"model_fits/finalized_redone_trunc/t2_its/chicken_fish","beta[42,2]","exposure_2HRX9P6HKXA8V_1","level","2HRX9P6HKXA8V","exp",-0.149152904861333,-0.149207,0.117175783726834,-0.37658505,0.0839722925000001,0.861437386864101,0.686200753830768,1.08759875874874,1.0088915382774,388.428395218801,546.688590326552
"model_fits/finalized_redone_trunc/t2_its/chicken_fish","beta[43,3]","exposure_JHDN7CF1C03X5_1","level","JHDN7CF1C03X5","exp",-0.106380072624,-0.105664,0.0588925721418963,-0.22445325,0.00711977175000001,0.899082866344894,0.798952926876186,1.00714517758367,1.02073195218763,164.346244633439,434.395413865912
"model_fits/finalized_redone_trunc/t2_its/chicken_fish","beta[44,4]","exposure_L69HYJ4Y3TR91_1","level","L69HYJ4Y3TR91","exp",-0.0866116309234,-0.07512415,0.259645618279058,-0.62065105,0.3872963,0.917033173810725,0.537594322852047,1.47299287440847,1.0123472858801,170.564964084849,708.585508765204
"model_fits/finalized_redone_trunc/t2_its/chicken_fish","beta[45,5]","exposure_ED5J990H5VAZT_1","level","ED5J990H5VAZT","exp",-0.2089341371363,-0.205542,0.185655847311307,-0.592868525,0.155012875,0.811448678217145,0.552739461504155,1.16767299479815,1.01697154189077,173.305168709149,283.036919858316
"model_fits/finalized_redone_trunc/t2_its/chicken_fish","beta[46,6]","exposure_W8T41JZK0ZMEP_1","level","W8T41JZK0ZMEP","exp",0.298187589487,0.2955215,0.146505305652581,0.027425465,0.592300975,1.34741452497292,1.02780500480618,1.80814412690259,1.00459990465134,645.599866670519,979.463789691554
"model_fits/finalized_redone_trunc/t2_its/chicken_fish","beta[47,6]","exposure_W8T41JZK0ZMEP_2","level","W8T41JZK0ZMEP","exp",-1.20831773166667,-1.1614,0.401189600612204,-2.1012945,-0.54078925,0.298699349460009,0.122298010964321,0.582288499769541,1.02951269771525,129.644414429561,326.328013014477
"model_fits/finalized_redone_trunc/t2_its/chicken_fish","beta[48,6]","exposure_W8T41JZK0ZMEP_3","level","W8T41JZK0ZMEP","exp",-0.257771482728333,-0.2562395,0.178452070536277,-0.607212725,0.0942680325000001,0.772771803635525,0.544867449950232,1.09885423509684,1.00030232415407,542.907275976931,1199.45481551502
"model_fits/finalized_redone_trunc/t2_its/chicken_fish","beta[49,6]","exposure_W8T41JZK0ZMEP_4","level","W8T41JZK0ZMEP","exp",-0.0170574890801967,-0.00782868,0.236970468758381,-0.525227075,0.4056809,0.98308716623339,0.591421052182498,1.50032372276487,1.0238096762519,244.265458050703,719.026877293707
"model_fits/finalized_redone_trunc/t2_its/chicken_fish","beta[50,6]","exposure_W8T41JZK0ZMEP_5","level","W8T41JZK0ZMEP","exp",-0.157478960972567,-0.156985,0.17993876444611,-0.525945675,0.18601645,0.854294786950867,0.590996209678594,1.20444207328677,1.00447198812539,458.642049421914,934.373340136999
"model_fits/finalized_redone_trunc/t2_its/chicken_fish","beta[51,7]","exposure_EMBVNVD207CC6_1","level","EMBVNVD207CC6","exp",0.585520560788667,0.516911,0.47246904680204,-0.167730325,1.630538,1.79592563081174,0.845581836221803,5.10662134191074,1.0522212450108,64.8665184792146,234.876775848228
"model_fits/finalized_redone_trunc/t2_its/chicken_fish","beta[52,8]","exposure_C0BE4NDSW26QN_1","level","C0BE4NDSW26QN","exp",0.103199348794233,0.1129515,0.616125633215722,-1.18537875,1.32672775,1.10871240752898,0.305630400060342,3.76869108926984,1.00477858186606,179.763268036329,422.087732569837
"model_fits/finalized_redone_trunc/t2_its/chicken_fish","beta[53,8]","exposure_C0BE4NDSW26QN_2","level","C0BE4NDSW26QN","exp",0.388743832873667,0.371305,0.428859413153713,-0.4175109,1.31027675,1.4751266239806,0.658684312149904,3.70719953772711,1.00257798716834,256.098021419107,398.511661742816
"model_fits/finalized_redone_trunc/t2_its/chicken_fish","beta[54,9]","exposure_V3Q26BHF3SE2H_1","level","V3Q26BHF3SE2H","exp",0.230951579664333,0.2313555,0.242443550749435,-0.254897125,0.70841945,1.25979823811883,0.774996221596523,2.03077897302065,1.0088295735811,263.463293902703,534.545647161264
"model_fits/finalized_redone_trunc/t2_its/chicken_fish","beta[55,9]","exposure_V3Q26BHF3SE2H_2","level","V3Q26BHF3SE2H","exp",0.178707294063555,0.1711025,0.231946247853871,-0.25164465,0.64011295,1.19567071302655,0.777520981065187,1.89669509891809,1.00640954519612,333.061781347644,591.774159619754
"model_fits/finalized_redone_trunc/t2_its/chicken_fish","beta[56,9]","exposure_V3Q26BHF3SE2H_3","level","V3Q26BHF3SE2H","exp",0.309870608669333,0.3109025,0.186704692300232,-0.06456312,0.67239235,1.36324871015521,0.937476938850113,1.95891813713315,1.00283783467461,502.571875906877,853.766904360528
"model_fits/finalized_redone_trunc/t2_its/chicken_fish","beta[57,9]","exposure_V3Q26BHF3SE2H_4","level","V3Q26BHF3SE2H","exp",-0.308106796985667,-0.300598,0.268241136100712,-0.8497715,0.19823165,0.73483683545931,0.427512607419675,1.21924479916851,1.01605723975591,231.407894323356,380.412275819134
"model_fits/finalized_redone_trunc/t2_its/chicken_fish","beta[58,10]","exposure_LBZEEFSBJNB3Z_1","level","LBZEEFSBJNB3Z","exp",0.5521606775,0.5459975,0.156538255796861,0.2616601,0.864208525,1.7370020674499,1.29908490841756,2.3731270717297,1.0287026290614,190.750785814427,773.185483582331
"model_fits/finalized_redone_trunc/t2_its/chicken_fish","beta[59,11]","exposure_SAFK7ND1HR6XS_1","level","SAFK7ND1HR6XS","exp",-0.0862680271216333,-0.0864062,0.128352829165311,-0.345848875,0.166415375,0.917348324035899,0.707619418010879,1.18106358413542,1.04465899789122,115.144624858627,387.319230354657
"model_fits/finalized_redone_trunc/t2_its/chicken_fish","beta[60,12]","exposure_S8MT0YGD2KTN9_1","level","S8MT0YGD2KTN9","exp",-0.102328352589667,-0.10082,0.105163087115014,-0.312430275,0.0977210575000001,0.90273308825197,0.731666642624814,1.102655164818,1.00174390317121,522.459580779325,1008.96320653862
"model_fits/finalized_redone_trunc/t2_its/chicken_fish","beta[61,13]","exposure_1SQPTEGYPH0GA_1","level","1SQPTEGYPH0GA","exp",-0.563581893333333,-0.5645055,0.110919621296391,-0.78326415,-0.352132875,0.569166713834631,0.456912144752065,0.703186679838333,1.01019086703998,780.365647998308,1286.72907866719
"model_fits/finalized_redone_trunc/t2_its/chicken_fish","beta[62,14]","exposure_9XKJD8DQTH559_1","level","9XKJD8DQTH559","exp",0.123995672840667,0.1205395,0.127616344497339,-0.1146646,0.3774736,1.13201097259673,0.891665158253401,1.45859493637971,1.00320376197025,686.972262843918,1306.88997659586
"model_fits/finalized_redone_trunc/t2_its/chicken_fish","beta[63,14]","exposure_9XKJD8DQTH559_2","level","9XKJD8DQTH559","exp",0.348830628134333,0.3476595,0.157046775182126,0.02790865,0.65620585,1.41740910078654,1.02830174476641,1.92746535069376,1.00281235506072,619.183030900936,1442.12856993748
"model_fits/finalized_redone_trunc/t2_its/chicken_fish","beta[64,15]","exposure_LQ5EH4BKGV61T_1","level","LQ5EH4BKGV61T","exp",0.238009446034767,0.199437,0.353410586047444,-0.374643825,1.07138025,1.26872117715266,0.687534117649998,2.9194062308402,1.1220302848868,20.1690008177492,109.446748620412
"model_fits/finalized_redone_trunc/t2_its/chicken_fish","beta[65,16]","exposure_78AY09MVJVTYE_1","level","78AY09MVJVTYE","exp",0.0514154106918667,0.0522428,0.0444629687523888,-0.0380328275,0.1364567,1.05276013027454,0.962681337950858,1.1462052460141,1.00453587361554,1094.48995144586,1901.19302403401
"model_fits/finalized_redone_trunc/t2_its/chicken_fish","beta[66,1]","exposure_VLZX7K2M9QD4T_1_slope","slope","VLZX7K2M9QD4T","exp",0.349858888651,0.3457305,0.345287694966685,-0.3384101,1.042933,1.41886731618502,0.712902866475826,2.83752728891488,1.02120850538335,187.058818194013,509.835515071486
"model_fits/finalized_redone_trunc/t2_its/chicken_fish","beta[67,2]","exposure_2HRX9P6HKXA8V_1_slope","slope","2HRX9P6HKXA8V","exp",0.380518220857867,0.3807355,0.137270385820678,0.11577855,0.66796905,1.46304257219288,1.12274721223125,1.9502723900004,1.04211501681338,52.0902078198724,115.667671889186
"model_fits/finalized_redone_trunc/t2_its/chicken_fish","beta[68,3]","exposure_JHDN7CF1C03X5_1_slope","slope","JHDN7CF1C03X5","exp",0.651900165,0.653936,0.110166166271359,0.43438875,0.862803475,1.9191841329964,1.54401898884238,2.36979505091366,1.04603581350216,87.3406797308286,145.478564289668
"model_fits/finalized_redone_trunc/t2_its/chicken_fish","beta[69,4]","exposure_L69HYJ4Y3TR91_1_slope","slope","L69HYJ4Y3TR91","exp",0.654370475312333,0.6342515,0.548947917411529,-0.356769525,1.782002,1.92393097402263,0.699933796387966,5.94173988251948,1.0132725330368,222.271559423079,351.179135971916
"model_fits/finalized_redone_trunc/t2_its/chicken_fish","beta[70,5]","exposure_ED5J990H5VAZT_1_slope","slope","ED5J990H5VAZT","exp",1.17182171766667,1.16069,0.252927875339006,0.71213725,1.690975,3.22786754902937,2.03834305524641,5.42476727560302,1.02473886247667,120.905580509007,468.038383065597
"model_fits/finalized_redone_trunc/t2_its/chicken_fish","beta[71,6]","exposure_W8T41JZK0ZMEP_1_slope","slope","W8T41JZK0ZMEP","exp",-1.11718353607,-0.934467,1.75902145946858,-5.21200525,1.9134775,0.327200045213659,0.0054507326399128,6.77661354477364,1.00701501860317,234.343781328552,335.434226785145
"model_fits/finalized_redone_trunc/t2_its/chicken_fish","beta[72,6]","exposure_W8T41JZK0ZMEP_2_slope","slope","W8T41JZK0ZMEP","exp",6.05757034,5.81085,2.41990101724235,2.192776,11.5379475,427.335893575125,8.96005172634723,102533.771362256,1.04020536333587,120.666126690001,318.344453564913
"model_fits/finalized_redone_trunc/t2_its/chicken_fish","beta[73,6]","exposure_W8T41JZK0ZMEP_3_slope","slope","W8T41JZK0ZMEP","exp",-2.13021346888667,-2.094705,1.28683777166207,-4.83720775,0.246156225,0.11881192849505,0.00792916337628504,1.279099385235,1.00779781119614,327.232665495148,781.752581341848
"model_fits/finalized_redone_trunc/t2_its/chicken_fish","beta[74,6]","exposure_W8T41JZK0ZMEP_4_slope","slope","W8T41JZK0ZMEP","exp",-3.61470943852,-3.318405,2.42358741797723,-9.18713875,0.125913800000001,0.0269247473752102,0.00010234728733691,1.13418439737411,1.03587693078474,108.393605091551,309.669918096362
"model_fits/finalized_redone_trunc/t2_its/chicken_fish","beta[75,6]","exposure_W8T41JZK0ZMEP_5_slope","slope","W8T41JZK0ZMEP","exp",1.00989052004,0.814755,1.80390526427109,-2.0498645,5.258204,2.74530044318121,0.128752348349096,192.136104788801,1.00965690408675,223.473318154774,309.866174935495
"model_fits/finalized_redone_trunc/t2_its/chicken_fish","beta[76,7]","exposure_EMBVNVD207CC6_1_slope","slope","EMBVNVD207CC6","exp",0.476358050771,0.472431,0.234743636818447,0.02011224,0.962338075,1.61019944590976,1.02031585385156,2.61780995976501,1.01506031606069,157.9837638469,510.624495217194
"model_fits/finalized_redone_trunc/t2_its/chicken_fish","beta[77,8]","exposure_C0BE4NDSW26QN_1_slope","slope","C0BE4NDSW26QN","exp",-0.221325207238667,-0.1829735,0.634271709047544,-1.5586975,0.947006375,0.801455998612487,0.210409951759498,2.57798058897826,1.00915390439967,166.753605408446,407.796735967784
"model_fits/finalized_redone_trunc/t2_its/chicken_fish","beta[78,8]","exposure_C0BE4NDSW26QN_2_slope","slope","C0BE4NDSW26QN","exp",0.6166047921,0.572603,0.625172073565402,-0.5269663,1.91676825,1.85262729689527,0.5903933318805,6.79895041817194,1.0085008726317,167.453223650242,384.053576347671
"model_fits/finalized_redone_trunc/t2_its/chicken_fish","beta[79,9]","exposure_V3Q26BHF3SE2H_1_slope","slope","V3Q26BHF3SE2H","exp",-0.333421611717033,-0.251831,2.19537280301187,-5.0836005,3.75301725,0.71646805913973,0.00619755450139506,42.6495724812003,1.00962511801436,206.791482772612,329.918976281157
"model_fits/finalized_redone_trunc/t2_its/chicken_fish","beta[80,9]","exposure_V3Q26BHF3SE2H_2_slope","slope","V3Q26BHF3SE2H","exp",0.07173517547,0.0257253,2.14857253013624,-4.097957,4.67084625,1.07437078664797,0.0166065679870944,106.788073612974,1.00629275157161,223.362348234683,375.106585956061
"model_fits/finalized_redone_trunc/t2_its/chicken_fish","beta[81,9]","exposure_V3Q26BHF3SE2H_3_slope","slope","V3Q26BHF3SE2H","exp",-0.310440333388667,-0.2669915,1.08283998716128,-2.428465,1.73405875,0.733124066135508,0.0881720728907685,5.66359443591967,1.01217575258018,246.719549438244,401.07537446032
"model_fits/finalized_redone_trunc/t2_its/chicken_fish","beta[82,9]","exposure_V3Q26BHF3SE2H_4_slope","slope","V3Q26BHF3SE2H","exp",1.43979487095033,1.37368,1.57985109098846,-1.46997475,4.77971825,4.21983011846767,0.229931290878521,119.070797121179,1.00951339297384,286.551732364288,716.842460855354
"model_fits/finalized_redone_trunc/t2_its/chicken_fish","beta[83,10]","exposure_LBZEEFSBJNB3Z_1_slope","slope","LBZEEFSBJNB3Z","exp",-0.593765447296667,-0.5896775,0.226264482297718,-1.0651315,-0.181533525,0.552243919421476,0.344682526034748,0.833990285310488,1.08272037948139,27.7277047984549,263.991468376064
"model_fits/finalized_redone_trunc/t2_its/chicken_fish","beta[84,11]","exposure_SAFK7ND1HR6XS_1_slope","slope","SAFK7ND1HR6XS","exp",0.4239767345602,0.408346,0.458581470326267,-0.429179075,1.37019025,1.52802604317259,0.651043333156743,3.93609946716494,1.01233307976479,295.319431205406,413.448774857838
"model_fits/finalized_redone_trunc/t2_its/chicken_fish","beta[85,12]","exposure_S8MT0YGD2KTN9_1_slope","slope","S8MT0YGD2KTN9","exp",0.436380209366667,0.437048,0.120465375811669,0.194322925,0.67844755,1.54709690367395,1.21448840830854,1.97081576313698,1.03989899367511,98.1961349014807,233.940865640612
"model_fits/finalized_redone_trunc/t2_its/chicken_fish","beta[86,13]","exposure_1SQPTEGYPH0GA_1_slope","slope","1SQPTEGYPH0GA","exp",0.864031741333333,0.8618865,0.12375138304666,0.631955675,1.116198,2.37270757870535,1.88128616829124,3.05322375111172,1.01503535412049,190.770691982275,507.986142639
"model_fits/finalized_redone_trunc/t2_its/chicken_fish","beta[87,14]","exposure_9XKJD8DQTH559_1_slope","slope","9XKJD8DQTH559","exp",-1.30441906548333,-1.286205,0.623690204586332,-2.58807625,-0.142132175,0.271330114298362,0.0751644987941104,0.867506586224776,1.00326920987906,371.226721827595,757.718049849573
"model_fits/finalized_redone_trunc/t2_its/chicken_fish","beta[88,14]","exposure_9XKJD8DQTH559_2_slope","slope","9XKJD8DQTH559","exp",1.4778702192,1.45699,0.623263149395993,0.34333835,2.76232725,4.38359962560945,1.40964563484748,15.8366559526788,1.00272407100442,353.087021507903,656.485392858386
"model_fits/finalized_redone_trunc/t2_its/chicken_fish","beta[89,15]","exposure_LQ5EH4BKGV61T_1_slope","slope","LQ5EH4BKGV61T","exp",0.5429196755731,0.5134295,0.49903118364664,-0.3949843,1.59318475,1.721024366682,0.673690616108512,4.91939103760887,1.04299409620984,72.6082863728545,381.601701214596
"model_fits/finalized_redone_trunc/t2_its/chicken_fish","beta[90,16]","exposure_78AY09MVJVTYE_1_slope","slope","78AY09MVJVTYE","exp",0.136270208863,0.1370085,0.0538731440124563,0.030599805,0.247809825,1.1459915088252,1.03107279113359,1.28121625372293,1.01508896645372,122.358857529609,272.61797711
"model_fits/finalized_redone_trunc/t2_its/chicken_fish","mu_gamma[1]","mu_gamma[1]","pooled_mu_gamma",NA,"exp",0.0138767870051333,0.0166725,0.120955193224944,-0.2296153,0.261269475,1.0139735165277,0.794839318380896,1.29857755247462,1.13349842644907,18.8462203546077,118.253032037526
"model_fits/finalized_redone_trunc/t2_its/chicken_fish","mu_gamma[2]","mu_gamma[2]","pooled_mu_gamma",NA,"exp",0.467816205957667,0.467172,0.191106826145395,0.09201036,0.84751345,1.59650394780608,1.09637618047921,2.33383642999245,1.03796914604619,50.9690407151888,133.186749237229
"model_fits/finalized_redone_trunc/t2_its/vegan","beta[41,1]","exposure_VLZX7K2M9QD4T_1","level","VLZX7K2M9QD4T","exp",0.14675327297,0.14985,0.059380940393953,0.02972377,0.252543125,1.15806820105092,1.03016993080738,1.28729500955507,1.00569617583264,294.906939942471,477.447144573757
"model_fits/finalized_redone_trunc/t2_its/vegan","beta[42,2]","exposure_SRQS8F7JWA9MZ_1","level","SRQS8F7JWA9MZ","exp",0.168334300829,0.168143,0.0934185633895183,-0.009618317,0.356169175,1.18333213344552,0.990427791065216,1.42784908420117,0.999198535755967,244.59824431305,440.779238788453
"model_fits/finalized_redone_trunc/t2_its/vegan","beta[43,2]","exposure_SRQS8F7JWA9MZ_2","level","SRQS8F7JWA9MZ","exp",0.046483108395,0.0479018,0.0879984251861267,-0.125322625,0.2216803,1.04758038360504,0.88221223294464,1.24817227339503,0.999290110166852,186.441798573322,296.692805322621
"model_fits/finalized_redone_trunc/t2_its/vegan","beta[44,3]","exposure_2HRX9P6HKXA8V_1","level","2HRX9P6HKXA8V","exp",-0.18028116618,-0.17926,0.0863539831376391,-0.35253705,-0.01177657,0.835035394689469,0.702902526789657,0.988292502389319,1.00004099893528,531.724851959604,651.725389731524
"model_fits/finalized_redone_trunc/t2_its/vegan","beta[45,4]","exposure_JHDN7CF1C03X5_1","level","JHDN7CF1C03X5","exp",-0.032914382076,-0.0301798,0.0656662118800536,-0.153932625,0.0923089399999999,0.967621401778232,0.857329781659663,1.09670358535502,1.00283296743086,153.63075462108,386.123034420123
"model_fits/finalized_redone_trunc/t2_its/vegan","beta[46,5]","exposure_L69HYJ4Y3TR91_1","level","L69HYJ4Y3TR91","exp",0.27744158865,0.2802625,0.17759888336356,-0.0753169025,0.626246775,1.31974902856988,0.927449528678794,1.87057669243495,1.00072890171787,127.059190769955,288.991863477106
"model_fits/finalized_redone_trunc/t2_its/vegan","beta[47,6]","exposure_ED5J990H5VAZT_1","level","ED5J990H5VAZT","exp",0.5382688883,0.526686,0.159020243292861,0.252333575,0.8898088,1.71303883236523,1.28702528514718,2.43466409900876,1.00170041548938,95.987608802656,182.103399868135
"model_fits/finalized_redone_trunc/t2_its/vegan","beta[48,7]","exposure_W8T41JZK0ZMEP_1","level","W8T41JZK0ZMEP","exp",0.18039196221,0.175361,0.0949358450805282,0.00339232025,0.386191425,1.1976867190642,1.00339808068024,1.47136630015244,0.999126793306082,184.419133704239,309.045047972321
"model_fits/finalized_redone_trunc/t2_its/vegan","beta[49,7]","exposure_W8T41JZK0ZMEP_2","level","W8T41JZK0ZMEP","exp",0.253735776412,0.248546,0.114664343395913,0.03940268,0.501823425,1.28883121966536,1.04018926273984,1.651730332849,1.00531103592639,106.792923311619,188.797749794763
"model_fits/finalized_redone_trunc/t2_its/vegan","beta[50,7]","exposure_W8T41JZK0ZMEP_3","level","W8T41JZK0ZMEP","exp",-0.0643918206768,-0.0609351,0.103053233335051,-0.267337025,0.128681325,0.937637541770447,0.765415063978392,1.13732762852763,1.02798645930947,154.216729479488,344.520647317658
"model_fits/finalized_redone_trunc/t2_its/vegan","beta[51,7]","exposure_W8T41JZK0ZMEP_4","level","W8T41JZK0ZMEP","exp",0.0786361672938,0.07535545,0.0931434896369951,-0.10272495,0.261664575,1.08181065236245,0.902375137632783,1.29909072183553,1.00552015783531,170.282177289576,251.501420113584
"model_fits/finalized_redone_trunc/t2_its/vegan","beta[52,7]","exposure_W8T41JZK0ZMEP_5","level","W8T41JZK0ZMEP","exp",0.094102546855,0.0944332,0.115641977559589,-0.1305487,0.3124613,1.09867240554049,0.87761375211828,1.36678504556901,1.00848259993882,142.95426223724,399.685435400596
"model_fits/finalized_redone_trunc/t2_its/vegan","beta[53,8]","exposure_EMBVNVD207CC6_1","level","EMBVNVD207CC6","exp",2.098517,2.12609,0.388961025002983,1.2958685,2.80541875,8.15406845803373,3.65416824150251,16.5339980683249,1.02132560227547,36.9625863786582,122.828559301236
"model_fits/finalized_redone_trunc/t2_its/vegan","beta[54,9]","exposure_C0BE4NDSW26QN_1","level","C0BE4NDSW26QN","exp",0.104188294106,0.118156,0.231881898009205,-0.3970741,0.5231136,1.10980940581275,0.672284207527141,1.68727297267022,1.00768666820594,109.737484502664,151.783047220145
"model_fits/finalized_redone_trunc/t2_its/vegan","beta[55,9]","exposure_C0BE4NDSW26QN_2","level","C0BE4NDSW26QN","exp",0.130069936031,0.1314965,0.222152557677635,-0.3152196,0.577014425,1.13890803124684,0.729628630227707,1.78071403121425,1.01913297002111,83.3406184987286,241.969807384304
"model_fits/finalized_redone_trunc/t2_its/vegan","beta[56,10]","exposure_V3Q26BHF3SE2H_1","level","V3Q26BHF3SE2H","exp",0.42442487867,0.426969,0.165498887397408,0.099612245,0.774810525,1.52871097250552,1.10474246559897,2.17018089320065,1.0073301635895,106.923943741184,216.768112143031
"model_fits/finalized_redone_trunc/t2_its/vegan","beta[57,10]","exposure_V3Q26BHF3SE2H_2","level","V3Q26BHF3SE2H","exp",0.553308583,0.531359,0.178462527156247,0.251576025,0.921536025,1.73899712652721,1.2860506683495,2.51314768439946,1.00052683028832,100.378061446109,190.712348148733
"model_fits/finalized_redone_trunc/t2_its/vegan","beta[58,10]","exposure_V3Q26BHF3SE2H_3","level","V3Q26BHF3SE2H","exp",0.1754679204725,0.174596,0.103718104611329,-0.0167128475,0.381529875,1.19180375553666,0.983426037339014,1.46452341419483,1.00699892738801,117.360509849523,219.3815661511
"model_fits/finalized_redone_trunc/t2_its/vegan","beta[59,10]","exposure_V3Q26BHF3SE2H_4","level","V3Q26BHF3SE2H","exp",0.061461801078,0.06085505,0.122723687843553,-0.160174575,0.31872595,1.06338987540606,0.851995038948647,1.37537435191253,1.00237703498927,72.0976915345891,247.8878894313
"model_fits/finalized_redone_trunc/t2_its/vegan","beta[60,11]","exposure_LBZEEFSBJNB3Z_1","level","LBZEEFSBJNB3Z","exp",0.1727939111155,0.1663,0.16757630537864,-0.116360625,0.523510975,1.18862111824002,0.890154153566436,1.6879435860014,0.999703660619658,136.615647200591,276.80001006368
"model_fits/finalized_redone_trunc/t2_its/vegan","beta[61,12]","exposure_SAFK7ND1HR6XS_1","level","SAFK7ND1HR6XS","exp",-0.1813803381359,-0.1779355,0.119061057960802,-0.4148571,0.04238519,0.834118051452782,0.660434650073626,1.04329626865279,0.999251401231608,97.2807024373849,190.407576431115
"model_fits/finalized_redone_trunc/t2_its/vegan","beta[62,13]","exposure_S8MT0YGD2KTN9_1","level","S8MT0YGD2KTN9","exp",-0.20266733703,-0.200723,0.121095287155861,-0.4343058,0.02523158,0.816549832141331,0.647714154208852,1.02555259049563,1.00345057207301,223.137725684507,491.295083266
"model_fits/finalized_redone_trunc/t2_its/vegan","beta[63,14]","exposure_1SQPTEGYPH0GA_1","level","1SQPTEGYPH0GA","exp",-0.941633434,-0.9375085,0.147938228230818,-1.2184015,-0.65687355,0.389990291405638,0.295702469733294,0.518469773011665,1.00325756416394,182.832959118009,338.215782037958
"model_fits/finalized_redone_trunc/t2_its/vegan","beta[64,15]","exposure_9XKJD8DQTH559_1","level","9XKJD8DQTH559","exp",0.26524247427,0.264585,0.110293361261437,0.055536185,0.467537425,1.30374706257262,1.05710726780685,1.59605893494003,1.0103142334967,132.806762081511,363.853563261972
"model_fits/finalized_redone_trunc/t2_its/vegan","beta[65,15]","exposure_9XKJD8DQTH559_2","level","9XKJD8DQTH559","exp",0.5040329897,0.503921,0.145862967668047,0.21220985,0.7945229,1.65538397287692,1.23640731793223,2.21338473899484,1.00397124553422,185.652463638092,338.751218307612
"model_fits/finalized_redone_trunc/t2_its/vegan","beta[66,16]","exposure_LQ5EH4BKGV61T_1","level","LQ5EH4BKGV61T","exp",0.168141335732,0.1508485,0.304170546537368,-0.394669075,0.79232095,1.18310381367519,0.673903013707733,2.20851633842319,1.00314152065669,99.9406698225446,285.144582419664
"model_fits/finalized_redone_trunc/t2_its/vegan","beta[67,17]","exposure_78AY09MVJVTYE_1","level","78AY09MVJVTYE","exp",-0.182024481048,-0.1803485,0.0808225949677596,-0.34430335,-0.024025995,0.833580933231103,0.708713907074142,0.976260331540739,1.00949619318111,264.633095933546,290.218774533793
"model_fits/finalized_redone_trunc/t2_its/vegan","beta[68,1]","exposure_VLZX7K2M9QD4T_1_slope","slope","VLZX7K2M9QD4T","exp",0.0864381655213,0.08484455,0.13539798062942,-0.19476645,0.38532495,1.09028394849379,0.823026853533161,1.47009195021343,1.16921942590989,102.735293618248,123.466319358945
"model_fits/finalized_redone_trunc/t2_its/vegan","beta[69,2]","exposure_SRQS8F7JWA9MZ_1_slope","slope","SRQS8F7JWA9MZ","exp",-0.274504785666,-0.2030535,0.346907256110603,-1.1702815,0.1688296,0.759948367381157,0.310279585267452,1.18391838204247,1.00123085194338,70.9382334827541,141.951873881375
"model_fits/finalized_redone_trunc/t2_its/vegan","beta[70,2]","exposure_SRQS8F7JWA9MZ_2_slope","slope","SRQS8F7JWA9MZ","exp",0.075829987988,0.00454763,0.339487241422785,-0.395180225,0.9442841,1.07877915315151,0.673558636204054,2.5709721606332,1.00098719802366,78.8364293753638,150.736012668476
"model_fits/finalized_redone_trunc/t2_its/vegan","beta[71,3]","exposure_2HRX9P6HKXA8V_1_slope","slope","2HRX9P6HKXA8V","exp",0.1418995502,0.1299115,0.0867777569885217,0.003684694,0.331977975,1.15246087825782,1.00369149083045,1.39372215144408,1.08689478108715,19.3988839431982,118.303028898563
"model_fits/finalized_redone_trunc/t2_its/vegan","beta[72,4]","exposure_JHDN7CF1C03X5_1_slope","slope","JHDN7CF1C03X5","exp",0.0674626552484,0.0681965,0.0768915279677686,-0.0979970725,0.222817775,1.0697903077986,0.906651557972472,1.24959284593141,1.15105621784606,61.7778546554976,88.2566646826436
"model_fits/finalized_redone_trunc/t2_its/vegan","beta[73,5]","exposure_L69HYJ4Y3TR91_1_slope","slope","L69HYJ4Y3TR91","exp",0.173559512015,0.12354,0.17148099459714,-0.0316635175,0.6657304,1.18953147607823,0.968832522428739,1.94591129601737,1.13573210991496,10.2255419963391,15.5409271656105
"model_fits/finalized_redone_trunc/t2_its/vegan","beta[74,6]","exposure_ED5J990H5VAZT_1_slope","slope","ED5J990H5VAZT","exp",0.198846405742,0.1724015,0.142770089852975,-0.0105757175,0.528364375,1.21999456734823,0.989480008778849,1.69615576377335,1.06851128764513,20.2596157044854,103.201219955958
"model_fits/finalized_redone_trunc/t2_its/vegan","beta[75,7]","exposure_W8T41JZK0ZMEP_1_slope","slope","W8T41JZK0ZMEP","exp",0.01047617338416,0.019585,0.298399253536869,-0.661478075,0.595151875,1.01053124061852,0.516087953761437,1.81330631994568,1.01638390712878,135.082497925037,185.01221649917
"model_fits/finalized_redone_trunc/t2_its/vegan","beta[76,7]","exposure_W8T41JZK0ZMEP_2_slope","slope","W8T41JZK0ZMEP","exp",0.162204221495,0.102753,0.351305871423284,-0.468693625,0.981144799999999,1.17610040177952,0.625819289172566,2.66750825807589,1.02080786544871,55.526632071142,122.080695838255
"model_fits/finalized_redone_trunc/t2_its/vegan","beta[77,7]","exposure_W8T41JZK0ZMEP_3_slope","slope","W8T41JZK0ZMEP","exp",-0.013563843565,-0.02421055,0.267717261776745,-0.610776425,0.550047275,0.986527730859836,0.542929161609273,1.73333495934069,1.02920642515833,103.134334892738,197.499188789089
"model_fits/finalized_redone_trunc/t2_its/vegan","beta[78,7]","exposure_W8T41JZK0ZMEP_4_slope","slope","W8T41JZK0ZMEP","exp",-0.1711520174663,-0.0908334,0.364509938762385,-1.113671,0.4318926,0.842693459609497,0.328351368022282,1.54016969205314,1.03973485362155,64.0758394030062,120.854067219187
"model_fits/finalized_redone_trunc/t2_its/vegan","beta[79,7]","exposure_W8T41JZK0ZMEP_5_slope","slope","W8T41JZK0ZMEP","exp",0.017817674181,0.01643645,0.326184054883811,-0.603616725,0.731737525,1.01797735591346,0.546830320426178,2.07868924624897,1.00974674292192,77.4371658663654,94.4698517231821
"model_fits/finalized_redone_trunc/t2_its/vegan","beta[80,8]","exposure_EMBVNVD207CC6_1_slope","slope","EMBVNVD207CC6","exp",0.146679375734,0.11844,0.121324380879666,-0.0235194375,0.459220925,1.15798262617368,0.976754988809231,1.58284035316288,1.0556899509868,50.4713108787157,152.91079999942
"model_fits/finalized_redone_trunc/t2_its/vegan","beta[81,9]","exposure_C0BE4NDSW26QN_1_slope","slope","C0BE4NDSW26QN","exp",-0.0374153671534,-0.04071675,0.205281591910207,-0.43704695,0.390083025,0.963275939055865,0.645941103763867,1.47710342530372,1.02797730961076,71.8941586271561,129.02016978164
"model_fits/finalized_redone_trunc/t2_its/vegan","beta[82,9]","exposure_C0BE4NDSW26QN_2_slope","slope","C0BE4NDSW26QN","exp",-0.032513371698,-0.0358623,0.212635335444503,-0.45053555,0.4344608,0.968009505813992,0.637286761289128,1.54413023941828,1.01528888211429,81.0142344446976,143.452255503465
"model_fits/finalized_redone_trunc/t2_its/vegan","beta[83,10]","exposure_V3Q26BHF3SE2H_1_slope","slope","V3Q26BHF3SE2H","exp",-0.1452320255621,-0.0452984,0.430002348710941,-1.3739945,0.35598275,0.864821609109763,0.253093953875418,1.42758292224604,1.00116380534393,68.4216950000488,143.496057074795
"model_fits/finalized_redone_trunc/t2_its/vegan","beta[84,10]","exposure_V3Q26BHF3SE2H_2_slope","slope","V3Q26BHF3SE2H","exp",-0.057336643705,-0.001821865,0.359647851189648,-0.920586975,0.54716335,0.944276131238228,0.398285189009749,1.72834335248758,1.00050167427582,69.9980447104819,246.962911020938
"model_fits/finalized_redone_trunc/t2_its/vegan","beta[85,10]","exposure_V3Q26BHF3SE2H_3_slope","slope","V3Q26BHF3SE2H","exp",0.363116292409,0.2884355,0.345215778402066,-0.11128505,1.2589045,1.43780305510016,0.894683682993648,3.52156150281854,1.00613768985785,45.5856170237761,152.346142471371
"model_fits/finalized_redone_trunc/t2_its/vegan","beta[86,10]","exposure_V3Q26BHF3SE2H_4_slope","slope","V3Q26BHF3SE2H","exp",0.27969944264,0.197148,0.367689909400034,-0.198827225,1.385848,1.3227321956904,0.819691503298725,3.99821495393765,1.00524003268581,130.392112915544,155.392334586086
"model_fits/finalized_redone_trunc/t2_its/vegan","beta[87,11]","exposure_LBZEEFSBJNB3Z_1_slope","slope","LBZEEFSBJNB3Z","exp",0.100940874616,0.0883162,0.0966021175945724,-0.076901335,0.3176319,1.1062112346658,0.925981211035718,1.37387044642673,1.10903842482649,100.5146884308,44.2642838660768
"model_fits/finalized_redone_trunc/t2_its/vegan","beta[88,12]","exposure_SAFK7ND1HR6XS_1_slope","slope","SAFK7ND1HR6XS","exp",0.112528876879,0.09100355,0.137488566466009,-0.087126655,0.458143075,1.11910457269352,0.916561001247727,1.58113520779877,1.13546487776212,91.5075287373679,26.3940971205866
"model_fits/finalized_redone_trunc/t2_its/vegan","beta[89,13]","exposure_S8MT0YGD2KTN9_1_slope","slope","S8MT0YGD2KTN9","exp",0.069161044542,0.0686076,0.0847823735504747,-0.09867141,0.27516245,1.07160877199671,0.906040374922483,1.31674456264832,1.06819223497551,23.4111159559392,20.3719372941466
"model_fits/finalized_redone_trunc/t2_its/vegan","beta[90,14]","exposure_1SQPTEGYPH0GA_1_slope","slope","1SQPTEGYPH0GA","exp",0.140846160638,0.126073,0.0979552252799749,-0.00854897825,0.368976,1.15124752717593,0.991487460353018,1.44625289318878,1.09878212460687,10.2038762655902,88.3743409702203
"model_fits/finalized_redone_trunc/t2_its/vegan","beta[91,15]","exposure_9XKJD8DQTH559_1_slope","slope","9XKJD8DQTH559","exp",-0.082567889245,-0.05269985,0.292071951461003,-0.7298132,0.467298075,0.92074892678544,0.481999019097999,1.59567696394816,1.01055354579644,76.2519608354344,154.773407205318
"model_fits/finalized_redone_trunc/t2_its/vegan","beta[92,15]","exposure_9XKJD8DQTH559_2_slope","slope","9XKJD8DQTH559","exp",0.028182593458,-0.01543805,0.274643114615127,-0.47669785,0.619026525,1.02858347989023,0.62083008476718,1.85711930239496,1.02431502402788,87.3677403512777,154.28342723447
"model_fits/finalized_redone_trunc/t2_its/vegan","beta[93,16]","exposure_LQ5EH4BKGV61T_1_slope","slope","LQ5EH4BKGV61T","exp",0.1105047155004,0.09374985,0.147480813744539,-0.127367125,0.441270825,1.11684161550679,0.880410392593321,1.55468169200171,1.14439757802797,39.7836324669963,28.2996658637697
"model_fits/finalized_redone_trunc/t2_its/vegan","beta[94,17]","exposure_78AY09MVJVTYE_1_slope","slope","78AY09MVJVTYE","exp",0.091180295235,0.08874275,0.0479534939164481,0.00465101775,0.1967131,1.09546649484384,1.00466185052101,1.21739472005307,1.0468626660636,46.6285291609797,94.2361961013452
"model_fits/finalized_redone_trunc/t2_its/vegan","mu_gamma[1]","mu_gamma[1]","pooled_mu_gamma",NA,"exp",0.187483462664,0.2066525,0.174237651964004,-0.1799741,0.48212085,1.20621030175099,0.835291845189904,1.61950549071474,1.04002359987779,15.3156264336368,22.1745917324377
"model_fits/finalized_redone_trunc/t2_its/vegan","mu_gamma[2]","mu_gamma[2]","pooled_mu_gamma",NA,"exp",0.114433069728,0.105546,0.0726156861740175,-0.0016599765,0.293085925,1.12123759381539,0.998341400498956,1.34055797292691,1.09873305935545,43.1107127184188,18.6812956442046
"model_fits/finalized_redone_trunc/t2_its/vegetarian","beta[41,1]","exposure_VLZX7K2M9QD4T_1","level","VLZX7K2M9QD4T","exp",0.0050184600459,0.00674301,0.0537410342182984,-0.0986146825,0.112855,1.00503107360791,0.906091773785702,1.11946959808787,1.00183643228784,165.908024639479,338.471995824524
"model_fits/finalized_redone_trunc/t2_its/vegetarian","beta[42,2]","exposure_SRQS8F7JWA9MZ_1","level","SRQS8F7JWA9MZ","exp",0.320810999,0.3169305,0.0624750397263724,0.208209,0.4516305,1.37824506657997,1.23147051999349,1.5708714043448,1.0032165819471,91.0471434451883,237.29287418436
"model_fits/finalized_redone_trunc/t2_its/vegetarian","beta[43,2]","exposure_SRQS8F7JWA9MZ_2","level","SRQS8F7JWA9MZ","exp",0.189099654,0.187728,0.0595429054605721,0.0740119025,0.307059975,1.20816134459466,1.0768196222655,1.35942249699136,1.00810964925066,134.216887469745,206.247850054691
"model_fits/finalized_redone_trunc/t2_its/vegetarian","beta[44,3]","exposure_2HRX9P6HKXA8V_1","level","2HRX9P6HKXA8V","exp",-0.258365570778,-0.257843,0.0905685798282148,-0.43530955,-0.0793666075000001,0.772312845486141,0.64706433730798,0.92370122656687,1.00882375668218,388.741039695733,616.908962097376
"model_fits/finalized_redone_trunc/t2_its/vegetarian","beta[45,4]","exposure_JHDN7CF1C03X5_1","level","JHDN7CF1C03X5","exp",-0.01747918067969,-0.0157795,0.0511171025143492,-0.121006275,0.0859079525,0.982672694029685,0.886028399747223,1.08970601897381,1.00446051554269,205.763386386537,577.809311542066
"model_fits/finalized_redone_trunc/t2_its/vegetarian","beta[46,5]","exposure_L69HYJ4Y3TR91_1","level","L69HYJ4Y3TR91","exp",0.3994784326,0.3950145,0.125823808119158,0.152027275,0.6551278,1.49104681338963,1.16419198933559,1.92538856631228,1.00576917583366,100.387271227187,413.967377210115
"model_fits/finalized_redone_trunc/t2_its/vegetarian","beta[47,6]","exposure_ED5J990H5VAZT_1","level","ED5J990H5VAZT","exp",0.164781922679,0.1653605,0.079152014270942,0.009986661,0.3177742,1.17913594786224,1.01003669411485,1.37406596210187,0.99946993223916,136.630289828296,262.100693808531
"model_fits/finalized_redone_trunc/t2_its/vegetarian","beta[48,7]","exposure_W8T41JZK0ZMEP_1","level","W8T41JZK0ZMEP","exp",0.22319373317,0.2147725,0.0785776868547279,0.0899368375,0.387422425,1.25006272889365,1.09410517510457,1.47317866735107,1.00316489160387,98.6118703783781,409.452483762696
"model_fits/finalized_redone_trunc/t2_its/vegetarian","beta[49,7]","exposure_W8T41JZK0ZMEP_2","level","W8T41JZK0ZMEP","exp",0.194567548105,0.1888855,0.0784361338591134,0.0461029375,0.356664925,1.2147855365747,1.04718219972677,1.42855711587351,1.00268369607932,124.29096326317,139.6581073014
"model_fits/finalized_redone_trunc/t2_its/vegetarian","beta[50,7]","exposure_W8T41JZK0ZMEP_3","level","W8T41JZK0ZMEP","exp",0.10487850268,0.1100425,0.0888877270149851,-0.0791365025,0.2715206,1.11057567019085,0.923913799293695,1.31195789791081,1.0019427967004,98.3459726032644,237.676159296785
"model_fits/finalized_redone_trunc/t2_its/vegetarian","beta[51,7]","exposure_W8T41JZK0ZMEP_4","level","W8T41JZK0ZMEP","exp",0.13876638119,0.1402965,0.0726200754443353,-0.0066818205,0.281702025,1.14885567435468,0.993340453225308,1.32538372992421,1.00095210380017,94.6702622655594,250.468114312534
"model_fits/finalized_redone_trunc/t2_its/vegetarian","beta[52,7]","exposure_W8T41JZK0ZMEP_5","level","W8T41JZK0ZMEP","exp",0.160455272361,0.165114,0.0890654343036226,-0.04148841,0.32338185,1.17404525969368,0.959360454264703,1.38179288779344,1.0015144579851,93.8910011088376,220.021376848035
"model_fits/finalized_redone_trunc/t2_its/vegetarian","beta[53,8]","exposure_EMBVNVD207CC6_1","level","EMBVNVD207CC6","exp",2.33392034,2.328825,0.37991571308164,1.59315175,3.14151575,10.3183136428448,4.91922870038321,23.1389130988727,1.0423159919937,26.7228033733892,97.1363117255301
"model_fits/finalized_redone_trunc/t2_its/vegetarian","beta[54,9]","exposure_C0BE4NDSW26QN_1","level","C0BE4NDSW26QN","exp",0.0306687183403,0.00414288,0.183205985282338,-0.2868498,0.536504375,1.03114384825209,0.750624464164951,1.71001881777363,1.01502818877526,54.418886105594,51.8392021300949
"model_fits/finalized_redone_trunc/t2_its/vegetarian","beta[55,9]","exposure_C0BE4NDSW26QN_2","level","C0BE4NDSW26QN","exp",0.0511338613056,0.01951085,0.166152585799269,-0.19474855,0.4865854,1.05246376802824,0.823041585845693,1.62675201815876,1.00635422257644,49.4233423857926,50.7748639136687
"model_fits/finalized_redone_trunc/t2_its/vegetarian","beta[56,10]","exposure_V3Q26BHF3SE2H_1","level","V3Q26BHF3SE2H","exp",0.125359356554,0.1267635,0.0785645007264287,-0.03900351,0.26855605,1.13355573056463,0.961747333407302,1.30807429253999,1.0014582292002,95.9422547496954,200.152880380911
"model_fits/finalized_redone_trunc/t2_its/vegetarian","beta[57,10]","exposure_V3Q26BHF3SE2H_2","level","V3Q26BHF3SE2H","exp",0.2346066328,0.223661,0.0813756489246313,0.1020764,0.41449045,1.26441129296402,1.10746807905713,1.51359928964426,1.00207941868111,101.849351474718,316.86399362398
"model_fits/finalized_redone_trunc/t2_its/vegetarian","beta[58,10]","exposure_V3Q26BHF3SE2H_3","level","V3Q26BHF3SE2H","exp",0.206845352,0.202522,0.0593950400593308,0.10687045,0.3319353,1.22979237214337,1.11279008318556,1.39366267562034,1.00186140082332,73.5970573273583,257.32161758153
"model_fits/finalized_redone_trunc/t2_its/vegetarian","beta[59,10]","exposure_V3Q26BHF3SE2H_4","level","V3Q26BHF3SE2H","exp",0.103270160915,0.1068565,0.0733517459094487,-0.0486072325,0.24622215,1.10879092058568,0.952555188954714,1.27918371264158,1.0007485597574,111.771029605806,239.867810886196
"model_fits/finalized_redone_trunc/t2_its/vegetarian","beta[60,11]","exposure_LBZEEFSBJNB3Z_1","level","LBZEEFSBJNB3Z","exp",0.474575809,0.4705215,0.115697127122375,0.259912375,0.7163264,1.60733223698632,1.29681644814579,2.04689989047581,1.00278373895481,142.990866957018,199.319362332545
"model_fits/finalized_redone_trunc/t2_its/vegetarian","beta[61,12]","exposure_SAFK7ND1HR6XS_1","level","SAFK7ND1HR6XS","exp",-0.1477409795387,-0.1443165,0.139780389303681,-0.41858325,0.12152255,0.862654531180717,0.657978350614347,1.12921482943246,1.02499711167307,67.0799645245225,125.87633892032
"model_fits/finalized_redone_trunc/t2_its/vegetarian","beta[62,13]","exposure_S8MT0YGD2KTN9_1","level","S8MT0YGD2KTN9","exp",-0.1628671637349,-0.165233,0.0773515637452788,-0.312123325,-0.0084334135,0.849704052430972,0.731891262172489,0.991602047974519,1.00017397322414,259.522179905492,383.607255507793
"model_fits/finalized_redone_trunc/t2_its/vegetarian","beta[63,14]","exposure_1SQPTEGYPH0GA_1","level","1SQPTEGYPH0GA","exp",-0.780874842,-0.7802705,0.0977957068840959,-0.98062415,-0.59351605,0.45800515384252,0.375076921517545,0.552381664738022,1.00420105416793,229.324277742953,406.798593083593
"model_fits/finalized_redone_trunc/t2_its/vegetarian","beta[64,15]","exposure_9XKJD8DQTH559_1","level","9XKJD8DQTH559","exp",0.3950921724,0.394425,0.0869608407254283,0.227838,0.558882675,1.48452101647999,1.25588185609109,1.74871752252086,1.00348936019666,103.638780710085,186.774607549281
"model_fits/finalized_redone_trunc/t2_its/vegetarian","beta[65,15]","exposure_9XKJD8DQTH559_2","level","9XKJD8DQTH559","exp",0.3735737648,0.3742025,0.094475451752821,0.197309575,0.551335725,1.45291773377679,1.21812108217561,1.73556971414481,1.01645892572222,150.956854340239,294.91668125316
"model_fits/finalized_redone_trunc/t2_its/vegetarian","beta[66,16]","exposure_LQ5EH4BKGV61T_1","level","LQ5EH4BKGV61T","exp",0.211200392639,0.2009535,0.236173852161942,-0.2810942,0.7095865,1.23515984720413,0.754957215160825,2.03315037712554,1.01910741407606,45.8113602759457,92.4131948614433
"model_fits/finalized_redone_trunc/t2_its/vegetarian","beta[67,17]","exposure_78AY09MVJVTYE_1","level","78AY09MVJVTYE","exp",-0.0750244367,-0.07415195,0.0455267633779391,-0.165770125,0.0183886125,0.9277208156163,0.847240971324226,1.01855872414074,1.02039490147889,151.022919442305,197.939457239469
"model_fits/finalized_redone_trunc/t2_its/vegetarian","beta[68,1]","exposure_VLZX7K2M9QD4T_1_slope","slope","VLZX7K2M9QD4T","exp",0.114135200563,0.113193,0.160072472798945,-0.20262985,0.427223475,1.1209036614461,0.816580442743132,1.53299520955161,1.00195812984344,82.8036343323222,165.498539770297
"model_fits/finalized_redone_trunc/t2_its/vegetarian","beta[69,2]","exposure_SRQS8F7JWA9MZ_1_slope","slope","SRQS8F7JWA9MZ","exp",-0.107699179885,-0.105525,0.18986685664172,-0.526605825,0.28994795,0.897897661485684,0.590606192279931,1.33635792878501,1.01001177823017,115.967179526502,131.236555330849
"model_fits/finalized_redone_trunc/t2_its/vegetarian","beta[70,2]","exposure_SRQS8F7JWA9MZ_2_slope","slope","SRQS8F7JWA9MZ","exp",-0.097386949447,-0.09446585,0.191886242828254,-0.534669575,0.272560425,0.907204895773938,0.585862841895398,1.31332281404599,1.00492497105522,103.895606063047,148.096343438863
"model_fits/finalized_redone_trunc/t2_its/vegetarian","beta[71,3]","exposure_2HRX9P6HKXA8V_1_slope","slope","2HRX9P6HKXA8V","exp",0.17448008195,0.171003,0.0800801588645126,0.03137649,0.327366775,1.19062702718018,1.03187392097687,1.38731021458247,1.01074736124152,43.3750257102076,132.54383950939
"model_fits/finalized_redone_trunc/t2_its/vegetarian","beta[72,4]","exposure_JHDN7CF1C03X5_1_slope","slope","JHDN7CF1C03X5","exp",0.075647613908,0.0753913,0.0646837037663021,-0.0497109725,0.20709985,1.0785824297351,0.951504395698409,1.23010539167223,1.032762091423,46.5145767797555,111.381092215475
"model_fits/finalized_redone_trunc/t2_its/vegetarian","beta[73,5]","exposure_L69HYJ4Y3TR91_1_slope","slope","L69HYJ4Y3TR91","exp",0.243538352598,0.2246235,0.185264568922205,-0.07989741,0.64752265,1.27575524543048,0.923211053750543,1.91080123717906,1.01673307790907,67.8591313900007,150.166852085972
"model_fits/finalized_redone_trunc/t2_its/vegetarian","beta[74,6]","exposure_ED5J990H5VAZT_1_slope","slope","ED5J990H5VAZT","exp",0.2892142265,0.290174,0.104555689953475,0.10312975,0.500625675,1.33537777119456,1.1086352451675,1.64975315716029,1.01630270556275,52.392761603408,255.656863945282
"model_fits/finalized_redone_trunc/t2_its/vegetarian","beta[75,7]","exposure_W8T41JZK0ZMEP_1_slope","slope","W8T41JZK0ZMEP","exp",0.0256729039973,0.00607254,0.293340166803423,-0.62928005,0.660421699999999,1.02600529135083,0.532975378535785,1.93560840838655,1.01813940643052,96.341294313824,123.25706039197
"model_fits/finalized_redone_trunc/t2_its/vegetarian","beta[76,7]","exposure_W8T41JZK0ZMEP_2_slope","slope","W8T41JZK0ZMEP","exp",0.07571587446565,0.0166258,0.250689252996689,-0.346633325,0.713191075,1.07865605688611,0.707064543622481,2.04049224435231,1.01205212021988,120.265192932788,127.835905822682
"model_fits/finalized_redone_trunc/t2_its/vegetarian","beta[77,7]","exposure_W8T41JZK0ZMEP_3_slope","slope","W8T41JZK0ZMEP","exp",-0.01793376367349,-0.00710007,0.284486720693378,-0.65085205,0.6797669,0.982226089251666,0.521601157102916,1.97341767495282,1.01046884886864,108.046149020362,119.430934212646
"model_fits/finalized_redone_trunc/t2_its/vegetarian","beta[78,7]","exposure_W8T41JZK0ZMEP_4_slope","slope","W8T41JZK0ZMEP","exp",-0.1104003983826,-0.028919,0.298212657233915,-0.886227175,0.305721975,0.89547551655765,0.412208011401579,1.35760480599684,1.01995456850963,96.1262139770223,137.755863287723
"model_fits/finalized_redone_trunc/t2_its/vegetarian","beta[79,7]","exposure_W8T41JZK0ZMEP_5_slope","slope","W8T41JZK0ZMEP","exp",0.05549596259,0.008959415,0.321827686016937,-0.568083075,0.79059515,1.05706474926002,0.566610548255655,2.20470816794184,1.00029695787986,61.6169310393322,94.5807615157241
"model_fits/finalized_redone_trunc/t2_its/vegetarian","beta[80,8]","exposure_EMBVNVD207CC6_1_slope","slope","EMBVNVD207CC6","exp",0.209312447164,0.206835,0.11043725866957,-0.013201485,0.44157495,1.23283013263873,0.986885272407933,1.5551545814764,1.01740961934683,60.9247682072731,264.057423633771
"model_fits/finalized_redone_trunc/t2_its/vegetarian","beta[81,9]","exposure_C0BE4NDSW26QN_1_slope","slope","C0BE4NDSW26QN","exp",-0.0565169767178,0.0105273,0.243217075056905,-0.7519645,0.32726555,0.945050440504325,0.471439499544302,1.3871697912133,1.01377206603011,42.0620942363247,47.0009715814535
"model_fits/finalized_redone_trunc/t2_its/vegetarian","beta[82,9]","exposure_C0BE4NDSW26QN_2_slope","slope","C0BE4NDSW26QN","exp",0.158853495836,0.099246,0.24258771910062,-0.219515175,0.8261392,1.17216620687052,0.802907973472086,2.28448176514537,1.00331799792129,50.3759770306806,39.5472516869338
"model_fits/finalized_redone_trunc/t2_its/vegetarian","beta[83,10]","exposure_V3Q26BHF3SE2H_1_slope","slope","V3Q26BHF3SE2H","exp",-0.132216665914,-0.00133168,0.400802546241976,-1.116928,0.310906275,0.876151142424741,0.327283667311093,1.36466131231063,1.00328820495771,47.3543794395091,138.474852042511
"model_fits/finalized_redone_trunc/t2_its/vegetarian","beta[84,10]","exposure_V3Q26BHF3SE2H_2_slope","slope","V3Q26BHF3SE2H","exp",-0.001001158045,0.04451475,0.287341486624238,-0.7578282,0.544255475,0.998999342946511,0.468683208679649,1.72332484619223,1.04038749635131,82.7622712154856,183.159665540907
"model_fits/finalized_redone_trunc/t2_its/vegetarian","beta[85,10]","exposure_V3Q26BHF3SE2H_3_slope","slope","V3Q26BHF3SE2H","exp",0.122787298535,0.09409215,0.188016003747192,-0.243843875,0.5599724,1.13064390575428,0.78360996581902,1.75062418240188,1.0028138822865,125.384871837973,190.609326793362
"model_fits/finalized_redone_trunc/t2_its/vegetarian","beta[86,10]","exposure_V3Q26BHF3SE2H_4_slope","slope","V3Q26BHF3SE2H","exp",0.28961128568,0.160913,0.377148788521118,-0.112113925,1.28201625,1.33590810047646,0.893942409309959,3.60389876597691,1.0103759197154,52.3208802663962,129.799924310048
"model_fits/finalized_redone_trunc/t2_its/vegetarian","beta[87,11]","exposure_LBZEEFSBJNB3Z_1_slope","slope","LBZEEFSBJNB3Z","exp",-0.088244403762,-0.0850743,0.131350830462084,-0.343741775,0.155363425,0.915537088668397,0.709112014859735,1.16808239431979,1.00345963342613,58.7323480357751,177.00043510304
"model_fits/finalized_redone_trunc/t2_its/vegetarian","beta[88,12]","exposure_SAFK7ND1HR6XS_1_slope","slope","SAFK7ND1HR6XS","exp",0.105559248448,0.09626645,0.167994812606959,-0.208310375,0.460875825,1.11133194726538,0.811954987069897,1.58546196431716,1.00341690680039,105.22143576195,219.571132910979
"model_fits/finalized_redone_trunc/t2_its/vegetarian","beta[89,13]","exposure_S8MT0YGD2KTN9_1_slope","slope","S8MT0YGD2KTN9","exp",0.1335262366234,0.132804,0.0676349040336987,0.0133238575,0.28027175,1.14285125029962,1.01341301562601,1.32348942172365,0.999070990521885,48.0509951266746,98.6538855501014
"model_fits/finalized_redone_trunc/t2_its/vegetarian","beta[90,14]","exposure_1SQPTEGYPH0GA_1_slope","slope","1SQPTEGYPH0GA","exp",0.2699071134,0.2700225,0.0836635849548745,0.1058287,0.429555575,1.30984277824026,1.11163143773063,1.53657447966551,1.05810778677041,82.1290342425881,192.024067855489
"model_fits/finalized_redone_trunc/t2_its/vegetarian","beta[91,15]","exposure_9XKJD8DQTH559_1_slope","slope","9XKJD8DQTH559","exp",-0.1285711864454,-0.04688505,0.271826626038561,-0.83439745,0.194096325,0.879350962321036,0.434135991280245,1.21421323641337,1.0096021643117,48.1445379385864,62.1266368545473
"model_fits/finalized_redone_trunc/t2_its/vegetarian","beta[92,15]","exposure_9XKJD8DQTH559_2_slope","slope","9XKJD8DQTH559","exp",0.137385419629,0.0578177,0.275633714787003,-0.19314185,0.95059525,1.14727024379055,0.824365029665559,2.5872492611691,1.03342787277783,40.6930880305612,50.4787571234503
"model_fits/finalized_redone_trunc/t2_its/vegetarian","beta[93,16]","exposure_LQ5EH4BKGV61T_1_slope","slope","LQ5EH4BKGV61T","exp",0.143398682067,0.1451005,0.1687769134041,-0.189161975,0.495990475,1.15418986475146,0.827652436833588,1.64212391651391,1.00798854036546,74.585804029689,190.24019653719
"model_fits/finalized_redone_trunc/t2_its/vegetarian","beta[94,17]","exposure_78AY09MVJVTYE_1_slope","slope","78AY09MVJVTYE","exp",0.0899113606109,0.0919314,0.0491470738147686,-0.00502910375,0.185613575,1.09407730106344,0.994983521019639,1.20395693141882,1.11306950270987,7.42259034809905,154.048687545637
"model_fits/finalized_redone_trunc/t2_its/vegetarian","mu_gamma[1]","mu_gamma[1]","pooled_mu_gamma",NA,"exp",0.1153585447141,0.08815135,0.157310959279653,-0.13547605,0.478972375,1.12227575148232,0.873300078214891,1.61441453674103,1.22097268383495,11.7787782839776,23.006875318886
"model_fits/finalized_redone_trunc/t2_its/vegetarian","mu_gamma[2]","mu_gamma[2]","pooled_mu_gamma",NA,"exp",0.121339379375,0.1207105,0.0580446624870115,0.0065066095,0.236266575,1.12900800938865,1.00652782346897,1.2665118855762,1.01304501188119,33.1571399804258,100.259521487584
"model_fits/finalized_redone_trunc/t2_its_targeted/chicken_t2","beta[42,1]","exposure_V3Q26BHF3SE2H_1","level","V3Q26BHF3SE2H","exp",1.562053654356,1.556925,0.65015262324343,0.321543175,2.823369,4.76860426114576,1.37925455405599,16.8334671990433,1.00217499151893,734.816884787442,1281.13477545588
"model_fits/finalized_redone_trunc/t2_its_targeted/chicken_t2","beta[43,1]","exposure_V3Q26BHF3SE2H_2","level","V3Q26BHF3SE2H","exp",4.63380784,4.499585,1.43297354364454,2.24778675,7.80304175,102.905165417407,9.46676032560563,2448.03698066765,1.00398931977837,558.635754592235,835.657679209651
"model_fits/finalized_redone_trunc/t2_its_targeted/chicken_t2","beta[44,1]","exposure_V3Q26BHF3SE2H_3","level","V3Q26BHF3SE2H","exp",0.984741558533333,0.984105,0.405139031718263,0.1801651,1.78592725,2.67711991621067,1.19741504002624,5.9651085308823,1.00181260235648,1312.54647637653,1494.48874508813
"model_fits/finalized_redone_trunc/t2_its_targeted/chicken_t2","beta[45,1]","exposure_V3Q26BHF3SE2H_4","level","V3Q26BHF3SE2H","exp",0.011121846379,0.01316565,0.415480661890021,-0.826061925,0.826041675,1.01118392403838,0.437769866778583,2.28425898192487,1.00063454574796,1452.2071651616,1629.82020666212
"model_fits/finalized_redone_trunc/t2_its_targeted/chicken_t2","beta[46,1]","exposure_V3Q26BHF3SE2H_1_slope","slope","V3Q26BHF3SE2H","exp",-0.246325330074633,-0.1984645,1.12939802275337,-2.6056995,1.755146,0.781667883484388,0.073851460029283,5.7842921869701,1.00230669152137,521.025341175331,866.852458936793
"model_fits/finalized_redone_trunc/t2_its_targeted/chicken_t2","beta[47,1]","exposure_V3Q26BHF3SE2H_2_slope","slope","V3Q26BHF3SE2H","exp",-0.183131175177333,-0.1487785,1.09121235828488,-2.49609275,2.0086015,0.832658924390962,0.0824063526311626,7.45288719299433,1.00921701178031,580.024437980542,1225.6977091406
"model_fits/finalized_redone_trunc/t2_its_targeted/chicken_t2","beta[48,1]","exposure_V3Q26BHF3SE2H_3_slope","slope","V3Q26BHF3SE2H","exp",-0.322151052046867,-0.2382705,1.05601700705806,-2.73591875,1.706866,0.724588731452095,0.0648344131150232,5.5116608366181,1.00410405434449,502.153998611303,592.240061816288
"model_fits/finalized_redone_trunc/t2_its_targeted/chicken_t2","beta[49,1]","exposure_V3Q26BHF3SE2H_4_slope","slope","V3Q26BHF3SE2H","exp",0.0978266909028,-0.04245675,1.13264605109762,-1.657168,2.9874835,1.10277164818734,0.190678216892064,19.8357030845394,1.00418489726078,568.05468237642,1088.18434838254
"model_fits/finalized_redone_trunc/t2_its_targeted/chicken_t2","mu_gamma[1]","mu_gamma[1]","pooled_mu_gamma",NA,"exp",0.913786887634333,0.941892,0.749714757425237,-0.67067545,2.2911155,2.49374821940901,0.511363060930493,9.88595932033289,1.01359567793817,193.770182941458,264.71704815
"model_fits/finalized_redone_trunc/t2_its_targeted/chicken_t2","mu_gamma[2]","mu_gamma[2]","pooled_mu_gamma",NA,"exp",-0.143936779595533,-0.1465905,0.550438699400905,-1.28616225,0.983150225,0.865942491563295,0.276329233272049,2.67286311341008,1.00489722787976,273.753822087718,384.519570884022
"model_fits/finalized_redone_trunc/t2_its_targeted/dairy_t2","beta[42,1]","exposure_W8T41JZK0ZMEP_1","level","W8T41JZK0ZMEP","exp",0.163566183062667,0.1646715,0.0819745922665783,0.0039222815,0.322100025,1.17770329661928,1.00392998371287,1.38002280583507,1.0051447541946,459.13114699992,1271.59699077168
"model_fits/finalized_redone_trunc/t2_its_targeted/dairy_t2","beta[43,1]","exposure_W8T41JZK0ZMEP_2","level","W8T41JZK0ZMEP","exp",0.194327394660933,0.187884,0.0959142126816989,0.0215192375,0.4012853,1.21449383667206,1.021752446111,1.49374337269754,1.004491955383,398.518754318951,1333.10246631949
"model_fits/finalized_redone_trunc/t2_its_targeted/dairy_t2","beta[44,1]","exposure_W8T41JZK0ZMEP_3","level","W8T41JZK0ZMEP","exp",0.145021443607233,0.144828,0.0939902976219957,-0.0510586325,0.333217675,1.1560643601923,0.950222954951665,1.39545102021311,1.01053118886525,470.551772445495,894.833513944139
"model_fits/finalized_redone_trunc/t2_its_targeted/dairy_t2","beta[45,1]","exposure_W8T41JZK0ZMEP_4","level","W8T41JZK0ZMEP","exp",0.1473430736465,0.151251,0.0911264154025123,-0.052316615,0.31641255,1.15875143192454,0.949028342661457,1.37219623842808,1.00444895309443,419.917747451273,875.103710687322
"model_fits/finalized_redone_trunc/t2_its_targeted/dairy_t2","beta[46,1]","exposure_W8T41JZK0ZMEP_5","level","W8T41JZK0ZMEP","exp",0.1534761285757,0.1539055,0.0894294501409144,-0.0353922025,0.328230025,1.16587995557482,0.965226777655653,1.38850832718616,1.01294357934229,585.271086174047,1321.50902230361
"model_fits/finalized_redone_trunc/t2_its_targeted/dairy_t2","beta[47,2]","exposure_EMBVNVD207CC6_1","level","EMBVNVD207CC6","exp",1.935095847627,1.940515,0.777485919369831,0.42517065,3.468003,6.92470774037604,1.52985146654169,32.0726294082649,1.01395816394371,240.393151785942,176.919128537671
"model_fits/finalized_redone_trunc/t2_its_targeted/dairy_t2","beta[48,3]","exposure_9XKJD8DQTH559_1","level","9XKJD8DQTH559","exp",0.349462601961667,0.3472105,0.150466817516945,0.0654790925,0.65662115,1.41830514935066,1.06767041476095,1.92826599329583,1.00357055529602,674.648983441623,984.352319596248
"model_fits/finalized_redone_trunc/t2_its_targeted/dairy_t2","beta[49,3]","exposure_9XKJD8DQTH559_2","level","9XKJD8DQTH559","exp",0.296749059967,0.298873,0.163723073253746,-0.04707588,0.6126968,1.3454776228825,0.954015004185283,1.84540137267857,1.00821616650824,548.434152685193,1123.68710339943
"model_fits/finalized_redone_trunc/t2_its_targeted/dairy_t2","beta[50,1]","exposure_W8T41JZK0ZMEP_1_slope","slope","W8T41JZK0ZMEP","exp",-0.189485804322033,-0.187959,0.635350970273292,-1.588874,1.07642425,0.827384462097469,0.204155361297756,2.93416891606143,1.02940430841146,373.956230305013,290.538080805658
"model_fits/finalized_redone_trunc/t2_its_targeted/dairy_t2","beta[51,1]","exposure_W8T41JZK0ZMEP_2_slope","slope","W8T41JZK0ZMEP","exp",0.590160875817,0.3957645,0.749356373771161,-0.32516675,2.47804475,1.80427865685383,0.722406882250434,11.9179390714689,1.03076394650902,205.770053996503,784.14497381794
"model_fits/finalized_redone_trunc/t2_its_targeted/dairy_t2","beta[52,1]","exposure_W8T41JZK0ZMEP_3_slope","slope","W8T41JZK0ZMEP","exp",-0.245570260358,-0.23159,0.584798687627366,-1.5291625,1.06684425,0.782258320114029,0.216717091898324,2.90619379264109,1.01397152095318,462.815991997405,651.091216542785
"model_fits/finalized_redone_trunc/t2_its_targeted/dairy_t2","beta[53,1]","exposure_W8T41JZK0ZMEP_4_slope","slope","W8T41JZK0ZMEP","exp",-0.719733077403333,-0.4596035,0.830022672234129,-2.91827275,0.326301725,0.486882198477591,0.054026924760767,1.38583344639401,1.02154191925705,272.669335814087,1018.67879680602
"model_fits/finalized_redone_trunc/t2_its_targeted/dairy_t2","beta[54,1]","exposure_W8T41JZK0ZMEP_5_slope","slope","W8T41JZK0ZMEP","exp",-0.115996569905733,-0.154543,0.65429950473167,-1.316809,1.45286825,0.890478277716669,0.267989092212287,4.27535974617389,1.02623989909192,337.606777780516,320.325559804773
"model_fits/finalized_redone_trunc/t2_its_targeted/dairy_t2","beta[55,2]","exposure_EMBVNVD207CC6_1_slope","slope","EMBVNVD207CC6","exp",0.210684152313667,0.1763345,0.413887632725354,-0.526395875,1.07733525,1.23452237244202,0.590730203067577,2.93684316187798,1.0189459852813,216.279817643361,584.664649999664
"model_fits/finalized_redone_trunc/t2_its_targeted/dairy_t2","beta[56,3]","exposure_9XKJD8DQTH559_1_slope","slope","9XKJD8DQTH559","exp",-0.603386463337,-0.6071145,0.549523883391776,-1.801068,0.5573368,0.546956248982841,0.165122443247354,1.7460163122254,1.02254541942018,420.094386325924,807.920166014865
"model_fits/finalized_redone_trunc/t2_its_targeted/dairy_t2","beta[57,3]","exposure_9XKJD8DQTH559_2_slope","slope","9XKJD8DQTH559","exp",-0.613742394793333,-0.6202935,0.53513265608033,-1.75708175,0.546481875,0.541321235824414,0.17254766704282,1.72716593093869,1.01264769142606,397.17036345286,565.52997622693
"model_fits/finalized_redone_trunc/t2_its_targeted/dairy_t2","mu_gamma[1]","mu_gamma[1]","pooled_mu_gamma",NA,"exp",0.518400135589,0.5189935,0.555555383977403,-0.685825325,1.635193,1.67933878500681,0.503674362942272,5.13044807796033,1.03478837522252,101.909620991679,247.397932339049
"model_fits/finalized_redone_trunc/t2_its_targeted/dairy_t2","mu_gamma[2]","mu_gamma[2]","pooled_mu_gamma",NA,"exp",-0.105061559352333,-0.1079515,0.416328754487938,-1.01451025,0.721926425,0.900269100897645,0.362579959891626,2.05839473670799,1.07430866183758,36.1851602620564,136.767827085188
"model_fits/finalized_redone_trunc/t2_proportion/vegan/mpbamod_dishes_count","beta[41,15]","exposure_1SQPTEGYPH0GA_1","level","1SQPTEGYPH0GA","exp",0.072093596357425,0.0717261,0.0441934791473839,-0.0130927375,0.160921025,1.07475593259679,0.986992599549767,1.17459220173165,1.00059779533744,718.765069719184,1139.37531886572
"model_fits/finalized_redone_trunc/t2_proportion/vegan/mpbamod_dishes_count","beta[42,2]","exposure_2HRX9P6HKXA8V_1","level","2HRX9P6HKXA8V","exp",-0.135297940621525,-0.1317775,0.0899897278454889,-0.319282,0.02928503,0.873455635001694,0.726670599300743,1.02971805318758,1.00475125619859,440.838739110848,636.422354324799
"model_fits/finalized_redone_trunc/t2_proportion/vegan/mpbamod_dishes_count","beta[43,18]","exposure_78AY09MVJVTYE_1","level","78AY09MVJVTYE","exp",-0.09897052396515,-0.09687355,0.0655136336987181,-0.235733025,0.0237866125,0.90576940612065,0.789991553776797,1.02407177045889,1.0017500268395,446.607363157923,1148.96938337538
"model_fits/finalized_redone_trunc/t2_proportion/vegan/mpbamod_dishes_count","beta[44,16]","exposure_9XKJD8DQTH559_1","level","9XKJD8DQTH559","exp",0.026681251966875,0.02646295,0.010281533199834,0.00668570275,0.0477386025,1.02704038348196,1.00670810195094,1.04889644057918,0.999911625105337,2507.2988256845,2858.01689060669
"model_fits/finalized_redone_trunc/t2_proportion/vegan/mpbamod_dishes_count","beta[45,8]","exposure_C0BE4NDSW26QN_1","level","C0BE4NDSW26QN","exp",0.1153130600385,0.1132035,0.0755720988675473,-0.0259969225,0.270044025,1.12222470629473,0.974338088129602,1.3100221231877,1.0033205728697,568.454191938709,1315.25446535062
"model_fits/finalized_redone_trunc/t2_proportion/vegan/mpbamod_dishes_count","beta[46,12]","exposure_CB2KHY1C2G9PT_1","level","CB2KHY1C2G9PT","exp",-0.07487232814749,-0.0732186,0.0648743560512731,-0.20519,0.05147298,0.927861940619585,0.814492548124749,1.05282073869145,1.00358701521142,371.368820705899,866.261255173546
"model_fits/finalized_redone_trunc/t2_proportion/vegan/mpbamod_dishes_count","beta[47,5]","exposure_ED5J990H5VAZT_1","level","ED5J990H5VAZT","exp",0.03628558496075,0.0361182,0.0112821659194849,0.0144254975,0.0594442475,1.03695194208837,1.01453004711086,1.06124659217952,1.00002966815483,1227.70964584487,2084.72609705626
"model_fits/finalized_redone_trunc/t2_proportion/vegan/mpbamod_dishes_count","beta[48,7]","exposure_EMBVNVD207CC6_1","level","EMBVNVD207CC6","exp",0.18531210452975,0.186156,0.0761961693126737,0.04123761,0.332680675,1.20359402866153,1.04209968943732,1.39470186418166,1.01029107254963,190.716017850611,600.502740588662
"model_fits/finalized_redone_trunc/t2_proportion/vegan/mpbamod_dishes_count","beta[49,3]","exposure_JHDN7CF1C03X5_1","level","JHDN7CF1C03X5","exp",0.005065177654354,0.005502255,0.0211507677509344,-0.0372815825,0.045784735,1.00507802735286,0.963404819214402,1.04684903674232,1.00044750013044,1171.00535058372,2031.87570237243
"model_fits/finalized_redone_trunc/t2_proportion/vegan/mpbamod_dishes_count","beta[50,4]","exposure_L69HYJ4Y3TR91_1","level","L69HYJ4Y3TR91","exp",0.16086696613605,0.154168,0.0955062318161359,-0.0109639825,0.3662559,1.17452870632788,0.989095902895502,1.44232428621822,1.00419515306413,283.373898023468,854.221406044291
"model_fits/finalized_redone_trunc/t2_proportion/vegan/mpbamod_dishes_count","beta[51,10]","exposure_LBZEEFSBJNB3Z_1","level","LBZEEFSBJNB3Z","exp",0.0049280276996,0.004303365,0.0609049469613902,-0.1157331,0.12464315,1.00494019039927,0.890712922854165,1.13274416118142,1.00243303662331,594.140990282718,1319.2491122209
"model_fits/finalized_redone_trunc/t2_proportion/vegan/mpbamod_dishes_count","beta[52,14]","exposure_LFZFT3VASXPED_1","level","LFZFT3VASXPED","exp",0.08815532009785,0.08064495,0.145465515521535,-0.197807225,0.399006625,1.09215774290259,0.820528015180624,1.49034349210033,1.00133665349366,566.419005060448,969.25968657289
"model_fits/finalized_redone_trunc/t2_proportion/vegan/mpbamod_dishes_count","beta[53,17]","exposure_LQ5EH4BKGV61T_1","level","LQ5EH4BKGV61T","exp",0.253717700423,0.240498,0.127158720700257,0.0467607725,0.53603905,1.28880792297696,1.04787129946124,1.70922328837146,1.00710956259017,185.024678510287,819.986898114144
"model_fits/finalized_redone_trunc/t2_proportion/vegan/mpbamod_dishes_count","beta[54,13]","exposure_S8MT0YGD2KTN9_1","level","S8MT0YGD2KTN9","exp",0.04688921334225,0.04682555,0.0829244020149719,-0.11794745,0.214704925,1.04800589757728,0.888742754819272,1.23949609868843,1.00534478126478,710.700306097065,1235.59889800791
"model_fits/finalized_redone_trunc/t2_proportion/vegan/mpbamod_dishes_count","beta[55,11]","exposure_SAFK7ND1HR6XS_1","level","SAFK7ND1HR6XS","exp",0.101519178435375,0.09423345,0.105306124034039,-0.0897887075,0.3245728,1.10685114586155,0.914124312478639,1.38343951436349,1.00793615439036,348.474011666066,1055.18757511025
"model_fits/finalized_redone_trunc/t2_proportion/vegan/mpbamod_dishes_count","beta[56,1]","exposure_SRQS8F7JWA9MZ_1","level","SRQS8F7JWA9MZ","exp",0.12368993792125,0.122563,0.0514661683040475,0.027620885,0.224691575,1.13166493021456,1.02800587808691,1.25193652811621,1.00540678251287,490.023842036215,1214.26480282652
"model_fits/finalized_redone_trunc/t2_proportion/vegan/mpbamod_dishes_count","beta[57,9]","exposure_V3Q26BHF3SE2H_1","level","V3Q26BHF3SE2H","exp",-0.000879845320875,-0.000657381,0.0294833850993187,-0.058786345,0.0571464775,0.999120541629525,0.942908204689952,1.0588108910096,1.00105737080013,818.692554222146,1709.24923560702
"model_fits/finalized_redone_trunc/t2_proportion/vegan/mpbamod_dishes_count","beta[58,6]","exposure_W8T41JZK0ZMEP_1","level","W8T41JZK0ZMEP","exp",0.0061820440235025,0.006106835,0.0108746277039922,-0.0154375475,0.027530645,1.00620119229581,0.984681000621681,1.027913115022,1.00138030371023,1588.14095011293,2932.86671499371
"model_fits/finalized_redone_trunc/t2_proportion/vegan/mpbamod_dishes_count","mu_gamma[1]","mu_gamma[1]","pooled_mu_gamma",NA,"exp",0.0504940597854,0.04773545,0.0390401724156405,-0.0227481925,0.13052015,1.05179061547448,0.97750859678141,1.13942089899336,1.0216551946903,109.510942147192,361.689527996992
"model_fits/finalized_redone_trunc/t2_proportion/vegan/mpbamod_dishes_count","mu_gamma[2]","mu_gamma[2]","pooled_mu_gamma",NA,"exp",-0.0346304249269,-0.0300205,0.985085188664908,-1.94091125,1.97728475,0.965962345901953,0.143573059199545,7.22310380198257,1.00310436716375,880.559362625544,1522.75038894712
"model_fits/finalized_redone_trunc/t2_proportion/vegan/mpbamod_dishes_prop","beta[41,15]","exposure_1SQPTEGYPH0GA_1","level","1SQPTEGYPH0GA","exp_p10",-2.253464264717,-2.243215,1.58318739712611,-5.46419225,0.711536425,0.798239639513069,0.579019441067272,1.07374618624399,1.00184886300923,1562.62602272595,1974.73017290707
"model_fits/finalized_redone_trunc/t2_proportion/vegan/mpbamod_dishes_prop","beta[42,2]","exposure_2HRX9P6HKXA8V_1","level","2HRX9P6HKXA8V","exp_p10",-3.68573073555,-3.72585,1.74647169302566,-7.10002325,-0.2341573,0.69172066126348,0.491643054389535,0.976856290880034,1.00126172857505,855.509290442288,1623.87715887724
"model_fits/finalized_redone_trunc/t2_proportion/vegan/mpbamod_dishes_prop","beta[43,18]","exposure_78AY09MVJVTYE_1","level","78AY09MVJVTYE","exp_p10",-4.528352514125,-4.433705,1.7607510765394,-8.11002175,-1.18437325,0.635822875918813,0.444412463913467,0.888307488583983,0.999966647972267,1008.40682180356,1875.58397811566
"model_fits/finalized_redone_trunc/t2_proportion/vegan/mpbamod_dishes_prop","beta[44,16]","exposure_9XKJD8DQTH559_1","level","9XKJD8DQTH559","exp_p10",-0.271180153364675,-0.2766525,0.569849893497203,-1.4451505,0.81475365,0.97324637674795,0.865441887404689,1.08488649107609,1.00105972352494,2692.58356038516,3115.67839439436
"model_fits/finalized_redone_trunc/t2_proportion/vegan/mpbamod_dishes_prop","beta[45,8]","exposure_C0BE4NDSW26QN_1","level","C0BE4NDSW26QN","exp_p10",-3.768281331475,-3.718875,1.89421881753492,-7.57012275,-0.171299049999999,0.686033970263668,0.469065775078211,0.983015977649625,1.00090303025214,1416.79728942037,1862.70701094885
"model_fits/finalized_redone_trunc/t2_proportion/vegan/mpbamod_dishes_prop","beta[46,12]","exposure_CB2KHY1C2G9PT_1","level","CB2KHY1C2G9PT","exp_p10",-6.8152009275,-6.80061,1.04482494316818,-8.93261325,-4.88038875,0.505847472567377,0.409318652424008,0.613829009976219,1.00169004324964,1370.50198517474,2436.72892660088
"model_fits/finalized_redone_trunc/t2_proportion/vegan/mpbamod_dishes_prop","beta[47,5]","exposure_ED5J990H5VAZT_1","level","ED5J990H5VAZT","exp_p10",0.76441248169,0.762913,0.25033771516747,0.2753742,1.2609905,1.07943876946998,1.02792007915695,1.13439452449614,1.00388746454651,1339.83658479256,2656.22804061411
"model_fits/finalized_redone_trunc/t2_proportion/vegan/mpbamod_dishes_prop","beta[48,7]","exposure_EMBVNVD207CC6_1","level","EMBVNVD207CC6","exp_p10",1.7113169428525,1.727745,0.757560188846931,0.18183785,3.196881,1.18664701336219,1.01835011666867,1.3766983051639,1.00565058547464,382.943217998229,983.599983153203
"model_fits/finalized_redone_trunc/t2_proportion/vegan/mpbamod_dishes_prop","beta[49,3]","exposure_JHDN7CF1C03X5_1","level","JHDN7CF1C03X5","exp_p10",-2.0712707271625,-2.07117,0.845832898566467,-3.724284,-0.340943649999999,0.812916343936112,0.689058986415099,0.966480298420877,1.00077430532588,1605.28089371412,2251.87901413198
"model_fits/finalized_redone_trunc/t2_proportion/vegan/mpbamod_dishes_prop","beta[50,4]","exposure_L69HYJ4Y3TR91_1","level","L69HYJ4Y3TR91","exp_p10",2.66555701841175,2.641645,2.70730640096893,-2.52483025,8.11482975,1.30546030385266,0.776869400085453,2.25124405106166,1.00099584273829,980.723201344432,2003.43247051351
"model_fits/finalized_redone_trunc/t2_proportion/vegan/mpbamod_dishes_prop","beta[51,10]","exposure_LBZEEFSBJNB3Z_1","level","LBZEEFSBJNB3Z","exp_p10",1.1187850550225,1.125045,1.85622893796325,-2.41962175,4.84842125,1.11837697574162,0.785085872863354,1.62391861245453,1.00186538512982,1267.03650336886,2131.59463735396
"model_fits/finalized_redone_trunc/t2_proportion/vegan/mpbamod_dishes_prop","beta[52,14]","exposure_LFZFT3VASXPED_1","level","LFZFT3VASXPED","exp_p10",3.49335084811225,3.33496,3.74137292168286,-3.32782825,11.4725,1.41812430265033,0.716925875627065,3.14951981016583,1.00247887188399,1090.26940488146,1627.10290758858
"model_fits/finalized_redone_trunc/t2_proportion/vegan/mpbamod_dishes_prop","beta[53,17]","exposure_LQ5EH4BKGV61T_1","level","LQ5EH4BKGV61T","exp_p10",4.1148471184375,4.046695,2.21441686123911,0.0463650175,8.7705475,1.50905663693842,1.00464726695544,2.40380945047042,1.0048551440281,723.605519288094,1316.89031591827
"model_fits/finalized_redone_trunc/t2_proportion/vegan/mpbamod_dishes_prop","beta[54,13]","exposure_S8MT0YGD2KTN9_1","level","S8MT0YGD2KTN9","exp_p10",8.259783839,8.315165,1.84447752312308,4.647205,11.862705,2.28411441323622,1.59156928309979,3.27484486991359,1.00203243861632,1406.04418238956,1686.14085145475
"model_fits/finalized_redone_trunc/t2_proportion/vegan/mpbamod_dishes_prop","beta[55,11]","exposure_SAFK7ND1HR6XS_1","level","SAFK7ND1HR6XS","exp_p10",0.75976822344125,0.749447,1.7915011666972,-2.66478375,4.39464775,1.07893756662385,0.766072569866395,1.55187639314939,1.00197014524792,785.836617122352,1140.82047562807
"model_fits/finalized_redone_trunc/t2_proportion/vegan/mpbamod_dishes_prop","beta[56,1]","exposure_SRQS8F7JWA9MZ_1","level","SRQS8F7JWA9MZ","exp_p10",1.172024393765,1.172915,0.524065329045246,0.153721425,2.24268625,1.12434701876271,1.01549090162961,1.25140713352326,1.00000132448564,2160.21389448187,2634.15610123479
"model_fits/finalized_redone_trunc/t2_proportion/vegan/mpbamod_dishes_prop","beta[57,9]","exposure_V3Q26BHF3SE2H_1","level","V3Q26BHF3SE2H","exp_p10",-0.80852622651075,-0.799568,0.512463607040444,-1.81018675,0.168842675,0.922329611921602,0.834419775760972,1.01702761236579,1.00006936305831,1503.75055989091,2221.278164133
"model_fits/finalized_redone_trunc/t2_proportion/vegan/mpbamod_dishes_prop","beta[58,6]","exposure_W8T41JZK0ZMEP_1","level","W8T41JZK0ZMEP","exp_p10",0.612340431505,0.6059685,0.582222061059084,-0.505407275,1.7593165,1.06314770751079,0.950715207630208,1.19235655829467,0.999944415851621,2554.79514597645,2763.78940031146
"model_fits/finalized_redone_trunc/t2_proportion/vegan/mpbamod_dishes_prop","mu_gamma[1]","mu_gamma[1]","pooled_mu_gamma",NA,"exp_p10",0.01866406673325,-0.001948185,0.706127763314588,-1.3139525,1.45938,1.00186814949436,0.876871122577293,1.15712444411122,1.010702546537,302.454770865618,653.769717900745
"model_fits/finalized_redone_trunc/t2_proportion/vegan/mpbamod_dishes_prop","mu_gamma[2]","mu_gamma[2]","pooled_mu_gamma",NA,"exp_p10",0.028201796996525,0.029213,1.00374691540288,-1.95659725,1.97275525,1.0028241601474,0.822291992485936,1.2180796058589,1.00256334543065,1418.82291249719,1980.43613906119
"model_fits/finalized_redone_trunc/t2_proportion/vegan/vegan_dishes_count","beta[41,14]","exposure_1SQPTEGYPH0GA_1","level","1SQPTEGYPH0GA","exp",0.2018831585,0.201323,0.0235698640593942,0.15689795,0.24858595,1.22370502022794,1.16987622194059,1.28221102367083,1.0005007584785,2263.28787816915,2832.61093786855
"model_fits/finalized_redone_trunc/t2_proportion/vegan/vegan_dishes_count","beta[42,1]","exposure_2HRX9P6HKXA8V_1","level","2HRX9P6HKXA8V","exp",-0.0175345578583,-0.01684935,0.0514181586279572,-0.11958705,0.08080757,0.982618277895112,0.887286766144163,1.0841622511506,1.00424149719133,1304.68478920984,2071.75952684215
"model_fits/finalized_redone_trunc/t2_proportion/vegan/vegan_dishes_count","beta[43,17]","exposure_78AY09MVJVTYE_1","level","78AY09MVJVTYE","exp",0.0813973793525,0.0800687,0.0281693935514066,0.028546075,0.13885675,1.08480188879954,1.02895741895543,1.14895949976605,0.999931469400802,981.636350465743,1985.89529691912
"model_fits/finalized_redone_trunc/t2_proportion/vegan/vegan_dishes_count","beta[44,15]","exposure_9XKJD8DQTH559_1","level","9XKJD8DQTH559","exp",0.03086135203095,0.03063945,0.00906481205014526,0.013600535,0.0495839725,1.0313425004301,1.01369344299782,1.05083382965377,1.00116797384415,2626.69909319482,3491.27315866377
"model_fits/finalized_redone_trunc/t2_proportion/vegan/vegan_dishes_count","beta[45,7]","exposure_C0BE4NDSW26QN_1","level","C0BE4NDSW26QN","exp",0.0836412320225,0.0833572,0.0210792706732055,0.0417053375,0.12434705,1.08723875737874,1.04258722212714,1.13240880528718,1.00010404545235,3590.33015201277,2655.2161801198
"model_fits/finalized_redone_trunc/t2_proportion/vegan/vegan_dishes_count","beta[46,11]","exposure_CB2KHY1C2G9PT_1","level","CB2KHY1C2G9PT","exp",0.196029806,0.194906,0.0285624061665394,0.14337605,0.253311825,1.21656316567564,1.1541637433447,1.28828493365749,1.00563339414548,707.494247316042,1633.05817888333
"model_fits/finalized_redone_trunc/t2_proportion/vegan/vegan_dishes_count","beta[47,4]","exposure_ED5J990H5VAZT_1","level","ED5J990H5VAZT","exp",0.33924985775,0.3373185,0.0557813457867185,0.232055225,0.4492316,1.40389407520947,1.26118937608847,1.56710755728427,1.00145090755028,1109.7395611663,1998.96407655063
"model_fits/finalized_redone_trunc/t2_proportion/vegan/vegan_dishes_count","beta[48,6]","exposure_EMBVNVD207CC6_1","level","EMBVNVD207CC6","exp",0.312841101475,0.309972,0.0815080203228939,0.160800975,0.47776655,1.3673042511366,1.1744512004016,1.61246900855126,1.00037686390064,574.844797851337,1178.70817199005
"model_fits/finalized_redone_trunc/t2_proportion/vegan/vegan_dishes_count","beta[49,2]","exposure_JHDN7CF1C03X5_1","level","JHDN7CF1C03X5","exp",0.0147118356497875,0.0147089,0.0123809365094209,-0.009738169,0.038888655,1.01482058736184,0.990309093426818,1.0396547168508,1.00044411358104,3536.582476534,3352.05233820862
"model_fits/finalized_redone_trunc/t2_proportion/vegan/vegan_dishes_count","beta[50,3]","exposure_L69HYJ4Y3TR91_1","level","L69HYJ4Y3TR91","exp",0.18890542025,0.188017,0.044411477745166,0.106297425,0.2816367,1.20792670167462,1.11215260930981,1.32529715205993,1.00420650909123,906.939970602556,1740.10941023771
"model_fits/finalized_redone_trunc/t2_proportion/vegan/vegan_dishes_count","beta[51,9]","exposure_LBZEEFSBJNB3Z_1","level","LBZEEFSBJNB3Z","exp",-0.0340602418437,-0.03438555,0.0423000092478536,-0.1173156,0.04946603,0.966513278341847,0.889304484374626,1.05070989899331,1.00127523022667,809.481149120872,1599.46855583423
"model_fits/finalized_redone_trunc/t2_proportion/vegan/vegan_dishes_count","beta[52,13]","exposure_LFZFT3VASXPED_1","level","LFZFT3VASXPED","exp",0.0675896145309,0.06751645,0.0980513163512858,-0.1272788,0.257429225,1.06992613623066,0.880488158275524,1.29360025318243,0.999937486034792,784.980647715798,1581.22542191936
"model_fits/finalized_redone_trunc/t2_proportion/vegan/vegan_dishes_count","beta[53,16]","exposure_LQ5EH4BKGV61T_1","level","LQ5EH4BKGV61T","exp",0.3347401534075,0.3258405,0.123881618429363,0.116018,0.596256375,1.3975771823674,1.12301608624088,1.81531022322793,1.00461289320113,429.262829990698,1072.11408913922
"model_fits/finalized_redone_trunc/t2_proportion/vegan/vegan_dishes_count","beta[54,12]","exposure_S8MT0YGD2KTN9_1","level","S8MT0YGD2KTN9","exp",-0.06993504765855,-0.06811955,0.0816783498193935,-0.23995225,0.087306005,0.932454383034542,0.786665423443714,1.09123055063724,1.00106618951425,1026.85471417932,2024.71455466742
"model_fits/finalized_redone_trunc/t2_proportion/vegan/vegan_dishes_count","beta[55,10]","exposure_SAFK7ND1HR6XS_1","level","SAFK7ND1HR6XS","exp",0.1046309325577,0.1037855,0.119163545797491,-0.130444525,0.346936925,1.11030075886768,0.877705182293193,1.41472748861981,1.0025251188773,734.092158356826,1269.92826247527
"model_fits/finalized_redone_trunc/t2_proportion/vegan/vegan_dishes_count","beta[56,8]","exposure_V3Q26BHF3SE2H_1","level","V3Q26BHF3SE2H","exp",0.30126704625,0.300624,0.0600113476368879,0.185620725,0.424030325,1.3515702251098,1.20396553974166,1.5281079329545,1.00049681622139,880.63499958249,1567.19593809584
"model_fits/finalized_redone_trunc/t2_proportion/vegan/vegan_dishes_count","beta[57,5]","exposure_W8T41JZK0ZMEP_1","level","W8T41JZK0ZMEP","exp",0.01842358382225,0.0182915,0.00785189143906059,0.00360843725,0.0345491625,1.01859434510896,1.00361495549756,1.0351529178305,0.999878904583424,2783.76472702367,2979.37873338214
"model_fits/finalized_redone_trunc/t2_proportion/vegan/vegan_dishes_count","mu_gamma[1]","mu_gamma[1]","pooled_mu_gamma",NA,"exp",0.13091625571025,0.1288795,0.0410468514867618,0.0528452075,0.21905135,1.13987231951705,1.05426643995031,1.24489520041482,1.0050888444834,155.042173643724,260.23330572269
"model_fits/finalized_redone_trunc/t2_proportion/vegan/vegan_dishes_count","mu_gamma[2]","mu_gamma[2]","pooled_mu_gamma",NA,"exp",-0.05510796699525,-0.08250125,0.972955008556788,-1.932893,1.86719175,0.94638296431234,0.144728891565315,6.47010120121359,1.00213657577555,1105.87442167057,1648.96340585119
"model_fits/finalized_redone_trunc/t2_proportion/vegan/vegan_dishes_prop","beta[41,14]","exposure_1SQPTEGYPH0GA_1","level","1SQPTEGYPH0GA","exp_p10",-0.3775758584195,-0.374738,0.957939337200834,-2.328127,1.453109,0.962946344427227,0.792301957784387,1.15639903884691,1.00480308173803,933.178646824364,1420.23053932699
"model_fits/finalized_redone_trunc/t2_proportion/vegan/vegan_dishes_prop","beta[42,1]","exposure_2HRX9P6HKXA8V_1","level","2HRX9P6HKXA8V","exp_p10",-0.10487038243525,-0.1024805,0.943843793316491,-1.96632325,1.7317725,0.98956775902108,0.821492620091854,1.1890768502779,1.00140049141852,1112.79604555722,1962.97744388074
"model_fits/finalized_redone_trunc/t2_proportion/vegan/vegan_dishes_prop","beta[43,17]","exposure_78AY09MVJVTYE_1","level","78AY09MVJVTYE","exp_p10",1.5545802864383,1.550375,0.672515113922499,0.2596246,2.89354275,1.16819290439783,1.02630242035741,1.33556480194473,1.00123069854208,881.265100183618,2101.0051109041
"model_fits/finalized_redone_trunc/t2_proportion/vegan/vegan_dishes_prop","beta[44,15]","exposure_9XKJD8DQTH559_1","level","9XKJD8DQTH559","exp_p10",2.4303508795,2.435905,0.665862124445572,1.151917,3.747717,1.27511336444751,1.12208852132504,1.45465927799308,1.00154143986165,1320.49236876344,2241.27054823825
"model_fits/finalized_redone_trunc/t2_proportion/vegan/vegan_dishes_prop","beta[45,7]","exposure_C0BE4NDSW26QN_1","level","C0BE4NDSW26QN","exp_p10",0.716845029789,0.709657,0.751867593233316,-0.777103075,2.16613975,1.07431634698315,0.925232420616738,1.24186461880797,1.0007727595562,1466.88658169632,1918.9750339521
"model_fits/finalized_redone_trunc/t2_proportion/vegan/vegan_dishes_prop","beta[46,11]","exposure_CB2KHY1C2G9PT_1","level","CB2KHY1C2G9PT","exp_p10",4.088250125,4.02252,1.03552100993603,2.18486575,6.27510125,1.50504833279632,1.24419231323324,1.87294137889814,1.00041248276353,1112.07065609722,1942.93603104661
"model_fits/finalized_redone_trunc/t2_proportion/vegan/vegan_dishes_prop","beta[47,4]","exposure_ED5J990H5VAZT_1","level","ED5J990H5VAZT","exp_p10",2.8142907565,2.79963,0.955229910238505,0.955907925,4.7533165,1.32502201666357,1.10030871727821,1.60854758383828,1.00137891304567,1087.01870179778,1670.51520088462
"model_fits/finalized_redone_trunc/t2_proportion/vegan/vegan_dishes_prop","beta[48,6]","exposure_EMBVNVD207CC6_1","level","EMBVNVD207CC6","exp_p10",-0.460051546848025,-0.455819,0.599288118020757,-1.6442435,0.701639775,0.955037039263114,0.848381934610142,1.07268406288443,1.00246887122481,1176.94989401361,1805.57179166776
"model_fits/finalized_redone_trunc/t2_proportion/vegan/vegan_dishes_prop","beta[49,2]","exposure_JHDN7CF1C03X5_1","level","JHDN7CF1C03X5","exp_p10",0.24312603398225,0.231807,0.620445149328747,-0.9365702,1.504322,1.02461056457726,0.910595024569366,1.16233649601711,1.00045028630637,1761.18108630126,1811.65125783021
"model_fits/finalized_redone_trunc/t2_proportion/vegan/vegan_dishes_prop","beta[50,3]","exposure_L69HYJ4Y3TR91_1","level","L69HYJ4Y3TR91","exp_p10",4.51745366775,4.48283,1.37854242781203,1.8938985,7.4364275,1.57105185564069,1.20851199906102,2.10358440663255,1.00093619061036,815.286845638145,1297.34206278095
"model_fits/finalized_redone_trunc/t2_proportion/vegan/vegan_dishes_prop","beta[51,9]","exposure_LBZEEFSBJNB3Z_1","level","LBZEEFSBJNB3Z","exp_p10",-0.4642501442605,-0.447961,1.24597392136308,-2.9526925,1.83698675,0.954636141825164,0.74433114932118,1.20165368024249,1.00104512044057,569.362138621221,1244.44557804684
"model_fits/finalized_redone_trunc/t2_proportion/vegan/vegan_dishes_prop","beta[52,13]","exposure_LFZFT3VASXPED_1","level","LFZFT3VASXPED","exp_p10",2.34253541735,2.29725,1.79570371432403,-1.04002725,6.0795965,1.26396491944388,0.901222841585615,1.83668010285685,1.00058925698889,755.45699993949,1830.68904192466
"model_fits/finalized_redone_trunc/t2_proportion/vegan/vegan_dishes_prop","beta[53,16]","exposure_LQ5EH4BKGV61T_1","level","LQ5EH4BKGV61T","exp_p10",1.2300740082075,1.22811,1.55225106962982,-1.85268575,4.265354,1.13089279045135,0.830881099991234,1.53194075668573,1.00401784703644,964.948618114435,1820.29189400925
"model_fits/finalized_redone_trunc/t2_proportion/vegan/vegan_dishes_prop","beta[54,12]","exposure_S8MT0YGD2KTN9_1","level","S8MT0YGD2KTN9","exp_p10",1.24336445574175,1.29404,1.65313407413067,-2.09454875,4.49102425,1.13239679680568,0.811026236166279,1.56690513923951,1.00427238788917,1058.64929501469,1156.55966820607
"model_fits/finalized_redone_trunc/t2_proportion/vegan/vegan_dishes_prop","beta[55,10]","exposure_SAFK7ND1HR6XS_1","level","SAFK7ND1HR6XS","exp_p10",0.92312777255925,0.9327615,1.61403119357094,-2.49034975,4.0907785,1.09670779369542,0.779552708051937,1.50542891356468,1.00462905312792,622.099745706742,1172.275629695
"model_fits/finalized_redone_trunc/t2_proportion/vegan/vegan_dishes_prop","beta[56,8]","exposure_V3Q26BHF3SE2H_1","level","V3Q26BHF3SE2H","exp_p10",4.482796475,4.43961,0.950526030595419,2.71774675,6.4193405,1.56561645516914,1.31229127596345,1.90015231737754,1.00055307479897,1134.44521392267,1862.85944499199
"model_fits/finalized_redone_trunc/t2_proportion/vegan/vegan_dishes_prop","beta[57,5]","exposure_W8T41JZK0ZMEP_1","level","W8T41JZK0ZMEP","exp_p10",1.3807797049225,1.37575,0.561159720631605,0.29384795,2.4915655,1.14806506198252,1.02982078813374,1.28294286205457,1.00111243545094,1442.15485857945,2451.05436405671
"model_fits/finalized_redone_trunc/t2_proportion/vegan/vegan_dishes_prop","mu_gamma[1]","mu_gamma[1]","pooled_mu_gamma",NA,"exp_p10",1.2959158723925,1.30847,0.501066759965824,0.271413325,2.23939925,1.13836336624649,1.02751301348473,1.25099586359439,1.00467684333929,329.494748458328,652.763481893981
"model_fits/finalized_redone_trunc/t2_proportion/vegan/vegan_dishes_prop","mu_gamma[2]","mu_gamma[2]","pooled_mu_gamma",NA,"exp_p10",-0.0029596115275,0.009688285,0.997469259627569,-2.02408675,1.916704,0.999704082639432,0.816761069896925,1.21127121617089,1.00089098026712,1243.15185869459,1813.74176255936
"model_fits/finalized_redone_trunc/t2_proportion/vegan/vegetarian_dishes_count","beta[41,15]","exposure_1SQPTEGYPH0GA_1","level","1SQPTEGYPH0GA","exp",0.0622841407,0.0621323,0.00685754640265377,0.049284175,0.0762421725,1.06426470268751,1.05051883951772,1.07922390086307,1.00284884836289,1849.90948587809,2837.75721199113
"model_fits/finalized_redone_trunc/t2_proportion/vegan/vegetarian_dishes_count","beta[42,2]","exposure_2HRX9P6HKXA8V_1","level","2HRX9P6HKXA8V","exp",-0.0478695295602325,-0.0479904,0.0411218751507743,-0.129226275,0.03285379,0.953258150974592,0.878775098211731,1.03339943486372,1.00234895658963,1022.789654437,1715.87278818912
"model_fits/finalized_redone_trunc/t2_proportion/vegan/vegetarian_dishes_count","beta[43,18]","exposure_78AY09MVJVTYE_1","level","78AY09MVJVTYE","exp",0.0387476408733,0.0379061,0.0188316909548712,0.0032987875,0.0767728,1.03950812118511,1.00330423448732,1.07979671870653,1.00213008645057,402.118377764167,761.835780025514
"model_fits/finalized_redone_trunc/t2_proportion/vegan/vegetarian_dishes_count","beta[44,16]","exposure_9XKJD8DQTH559_1","level","9XKJD8DQTH559","exp",0.013111041659,0.01299775,0.00445692311945844,0.00476072425,0.0218314275,1.01319736823021,1.00477207450235,1.02207147680366,1.0010704019637,1505.75046760971,2378.69677312307
"model_fits/finalized_redone_trunc/t2_proportion/vegan/vegetarian_dishes_count","beta[45,8]","exposure_C0BE4NDSW26QN_1","level","C0BE4NDSW26QN","exp",0.043780981345,0.04362935,0.0113506491050636,0.0217488125,0.0661178525,1.04475350932022,1.02198704185644,1.06835261777388,1.00682175522581,1335.50330275629,2519.22719930047
"model_fits/finalized_redone_trunc/t2_proportion/vegan/vegetarian_dishes_count","beta[46,12]","exposure_CB2KHY1C2G9PT_1","level","CB2KHY1C2G9PT","exp",0.08698352105,0.0867316,0.0136018471138321,0.0613646325,0.11390095,1.09087870303456,1.06328655234396,1.1206411198838,1.00214104514679,621.606663647598,1555.94937609056
"model_fits/finalized_redone_trunc/t2_proportion/vegan/vegetarian_dishes_count","beta[47,5]","exposure_ED5J990H5VAZT_1","level","ED5J990H5VAZT","exp",0.129872264,0.1291385,0.0205263319510043,0.090981815,0.17238385,1.13868292323269,1.0952490879727,1.1881338108581,1.00059591633774,1426.89649226937,2053.50913765891
"model_fits/finalized_redone_trunc/t2_proportion/vegan/vegetarian_dishes_count","beta[48,7]","exposure_EMBVNVD207CC6_1","level","EMBVNVD207CC6","exp",0.208735112525,0.20909,0.0431622716735935,0.124996325,0.2935485,1.23211858252018,1.13314428875391,1.34117822497672,1.00334985688947,428.697112191567,877.928587444229
"model_fits/finalized_redone_trunc/t2_proportion/vegan/vegetarian_dishes_count","beta[49,3]","exposure_JHDN7CF1C03X5_1","level","JHDN7CF1C03X5","exp",0.018319053399575,0.01814125,0.00927421399049951,0.000492754775,0.03640079,1.01848787657623,1.00049287619858,1.03707141105914,1.0021273757559,2168.57968192734,3151.45385956367
"model_fits/finalized_redone_trunc/t2_proportion/vegan/vegetarian_dishes_count","beta[50,4]","exposure_L69HYJ4Y3TR91_1","level","L69HYJ4Y3TR91","exp",0.102008901764317,0.1006385,0.0284151434018577,0.0504492975,0.161827375,1.10739332943848,1.05174353597647,1.17565727596579,1.00044942211948,597.423046875853,1496.67615408064
"model_fits/finalized_redone_trunc/t2_proportion/vegan/vegetarian_dishes_count","beta[51,10]","exposure_LBZEEFSBJNB3Z_1","level","LBZEEFSBJNB3Z","exp",-0.027506460246385,-0.02785205,0.0247227587527149,-0.075450615,0.024671315,0.972868397563604,0.927325525374271,1.02497817020233,1.00161837320218,567.812205306535,735.535875580676
"model_fits/finalized_redone_trunc/t2_proportion/vegan/vegetarian_dishes_count","beta[52,14]","exposure_LFZFT3VASXPED_1","level","LFZFT3VASXPED","exp",0.0233022803051,0.0242065,0.0714447494830048,-0.1212235,0.161222,1.02357589962336,0.885835953130953,1.17494577782568,1.00142427419269,670.742553996484,1070.19321267077
"model_fits/finalized_redone_trunc/t2_proportion/vegan/vegetarian_dishes_count","beta[53,17]","exposure_LQ5EH4BKGV61T_1","level","LQ5EH4BKGV61T","exp",0.18289437006275,0.175718,0.0857360404256626,0.0313910625,0.367684175,1.20068757282917,1.03188895806915,1.44438579378753,1.00548230283914,346.586604162347,707.324802641932
"model_fits/finalized_redone_trunc/t2_proportion/vegan/vegetarian_dishes_count","beta[54,13]","exposure_S8MT0YGD2KTN9_1","level","S8MT0YGD2KTN9","exp",-0.0698395603475,-0.06949905,0.0238929451601873,-0.117340725,-0.0238842225,0.932543424847369,0.889282140880147,0.9763987482202,1.0013526473084,1769.66044354213,2578.18720276283
"model_fits/finalized_redone_trunc/t2_proportion/vegan/vegetarian_dishes_count","beta[55,11]","exposure_SAFK7ND1HR6XS_1","level","SAFK7ND1HR6XS","exp",0.057244944382725,0.0576824,0.0778777034758705,-0.0923228925,0.21359,1.05891515395057,0.911810685175818,1.23811492359699,1.00261696644658,560.322257779036,1348.74260954363
"model_fits/finalized_redone_trunc/t2_proportion/vegan/vegetarian_dishes_count","beta[56,1]","exposure_SRQS8F7JWA9MZ_1","level","SRQS8F7JWA9MZ","exp",0.03292218848215,0.0331141,0.0217581099671265,-0.00883074625,0.0747102525,1.03347012023388,0.991208130269277,1.07757188188839,1.00186164744258,1198.09571426754,2205.51187215074
"model_fits/finalized_redone_trunc/t2_proportion/vegan/vegetarian_dishes_count","beta[57,9]","exposure_V3Q26BHF3SE2H_1","level","V3Q26BHF3SE2H","exp",0.088658683217475,0.0887244,0.0320291749114766,0.0284960675,0.15308815,1.09270763321682,1.02890596465386,1.1654277068673,1.00128360465456,733.236709480096,1449.4508107672
"model_fits/finalized_redone_trunc/t2_proportion/vegan/vegetarian_dishes_count","beta[58,6]","exposure_W8T41JZK0ZMEP_1","level","W8T41JZK0ZMEP","exp",0.00767088537162,0.007615875,0.00598774219329665,-0.00373292325,0.0198320475,1.00770038198629,0.996274035446542,1.02003000904933,1.00032578683904,1679.99231641669,2462.23280486634
"model_fits/finalized_redone_trunc/t2_proportion/vegan/vegetarian_dishes_count","mu_gamma[1]","mu_gamma[1]","pooled_mu_gamma",NA,"exp",0.053477145876725,0.0533482,0.0234187179009561,0.0067505055,0.10112505,1.05493288192596,1.00677334151822,1.10641499030754,1.01591069401392,81.7138886893358,235.412665490265
"model_fits/finalized_redone_trunc/t2_proportion/vegan/vegetarian_dishes_count","mu_gamma[2]","mu_gamma[2]","pooled_mu_gamma",NA,"exp",0.00344456503075,-0.003155885,0.998820552025853,-1.92194025,1.932331,1.00345050436239,0.146322783749779,6.90558842179331,1.00013397209945,813.032298767055,1544.007082686
"model_fits/finalized_redone_trunc/t2_proportion/vegan/vegetarian_dishes_prop","beta[41,15]","exposure_1SQPTEGYPH0GA_1","level","1SQPTEGYPH0GA","exp_p10",-2.3662357675,-2.342775,0.680179527665853,-3.7361155,-1.02235525,0.78928833858733,0.68824420837269,0.902816890678193,1.00087415256094,559.627213388285,1024.60947872335
"model_fits/finalized_redone_trunc/t2_proportion/vegan/vegetarian_dishes_prop","beta[42,2]","exposure_2HRX9P6HKXA8V_1","level","2HRX9P6HKXA8V","exp_p10",-1.0291638768,-1.01482,0.900862778591436,-2.83058525,0.711188525,0.902202405564186,0.753475689404576,1.07370883126396,1.00093538093981,475.998534599989,979.709133802345
"model_fits/finalized_redone_trunc/t2_proportion/vegan/vegetarian_dishes_prop","beta[43,18]","exposure_78AY09MVJVTYE_1","level","78AY09MVJVTYE","exp_p10",0.439460499119575,0.425089,0.510499910191359,-0.529117675,1.47440375,1.04492597951914,0.948463694113415,1.15886418549269,1.00986427536218,665.312457852374,1106.32276901279
"model_fits/finalized_redone_trunc/t2_proportion/vegan/vegetarian_dishes_prop","beta[44,16]","exposure_9XKJD8DQTH559_1","level","9XKJD8DQTH559","exp_p10",1.088839575509,1.064775,0.550149567555062,0.073709505,2.22428425,1.11503295167918,1.00739818282389,1.24910641165959,1.0010038372904,652.598215680045,1430.96930821969
"model_fits/finalized_redone_trunc/t2_proportion/vegan/vegetarian_dishes_prop","beta[45,8]","exposure_C0BE4NDSW26QN_1","level","C0BE4NDSW26QN","exp_p10",-0.0127771148437175,-0.0118907,0.55662206490286,-1.09027975,1.07877925,0.998723104441404,0.896705331815694,1.11391175630855,1.00274856410327,428.931274711462,951.548597707274
"model_fits/finalized_redone_trunc/t2_proportion/vegan/vegetarian_dishes_prop","beta[46,12]","exposure_CB2KHY1C2G9PT_1","level","CB2KHY1C2G9PT","exp_p10",0.76691274091975,0.7356005,0.719476979182424,-0.553982075,2.25283825,1.07970869088688,0.946108325500673,1.25267820713301,1.00286896462165,325.032831769359,782.271803400411
"model_fits/finalized_redone_trunc/t2_proportion/vegan/vegetarian_dishes_prop","beta[47,5]","exposure_ED5J990H5VAZT_1","level","ED5J990H5VAZT","exp_p10",1.9309068804675,1.90053,0.789620080417341,0.4592897,3.51980625,1.21299279247832,1.04700003990285,1.42188097450781,1.00230189787889,414.549270711955,999.331825357983
"model_fits/finalized_redone_trunc/t2_proportion/vegan/vegetarian_dishes_prop","beta[48,7]","exposure_EMBVNVD207CC6_1","level","EMBVNVD207CC6","exp_p10",1.1272473190925,1.126285,0.579970784483878,-0.0142485875,2.25086675,1.11932377641884,0.99857615587927,1.2524312659675,1.00908660182252,340.928858813408,785.267290127492
"model_fits/finalized_redone_trunc/t2_proportion/vegan/vegetarian_dishes_prop","beta[49,3]","exposure_JHDN7CF1C03X5_1","level","JHDN7CF1C03X5","exp_p10",0.74873609316725,0.7367535,0.629906471768833,-0.44264985,2.028236,1.07774792497933,0.9567004126229,1.22485638452325,1.00076369800855,563.766591439276,1226.80389772503
"model_fits/finalized_redone_trunc/t2_proportion/vegan/vegetarian_dishes_prop","beta[50,4]","exposure_L69HYJ4Y3TR91_1","level","L69HYJ4Y3TR91","exp_p10",2.2468558178425,2.186315,1.1467450304373,0.137366075,4.683145,1.25192902501298,1.01383138818391,1.59729967444829,1.00137656600801,301.63319152994,654.814123147009
"model_fits/finalized_redone_trunc/t2_proportion/vegan/vegetarian_dishes_prop","beta[51,10]","exposure_LBZEEFSBJNB3Z_1","level","LBZEEFSBJNB3Z","exp_p10",-0.91262833738325,-0.861993,0.850519454176393,-2.6721135,0.64146045,0.912777770574741,0.765511263561372,1.06624810759585,1.00724347185434,291.551345670259,563.42569608136
"model_fits/finalized_redone_trunc/t2_proportion/vegan/vegetarian_dishes_prop","beta[52,14]","exposure_LFZFT3VASXPED_1","level","LFZFT3VASXPED","exp_p10",1.40460827398875,1.35926,1.41562325864588,-1.205352,4.333487,1.15080399869587,0.886445883901088,1.54241396668936,1.00357037110689,306.046832115854,661.60480037961
"model_fits/finalized_redone_trunc/t2_proportion/vegan/vegetarian_dishes_prop","beta[53,17]","exposure_LQ5EH4BKGV61T_1","level","LQ5EH4BKGV61T","exp_p10",0.41009028804875,0.393656,1.21108833139033,-1.94887,2.83908575,1.04186151226731,0.822927643625964,1.32831148432381,1.00077353999256,453.024992262693,834.060685306599
"model_fits/finalized_redone_trunc/t2_proportion/vegan/vegetarian_dishes_prop","beta[54,13]","exposure_S8MT0YGD2KTN9_1","level","S8MT0YGD2KTN9","exp_p10",-1.485651900565,-1.46747,0.754117575472351,-3.03214925,-0.0662788924999999,0.861943815172928,0.738440370017437,0.993394026762257,1.0021316788501,421.065689608425,940.12920855447
"model_fits/finalized_redone_trunc/t2_proportion/vegan/vegetarian_dishes_prop","beta[55,11]","exposure_SAFK7ND1HR6XS_1","level","SAFK7ND1HR6XS","exp_p10",0.09191381809625,0.0947108,1.19096789495077,-2.21311325,2.57146625,1.00923375227429,0.801467124693168,1.29323473340126,1.01213629663467,322.965013329539,706.407065945239
"model_fits/finalized_redone_trunc/t2_proportion/vegan/vegetarian_dishes_prop","beta[56,1]","exposure_SRQS8F7JWA9MZ_1","level","SRQS8F7JWA9MZ","exp_p10",0.33605950582775,0.3424055,0.375104106696144,-0.411052625,1.08714225,1.03417700957875,0.959728101251368,1.11484371035262,1.00180299276282,601.346715279573,986.500732201483
"model_fits/finalized_redone_trunc/t2_proportion/vegan/vegetarian_dishes_prop","beta[57,9]","exposure_V3Q26BHF3SE2H_1","level","V3Q26BHF3SE2H","exp_p10",-0.55332898655525,-0.567793,0.531561752727499,-1.5856405,0.488500225,0.946170116759895,0.853368303800608,1.05006285312822,1.00113667967501,699.029669003513,907.904941724683
"model_fits/finalized_redone_trunc/t2_proportion/vegan/vegetarian_dishes_prop","beta[58,6]","exposure_W8T41JZK0ZMEP_1","level","W8T41JZK0ZMEP","exp_p10",1.246589427672,1.240785,0.666084013027732,-0.07153834,2.55337225,1.13276205048751,0.99287169376039,1.29089687017734,1.00128011008373,419.012808923353,691.557954922268
"model_fits/finalized_redone_trunc/t2_proportion/vegan/vegetarian_dishes_prop","mu_gamma[1]","mu_gamma[1]","pooled_mu_gamma",NA,"exp_p10",0.308482515399375,0.316985,0.389336628585041,-0.44347015,1.084494,1.03132898942545,0.956621937706746,1.11454851095684,1.00386486160666,192.927656061289,444.913214663809
"model_fits/finalized_redone_trunc/t2_proportion/vegan/vegetarian_dishes_prop","mu_gamma[2]","mu_gamma[2]","pooled_mu_gamma",NA,"exp_p10",0.03227088015225,0.04102,1.031075946361,-1.97391375,2.07902475,1.00323230066948,0.820869302713028,1.23109310133943,1.00371060868595,668.526064067847,1090.11784981613
"model_fits/finalized_redone_trunc/t2_proportion/vegetarian/mpbamod_dishes_count","beta[41,15]","exposure_1SQPTEGYPH0GA_1","level","1SQPTEGYPH0GA","exp",0.046220711323075,0.04677125,0.0321614149226397,-0.0208689425,0.10670445,1.04730553764074,0.979347306968842,1.11260537536292,1.008786766822,569.316986560211,1072.48489561369
"model_fits/finalized_redone_trunc/t2_proportion/vegetarian/mpbamod_dishes_count","beta[42,2]","exposure_2HRX9P6HKXA8V_1","level","2HRX9P6HKXA8V","exp",-0.18114592911925,-0.177953,0.0891354812866791,-0.3661877,-0.022003075,0.834313599163171,0.693372642949704,0.978237226967112,1.00225912838172,356.521768220149,681.094829459277
"model_fits/finalized_redone_trunc/t2_proportion/vegetarian/mpbamod_dishes_count","beta[43,18]","exposure_78AY09MVJVTYE_1","level","78AY09MVJVTYE","exp",-0.0895053964736725,-0.08996945,0.0432251156754473,-0.171924475,-0.00188764899999998,0.91438333066542,0.842042766046949,0.998114131488885,1.00204164032356,557.342555007282,970.965605527367
"model_fits/finalized_redone_trunc/t2_proportion/vegetarian/mpbamod_dishes_count","beta[44,16]","exposure_9XKJD8DQTH559_1","level","9XKJD8DQTH559","exp",0.051997681,0.05186895,0.00999115655857711,0.03295113,0.07216628,1.05337329973785,1.03350003086064,1.07483405261184,1.00394807978971,942.334836989645,2396.13504132248
"model_fits/finalized_redone_trunc/t2_proportion/vegetarian/mpbamod_dishes_count","beta[45,8]","exposure_C0BE4NDSW26QN_1","level","C0BE4NDSW26QN","exp",0.0429450022945,0.043462,0.0610621984682901,-0.07520711,0.1602293,1.04388048224051,0.927551361271296,1.1737799878876,1.00339202127266,413.30998576477,927.311552369958
"model_fits/finalized_redone_trunc/t2_proportion/vegetarian/mpbamod_dishes_count","beta[46,12]","exposure_CB2KHY1C2G9PT_1","level","CB2KHY1C2G9PT","exp",-0.091697404235,-0.09141265,0.0383454307241703,-0.1648612,-0.017066715,0.912381190462877,0.848011399901944,0.983078096391873,1.00092231566852,374.867671743172,1024.82850094738
"model_fits/finalized_redone_trunc/t2_proportion/vegetarian/mpbamod_dishes_count","beta[47,5]","exposure_ED5J990H5VAZT_1","level","ED5J990H5VAZT","exp",0.018293596271125,0.01825035,0.00689508304195027,0.004601974,0.0314123225,1.01846194912955,1.00461257934461,1.0319108962616,1.00924146294868,393.786608565598,1333.7619094812
"model_fits/finalized_redone_trunc/t2_proportion/vegetarian/mpbamod_dishes_count","beta[48,7]","exposure_EMBVNVD207CC6_1","level","EMBVNVD207CC6","exp",0.075628114848025,0.07463965,0.0654178231189971,-0.05186973,0.207954325,1.07856139859666,0.949452543969908,1.23115693517161,1.00562554018403,122.966591951215,333.720250486916
"model_fits/finalized_redone_trunc/t2_proportion/vegetarian/mpbamod_dishes_count","beta[49,3]","exposure_JHDN7CF1C03X5_1","level","JHDN7CF1C03X5","exp",0.009469365618535,0.0092301,0.01753283536961,-0.0239074,0.0443787025,1.00951434191471,0.97637611800047,1.04537816726153,1.00004995812083,931.719062171644,1586.40277197722
"model_fits/finalized_redone_trunc/t2_proportion/vegetarian/mpbamod_dishes_count","beta[50,4]","exposure_L69HYJ4Y3TR91_1","level","L69HYJ4Y3TR91","exp",0.110171106562575,0.108132,0.066496627164408,-0.0179090075,0.239258875,1.11646908930421,0.982250405712128,1.27030734483578,1.00076675558124,286.617233568501,795.593353916331
"model_fits/finalized_redone_trunc/t2_proportion/vegetarian/mpbamod_dishes_count","beta[51,10]","exposure_LBZEEFSBJNB3Z_1","level","LBZEEFSBJNB3Z","exp",-0.0326455426245825,-0.0321521,0.0418924551548475,-0.11500855,0.0525804125,0.967881571555449,0.891358522758881,1.05398731242576,1.00896957144368,338.596277683063,665.508720598264
"model_fits/finalized_redone_trunc/t2_proportion/vegetarian/mpbamod_dishes_count","beta[52,14]","exposure_LFZFT3VASXPED_1","level","LFZFT3VASXPED","exp",0.0492929669698975,0.0474068,0.133446567545938,-0.2061997,0.320943475,1.05052807568833,0.813670570044375,1.37842766306797,1.00778562272793,354.047760934555,587.061098714797
"model_fits/finalized_redone_trunc/t2_proportion/vegetarian/mpbamod_dishes_count","beta[53,17]","exposure_LQ5EH4BKGV61T_1","level","LQ5EH4BKGV61T","exp",0.1525349383645,0.146472,0.0824075191686044,0.00419230350000001,0.3348219,1.16478315700221,1.00420110349744,1.3976914342096,1.01216838798767,248.055080972142,327.868718217763
"model_fits/finalized_redone_trunc/t2_proportion/vegetarian/mpbamod_dishes_count","beta[54,13]","exposure_S8MT0YGD2KTN9_1","level","S8MT0YGD2KTN9","exp",0.04450529824135,0.04667965,0.076734978233616,-0.106893825,0.193196375,1.04551051606283,0.898621079018413,1.21312099676551,1.02518247567533,237.556586117044,542.067952097347
"model_fits/finalized_redone_trunc/t2_proportion/vegetarian/mpbamod_dishes_count","beta[55,11]","exposure_SAFK7ND1HR6XS_1","level","SAFK7ND1HR6XS","exp",0.0700035018841,0.06952125,0.104692198110753,-0.1301411,0.288738425,1.07251193706014,0.87797154039594,1.33474254758011,1.00091151859584,340.968016348371,614.293068871185
"model_fits/finalized_redone_trunc/t2_proportion/vegetarian/mpbamod_dishes_count","beta[56,1]","exposure_SRQS8F7JWA9MZ_1","level","SRQS8F7JWA9MZ","exp",0.2977877945,0.297605,0.0390164541416018,0.225592175,0.377328225,1.34687594306877,1.25306453001645,1.45838290855298,1.00732882147425,716.056961520906,1284.80203350476
"model_fits/finalized_redone_trunc/t2_proportion/vegetarian/mpbamod_dishes_count","beta[57,9]","exposure_V3Q26BHF3SE2H_1","level","V3Q26BHF3SE2H","exp",-0.029059955691015,-0.0287528,0.0197395137161032,-0.0681228275,0.0095640075,0.971358224267148,0.934145727746011,1.00960988877269,1.01053926575522,309.311201296665,962.975479588642
"model_fits/finalized_redone_trunc/t2_proportion/vegetarian/mpbamod_dishes_count","beta[58,6]","exposure_W8T41JZK0ZMEP_1","level","W8T41JZK0ZMEP","exp",0.0150573693466075,0.01496315,0.00995793061005042,-0.0040271695,0.0348825075,1.01517130265949,0.995980928672539,1.03549803839881,1.00262183880574,714.575550197974,1697.61655333072
"model_fits/finalized_redone_trunc/t2_proportion/vegetarian/mpbamod_dishes_count","mu_gamma[1]","mu_gamma[1]","pooled_mu_gamma",NA,"exp",0.0334153247142725,0.0335784,0.0311490015053015,-0.02743224,0.093428195,1.033979887477,0.972940606775431,1.09793176352051,1.00986550584983,94.7727169786841,248.034676115966
"model_fits/finalized_redone_trunc/t2_proportion/vegetarian/mpbamod_dishes_count","mu_gamma[2]","mu_gamma[2]","pooled_mu_gamma",NA,"exp",-0.0055481052715,0.00761477,0.994541004411238,-1.95278875,1.973504,0.994467257040846,0.141877857497181,7.19584661106353,1.01008984781889,390.002413777892,823.387262288273
"model_fits/finalized_redone_trunc/t2_proportion/vegetarian/mpbamod_dishes_prop","beta[41,15]","exposure_1SQPTEGYPH0GA_1","level","1SQPTEGYPH0GA","exp_p10",-2.5587966809275,-2.578875,1.00447634942858,-4.5034115,-0.644600875,0.774235128376758,0.63741066187827,0.937573534418971,1.00021465513208,798.63691945078,1508.61045814316
"model_fits/finalized_redone_trunc/t2_proportion/vegetarian/mpbamod_dishes_prop","beta[42,2]","exposure_2HRX9P6HKXA8V_1","level","2HRX9P6HKXA8V","exp_p10",-5.397208865,-5.360535,1.83297596696468,-9.195147,-1.881339,0.582910927979751,0.398712489311568,0.828503763151254,1.00518633352557,387.784787177513,507.451583859904
"model_fits/finalized_redone_trunc/t2_proportion/vegetarian/mpbamod_dishes_prop","beta[43,18]","exposure_78AY09MVJVTYE_1","level","78AY09MVJVTYE","exp_p10",-3.027654631395,-2.99175,1.05624299206308,-5.22739425,-1.044916,0.738772345399561,0.592894132257116,0.900782363946961,1.01589643222801,455.421581990914,1013.98147349028
"model_fits/finalized_redone_trunc/t2_proportion/vegetarian/mpbamod_dishes_prop","beta[44,16]","exposure_9XKJD8DQTH559_1","level","9XKJD8DQTH559","exp_p10",0.319259212885,0.3225485,0.528282366870924,-0.731403675,1.35481175,1.0324410205717,0.929470353438834,1.14508763935673,1.00169645198406,973.786581833211,1636.76025107075
"model_fits/finalized_redone_trunc/t2_proportion/vegetarian/mpbamod_dishes_prop","beta[45,8]","exposure_C0BE4NDSW26QN_1","level","C0BE4NDSW26QN","exp_p10",-2.997284635825,-2.97728,1.2849526470141,-5.56101225,-0.490386724999999,0.741019407120867,0.573440426430572,0.952144307185781,1.00366650407777,708.338860652534,1145.38024430055
"model_fits/finalized_redone_trunc/t2_proportion/vegetarian/mpbamod_dishes_prop","beta[46,12]","exposure_CB2KHY1C2G9PT_1","level","CB2KHY1C2G9PT","exp_p10",-3.6184060575,-3.586295,0.617818786098922,-4.88418325,-2.4793845,0.69639336009311,0.613596136743052,0.780407975910732,1.00076976996582,560.171284284467,1113.51892814362
"model_fits/finalized_redone_trunc/t2_proportion/vegetarian/mpbamod_dishes_prop","beta[47,5]","exposure_ED5J990H5VAZT_1","level","ED5J990H5VAZT","exp_p10",0.28710436875565,0.2872075,0.145171686937688,0.009407776,0.577792975,1.029126554226,1.00094122027005,1.05948113976869,1.00092454040866,1187.72391265625,2488.38236726249
"model_fits/finalized_redone_trunc/t2_proportion/vegetarian/mpbamod_dishes_prop","beta[48,7]","exposure_EMBVNVD207CC6_1","level","EMBVNVD207CC6","exp_p10",-0.27249530656225,-0.287199,0.561129570560853,-1.312405,0.87791245,0.973118388355911,0.877006828883517,1.09176018783981,1.009014112133,346.001279784751,626.984449775977
"model_fits/finalized_redone_trunc/t2_proportion/vegetarian/mpbamod_dishes_prop","beta[49,3]","exposure_JHDN7CF1C03X5_1","level","JHDN7CF1C03X5","exp_p10",-3.334869136,-3.326615,0.74877978171671,-4.83152225,-1.89584475,0.716421273953979,0.61683591837871,0.82730282753919,1.00704639918241,561.189341755509,1211.4135491746
"model_fits/finalized_redone_trunc/t2_proportion/vegetarian/mpbamod_dishes_prop","beta[50,4]","exposure_L69HYJ4Y3TR91_1","level","L69HYJ4Y3TR91","exp_p10",1.604213610588,1.704865,2.02690136467193,-2.34756075,5.5589665,1.17400544696514,0.790763713144392,1.74350359661133,1.00534292984367,463.04504183281,1000.29278151784
"model_fits/finalized_redone_trunc/t2_proportion/vegetarian/mpbamod_dishes_prop","beta[51,10]","exposure_LBZEEFSBJNB3Z_1","level","LBZEEFSBJNB3Z","exp_p10",-3.835302794075,-3.832635,1.40458762563391,-6.606424,-1.09406575,0.681451443790404,0.516519415818114,0.896365903434915,1.00331317953106,565.602480107823,675.871241344776
"model_fits/finalized_redone_trunc/t2_proportion/vegetarian/mpbamod_dishes_prop","beta[52,14]","exposure_LFZFT3VASXPED_1","level","LFZFT3VASXPED","exp_p10",3.729414958145,3.56831,3.55412972485627,-3.01050475,11.3523725,1.4519993893062,0.74004041826387,3.11191175639529,1.01290466923501,352.60137875323,670.826423085092
"model_fits/finalized_redone_trunc/t2_proportion/vegetarian/mpbamod_dishes_prop","beta[53,17]","exposure_LQ5EH4BKGV61T_1","level","LQ5EH4BKGV61T","exp_p10",1.79952044967275,1.6727,1.4112997916073,-0.6074258,4.84543375,1.19715995190057,0.94106545766892,1.62343353923048,1.0041183282739,288.486997960722,335.131161552893
"model_fits/finalized_redone_trunc/t2_proportion/vegetarian/mpbamod_dishes_prop","beta[54,13]","exposure_S8MT0YGD2KTN9_1","level","S8MT0YGD2KTN9","exp_p10",8.3935169875,8.352585,1.46848073636996,5.6834005,11.359865,2.31486575984757,1.76533425136587,3.11424422997257,1.00122623937372,982.900413031088,1793.35033108666
"model_fits/finalized_redone_trunc/t2_proportion/vegetarian/mpbamod_dishes_prop","beta[55,11]","exposure_SAFK7ND1HR6XS_1","level","SAFK7ND1HR6XS","exp_p10",0.2435385899075,0.232258,1.70260465202434,-3.04407175,3.57455225,1.02465283636517,0.737560489109516,1.42968655079961,1.00596363803791,344.411623604455,875.026084565832
"model_fits/finalized_redone_trunc/t2_proportion/vegetarian/mpbamod_dishes_prop","beta[56,1]","exposure_SRQS8F7JWA9MZ_1","level","SRQS8F7JWA9MZ","exp_p10",2.956682315,2.94341,0.398772222921725,2.22253275,3.751022,1.34402417796979,1.24888764983021,1.45514012233961,1.00415512600867,982.337053044501,2098.95366740887
"model_fits/finalized_redone_trunc/t2_proportion/vegetarian/mpbamod_dishes_prop","beta[57,9]","exposure_V3Q26BHF3SE2H_1","level","V3Q26BHF3SE2H","exp_p10",-1.193618156575,-1.181355,0.306134728727296,-1.82271125,-0.612818075,0.887486636103488,0.833375360888049,0.940558146085316,1.00099416752669,922.248864556082,1759.50293465303
"model_fits/finalized_redone_trunc/t2_proportion/vegetarian/mpbamod_dishes_prop","beta[58,6]","exposure_W8T41JZK0ZMEP_1","level","W8T41JZK0ZMEP","exp_p10",0.46476386373375,0.463759,0.53485649051148,-0.582866425,1.51409525,1.04757334177071,0.943379496020027,1.16347303182504,1.00658968644613,913.791211652665,1455.63125897711
"model_fits/finalized_redone_trunc/t2_proportion/vegetarian/mpbamod_dishes_prop","mu_gamma[1]","mu_gamma[1]","pooled_mu_gamma",NA,"exp_p10",-0.16873037840945,-0.2106285,0.575484138579663,-1.208193,0.968256275000001,0.983268514603946,0.886194080395853,1.10166825622349,1.02611729398468,102.047572958018,226.207361505471
"model_fits/finalized_redone_trunc/t2_proportion/vegetarian/mpbamod_dishes_prop","mu_gamma[2]","mu_gamma[2]","pooled_mu_gamma",NA,"exp_p10",-0.06693766961975,-0.0554868,0.973129103945288,-2.0173365,1.82482875,0.993328586392239,0.817312590162173,1.20019359746223,1.0046397739191,595.700979919753,1487.24446046838
"model_fits/finalized_redone_trunc/t2_proportion/vegetarian/vegan_dishes_count","beta[41,15]","exposure_1SQPTEGYPH0GA_1","level","1SQPTEGYPH0GA","exp",0.17395235625,0.173875,0.0171668503566358,0.1400452,0.20719085,1.18999886846115,1.15032579240798,1.23021733635627,1.0044797949829,1148.48341458925,2723.15090383028
"model_fits/finalized_redone_trunc/t2_proportion/vegetarian/vegan_dishes_count","beta[42,2]","exposure_2HRX9P6HKXA8V_1","level","2HRX9P6HKXA8V","exp",0.03369463070465,0.03451915,0.0485896755133025,-0.06181239,0.13031855,1.03426872458859,0.940059234761284,1.13919121489306,1.00514165605771,545.822500077487,788.842338825339
"model_fits/finalized_redone_trunc/t2_proportion/vegetarian/vegan_dishes_count","beta[43,18]","exposure_78AY09MVJVTYE_1","level","78AY09MVJVTYE","exp",0.00930784866542,0.00923875,0.0133198898739866,-0.0160492125,0.0365413,1.00935130140134,0.984078889881242,1.03721714020107,1.00021681506207,2372.64110335987,2844.83523747332
"model_fits/finalized_redone_trunc/t2_proportion/vegetarian/vegan_dishes_count","beta[44,16]","exposure_9XKJD8DQTH559_1","level","9XKJD8DQTH559","exp",0.0216158933025,0.0214704,0.00778223321024092,0.00651090025,0.0367604175,1.02185120918657,1.0065321422375,1.03744443752929,1.00323827022646,1156.11265095667,2679.80890496744
"model_fits/finalized_redone_trunc/t2_proportion/vegetarian/vegan_dishes_count","beta[45,8]","exposure_C0BE4NDSW26QN_1","level","C0BE4NDSW26QN","exp",0.0510392351,0.05101015,0.0157135736485091,0.0201263175,0.0821499425,1.05236418208713,1.02033021744909,1.08561857798994,1.00092937411632,1577.25676245968,2343.05575345464
"model_fits/finalized_redone_trunc/t2_proportion/vegetarian/vegan_dishes_count","beta[46,12]","exposure_CB2KHY1C2G9PT_1","level","CB2KHY1C2G9PT","exp",0.05303005325,0.05292685,0.0110624038611077,0.0320204925,0.0756586925,1.05446133463327,1.0325386643869,1.07859437897597,1.00653559109703,781.705850157089,1964.24069120291
"model_fits/finalized_redone_trunc/t2_proportion/vegetarian/vegan_dishes_count","beta[47,5]","exposure_ED5J990H5VAZT_1","level","ED5J990H5VAZT","exp",0.2579105355,0.256954,0.0292568340184979,0.2012002,0.316193525,1.29422302642872,1.22286956580571,1.37189572605802,1.00089029208315,939.914457446652,2186.71659816566
"model_fits/finalized_redone_trunc/t2_proportion/vegetarian/vegan_dishes_count","beta[48,7]","exposure_EMBVNVD207CC6_1","level","EMBVNVD207CC6","exp",0.18931611529975,0.187908,0.0584369842936785,0.0756523225,0.309274525,1.20842289307616,1.07858750835166,1.3624363420056,1.00013060251271,570.059815142328,1172.15883634195
"model_fits/finalized_redone_trunc/t2_proportion/vegetarian/vegan_dishes_count","beta[49,3]","exposure_JHDN7CF1C03X5_1","level","JHDN7CF1C03X5","exp",0.0296086433495,0.02935035,0.0102589763899785,0.01020178,0.05046472,1.03005133762055,1.01025399557045,1.05175975661623,1.000646092723,2377.52627808009,2672.84392023864
"model_fits/finalized_redone_trunc/t2_proportion/vegetarian/vegan_dishes_count","beta[50,4]","exposure_L69HYJ4Y3TR91_1","level","L69HYJ4Y3TR91","exp",0.1184993765925,0.117981,0.0251805627160897,0.0703462025,0.16767775,1.12580617226576,1.07287955054862,1.1825554707395,1.00146728854129,582.005716826143,1373.09701087902
"model_fits/finalized_redone_trunc/t2_proportion/vegetarian/vegan_dishes_count","beta[51,10]","exposure_LBZEEFSBJNB3Z_1","level","LBZEEFSBJNB3Z","exp",0.05375281974595,0.0541502,0.0281837817054518,-0.00376543375,0.109208375,1.05522373944436,0.996241646606004,1.11539474650813,1.0084060735781,373.909481941936,744.655030946893
"model_fits/finalized_redone_trunc/t2_proportion/vegetarian/vegan_dishes_count","beta[52,14]","exposure_LFZFT3VASXPED_1","level","LFZFT3VASXPED","exp",0.0241624524507925,0.0222905,0.079101979951441,-0.1292443,0.181628,1.02445672987974,0.878759258433342,1.19916802039316,1.00311625352584,437.400126510422,1146.02747461508
"model_fits/finalized_redone_trunc/t2_proportion/vegetarian/vegan_dishes_count","beta[53,17]","exposure_LQ5EH4BKGV61T_1","level","LQ5EH4BKGV61T","exp",0.157982161761,0.152721,0.0720324481934209,0.03581617,0.320173175,1.17114530335151,1.03646529556169,1.37736626908748,1.0076939459287,328.63027486328,440.949621269791
"model_fits/finalized_redone_trunc/t2_proportion/vegetarian/vegan_dishes_count","beta[54,13]","exposure_S8MT0YGD2KTN9_1","level","S8MT0YGD2KTN9","exp",-0.0383386068200025,-0.0381184,0.054147682805594,-0.145157225,0.06728508,0.962387014907204,0.864886300671693,1.06960035638479,1.00473205410534,601.100576412092,990.817107705274
"model_fits/finalized_redone_trunc/t2_proportion/vegetarian/vegan_dishes_count","beta[55,11]","exposure_SAFK7ND1HR6XS_1","level","SAFK7ND1HR6XS","exp",0.12294189781375,0.1224075,0.0937286108892914,-0.0544730175,0.313004975,1.13081871599906,0.946984060510512,1.36752833446415,1.00183193395681,374.38229808221,1084.58003830352
"model_fits/finalized_redone_trunc/t2_proportion/vegetarian/vegan_dishes_count","beta[56,1]","exposure_SRQS8F7JWA9MZ_1","level","SRQS8F7JWA9MZ","exp",0.319923040125,0.3197765,0.072314227226389,0.185133625,0.46783015,1.37702178483349,1.20337923093435,1.59652620967992,1.00614165967215,597.670755493836,1157.31108326609
"model_fits/finalized_redone_trunc/t2_proportion/vegetarian/vegan_dishes_count","beta[57,9]","exposure_V3Q26BHF3SE2H_1","level","V3Q26BHF3SE2H","exp",0.172344025325,0.171295,0.034536254390003,0.10963785,0.246479125,1.1880864947574,1.11587388354822,1.27951247311594,1.00355720821628,673.050855354818,1277.3296167069
"model_fits/finalized_redone_trunc/t2_proportion/vegetarian/vegan_dishes_count","beta[58,6]","exposure_W8T41JZK0ZMEP_1","level","W8T41JZK0ZMEP","exp",0.023506086286,0.0234055,0.00707867702682136,0.00979068,0.03699863,1.02378453177313,1.00983876550925,1.03769159919969,1.0001531270945,1320.29350987406,2675.23084684576
"model_fits/finalized_redone_trunc/t2_proportion/vegetarian/vegan_dishes_count","mu_gamma[1]","mu_gamma[1]","pooled_mu_gamma",NA,"exp",0.0941738831475,0.09383515,0.0266469885458528,0.0425030775,0.151088825,1.09875078355214,1.04341926749153,1.16309996584806,1.00211710872981,99.38364218815,236.651291453834
"model_fits/finalized_redone_trunc/t2_proportion/vegetarian/vegan_dishes_count","mu_gamma[2]","mu_gamma[2]","pooled_mu_gamma",NA,"exp",-0.09131300721025,-0.09780655,1.02603109324766,-2.06314525,1.90967325,0.912731974493779,0.127053725060996,6.75088258722578,1.00699890535007,562.191099946147,1038.10494034835
"model_fits/finalized_redone_trunc/t2_proportion/vegetarian/vegan_dishes_prop","beta[41,15]","exposure_1SQPTEGYPH0GA_1","level","1SQPTEGYPH0GA","exp_p10",-0.8535403415515,-0.834747,0.681342404604331,-2.26645275,0.426737850000001,0.918187157237311,0.797203520158768,1.04359740219017,1.00392725479628,518.687031296789,833.863747247838
"model_fits/finalized_redone_trunc/t2_proportion/vegetarian/vegan_dishes_prop","beta[42,2]","exposure_2HRX9P6HKXA8V_1","level","2HRX9P6HKXA8V","exp_p10",0.549243634734992,0.5613395,0.796261682488984,-1.0258745,2.08884925,1.05646070463539,0.902499222744863,1.23230318308191,1.00413059114591,498.808281175242,820.800650014055
"model_fits/finalized_redone_trunc/t2_proportion/vegetarian/vegan_dishes_prop","beta[43,18]","exposure_78AY09MVJVTYE_1","level","78AY09MVJVTYE","exp_p10",0.020295848298525,0.01869085,0.321506387332492,-0.6046328,0.66695925,1.00203164583123,0.941328333960212,1.06897038158145,1.00039960128464,976.45881686496,1349.65986994378
"model_fits/finalized_redone_trunc/t2_proportion/vegetarian/vegan_dishes_prop","beta[44,16]","exposure_9XKJD8DQTH559_1","level","9XKJD8DQTH559","exp_p10",1.06718066262945,1.048695,0.533480698017893,0.020139135,2.14938825,1.11262052499341,1.00201594278583,1.23978605073449,1.0004139419177,426.609844420953,1052.70616612542
"model_fits/finalized_redone_trunc/t2_proportion/vegetarian/vegan_dishes_prop","beta[45,8]","exposure_C0BE4NDSW26QN_1","level","C0BE4NDSW26QN","exp_p10",0.61396701162025,0.6376285,0.532933823170563,-0.4719555,1.627618,1.06332065106779,0.95390084404064,1.17675635293842,1.00065465345892,710.512537202562,1476.50126344786
"model_fits/finalized_redone_trunc/t2_proportion/vegetarian/vegan_dishes_prop","beta[46,12]","exposure_CB2KHY1C2G9PT_1","level","CB2KHY1C2G9PT","exp_p10",1.323608994775,1.312135,0.408952711233328,0.531718775,2.1714315,1.14152021898616,1.05461089342649,1.2425219564256,1.00353689153353,625.318609744808,1029.87671512794
"model_fits/finalized_redone_trunc/t2_proportion/vegetarian/vegan_dishes_prop","beta[47,5]","exposure_ED5J990H5VAZT_1","level","ED5J990H5VAZT","exp_p10",1.618573942225,1.6121,0.460882034741954,0.7370939,2.5426265,1.17569256881287,1.07649392013648,1.28951044971286,1.00121513777285,846.58472264202,1822.25358100856
"model_fits/finalized_redone_trunc/t2_proportion/vegetarian/vegan_dishes_prop","beta[48,7]","exposure_EMBVNVD207CC6_1","level","EMBVNVD207CC6","exp_p10",-0.56821080484175,-0.5588775,0.431812643550948,-1.487403,0.240120125,0.944763090800231,0.861792893454485,1.02430262225197,1.00017440067571,603.761921629626,1500.20663872997
"model_fits/finalized_redone_trunc/t2_proportion/vegetarian/vegan_dishes_prop","beta[49,3]","exposure_JHDN7CF1C03X5_1","level","JHDN7CF1C03X5","exp_p10",0.84320148386,0.8384525,0.499602696790208,-0.105687825,1.83332825,1.08797715218795,0.989486870846504,1.20121413565217,1.0014075343211,578.637411988637,1046.21941537901
"model_fits/finalized_redone_trunc/t2_proportion/vegetarian/vegan_dishes_prop","beta[50,4]","exposure_L69HYJ4Y3TR91_1","level","L69HYJ4Y3TR91","exp_p10",2.76647590865,2.72308,0.858954727263525,1.175611,4.557773,1.31870156666069,1.1247503500907,1.57739901888629,1.00751891899953,400.825740980768,866.017791676931
"model_fits/finalized_redone_trunc/t2_proportion/vegetarian/vegan_dishes_prop","beta[51,10]","exposure_LBZEEFSBJNB3Z_1","level","LBZEEFSBJNB3Z","exp_p10",1.19079558838481,1.20138,0.760800743831188,-0.299587325,2.7060035,1.12645953453559,0.970485582235913,1.31075112400727,1.02176641200518,184.87331863757,654.92863581085
"model_fits/finalized_redone_trunc/t2_proportion/vegetarian/vegan_dishes_prop","beta[52,14]","exposure_LFZFT3VASXPED_1","level","LFZFT3VASXPED","exp_p10",1.356104420337,1.336025,1.17312372024944,-0.780074525,3.80611225,1.14523567100679,0.924957533271836,1.4631786475399,1.00049174953018,409.812855026167,670.623387897414
"model_fits/finalized_redone_trunc/t2_proportion/vegetarian/vegan_dishes_prop","beta[53,17]","exposure_LQ5EH4BKGV61T_1","level","LQ5EH4BKGV61T","exp_p10",0.35187199416495,0.354641,0.81694864564291,-1.2751925,1.95224275,1.03581359435189,0.880276470349067,1.21558358092814,1.0083074486316,398.807521435006,673.164664342974
"model_fits/finalized_redone_trunc/t2_proportion/vegetarian/vegan_dishes_prop","beta[54,13]","exposure_S8MT0YGD2KTN9_1","level","S8MT0YGD2KTN9","exp_p10",1.12763194670275,1.13305,1.04908497000938,-0.9516039,3.2329095,1.11936682952972,0.909227091839434,1.38166728852852,1.00350156669732,474.799034412465,1049.44269681313
"model_fits/finalized_redone_trunc/t2_proportion/vegetarian/vegan_dishes_prop","beta[55,11]","exposure_SAFK7ND1HR6XS_1","level","SAFK7ND1HR6XS","exp_p10",0.94866732057845,0.9291975,1.09424432142799,-1.1688115,3.2080595,1.09951231561813,0.889690926646707,1.37823810783819,1.00414531121605,337.225525563147,891.704981211471
"model_fits/finalized_redone_trunc/t2_proportion/vegetarian/vegan_dishes_prop","beta[56,1]","exposure_SRQS8F7JWA9MZ_1","level","SRQS8F7JWA9MZ","exp_p10",-0.003416193484,-0.00204945,0.285590804232493,-0.56737005,0.5528778,0.999658438996845,0.944842525553732,1.05684470968772,1.00264464064422,1440.50867730378,2310.13808191242
"model_fits/finalized_redone_trunc/t2_proportion/vegetarian/vegan_dishes_prop","beta[57,9]","exposure_V3Q26BHF3SE2H_1","level","V3Q26BHF3SE2H","exp_p10",2.2794385175,2.25945,0.556353243401793,1.24242425,3.403501,1.25601480041942,1.13229033321361,1.40543954882732,1.00308047170488,424.829322836669,1086.45580455888
"model_fits/finalized_redone_trunc/t2_proportion/vegetarian/vegan_dishes_prop","beta[58,6]","exposure_W8T41JZK0ZMEP_1","level","W8T41JZK0ZMEP","exp_p10",1.11470684328375,1.10358,0.477671831577999,0.220566325,2.08380225,1.11792097092106,1.02230167833088,1.23168139658643,1.00094987301202,473.472263388319,1057.34729137708
"model_fits/finalized_redone_trunc/t2_proportion/vegetarian/vegan_dishes_prop","mu_gamma[1]","mu_gamma[1]","pooled_mu_gamma",NA,"exp_p10",0.858792870625,0.856643,0.291992343809205,0.2906034,1.4443625,1.08967478252173,1.02948671182922,1.15538803662858,1.00214940861979,204.540608233417,289.337882443943
"model_fits/finalized_redone_trunc/t2_proportion/vegetarian/vegan_dishes_prop","mu_gamma[2]","mu_gamma[2]","pooled_mu_gamma",NA,"exp_p10",0.03367129416775,0.00783522,0.987799474368643,-1.8515625,2.010955,1.00337280456489,0.830974433952561,1.22274153806454,1.00128434160443,475.568002745394,1000.77585439565
"model_fits/finalized_redone_trunc/t2_proportion/vegetarian/vegetarian_dishes_count","beta[41,15]","exposure_1SQPTEGYPH0GA_1","level","1SQPTEGYPH0GA","exp",0.063832932875,0.06377775,0.00528590144539362,0.053974075,0.0745065375,1.06591430464671,1.05545723907146,1.07735238669046,1.00054641206023,2006.43095340261,2914.73760404966
"model_fits/finalized_redone_trunc/t2_proportion/vegetarian/vegetarian_dishes_count","beta[42,2]","exposure_2HRX9P6HKXA8V_1","level","2HRX9P6HKXA8V","exp",-0.0098352874471575,-0.009681465,0.0385994583859564,-0.088632355,0.065794325,0.990212920815601,0.915181973809492,1.06800703222856,1.00118155119164,676.236760051686,1222.76241594463
"model_fits/finalized_redone_trunc/t2_proportion/vegetarian/vegetarian_dishes_count","beta[43,18]","exposure_78AY09MVJVTYE_1","level","78AY09MVJVTYE","exp",0.013525469135315,0.01354385,0.0113927932813315,-0.00865595125,0.0363946375,1.01361735207895,0.991381403637625,1.03706503049691,1.00085056797833,1115.57829183531,1821.37557946685
"model_fits/finalized_redone_trunc/t2_proportion/vegetarian/vegetarian_dishes_count","beta[44,16]","exposure_9XKJD8DQTH559_1","level","9XKJD8DQTH559","exp",0.0188896442475,0.0187588,0.00413939256278321,0.01065464,0.02699874,1.01906918226541,1.01071160280307,1.02736650828087,1.00064301714524,933.457759383737,1903.53631788493
"model_fits/finalized_redone_trunc/t2_proportion/vegetarian/vegetarian_dishes_count","beta[45,8]","exposure_C0BE4NDSW26QN_1","level","C0BE4NDSW26QN","exp",0.03708002314825,0.03691295,0.00936378106918451,0.0189034775,0.0556230775,1.03777606362323,1.01908327940423,1.05719912649098,1.00111413301144,1420.73556057396,2407.16268355619
"model_fits/finalized_redone_trunc/t2_proportion/vegetarian/vegetarian_dishes_count","beta[46,12]","exposure_CB2KHY1C2G9PT_1","level","CB2KHY1C2G9PT","exp",0.039349966175,0.03919475,0.00716105354994848,0.0258523725,0.054068575,1.04013443183026,1.0261894435085,1.05555698449345,1.00944152213805,523.195277957427,1129.78252018276
"model_fits/finalized_redone_trunc/t2_proportion/vegetarian/vegetarian_dishes_count","beta[47,5]","exposure_ED5J990H5VAZT_1","level","ED5J990H5VAZT","exp",0.131678141575,0.1318135,0.0124104575964403,0.1081747,0.156705125,1.14074110303983,1.114242386529,1.16965066230556,1.00181872363816,1724.35391239452,3225.30964039476
"model_fits/finalized_redone_trunc/t2_proportion/vegetarian/vegetarian_dishes_count","beta[48,7]","exposure_EMBVNVD207CC6_1","level","EMBVNVD207CC6","exp",0.162264192725,0.1606225,0.0426836678705558,0.0827332225,0.252745,1.17617093608221,1.08625198230219,1.28755490846778,1.00174788113223,212.805124925672,600.446907005645
"model_fits/finalized_redone_trunc/t2_proportion/vegetarian/vegetarian_dishes_count","beta[49,3]","exposure_JHDN7CF1C03X5_1","level","JHDN7CF1C03X5","exp",0.0364052502075,0.03641075,0.00833174963255433,0.0197876625,0.0528102675,1.03707603662314,1.01998473602211,1.05422960452441,1.00072719234709,1613.61724432064,2380.31851995487
"model_fits/finalized_redone_trunc/t2_proportion/vegetarian/vegetarian_dishes_count","beta[50,4]","exposure_L69HYJ4Y3TR91_1","level","L69HYJ4Y3TR91","exp",0.07740427660025,0.0771202,0.0193364328014855,0.0406596075,0.11528305,1.08047880040407,1.04149752725396,1.12219102879342,1.00160807417417,743.239121952394,1240.94430628331
"model_fits/finalized_redone_trunc/t2_proportion/vegetarian/vegetarian_dishes_count","beta[51,10]","exposure_LBZEEFSBJNB3Z_1","level","LBZEEFSBJNB3Z","exp",0.0160693473191,0.0161806,0.0186635404392651,-0.0202955975,0.0517181575,1.01619915364965,0.979908971849045,1.05307889829428,1.01441757646775,363.124614656161,791.348332693227
"model_fits/finalized_redone_trunc/t2_proportion/vegetarian/vegetarian_dishes_count","beta[52,14]","exposure_LFZFT3VASXPED_1","level","LFZFT3VASXPED","exp",0.02055949118968,0.02132555,0.0580111998594351,-0.09729038,0.13195305,1.020772293395,0.907292508279317,1.1410547454893,1.00544981368675,367.315490334512,764.256950076923
"model_fits/finalized_redone_trunc/t2_proportion/vegetarian/vegetarian_dishes_count","beta[53,17]","exposure_LQ5EH4BKGV61T_1","level","LQ5EH4BKGV61T","exp",0.11200153692775,0.107311,0.0560174133209257,0.0124163725,0.235560875,1.11851457971982,1.01249377567684,1.26561842343374,1.00854173853929,350.483469656752,686.243779905976
"model_fits/finalized_redone_trunc/t2_proportion/vegetarian/vegetarian_dishes_count","beta[54,13]","exposure_S8MT0YGD2KTN9_1","level","S8MT0YGD2KTN9","exp",-0.0629200911225,-0.06281515,0.0165027661302676,-0.0966041675,-0.0314803375,0.93901850660601,0.907915317404918,0.969010009425735,1.0004542596704,1526.98555336458,2501.75573305547
"model_fits/finalized_redone_trunc/t2_proportion/vegetarian/vegetarian_dishes_count","beta[55,11]","exposure_SAFK7ND1HR6XS_1","level","SAFK7ND1HR6XS","exp",0.0742964040786,0.0720184,0.0640410619000137,-0.0518997,0.20508585,1.07712602273154,0.94942408930356,1.2276304525137,1.00183291253363,530.703100646984,1109.42382901416
"model_fits/finalized_redone_trunc/t2_proportion/vegetarian/vegetarian_dishes_count","beta[56,1]","exposure_SRQS8F7JWA9MZ_1","level","SRQS8F7JWA9MZ","exp",0.122929024375,0.122338,0.0167148666714741,0.0912040775,0.156638025,1.13080415856728,1.09549254782811,1.16957218137919,1.00055074483301,1009.67736020565,1623.39823038698
"model_fits/finalized_redone_trunc/t2_proportion/vegetarian/vegetarian_dishes_count","beta[57,9]","exposure_V3Q26BHF3SE2H_1","level","V3Q26BHF3SE2H","exp",0.0900475553,0.0881177,0.0262817833030877,0.042967435,0.144642225,1.09422631872879,1.0439038995666,1.15562604219018,1.00219692753213,637.659963337939,975.262764609849
"model_fits/finalized_redone_trunc/t2_proportion/vegetarian/vegetarian_dishes_count","beta[58,6]","exposure_W8T41JZK0ZMEP_1","level","W8T41JZK0ZMEP","exp",0.018769581599,0.01868185,0.00556641724664824,0.008110574,0.0297299125,1.01894683746505,1.00814355380673,1.03017625864561,1.00228430787755,1313.85039514269,2338.82064552491
"model_fits/finalized_redone_trunc/t2_proportion/vegetarian/vegetarian_dishes_count","mu_gamma[1]","mu_gamma[1]","pooled_mu_gamma",NA,"exp",0.052185935187425,0.0531959,0.0191433223250188,0.011947155,0.08822107,1.0535716203392,1.0120188073191,1.09222955452809,1.04278265808056,80.0052510773866,106.533947460314
"model_fits/finalized_redone_trunc/t2_proportion/vegetarian/vegetarian_dishes_count","mu_gamma[2]","mu_gamma[2]","pooled_mu_gamma",NA,"exp",0.002076913726,0.0153321,0.976021537095575,-1.94739425,1.8833275,1.00207907200524,0.142645285684074,6.5753479709379,1.00560916764471,841.301076892998,1416.24938435184
"model_fits/finalized_redone_trunc/t2_proportion/vegetarian/vegetarian_dishes_prop","beta[41,15]","exposure_1SQPTEGYPH0GA_1","level","1SQPTEGYPH0GA","exp_p10",-0.89880800923035,-0.9034825,0.463196975944057,-1.8198405,-0.00266472574999994,0.914040131517939,0.833614636463151,0.999733562925663,1.00434051309498,584.943157843233,1304.42135260063
"model_fits/finalized_redone_trunc/t2_proportion/vegetarian/vegetarian_dishes_prop","beta[42,2]","exposure_2HRX9P6HKXA8V_1","level","2HRX9P6HKXA8V","exp_p10",-0.41715288247675,-0.4046185,0.922062326664446,-2.275765,1.3743525,0.959142820935018,0.796461489862912,1.14732741411684,1.00168070508029,515.952719379232,869.177715394342
"model_fits/finalized_redone_trunc/t2_proportion/vegetarian/vegetarian_dishes_prop","beta[43,18]","exposure_78AY09MVJVTYE_1","level","78AY09MVJVTYE","exp_p10",-0.001666131714,-0.00306438,0.317876745436462,-0.604521,0.636131225,0.999833400707804,0.941338858069816,1.06568003137248,1.00068144622179,1299.59199882158,1880.6131806288
"model_fits/finalized_redone_trunc/t2_proportion/vegetarian/vegetarian_dishes_prop","beta[44,16]","exposure_9XKJD8DQTH559_1","level","9XKJD8DQTH559","exp_p10",1.445570230725,1.451635,0.479043907775481,0.4870545,2.37561675,1.15552758481836,1.04991105388965,1.26815320772795,1.00264706926557,591.568326785484,1122.35052372247
"model_fits/finalized_redone_trunc/t2_proportion/vegetarian/vegetarian_dishes_prop","beta[45,8]","exposure_C0BE4NDSW26QN_1","level","C0BE4NDSW26QN","exp_p10",0.4400943411583,0.4368995,0.456004315318657,-0.478576675,1.34205325,1.04499221341952,0.953269458647262,1.14362761087877,1.00161961356275,599.857076372211,987.532877766876
"model_fits/finalized_redone_trunc/t2_proportion/vegetarian/vegetarian_dishes_prop","beta[46,12]","exposure_CB2KHY1C2G9PT_1","level","CB2KHY1C2G9PT","exp_p10",0.76659328182675,0.7630815,0.454646454940214,-0.09117766,1.68581575,1.07967419916191,0.990923674783653,1.18362477709795,1.00589182140454,585.518276946317,958.19019071769
"model_fits/finalized_redone_trunc/t2_proportion/vegetarian/vegetarian_dishes_prop","beta[47,5]","exposure_ED5J990H5VAZT_1","level","ED5J990H5VAZT","exp_p10",2.417371142,2.410835,0.477888303531577,1.5048725,3.3577785,1.27345937442221,1.16240048440248,1.39902819617314,1.00106247008596,811.051231789234,1574.46615766048
"model_fits/finalized_redone_trunc/t2_proportion/vegetarian/vegetarian_dishes_prop","beta[48,7]","exposure_EMBVNVD207CC6_1","level","EMBVNVD207CC6","exp_p10",1.2379298016325,1.24226,0.453151578478833,0.372220475,2.12357325,1.13178154551421,1.03792346356287,1.23658967054733,1.00857546725103,359.380288395524,1101.78497890059
"model_fits/finalized_redone_trunc/t2_proportion/vegetarian/vegetarian_dishes_prop","beta[49,3]","exposure_JHDN7CF1C03X5_1","level","JHDN7CF1C03X5","exp_p10",1.997824385125,1.985415,0.56118657009732,0.89298465,3.18342825,1.2211370568635,1.09340695133582,1.37484751254307,1.00787401122528,495.307849125297,792.875780753238
"model_fits/finalized_redone_trunc/t2_proportion/vegetarian/vegetarian_dishes_prop","beta[50,4]","exposure_L69HYJ4Y3TR91_1","level","L69HYJ4Y3TR91","exp_p10",2.8259512692,2.772265,0.962103478619546,1.02462175,4.86581075,1.32656796141914,1.10789539497393,1.6267449824715,1.01105821284607,256.539635028242,555.071427225963
"model_fits/finalized_redone_trunc/t2_proportion/vegetarian/vegetarian_dishes_prop","beta[51,10]","exposure_LBZEEFSBJNB3Z_1","level","LBZEEFSBJNB3Z","exp_p10",0.0529088930145,0.06819635,0.522954773893802,-1.00264775,1.075712,1.00530491077403,0.904597871422976,1.11357014411828,1.00154253225495,294.173528905296,778.980801142919
"model_fits/finalized_redone_trunc/t2_proportion/vegetarian/vegetarian_dishes_prop","beta[52,14]","exposure_LFZFT3VASXPED_1","level","LFZFT3VASXPED","exp_p10",2.5167597977375,2.43609,1.23564073904035,0.3361173,5.203095,1.28617922167774,1.03418298653644,1.6825483178257,1.00506553067515,320.352637477606,769.978219250463
"model_fits/finalized_redone_trunc/t2_proportion/vegetarian/vegetarian_dishes_prop","beta[53,17]","exposure_LQ5EH4BKGV61T_1","level","LQ5EH4BKGV61T","exp_p10",0.23472259687575,0.229998,0.881216622822036,-1.54135375,1.9784865,1.02374990121062,0.85715597566661,1.21877791782391,1.00127945121995,454.675230957619,768.057276918268
"model_fits/finalized_redone_trunc/t2_proportion/vegetarian/vegetarian_dishes_prop","beta[54,13]","exposure_S8MT0YGD2KTN9_1","level","S8MT0YGD2KTN9","exp_p10",-1.4245674489,-1.421425,0.526087363762251,-2.47247,-0.381679275,0.867225065396574,0.780947775606419,0.96255128848714,1.00031073446308,835.594838035311,1470.64614774426
"model_fits/finalized_redone_trunc/t2_proportion/vegetarian/vegetarian_dishes_prop","beta[55,11]","exposure_SAFK7ND1HR6XS_1","level","SAFK7ND1HR6XS","exp_p10",0.97412183225175,0.9638125,1.10342089528346,-1.20499375,3.15258225,1.10231463559665,0.886477641393731,1.37061319185605,1.00286897500096,370.149498007713,660.391554147992
"model_fits/finalized_redone_trunc/t2_proportion/vegetarian/vegetarian_dishes_prop","beta[56,1]","exposure_SRQS8F7JWA9MZ_1","level","SRQS8F7JWA9MZ","exp_p10",1.7885105075,1.78537,0.258206100225413,1.2940805,2.29613875,1.19584261104178,1.13815445334922,1.25811412681249,1.00371473357392,901.193403045063,1643.08983095861
"model_fits/finalized_redone_trunc/t2_proportion/vegetarian/vegetarian_dishes_prop","beta[57,9]","exposure_V3Q26BHF3SE2H_1","level","V3Q26BHF3SE2H","exp_p10",1.2192467919,1.219405,0.361412255151677,0.5103825,1.92921225,1.12966901099087,1.05236314540369,1.21278725244023,1.00353945404814,569.038555078227,1407.02386168609
"model_fits/finalized_redone_trunc/t2_proportion/vegetarian/vegetarian_dishes_prop","beta[58,6]","exposure_W8T41JZK0ZMEP_1","level","W8T41JZK0ZMEP","exp_p10",1.8785819096,1.8733,0.583564425941882,0.774585175,3.0562115,1.20666238758137,1.08053740813582,1.35746793239253,1.00270133922851,449.267069596131,931.696240078211
"model_fits/finalized_redone_trunc/t2_proportion/vegetarian/vegetarian_dishes_prop","mu_gamma[1]","mu_gamma[1]","pooled_mu_gamma",NA,"exp_p10",0.809491516764,0.81811,0.32889159871619,0.13338,1.45263575,1.08431575952633,1.01342734792093,1.15634431355735,1.01601935396981,156.274256872195,358.291378025005
"model_fits/finalized_redone_trunc/t2_proportion/vegetarian/vegetarian_dishes_prop","mu_gamma[2]","mu_gamma[2]","pooled_mu_gamma",NA,"exp_p10",0.043500834399175,0.0272587,0.997686445589197,-1.890463,1.98714275,1.00435955878742,0.827748181066719,1.21983337921,1.00293778552682,601.134148832889,903.63665730253
"model_fits/finalized_redone_trunc/t2_proportion_targeted/breakfast_p/breakfast_dishes_count","beta[42,1]","exposure_2HRX9P6HKXA8V_1","level","2HRX9P6HKXA8V","exp",-0.230380620893667,-0.231121,0.094079009664521,-0.413717125,-0.0453111875000002,0.794231243959141,0.66118795835857,0.9557000336502,1.00200121534261,2163.02813762875,3535.44444582888
"model_fits/finalized_redone_trunc/t2_proportion_targeted/breakfast_p/breakfast_dishes_count","beta[43,4]","exposure_78AY09MVJVTYE_1","level","78AY09MVJVTYE","exp",-0.212216520566667,-0.211831,0.0381382341391566,-0.287948375,-0.14005195,0.808789559033001,0.749800299680368,0.86931307341157,1.00258867041997,2862.2691737448,4028.24060728
"model_fits/finalized_redone_trunc/t2_proportion_targeted/breakfast_p/breakfast_dishes_count","beta[44,5]","exposure_9XKJD8DQTH559_1","level","9XKJD8DQTH559","exp",0.260927867020107,0.2538135,0.18302566879984,-0.0868772875,0.624126125,1.29813402378097,0.916789590273358,1.86661405713846,1.00476394816189,832.424865874412,2013.41709099507
"model_fits/finalized_redone_trunc/t2_proportion_targeted/breakfast_p/breakfast_dishes_count","beta[45,6]","exposure_CB2KHY1C2G9PT_1","level","CB2KHY1C2G9PT","exp",0.0421685051151,0.03884945,0.141320081960097,-0.22383625,0.32990805,1.04307022661173,0.799446032939646,1.39084023482437,1.00321651835784,877.412270210667,1057.60497763654
"model_fits/finalized_redone_trunc/t2_proportion_targeted/breakfast_p/breakfast_dishes_count","beta[46,2]","exposure_ED5J990H5VAZT_1","level","ED5J990H5VAZT","exp",-0.0222897198256833,-0.02007415,0.0483568583926007,-0.125539675,0.0667408024999999,0.977956860512428,0.882020769558794,1.06901835537622,1.00922568171937,379.388480160648,1263.89540419472
"model_fits/finalized_redone_trunc/t2_proportion_targeted/breakfast_p/breakfast_dishes_count","beta[47,7]","exposure_EMBVNVD207CC6_1","level","EMBVNVD207CC6","exp",6.32969692333333,6.250255,1.1631524608288,4.32016375,8.845382,560.986546153095,75.2009414380172,6942.25549514187,1.01952331890509,178.371087496113,1050.22183332113
"model_fits/finalized_redone_trunc/t2_proportion_targeted/breakfast_p/breakfast_dishes_count","beta[48,3]","exposure_L69HYJ4Y3TR91_1","level","L69HYJ4Y3TR91","exp",-0.0920639458719333,-0.0935563,0.160657671788032,-0.409325925,0.22579565,0.912046826050801,0.664097750986303,1.25331952326319,1.00366605655876,1116.75470651563,2263.10537827903
"model_fits/finalized_redone_trunc/t2_proportion_targeted/breakfast_p/breakfast_dishes_count","beta[49,8]","exposure_LBZEEFSBJNB3Z_1","level","LBZEEFSBJNB3Z","exp",0.622640598833333,0.616852,0.102518018772351,0.43745035,0.838074,1.86384321170476,1.5487534011188,2.3119099474808,1.01075255647695,326.963675697968,725.679269873588
"model_fits/finalized_redone_trunc/t2_proportion_targeted/breakfast_p/breakfast_dishes_count","beta[50,9]","exposure_LQ5EH4BKGV61T_1","level","LQ5EH4BKGV61T","exp",0.846262868666667,0.8341925,0.217618369840637,0.4558921,1.28928,2.33091960196354,1.57758011468836,3.63017189082499,1.01051798804652,255.962106955835,1035.45139350909
"model_fits/finalized_redone_trunc/t2_proportion_targeted/breakfast_p/breakfast_dishes_count","beta[51,10]","exposure_SAFK7ND1HR6XS_1","level","SAFK7ND1HR6XS","exp",0.900729895624247,0.8297395,1.41304855159316,-1.813342,3.85684525,2.46139902003845,0.16310811758383,47.3158460016465,1.01993526702703,201.664304248547,442.032544778646
"model_fits/finalized_redone_trunc/t2_proportion_targeted/breakfast_p/breakfast_dishes_count","beta[52,11]","exposure_V3Q26BHF3SE2H_1","level","V3Q26BHF3SE2H","exp",0.640110094666667,0.639498,0.113328146108189,0.423407125,0.8649847,1.89668968322909,1.52715591277099,2.37496974866198,1.00112556708626,934.474427654192,1629.77469317852
"model_fits/finalized_redone_trunc/t2_proportion_targeted/breakfast_p/breakfast_dishes_count","mu_gamma[1]","mu_gamma[1]","pooled_mu_gamma",NA,"exp",0.5123040990477,0.5199065,0.521814205574255,-0.67433375,1.5076565,1.66913261460853,0.509495759102363,4.51613482137848,1.03017608585881,42.76475907544,55.2211173303425
"model_fits/finalized_redone_trunc/t2_proportion_targeted/breakfast_p/breakfast_dishes_count","mu_gamma[2]","mu_gamma[2]","pooled_mu_gamma",NA,"exp",-0.0562787153207,-0.02631985,1.03046989997034,-2.1524465,1.8475025,0.945275636369285,0.116199527597335,6.34395569154904,1.00576260181205,344.367369415638,680.306722963156
"model_fits/finalized_redone_trunc/t2_proportion_targeted/breakfast_p/breakfast_dishes_presence","beta[42,1]","exposure_2HRX9P6HKXA8V_1","level","2HRX9P6HKXA8V","exp_p10",3.81274271595783,3.702075,2.63649916996403,-1.00671025,9.3814285,1.46414912486146,0.904230453174595,2.55523156080236,1.00953855311003,199.701683078207,410.150700678191
"model_fits/finalized_redone_trunc/t2_proportion_targeted/breakfast_p/breakfast_dishes_presence","beta[43,4]","exposure_78AY09MVJVTYE_1","level","78AY09MVJVTYE","exp_p10",-0.189748232578333,-0.1897005,0.0514254592828631,-0.292592125,-0.0903829725,0.9812040654536,0.97116469380877,0.991002425378498,1.00066408495887,4687.21678565076,4796.33549967314
"model_fits/finalized_redone_trunc/t2_proportion_targeted/breakfast_p/breakfast_dishes_presence","beta[44,5]","exposure_9XKJD8DQTH559_1","level","9XKJD8DQTH559","exp_p10",0.275266613636667,0.2714255,0.188022627089037,-0.0834021675,0.64829255,1.02790902019813,0.991694466369164,1.06697682787159,1.00768910124591,1339.08227843388,2563.28751039566
"model_fits/finalized_redone_trunc/t2_proportion_targeted/breakfast_p/breakfast_dishes_presence","beta[45,6]","exposure_CB2KHY1C2G9PT_1","level","CB2KHY1C2G9PT","exp_p10",0.195469357048333,0.430664,2.64681734535787,-5.78971875,4.890798,1.01973922791686,0.560474308092736,1.63081485345445,1.01185242712743,180.770973199902,176.794601619535
"model_fits/finalized_redone_trunc/t2_proportion_targeted/breakfast_p/breakfast_dishes_presence","beta[46,2]","exposure_ED5J990H5VAZT_1","level","ED5J990H5VAZT","exp_p10",-0.4670607916,-0.46681,0.126309698993358,-0.718663775,-0.2256975,0.95436786497529,0.930655243983503,0.977683041422897,1.00463568695476,952.968023707713,1948.92952065871
"model_fits/finalized_redone_trunc/t2_proportion_targeted/breakfast_p/breakfast_dishes_presence","beta[47,7]","exposure_EMBVNVD207CC6_1","level","EMBVNVD207CC6","exp_p10",7.46701535166667,7.34673,1.27975668515027,5.31512925,10.3361225,2.11002867019682,1.70150461114131,2.81120228142833,1.0085241510093,280.742217397873,944.558867045615
"model_fits/finalized_redone_trunc/t2_proportion_targeted/breakfast_p/breakfast_dishes_presence","beta[48,3]","exposure_L69HYJ4Y3TR91_1","level","L69HYJ4Y3TR91","exp_p10",-0.117304025432333,-0.118268,0.169659407565598,-0.449397675,0.209802625,0.988338130393952,0.956055065685617,1.0212018954662,1.00523794085061,1286.03919632892,2486.71595808331
"model_fits/finalized_redone_trunc/t2_proportion_targeted/breakfast_p/breakfast_dishes_presence","beta[49,8]","exposure_LBZEEFSBJNB3Z_1","level","LBZEEFSBJNB3Z","exp_p10",3.42715054666667,3.39628,0.49051845164863,2.5622385,4.481605,1.40876728306634,1.29204191915437,1.56542992699495,1.0076917029868,697.2565199655,1714.86153747496
"model_fits/finalized_redone_trunc/t2_proportion_targeted/breakfast_p/breakfast_dishes_presence","beta[50,9]","exposure_LQ5EH4BKGV61T_1","level","LQ5EH4BKGV61T","exp_p10",3.59638547866667,3.58878,0.797472724912364,2.02955975,5.22495575,1.43281142820495,1.22501853561929,1.68623051795601,1.00183426585239,658.95428055608,1264.80586904766
"model_fits/finalized_redone_trunc/t2_proportion_targeted/breakfast_p/breakfast_dishes_presence","beta[51,10]","exposure_SAFK7ND1HR6XS_1","level","SAFK7ND1HR6XS","exp_p10",2.115407710118,2.117765,2.52281506957816,-2.924191,7.36940975,1.23558034046242,0.746455630853779,2.089533791864,1.00556530503484,227.72222325197,497.788119999307
"model_fits/finalized_redone_trunc/t2_proportion_targeted/breakfast_p/breakfast_dishes_presence","beta[52,11]","exposure_V3Q26BHF3SE2H_1","level","V3Q26BHF3SE2H","exp_p10",2.81246145166667,2.79689,0.393426059350384,2.09594075,3.59267625,1.32477965191426,1.23317738081622,1.43228006423623,1.01107155322485,384.012758139221,827.636568610831
"model_fits/finalized_redone_trunc/t2_proportion_targeted/breakfast_p/breakfast_dishes_presence","mu_gamma[1]","mu_gamma[1]","pooled_mu_gamma",NA,"exp_p10",1.1902259651885,1.212765,0.696795023840636,-0.2806566,2.473976,1.12639537061501,0.972324521877134,1.28068821319597,1.03929795693809,65.8682433762279,119.813528607
"model_fits/finalized_redone_trunc/t2_proportion_targeted/breakfast_p/breakfast_dishes_presence","mu_gamma[2]","mu_gamma[2]","pooled_mu_gamma",NA,"exp_p10",0.0025491729035,0.00552274,1.02244112019649,-1.939998,1.9565625,1.00025494978452,0.823658069000174,1.21610879607725,1.0050295803272,434.847164996739,876.693211924515
"model_fits/finalized_redone_trunc/t2_proportion_targeted/chicken_p/chicken_dishes_count","beta[42,3]","exposure_9XKJD8DQTH559_1","level","9XKJD8DQTH559","exp",0.0965807436375,0.0952946,0.0372392648839461,0.0255100175,0.173578025,1.1013985084755,1.02583818255297,1.18955349806045,1.00100780003826,1456.56440869595,3395.15140106214
"model_fits/finalized_redone_trunc/t2_proportion_targeted/chicken_p/chicken_dishes_count","beta[43,1]","exposure_JHDN7CF1C03X5_1","level","JHDN7CF1C03X5","exp",0.0697863304,0.06982235,0.021311773771692,0.02760316,0.1119695,1.07227904334091,1.02798765684421,1.11847874652304,1.00956633619886,625.143034211859,1390.46403705793
"model_fits/finalized_redone_trunc/t2_proportion_targeted/chicken_p/chicken_dishes_count","beta[44,4]","exposure_LBZEEFSBJNB3Z_1","level","LBZEEFSBJNB3Z","exp",0.0892668610670667,0.0776528,0.178948791791513,-0.209815275,0.45855765,1.09337239592191,0.810733994975791,1.5817908428231,1.00653392794671,486.553292560411,672.425982009288
"model_fits/finalized_redone_trunc/t2_proportion_targeted/chicken_p/chicken_dishes_count","beta[45,5]","exposure_SAFK7ND1HR6XS_1","level","SAFK7ND1HR6XS","exp",0.0855904288492,0.07865285,0.148202210855476,-0.198864025,0.398610775,1.08936006646732,0.819661339206426,1.48975365637992,1.00668170885033,722.681382482516,1036.15864315367
"model_fits/finalized_redone_trunc/t2_proportion_targeted/chicken_p/chicken_dishes_count","beta[46,6]","exposure_V3Q26BHF3SE2H_1","level","V3Q26BHF3SE2H","exp",-0.00381781642696167,-0.003444705,0.0554170194763727,-0.112826025,0.0943518825,0.996189462168447,0.893306059519523,1.09894637788749,1.01488973839625,391.876577146128,827.860490567907
"model_fits/finalized_redone_trunc/t2_proportion_targeted/chicken_p/chicken_dishes_count","beta[47,2]","exposure_W8T41JZK0ZMEP_1","level","W8T41JZK0ZMEP","exp",0.121003178181333,0.1183985,0.0401358300410754,0.05047776,0.204426025,1.12862849934767,1.05177347165288,1.22682069842774,1.00062586347506,1027.81714236427,1510.64536358994
"model_fits/finalized_redone_trunc/t2_proportion_targeted/chicken_p/chicken_dishes_count","mu_gamma[1]","mu_gamma[1]","pooled_mu_gamma",NA,"exp",0.07640822537945,0.07665805,0.0795160991421293,-0.0808086125,0.2340765,1.07940312397922,0.922370204680404,1.26374116470911,1.01474424609042,266.100151604367,271.330573590113
"model_fits/finalized_redone_trunc/t2_proportion_targeted/chicken_p/chicken_dishes_count","mu_gamma[2]","mu_gamma[2]","pooled_mu_gamma",NA,"exp",-0.03142728505,-0.0316478,1.01457854051702,-1.97178125,1.94659325,0.969061419144503,0.139208669796568,7.0047833401789,1.00214185955642,875.43108384,1695.16855055713
"model_fits/finalized_redone_trunc/t2_proportion_targeted/chicken_p/chicken_dishes_presence","beta[42,3]","exposure_9XKJD8DQTH559_1","level","9XKJD8DQTH559","exp_p10",3.82645828666667,3.802215,0.918636479525688,2.09179975,5.6546245,1.46615866673215,1.23266682778013,1.76026162751569,1.00269507172095,955.812663951423,1558.48535678771
"model_fits/finalized_redone_trunc/t2_proportion_targeted/chicken_p/chicken_dishes_presence","beta[43,1]","exposure_JHDN7CF1C03X5_1","level","JHDN7CF1C03X5","exp_p10",3.00731034326667,2.889155,1.80211517870149,-0.186900275,6.877742,1.35084596147823,0.981483548004844,1.98928285616553,1.00091031322187,723.875814407155,1280.7824085715
"model_fits/finalized_redone_trunc/t2_proportion_targeted/chicken_p/chicken_dishes_presence","beta[44,4]","exposure_LBZEEFSBJNB3Z_1","level","LBZEEFSBJNB3Z","exp_p10",2.06525837796263,1.953745,1.70646824905612,-1.021845,5.683694,1.22939949878047,0.902862958085325,1.76538606468651,1.00103355268897,850.075350922842,1324.56508180058
"model_fits/finalized_redone_trunc/t2_proportion_targeted/chicken_p/chicken_dishes_presence","beta[45,5]","exposure_SAFK7ND1HR6XS_1","level","SAFK7ND1HR6XS","exp_p10",2.260238352148,2.229905,1.71918013683468,-1.0717795,5.8173475,1.25360554487953,0.898365794572401,1.78913944988662,1.00079612300322,709.629849229956,1479.97510392643
"model_fits/finalized_redone_trunc/t2_proportion_targeted/chicken_p/chicken_dishes_presence","beta[46,6]","exposure_V3Q26BHF3SE2H_1","level","V3Q26BHF3SE2H","exp_p10",2.19610709633333,2.163845,0.581794240824622,1.14598825,3.40855075,1.24559173932737,1.12142346026148,1.40614943988702,1.00213318173367,2399.06472145335,3576.02712154039
"model_fits/finalized_redone_trunc/t2_proportion_targeted/chicken_p/chicken_dishes_presence","beta[47,2]","exposure_W8T41JZK0ZMEP_1","level","W8T41JZK0ZMEP","exp_p10",0.33833307643,0.3351415,0.105515632628332,0.13873515,0.549470075,1.03441216375437,1.01397019880658,1.05648462743044,1.00081823236432,5391.56465953285,5232.23403551154
"model_fits/finalized_redone_trunc/t2_proportion_targeted/chicken_p/chicken_dishes_presence","mu_gamma[1]","mu_gamma[1]","pooled_mu_gamma",NA,"exp_p10",1.4410152729955,1.46416,0.719747261771909,-0.058177205,2.77085225,1.1550013667421,0.994199169665946,1.31927880177982,1.0023350263566,568.710017583116,1121.21670720687
"model_fits/finalized_redone_trunc/t2_proportion_targeted/chicken_p/chicken_dishes_presence","mu_gamma[2]","mu_gamma[2]","pooled_mu_gamma",NA,"exp_p10",-0.0276456643243333,-0.0167767,0.983865328434568,-1.98398975,1.82814124999999,0.997239251462261,0.82004261136066,1.20059122744522,1.00100702079976,1385.6393498286,2066.47942160281
"model_fits/finalized_redone_trunc/t2_proportion_targeted/dairy_p/dairy_dishes_count","beta[42,4]","exposure_9XKJD8DQTH559_1","level","9XKJD8DQTH559","exp",0.327601800316667,0.330115,0.0941299936152076,0.133988025,0.508792925,1.38763630592333,1.14337912759761,1.66328227627842,1.01608545141918,269.562749785159,273.331742970745
"model_fits/finalized_redone_trunc/t2_proportion_targeted/dairy_p/dairy_dishes_count","beta[43,5]","exposure_C0BE4NDSW26QN_1","level","C0BE4NDSW26QN","exp",0.03709423079455,0.0385489,0.0694227644068213,-0.106523825,0.169554725,1.03779080808322,0.89895363033585,1.18477718219035,1.00084055863915,752.917799054431,1687.62633393285
"model_fits/finalized_redone_trunc/t2_proportion_targeted/dairy_p/dairy_dishes_count","beta[44,1]","exposure_ED5J990H5VAZT_1","level","ED5J990H5VAZT","exp",0.04597942684618,0.0454571,0.0209643161072484,0.0059935245,0.087415165,1.04705286955561,1.00601152160536,1.09134967586588,1.00176526838466,1200.37311973182,1836.06821865515
"model_fits/finalized_redone_trunc/t2_proportion_targeted/dairy_p/dairy_dishes_count","beta[45,6]","exposure_EMBVNVD207CC6_1","level","EMBVNVD207CC6","exp",0.121660753718167,0.1184135,0.0744374906040489,-0.013860115,0.2744435,1.12937090190515,0.986235494166177,1.31579822936892,1.03184241093957,119.937096907549,581.100348688102
"model_fits/finalized_redone_trunc/t2_proportion_targeted/dairy_p/dairy_dishes_count","beta[46,2]","exposure_JHDN7CF1C03X5_1","level","JHDN7CF1C03X5","exp",0.0454522876856667,0.04538975,0.0177557876625841,0.010425185,0.0803400275,1.04650107243465,1.01047971657699,1.08365547769958,1.0000880460273,2677.36502931285,4238.60838663005
"model_fits/finalized_redone_trunc/t2_proportion_targeted/dairy_p/dairy_dishes_count","beta[47,7]","exposure_LBZEEFSBJNB3Z_1","level","LBZEEFSBJNB3Z","exp",0.00232089254213833,0.002820975,0.0393771044076864,-0.0753447425,0.0768517225,1.00232358789804,0.927423708843329,1.07988194232605,1.01097476057465,321.162233430496,887.329431165671
"model_fits/finalized_redone_trunc/t2_proportion_targeted/dairy_p/dairy_dishes_count","beta[48,8]","exposure_LFZFT3VASXPED_1","level","LFZFT3VASXPED","exp",0.0977918149261,0.0902473,0.159881312021936,-0.20039255,0.438794774999999,1.10273318861969,0.818409423393971,1.55083698420686,1.00582261438459,488.862790519033,933.422989138989
"model_fits/finalized_redone_trunc/t2_proportion_targeted/dairy_p/dairy_dishes_count","beta[49,9]","exposure_SAFK7ND1HR6XS_1","level","SAFK7ND1HR6XS","exp",0.115030751979133,0.105923,0.128680655848755,-0.122474675,0.38873225,1.12190793793096,0.884728310404234,1.47510953787422,1.00566611603791,291.551455621,536.718824319837
"model_fits/finalized_redone_trunc/t2_proportion_targeted/dairy_p/dairy_dishes_count","beta[50,10]","exposure_V3Q26BHF3SE2H_1","level","V3Q26BHF3SE2H","exp",-0.0177399793697933,-0.0171895,0.0531964240118746,-0.124133025,0.0846628375,0.982416447694088,0.883262337095061,1.08835005400533,1.00104520752112,522.162905336088,769.426470648394
"model_fits/finalized_redone_trunc/t2_proportion_targeted/dairy_p/dairy_dishes_count","beta[51,3]","exposure_W8T41JZK0ZMEP_1","level","W8T41JZK0ZMEP","exp",0.0330782811966833,0.03284805,0.0122383467998645,0.0095194275,0.0575540625,1.0336314499812,1.00956488136707,1.05924253440632,1.00390860948262,1223.04986275511,2510.39039709804
"model_fits/finalized_redone_trunc/t2_proportion_targeted/dairy_p/dairy_dishes_count","mu_gamma[1]","mu_gamma[1]","pooled_mu_gamma",NA,"exp",0.082659815601,0.07845525,0.0544148067278221,-0.015976805,0.198441875,1.08617224683924,0.98415014715321,1.21950114185029,1.02207786911368,128.605178670947,292.18234375971
"model_fits/finalized_redone_trunc/t2_proportion_targeted/dairy_p/dairy_dishes_count","mu_gamma[2]","mu_gamma[2]","pooled_mu_gamma",NA,"exp",0.00931705549365,0.0161466,0.976316542289881,-1.88145475,2.01421225,1.00936059436817,0.152368286685301,7.49482100988584,1.00584324068793,393.443214124774,1068.30970753796
"model_fits/finalized_redone_trunc/t2_proportion_targeted/dairy_p/dairy_dishes_presence","beta[42,4]","exposure_9XKJD8DQTH559_1","level","9XKJD8DQTH559","exp_p10",0.827815335333333,0.8269115,0.170409079318327,0.499704675,1.15574125,1.08630446152557,1.05124005017081,1.12251771809036,1.00048490257787,2477.77819096016,3977.35511697659
"model_fits/finalized_redone_trunc/t2_proportion_targeted/dairy_p/dairy_dishes_presence","beta[43,5]","exposure_C0BE4NDSW26QN_1","level","C0BE4NDSW26QN","exp_p10",1.023033919832,1.0101,0.959440579393885,-0.8089039,2.99027725,1.10771949396623,0.92229477863511,1.34854701142051,1.00517675955765,365.084709284498,1004.97354759924
"model_fits/finalized_redone_trunc/t2_proportion_targeted/dairy_p/dairy_dishes_presence","beta[44,1]","exposure_ED5J990H5VAZT_1","level","ED5J990H5VAZT","exp_p10",0.058838396697815,0.0584799,0.0721582076423048,-0.07693826,0.20027915,1.00590118345374,0.992335695719085,1.02022981934466,1.00060720826738,3389.17670004894,5317.21960347838
"model_fits/finalized_redone_trunc/t2_proportion_targeted/dairy_p/dairy_dishes_presence","beta[45,6]","exposure_EMBVNVD207CC6_1","level","EMBVNVD207CC6","exp_p10",2.0424591875,2.03386,0.476730188668885,1.14421475,3.022337,1.2265997602491,1.12122459344584,1.35287735720657,1.0020758557435,734.475889166055,1616.02163158973
"model_fits/finalized_redone_trunc/t2_proportion_targeted/dairy_p/dairy_dishes_presence","beta[46,2]","exposure_JHDN7CF1C03X5_1","level","JHDN7CF1C03X5","exp_p10",1.3891078654785,1.34139,1.01441595544597,-0.469706075,3.51403775,1.14902158724852,0.954115441016336,1.42106099899185,1.02161704956889,366.926888747254,872.84971913729
"model_fits/finalized_redone_trunc/t2_proportion_targeted/dairy_p/dairy_dishes_presence","beta[47,7]","exposure_LBZEEFSBJNB3Z_1","level","LBZEEFSBJNB3Z","exp_p10",1.401866043414,1.33769,0.988613013917988,-0.335180525,3.5761155,1.15048846497008,0.967037453630195,1.42991006401956,1.02035398233169,388.795083847759,677.798212679366
"model_fits/finalized_redone_trunc/t2_proportion_targeted/dairy_p/dairy_dishes_presence","beta[48,8]","exposure_LFZFT3VASXPED_1","level","LFZFT3VASXPED","exp_p10",1.22547647257433,1.18002,0.960045568277025,-0.5552748,3.27683125,1.13037297796319,0.945986027617212,1.38774915959532,1.00492199159183,429.706109683725,902.784314425471
"model_fits/finalized_redone_trunc/t2_proportion_targeted/dairy_p/dairy_dishes_presence","beta[49,9]","exposure_SAFK7ND1HR6XS_1","level","SAFK7ND1HR6XS","exp_p10",1.070246407348,1.011985,0.923959212763841,-0.67965425,3.0150875,1.11296167833501,0.934292776191516,1.35189694418461,1.00733732615629,538.951589705627,858.495272102143
"model_fits/finalized_redone_trunc/t2_proportion_targeted/dairy_p/dairy_dishes_presence","beta[50,10]","exposure_V3Q26BHF3SE2H_1","level","V3Q26BHF3SE2H","exp_p10",-0.184593503162967,-0.1854345,0.129541178184083,-0.43427695,0.0691813125,0.98170997998089,0.957501783754586,1.00694211679982,1.00059554887124,5738.16071754304,4773.24927838722
"model_fits/finalized_redone_trunc/t2_proportion_targeted/dairy_p/dairy_dishes_presence","beta[51,3]","exposure_W8T41JZK0ZMEP_1","level","W8T41JZK0ZMEP","exp_p10",1.34604017881567,1.261315,0.98143786635033,-0.4060414,3.493715,1.14408365797172,0.960209163122184,1.41817594485479,1.01041356809208,366.34336506741,906.011353976258
"model_fits/finalized_redone_trunc/t2_proportion_targeted/dairy_p/dairy_dishes_presence","mu_gamma[1]","mu_gamma[1]","pooled_mu_gamma",NA,"exp_p10",0.905179284945167,0.892034,0.424239041764614,0.119713575,1.81040025,1.09474113452613,1.01204330100069,1.19846314682069,1.0107209270943,216.5171134857,445.273232515286
"model_fits/finalized_redone_trunc/t2_proportion_targeted/dairy_p/dairy_dishes_presence","mu_gamma[2]","mu_gamma[2]","pooled_mu_gamma",NA,"exp_p10",0.0205072538660667,0.0218891,1.00944410772221,-1.9681725,1.9617,1.00205282956203,0.821340719614614,1.21673373248803,1.00381581452456,708.654939551183,1288.73067364982
"model_fits/finalized_redone_trunc/t2_proportion_targeted/egg_p/egg_dishes_count","beta[42,4]","exposure_78AY09MVJVTYE_1","level","78AY09MVJVTYE","exp",0.0671942454856167,0.0616203,0.0333514916291513,0.012102345,0.1495415,1.06950320416829,1.01217587470514,1.16130166383103,1.00552521702983,468.977704080163,849.725646296015
"model_fits/finalized_redone_trunc/t2_proportion_targeted/egg_p/egg_dishes_count","beta[43,1]","exposure_ED5J990H5VAZT_1","level","ED5J990H5VAZT","exp",0.0327512375357833,0.03347085,0.0178553573470099,-0.002914332,0.06520025,1.0332934626391,0.997089910543109,1.06737274437683,1.01277388121505,394.907469249857,1250.70883905078
"model_fits/finalized_redone_trunc/t2_proportion_targeted/egg_p/egg_dishes_count","beta[44,3]","exposure_LBZEEFSBJNB3Z_1","level","LBZEEFSBJNB3Z","exp",0.0407832874070833,0.0448266,0.0353616654026631,-0.0429339225,0.104207375,1.04162634753744,0.957974688548187,1.10983058217042,1.00158137165739,598.02958965911,1058.60269313614
"model_fits/finalized_redone_trunc/t2_proportion_targeted/egg_p/egg_dishes_count","beta[45,5]","exposure_V3Q26BHF3SE2H_1","level","V3Q26BHF3SE2H","exp",0.0698429022046667,0.06607525,0.0259658456108749,0.027141535,0.12832835,1.07233970581737,1.02751322155614,1.13692625115021,1.01002967809778,398.744552186031,1321.05355045607
"model_fits/finalized_redone_trunc/t2_proportion_targeted/egg_p/egg_dishes_count","beta[46,2]","exposure_W8T41JZK0ZMEP_1","level","W8T41JZK0ZMEP","exp",0.0554159670266667,0.05508675,0.0141601368042389,0.0284624675,0.0843453775,1.05698019215206,1.02887139399424,1.08800460123381,1.00009575366493,1346.56613838378,2518.43412907372
"model_fits/finalized_redone_trunc/t2_proportion_targeted/egg_p/egg_dishes_count","mu_gamma[1]","mu_gamma[1]","pooled_mu_gamma",NA,"exp",0.0551692274891667,0.05299795,0.031925240046999,-0.00590525625,0.1395119,1.05671942552035,0.994112145504899,1.14971248721526,1.03273005007463,123.022897230832,115.405216993963
"model_fits/finalized_redone_trunc/t2_proportion_targeted/egg_p/egg_dishes_count","mu_gamma[2]","mu_gamma[2]","pooled_mu_gamma",NA,"exp",-0.022159555189,-0.009064425,0.995588509820415,-2.00046025,1.8840515,0.978084164196907,0.135273009504345,6.58011024660462,1.00613449226009,377.430176064996,953.706234072772
"model_fits/finalized_redone_trunc/t2_proportion_targeted/egg_p/egg_dishes_presence","beta[42,4]","exposure_78AY09MVJVTYE_1","level","78AY09MVJVTYE","exp_p10",0.0875700992096667,0.08742865,0.0464517607470913,-0.00243278975,0.178566825,1.00879546470001,0.99975675061493,1.01801706627341,1.00237037283173,1310.72298074623,3514.78470062871
"model_fits/finalized_redone_trunc/t2_proportion_targeted/egg_p/egg_dishes_presence","beta[43,1]","exposure_ED5J990H5VAZT_1","level","ED5J990H5VAZT","exp_p10",0.0929944012835,0.0927628,0.0774451628279198,-0.061305125,0.250798425,1.00934281426918,0.993888240749842,1.02539698751513,1.00140083921507,556.139763727712,1130.44311943557
"model_fits/finalized_redone_trunc/t2_proportion_targeted/egg_p/egg_dishes_presence","beta[44,3]","exposure_LBZEEFSBJNB3Z_1","level","LBZEEFSBJNB3Z","exp_p10",0.220529066189333,0.111008,0.478025126898124,-0.282473275,1.80464225,1.02229786936351,0.972147898155937,1.19777327037524,1.0143646906247,177.111170685508,142.425124446411
"model_fits/finalized_redone_trunc/t2_proportion_targeted/egg_p/egg_dishes_presence","beta[45,5]","exposure_V3Q26BHF3SE2H_1","level","V3Q26BHF3SE2H","exp_p10",0.133780148119517,0.1194765,0.122717265955448,-0.08427831,0.4151476,1.01346790083704,0.991607583608403,1.04238854739289,1.00921594339451,370.759765430699,871.795427556567
"model_fits/finalized_redone_trunc/t2_proportion_targeted/egg_p/egg_dishes_presence","beta[46,2]","exposure_W8T41JZK0ZMEP_1","level","W8T41JZK0ZMEP","exp_p10",0.129623500172783,0.107237,0.329744860086453,-0.4612655,0.788527225,1.01304672545008,0.954921109277529,1.08204494945956,1.03839545314556,219.677799518693,262.201679908788
"model_fits/finalized_redone_trunc/t2_proportion_targeted/egg_p/egg_dishes_presence","mu_gamma[1]","mu_gamma[1]","pooled_mu_gamma",NA,"exp_p10",0.12987100307465,0.107276,0.166019704382486,-0.157657725,0.58833815,1.0130717989608,0.984357856735104,1.06059897045392,1.02033701124177,132.125810311368,134.27111455657
"model_fits/finalized_redone_trunc/t2_proportion_targeted/egg_p/egg_dishes_presence","mu_gamma[2]","mu_gamma[2]","pooled_mu_gamma",NA,"exp_p10",0.0819890259932167,0.101603,1.00856491002952,-1.94412475,1.963619,1.00823260564761,0.823318236031657,1.21696724609621,1.01691526228878,260.015329171015,584.34424258915
"model_fits/finalized_redone_trunc/t2_proportion_targeted/textured_p/textured_dishes_count","beta[42,2]","exposure_9XKJD8DQTH559_1","level","9XKJD8DQTH559","exp",0.120796667333333,0.1207355,0.0304215570111633,0.0632618025,0.180759425,1.1283954493837,1.06530570242233,1.1981269052386,1.0006939547694,2527.88469521787,4864.41901733883
"model_fits/finalized_redone_trunc/t2_proportion_targeted/textured_p/textured_dishes_count","beta[43,3]","exposure_SAFK7ND1HR6XS_1","level","SAFK7ND1HR6XS","exp",0.474366900833167,0.4904555,0.298581339729201,-0.1743193,1.03316075,1.60699648722685,0.840028633689631,2.8099333100901,1.00201419432786,1750.31818472305,2918.21011505315
"model_fits/finalized_redone_trunc/t2_proportion_targeted/textured_p/textured_dishes_count","beta[44,1]","exposure_W8T41JZK0ZMEP_1","level","W8T41JZK0ZMEP","exp",0.897151243166667,0.8924435,0.157367020436101,0.605005925,1.21830825,2.4526062708669,1.83126305908725,3.38146230313701,1.00050661141168,2518.18626606403,4250.82552970067
"model_fits/finalized_redone_trunc/t2_proportion_targeted/textured_p/textured_dishes_count","mu_gamma[1]","mu_gamma[1]","pooled_mu_gamma",NA,"exp",0.438552615695667,0.4473905,0.390801758470848,-0.3834397,1.21122275,1.55046148006938,0.681513172054035,3.35758763385692,1.00542763554283,571.853539034221,1181.06390358733
"model_fits/finalized_redone_trunc/t2_proportion_targeted/textured_p/textured_dishes_count","mu_gamma[2]","mu_gamma[2]","pooled_mu_gamma",NA,"exp",-0.00706274150433333,0.001859695,0.992508326761361,-1.9164185,1.9339815,0.992962141040323,0.147132976362936,6.91699550659065,1.00095638025012,1860.86404917531,2968.41528192688
"model_fits/finalized_redone_trunc/t2_proportion_targeted/textured_p/textured_dishes_presence","beta[42,2]","exposure_9XKJD8DQTH559_1","level","9XKJD8DQTH559","exp_p10",-0.0309120423268333,-0.034089,0.194127847158115,-0.40666995,0.352387825,0.9969135686199,0.960148811071969,1.0358670261891,1.00021634621426,4636.88662276068,4742.23219741374
"model_fits/finalized_redone_trunc/t2_proportion_targeted/textured_p/textured_dishes_presence","beta[43,3]","exposure_SAFK7ND1HR6XS_1","level","SAFK7ND1HR6XS","exp_p10",1.11085598541917,1.05432,1.75266090280948,-2.2325205,4.849753,1.11749055832298,0.799913205759983,1.62413489221695,1.00287931166256,955.168572763274,1450.87951338599
"model_fits/finalized_redone_trunc/t2_proportion_targeted/textured_p/textured_dishes_presence","beta[44,1]","exposure_W8T41JZK0ZMEP_1","level","W8T41JZK0ZMEP","exp_p10",2.23849048,2.230785,0.326435072017408,1.62702625,2.92227375,1.25088218200889,1.1766867204415,1.33940753080596,1.00158150092603,1540.40302459124,1608.67703878318
"model_fits/finalized_redone_trunc/t2_proportion_targeted/textured_p/textured_dishes_presence","mu_gamma[1]","mu_gamma[1]","pooled_mu_gamma",NA,"exp_p10",0.623220499838667,0.658687,0.704554165429582,-0.911271875,1.9326095,1.06430504896497,0.912901593843636,1.21319933658325,1.00692726283197,656.873367132711,1328.15654294402
"model_fits/finalized_redone_trunc/t2_proportion_targeted/textured_p/textured_dishes_presence","mu_gamma[2]","mu_gamma[2]","pooled_mu_gamma",NA,"exp_p10",0.000872462771666667,-0.00895365,1.00931691351827,-2.0185075,1.95148,1.00008725008323,0.817216888461309,1.21549086582647,1.00114077066432,1216.51796887825,2114.98269918081
"model_fits/finalized_redone_trunc/t2_proportion_targeted/untextured_p/untextured_dishes_count","beta[42,4]","exposure_1SQPTEGYPH0GA_1","level","1SQPTEGYPH0GA","exp",0.1771400667,0.1764015,0.0459223291600786,0.087316165,0.269314625,1.19379829280465,1.09124163759595,1.30906694144817,1.00017568735827,1378.82503267669,3343.45824866063
"model_fits/finalized_redone_trunc/t2_proportion_targeted/untextured_p/untextured_dishes_count","beta[43,5]","exposure_9XKJD8DQTH559_1","level","9XKJD8DQTH559","exp",0.0768412315883333,0.07638675,0.0244355578045713,0.030323035,0.12571045,1.07987061343941,1.03078746060448,1.13395378442527,0.999920558778355,3073.6062365582,4525.93019309944
"model_fits/finalized_redone_trunc/t2_proportion_targeted/untextured_p/untextured_dishes_count","beta[44,6]","exposure_C0BE4NDSW26QN_1","level","C0BE4NDSW26QN","exp",0.164759121957428,0.1632045,0.104750152136083,-0.037661235,0.375108724999999,1.1791090630183,0.963039129588158,1.45514961715988,1.00055291215551,1889.10817058527,3611.14688977291
"model_fits/finalized_redone_trunc/t2_proportion_targeted/untextured_p/untextured_dishes_count","beta[45,7]","exposure_CB2KHY1C2G9PT_1","level","CB2KHY1C2G9PT","exp",-0.0836666084802833,-0.08539205,0.0562005880211152,-0.1893038,0.031939335,0.919737837781897,0.827535063350178,1.03245486953058,1.00282151810237,731.999755307214,1939.282371717
"model_fits/finalized_redone_trunc/t2_proportion_targeted/untextured_p/untextured_dishes_count","beta[46,8]","exposure_EMBVNVD207CC6_1","level","EMBVNVD207CC6","exp",0.835604486758,0.430526,0.992168106058653,0.02281295,3.7407725,2.30620769903813,1.02307515544075,42.1305234267538,1.02723563602912,110.473986173541,346.181683574725
"model_fits/finalized_redone_trunc/t2_proportion_targeted/untextured_p/untextured_dishes_count","beta[47,1]","exposure_JHDN7CF1C03X5_1","level","JHDN7CF1C03X5","exp",0.1186361213245,0.1177405,0.0495878679574982,0.0250066875,0.21942135,1.12596013085534,1.02532197734222,1.24535589686256,1.00135910228468,2090.63799506588,3882.66188685345
"model_fits/finalized_redone_trunc/t2_proportion_targeted/untextured_p/untextured_dishes_count","beta[48,9]","exposure_LFZFT3VASXPED_1","level","LFZFT3VASXPED","exp",0.4086281194765,0.2966735,0.410713599841001,-0.100627025,1.54138825,1.50475202845065,0.904270240189843,4.67107038540051,1.01468052397313,281.18628458081,477.843792546699
"model_fits/finalized_redone_trunc/t2_proportion_targeted/untextured_p/untextured_dishes_count","beta[49,10]","exposure_LQ5EH4BKGV61T_1","level","LQ5EH4BKGV61T","exp",0.223198311075567,0.192541,0.221027287592608,-0.110044825,0.782813125,1.25006845157588,0.895793980431391,2.1876176594931,1.01464297322953,227.5965436351,296.648347133392
"model_fits/finalized_redone_trunc/t2_proportion_targeted/untextured_p/untextured_dishes_count","beta[50,11]","exposure_S8MT0YGD2KTN9_1","level","S8MT0YGD2KTN9","exp",0.111059970602583,0.1106685,0.0605980047674004,-0.0073576405,0.231680625,1.11746191970973,0.992669360674635,1.26071702302544,1.00045313832555,2334.35918705988,3641.95924594397
"model_fits/finalized_redone_trunc/t2_proportion_targeted/untextured_p/untextured_dishes_count","beta[51,12]","exposure_SAFK7ND1HR6XS_1","level","SAFK7ND1HR6XS","exp",0.313334445723833,0.228475,0.427697539223749,-0.270091225,1.48092675,1.36797896924577,0.763309858218808,4.39701873038632,1.01086721974932,431.703786331923,297.129814754734
"model_fits/finalized_redone_trunc/t2_proportion_targeted/untextured_p/untextured_dishes_count","beta[52,2]","exposure_SRQS8F7JWA9MZ_1","level","SRQS8F7JWA9MZ","exp",0.167641124137833,0.1670015,0.0518698939330876,0.0664192325,0.26975265,1.18251215941898,1.06867464640989,1.30964047109619,1.00126469788833,1981.63852122956,3095.00804318856
"model_fits/finalized_redone_trunc/t2_proportion_targeted/untextured_p/untextured_dishes_count","beta[53,3]","exposure_W8T41JZK0ZMEP_1","level","W8T41JZK0ZMEP","exp",0.369458292166667,0.3679855,0.0694522702499634,0.239879225,0.511673825,1.44695057786059,1.2710956244765,1.66808093509734,1.00450635504269,1007.18538879745,2936.02250606917
"model_fits/finalized_redone_trunc/t2_proportion_targeted/untextured_p/untextured_dishes_count","mu_gamma[1]","mu_gamma[1]","pooled_mu_gamma",NA,"exp",0.236038472551333,0.1917255,0.176687360333043,0.0460351875,0.72407315,1.26622302406009,1.047111255536,2.06281829052713,1.02174494963019,170.447721058481,272.552446716775
"model_fits/finalized_redone_trunc/t2_proportion_targeted/untextured_p/untextured_dishes_count","mu_gamma[2]","mu_gamma[2]","pooled_mu_gamma",NA,"exp",-0.00929420101516667,0.003568845,0.999224829299282,-1.9844455,1.960257,0.990748856572544,0.137456812791612,7.10115182668418,1.00128542984411,1692.25081830851,2533.68273774355
"model_fits/finalized_redone_trunc/t2_proportion_targeted/untextured_p/untextured_dishes_presence","beta[42,4]","exposure_1SQPTEGYPH0GA_1","level","1SQPTEGYPH0GA","exp_p10",3.24853363666667,3.2288,0.389017406320477,2.54055225,4.07412275,1.38382771168074,1.28924300074659,1.50292359577848,1.00018595032768,2997.27432724852,3702.85742493229
"model_fits/finalized_redone_trunc/t2_proportion_targeted/untextured_p/untextured_dishes_presence","beta[43,5]","exposure_9XKJD8DQTH559_1","level","9XKJD8DQTH559","exp_p10",0.938474409971283,0.8858065,0.827364723942988,-0.535884875,2.73725775,1.09839216352117,0.947822066887809,1.31485418690671,1.00157341336767,684.491204984396,1189.48197956696
"model_fits/finalized_redone_trunc/t2_proportion_targeted/untextured_p/untextured_dishes_presence","beta[44,6]","exposure_C0BE4NDSW26QN_1","level","C0BE4NDSW26QN","exp_p10",1.57640317624,1.591265,1.18979198352061,-0.8007825,3.96939175,1.1707450226167,0.923044115358607,1.48726546437818,1.00409260443102,753.136350670504,1596.98727849099
"model_fits/finalized_redone_trunc/t2_proportion_targeted/untextured_p/untextured_dishes_presence","beta[45,7]","exposure_CB2KHY1C2G9PT_1","level","CB2KHY1C2G9PT","exp_p10",0.971251502685,1.06528,1.35796255546523,-1.88522125,3.455333,1.10199828037197,0.82818217970521,1.41274313471876,1.00303353611257,510.046096168751,1100.09781665924
"model_fits/finalized_redone_trunc/t2_proportion_targeted/untextured_p/untextured_dishes_presence","beta[46,8]","exposure_EMBVNVD207CC6_1","level","EMBVNVD207CC6","exp_p10",4.33650748,4.287795,1.03608119098978,2.4997135,6.58658175,1.54287992010977,1.28398862988653,1.93219792269044,1.0028754680885,848.66061525236,1424.24885073871
"model_fits/finalized_redone_trunc/t2_proportion_targeted/untextured_p/untextured_dishes_presence","beta[47,1]","exposure_JHDN7CF1C03X5_1","level","JHDN7CF1C03X5","exp_p10",2.15516873949833,2.108915,0.845340761141332,0.652900425,3.94107475,1.24050291493047,1.06746859074705,1.48305993197593,1.0004907514927,892.60506652697,1799.1832775896
"model_fits/finalized_redone_trunc/t2_proportion_targeted/untextured_p/untextured_dishes_presence","beta[48,9]","exposure_LFZFT3VASXPED_1","level","LFZFT3VASXPED","exp_p10",2.64785808208205,2.629785,1.31174693392293,0.07267086,5.24786175,1.30315182145953,1.00729355534896,1.69009742465793,1.0078084881666,670.554640341539,1549.66239270075
"model_fits/finalized_redone_trunc/t2_proportion_targeted/untextured_p/untextured_dishes_presence","beta[49,10]","exposure_LQ5EH4BKGV61T_1","level","LQ5EH4BKGV61T","exp_p10",0.683257117555893,0.6621765,0.52032342632624,-0.25738615,1.7885955,1.07071399582522,0.974589799473366,1.19585277485029,1.00539214347436,390.639637475365,1038.92303737493
"model_fits/finalized_redone_trunc/t2_proportion_targeted/untextured_p/untextured_dishes_presence","beta[50,11]","exposure_S8MT0YGD2KTN9_1","level","S8MT0YGD2KTN9","exp_p10",3.595402185,3.54798,0.626424774191253,2.49171575,4.96500575,1.43267054769113,1.28296213841588,1.64296177760203,1.00103396956505,1236.85405320841,2325.63261911466
"model_fits/finalized_redone_trunc/t2_proportion_targeted/untextured_p/untextured_dishes_presence","beta[51,12]","exposure_SAFK7ND1HR6XS_1","level","SAFK7ND1HR6XS","exp_p10",2.01282140216383,2.01153,1.27111232684433,-0.470098,4.5726815,1.22296977210794,0.95407804757969,1.57975243807519,1.00574609134971,690.862550256851,1156.65069771752
"model_fits/finalized_redone_trunc/t2_proportion_targeted/untextured_p/untextured_dishes_presence","beta[52,2]","exposure_SRQS8F7JWA9MZ_1","level","SRQS8F7JWA9MZ","exp_p10",0.152091798439517,0.1515565,0.0520843583896564,0.0527089925,0.257203575,1.01532542801847,1.005284814878,1.02605398005091,1.00186036082605,2215.21062513281,4520.64647405925
"model_fits/finalized_redone_trunc/t2_proportion_targeted/untextured_p/untextured_dishes_presence","beta[53,3]","exposure_W8T41JZK0ZMEP_1","level","W8T41JZK0ZMEP","exp_p10",1.25395279383333,1.2468,0.21000262196595,0.8717216,1.67853475,1.13359645182508,1.09108450465816,1.18276329355889,1.00212598892709,1152.32878090176,2864.87228497789
"model_fits/finalized_redone_trunc/t2_proportion_targeted/untextured_p/untextured_dishes_presence","mu_gamma[1]","mu_gamma[1]","pooled_mu_gamma",NA,"exp_p10",1.62343846575,1.63149,0.495729456446496,0.62995095,2.55123925,1.17626462635688,1.06502161528747,1.29062155123874,1.01196527918298,338.415655139391,872.643736803409
"model_fits/finalized_redone_trunc/t2_proportion_targeted/untextured_p/untextured_dishes_presence","mu_gamma[2]","mu_gamma[2]","pooled_mu_gamma",NA,"exp_p10",-0.000828685448666666,0.00373461,0.980901532941958,-1.9525145,1.92147175,0.999917134888636,0.822627782291796,1.21184885769656,1.00120056429029,1282.55214065745,2040.91597401507
"model_fits/finalized_redone_trunc_cp/its/chicken_fish","beta[41,1]","exposure_VLZX7K2M9QD4T_1","level","VLZX7K2M9QD4T","exp",-0.00653103220633333,-0.00637899,0.0347184709682852,-0.0756034875,0.0610462799999999,0.993490248630693,0.92718377363814,1.06294810628724,1.00067421367054,2627.40295949741,3846.74515931434
"model_fits/finalized_redone_trunc_cp/its/chicken_fish","beta[42,2]","exposure_2HRX9P6HKXA8V_1","level","2HRX9P6HKXA8V","exp",-0.0708179275792167,-0.05436195,0.0994641524089504,-0.294781875,0.0950258875,0.931631501089248,0.744694006131567,1.09968732291319,1.00402756843356,458.303268017205,1465.76220140623
"model_fits/finalized_redone_trunc_cp/its/chicken_fish","beta[43,3]","exposure_JHDN7CF1C03X5_1","level","JHDN7CF1C03X5","exp",0.00319216870213333,0.002189915,0.0438089560903479,-0.081546765,0.0921298525,1.00319726909831,0.921689606031594,1.09650719703755,1.00384556577936,916.042744145758,2291.16425169418
"model_fits/finalized_redone_trunc_cp/its/chicken_fish","beta[44,4]","exposure_L69HYJ4Y3TR91_1","level","L69HYJ4Y3TR91","exp",-0.0542075405662717,-0.03098765,0.185230776362469,-0.511012825,0.314305175,0.947235496308912,0.599887689772229,1.36930755122278,1.01116506505875,382.345371785937,890.289914337338
"model_fits/finalized_redone_trunc_cp/its/chicken_fish","beta[45,5]","exposure_ED5J990H5VAZT_1","level","ED5J990H5VAZT","exp",-0.160514506784867,-0.100252,0.193889797226979,-0.650232375,0.0717724875,0.851705467974338,0.5219244804673,1.07441087435086,1.01483584978293,264.28310604237,746.795087460843
"model_fits/finalized_redone_trunc_cp/its/chicken_fish","beta[46,1]","exposure_VLZX7K2M9QD4T_1_slope","slope","VLZX7K2M9QD4T","exp",0.159069675535833,0.1751015,0.371500337584056,-0.58916165,0.8377832,1.17241963280106,0.554792199867235,2.31123774181151,1.01097950154827,368.455405549871,1163.69285371403
"model_fits/finalized_redone_trunc_cp/its/chicken_fish","beta[47,2]","exposure_2HRX9P6HKXA8V_1_slope","slope","2HRX9P6HKXA8V","exp",0.39690350124635,0.407049,0.237906348150247,-0.107381875,0.839107725,1.48721240898274,0.898182614005926,2.31430106225589,1.01709800122419,222.292306915561,421.923444867961
"model_fits/finalized_redone_trunc_cp/its/chicken_fish","beta[48,3]","exposure_JHDN7CF1C03X5_1_slope","slope","JHDN7CF1C03X5","exp",0.702246666666667,0.7002055,0.0975185998645189,0.517384075,0.901810825,2.018282024581,1.67763334161541,2.46406105702246,1.01275472343718,349.586600439728,675.369311575606
"model_fits/finalized_redone_trunc_cp/its/chicken_fish","beta[49,4]","exposure_L69HYJ4Y3TR91_1_slope","slope","L69HYJ4Y3TR91","exp",0.729539077321333,0.703917,0.725718438439158,-0.74349705,2.292237,2.07412437635326,0.475448338303577,9.89705264312864,1.00640192193733,350.465187781745,671.028752895481
"model_fits/finalized_redone_trunc_cp/its/chicken_fish","beta[50,5]","exposure_ED5J990H5VAZT_1_slope","slope","ED5J990H5VAZT","exp",1.20320064206667,1.211595,0.3408729739422,0.541832625,1.85574425,3.3307604526043,1.71915454263866,6.39645704268976,1.0338340291338,129.909055134395,204.502487598422
"model_fits/finalized_redone_trunc_cp/its/chicken_fish","mu_gamma[1]","mu_gamma[1]","pooled_mu_gamma",NA,"exp",-0.0605165202009027,-0.03428195,0.118637024264735,-0.379169975,0.1081992,0.94127821878468,0.68442926691398,1.11426968580188,1.00715027696486,257.958189996171,401.401281593683
"model_fits/finalized_redone_trunc_cp/its/chicken_fish","mu_gamma[2]","mu_gamma[2]","pooled_mu_gamma",NA,"exp",0.5466047253965,0.5772525,0.358657456282275,-0.269548325,1.19273525,1.72737812699204,0.763724371650325,3.29608450377559,1.01029087752891,172.95457642446,249.837343023338
"model_fits/finalized_redone_trunc_cp/its/meat","beta[41,1]","exposure_VLZX7K2M9QD4T_1","level","VLZX7K2M9QD4T","exp",0.0362179505551052,0.0355037,0.0331152423228774,-0.026879025,0.103763525,1.03688181083175,0.973479001023364,1.10933809317023,1.00849633443374,685.752932735469,1803.24923105745
"model_fits/finalized_redone_trunc_cp/its/meat","beta[42,2]","exposure_SRQS8F7JWA9MZ_1","level","SRQS8F7JWA9MZ","exp",0.02288701582055,0.0224383,0.0473096252551638,-0.072234885,0.11645865,1.02315093314786,0.930312353728876,1.12351105232467,1.00932418130737,516.241392328835,756.014299549959
"model_fits/finalized_redone_trunc_cp/its/meat","beta[43,2]","exposure_SRQS8F7JWA9MZ_2","level","SRQS8F7JWA9MZ","exp",0.02378926614105,0.0241031,0.0447119947694741,-0.06478924,0.10952225,1.02407448798138,0.937264980529611,1.1157448959829,1.01075257495245,523.141063176403,1146.51343762375
"model_fits/finalized_redone_trunc_cp/its/meat","beta[44,3]","exposure_2HRX9P6HKXA8V_1","level","2HRX9P6HKXA8V","exp",-0.0112020042456167,0.002881065,0.0665614041691723,-0.173560975,0.0862107625,0.988860504578183,0.84066588999643,1.09003604281815,1.01274779120605,262.624663859402,908.04944913234
"model_fits/finalized_redone_trunc_cp/its/meat","beta[45,4]","exposure_JHDN7CF1C03X5_1","level","JHDN7CF1C03X5","exp",0.03800646795955,0.03653925,0.034528951064878,-0.027561505,0.10999195,1.03873795137182,0.972814847736193,1.11626908445657,1.00602192905919,780.631022571139,1618.14716015592
"model_fits/finalized_redone_trunc_cp/its/meat","beta[46,5]","exposure_L69HYJ4Y3TR91_1","level","L69HYJ4Y3TR91","exp",-0.00613320692518333,0.00662664,0.0658437875818528,-0.1727485,0.0963072625,0.993885562795945,0.84134918755891,1.10109733794267,1.02316659598929,353.753118473186,963.277510280712
"model_fits/finalized_redone_trunc_cp/its/meat","beta[47,6]","exposure_ED5J990H5VAZT_1","level","ED5J990H5VAZT","exp",0.00654740433706667,0.0159374,0.0664094938187242,-0.15562195,0.1169292,1.00656888544509,0.855882695669674,1.12403984485225,1.01134523027309,532.910143382564,498.072241300858
"model_fits/finalized_redone_trunc_cp/its/meat","beta[48,1]","exposure_VLZX7K2M9QD4T_1_slope","slope","VLZX7K2M9QD4T","exp",0.491221851894833,0.536091,0.270915151376093,-0.147523475,0.92538835,1.63431188757855,0.862842182863385,2.52284781809037,1.01931082495892,153.075517023051,700.323028190315
"model_fits/finalized_redone_trunc_cp/its/meat","beta[49,2]","exposure_SRQS8F7JWA9MZ_1_slope","slope","SRQS8F7JWA9MZ","exp",-1.14041570513333,-1.14255,0.36876598315689,-1.8796025,-0.437888575,0.319686099037452,0.152650772380615,0.645397692288829,1.0126446578946,323.666334185409,347.630214560677
"model_fits/finalized_redone_trunc_cp/its/meat","beta[50,2]","exposure_SRQS8F7JWA9MZ_2_slope","slope","SRQS8F7JWA9MZ","exp",0.342335101189833,0.344855,0.359210309534876,-0.363126775,1.0463065,1.40823211871431,0.69549825611845,2.84711585163866,1.01511239817326,350.072999474933,291.740248718311
"model_fits/finalized_redone_trunc_cp/its/meat","beta[51,3]","exposure_2HRX9P6HKXA8V_1_slope","slope","2HRX9P6HKXA8V","exp",0.5225257176826,0.5508145,0.229829711639708,-0.0151708525,0.9129202,1.68628134623335,0.984943645142576,2.49158785497991,1.01213557189119,178.208606881909,311.319844587533
"model_fits/finalized_redone_trunc_cp/its/meat","beta[52,4]","exposure_JHDN7CF1C03X5_1_slope","slope","JHDN7CF1C03X5","exp",0.734503118833333,0.732732,0.0896321270729883,0.56340865,0.9139502,2.08444601318015,1.75665011211974,2.4941555125872,1.00796890264033,486.50971468386,1040.02964788675
"model_fits/finalized_redone_trunc_cp/its/meat","beta[53,5]","exposure_L69HYJ4Y3TR91_1_slope","slope","L69HYJ4Y3TR91","exp",0.657756047543333,0.6460755,0.292771149945169,0.1027977,1.29150525,1.93045561990042,1.10826718394509,3.63825892532474,1.0094429261991,237.479786868163,221.550707781621
"model_fits/finalized_redone_trunc_cp/its/meat","beta[54,6]","exposure_ED5J990H5VAZT_1_slope","slope","ED5J990H5VAZT","exp",0.520111763415,0.5247965,0.151613349630731,0.211615525,0.80380305,1.68221564935869,1.235672708473,2.23402088655222,1.00588629556991,326.391427557285,558.064583281485
"model_fits/finalized_redone_trunc_cp/its/meat","mu_gamma[1]","mu_gamma[1]","pooled_mu_gamma",NA,"exp",0.012961041357235,0.0176418,0.0442119709419356,-0.09462112,0.0887973699999998,1.01304539971718,0.909717542964154,1.09285918783178,1.00843448540077,270.746286548926,292.478400438942
"model_fits/finalized_redone_trunc_cp/its/meat","mu_gamma[2]","mu_gamma[2]","pooled_mu_gamma",NA,"exp",0.530072719335,0.5543645,0.205608310938343,0.055581855,0.86402545,1.69905585833842,1.05715554699822,2.37269265125802,1.01267495310015,156.898175744979,236.424347444581
"model_fits/finalized_redone_trunc_cp/its/nonvegan","beta[41,1]","exposure_VLZX7K2M9QD4T_1","level","VLZX7K2M9QD4T","exp",0.0426012223922833,0.04378375,0.0341881982783273,-0.0281140075,0.10689915,1.04352167878864,0.97227751355369,1.11282202071924,1.00213702795001,1546.31703473601,3415.61485006818
"model_fits/finalized_redone_trunc_cp/its/nonvegan","beta[42,2]","exposure_SRQS8F7JWA9MZ_1","level","SRQS8F7JWA9MZ","exp",0.0601665248206667,0.0595666,0.0465505263756788,-0.03114837,0.15529,1.06201338340931,0.969331742655572,1.16799663101861,1.0012141763866,1045.18091332476,1447.09615540808
"model_fits/finalized_redone_trunc_cp/its/nonvegan","beta[43,2]","exposure_SRQS8F7JWA9MZ_2","level","SRQS8F7JWA9MZ","exp",0.054824344034495,0.05501,0.0447720751314006,-0.0351462375,0.14100025,1.05635504331256,0.965464218859935,1.15142493584094,1.00365733255183,700.534739413156,958.000260839174
"model_fits/finalized_redone_trunc_cp/its/nonvegan","beta[44,3]","exposure_2HRX9P6HKXA8V_1","level","2HRX9P6HKXA8V","exp",-0.0192862346068083,-0.004840315,0.0814001230941929,-0.199017275,0.09882445,0.980898554944147,0.819535735730805,1.10387249773145,1.00697521343268,306.032989423059,1563.03881688644
"model_fits/finalized_redone_trunc_cp/its/nonvegan","beta[45,4]","exposure_JHDN7CF1C03X5_1","level","JHDN7CF1C03X5","exp",0.0842520718676667,0.0824424,0.0387114047983879,0.0143429225,0.16655875,1.08790308901241,1.01444627575097,1.18123293126658,1.0075502508655,921.443605922873,2424.56188160211
"model_fits/finalized_redone_trunc_cp/its/nonvegan","beta[46,5]","exposure_L69HYJ4Y3TR91_1","level","L69HYJ4Y3TR91","exp",0.101799761203933,0.0873423,0.0762155466439895,-0.0206316075,0.286017475,1.10716175279388,0.979579767946413,1.33111571629619,1.00167034575112,679.692170891224,1657.00797999716
"model_fits/finalized_redone_trunc_cp/its/nonvegan","beta[47,6]","exposure_ED5J990H5VAZT_1","level","ED5J990H5VAZT","exp",0.054218661277185,0.0554049,0.0589900269402853,-0.07036973,0.1743128,1.05571542100089,0.932049149660306,1.19042787342723,1.00328462096792,1220.01690613508,2373.64380328328
"model_fits/finalized_redone_trunc_cp/its/nonvegan","beta[48,1]","exposure_VLZX7K2M9QD4T_1_slope","slope","VLZX7K2M9QD4T","exp",0.565233837692833,0.5822715,0.279731599500351,-0.03269464,1.0867245,1.7598592560391,0.967834052277116,2.96454777577698,1.00273597393716,416.370005997023,1011.87567845066
"model_fits/finalized_redone_trunc_cp/its/nonvegan","beta[49,2]","exposure_SRQS8F7JWA9MZ_1_slope","slope","SRQS8F7JWA9MZ","exp",-1.05552077963333,-1.067835,0.36456442120958,-1.77192675,-0.342228575,0.348011142990263,0.170005115705389,0.710185855423486,1.00379043120527,535.507122791165,482.650642059113
"model_fits/finalized_redone_trunc_cp/its/nonvegan","beta[50,2]","exposure_SRQS8F7JWA9MZ_2_slope","slope","SRQS8F7JWA9MZ","exp",0.32142290912944,0.329837,0.35769271841196,-0.3814491,1.029913,1.37908868678061,0.68287114331471,2.80082215257179,1.0023764034557,546.11692938675,521.894011294479
"model_fits/finalized_redone_trunc_cp/its/nonvegan","beta[51,3]","exposure_2HRX9P6HKXA8V_1_slope","slope","2HRX9P6HKXA8V","exp",0.65927695759,0.6515845,0.235537098791864,0.2105385,1.15651925,1.9333939031132,1.23434257449651,3.17884921747475,1.00227086052122,264.277376377292,693.369973770677
"model_fits/finalized_redone_trunc_cp/its/nonvegan","beta[52,4]","exposure_JHDN7CF1C03X5_1_slope","slope","JHDN7CF1C03X5","exp",0.771157223666667,0.7696255,0.0905851914935362,0.59808105,0.9558957,2.16226703310969,1.81862559823058,2.6009992549007,1.00253002132776,753.116054478679,1867.43829394245
"model_fits/finalized_redone_trunc_cp/its/nonvegan","beta[53,5]","exposure_L69HYJ4Y3TR91_1_slope","slope","L69HYJ4Y3TR91","exp",0.758274331124667,0.721711,0.329942812319843,0.161419575,1.48979575,2.13458944576736,1.17517794067176,4.43618933479112,1.00553222410993,721.615670157166,1418.78869455564
"model_fits/finalized_redone_trunc_cp/its/nonvegan","beta[54,6]","exposure_ED5J990H5VAZT_1_slope","slope","ED5J990H5VAZT","exp",0.460227147183333,0.454448,0.128640661843239,0.2237536,0.7231559,1.58443384380728,1.25076279350417,2.06092703795845,1.00786491081674,513.97742220511,706.102345372632
"model_fits/finalized_redone_trunc_cp/its/nonvegan","mu_gamma[1]","mu_gamma[1]","pooled_mu_gamma",NA,"exp",0.0529400444374167,0.0536954,0.0510802699355241,-0.0584236575,0.1605436,1.0543664280919,0.943250247733059,1.1741489649195,1.0054869099888,298.361503510312,213.640757160948
"model_fits/finalized_redone_trunc_cp/its/nonvegan","mu_gamma[2]","mu_gamma[2]","pooled_mu_gamma",NA,"exp",0.577367392443833,0.5962415,0.20571695791453,0.104051825,0.953863175,1.78134267623313,1.10965796144928,2.5957180278213,1.0125179070703,191.283274414355,335.032512223865
"model_fits/finalized_redone_trunc_cp/its/total","beta[41,1]","exposure_VLZX7K2M9QD4T_1","level","VLZX7K2M9QD4T","exp",0.0469277182857483,0.04763855,0.0333954803811922,-0.0231619475,0.1096893,1.04804625176206,0.977104231371822,1.11593129673647,1.00212904936961,553.478369574859,1248.6613663357
"model_fits/finalized_redone_trunc_cp/its/total","beta[42,2]","exposure_SRQS8F7JWA9MZ_1","level","SRQS8F7JWA9MZ","exp",0.0581069928522,0.05861045,0.0492337887307634,-0.04028552,0.15483625,1.05982838370594,0.960515153710509,1.16746677276797,1.00280253959242,465.165537965715,884.612048084778
"model_fits/finalized_redone_trunc_cp/its/total","beta[43,2]","exposure_SRQS8F7JWA9MZ_2","level","SRQS8F7JWA9MZ","exp",0.0550301957044833,0.05465245,0.0455918330324636,-0.0330881825,0.145723,1.05657251814534,0.967453243381755,1.15687568909786,1.00536516566633,637.294710070072,1600.5707604404
"model_fits/finalized_redone_trunc_cp/its/total","beta[44,3]","exposure_2HRX9P6HKXA8V_1","level","2HRX9P6HKXA8V","exp",-0.00829324544513333,0.00339893,0.0761024549034709,-0.18223815,0.108505375,0.991741048646285,0.833402841893665,1.11461089955583,1.01436927829994,185.703592751273,848.302035972993
"model_fits/finalized_redone_trunc_cp/its/total","beta[45,4]","exposure_JHDN7CF1C03X5_1","level","JHDN7CF1C03X5","exp",0.0908185873086367,0.08880445,0.0392176524556359,0.017749265,0.171369725,1.09507032758233,1.01790771929819,1.1869295054185,1.01219157601037,345.245585706434,1186.72381476657
"model_fits/finalized_redone_trunc_cp/its/total","beta[46,5]","exposure_L69HYJ4Y3TR91_1","level","L69HYJ4Y3TR91","exp",0.106420153919017,0.0924384,0.0742760160919692,-0.0104402875,0.28895305,1.11228911097352,0.989614023131015,1.3350290474433,1.01004136907451,344.590790841081,790.199030779441
"model_fits/finalized_redone_trunc_cp/its/total","beta[47,6]","exposure_ED5J990H5VAZT_1","level","ED5J990H5VAZT","exp",0.0629182693520667,0.06417115,0.0569532410419233,-0.06014209,0.1775745,1.06493979745471,0.941630727768131,1.19431703120699,1.00231059321101,734.116518329073,1561.4798425622
"model_fits/finalized_redone_trunc_cp/its/total","beta[48,1]","exposure_VLZX7K2M9QD4T_1_slope","slope","VLZX7K2M9QD4T","exp",0.561895266225333,0.5962605,0.263701613589828,-0.024729825,1.05459775,1.75399363698249,0.975573451983165,2.87082013421459,1.00442240788712,229.558185119522,413.335062998007
"model_fits/finalized_redone_trunc_cp/its/total","beta[49,2]","exposure_SRQS8F7JWA9MZ_1_slope","slope","SRQS8F7JWA9MZ","exp",-1.12694961653333,-1.125785,0.373889319091275,-1.86797525,-0.433724,0.324020136142388,0.154436039836372,0.648091103947817,1.00247179774608,470.716515144305,737.003357077931
"model_fits/finalized_redone_trunc_cp/its/total","beta[50,2]","exposure_SRQS8F7JWA9MZ_2_slope","slope","SRQS8F7JWA9MZ","exp",0.340269482763,0.345169,0.370689325269279,-0.39373685,1.05731475,1.40532625074107,0.674531535861201,2.87863075844739,1.00393990846265,448.409506601517,388.109893162993
"model_fits/finalized_redone_trunc_cp/its/total","beta[51,3]","exposure_2HRX9P6HKXA8V_1_slope","slope","2HRX9P6HKXA8V","exp",0.664768165918333,0.658161,0.225679293977155,0.212809725,1.14913725,1.94403977441378,1.23714923027716,3.15546935379979,1.01341044787856,157.303119313241,219.172893905943
"model_fits/finalized_redone_trunc_cp/its/total","beta[52,4]","exposure_JHDN7CF1C03X5_1_slope","slope","JHDN7CF1C03X5","exp",0.735254133833333,0.733243,0.0929023072804129,0.5599491,0.925944325,2.08601205138823,1.75058339333363,2.52425084839478,1.01359517696328,277.9306708405,849.355703438869
"model_fits/finalized_redone_trunc_cp/its/total","beta[53,5]","exposure_L69HYJ4Y3TR91_1_slope","slope","L69HYJ4Y3TR91","exp",0.802732523985,0.7348015,0.34748256230043,0.2325306,1.71657,2.23163058874139,1.26178905651338,5.56540634482593,1.00423224653457,279.967183877089,566.08772302236
"model_fits/finalized_redone_trunc_cp/its/total","beta[54,6]","exposure_ED5J990H5VAZT_1_slope","slope","ED5J990H5VAZT","exp",0.523390170083333,0.5258555,0.135055443995921,0.251895775,0.7735574,1.68773968643344,1.28646194880066,2.16746308849902,1.0102744087861,201.997100023365,655.146370621582
"model_fits/finalized_redone_trunc_cp/its/total","mu_gamma[1]","mu_gamma[1]","pooled_mu_gamma",NA,"exp",0.0645068630928767,0.0635765,0.0487379440802392,-0.027843575,0.17422355,1.06663289862018,0.972540484548723,1.19032163248059,1.00855247768506,169.890282725995,264.498199190208
"model_fits/finalized_redone_trunc_cp/its/total","mu_gamma[2]","mu_gamma[2]","pooled_mu_gamma",NA,"exp",0.599781461695,0.6224495,0.205606589938639,0.0978919175,0.956367749999999,1.82172064114447,1.10284358057536,2.60222734643648,1.01325188828432,139.989598074159,267.748641545795
"model_fits/finalized_redone_trunc_cp/its/vegan","beta[41,1]","exposure_VLZX7K2M9QD4T_1","level","VLZX7K2M9QD4T","exp",0.146232601016667,0.146252,0.0386029239099974,0.06967074,0.225304475,1.15746538436707,1.07215510534053,1.25270407520507,1.02384872661219,141.094069515386,166.828171326933
"model_fits/finalized_redone_trunc_cp/its/vegan","beta[42,2]","exposure_SRQS8F7JWA9MZ_1","level","SRQS8F7JWA9MZ","exp",0.10051186620795,0.0997932,0.0552387348638359,-0.0034942405,0.214557225,1.10573676252859,0.996511857253929,1.23931303863397,1.03783814691113,90.2255781763744,176.232837185015
"model_fits/finalized_redone_trunc_cp/its/vegan","beta[43,2]","exposure_SRQS8F7JWA9MZ_2","level","SRQS8F7JWA9MZ","exp",0.1608564684,0.159496,0.0507297624607476,0.071807,0.268067075,1.17451637650025,1.07444795559604,1.30743483326533,1.02504264770117,139.729747961446,259.626811761415
"model_fits/finalized_redone_trunc_cp/its/vegan","beta[44,3]","exposure_2HRX9P6HKXA8V_1","level","2HRX9P6HKXA8V","exp",0.02585437676395,0.02594705,0.0657888832867607,-0.10128635,0.134103825,1.02619150026506,0.903674228717952,1.14351153856704,1.25545174619698,9.07265774512549,36.1821230921379
"model_fits/finalized_redone_trunc_cp/its/vegan","beta[45,4]","exposure_JHDN7CF1C03X5_1","level","JHDN7CF1C03X5","exp",0.0596309657740617,0.06139635,0.0405384464186987,-0.0241023725,0.130565,1.06144476481221,0.976185770064713,1.13947200316668,1.07888797985878,32.707135720975,349.50042640446
"model_fits/finalized_redone_trunc_cp/its/vegan","beta[46,5]","exposure_L69HYJ4Y3TR91_1","level","L69HYJ4Y3TR91","exp",0.136190266342535,0.117786,0.0942380694722818,-0.00989876025,0.36891255,1.14589989903736,0.990150071220747,1.44616113135388,1.06277456372204,57.1827809211662,270.64104666868
"model_fits/finalized_redone_trunc_cp/its/vegan","beta[47,6]","exposure_ED5J990H5VAZT_1","level","ED5J990H5VAZT","exp",0.17547715401,0.1518545,0.0966250096383915,0.04672331,0.417511275,1.19181476015214,1.04783204431799,1.51817852126481,1.14096959748108,16.4887964571925,169.015694851717
"model_fits/finalized_redone_trunc_cp/its/vegan","beta[48,1]","exposure_VLZX7K2M9QD4T_1_slope","slope","VLZX7K2M9QD4T","exp",-0.240746850439983,-0.2041345,0.352980608712015,-1.00884425,0.312250774999999,0.786040587032646,0.364640169005123,1.36649733343365,1.13133825122152,16.0037419165492,173.067372589236
"model_fits/finalized_redone_trunc_cp/its/vegan","beta[49,2]","exposure_SRQS8F7JWA9MZ_1_slope","slope","SRQS8F7JWA9MZ","exp",-0.53080801226556,-0.511154,0.414908530667843,-1.4387205,0.147780625,0.588129561736875,0.237231101771713,1.1592585561203,1.02955697953501,106.650936288855,119.941339594095
"model_fits/finalized_redone_trunc_cp/its/vegan","beta[50,2]","exposure_SRQS8F7JWA9MZ_2_slope","slope","SRQS8F7JWA9MZ","exp",0.7097524744715,0.6962315,0.423191978404377,-0.0193479125,1.63791025,2.03348785619054,0.980838057053553,5.14440774536408,1.03625785866938,105.49990897791,128.974085059341
"model_fits/finalized_redone_trunc_cp/its/vegan","beta[51,3]","exposure_2HRX9P6HKXA8V_1_slope","slope","2HRX9P6HKXA8V","exp",0.229178268042382,0.2208815,0.105536157034222,0.0375277475,0.43362425,1.25756620289377,1.03824080526889,1.54283903741931,1.13272139155999,17.3594744053821,59.6092451478916
"model_fits/finalized_redone_trunc_cp/its/vegan","beta[52,4]","exposure_JHDN7CF1C03X5_1_slope","slope","JHDN7CF1C03X5","exp",0.0831030893794167,0.08019025,0.0690672993047641,-0.048872695,0.221406675,1.08665382524276,0.95230235483334,1.24783078897819,1.03119617499719,93.2848085424741,241.84290336859
"model_fits/finalized_redone_trunc_cp/its/vegan","beta[53,5]","exposure_L69HYJ4Y3TR91_1_slope","slope","L69HYJ4Y3TR91","exp",0.876541154591233,0.7947205,0.657444763169634,-0.029331245,2.3367225,2.40257518195756,0.971094740907435,10.3472677566861,1.21539671855214,10.4040345241975,60.3999522470594
"model_fits/finalized_redone_trunc_cp/its/vegan","beta[54,6]","exposure_ED5J990H5VAZT_1_slope","slope","ED5J990H5VAZT","exp",0.301872546325233,0.296677,0.147652550282444,0.0367436475,0.60853815,1.35238884879612,1.03742703973195,1.83774292968937,1.03612606721086,39.925005201018,51.05220588143
"model_fits/finalized_redone_trunc_cp/its/vegan","mu_gamma[1]","mu_gamma[1]","pooled_mu_gamma",NA,"exp",0.114727434553883,0.1025255,0.0716157150227212,0.00445298875,0.298023,1.12156769530722,1.00446291803727,1.347192772957,1.11280527792349,44.9607545391671,196.584768526859
"model_fits/finalized_redone_trunc_cp/its/vegan","mu_gamma[2]","mu_gamma[2]","pooled_mu_gamma",NA,"exp",0.0917214507504667,0.07648475,0.274524436196501,-0.465728725,0.6967398,1.09605947301176,0.627677534177079,2.00719816126499,1.19193774149202,12.1453669129391,84.4232901883816
"model_fits/finalized_redone_trunc_cp/its/vegetarian","beta[41,1]","exposure_VLZX7K2M9QD4T_1","level","VLZX7K2M9QD4T","exp",0.0493933377646667,0.0493227,0.0369617058163613,-0.0248881275,0.11945255,1.05063352331806,0.975419028489918,1.1268797723534,1.00742770595527,888.513253939649,3002.65909600948
"model_fits/finalized_redone_trunc_cp/its/vegetarian","beta[42,2]","exposure_SRQS8F7JWA9MZ_1","level","SRQS8F7JWA9MZ","exp",0.170757545556667,0.16861,0.0603394245238524,0.0583169325,0.2953263,1.18620311393825,1.06005090706097,1.34356469232736,1.00558923134898,887.021931681385,2371.78920714273
"model_fits/finalized_redone_trunc_cp/its/vegetarian","beta[43,2]","exposure_SRQS8F7JWA9MZ_2","level","SRQS8F7JWA9MZ","exp",0.129861771755333,0.128338,0.0533566754094856,0.029664235,0.23805935,1.13867097595554,1.03010860146618,1.26878449295001,1.0014710377254,1223.1545167879,846.16304826744
"model_fits/finalized_redone_trunc_cp/its/vegetarian","beta[44,3]","exposure_2HRX9P6HKXA8V_1","level","2HRX9P6HKXA8V","exp",-0.135386016830387,-0.140584,0.0988991881294234,-0.320645725,0.0710120725,0.873378707728535,0.72568029584198,1.07359418675594,1.00739092510768,260.64156235156,267.537274174686
"model_fits/finalized_redone_trunc_cp/its/vegetarian","beta[45,4]","exposure_JHDN7CF1C03X5_1","level","JHDN7CF1C03X5","exp",0.101102720913833,0.1007915,0.0439352901494439,0.0130595925,0.1845663,1.1063902853477,1.01314524141867,1.20269671743396,1.00366875466987,817.773013801301,1187.59671980131
"model_fits/finalized_redone_trunc_cp/its/vegetarian","beta[46,5]","exposure_L69HYJ4Y3TR91_1","level","L69HYJ4Y3TR91","exp",0.278494946980167,0.2724105,0.12434773211683,0.0614544575,0.53605655,1.32113992963285,1.06338206634824,1.70925320004073,1.00660212143176,414.272785567601,896.348965175385
"model_fits/finalized_redone_trunc_cp/its/vegetarian","beta[47,6]","exposure_ED5J990H5VAZT_1","level","ED5J990H5VAZT","exp",0.106520793601967,0.1047025,0.0545486588459959,0.00268359725,0.218249075,1.11240105703001,1.00268720132034,1.24389685264618,1.00140001330909,2067.5959339146,3866.77943764409
"model_fits/finalized_redone_trunc_cp/its/vegetarian","beta[48,1]","exposure_VLZX7K2M9QD4T_1_slope","slope","VLZX7K2M9QD4T","exp",0.420739494573,0.3919885,0.251178905639203,-0.0391289425,1.0133185,1.52308745417596,0.961626706600324,2.75472742660834,1.00735009491093,399.278351876746,637.95761411159
"model_fits/finalized_redone_trunc_cp/its/vegetarian","beta[49,2]","exposure_SRQS8F7JWA9MZ_1_slope","slope","SRQS8F7JWA9MZ","exp",-0.613431296519667,-0.5756445,0.390508967420279,-1.458391,0.0684102274999998,0.541489666124208,0.232610243673134,1.07080449183975,1.00157577463286,876.887245078449,2466.73326030073
"model_fits/finalized_redone_trunc_cp/its/vegetarian","beta[50,2]","exposure_SRQS8F7JWA9MZ_2_slope","slope","SRQS8F7JWA9MZ","exp",0.0121415947891667,-0.02562765,0.398616943615025,-0.68885905,0.860706125,1.01221560317448,0.502148668873816,2.36482996984008,1.00336043910131,702.053428755189,2204.31905960819
"model_fits/finalized_redone_trunc_cp/its/vegetarian","beta[51,3]","exposure_2HRX9P6HKXA8V_1_slope","slope","2HRX9P6HKXA8V","exp",0.442892982290617,0.4002235,0.234410207517046,0.06734624,1.051624,1.55720567683971,1.06966577514308,2.8622957138699,1.00611207329819,164.359144137137,222.468554196896
"model_fits/finalized_redone_trunc_cp/its/vegetarian","beta[52,4]","exposure_JHDN7CF1C03X5_1_slope","slope","JHDN7CF1C03X5","exp",0.4096223794,0.4064495,0.0957314716983092,0.229393775,0.596724725,1.50624888709731,1.25783724636499,1.81616062289778,1.00566941679393,461.412623042271,1459.12245624187
"model_fits/finalized_redone_trunc_cp/its/vegetarian","beta[53,5]","exposure_L69HYJ4Y3TR91_1_slope","slope","L69HYJ4Y3TR91","exp",0.597388607935,0.48327,0.388678248337921,0.099269985,1.640026,1.81736674125894,1.10436442114114,5.15530354838446,1.00306127468147,315.333442491028,746.186937630619
"model_fits/finalized_redone_trunc_cp/its/vegetarian","beta[54,6]","exposure_ED5J990H5VAZT_1_slope","slope","ED5J990H5VAZT","exp",0.311415604816167,0.31039,0.0939414172496663,0.1232978,0.495705125,1.36535655204409,1.13122124847918,1.64165540330263,1.0024688889752,927.963750179501,2201.30176374357
"model_fits/finalized_redone_trunc_cp/its/vegetarian","mu_gamma[1]","mu_gamma[1]","pooled_mu_gamma",NA,"exp",0.0873026800767967,0.08649555,0.100655071479456,-0.10603505,0.29406825,1.09122692238549,0.899393123794475,1.34187548354352,1.00810402521669,195.985750316224,346.063819028116
"model_fits/finalized_redone_trunc_cp/its/vegetarian","mu_gamma[2]","mu_gamma[2]","pooled_mu_gamma",NA,"exp",0.388097117521167,0.373341,0.193839954065013,0.04423791,0.8770469,1.47417294535853,1.04523099621645,2.40379058064029,1.00827763504912,269.348375615244,340.88786144091
"model_fits/finalized_redone_trunc_cp/its_targeted/breakfast","beta[42,1]","exposure_2HRX9P6HKXA8V_1","level","2HRX9P6HKXA8V","exp",-0.178767264394667,-0.17689,0.104469705479876,-0.38757445,0.0309659199999999,0.83630051365561,0.678701103073291,1.03145035145955,1.00019014689066,5043.50561962305,5402.48623917715
"model_fits/finalized_redone_trunc_cp/its_targeted/breakfast","beta[43,2]","exposure_L69HYJ4Y3TR91_1","level","L69HYJ4Y3TR91","exp",-0.0954196122783333,-0.108937,0.150160674870393,-0.3610572,0.227407925,0.908991430466824,0.696939132408341,1.25534184883196,1.00087833707847,4326.63391238056,4898.693436771
"model_fits/finalized_redone_trunc_cp/its_targeted/breakfast","beta[44,3]","exposure_ED5J990H5VAZT_1","level","ED5J990H5VAZT","exp",-0.267065628048,-0.2496005,0.1640803131006,-0.625155525,0.0159449624999997,0.765622823485144,0.535178188458443,1.01607276176253,0.999835823809117,4767.77872243637,5271.1648086583
"model_fits/finalized_redone_trunc_cp/its_targeted/breakfast","beta[45,1]","exposure_2HRX9P6HKXA8V_1_slope","slope","2HRX9P6HKXA8V","exp",-0.580544939288333,-0.592008,0.214334364287311,-0.974408175,-0.126671975,0.559593339066269,0.377415651497937,0.88102262264894,1.00018768467054,2010.08992075261,2746.04411506148
"model_fits/finalized_redone_trunc_cp/its_targeted/breakfast","beta[46,2]","exposure_L69HYJ4Y3TR91_1_slope","slope","L69HYJ4Y3TR91","exp",-0.268677606987767,-0.28547,0.633367986330806,-1.52640925,1.06308125,0.764389649809909,0.217314590385509,2.89527833571198,0.999884074414089,4403.08261433064,4573.01983630321
"model_fits/finalized_redone_trunc_cp/its_targeted/breakfast","beta[47,3]","exposure_ED5J990H5VAZT_1_slope","slope","ED5J990H5VAZT","exp",0.0507343547365333,0.0513565,0.288720092677627,-0.512908275,0.619081125,1.05204338581753,0.598751709587577,1.85722070387711,1.00064740381577,4644.8174206123,3889.6623472335
"model_fits/finalized_redone_trunc_cp/its_targeted/breakfast","mu_gamma[1]","mu_gamma[1]","pooled_mu_gamma",NA,"exp",-0.171045853374933,-0.173081,0.227674313094315,-0.634781725,0.3313717,0.842782928144026,0.530051172611316,1.39287742863975,1.0004118007458,2703.00395091767,2113.50092122939
"model_fits/finalized_redone_trunc_cp/its_targeted/breakfast","mu_gamma[2]","mu_gamma[2]","pooled_mu_gamma",NA,"exp",-0.2204275372518,-0.245802,0.454508957530518,-1.080698,0.741024974999999,0.802175764616072,0.339358570674944,2.098084897342,1.00065442799972,3934.89746144297,3961.70709460106
"model_fits/finalized_redone_trunc_cp/its_targeted/textured","beta[42,1]","exposure_VLZX7K2M9QD4T_1","level","VLZX7K2M9QD4T","exp",0.199765013316667,0.2000615,0.0359504654009732,0.129727125,0.272556925,1.22111577849654,1.13851766792468,1.31331821742418,1.0098175799851,321.727858791637,620.157460263739
"model_fits/finalized_redone_trunc_cp/its_targeted/textured","beta[43,1]","exposure_VLZX7K2M9QD4T_1_slope","slope","VLZX7K2M9QD4T","exp",-0.365768822572083,-0.3707945,0.373418637263597,-1.11211225,0.367301925,0.693663141936457,0.328863584822444,1.44383378282767,1.0116819923268,207.336734111387,420.27160809388
"model_fits/finalized_redone_trunc_cp/its_targeted/textured","mu_gamma[1]","mu_gamma[1]","pooled_mu_gamma",NA,"exp",0.199765013316667,0.2000615,0.0359504654009732,0.129727125,0.272556925,1.22111577849654,1.13851766792468,1.31331821742418,1.0098175799851,321.727858791637,620.157460263739
"model_fits/finalized_redone_trunc_cp/its_targeted/textured","mu_gamma[2]","mu_gamma[2]","pooled_mu_gamma",NA,"exp",-0.365768822572083,-0.3707945,0.373418637263597,-1.11211225,0.367301925,0.693663141936457,0.328863584822444,1.44383378282767,1.0116819923268,207.336734111387,420.27160809388
"model_fits/finalized_redone_trunc_cp/its_targeted/untextured","beta[42,1]","exposure_SRQS8F7JWA9MZ_1","level","SRQS8F7JWA9MZ","exp",0.0747518749087833,0.06899685,0.0725204737726829,-0.0554923875,0.236448475,1.07761673395917,0.946019225214376,1.26674228504238,1.00216224740543,462.266654485682,1158.59340489784
"model_fits/finalized_redone_trunc_cp/its_targeted/untextured","beta[43,1]","exposure_SRQS8F7JWA9MZ_2","level","SRQS8F7JWA9MZ","exp",0.0482473353492233,0.04326,0.0687002366856166,-0.0770390525,0.19597195,1.04943018440894,0.925853695999014,1.2164927822332,1.01026319763749,343.761213175625,902.382279408592
"model_fits/finalized_redone_trunc_cp/its_targeted/untextured","beta[44,1]","exposure_SRQS8F7JWA9MZ_1_slope","slope","SRQS8F7JWA9MZ","exp",-0.667273554843167,-0.5633325,0.476031529551247,-1.8558825,0.082466209999999,0.513105626783481,0.156314933858391,1.08596197816385,1.00166907238823,297.18247874638,999.621925884874
"model_fits/finalized_redone_trunc_cp/its_targeted/untextured","beta[45,1]","exposure_SRQS8F7JWA9MZ_2_slope","slope","SRQS8F7JWA9MZ","exp",-0.134837487572558,-0.246232,0.472247733908068,-0.85784195,1.0622415,0.873857912919907,0.424076273329655,2.89284804629016,1.00249200851401,288.442250297939,1129.54394295241
"model_fits/finalized_redone_trunc_cp/its_targeted/untextured","mu_gamma[1]","mu_gamma[1]","pooled_mu_gamma",NA,"exp",0.0771771949590167,0.0581744,0.349240021719686,-0.660623525,0.90994305,1.08023347136067,0.516529165214098,2.48418105524517,1.01042910104574,181.478657553481,207.038242602592
"model_fits/finalized_redone_trunc_cp/its_targeted/untextured","mu_gamma[2]","mu_gamma[2]","pooled_mu_gamma",NA,"exp",-0.365944313495833,-0.384393,0.459237599538544,-1.3148155,0.647784649999997,0.693541421031676,0.268523861321622,1.91130193269145,1.0112403634854,176.724441195302,283.592658889877
"model_fits/finalized_redone_trunc_cp/t2_customer_gaussian_iid_day/chicken_fish","beta[41,1]","exposure_SRQS8F7JWA9MZ_1","level","SRQS8F7JWA9MZ","identity",5.41796984781333e-05,3.0500702e-05,4.12767554680227e-05,1.70476063e-05,0.0001211360285,5.41796984781333e-05,1.70476063e-05,0.0001211360285,2.30878593385429,3.82017114069191,34.4083362400405
"model_fits/finalized_redone_trunc_cp/t2_customer_gaussian_iid_day/chicken_fish","beta[42,1]","exposure_SRQS8F7JWA9MZ_2","level","SRQS8F7JWA9MZ","identity",1.29034279354761e-05,1.94172755e-06,1.98990715215696e-05,-9.58737838e-06,5.1277596575e-05,1.29034279354761e-05,-9.58737838e-06,5.1277596575e-05,1.89476264366926,4.48106197890072,12.3645487907986
"model_fits/finalized_redone_trunc_cp/t2_customer_gaussian_iid_day/chicken_fish","beta[43,2]","exposure_2HRX9P6HKXA8V_1","level","2HRX9P6HKXA8V","identity",0.0499550454963333,0.0353606975,0.0366813292059804,0.014143197625,0.10040745275,0.0499550454963333,0.014143197625,0.10040745275,2.9690371927502,3.44546307826371,17.7461345188316
"model_fits/finalized_redone_trunc_cp/t2_customer_gaussian_iid_day/chicken_fish","beta[44,3]","exposure_L69HYJ4Y3TR91_1","level","L69HYJ4Y3TR91","identity",0.0672232603833333,0.11591084,0.138620059773751,-0.12155043,0.20736940175,0.0672232603833333,-0.12155043,0.20736940175,2.65574349544428,3.57033917176383,22.7645361823025
"model_fits/finalized_redone_trunc_cp/t2_customer_gaussian_iid_day/chicken_fish","beta[45,4]","exposure_ED5J990H5VAZT_1","level","ED5J990H5VAZT","identity",0.0349035854833333,0.0183841655,0.0671520108568733,-0.0378582522,0.12414440025,0.0349035854833333,-0.0378582522,0.12414440025,2.92497463853268,3.43892020337332,15.6616018196711
"model_fits/finalized_redone_trunc_cp/t2_customer_gaussian_iid_day/chicken_fish","beta[46,5]","exposure_W8T41JZK0ZMEP_1","level","W8T41JZK0ZMEP","identity",0.016620247808,-0.01519304,0.111010848500181,-0.10060501,0.16564251,0.016620247808,-0.10060501,0.16564251,2.64222362202106,3.55558857599436,15.4444228620037
"model_fits/finalized_redone_trunc_cp/t2_customer_gaussian_iid_day/chicken_fish","beta[47,5]","exposure_W8T41JZK0ZMEP_2","level","W8T41JZK0ZMEP","identity",0.0816474888231667,0.1179482,0.05689457571208,0.00131415917,0.125750612,0.0816474888231667,0.00131415917,0.125750612,3.07544885311184,3.38796391588133,11.6663628823011
"model_fits/finalized_redone_trunc_cp/t2_customer_gaussian_iid_day/chicken_fish","beta[48,5]","exposure_W8T41JZK0ZMEP_3","level","W8T41JZK0ZMEP","identity",0.0474883979713333,0.053228777,0.0644634609575971,-0.034170183675,0.1234850605,0.0474883979713333,-0.034170183675,0.1234850605,3.07951736279101,3.39094724253188,13.1129729636852
"model_fits/finalized_redone_trunc_cp/t2_customer_gaussian_iid_day/chicken_fish","beta[49,5]","exposure_W8T41JZK0ZMEP_4","level","W8T41JZK0ZMEP","identity",0.00961008283526667,-0.004704784,0.0616396192382213,-0.057697756175,0.0912255764,0.00961008283526667,-0.057697756175,0.0912255764,2.56744269699266,3.61710636021065,17.9530753739077
"model_fits/finalized_redone_trunc_cp/t2_customer_gaussian_iid_day/chicken_fish","beta[50,5]","exposure_W8T41JZK0ZMEP_5","level","W8T41JZK0ZMEP","identity",0.105627972456,0.09960108,0.13580087585713,-0.05757755855,0.27493550075,0.105627972456,-0.05757755855,0.27493550075,3.1611090304279,3.36748720617578,11.9852236747292
"model_fits/finalized_redone_trunc_cp/t2_customer_gaussian_iid_day/chicken_fish","beta[51,6]","exposure_EMBVNVD207CC6_1","level","EMBVNVD207CC6","identity",0.009049860404,0.0558739735,0.06841480177985,-0.0876771363,0.058932367,0.009049860404,-0.0876771363,0.058932367,2.67109501654628,3.62540908634698,27.3390878582455
"model_fits/finalized_redone_trunc_cp/t2_customer_gaussian_iid_day/chicken_fish","beta[52,7]","exposure_C0BE4NDSW26QN_1","level","C0BE4NDSW26QN","identity",-0.0905954888706167,-0.11060914,0.0677089408459317,-0.16172416025,0.000498324233,-0.0905954888706167,-0.16172416025,0.000498324233,2.63396902296153,3.57702925495302,12.6992806047897
"model_fits/finalized_redone_trunc_cp/t2_customer_gaussian_iid_day/chicken_fish","beta[53,7]","exposure_C0BE4NDSW26QN_2","level","C0BE4NDSW26QN","identity",0.028027022041,0.045354318,0.0440196779126288,-0.03245911535,0.0711431316,0.028027022041,-0.03245911535,0.0711431316,2.94064491159649,3.46726129915365,15.7696797228261
"model_fits/finalized_redone_trunc_cp/t2_customer_gaussian_iid_day/chicken_fish","beta[54,8]","exposure_V3Q26BHF3SE2H_1","level","V3Q26BHF3SE2H","identity",0.0109688434813333,-0.0169402315,0.120062111704842,-0.12010648,0.1699459305,0.0109688434813333,-0.12010648,0.1699459305,2.52738551164654,3.65589564865294,25.4697884463861
"model_fits/finalized_redone_trunc_cp/t2_customer_gaussian_iid_day/chicken_fish","beta[55,8]","exposure_V3Q26BHF3SE2H_2","level","V3Q26BHF3SE2H","identity",0.105714851551333,0.13772127,0.145027952282591,-0.08571127315,0.26521704225,0.105714851551333,-0.08571127315,0.26521704225,2.7909057955545,3.49122747808651,13.577932056652
"model_fits/finalized_redone_trunc_cp/t2_customer_gaussian_iid_day/chicken_fish","beta[56,8]","exposure_V3Q26BHF3SE2H_3","level","V3Q26BHF3SE2H","identity",0.203866167080333,0.113801215,0.189853517612876,0.029885425825,0.468077715,0.203866167080333,0.029885425825,0.468077715,2.89269088276882,3.50423427054982,11.2109542235216
"model_fits/finalized_redone_trunc_cp/t2_customer_gaussian_iid_day/chicken_fish","beta[57,8]","exposure_V3Q26BHF3SE2H_4","level","V3Q26BHF3SE2H","identity",0.022403351142,0.0357505785,0.103376689190063,-0.11034370075,0.1417865705,0.022403351142,-0.11034370075,0.1417865705,2.69930054355886,3.52589153071759,11.4969037847392
"model_fits/finalized_redone_trunc_cp/t2_customer_gaussian_iid_day/chicken_fish","beta[58,9]","exposure_LBZEEFSBJNB3Z_1","level","LBZEEFSBJNB3Z","identity",0.100982486715667,0.105915,0.117764861823544,-0.04563318935,0.24273721075,0.100982486715667,-0.04563318935,0.24273721075,2.70703913129633,3.54257273201039,19.0988298246054
"model_fits/finalized_redone_trunc_cp/t2_customer_gaussian_iid_day/chicken_fish","beta[59,10]","exposure_SAFK7ND1HR6XS_1","level","SAFK7ND1HR6XS","identity",0.093545815607,0.058145823,0.063604933300757,0.03964215785,0.18292741625,0.093545815607,0.03964215785,0.18292741625,2.79702774986675,3.51023353174351,20.0096820662819
"model_fits/finalized_redone_trunc_cp/t2_customer_gaussian_iid_day/chicken_fish","beta[60,11]","exposure_S8MT0YGD2KTN9_1","level","S8MT0YGD2KTN9","identity",0.078445460574,0.0554939735,0.116937369237142,-0.0518922906,0.231808066,0.078445460574,-0.0518922906,0.231808066,2.70582771109051,3.53545619517547,19.6627162986796
"model_fits/finalized_redone_trunc_cp/t2_customer_gaussian_iid_day/chicken_fish","beta[61,12]","exposure_1SQPTEGYPH0GA_1","level","1SQPTEGYPH0GA","identity",0.00758490518533333,0.052804525,0.140149727539931,-0.18212160025,0.15214380475,0.00758490518533333,-0.18212160025,0.15214380475,2.81294159553165,3.48776958285154,16.5019206912885
"model_fits/finalized_redone_trunc_cp/t2_customer_gaussian_iid_day/chicken_fish","beta[62,13]","exposure_9XKJD8DQTH559_1","level","9XKJD8DQTH559","identity",0.0134905813846667,0.05250601,0.0682651977116092,-0.08248391695,0.070552976125,0.0134905813846667,-0.08248391695,0.070552976125,3.05953131401634,3.40161388468909,11.5281060636932
"model_fits/finalized_redone_trunc_cp/t2_customer_gaussian_iid_day/chicken_fish","beta[63,13]","exposure_9XKJD8DQTH559_2","level","9XKJD8DQTH559","identity",-0.019181771963,-0.0193145895,0.0457376307040078,-0.075140331,0.036887272775,-0.019181771963,-0.075140331,0.036887272775,2.84292911779509,3.46817933885986,15.0722051278855
"model_fits/finalized_redone_trunc_cp/t2_customer_gaussian_iid_day/chicken_fish","beta[64,14]","exposure_LQ5EH4BKGV61T_1","level","LQ5EH4BKGV61T","identity",-0.0673160045623333,-0.0760911075,0.0401736037649229,-0.11154831025,-0.014324276425,-0.0673160045623333,-0.11154831025,-0.014324276425,2.67773316394477,3.59343784752848,15.2876255797026
"model_fits/finalized_redone_trunc_cp/t2_customer_gaussian_iid_day/chicken_fish","beta[65,15]","exposure_78AY09MVJVTYE_1","level","78AY09MVJVTYE","identity",0.0230510543203333,0.032753833,0.040235093376872,-0.0303540234,0.066790656275,0.0230510543203333,-0.0303540234,0.066790656275,2.82508422684668,3.48449887173363,17.873744909294
"model_fits/finalized_redone_trunc_cp/t2_customer_gaussian_iid_day/chicken_fish","beta[66,1]","exposure_SRQS8F7JWA9MZ_1_slope","slope","SRQS8F7JWA9MZ","identity",0.000669910222741667,0.000880514155,0.000345136465232174,0.00015700264225,0.000971483164,0.000669910222741667,0.00015700264225,0.000971483164,2.35010681008276,3.92525264173639,34.5776502710532
"model_fits/finalized_redone_trunc_cp/t2_customer_gaussian_iid_day/chicken_fish","beta[67,1]","exposure_SRQS8F7JWA9MZ_2_slope","slope","SRQS8F7JWA9MZ","identity",-3.28703171914813e-05,-2.6764421e-05,4.43404981913139e-05,-9.92035405e-05,4.7041050925e-05,-3.28703171914813e-05,-9.92035405e-05,4.7041050925e-05,1.58538441865323,8.02273106412561,35.3462689954394
"model_fits/finalized_redone_trunc_cp/t2_customer_gaussian_iid_day/chicken_fish","beta[68,2]","exposure_2HRX9P6HKXA8V_1_slope","slope","2HRX9P6HKXA8V","identity",0.0131927545297,-0.00532083765,0.123014463499662,-0.1273624305,0.17222862025,0.0131927545297,-0.1273624305,0.17222862025,2.52570874524798,3.63611960859468,31.3325254327563
"model_fits/finalized_redone_trunc_cp/t2_customer_gaussian_iid_day/chicken_fish","beta[69,3]","exposure_L69HYJ4Y3TR91_1_slope","slope","L69HYJ4Y3TR91","identity",-0.13093882085,-0.156997715,0.188571663737893,-0.3477873055,0.11189014025,-0.13093882085,-0.3477873055,0.11189014025,2.70410336923932,3.55901236429596,27.1280785304269
"model_fits/finalized_redone_trunc_cp/t2_customer_gaussian_iid_day/chicken_fish","beta[70,4]","exposure_ED5J990H5VAZT_1_slope","slope","ED5J990H5VAZT","identity",0.025836220768,0.030557125,0.0430614891498568,-0.029146535925,0.076092926175,0.025836220768,-0.029146535925,0.076092926175,2.52150506614818,3.63241952688167,15.2430496076763
"model_fits/finalized_redone_trunc_cp/t2_customer_gaussian_iid_day/chicken_fish","beta[71,5]","exposure_W8T41JZK0ZMEP_1_slope","slope","W8T41JZK0ZMEP","identity",-0.131030550927,-0.0768385535,0.108234514051543,-0.28212634075,-0.034126176075,-0.131030550927,-0.28212634075,-0.034126176075,2.69403089044252,3.55020488616109,15.6343894771413
"model_fits/finalized_redone_trunc_cp/t2_customer_gaussian_iid_day/chicken_fish","beta[72,5]","exposure_W8T41JZK0ZMEP_2_slope","slope","W8T41JZK0ZMEP","identity",-0.0786895161426333,-0.121609485,0.0620217307854807,-0.123494682,0.0090527125575,-0.0786895161426333,-0.123494682,0.0090527125575,2.60245333826306,3.60509191288842,18.1988514101162
"model_fits/finalized_redone_trunc_cp/t2_customer_gaussian_iid_day/chicken_fish","beta[73,5]","exposure_W8T41JZK0ZMEP_3_slope","slope","W8T41JZK0ZMEP","identity",0.064668920742,0.0542169495,0.0233019778633131,0.042767628375,0.097001174975,0.064668920742,0.042767628375,0.097001174975,2.40162564449696,3.72921394158686,27.707363299475
"model_fits/finalized_redone_trunc_cp/t2_customer_gaussian_iid_day/chicken_fish","beta[74,5]","exposure_W8T41JZK0ZMEP_4_slope","slope","W8T41JZK0ZMEP","identity",-0.0407582846983333,0.016176996,0.13367563016962,-0.22535629275,0.086885218425,-0.0407582846983333,-0.22535629275,0.086885218425,2.62850783177562,3.58465257759972,11.4639187454838
"model_fits/finalized_redone_trunc_cp/t2_customer_gaussian_iid_day/chicken_fish","beta[75,5]","exposure_W8T41JZK0ZMEP_5_slope","slope","W8T41JZK0ZMEP","identity",0.0314519065056667,0.030705557,0.058970155016474,-0.040436387125,0.1040512075,0.0314519065056667,-0.040436387125,0.1040512075,2.41650939750849,3.7152222021609,39.7751396103037
"model_fits/finalized_redone_trunc_cp/t2_customer_gaussian_iid_day/chicken_fish","beta[76,6]","exposure_EMBVNVD207CC6_1_slope","slope","EMBVNVD207CC6","identity",-0.133025813652667,-0.0794341195,0.126804858676851,-0.30806751175,-0.01160555925,-0.133025813652667,-0.30806751175,-0.01160555925,2.79517937046726,3.50560316666002,17.2216681241365
"model_fits/finalized_redone_trunc_cp/t2_customer_gaussian_iid_day/chicken_fish","beta[77,7]","exposure_C0BE4NDSW26QN_1_slope","slope","C0BE4NDSW26QN","identity",0.0131054252746667,0.081061235,0.1065861729546,-0.137409754,0.0956774987,0.0131054252746667,-0.137409754,0.0956774987,2.37677451001624,3.73940048605651,24.4388175522908
"model_fits/finalized_redone_trunc_cp/t2_customer_gaussian_iid_day/chicken_fish","beta[78,7]","exposure_C0BE4NDSW26QN_2_slope","slope","C0BE4NDSW26QN","identity",0.131879312094,0.16014956,0.0507994733459558,0.06048450985,0.17493426925,0.131879312094,0.06048450985,0.17493426925,2.75048691390865,3.52401162630815,13.2892512348315
"model_fits/finalized_redone_trunc_cp/t2_customer_gaussian_iid_day/chicken_fish","beta[79,8]","exposure_V3Q26BHF3SE2H_1_slope","slope","V3Q26BHF3SE2H","identity",-0.0193169921326667,-0.0141789585,0.0508233328641432,-0.084016093075,0.040171624,-0.0193169921326667,-0.084016093075,0.040171624,2.45354319205242,3.66749818632641,18.2705266799482
"model_fits/finalized_redone_trunc_cp/t2_customer_gaussian_iid_day/chicken_fish","beta[80,8]","exposure_V3Q26BHF3SE2H_2_slope","slope","V3Q26BHF3SE2H","identity",-0.0463336585343333,-0.029049957,0.0734694547528189,-0.14376133075,0.03377932415,-0.0463336585343333,-0.14376133075,0.03377932415,2.55758453793732,3.62063541456357,11.9161380507566
"model_fits/finalized_redone_trunc_cp/t2_customer_gaussian_iid_day/chicken_fish","beta[81,8]","exposure_V3Q26BHF3SE2H_3_slope","slope","V3Q26BHF3SE2H","identity",0.0138261803064667,0.0070981191,0.0733790813818367,-0.0724936103,0.10689895125,0.0138261803064667,-0.0724936103,0.10689895125,2.38887582053556,3.71271287154259,29.2734001986971
"model_fits/finalized_redone_trunc_cp/t2_customer_gaussian_iid_day/chicken_fish","beta[82,8]","exposure_V3Q26BHF3SE2H_4_slope","slope","V3Q26BHF3SE2H","identity",-0.110287943442,-0.0407564715,0.170889836518788,-0.345513441,0.055390822575,-0.110287943442,-0.345513441,0.055390822575,2.57548546086018,3.6090535807099,15.7945074709728
"model_fits/finalized_redone_trunc_cp/t2_customer_gaussian_iid_day/chicken_fish","beta[83,9]","exposure_LBZEEFSBJNB3Z_1_slope","slope","LBZEEFSBJNB3Z","identity",0.0177017579953333,0.0203257395,0.0677885184847834,-0.066658069825,0.09935835365,0.0177017579953333,-0.066658069825,0.09935835365,2.54054783290129,3.62292501942978,14.4532400022341
"model_fits/finalized_redone_trunc_cp/t2_customer_gaussian_iid_day/chicken_fish","beta[84,10]","exposure_SAFK7ND1HR6XS_1_slope","slope","SAFK7ND1HR6XS","identity",0.003898919077,-0.021141136,0.132666455627364,-0.14463509175,0.1774671135,0.003898919077,-0.14463509175,0.1774671135,2.38583907354382,3.71805233783736,18.2723173419975
"model_fits/finalized_redone_trunc_cp/t2_customer_gaussian_iid_day/chicken_fish","beta[85,11]","exposure_S8MT0YGD2KTN9_1_slope","slope","S8MT0YGD2KTN9","identity",0.0642994245073333,-0.0225779115,0.133999674391265,-0.038118053325,0.25355615425,0.0642994245073333,-0.038118053325,0.25355615425,2.43419032004339,3.71057635927445,31.2671230963334
"model_fits/finalized_redone_trunc_cp/t2_customer_gaussian_iid_day/chicken_fish","beta[86,12]","exposure_1SQPTEGYPH0GA_1_slope","slope","1SQPTEGYPH0GA","identity",0.00128215433533333,0.0412652175,0.0657037660335554,-0.091398518775,0.05394690385,0.00128215433533333,-0.091398518775,0.05394690385,2.66651052185841,3.555800063652,11.766984540946
"model_fits/finalized_redone_trunc_cp/t2_customer_gaussian_iid_day/chicken_fish","beta[87,13]","exposure_9XKJD8DQTH559_1_slope","slope","9XKJD8DQTH559","identity",0.0237463321253333,-0.046587804,0.125957525753205,-0.08284161875,0.20060153125,0.0237463321253333,-0.08284161875,0.20060153125,2.49854069046921,3.64976405147377,16.8069782016629
"model_fits/finalized_redone_trunc_cp/t2_customer_gaussian_iid_day/chicken_fish","beta[88,13]","exposure_9XKJD8DQTH559_2_slope","slope","9XKJD8DQTH559","identity",0.0682119098973333,0.012858902,0.142983809996998,-0.072549686425,0.26431644,0.0682119098973333,-0.072549686425,0.26431644,2.72680707994228,3.51221481400741,11.2280735524532
"model_fits/finalized_redone_trunc_cp/t2_customer_gaussian_iid_day/chicken_fish","beta[89,14]","exposure_LQ5EH4BKGV61T_1_slope","slope","LQ5EH4BKGV61T","identity",0.127964804482333,0.210238715,0.148920355282653,-0.081072702775,0.254778513,0.127964804482333,-0.081072702775,0.254778513,2.71627882814016,3.53598902896284,11.1809706589461
"model_fits/finalized_redone_trunc_cp/t2_customer_gaussian_iid_day/chicken_fish","beta[90,15]","exposure_78AY09MVJVTYE_1_slope","slope","78AY09MVJVTYE","identity",0.0148240048377374,-9.64402055e-05,0.0248400627849108,-0.00529194559,0.049872377725,0.0148240048377374,-0.00529194559,0.049872377725,2.38633352145802,3.71281534749932,22.8057786834314
"model_fits/finalized_redone_trunc_cp/t2_customer_gaussian_iid_day/chicken_fish","beta[91,1]","exposure_SRQS8F7JWA9MZ_1_gendermale","gender_male","SRQS8F7JWA9MZ","identity",-6.2049738776722e-06,-2.12901255e-06,9.5701068064514e-06,-2.2223164975e-05,8.369412505e-06,-6.2049738776722e-06,-2.2223164975e-05,8.369412505e-06,1.69235809770085,4.82194461370139,22.9468481114369
"model_fits/finalized_redone_trunc_cp/t2_customer_gaussian_iid_day/chicken_fish","beta[92,1]","exposure_SRQS8F7JWA9MZ_1_genderfemale","gender_female","SRQS8F7JWA9MZ","identity",1.9806672888147e-05,3.987973e-06,2.59752340508785e-05,-6.5993892325e-06,6.027937855e-05,1.9806672888147e-05,-6.5993892325e-06,6.027937855e-05,1.8684896170255,4.61226571816861,17.3186605845318
"model_fits/finalized_redone_trunc_cp/t2_customer_gaussian_iid_day/chicken_fish","beta[93,1]","exposure_SRQS8F7JWA9MZ_2_gendermale","gender_male","SRQS8F7JWA9MZ","identity",5.38967143710417e-06,1.64056775e-06,9.31459714157621e-06,-9.7905950725e-06,2.0348863425e-05,5.38967143710417e-06,-9.7905950725e-06,2.0348863425e-05,1.69420846858317,4.91534509604702,69.4133851719004
"model_fits/finalized_redone_trunc_cp/t2_customer_gaussian_iid_day/chicken_fish","beta[94,1]","exposure_SRQS8F7JWA9MZ_2_genderfemale","gender_female","SRQS8F7JWA9MZ","identity",-2.10115558153081e-05,-4.34729165e-06,2.70535024631387e-05,-6.26986247e-05,6.641391605e-06,-2.10115558153081e-05,-6.26986247e-05,6.641391605e-06,1.80895622490451,4.78511997621965,13.644553285006
"model_fits/finalized_redone_trunc_cp/t2_customer_gaussian_iid_day/chicken_fish","beta[95,2]","exposure_2HRX9P6HKXA8V_1_gendermale","gender_male","2HRX9P6HKXA8V","identity",-0.0596142506946667,-0.047194685,0.0306544425193058,-0.10185698275,-0.029856642475,-0.0596142506946667,-0.10185698275,-0.029856642475,2.62622697488817,3.56757181353943,11.0067957814904
"model_fits/finalized_redone_trunc_cp/t2_customer_gaussian_iid_day/chicken_fish","beta[96,2]","exposure_2HRX9P6HKXA8V_1_genderfemale","gender_female","2HRX9P6HKXA8V","identity",-0.0233433397136667,-0.0253635375,0.0302458910704046,-0.05933499525,0.014722425075,-0.0233433397136667,-0.05933499525,0.014722425075,3.10283827045774,3.39828231461328,11.8897917931884
"model_fits/finalized_redone_trunc_cp/t2_customer_gaussian_iid_day/chicken_fish","beta[97,3]","exposure_L69HYJ4Y3TR91_1_gendermale","gender_male","L69HYJ4Y3TR91","identity",0.007511831518,0.037838721,0.101796005517853,-0.1295796135,0.11420787,0.007511831518,-0.1295796135,0.11420787,2.64000135539843,3.57314090639302,17.0928244399803
"model_fits/finalized_redone_trunc_cp/t2_customer_gaussian_iid_day/chicken_fish","beta[98,3]","exposure_L69HYJ4Y3TR91_1_genderfemale","gender_female","L69HYJ4Y3TR91","identity",-0.112295505268333,-0.12087391,0.0334403806042482,-0.14828174025,-0.067728477475,-0.112295505268333,-0.14828174025,-0.067728477475,2.75434256941271,3.52020801961382,12.2326909166776
"model_fits/finalized_redone_trunc_cp/t2_customer_gaussian_iid_day/chicken_fish","beta[99,4]","exposure_ED5J990H5VAZT_1_gendermale","gender_male","ED5J990H5VAZT","identity",-0.0321289830902,-0.036860562,0.0254704485273615,-0.060690153675,0.001159984315,-0.0321289830902,-0.060690153675,0.001159984315,2.46925747863183,3.68710129642216,34.9200656641149
"model_fits/finalized_redone_trunc_cp/t2_customer_gaussian_iid_day/chicken_fish","beta[100,4]","exposure_ED5J990H5VAZT_1_genderfemale","gender_female","ED5J990H5VAZT","identity",-0.0226031116137667,-0.014631173,0.0187102146641553,-0.048454580725,-0.00474324313,-0.0226031116137667,-0.048454580725,-0.00474324313,2.69013975360001,3.53840447164473,13.2669317564143
"model_fits/finalized_redone_trunc_cp/t2_customer_gaussian_iid_day/chicken_fish","beta[101,5]","exposure_W8T41JZK0ZMEP_1_gendermale","gender_male","W8T41JZK0ZMEP","identity",0.162306912706667,0.082384128,0.329211351375993,-0.19489450075,0.59962738725,0.162306912706667,-0.19489450075,0.59962738725,2.68904379715136,3.52617422036562,11.6704716458103
"model_fits/finalized_redone_trunc_cp/t2_customer_gaussian_iid_day/chicken_fish","beta[102,5]","exposure_W8T41JZK0ZMEP_1_genderfemale","gender_female","W8T41JZK0ZMEP","identity",-0.0056172124867,0.00574508655,0.103122161006633,-0.13720029025,0.1146065305,-0.0056172124867,-0.13720029025,0.1146065305,2.73561418779884,3.58374278379321,17.2135257508949
"model_fits/finalized_redone_trunc_cp/t2_customer_gaussian_iid_day/chicken_fish","beta[103,5]","exposure_W8T41JZK0ZMEP_2_gendermale","gender_male","W8T41JZK0ZMEP","identity",-0.011016148008,-0.048004068,0.0904336864540703,-0.0985999449,0.11348607025,-0.011016148008,-0.0985999449,0.11348607025,2.47710542340281,3.67728027180732,36.521634898328
"model_fits/finalized_redone_trunc_cp/t2_customer_gaussian_iid_day/chicken_fish","beta[104,5]","exposure_W8T41JZK0ZMEP_2_genderfemale","gender_female","W8T41JZK0ZMEP","identity",-0.114521177382,-0.140927235,0.11480275553981,-0.240024782,0.03740033135,-0.114521177382,-0.240024782,0.03740033135,2.66575874637879,3.53182529465532,25.8267635717292
"model_fits/finalized_redone_trunc_cp/t2_customer_gaussian_iid_day/chicken_fish","beta[105,5]","exposure_W8T41JZK0ZMEP_3_gendermale","gender_male","W8T41JZK0ZMEP","identity",-0.121115215077667,-0.11022099,0.148986800291088,-0.30881515975,0.055638430425,-0.121115215077667,-0.30881515975,0.055638430425,2.4195951033959,3.67499248460685,21.350903635618
"model_fits/finalized_redone_trunc_cp/t2_customer_gaussian_iid_day/chicken_fish","beta[106,5]","exposure_W8T41JZK0ZMEP_3_genderfemale","gender_female","W8T41JZK0ZMEP","identity",0.166558375313333,0.15835176,0.0351351908768599,0.1282143595,0.21310338025,0.166558375313333,0.1282143595,0.21310338025,2.72383567786894,3.52529992873494,13.8752051333684
"model_fits/finalized_redone_trunc_cp/t2_customer_gaussian_iid_day/chicken_fish","beta[107,5]","exposure_W8T41JZK0ZMEP_4_gendermale","gender_male","W8T41JZK0ZMEP","identity",0.10831870781,0.0904503905,0.0440249121444572,0.065543289925,0.1689202,0.10831870781,0.065543289925,0.1689202,2.74527428591141,3.52635768627657,16.5863439506252
"model_fits/finalized_redone_trunc_cp/t2_customer_gaussian_iid_day/chicken_fish","beta[108,5]","exposure_W8T41JZK0ZMEP_4_genderfemale","gender_female","W8T41JZK0ZMEP","identity",0.087192123732,0.091003737,0.0310711531462133,0.047376979975,0.12323506175,0.087192123732,0.047376979975,0.12323506175,2.7409955443737,3.54010831406464,14.5469719229255
"model_fits/finalized_redone_trunc_cp/t2_customer_gaussian_iid_day/chicken_fish","beta[109,5]","exposure_W8T41JZK0ZMEP_5_gendermale","gender_male","W8T41JZK0ZMEP","identity",-0.0213896704126667,0.0876102355,0.207682827321083,-0.31211871975,0.16027433,-0.0213896704126667,-0.31211871975,0.16027433,3.26225960937026,3.38705605220406,15.7443548126766
"model_fits/finalized_redone_trunc_cp/t2_customer_gaussian_iid_day/chicken_fish","beta[110,5]","exposure_W8T41JZK0ZMEP_5_genderfemale","gender_female","W8T41JZK0ZMEP","identity",-0.0703596223796667,-0.12620658,0.109481564005475,-0.16746167,0.082617050775,-0.0703596223796667,-0.16746167,0.082617050775,2.7316668584581,3.54297643499815,12.0588184451785
"model_fits/finalized_redone_trunc_cp/t2_customer_gaussian_iid_day/chicken_fish","beta[111,6]","exposure_EMBVNVD207CC6_1_gendermale","gender_male","EMBVNVD207CC6","identity",0.0530963901519333,0.0181345565,0.0649674195809877,-0.0030017646,0.14414931,0.0530963901519333,-0.0030017646,0.14414931,2.75543628141766,3.51551595584703,22.4445474395901
"model_fits/finalized_redone_trunc_cp/t2_customer_gaussian_iid_day/chicken_fish","beta[112,6]","exposure_EMBVNVD207CC6_1_genderfemale","gender_female","EMBVNVD207CC6","identity",0.0409837333446667,-0.0362302045,0.1771926526918,-0.12684962525,0.286025341,0.0409837333446667,-0.12684962525,0.286025341,2.58520277413406,3.58204983689593,21.8338041216524
"model_fits/finalized_redone_trunc_cp/t2_customer_gaussian_iid_day/chicken_fish","beta[113,7]","exposure_C0BE4NDSW26QN_1_gendermale","gender_male","C0BE4NDSW26QN","identity",0.00754280329,0.114938995,0.159804268216353,-0.21833794,0.1260074075,0.00754280329,-0.21833794,0.1260074075,2.49447170169785,3.61283703693048,27.0973330732484
"model_fits/finalized_redone_trunc_cp/t2_customer_gaussian_iid_day/chicken_fish","beta[114,7]","exposure_C0BE4NDSW26QN_1_genderfemale","gender_female","C0BE4NDSW26QN","identity",0.00495570504566667,-0.019022358,0.0498128317669017,-0.040421289525,0.074347962625,0.00495570504566667,-0.040421289525,0.074347962625,3.58946561843072,3.3287984955137,21.3154241370718
"model_fits/finalized_redone_trunc_cp/t2_customer_gaussian_iid_day/chicken_fish","beta[115,7]","exposure_C0BE4NDSW26QN_2_gendermale","gender_male","C0BE4NDSW26QN","identity",-0.049833186476,-0.089292699,0.0984782621144387,-0.1458455005,0.085553433225,-0.049833186476,-0.1458455005,0.085553433225,2.74043875049562,3.51823352000009,21.9791030107928
"model_fits/finalized_redone_trunc_cp/t2_customer_gaussian_iid_day/chicken_fish","beta[116,7]","exposure_C0BE4NDSW26QN_2_genderfemale","gender_female","C0BE4NDSW26QN","identity",-0.0278347264922333,-0.0287629345,0.0178721588330097,-0.049251581,-0.0054994224325,-0.0278347264922333,-0.049251581,-0.0054994224325,2.61894661298505,3.55649029306688,16.4645025984293
"model_fits/finalized_redone_trunc_cp/t2_customer_gaussian_iid_day/chicken_fish","beta[117,8]","exposure_V3Q26BHF3SE2H_1_gendermale","gender_male","V3Q26BHF3SE2H","identity",-0.0962220203936667,-0.129241535,0.0929284693690386,-0.1899590945,0.0304370717,-0.0962220203936667,-0.1899590945,0.0304370717,2.54361368256014,3.59511017699041,11.0962194514704
"model_fits/finalized_redone_trunc_cp/t2_customer_gaussian_iid_day/chicken_fish","beta[118,8]","exposure_V3Q26BHF3SE2H_1_genderfemale","gender_female","V3Q26BHF3SE2H","identity",-0.0487436619576667,-0.0063817804,0.141902319672477,-0.239781251,0.09994212715,-0.0487436619576667,-0.239781251,0.09994212715,2.61749339478256,3.5632053690563,11.2980299176179
"model_fits/finalized_redone_trunc_cp/t2_customer_gaussian_iid_day/chicken_fish","beta[119,8]","exposure_V3Q26BHF3SE2H_2_gendermale","gender_male","V3Q26BHF3SE2H","identity",0.0798350977856667,-0.0220490215,0.21102437785011,-0.11211133,0.3737689115,0.0798350977856667,-0.11211133,0.3737689115,2.52069684532856,3.62145898197273,15.47071508961
"model_fits/finalized_redone_trunc_cp/t2_customer_gaussian_iid_day/chicken_fish","beta[120,8]","exposure_V3Q26BHF3SE2H_2_genderfemale","gender_female","V3Q26BHF3SE2H","identity",-0.0865442659090333,-0.0814251285,0.075026360695645,-0.18088155175,0.00266750603,-0.0865442659090333,-0.18088155175,0.00266750603,2.92519300993106,3.45853708830728,14.196621435172
"model_fits/finalized_redone_trunc_cp/t2_customer_gaussian_iid_day/chicken_fish","beta[121,8]","exposure_V3Q26BHF3SE2H_3_gendermale","gender_male","V3Q26BHF3SE2H","identity",-0.057786504025,-0.0878024345,0.0495780728846293,-0.097649377,0.01208858715,-0.057786504025,-0.097649377,0.01208858715,2.42958537989115,3.6725635431584,25.3862186459796
"model_fits/finalized_redone_trunc_cp/t2_customer_gaussian_iid_day/chicken_fish","beta[122,8]","exposure_V3Q26BHF3SE2H_3_genderfemale","gender_female","V3Q26BHF3SE2H","identity",0.0655423812499633,-0.00036724918,0.121733311338737,-0.039212667125,0.23620804525,0.0655423812499633,-0.039212667125,0.23620804525,2.38699682864395,3.71547972879784,24.1975541040406
"model_fits/finalized_redone_trunc_cp/t2_customer_gaussian_iid_day/chicken_fish","beta[123,8]","exposure_V3Q26BHF3SE2H_4_gendermale","gender_male","V3Q26BHF3SE2H","identity",-0.222265268287667,-0.159962065,0.19148474953311,-0.48172904075,-0.025221480325,-0.222265268287667,-0.48172904075,-0.025221480325,2.91891087346069,3.43653857925851,15.0201806411272
"model_fits/finalized_redone_trunc_cp/t2_customer_gaussian_iid_day/chicken_fish","beta[124,8]","exposure_V3Q26BHF3SE2H_4_genderfemale","gender_female","V3Q26BHF3SE2H","identity",-9.28623111333331e-05,0.00451850485,0.0710965409142699,-0.08944365545,0.084574813925,-9.28623111333331e-05,-0.08944365545,0.084574813925,2.79234862107603,3.51217563860874,11.7736591126709
"model_fits/finalized_redone_trunc_cp/t2_customer_gaussian_iid_day/chicken_fish","beta[125,9]","exposure_LBZEEFSBJNB3Z_1_gendermale","gender_male","LBZEEFSBJNB3Z","identity",-0.018377300263,0.038677153,0.0942125161625825,-0.15121607925,0.057363984675,-0.018377300263,-0.15121607925,0.057363984675,2.80172759881668,3.49053082470428,11.81147226368
"model_fits/finalized_redone_trunc_cp/t2_customer_gaussian_iid_day/chicken_fish","beta[126,9]","exposure_LBZEEFSBJNB3Z_1_genderfemale","gender_female","LBZEEFSBJNB3Z","identity",-0.0433240132046667,0.016002886,0.184120912152269,-0.29252372025,0.14658509025,-0.0433240132046667,-0.29252372025,0.14658509025,2.51303618848854,3.66708320035601,33.7298951792449
"model_fits/finalized_redone_trunc_cp/t2_customer_gaussian_iid_day/chicken_fish","beta[127,10]","exposure_SAFK7ND1HR6XS_1_gendermale","gender_male","SAFK7ND1HR6XS","identity",0.0896288620493333,0.0887239405,0.0494419130789543,0.029540656475,0.15066626225,0.0896288620493333,0.029540656475,0.15066626225,2.52631816820587,3.59734635409731,16.8005799328111
"model_fits/finalized_redone_trunc_cp/t2_customer_gaussian_iid_day/chicken_fish","beta[128,10]","exposure_SAFK7ND1HR6XS_1_genderfemale","gender_female","SAFK7ND1HR6XS","identity",-0.0884576265003333,-0.0747820875,0.0370782116819659,-0.13913433025,-0.05145523895,-0.0884576265003333,-0.13913433025,-0.05145523895,2.68094310855386,3.55474858050392,11.9138097984794
"model_fits/finalized_redone_trunc_cp/t2_customer_gaussian_iid_day/chicken_fish","beta[129,11]","exposure_S8MT0YGD2KTN9_1_gendermale","gender_male","S8MT0YGD2KTN9","identity",0.00250590309233333,0.00185043125,0.0409752702006195,-0.047373954175,0.0530195872,0.00250590309233333,-0.047373954175,0.0530195872,2.85852572501544,3.47516584385869,18.6559484101438
"model_fits/finalized_redone_trunc_cp/t2_customer_gaussian_iid_day/chicken_fish","beta[130,11]","exposure_S8MT0YGD2KTN9_1_genderfemale","gender_female","S8MT0YGD2KTN9","identity",-0.156392075064333,-0.16524442,0.0616108410621259,-0.22704897175,-0.076853472325,-0.156392075064333,-0.22704897175,-0.076853472325,2.90843943951634,3.44933802731928,11.1784709358352
"model_fits/finalized_redone_trunc_cp/t2_customer_gaussian_iid_day/chicken_fish","beta[131,12]","exposure_1SQPTEGYPH0GA_1_gendermale","gender_male","1SQPTEGYPH0GA","identity",-0.082181484607,-0.08509998,0.0422082400429545,-0.13241852025,-0.029095345725,-0.082181484607,-0.13241852025,-0.029095345725,2.43255543549606,3.66659122636409,17.6416676909481
"model_fits/finalized_redone_trunc_cp/t2_customer_gaussian_iid_day/chicken_fish","beta[132,12]","exposure_1SQPTEGYPH0GA_1_genderfemale","gender_female","1SQPTEGYPH0GA","identity",-0.095115650747,-0.103812495,0.0390639431543814,-0.1380280455,-0.0435270535,-0.095115650747,-0.1380280455,-0.0435270535,2.66635471677612,3.53347806461862,17.4006714454512
"model_fits/finalized_redone_trunc_cp/t2_customer_gaussian_iid_day/chicken_fish","beta[133,13]","exposure_9XKJD8DQTH559_1_gendermale","gender_male","9XKJD8DQTH559","identity",0.054368743956,0.079078747,0.189295026108304,-0.18880692025,0.272972444,0.054368743956,-0.18880692025,0.272972444,3.03971606852301,3.40215482829503,11.3837462908974
"model_fits/finalized_redone_trunc_cp/t2_customer_gaussian_iid_day/chicken_fish","beta[134,13]","exposure_9XKJD8DQTH559_1_genderfemale","gender_female","9XKJD8DQTH559","identity",0.0332086565756667,0.048034638,0.131338191072148,-0.13454783025,0.18613209025,0.0332086565756667,-0.13454783025,0.18613209025,2.78393786457187,3.49970813525916,21.253731205857
"model_fits/finalized_redone_trunc_cp/t2_customer_gaussian_iid_day/chicken_fish","beta[135,13]","exposure_9XKJD8DQTH559_2_gendermale","gender_male","9XKJD8DQTH559","identity",-0.0858847109966,-0.10189748,0.0635414055164821,-0.15445421325,-0.001310464855,-0.0858847109966,-0.15445421325,-0.001310464855,2.64410929122976,3.54595278896207,12.0931466894147
"model_fits/finalized_redone_trunc_cp/t2_customer_gaussian_iid_day/chicken_fish","beta[136,13]","exposure_9XKJD8DQTH559_2_genderfemale","gender_female","9XKJD8DQTH559","identity",-0.0567097400166667,-0.1444853,0.171697185836976,-0.2088835305,0.1832235405,-0.0567097400166667,-0.2088835305,0.1832235405,2.66967405600425,3.53915076148115,11.2261688233533
"model_fits/finalized_redone_trunc_cp/t2_customer_gaussian_iid_day/chicken_fish","beta[137,14]","exposure_LQ5EH4BKGV61T_1_gendermale","gender_male","LQ5EH4BKGV61T","identity",-0.00417992871233333,0.0714729865,0.119830077676414,-0.17332779025,0.089293087325,-0.00417992871233333,-0.17332779025,0.089293087325,2.70048081853211,3.53820454039257,11.0466442736716
"model_fits/finalized_redone_trunc_cp/t2_customer_gaussian_iid_day/chicken_fish","beta[138,14]","exposure_LQ5EH4BKGV61T_1_genderfemale","gender_female","LQ5EH4BKGV61T","identity",-0.04836743694,-0.13424124,0.13605105851962,-0.154531503,0.1436587815,-0.04836743694,-0.154531503,0.1436587815,2.47585830927874,3.64621273777833,22.8094533325508
"model_fits/finalized_redone_trunc_cp/t2_customer_gaussian_iid_day/chicken_fish","beta[139,15]","exposure_78AY09MVJVTYE_1_gendermale","gender_male","78AY09MVJVTYE","identity",-0.0405996972987,-0.061538405,0.0302735868736617,-0.062477542075,0.0022069861175,-0.0405996972987,-0.062477542075,0.0022069861175,2.53211285603905,3.59353293747868,11.1351429640385
"model_fits/finalized_redone_trunc_cp/t2_customer_gaussian_iid_day/chicken_fish","beta[140,15]","exposure_78AY09MVJVTYE_1_genderfemale","gender_female","78AY09MVJVTYE","identity",-0.0692654583816667,-0.0720283965,0.0180489194129293,-0.089873788075,-0.045907313925,-0.0692654583816667,-0.089873788075,-0.045907313925,2.70417343134645,3.51605235506456,21.4216095565472
"model_fits/finalized_redone_trunc_cp/t2_customer_gaussian_iid_day/chicken_fish","mu_gamma[1]","mu_gamma[1]","pooled_mu_gamma",NA,"identity",0.057878880279,0.0802115175,0.0586755652380176,-0.022491820725,0.11597049025,0.057878880279,-0.022491820725,0.11597049025,2.79714950781998,3.48849435999126,13.8691754202102
"model_fits/finalized_redone_trunc_cp/t2_customer_gaussian_iid_day/chicken_fish","mu_gamma[2]","mu_gamma[2]","pooled_mu_gamma",NA,"identity",0.0285491424653333,-0.0139010065,0.0624021313378355,-0.017275322175,0.11675954,0.0285491424653333,-0.017275322175,0.11675954,2.53378444887143,3.62491780838906,11.8043794666282
"model_fits/finalized_redone_trunc_cp/t2_customer_gaussian_iid_day/chicken_fish","mu_gamma[3]","mu_gamma[3]","pooled_mu_gamma",NA,"identity",0.00664371990382,0.000345096495,0.0239461338657344,-0.0190579111,0.038607846275,0.00664371990382,-0.0190579111,0.038607846275,2.45909514839359,3.6587773071735,18.459561500932
"model_fits/finalized_redone_trunc_cp/t2_customer_gaussian_iid_day/chicken_fish","mu_gamma[4]","mu_gamma[4]","pooled_mu_gamma",NA,"identity",-0.0821271922036667,-0.0880757825,0.0107209070010056,-0.09126033585,-0.067069780925,-0.0821271922036667,-0.09126033585,-0.067069780925,3.04453080080277,3.40864287558925,11.9090047410376
"model_fits/finalized_redone_trunc_cp/t2_customer_gaussian_iid_day/meat","beta[41,1]","exposure_SRQS8F7JWA9MZ_1","level","SRQS8F7JWA9MZ","identity",-0.010545963702155,-0.0121368865,0.0633524197293854,-0.13414578875,0.11376111325,-0.010545963702155,-0.13414578875,0.11376111325,1.0041936088073,626.569864663055,1111.40193422741
"model_fits/finalized_redone_trunc_cp/t2_customer_gaussian_iid_day/meat","beta[42,1]","exposure_SRQS8F7JWA9MZ_2","level","SRQS8F7JWA9MZ","identity",-0.072719815866777,-0.072576441,0.0655471929782245,-0.2059089575,0.053951447325,-0.072719815866777,-0.2059089575,0.053951447325,1.00315207773088,716.67878192989,1678.65089609076
"model_fits/finalized_redone_trunc_cp/t2_customer_gaussian_iid_day/meat","beta[43,2]","exposure_2HRX9P6HKXA8V_1","level","2HRX9P6HKXA8V","identity",-0.0233473663818309,-0.0202451165,0.0585839387561923,-0.151244962,0.088482991325,-0.0233473663818309,-0.151244962,0.088482991325,1.00635264931325,516.764574566273,1192.54095001856
"model_fits/finalized_redone_trunc_cp/t2_customer_gaussian_iid_day/meat","beta[44,3]","exposure_L69HYJ4Y3TR91_1","level","L69HYJ4Y3TR91","identity",0.00241770370437133,-0.000505890655,0.0513371760690624,-0.093998067575,0.1168651095,0.00241770370437133,-0.093998067575,0.1168651095,1.00419159847902,773.660357926624,893.429458173028
"model_fits/finalized_redone_trunc_cp/t2_customer_gaussian_iid_day/meat","beta[45,4]","exposure_ED5J990H5VAZT_1","level","ED5J990H5VAZT","identity",-0.0074088989634593,-0.0074713738,0.0294946010023515,-0.06483638,0.051810076475,-0.0074088989634593,-0.06483638,0.051810076475,1.00241363736743,1117.61328108268,1008.30379776159
"model_fits/finalized_redone_trunc_cp/t2_customer_gaussian_iid_day/meat","beta[46,5]","exposure_W8T41JZK0ZMEP_1","level","W8T41JZK0ZMEP","identity",0.098822966306926,0.0936291885,0.0801789569568967,-0.035763859425,0.27154991725,0.098822966306926,-0.035763859425,0.27154991725,1.00607477040969,614.502514450108,900.595469748618
"model_fits/finalized_redone_trunc_cp/t2_customer_gaussian_iid_day/meat","beta[47,5]","exposure_W8T41JZK0ZMEP_2","level","W8T41JZK0ZMEP","identity",-0.130117608918407,-0.12773678,0.0684410020535679,-0.26794305175,-0.0111530394,-0.130117608918407,-0.26794305175,-0.0111530394,1.00443953232833,551.58352957339,897.509035791439
"model_fits/finalized_redone_trunc_cp/t2_customer_gaussian_iid_day/meat","beta[48,5]","exposure_W8T41JZK0ZMEP_3","level","W8T41JZK0ZMEP","identity",0.0153153626685987,0.014541643,0.0638693861510529,-0.1108835555,0.141346614,0.0153153626685987,-0.1108835555,0.141346614,1.00746435596093,557.654970732373,1194.95583350166
"model_fits/finalized_redone_trunc_cp/t2_customer_gaussian_iid_day/meat","beta[49,5]","exposure_W8T41JZK0ZMEP_4","level","W8T41JZK0ZMEP","identity",-0.0165597271215417,-0.01729997,0.0626869333452097,-0.1435035425,0.10808275875,-0.0165597271215417,-0.1435035425,0.10808275875,1.00306001156101,787.934490174803,1290.07061085522
"model_fits/finalized_redone_trunc_cp/t2_customer_gaussian_iid_day/meat","beta[50,5]","exposure_W8T41JZK0ZMEP_5","level","W8T41JZK0ZMEP","identity",-0.0771208019392617,-0.0734249495,0.080949973755444,-0.246012615,0.071554208325,-0.0771208019392617,-0.246012615,0.071554208325,1.00263176359205,531.495925932021,809.222223822961
"model_fits/finalized_redone_trunc_cp/t2_customer_gaussian_iid_day/meat","beta[51,6]","exposure_EMBVNVD207CC6_1","level","EMBVNVD207CC6","identity",-0.0527156483552547,-0.0353560505,0.0820140432007134,-0.24491560175,0.081930177925,-0.0527156483552547,-0.24491560175,0.081930177925,1.01183493968581,288.20711158554,654.892544923805
"model_fits/finalized_redone_trunc_cp/t2_customer_gaussian_iid_day/meat","beta[52,7]","exposure_C0BE4NDSW26QN_1","level","C0BE4NDSW26QN","identity",0.00434469110680533,0.00179642135,0.117249254310713,-0.244087673,0.245589283500001,0.00434469110680533,-0.244087673,0.245589283500001,1.00609285965051,736.273247748723,1013.9205515735
"model_fits/finalized_redone_trunc_cp/t2_customer_gaussian_iid_day/meat","beta[53,7]","exposure_C0BE4NDSW26QN_2","level","C0BE4NDSW26QN","identity",-0.001556887168448,-0.00250512075,0.117945610525237,-0.24383623925,0.2367260395,-0.001556887168448,-0.24383623925,0.2367260395,1.00384534875558,655.145643506925,996.986160812739
"model_fits/finalized_redone_trunc_cp/t2_customer_gaussian_iid_day/meat","beta[54,8]","exposure_V3Q26BHF3SE2H_1","level","V3Q26BHF3SE2H","identity",0.0436558040684297,0.0299978415,0.0915070892333508,-0.1131187875,0.23884613875,0.0436558040684297,-0.1131187875,0.23884613875,1.00233576359239,590.543778061844,1387.92058400325
"model_fits/finalized_redone_trunc_cp/t2_customer_gaussian_iid_day/meat","beta[55,8]","exposure_V3Q26BHF3SE2H_2","level","V3Q26BHF3SE2H","identity",-0.101643187800581,-0.0916218175,0.089349319838019,-0.30069284,0.0535357800750001,-0.101643187800581,-0.30069284,0.0535357800750001,1.0022066119168,520.865574387024,1139.8549953341
"model_fits/finalized_redone_trunc_cp/t2_customer_gaussian_iid_day/meat","beta[56,8]","exposure_V3Q26BHF3SE2H_3","level","V3Q26BHF3SE2H","identity",0.042221905546927,0.037429966,0.0726457200273544,-0.0863423864,0.1990346985,0.042221905546927,-0.0863423864,0.1990346985,1.00349803560634,832.145251044591,1939.94609694103
"model_fits/finalized_redone_trunc_cp/t2_customer_gaussian_iid_day/meat","beta[57,8]","exposure_V3Q26BHF3SE2H_4","level","V3Q26BHF3SE2H","identity",-0.10063214878903,-0.092223132,0.0838071252730903,-0.2877574345,0.0434878115500001,-0.10063214878903,-0.2877574345,0.0434878115500001,1.0081716161982,363.945746803115,1128.10329516043
"model_fits/finalized_redone_trunc_cp/t2_customer_gaussian_iid_day/meat","beta[58,9]","exposure_LBZEEFSBJNB3Z_1","level","LBZEEFSBJNB3Z","identity",-0.098182186929496,-0.089359124,0.0828524564319674,-0.27903753175,0.0285934647,-0.098182186929496,-0.27903753175,0.0285934647,1.03333773834261,146.830202115943,632.796006526282
"model_fits/finalized_redone_trunc_cp/t2_customer_gaussian_iid_day/meat","beta[59,10]","exposure_SAFK7ND1HR6XS_1","level","SAFK7ND1HR6XS","identity",0.041204435283584,0.029447307,0.0722180993384926,-0.0743985366,0.20891148775,0.041204435283584,-0.0743985366,0.20891148775,1.02270497385145,250.93509861943,368.282974188738
"model_fits/finalized_redone_trunc_cp/t2_customer_gaussian_iid_day/meat","beta[60,11]","exposure_S8MT0YGD2KTN9_1","level","S8MT0YGD2KTN9","identity",-0.066317719526829,-0.0483301535,0.077298243849844,-0.249368652,0.04914127205,-0.066317719526829,-0.249368652,0.04914127205,1.00912791133145,393.799788232593,801.646994994972
"model_fits/finalized_redone_trunc_cp/t2_customer_gaussian_iid_day/meat","beta[61,12]","exposure_1SQPTEGYPH0GA_1","level","1SQPTEGYPH0GA","identity",0.0455121965830891,0.0334054275,0.0723380622769436,-0.06670194405,0.20619688425,0.0455121965830891,-0.06670194405,0.20619688425,1.01464753179727,308.454858664571,923.29783943218
"model_fits/finalized_redone_trunc_cp/t2_customer_gaussian_iid_day/meat","beta[62,13]","exposure_9XKJD8DQTH559_1","level","9XKJD8DQTH559","identity",-0.0235212724840833,-0.0125248655,0.131798469965987,-0.330784995,0.21042400425,-0.0235212724840833,-0.330784995,0.21042400425,1.00189076996736,649.515584443197,1365.74811847217
"model_fits/finalized_redone_trunc_cp/t2_customer_gaussian_iid_day/meat","beta[63,13]","exposure_9XKJD8DQTH559_2","level","9XKJD8DQTH559","identity",0.221596287156468,0.19425484,0.173546008009844,-0.037659714175,0.628928454,0.221596287156468,-0.037659714175,0.628928454,1.00821445351977,367.54997312728,806.660615538309
"model_fits/finalized_redone_trunc_cp/t2_customer_gaussian_iid_day/meat","beta[64,14]","exposure_LQ5EH4BKGV61T_1","level","LQ5EH4BKGV61T","identity",-0.0358751982544543,-0.022800727,0.0991778560530138,-0.26923007825,0.132054754,-0.0358751982544543,-0.26923007825,0.132054754,1.01251958030756,404.761381186361,566.913822693476
"model_fits/finalized_redone_trunc_cp/t2_customer_gaussian_iid_day/meat","beta[65,15]","exposure_78AY09MVJVTYE_1","level","78AY09MVJVTYE","identity",0.0450605560288667,0.025526732,0.0863075944927052,-0.083311135325,0.25840244675,0.0450605560288667,-0.083311135325,0.25840244675,1.00900908869217,398.346345459604,600.265649705223
"model_fits/finalized_redone_trunc_cp/t2_customer_gaussian_iid_day/meat","beta[66,1]","exposure_SRQS8F7JWA9MZ_1_slope","slope","SRQS8F7JWA9MZ","identity",-0.048616033649434,-0.0373318425,0.0988839230066147,-0.2958678125,0.12521776725,-0.048616033649434,-0.2958678125,0.12521776725,1.00207393483715,767.822396166301,911.40873073545
"model_fits/finalized_redone_trunc_cp/t2_customer_gaussian_iid_day/meat","beta[67,1]","exposure_SRQS8F7JWA9MZ_2_slope","slope","SRQS8F7JWA9MZ","identity",-0.014568057223807,-0.026286034,0.100402264504522,-0.1959872035,0.2308063015,-0.014568057223807,-0.1959872035,0.2308063015,1.00210597827666,604.590446179042,991.748182829943
"model_fits/finalized_redone_trunc_cp/t2_customer_gaussian_iid_day/meat","beta[68,2]","exposure_2HRX9P6HKXA8V_1_slope","slope","2HRX9P6HKXA8V","identity",0.004026160319755,0.00480290595,0.0399626873405952,-0.076153138125,0.081939471375,0.004026160319755,-0.076153138125,0.081939471375,1.00511955628491,631.817581403202,1236.29957160221
"model_fits/finalized_redone_trunc_cp/t2_customer_gaussian_iid_day/meat","beta[69,3]","exposure_L69HYJ4Y3TR91_1_slope","slope","L69HYJ4Y3TR91","identity",0.094027834173501,0.0842421875,0.109815809510276,-0.10707228175,0.3468177095,0.094027834173501,-0.10707228175,0.3468177095,1.00802403529293,322.554060146491,833.226866733873
"model_fits/finalized_redone_trunc_cp/t2_customer_gaussian_iid_day/meat","beta[70,4]","exposure_ED5J990H5VAZT_1_slope","slope","ED5J990H5VAZT","identity",0.151577230476133,0.15051752,0.0461497887190236,0.0660635015,0.24574795775,0.151577230476133,0.0660635015,0.24574795775,1.00166264981037,572.975924860571,757.672181406429
"model_fits/finalized_redone_trunc_cp/t2_customer_gaussian_iid_day/meat","beta[71,5]","exposure_W8T41JZK0ZMEP_1_slope","slope","W8T41JZK0ZMEP","identity",-0.028621780627522,-0.0105525075,0.127597145753935,-0.341042519,0.18845130325,-0.028621780627522,-0.341042519,0.18845130325,1.0048901759767,828.991893001191,1049.34185825106
"model_fits/finalized_redone_trunc_cp/t2_customer_gaussian_iid_day/meat","beta[72,5]","exposure_W8T41JZK0ZMEP_2_slope","slope","W8T41JZK0ZMEP","identity",0.035817450127228,0.00732205155,0.139596981038233,-0.1722251355,0.42537447,0.035817450127228,-0.1722251355,0.42537447,1.00485281538313,592.198183428017,755.2273716766
"model_fits/finalized_redone_trunc_cp/t2_customer_gaussian_iid_day/meat","beta[73,5]","exposure_W8T41JZK0ZMEP_3_slope","slope","W8T41JZK0ZMEP","identity",0.0138812725729837,0.00217749935,0.124665892838327,-0.2324995015,0.29841324475,0.0138812725729837,-0.2324995015,0.29841324475,1.00170038663897,613.20648018151,689.065776239404
"model_fits/finalized_redone_trunc_cp/t2_customer_gaussian_iid_day/meat","beta[74,5]","exposure_W8T41JZK0ZMEP_4_slope","slope","W8T41JZK0ZMEP","identity",0.000896917932144,0.00058535913,0.134234987933751,-0.29049017125,0.26962632775,0.000896917932144,-0.29049017125,0.26962632775,1.00119606057148,817.354458858018,798.943935070009
"model_fits/finalized_redone_trunc_cp/t2_customer_gaussian_iid_day/meat","beta[75,5]","exposure_W8T41JZK0ZMEP_5_slope","slope","W8T41JZK0ZMEP","identity",-0.0352618602493402,-0.0097106739,0.13311529327022,-0.4060789905,0.16045144175,-0.0352618602493402,-0.4060789905,0.16045144175,1.00197852844508,683.296169109437,684.412205573014
"model_fits/finalized_redone_trunc_cp/t2_customer_gaussian_iid_day/meat","beta[76,6]","exposure_EMBVNVD207CC6_1_slope","slope","EMBVNVD207CC6","identity",-0.011866355830413,-0.0094903486,0.0703518275408161,-0.1605327025,0.11777614025,-0.011866355830413,-0.1605327025,0.11777614025,1.01669553593195,418.401438257878,708.876021915469
"model_fits/finalized_redone_trunc_cp/t2_customer_gaussian_iid_day/meat","beta[77,7]","exposure_C0BE4NDSW26QN_1_slope","slope","C0BE4NDSW26QN","identity",0.0442751132688933,0.0399445165,0.0768130318690737,-0.109594279,0.2297129745,0.0442751132688933,-0.109594279,0.2297129745,1.00084522150915,689.089198429926,720.401121777687
"model_fits/finalized_redone_trunc_cp/t2_customer_gaussian_iid_day/meat","beta[78,7]","exposure_C0BE4NDSW26QN_2_slope","slope","C0BE4NDSW26QN","identity",0.0285817019668353,0.032536042,0.0791683611914125,-0.162907164,0.19107868075,0.0285817019668353,-0.162907164,0.19107868075,1.00019639668953,603.722835015893,732.922882469454
"model_fits/finalized_redone_trunc_cp/t2_customer_gaussian_iid_day/meat","beta[79,8]","exposure_V3Q26BHF3SE2H_1_slope","slope","V3Q26BHF3SE2H","identity",0.0591229726279519,0.0397727995,0.138292752348114,-0.15603555525,0.37916812625,0.0591229726279519,-0.15603555525,0.37916812625,1.00190855765203,754.616990078587,864.676136710915
"model_fits/finalized_redone_trunc_cp/t2_customer_gaussian_iid_day/meat","beta[80,8]","exposure_V3Q26BHF3SE2H_2_slope","slope","V3Q26BHF3SE2H","identity",0.0584914865885828,0.038914533,0.137924420902395,-0.148345708,0.4047187415,0.0584914865885828,-0.148345708,0.4047187415,1.00211444815091,762.084842592388,777.150294632937
"model_fits/finalized_redone_trunc_cp/t2_customer_gaussian_iid_day/meat","beta[81,8]","exposure_V3Q26BHF3SE2H_3_slope","slope","V3Q26BHF3SE2H","identity",-0.0137960573983333,0.0210562485,0.143168511823658,-0.41103283,0.16931026725,-0.0137960573983333,-0.41103283,0.16931026725,1.01125438787868,448.26173529108,789.750483796145
"model_fits/finalized_redone_trunc_cp/t2_customer_gaussian_iid_day/meat","beta[82,8]","exposure_V3Q26BHF3SE2H_4_slope","slope","V3Q26BHF3SE2H","identity",0.024955776136865,0.0269370685,0.116093440174849,-0.21975420275,0.2749300815,0.024955776136865,-0.21975420275,0.2749300815,1.00169708703948,1148.33509581883,1174.66828157899
"model_fits/finalized_redone_trunc_cp/t2_customer_gaussian_iid_day/meat","beta[83,9]","exposure_LBZEEFSBJNB3Z_1_slope","slope","LBZEEFSBJNB3Z","identity",-0.125404008621825,-0.120081945,0.10559428166178,-0.35226783975,0.055877216375,-0.125404008621825,-0.35226783975,0.055877216375,1.03576082131522,132.457742767356,404.530154180215
"model_fits/finalized_redone_trunc_cp/t2_customer_gaussian_iid_day/meat","beta[84,10]","exposure_SAFK7ND1HR6XS_1_slope","slope","SAFK7ND1HR6XS","identity",0.0635523544576157,0.0555700625,0.110935193358122,-0.1349120175,0.3193966025,0.0635523544576157,-0.1349120175,0.3193966025,1.00519124446811,539.450381385389,753.924988180876
"model_fits/finalized_redone_trunc_cp/t2_customer_gaussian_iid_day/meat","beta[85,11]","exposure_S8MT0YGD2KTN9_1_slope","slope","S8MT0YGD2KTN9","identity",0.024365187387715,0.0243817285,0.0633815058581858,-0.1014321985,0.14728100375,0.024365187387715,-0.1014321985,0.14728100375,1.01143217316688,404.307707115606,835.058943367233
"model_fits/finalized_redone_trunc_cp/t2_customer_gaussian_iid_day/meat","beta[86,12]","exposure_1SQPTEGYPH0GA_1_slope","slope","1SQPTEGYPH0GA","identity",0.118209102549563,0.117525615,0.0544699174387576,0.014220261425,0.2215830075,0.118209102549563,0.014220261425,0.2215830075,1.00752010261793,443.143369945592,1185.84940557417
"model_fits/finalized_redone_trunc_cp/t2_customer_gaussian_iid_day/meat","beta[87,13]","exposure_9XKJD8DQTH559_1_slope","slope","9XKJD8DQTH559","identity",0.0569403826220333,0.0582154215,0.120189861838537,-0.19073825375,0.31481052775,0.0569403826220333,-0.19073825375,0.31481052775,1.00469347816417,963.333059005062,1565.08253966154
"model_fits/finalized_redone_trunc_cp/t2_customer_gaussian_iid_day/meat","beta[88,13]","exposure_9XKJD8DQTH559_2_slope","slope","9XKJD8DQTH559","identity",0.0527564055298227,0.0535680635,0.115417095779963,-0.18687684525,0.2827708395,0.0527564055298227,-0.18687684525,0.2827708395,1.0021522851571,600.078196612081,1162.7582910254
"model_fits/finalized_redone_trunc_cp/t2_customer_gaussian_iid_day/meat","beta[89,14]","exposure_LQ5EH4BKGV61T_1_slope","slope","LQ5EH4BKGV61T","identity",0.030088988606614,0.035313485,0.119034214560015,-0.21840175925,0.24451942425,0.030088988606614,-0.21840175925,0.24451942425,1.01018964304753,447.30609881171,1180.01354870071
"model_fits/finalized_redone_trunc_cp/t2_customer_gaussian_iid_day/meat","beta[90,15]","exposure_78AY09MVJVTYE_1_slope","slope","78AY09MVJVTYE","identity",0.0789730423210037,0.0782337755,0.042640298828935,-0.0040420348575,0.16360026675,0.0789730423210037,-0.0040420348575,0.16360026675,1.00352245247499,404.061161650486,1058.35062050171
"model_fits/finalized_redone_trunc_cp/t2_customer_gaussian_iid_day/meat","beta[91,1]","exposure_SRQS8F7JWA9MZ_1_gendermale","gender_male","SRQS8F7JWA9MZ","identity",0.0357929025582952,0.03316401,0.0762804519260563,-0.1044925015,0.1930574285,0.0357929025582952,-0.1044925015,0.1930574285,1.00031397261334,795.438934661137,1289.98295588509
"model_fits/finalized_redone_trunc_cp/t2_customer_gaussian_iid_day/meat","beta[92,1]","exposure_SRQS8F7JWA9MZ_1_genderfemale","gender_female","SRQS8F7JWA9MZ","identity",0.0153108018332047,0.0081827037,0.0556014625316904,-0.081587050075,0.14579033625,0.0153108018332047,-0.081587050075,0.14579033625,1.00673464364418,713.581430734662,979.846936441424
"model_fits/finalized_redone_trunc_cp/t2_customer_gaussian_iid_day/meat","beta[93,1]","exposure_SRQS8F7JWA9MZ_2_gendermale","gender_male","SRQS8F7JWA9MZ","identity",-0.0853167268148003,-0.082989773,0.0793376691707795,-0.248443804,0.060934808925,-0.0853167268148003,-0.248443804,0.060934808925,1.0005808694008,855.143204457459,1517.54496976685
"model_fits/finalized_redone_trunc_cp/t2_customer_gaussian_iid_day/meat","beta[94,1]","exposure_SRQS8F7JWA9MZ_2_genderfemale","gender_female","SRQS8F7JWA9MZ","identity",-0.0190943756643703,-0.0124653165,0.057128258121918,-0.15426669825,0.0822781441500001,-0.0190943756643703,-0.15426669825,0.0822781441500001,1.00820547328873,682.83027672334,925.68089498539
"model_fits/finalized_redone_trunc_cp/t2_customer_gaussian_iid_day/meat","beta[95,2]","exposure_2HRX9P6HKXA8V_1_gendermale","gender_male","2HRX9P6HKXA8V","identity",0.00166195336606787,-0.00111464115,0.0645222239773687,-0.1236762695,0.1348958245,0.00166195336606787,-0.1236762695,0.1348958245,1.00023463531568,670.300161399327,958.377805359343
"model_fits/finalized_redone_trunc_cp/t2_customer_gaussian_iid_day/meat","beta[96,2]","exposure_2HRX9P6HKXA8V_1_genderfemale","gender_female","2HRX9P6HKXA8V","identity",-0.117229079829927,-0.114734005,0.0702155523006239,-0.267170794,0.000431727837000046,-0.117229079829927,-0.267170794,0.000431727837000046,1.00357113938198,389.577949407162,1288.1307013722
"model_fits/finalized_redone_trunc_cp/t2_customer_gaussian_iid_day/meat","beta[97,3]","exposure_L69HYJ4Y3TR91_1_gendermale","gender_male","L69HYJ4Y3TR91","identity",0.0329483588274647,0.033254423,0.0384272020751466,-0.04148109135,0.1075745975,0.0329483588274647,-0.04148109135,0.1075745975,1.00029701185706,986.418115703198,1878.74479024708
"model_fits/finalized_redone_trunc_cp/t2_customer_gaussian_iid_day/meat","beta[98,3]","exposure_L69HYJ4Y3TR91_1_genderfemale","gender_female","L69HYJ4Y3TR91","identity",0.00822367827954767,0.0075009824,0.0371991247675921,-0.061122826775,0.083190309325,0.00822367827954767,-0.061122826775,0.083190309325,1.00047215883068,1076.31176134855,1843.99985702371
"model_fits/finalized_redone_trunc_cp/t2_customer_gaussian_iid_day/meat","beta[99,4]","exposure_ED5J990H5VAZT_1_gendermale","gender_male","ED5J990H5VAZT","identity",-0.160742205206,-0.15994927,0.023861272660055,-0.20898026625,-0.11475634875,-0.160742205206,-0.20898026625,-0.11475634875,1.00091972192567,1646.81147876934,1199.30085256167
"model_fits/finalized_redone_trunc_cp/t2_customer_gaussian_iid_day/meat","beta[100,4]","exposure_ED5J990H5VAZT_1_genderfemale","gender_female","ED5J990H5VAZT","identity",-0.0594268508709567,-0.059171497,0.0236878817173863,-0.10657285,-0.014774749525,-0.0594268508709567,-0.10657285,-0.014774749525,1.00171198725947,1450.48719947854,1062.64973449607
"model_fits/finalized_redone_trunc_cp/t2_customer_gaussian_iid_day/meat","beta[101,5]","exposure_W8T41JZK0ZMEP_1_gendermale","gender_male","W8T41JZK0ZMEP","identity",-0.0190139741701417,-0.01495572,0.0967297270912431,-0.23048619825,0.16235667925,-0.0190139741701417,-0.23048619825,0.16235667925,1.00410987397963,835.520486547739,1427.41955868846
"model_fits/finalized_redone_trunc_cp/t2_customer_gaussian_iid_day/meat","beta[102,5]","exposure_W8T41JZK0ZMEP_1_genderfemale","gender_female","W8T41JZK0ZMEP","identity",-0.0383463932253237,-0.0273475585,0.0635557363313838,-0.18275977775,0.0818882208500001,-0.0383463932253237,-0.18275977775,0.0818882208500001,1.0033188163406,652.230230634624,1275.47738658201
"model_fits/finalized_redone_trunc_cp/t2_customer_gaussian_iid_day/meat","beta[103,5]","exposure_W8T41JZK0ZMEP_2_gendermale","gender_male","W8T41JZK0ZMEP","identity",-0.2386042634088,-0.2382575,0.0855176641027204,-0.4095470265,-0.063363476975,-0.2386042634088,-0.4095470265,-0.063363476975,1.00544025606155,636.650884502874,539.225317444266
"model_fits/finalized_redone_trunc_cp/t2_customer_gaussian_iid_day/meat","beta[104,5]","exposure_W8T41JZK0ZMEP_2_genderfemale","gender_female","W8T41JZK0ZMEP","identity",-0.0114350063572001,-0.0089654582,0.0498369293630028,-0.129111303,0.085120806125,-0.0114350063572001,-0.129111303,0.085120806125,1.00684399361836,799.695056884024,1303.56039892217
"model_fits/finalized_redone_trunc_cp/t2_customer_gaussian_iid_day/meat","beta[105,5]","exposure_W8T41JZK0ZMEP_3_gendermale","gender_male","W8T41JZK0ZMEP","identity",0.203881578895307,0.20075318,0.0960472137232502,0.023531845575,0.40304727375,0.203881578895307,0.023531845575,0.40304727375,1.00460207896374,657.38835453762,968.225892611313
"model_fits/finalized_redone_trunc_cp/t2_customer_gaussian_iid_day/meat","beta[106,5]","exposure_W8T41JZK0ZMEP_3_genderfemale","gender_female","W8T41JZK0ZMEP","identity",-0.00358883487748767,-0.0076792034,0.0563967859049433,-0.1148947515,0.12253895925,-0.00358883487748767,-0.1148947515,0.12253895925,1.00965047506028,829.831559903223,1409.97335323075
"model_fits/finalized_redone_trunc_cp/t2_customer_gaussian_iid_day/meat","beta[107,5]","exposure_W8T41JZK0ZMEP_4_gendermale","gender_male","W8T41JZK0ZMEP","identity",0.0552945122631603,0.051909135,0.0893318721561698,-0.109054302,0.2308014715,0.0552945122631603,-0.109054302,0.2308014715,1.00301401058103,793.506243874535,1309.88880719222
"model_fits/finalized_redone_trunc_cp/t2_customer_gaussian_iid_day/meat","beta[108,5]","exposure_W8T41JZK0ZMEP_4_genderfemale","gender_female","W8T41JZK0ZMEP","identity",0.0271432440840953,0.011830782,0.0641155943014118,-0.071394303625,0.18266037425,0.0271432440840953,-0.071394303625,0.18266037425,1.00765952706053,575.097629780479,1248.10472995
"model_fits/finalized_redone_trunc_cp/t2_customer_gaussian_iid_day/meat","beta[109,5]","exposure_W8T41JZK0ZMEP_5_gendermale","gender_male","W8T41JZK0ZMEP","identity",0.005099401356928,0.0044817538,0.101632716763798,-0.193916192,0.2145567245,0.005099401356928,-0.193916192,0.2145567245,1.00160113825462,771.505568637615,1075.70542156175
"model_fits/finalized_redone_trunc_cp/t2_customer_gaussian_iid_day/meat","beta[110,5]","exposure_W8T41JZK0ZMEP_5_genderfemale","gender_female","W8T41JZK0ZMEP","identity",-0.0362364806293823,-0.024806795,0.0639920731646775,-0.18678795825,0.0757298272500001,-0.0362364806293823,-0.18678795825,0.0757298272500001,1.00191646779822,648.151854061614,1011.37921007129
"model_fits/finalized_redone_trunc_cp/t2_customer_gaussian_iid_day/meat","beta[111,6]","exposure_EMBVNVD207CC6_1_gendermale","gender_male","EMBVNVD207CC6","identity",0.143393140301346,0.13923367,0.0845365699303401,-0.01100344025,0.31743839975,0.143393140301346,-0.01100344025,0.31743839975,1.01605658731595,513.550448489831,1266.7574080012
"model_fits/finalized_redone_trunc_cp/t2_customer_gaussian_iid_day/meat","beta[112,6]","exposure_EMBVNVD207CC6_1_genderfemale","gender_female","EMBVNVD207CC6","identity",0.083006431852163,0.0660624215,0.105931777933197,-0.07977476635,0.33904139275,0.083006431852163,-0.07977476635,0.33904139275,1.0062922416363,428.019402445863,882.053521774506
"model_fits/finalized_redone_trunc_cp/t2_customer_gaussian_iid_day/meat","beta[113,7]","exposure_C0BE4NDSW26QN_1_gendermale","gender_male","C0BE4NDSW26QN","identity",-0.0340120975248453,-0.0335443765,0.125984072591289,-0.28569884725,0.2310977225,-0.0340120975248453,-0.28569884725,0.2310977225,1.00657722097391,625.531744104936,1025.32123706231
"model_fits/finalized_redone_trunc_cp/t2_customer_gaussian_iid_day/meat","beta[114,7]","exposure_C0BE4NDSW26QN_1_genderfemale","gender_female","C0BE4NDSW26QN","identity",0.03747073916581,0.037432554,0.0846338843775014,-0.13899097575,0.21598425,0.03747073916581,-0.13899097575,0.21598425,1.00209527120858,840.223585699747,1001.66899051843
"model_fits/finalized_redone_trunc_cp/t2_customer_gaussian_iid_day/meat","beta[115,7]","exposure_C0BE4NDSW26QN_2_gendermale","gender_male","C0BE4NDSW26QN","identity",-0.0269603297192677,-0.0271221125,0.126796662481347,-0.29338607425,0.22749484775,-0.0269603297192677,-0.29338607425,0.22749484775,1.00695452405379,651.490092342205,1280.43019054072
"model_fits/finalized_redone_trunc_cp/t2_customer_gaussian_iid_day/meat","beta[116,7]","exposure_C0BE4NDSW26QN_2_genderfemale","gender_female","C0BE4NDSW26QN","identity",0.0419189773018307,0.040524674,0.0843658649651186,-0.13238695875,0.2237181875,0.0419189773018307,-0.13238695875,0.2237181875,1.00121921484751,857.68857252635,917.138285314529
"model_fits/finalized_redone_trunc_cp/t2_customer_gaussian_iid_day/meat","beta[117,8]","exposure_V3Q26BHF3SE2H_1_gendermale","gender_male","V3Q26BHF3SE2H","identity",0.0847479068527447,0.075553865,0.118023329688198,-0.1222050265,0.339670041,0.0847479068527447,-0.1222050265,0.339670041,1.00126145665693,581.176786191153,1399.89333449624
"model_fits/finalized_redone_trunc_cp/t2_customer_gaussian_iid_day/meat","beta[118,8]","exposure_V3Q26BHF3SE2H_1_genderfemale","gender_female","V3Q26BHF3SE2H","identity",-0.0493384166413317,-0.0330780015,0.0831512211675608,-0.26594568475,0.0820979150000001,-0.0493384166413317,-0.26594568475,0.0820979150000001,1.00419029964348,452.665212911839,977.996151630568
"model_fits/finalized_redone_trunc_cp/t2_customer_gaussian_iid_day/meat","beta[119,8]","exposure_V3Q26BHF3SE2H_2_gendermale","gender_male","V3Q26BHF3SE2H","identity",-0.0945533375778033,-0.0825304585,0.11094032717133,-0.3471939815,0.102647116,-0.0945533375778033,-0.3471939815,0.102647116,1.00316197745366,722.046567219983,1304.25390861018
"model_fits/finalized_redone_trunc_cp/t2_customer_gaussian_iid_day/meat","beta[120,8]","exposure_V3Q26BHF3SE2H_2_genderfemale","gender_female","V3Q26BHF3SE2H","identity",-0.015597497850047,-0.017538601,0.0715250168055537,-0.1600596895,0.1513023235,-0.015597497850047,-0.1600596895,0.1513023235,1.00396338446589,741.731769974377,838.009582138392
"model_fits/finalized_redone_trunc_cp/t2_customer_gaussian_iid_day/meat","beta[121,8]","exposure_V3Q26BHF3SE2H_3_gendermale","gender_male","V3Q26BHF3SE2H","identity",-0.096546613101635,-0.0920538545,0.0864633326749667,-0.27348375875,0.0662161120000001,-0.096546613101635,-0.27348375875,0.0662161120000001,1.00214822441972,783.954909591155,1442.43776523878
"model_fits/finalized_redone_trunc_cp/t2_customer_gaussian_iid_day/meat","beta[122,8]","exposure_V3Q26BHF3SE2H_3_genderfemale","gender_female","V3Q26BHF3SE2H","identity",0.0193413236527949,0.0078596059,0.0633735090856835,-0.086224628775,0.16538119075,0.0193413236527949,-0.086224628775,0.16538119075,1.00125680611882,736.525989822892,1220.6046029016
"model_fits/finalized_redone_trunc_cp/t2_customer_gaussian_iid_day/meat","beta[123,8]","exposure_V3Q26BHF3SE2H_4_gendermale","gender_male","V3Q26BHF3SE2H","identity",0.0672651574457733,0.060720098,0.099066959342058,-0.1165320865,0.2758514905,0.0672651574457733,-0.1165320865,0.2758514905,1.00994840124581,682.716601547652,1230.52145331369
"model_fits/finalized_redone_trunc_cp/t2_customer_gaussian_iid_day/meat","beta[124,8]","exposure_V3Q26BHF3SE2H_4_genderfemale","gender_female","V3Q26BHF3SE2H","identity",-0.0116693704841513,-0.013759188,0.0636511927610197,-0.14580402,0.13124386175,-0.0116693704841513,-0.14580402,0.13124386175,1.00862455741089,680.55900743441,1015.69746338813
"model_fits/finalized_redone_trunc_cp/t2_customer_gaussian_iid_day/meat","beta[125,9]","exposure_LBZEEFSBJNB3Z_1_gendermale","gender_male","LBZEEFSBJNB3Z","identity",-0.0971762217837767,-0.098134504,0.0693117987056292,-0.22853292025,0.038605458975,-0.0971762217837767,-0.22853292025,0.038605458975,1.00044399399226,615.367797626036,782.430935110047
"model_fits/finalized_redone_trunc_cp/t2_customer_gaussian_iid_day/meat","beta[126,9]","exposure_LBZEEFSBJNB3Z_1_genderfemale","gender_female","LBZEEFSBJNB3Z","identity",-0.06968938988124,-0.0660006275,0.0532960545056697,-0.17947104025,0.02713756635,-0.06968938988124,-0.17947104025,0.02713756635,1.00012190193116,784.547754274461,1594.75428604177
"model_fits/finalized_redone_trunc_cp/t2_customer_gaussian_iid_day/meat","beta[127,10]","exposure_SAFK7ND1HR6XS_1_gendermale","gender_male","SAFK7ND1HR6XS","identity",-0.0286474196556406,-0.0273240585,0.0791988130205917,-0.18923766675,0.1249598345,-0.0286474196556406,-0.18923766675,0.1249598345,1.00364606775459,750.687928796761,809.722022426523
"model_fits/finalized_redone_trunc_cp/t2_customer_gaussian_iid_day/meat","beta[128,10]","exposure_SAFK7ND1HR6XS_1_genderfemale","gender_female","SAFK7ND1HR6XS","identity",-0.0213270897930983,-0.0244284975,0.0715087420672858,-0.16321744775,0.12508796625,-0.0213270897930983,-0.16321744775,0.12508796625,1.00389898371362,834.071064530146,1786.68998593288
"model_fits/finalized_redone_trunc_cp/t2_customer_gaussian_iid_day/meat","beta[129,11]","exposure_S8MT0YGD2KTN9_1_gendermale","gender_male","S8MT0YGD2KTN9","identity",-0.008432693580236,-0.010767859,0.0732027205972134,-0.15212324125,0.140211215,-0.008432693580236,-0.15212324125,0.140211215,1.00045444590148,656.619836557139,1188.01010894409
"model_fits/finalized_redone_trunc_cp/t2_customer_gaussian_iid_day/meat","beta[130,11]","exposure_S8MT0YGD2KTN9_1_genderfemale","gender_female","S8MT0YGD2KTN9","identity",-0.0945544268009573,-0.0851955855,0.0798261085670593,-0.27035628575,0.0443531737000001,-0.0945544268009573,-0.27035628575,0.0443531737000001,1.00328161573979,538.248469823777,1489.46279416189
"model_fits/finalized_redone_trunc_cp/t2_customer_gaussian_iid_day/meat","beta[131,12]","exposure_1SQPTEGYPH0GA_1_gendermale","gender_male","1SQPTEGYPH0GA","identity",0.0167960257615242,0.016305422,0.0638520269933087,-0.10953112375,0.14514861675,0.0167960257615242,-0.10953112375,0.14514861675,1.00369128886084,678.884780686066,908.120561169205
"model_fits/finalized_redone_trunc_cp/t2_customer_gaussian_iid_day/meat","beta[132,12]","exposure_1SQPTEGYPH0GA_1_genderfemale","gender_female","1SQPTEGYPH0GA","identity",-0.125296262754561,-0.121865185,0.0715189727468291,-0.278484501,-0.000562534432999981,-0.125296262754561,-0.278484501,-0.000562534432999981,1.00609654845418,535.055064556864,1013.25882728733
"model_fits/finalized_redone_trunc_cp/t2_customer_gaussian_iid_day/meat","beta[133,13]","exposure_9XKJD8DQTH559_1_gendermale","gender_male","9XKJD8DQTH559","identity",0.0944470390531507,0.0869109805,0.138193352275821,-0.15481354025,0.3958398695,0.0944470390531507,-0.15481354025,0.3958398695,1.0017484444896,807.05254145378,1200.34543026745
"model_fits/finalized_redone_trunc_cp/t2_customer_gaussian_iid_day/meat","beta[134,13]","exposure_9XKJD8DQTH559_1_genderfemale","gender_female","9XKJD8DQTH559","identity",-0.17303772786567,-0.11482345,0.207727752018594,-0.81187964625,0.0478485803,-0.17303772786567,-0.81187964625,0.0478485803,1.01099833510517,241.047190307363,334.279065551737
"model_fits/finalized_redone_trunc_cp/t2_customer_gaussian_iid_day/meat","beta[135,13]","exposure_9XKJD8DQTH559_2_gendermale","gender_male","9XKJD8DQTH559","identity",0.032895911929514,0.030864877,0.129928861186375,-0.23364293125,0.281396885,0.032895911929514,-0.23364293125,0.281396885,1.00109277061051,532.579594230597,1132.22945429508
"model_fits/finalized_redone_trunc_cp/t2_customer_gaussian_iid_day/meat","beta[136,13]","exposure_9XKJD8DQTH559_2_genderfemale","gender_female","9XKJD8DQTH559","identity",0.027819694835615,-0.0166810485,0.188402779043573,-0.19254405325,0.60148684375,0.027819694835615,-0.19254405325,0.60148684375,1.00690623256674,273.651370829828,328.963240494736
"model_fits/finalized_redone_trunc_cp/t2_customer_gaussian_iid_day/meat","beta[137,14]","exposure_LQ5EH4BKGV61T_1_gendermale","gender_male","LQ5EH4BKGV61T","identity",-0.0392300986537216,-0.0400878215,0.136532856551334,-0.31670998325,0.2334337505,-0.0392300986537216,-0.31670998325,0.2334337505,1.00408827226126,762.347999641496,1182.20456566052
"model_fits/finalized_redone_trunc_cp/t2_customer_gaussian_iid_day/meat","beta[138,14]","exposure_LQ5EH4BKGV61T_1_genderfemale","gender_female","LQ5EH4BKGV61T","identity",-0.0353663703912293,-0.031472682,0.113282183431971,-0.28500388225,0.19246392225,-0.0353663703912293,-0.28500388225,0.19246392225,1.0059986084151,565.190216497657,578.273429716337
"model_fits/finalized_redone_trunc_cp/t2_customer_gaussian_iid_day/meat","beta[139,15]","exposure_78AY09MVJVTYE_1_gendermale","gender_male","78AY09MVJVTYE","identity",-0.2577517898936,-0.2520759,0.106736418673825,-0.47739967025,-0.065470860425,-0.2577517898936,-0.47739967025,-0.065470860425,1.00359300638477,527.791696473845,1108.12462728761
"model_fits/finalized_redone_trunc_cp/t2_customer_gaussian_iid_day/meat","beta[140,15]","exposure_78AY09MVJVTYE_1_genderfemale","gender_female","78AY09MVJVTYE","identity",0.0956847614740647,0.0810004355,0.104511798584854,-0.065518733625,0.32932027475,0.0956847614740647,-0.065518733625,0.32932027475,1.0036962345671,518.801314117305,1142.11620816365
"model_fits/finalized_redone_trunc_cp/t2_customer_gaussian_iid_day/meat","mu_gamma[1]","mu_gamma[1]","pooled_mu_gamma",NA,"identity",-0.011323947210262,-0.011807331,0.0366667930500829,-0.082638340575,0.0606304325,-0.011323947210262,-0.082638340575,0.0606304325,1.0058054170661,259.383321295813,408.428847413906
"model_fits/finalized_redone_trunc_cp/t2_customer_gaussian_iid_day/meat","mu_gamma[2]","mu_gamma[2]","pooled_mu_gamma",NA,"identity",0.037129084348021,0.0366907985,0.0434306184266586,-0.0488192769,0.12410684,0.037129084348021,-0.0488192769,0.12410684,1.0255959598793,148.896080250758,469.615725030427
"model_fits/finalized_redone_trunc_cp/t2_customer_gaussian_iid_day/meat","mu_gamma[3]","mu_gamma[3]","pooled_mu_gamma",NA,"identity",-0.0294438709384017,-0.029882483,0.0425847599051229,-0.11351245,0.055564360625,-0.0294438709384017,-0.11351245,0.055564360625,1.01510361898832,335.919048313916,572.000637298652
"model_fits/finalized_redone_trunc_cp/t2_customer_gaussian_iid_day/meat","mu_gamma[4]","mu_gamma[4]","pooled_mu_gamma",NA,"identity",-0.0305449837949399,-0.030760389,0.0329563887349362,-0.09664408925,0.042495119375,-0.0305449837949399,-0.09664408925,0.042495119375,1.00183515939203,283.491289942997,409.505624424576
"model_fits/finalized_redone_trunc_cp/t2_customer_gaussian_iid_day/nonvegan","beta[41,1]","exposure_SRQS8F7JWA9MZ_1","level","SRQS8F7JWA9MZ","identity",0.0173902145232149,0.023673284,0.0571801455195168,-0.103121857,0.131512874,0.0173902145232149,-0.103121857,0.131512874,1.06855765480995,447.222194202176,1021.30361068068
"model_fits/finalized_redone_trunc_cp/t2_customer_gaussian_iid_day/nonvegan","beta[42,1]","exposure_SRQS8F7JWA9MZ_2","level","SRQS8F7JWA9MZ","identity",-0.022059635882076,-0.021648601,0.0689515215379932,-0.16030173975,0.07944418095,-0.022059635882076,-0.16030173975,0.07944418095,1.20639172807955,10.55561467043,60.3021023092939
"model_fits/finalized_redone_trunc_cp/t2_customer_gaussian_iid_day/nonvegan","beta[43,2]","exposure_2HRX9P6HKXA8V_1","level","2HRX9P6HKXA8V","identity",-0.0248349324170697,-0.0263197465,0.0578421686790302,-0.1432082825,0.09832936775,-0.0248349324170697,-0.1432082825,0.09832936775,1.03756697377994,78.5405967860483,1315.78370975737
"model_fits/finalized_redone_trunc_cp/t2_customer_gaussian_iid_day/nonvegan","beta[44,3]","exposure_L69HYJ4Y3TR91_1","level","L69HYJ4Y3TR91","identity",0.0458799211388832,0.031841969,0.077642771144736,-0.0854588584,0.174282565,0.0458799211388832,-0.0854588584,0.174282565,1.18047289513664,11.7324290481768,303.238306896664
"model_fits/finalized_redone_trunc_cp/t2_customer_gaussian_iid_day/nonvegan","beta[45,4]","exposure_ED5J990H5VAZT_1","level","ED5J990H5VAZT","identity",-0.0259986831219902,-0.029240618,0.0291804702100884,-0.0796992978,0.0316708741,-0.0259986831219902,-0.0796992978,0.0316708741,1.04656855840556,50.886178160784,1699.89993417984
"model_fits/finalized_redone_trunc_cp/t2_customer_gaussian_iid_day/nonvegan","beta[46,5]","exposure_W8T41JZK0ZMEP_1","level","W8T41JZK0ZMEP","identity",0.0803681504549997,0.076404306,0.081415080196793,-0.068462188475,0.238658095,0.0803681504549997,-0.068462188475,0.238658095,1.0985137028264,22.0986021046436,1518.60875726871
"model_fits/finalized_redone_trunc_cp/t2_customer_gaussian_iid_day/nonvegan","beta[47,5]","exposure_W8T41JZK0ZMEP_2","level","W8T41JZK0ZMEP","identity",-0.108154281289843,-0.09037468,0.0786812160184894,-0.28454063175,0.027135072375,-0.108154281289843,-0.28454063175,0.027135072375,1.18470574700486,563.947258379645,975.804367958811
"model_fits/finalized_redone_trunc_cp/t2_customer_gaussian_iid_day/nonvegan","beta[48,5]","exposure_W8T41JZK0ZMEP_3","level","W8T41JZK0ZMEP","identity",0.13622554287444,0.127911505,0.096429313928174,-0.02422856945,0.287541417,0.13622554287444,-0.02422856945,0.287541417,1.20297652376773,10.6722157898972,108.692946190559
"model_fits/finalized_redone_trunc_cp/t2_customer_gaussian_iid_day/nonvegan","beta[49,5]","exposure_W8T41JZK0ZMEP_4","level","W8T41JZK0ZMEP","identity",0.0227862242423147,0.0147277015,0.0639491527206185,-0.093608372025,0.16711741375,0.0227862242423147,-0.093608372025,0.16711741375,1.03531544430684,96.9030903650341,1537.10559391159
"model_fits/finalized_redone_trunc_cp/t2_customer_gaussian_iid_day/nonvegan","beta[50,5]","exposure_W8T41JZK0ZMEP_5","level","W8T41JZK0ZMEP","identity",-0.0194015206841657,-0.014688636,0.0846281433900588,-0.1886189495,0.14652042125,-0.0194015206841657,-0.1886189495,0.14652042125,1.08367818237863,29.9236795119423,1307.38738100827
"model_fits/finalized_redone_trunc_cp/t2_customer_gaussian_iid_day/nonvegan","beta[51,6]","exposure_EMBVNVD207CC6_1","level","EMBVNVD207CC6","identity",0.0734026414631789,0.034036468,0.113881287803946,-0.083943028625,0.27959365425,0.0734026414631789,-0.083943028625,0.27959365425,1.20031004678013,10.7270277209125,118.863489069673
"model_fits/finalized_redone_trunc_cp/t2_customer_gaussian_iid_day/nonvegan","beta[52,7]","exposure_C0BE4NDSW26QN_1","level","C0BE4NDSW26QN","identity",-0.0963662958157497,-0.079460292,0.133166192721633,-0.322026775,0.14259040025,-0.0963662958157497,-0.322026775,0.14259040025,1.2564344999708,9.02606301168601,37.1081255351705
"model_fits/finalized_redone_trunc_cp/t2_customer_gaussian_iid_day/nonvegan","beta[53,7]","exposure_C0BE4NDSW26QN_2","level","C0BE4NDSW26QN","identity",-0.0401553756672623,-0.04282092,0.111104966850872,-0.26790307625,0.1211768635,-0.0401553756672623,-0.26790307625,0.1211768635,1.17307906592058,11.8597416994606,103.967110038976
"model_fits/finalized_redone_trunc_cp/t2_customer_gaussian_iid_day/nonvegan","beta[54,8]","exposure_V3Q26BHF3SE2H_1","level","V3Q26BHF3SE2H","identity",-0.0665581075860433,-0.064728856,0.0777422681840396,-0.24215572525,0.082619648675,-0.0665581075860433,-0.24215572525,0.082619648675,1.24979953918846,713.934296258215,862.085321776143
"model_fits/finalized_redone_trunc_cp/t2_customer_gaussian_iid_day/nonvegan","beta[55,8]","exposure_V3Q26BHF3SE2H_2","level","V3Q26BHF3SE2H","identity",-0.0561173371298567,-0.0601750665,0.0739786303028389,-0.2195857705,0.089011335,-0.0561173371298567,-0.2195857705,0.089011335,1.03248172479633,336.643620847018,1411.25373469159
"model_fits/finalized_redone_trunc_cp/t2_customer_gaussian_iid_day/nonvegan","beta[56,8]","exposure_V3Q26BHF3SE2H_3","level","V3Q26BHF3SE2H","identity",0.0820774659400813,0.086414748,0.0750824319566266,-0.054707626425,0.24677395425,0.0820774659400813,-0.054707626425,0.24677395425,1.21214979542487,532.866255177718,1393.33402312969
"model_fits/finalized_redone_trunc_cp/t2_customer_gaussian_iid_day/nonvegan","beta[57,8]","exposure_V3Q26BHF3SE2H_4","level","V3Q26BHF3SE2H","identity",0.00032444939504,0.00379566035,0.0676913189025154,-0.14067824225,0.12554318625,0.00032444939504,-0.14067824225,0.12554318625,1.06693239576752,34.3998619763363,2109.01484484639
"model_fits/finalized_redone_trunc_cp/t2_customer_gaussian_iid_day/nonvegan","beta[58,9]","exposure_LBZEEFSBJNB3Z_1","level","LBZEEFSBJNB3Z","identity",-0.0471627402943353,-0.0456589465,0.0648201342708179,-0.19915495325,0.066922200475,-0.0471627402943353,-0.19915495325,0.066922200475,1.13755818202282,502.514769162427,1209.81182556293
"model_fits/finalized_redone_trunc_cp/t2_customer_gaussian_iid_day/nonvegan","beta[59,10]","exposure_SAFK7ND1HR6XS_1","level","SAFK7ND1HR6XS","identity",0.0103014110844964,-0.000573402675,0.065154411506124,-0.085640704,0.16501375825,0.0103014110844964,-0.085640704,0.16501375825,1.08737064463492,25.0180872038634,627.442872136044
"model_fits/finalized_redone_trunc_cp/t2_customer_gaussian_iid_day/nonvegan","beta[60,11]","exposure_S8MT0YGD2KTN9_1","level","S8MT0YGD2KTN9","identity",-0.07866116691943,-0.0694054255,0.0833440005214785,-0.276159512,0.0474892787500001,-0.07866116691943,-0.276159512,0.0474892787500001,1.04765514978692,70.6648884224883,228.460062724432
"model_fits/finalized_redone_trunc_cp/t2_customer_gaussian_iid_day/nonvegan","beta[61,12]","exposure_1SQPTEGYPH0GA_1","level","1SQPTEGYPH0GA","identity",0.099502368348449,0.0759862795,0.113684404711397,-0.0563074023,0.3686475385,0.099502368348449,-0.0563074023,0.3686475385,1.07100414538858,33.4167944347014,817.275204845227
"model_fits/finalized_redone_trunc_cp/t2_customer_gaussian_iid_day/nonvegan","beta[62,13]","exposure_9XKJD8DQTH559_1","level","9XKJD8DQTH559","identity",-0.019768301891457,-0.0325685395,0.109200164193418,-0.23490515375,0.2032258245,-0.019768301891457,-0.23490515375,0.2032258245,1.03387149049374,109.508199084674,1467.52112358788
"model_fits/finalized_redone_trunc_cp/t2_customer_gaussian_iid_day/nonvegan","beta[63,13]","exposure_9XKJD8DQTH559_2","level","9XKJD8DQTH559","identity",0.112856864704807,0.0788444285,0.123975578958116,-0.085335543425,0.40358075575,0.112856864704807,-0.085335543425,0.40358075575,1.07284218477509,467.531177378587,1203.67811981396
"model_fits/finalized_redone_trunc_cp/t2_customer_gaussian_iid_day/nonvegan","beta[64,14]","exposure_LQ5EH4BKGV61T_1","level","LQ5EH4BKGV61T","identity",-0.0445076240196353,-0.02540081,0.118000011777372,-0.25285578525,0.18389481275,-0.0445076240196353,-0.25285578525,0.18389481275,1.182899458522,11.5453451585826,238.664015655373
"model_fits/finalized_redone_trunc_cp/t2_customer_gaussian_iid_day/nonvegan","beta[65,15]","exposure_78AY09MVJVTYE_1","level","78AY09MVJVTYE","identity",0.107528511144652,0.0579359475,0.146416152626467,-0.067826789775,0.41355991225,0.107528511144652,-0.067826789775,0.41355991225,1.33375700346238,7.27917595933585,16.9005701057372
"model_fits/finalized_redone_trunc_cp/t2_customer_gaussian_iid_day/nonvegan","beta[66,1]","exposure_SRQS8F7JWA9MZ_1_slope","slope","SRQS8F7JWA9MZ","identity",-0.0745948393253748,-0.0731666245,0.0937165282068045,-0.269363617,0.12087494225,-0.0745948393253748,-0.269363617,0.12087494225,1.06139954752775,39.1849773271388,415.251920595792
"model_fits/finalized_redone_trunc_cp/t2_customer_gaussian_iid_day/nonvegan","beta[67,1]","exposure_SRQS8F7JWA9MZ_2_slope","slope","SRQS8F7JWA9MZ","identity",-0.0507368136759967,-0.046497736,0.0904692193446622,-0.23275216,0.15266998075,-0.0507368136759967,-0.23275216,0.15266998075,1.03244322466563,343.298025556208,357.867089526766
"model_fits/finalized_redone_trunc_cp/t2_customer_gaussian_iid_day/nonvegan","beta[68,2]","exposure_2HRX9P6HKXA8V_1_slope","slope","2HRX9P6HKXA8V","identity",0.0237310980436899,0.030255792,0.0365630566589133,-0.0510867409,0.096698626925,0.0237310980436899,-0.0510867409,0.096698626925,1.1703828298009,596.148904679892,482.678963544769
"model_fits/finalized_redone_trunc_cp/t2_customer_gaussian_iid_day/nonvegan","beta[69,3]","exposure_L69HYJ4Y3TR91_1_slope","slope","L69HYJ4Y3TR91","identity",0.00472849502148667,-0.00490384195,0.0974921933745762,-0.21594325075,0.20658770975,0.00472849502148667,-0.21594325075,0.20658770975,1.15659691456371,546.046817524747,391.151570084806
"model_fits/finalized_redone_trunc_cp/t2_customer_gaussian_iid_day/nonvegan","beta[70,4]","exposure_ED5J990H5VAZT_1_slope","slope","ED5J990H5VAZT","identity",0.002006347975315,-0.00159638495,0.0400397223053639,-0.078850831225,0.084771232875,0.002006347975315,-0.078850831225,0.084771232875,1.02771501512088,298.581802048113,1087.11596260643
"model_fits/finalized_redone_trunc_cp/t2_customer_gaussian_iid_day/nonvegan","beta[71,5]","exposure_W8T41JZK0ZMEP_1_slope","slope","W8T41JZK0ZMEP","identity",-0.0116168417986057,-0.010289545,0.131924715734051,-0.3349609145,0.17553090775,-0.0116168417986057,-0.3349609145,0.17553090775,1.17812669838491,12.6028798807728,504.586511377996
"model_fits/finalized_redone_trunc_cp/t2_customer_gaussian_iid_day/nonvegan","beta[72,5]","exposure_W8T41JZK0ZMEP_2_slope","slope","W8T41JZK0ZMEP","identity",-0.0113842373819293,-0.0126557115,0.119085847294087,-0.20214798275,0.2734583915,-0.0113842373819293,-0.20214798275,0.2734583915,1.15754781454381,13.2657617520448,924.000643397606
"model_fits/finalized_redone_trunc_cp/t2_customer_gaussian_iid_day/nonvegan","beta[73,5]","exposure_W8T41JZK0ZMEP_3_slope","slope","W8T41JZK0ZMEP","identity",0.00446607609493167,-0.00348447605,0.129016573136711,-0.2566465845,0.21187886675,0.00446607609493167,-0.2566465845,0.21187886675,1.1569617062192,13.6673324078337,1370.15649519171
"model_fits/finalized_redone_trunc_cp/t2_customer_gaussian_iid_day/nonvegan","beta[74,5]","exposure_W8T41JZK0ZMEP_4_slope","slope","W8T41JZK0ZMEP","identity",0.0113706727987517,-0.0116815015,0.123384218376832,-0.1728047975,0.3096109885,0.0113706727987517,-0.1728047975,0.3096109885,1.03572679201842,87.3168887823828,463.935295283395
"model_fits/finalized_redone_trunc_cp/t2_customer_gaussian_iid_day/nonvegan","beta[75,5]","exposure_W8T41JZK0ZMEP_5_slope","slope","W8T41JZK0ZMEP","identity",-0.0527463689560168,-0.029596169,0.124028100163667,-0.315897416,0.17953652375,-0.0527463689560168,-0.315897416,0.17953652375,1.11691541517612,18.6453944543504,1141.57015492633
"model_fits/finalized_redone_trunc_cp/t2_customer_gaussian_iid_day/nonvegan","beta[76,6]","exposure_EMBVNVD207CC6_1_slope","slope","EMBVNVD207CC6","identity",0.0516489031415313,0.036407434,0.0898890069212486,-0.055736190225,0.24980875625,0.0516489031415313,-0.055736190225,0.24980875625,1.20643925073248,10.5140810301492,119.334958708424
"model_fits/finalized_redone_trunc_cp/t2_customer_gaussian_iid_day/nonvegan","beta[77,7]","exposure_C0BE4NDSW26QN_1_slope","slope","C0BE4NDSW26QN","identity",0.0149512797146167,0.02971265,0.0729212171810007,-0.17026366925,0.1484156845,0.0149512797146167,-0.17026366925,0.1484156845,1.1063024585406,152.354292615386,438.382247316734
"model_fits/finalized_redone_trunc_cp/t2_customer_gaussian_iid_day/nonvegan","beta[78,7]","exposure_C0BE4NDSW26QN_2_slope","slope","C0BE4NDSW26QN","identity",0.0482393288316873,0.032912122,0.0767954127554535,-0.085360273625,0.24866903075,0.0482393288316873,-0.085360273625,0.24866903075,1.03670812050688,220.398151209284,438.145024912007
"model_fits/finalized_redone_trunc_cp/t2_customer_gaussian_iid_day/nonvegan","beta[79,8]","exposure_V3Q26BHF3SE2H_1_slope","slope","V3Q26BHF3SE2H","identity",0.002195287465365,0.00344541735,0.114231313340218,-0.22212545,0.2323038905,0.002195287465365,-0.22212545,0.2323038905,1.03519153716622,111.636941583124,1417.73091377602
"model_fits/finalized_redone_trunc_cp/t2_customer_gaussian_iid_day/nonvegan","beta[80,8]","exposure_V3Q26BHF3SE2H_2_slope","slope","V3Q26BHF3SE2H","identity",-0.00512786480885533,-0.0189855155,0.109294044562642,-0.1893655585,0.2470469025,-0.00512786480885533,-0.1893655585,0.2470469025,1.0695362115216,31.7449938596746,1452.50356209
"model_fits/finalized_redone_trunc_cp/t2_customer_gaussian_iid_day/nonvegan","beta[81,8]","exposure_V3Q26BHF3SE2H_3_slope","slope","V3Q26BHF3SE2H","identity",-0.081365667624858,-0.0596375425,0.124748225953084,-0.435481256,0.097876016325,-0.081365667624858,-0.435481256,0.097876016325,1.03059569527791,163.906119434198,1059.73595511016
"model_fits/finalized_redone_trunc_cp/t2_customer_gaussian_iid_day/nonvegan","beta[82,8]","exposure_V3Q26BHF3SE2H_4_slope","slope","V3Q26BHF3SE2H","identity",0.0181146728669897,0.0018626748,0.123032560812668,-0.19929709575,0.306240398,0.0181146728669897,-0.19929709575,0.306240398,1.0733324618204,35.3560582506076,1054.48380192848
"model_fits/finalized_redone_trunc_cp/t2_customer_gaussian_iid_day/nonvegan","beta[83,9]","exposure_LBZEEFSBJNB3Z_1_slope","slope","LBZEEFSBJNB3Z","identity",-0.0908131905648335,-0.0503467235,0.109257922181132,-0.34920337375,0.059228377825,-0.0908131905648335,-0.34920337375,0.059228377825,1.07675712162863,219.145770621397,327.126081204572
"model_fits/finalized_redone_trunc_cp/t2_customer_gaussian_iid_day/nonvegan","beta[84,10]","exposure_SAFK7ND1HR6XS_1_slope","slope","SAFK7ND1HR6XS","identity",0.0123885269109313,0.00376298565,0.0959354523763198,-0.1946796525,0.22438700925,0.0123885269109313,-0.1946796525,0.22438700925,1.02935620517766,182.180708527646,823.226803456239
"model_fits/finalized_redone_trunc_cp/t2_customer_gaussian_iid_day/nonvegan","beta[85,11]","exposure_S8MT0YGD2KTN9_1_slope","slope","S8MT0YGD2KTN9","identity",0.0223170715850119,0.012759329,0.0549424565668973,-0.079423676025,0.14339142575,0.0223170715850119,-0.079423676025,0.14339142575,1.04200264770536,198.998113258496,553.699652382995
"model_fits/finalized_redone_trunc_cp/t2_customer_gaussian_iid_day/nonvegan","beta[86,12]","exposure_1SQPTEGYPH0GA_1_slope","slope","1SQPTEGYPH0GA","identity",0.111935670368911,0.087234563,0.102463047425135,-0.019098941825,0.3290367,0.111935670368911,-0.019098941825,0.3290367,1.10081667526916,23.8490210800196,867.851774633326
"model_fits/finalized_redone_trunc_cp/t2_customer_gaussian_iid_day/nonvegan","beta[87,13]","exposure_9XKJD8DQTH559_1_slope","slope","9XKJD8DQTH559","identity",0.0668176249470267,0.050215717,0.111761020582688,-0.11806116125,0.3102088385,0.0668176249470267,-0.11806116125,0.3102088385,1.02945645939797,132.966344451893,1696.78051509925
"model_fits/finalized_redone_trunc_cp/t2_customer_gaussian_iid_day/nonvegan","beta[88,13]","exposure_9XKJD8DQTH559_2_slope","slope","9XKJD8DQTH559","identity",0.0818473399283387,0.0908298435,0.109826539361086,-0.12834434525,0.33073465125,0.0818473399283387,-0.12834434525,0.33073465125,1.11136341541026,488.425186798336,403.394672196601
"model_fits/finalized_redone_trunc_cp/t2_customer_gaussian_iid_day/nonvegan","beta[89,14]","exposure_LQ5EH4BKGV61T_1_slope","slope","LQ5EH4BKGV61T","identity",0.00311746539622433,-0.00465553265,0.0996636057387227,-0.2175783295,0.20739915975,0.00311746539622433,-0.2175783295,0.20739915975,1.14098677692559,801.037537660283,1056.04879364462
"model_fits/finalized_redone_trunc_cp/t2_customer_gaussian_iid_day/nonvegan","beta[90,15]","exposure_78AY09MVJVTYE_1_slope","slope","78AY09MVJVTYE","identity",0.0186940823452883,0.016622512,0.0417810343914634,-0.044372663925,0.10513623,0.0186940823452883,-0.044372663925,0.10513623,1.16414473538321,12.4607682793061,1361.26216542103
"model_fits/finalized_redone_trunc_cp/t2_customer_gaussian_iid_day/nonvegan","beta[91,1]","exposure_SRQS8F7JWA9MZ_1_gendermale","gender_male","SRQS8F7JWA9MZ","identity",0.0622823654105883,0.0490968885,0.0633953601832364,-0.037956108775,0.21158875275,0.0622823654105883,-0.037956108775,0.21158875275,1.0400411051901,77.8527897722924,982.510965212939
"model_fits/finalized_redone_trunc_cp/t2_customer_gaussian_iid_day/nonvegan","beta[92,1]","exposure_SRQS8F7JWA9MZ_1_genderfemale","gender_female","SRQS8F7JWA9MZ","identity",-0.0132285275016277,-0.000916779775,0.0736891681444563,-0.16757514325,0.131957594,-0.0132285275016277,-0.16757514325,0.131957594,1.07611425039129,716.651952224132,1847.81676741951
"model_fits/finalized_redone_trunc_cp/t2_customer_gaussian_iid_day/nonvegan","beta[93,1]","exposure_SRQS8F7JWA9MZ_2_gendermale","gender_male","SRQS8F7JWA9MZ","identity",-0.0328611228963541,-0.0236806525,0.0633957912967191,-0.179820179,0.0738045164500001,-0.0328611228963541,-0.179820179,0.0738045164500001,1.20109065883216,759.961204221929,1222.92198947999
"model_fits/finalized_redone_trunc_cp/t2_customer_gaussian_iid_day/nonvegan","beta[94,1]","exposure_SRQS8F7JWA9MZ_2_genderfemale","gender_female","SRQS8F7JWA9MZ","identity",-0.0279055666195159,-0.037570722,0.0765386721203512,-0.18357300925,0.133612561,-0.0279055666195159,-0.18357300925,0.133612561,1.16439809733875,936.166544244851,1796.90385205338
"model_fits/finalized_redone_trunc_cp/t2_customer_gaussian_iid_day/nonvegan","beta[95,2]","exposure_2HRX9P6HKXA8V_1_gendermale","gender_male","2HRX9P6HKXA8V","identity",0.00276814652698967,0.010185397,0.0714065320158433,-0.141044509,0.147121877,0.00276814652698967,-0.141044509,0.147121877,1.26645335814238,596.412047551988,223.628940117682
"model_fits/finalized_redone_trunc_cp/t2_customer_gaussian_iid_day/nonvegan","beta[96,2]","exposure_2HRX9P6HKXA8V_1_genderfemale","gender_female","2HRX9P6HKXA8V","identity",-0.16596471422671,-0.176272295,0.0844554015458535,-0.368475755,-0.00696475333499999,-0.16596471422671,-0.368475755,-0.00696475333499999,1.16465433435529,499.60737109533,228.185561662537
"model_fits/finalized_redone_trunc_cp/t2_customer_gaussian_iid_day/nonvegan","beta[97,3]","exposure_L69HYJ4Y3TR91_1_gendermale","gender_male","L69HYJ4Y3TR91","identity",0.2805803280286,0.28676876,0.0883104479515703,0.10234933675,0.4242268175,0.2805803280286,0.10234933675,0.4242268175,1.09985640736192,23.6659632345015,217.779232380615
"model_fits/finalized_redone_trunc_cp/t2_customer_gaussian_iid_day/nonvegan","beta[98,3]","exposure_L69HYJ4Y3TR91_1_genderfemale","gender_female","L69HYJ4Y3TR91","identity",-0.0047112134846589,0.00469222845,0.0749581264595779,-0.16059265525,0.128046461,-0.0047112134846589,-0.16059265525,0.128046461,1.06228138930484,35.3270196028238,1263.11037429481
"model_fits/finalized_redone_trunc_cp/t2_customer_gaussian_iid_day/nonvegan","beta[99,4]","exposure_ED5J990H5VAZT_1_gendermale","gender_male","ED5J990H5VAZT","identity",-0.0117134252571395,-0.0127008,0.0212686385100228,-0.054740666925,0.03170074835,-0.0117134252571395,-0.054740666925,0.03170074835,1.17817408324024,1750.74035309155,2229.9284867836
"model_fits/finalized_redone_trunc_cp/t2_customer_gaussian_iid_day/nonvegan","beta[100,4]","exposure_ED5J990H5VAZT_1_genderfemale","gender_female","ED5J990H5VAZT","identity",0.0291799881063133,0.025843585,0.0217003719428915,-0.013721657725,0.0728230333,0.0291799881063133,-0.013721657725,0.0728230333,1.04958146438065,222.645476950537,2283.77709318971
"model_fits/finalized_redone_trunc_cp/t2_customer_gaussian_iid_day/nonvegan","beta[101,5]","exposure_W8T41JZK0ZMEP_1_gendermale","gender_male","W8T41JZK0ZMEP","identity",-0.082983756967653,-0.0600161195,0.0998379220184458,-0.2490092575,0.091353232775,-0.082983756967653,-0.2490092575,0.091353232775,1.16163978097752,12.801668092933,374.431552119755
"model_fits/finalized_redone_trunc_cp/t2_customer_gaussian_iid_day/nonvegan","beta[102,5]","exposure_W8T41JZK0ZMEP_1_genderfemale","gender_female","W8T41JZK0ZMEP","identity",0.010534802746345,0.0114597955,0.122911496697637,-0.215895289,0.22266863625,0.010534802746345,-0.215895289,0.22266863625,1.09735927055052,20.652723346652,229.248863918333
"model_fits/finalized_redone_trunc_cp/t2_customer_gaussian_iid_day/nonvegan","beta[103,5]","exposure_W8T41JZK0ZMEP_2_gendermale","gender_male","W8T41JZK0ZMEP","identity",-0.141394440075542,-0.11405092,0.090367939977865,-0.3585831185,-0.0149661007,-0.141394440075542,-0.3585831185,-0.0149661007,1.16453085706436,468.081856070397,1127.73919597331
"model_fits/finalized_redone_trunc_cp/t2_customer_gaussian_iid_day/nonvegan","beta[104,5]","exposure_W8T41JZK0ZMEP_2_genderfemale","gender_female","W8T41JZK0ZMEP","identity",-0.0270547085630027,-0.0405959985,0.0813388810275976,-0.18727760625,0.14697443575,-0.0270547085630027,-0.18727760625,0.14697443575,1.07127654813649,417.191117546801,1546.87306605553
"model_fits/finalized_redone_trunc_cp/t2_customer_gaussian_iid_day/nonvegan","beta[105,5]","exposure_W8T41JZK0ZMEP_3_gendermale","gender_male","W8T41JZK0ZMEP","identity",0.0116849396480643,0.010112292,0.0732237778701318,-0.1318353525,0.170535109,0.0116849396480643,-0.1318353525,0.170535109,1.02644301211328,624.839415633058,1531.17214936752
"model_fits/finalized_redone_trunc_cp/t2_customer_gaussian_iid_day/nonvegan","beta[106,5]","exposure_W8T41JZK0ZMEP_3_genderfemale","gender_female","W8T41JZK0ZMEP","identity",0.00315341698793,-0.015158385,0.0976050293456891,-0.1795754725,0.213365829,0.00315341698793,-0.1795754725,0.213365829,1.17284654332677,531.518939038077,1207.05226400114
"model_fits/finalized_redone_trunc_cp/t2_customer_gaussian_iid_day/nonvegan","beta[107,5]","exposure_W8T41JZK0ZMEP_4_gendermale","gender_male","W8T41JZK0ZMEP","identity",-0.0135818789782363,-0.0229100315,0.0834028851470463,-0.13538844875,0.177119176,-0.0135818789782363,-0.13538844875,0.177119176,1.13931156184571,14.8770247567941,1647.9115420094
"model_fits/finalized_redone_trunc_cp/t2_customer_gaussian_iid_day/nonvegan","beta[108,5]","exposure_W8T41JZK0ZMEP_4_genderfemale","gender_female","W8T41JZK0ZMEP","identity",-0.004193440437946,0.0098260235,0.0964352882313355,-0.20516416,0.19533922075,-0.004193440437946,-0.20516416,0.19533922075,1.08495792182535,909.530227956986,1947.76403547351
"model_fits/finalized_redone_trunc_cp/t2_customer_gaussian_iid_day/nonvegan","beta[109,5]","exposure_W8T41JZK0ZMEP_5_gendermale","gender_male","W8T41JZK0ZMEP","identity",0.0785664738463413,0.054175385,0.113027254107756,-0.096214479025,0.28706470675,0.0785664738463413,-0.096214479025,0.28706470675,1.15777104800311,13.2356207068018,920.925555481545
"model_fits/finalized_redone_trunc_cp/t2_customer_gaussian_iid_day/nonvegan","beta[110,5]","exposure_W8T41JZK0ZMEP_5_genderfemale","gender_female","W8T41JZK0ZMEP","identity",-0.2538549796392,-0.259524965,0.142734965675886,-0.509245615,0.0369818736250002,-0.2538549796392,-0.509245615,0.0369818736250002,1.0743616711656,33.0216398904414,214.632067889225
"model_fits/finalized_redone_trunc_cp/t2_customer_gaussian_iid_day/nonvegan","beta[111,6]","exposure_EMBVNVD207CC6_1_gendermale","gender_male","EMBVNVD207CC6","identity",0.2394008119322,0.23387736,0.0962717702107006,0.084355845875,0.43887035975,0.2394008119322,0.084355845875,0.43887035975,1.11193807146022,18.4463628782089,1045.79798894094
"model_fits/finalized_redone_trunc_cp/t2_customer_gaussian_iid_day/nonvegan","beta[112,6]","exposure_EMBVNVD207CC6_1_genderfemale","gender_female","EMBVNVD207CC6","identity",0.132858282985716,0.1115058,0.119804663425041,-0.0972806452,0.398756818,0.132858282985716,-0.0972806452,0.398756818,1.23652517729504,622.060641131196,237.507748163081
"model_fits/finalized_redone_trunc_cp/t2_customer_gaussian_iid_day/nonvegan","beta[113,7]","exposure_C0BE4NDSW26QN_1_gendermale","gender_male","C0BE4NDSW26QN","identity",0.0440069722815377,0.047260397,0.0904066844154001,-0.14729132425,0.24014435325,0.0440069722815377,-0.14729132425,0.24014435325,1.04244377981172,79.1607936720603,911.634186519857
"model_fits/finalized_redone_trunc_cp/t2_customer_gaussian_iid_day/nonvegan","beta[114,7]","exposure_C0BE4NDSW26QN_1_genderfemale","gender_female","C0BE4NDSW26QN","identity",0.0796470796697833,0.076250615,0.189612619450564,-0.2595974745,0.51946877875,0.0796470796697833,-0.2595974745,0.51946877875,1.10500828346266,21.108553988278,1127.74031949504
"model_fits/finalized_redone_trunc_cp/t2_customer_gaussian_iid_day/nonvegan","beta[115,7]","exposure_C0BE4NDSW26QN_2_gendermale","gender_male","C0BE4NDSW26QN","identity",0.0256566919151223,0.018415753,0.0904649289606031,-0.18225015875,0.21582706375,0.0256566919151223,-0.18225015875,0.21582706375,1.03818577739236,496.1250243527,1369.44995661229
"model_fits/finalized_redone_trunc_cp/t2_customer_gaussian_iid_day/nonvegan","beta[116,7]","exposure_C0BE4NDSW26QN_2_genderfemale","gender_female","C0BE4NDSW26QN","identity",0.130664562835447,0.126711505,0.192083630975644,-0.29943545575,0.4789739235,0.130664562835447,-0.29943545575,0.4789739235,1.11277661937724,19.1289472425211,1148.7726589539
"model_fits/finalized_redone_trunc_cp/t2_customer_gaussian_iid_day/nonvegan","beta[117,8]","exposure_V3Q26BHF3SE2H_1_gendermale","gender_male","V3Q26BHF3SE2H","identity",-0.00916868977808417,-0.0053789536,0.080919951762584,-0.1914119735,0.1655781385,-0.00916868977808417,-0.1914119735,0.1655781385,1.23797783916812,929.741149255128,1011.68281914215
"model_fits/finalized_redone_trunc_cp/t2_customer_gaussian_iid_day/nonvegan","beta[118,8]","exposure_V3Q26BHF3SE2H_1_genderfemale","gender_female","V3Q26BHF3SE2H","identity",-0.168746342217403,-0.177672335,0.142960704250848,-0.48331616475,0.0907547871500001,-0.168746342217403,-0.48331616475,0.0907547871500001,1.03289278118579,214.894185515733,1146.75612441404
"model_fits/finalized_redone_trunc_cp/t2_customer_gaussian_iid_day/nonvegan","beta[119,8]","exposure_V3Q26BHF3SE2H_2_gendermale","gender_male","V3Q26BHF3SE2H","identity",0.019697186584936,0.0176240815,0.0769278166251415,-0.14533956,0.1724879765,0.019697186584936,-0.14533956,0.1724879765,1.06017429996451,42.9531498259489,1154.34431903933
"model_fits/finalized_redone_trunc_cp/t2_customer_gaussian_iid_day/nonvegan","beta[120,8]","exposure_V3Q26BHF3SE2H_2_genderfemale","gender_female","V3Q26BHF3SE2H","identity",-0.0249521869963282,-0.021255767,0.121569490714293,-0.2793885715,0.19867038975,-0.0249521869963282,-0.2793885715,0.19867038975,1.07821426970204,30.005268436831,1781.03110536901
"model_fits/finalized_redone_trunc_cp/t2_customer_gaussian_iid_day/nonvegan","beta[121,8]","exposure_V3Q26BHF3SE2H_3_gendermale","gender_male","V3Q26BHF3SE2H","identity",-0.0490786516201791,-0.041826957,0.0778130446021963,-0.187787478,0.1053001655,-0.0490786516201791,-0.187787478,0.1053001655,1.11699702430752,17.5989187035724,1456.93288266442
"model_fits/finalized_redone_trunc_cp/t2_customer_gaussian_iid_day/nonvegan","beta[122,8]","exposure_V3Q26BHF3SE2H_3_genderfemale","gender_female","V3Q26BHF3SE2H","identity",0.126043760461829,0.129562335,0.0979434963929635,-0.062628488325,0.285146677,0.126043760461829,-0.062628488325,0.285146677,1.12223550533853,17.3891929684626,818.940680544938
"model_fits/finalized_redone_trunc_cp/t2_customer_gaussian_iid_day/nonvegan","beta[123,8]","exposure_V3Q26BHF3SE2H_4_gendermale","gender_male","V3Q26BHF3SE2H","identity",-0.00375899155572733,-0.0098915986,0.0694822844839258,-0.14604353025,0.1568895535,-0.00375899155572733,-0.14604353025,0.1568895535,1.20448511155716,1421.38342849621,1664.80082650473
"model_fits/finalized_redone_trunc_cp/t2_customer_gaussian_iid_day/nonvegan","beta[124,8]","exposure_V3Q26BHF3SE2H_4_genderfemale","gender_female","V3Q26BHF3SE2H","identity",0.0992520786637697,0.0920600205,0.112203104964707,-0.0614805009,0.3485414435,0.0992520786637697,-0.0614805009,0.3485414435,1.14567946447684,14.7930829394825,1636.66596013094
"model_fits/finalized_redone_trunc_cp/t2_customer_gaussian_iid_day/nonvegan","beta[125,9]","exposure_LBZEEFSBJNB3Z_1_gendermale","gender_male","LBZEEFSBJNB3Z","identity",-0.156203685076213,-0.159061475,0.0797441861765047,-0.2914311255,0.00688562863500003,-0.156203685076213,-0.2914311255,0.00688562863500003,1.08690917765503,25.4390028889529,1155.96595288778
"model_fits/finalized_redone_trunc_cp/t2_customer_gaussian_iid_day/nonvegan","beta[126,9]","exposure_LBZEEFSBJNB3Z_1_genderfemale","gender_female","LBZEEFSBJNB3Z","identity",0.0845008305341923,0.0846578015,0.0752056719976771,-0.0291074833,0.23357153475,0.0845008305341923,-0.0291074833,0.23357153475,1.17016756323387,12.705203885382,119.065517575834
"model_fits/finalized_redone_trunc_cp/t2_customer_gaussian_iid_day/nonvegan","beta[127,10]","exposure_SAFK7ND1HR6XS_1_gendermale","gender_male","SAFK7ND1HR6XS","identity",0.0934273347386233,0.10072651,0.0913167950853163,-0.0929438634,0.246731215,0.0934273347386233,-0.0929438634,0.246731215,1.07335081081729,31.137997264144,644.979734338918
"model_fits/finalized_redone_trunc_cp/t2_customer_gaussian_iid_day/nonvegan","beta[128,10]","exposure_SAFK7ND1HR6XS_1_genderfemale","gender_female","SAFK7ND1HR6XS","identity",-0.009088402007704,-0.0039188356,0.0938726847599521,-0.20208500575,0.14255565625,-0.009088402007704,-0.20208500575,0.14255565625,1.11762519799896,18.3695584558115,1334.97273131161
"model_fits/finalized_redone_trunc_cp/t2_customer_gaussian_iid_day/nonvegan","beta[129,11]","exposure_S8MT0YGD2KTN9_1_gendermale","gender_male","S8MT0YGD2KTN9","identity",-0.00935985057504933,-0.0187864115,0.081759788801176,-0.16841381625,0.15709376675,-0.00935985057504933,-0.16841381625,0.15709376675,1.03558031081072,118.636391828378,965.400751781047
"model_fits/finalized_redone_trunc_cp/t2_customer_gaussian_iid_day/nonvegan","beta[130,11]","exposure_S8MT0YGD2KTN9_1_genderfemale","gender_female","S8MT0YGD2KTN9","identity",-0.05897538095948,-0.043230826,0.097431296935717,-0.26538396775,0.12276981875,-0.05897538095948,-0.26538396775,0.12276981875,1.1848201485256,614.746560482486,1220.3115054451
"model_fits/finalized_redone_trunc_cp/t2_customer_gaussian_iid_day/nonvegan","beta[131,12]","exposure_1SQPTEGYPH0GA_1_gendermale","gender_male","1SQPTEGYPH0GA","identity",0.141705566577122,0.144160855,0.106225916044169,-0.06946849995,0.36658790425,0.141705566577122,-0.06946849995,0.36658790425,1.26408026012701,570.176296901014,1080.16433620208
"model_fits/finalized_redone_trunc_cp/t2_customer_gaussian_iid_day/nonvegan","beta[132,12]","exposure_1SQPTEGYPH0GA_1_genderfemale","gender_female","1SQPTEGYPH0GA","identity",-0.383393736191167,-0.356472545,0.137946257533357,-0.67930144625,-0.11324049825,-0.383393736191167,-0.67930144625,-0.11324049825,1.10252420062902,507.135658525436,649.49329487855
"model_fits/finalized_redone_trunc_cp/t2_customer_gaussian_iid_day/nonvegan","beta[133,13]","exposure_9XKJD8DQTH559_1_gendermale","gender_male","9XKJD8DQTH559","identity",0.190398511318287,0.174418985,0.14008873009849,-0.067273884925,0.40747360125,0.190398511318287,-0.067273884925,0.40747360125,1.20620801213116,10.5898679427116,78.7627810691199
"model_fits/finalized_redone_trunc_cp/t2_customer_gaussian_iid_day/nonvegan","beta[134,13]","exposure_9XKJD8DQTH559_1_genderfemale","gender_female","9XKJD8DQTH559","identity",-0.348228126178903,-0.34494088,0.299421834105155,-1.079410355,0.0816421437,-0.348228126178903,-1.079410355,0.0816421437,1.10115407766876,317.398811860939,926.611710430802
"model_fits/finalized_redone_trunc_cp/t2_customer_gaussian_iid_day/nonvegan","beta[135,13]","exposure_9XKJD8DQTH559_2_gendermale","gender_male","9XKJD8DQTH559","identity",0.123373661656755,0.13024714,0.102560490443232,-0.092139711275,0.32950716275,0.123373661656755,-0.092139711275,0.32950716275,1.23948150707991,773.623461571732,1083.54972699472
"model_fits/finalized_redone_trunc_cp/t2_customer_gaussian_iid_day/nonvegan","beta[136,13]","exposure_9XKJD8DQTH559_2_genderfemale","gender_female","9XKJD8DQTH559","identity",0.364833449752097,0.338104865,0.288986089524592,-0.0767467107,1.0509696025,0.364833449752097,-0.0767467107,1.0509696025,1.02519204211411,249.371334114364,720.530603056424
"model_fits/finalized_redone_trunc_cp/t2_customer_gaussian_iid_day/nonvegan","beta[137,14]","exposure_LQ5EH4BKGV61T_1_gendermale","gender_male","LQ5EH4BKGV61T","identity",0.0152464176171273,-0.00111561025,0.165447950308457,-0.29682319125,0.34813849475,0.0152464176171273,-0.29682319125,0.34813849475,1.04183541338314,66.8471132672816,203.398250223154
"model_fits/finalized_redone_trunc_cp/t2_customer_gaussian_iid_day/nonvegan","beta[138,14]","exposure_LQ5EH4BKGV61T_1_genderfemale","gender_female","LQ5EH4BKGV61T","identity",0.051547826897523,0.0412422335,0.2238342542475,-0.398560214,0.39788506125,0.051547826897523,-0.398560214,0.39788506125,1.1791767805985,11.9309556911789,363.846753912258
"model_fits/finalized_redone_trunc_cp/t2_customer_gaussian_iid_day/nonvegan","beta[139,15]","exposure_78AY09MVJVTYE_1_gendermale","gender_male","78AY09MVJVTYE","identity",-0.201424064263423,-0.193165825,0.117392486306759,-0.37845588,0.0105511279,-0.201424064263423,-0.37845588,0.0105511279,1.20780339694201,10.3183235239417,64.271324454957
"model_fits/finalized_redone_trunc_cp/t2_customer_gaussian_iid_day/nonvegan","beta[140,15]","exposure_78AY09MVJVTYE_1_genderfemale","gender_female","78AY09MVJVTYE","identity",0.176285431100492,0.16910573,0.113280149889863,-0.01836266115,0.413339526,0.176285431100492,-0.01836266115,0.413339526,1.07625602055835,36.4705924323541,1282.15249686084
"model_fits/finalized_redone_trunc_cp/t2_customer_gaussian_iid_day/nonvegan","mu_gamma[1]","mu_gamma[1]","pooled_mu_gamma",NA,"identity",0.0034389934154463,0.0066053218,0.0366406803130016,-0.0767412204,0.0808816877250001,0.0034389934154463,-0.0767412204,0.0808816877250001,1.03025788155072,144.508486699308,328.482868917604
"model_fits/finalized_redone_trunc_cp/t2_customer_gaussian_iid_day/nonvegan","mu_gamma[2]","mu_gamma[2]","pooled_mu_gamma",NA,"identity",0.0132670904312986,0.00797584895,0.0389843195877092,-0.060142250775,0.0968185383750001,0.0132670904312986,-0.060142250775,0.0968185383750001,1.061169794339,41.8384772615723,331.337939928609
"model_fits/finalized_redone_trunc_cp/t2_customer_gaussian_iid_day/nonvegan","mu_gamma[3]","mu_gamma[3]","pooled_mu_gamma",NA,"identity",0.0345162611228947,0.0256773795,0.0481764913580958,-0.0521789194,0.141889101,0.0345162611228947,-0.0521789194,0.141889101,1.03596322328133,139.69043642086,425.743714680762
"model_fits/finalized_redone_trunc_cp/t2_customer_gaussian_iid_day/nonvegan","mu_gamma[4]","mu_gamma[4]","pooled_mu_gamma",NA,"identity",0.00930011582979883,-0.0012601161,0.085320617963317,-0.1530468205,0.160213598,0.00930011582979883,-0.1530468205,0.160213598,1.28975544697808,8.09888120576565,13.3791995866786
"model_fits/finalized_redone_trunc_cp/t2_customer_gaussian_iid_day/vegetarian","beta[41,1]","exposure_SRQS8F7JWA9MZ_1","level","SRQS8F7JWA9MZ","identity",-0.00516219365504367,-0.00293232395,0.0453245542616071,-0.0963056254,0.0823283366,-0.00516219365504367,-0.0963056254,0.0823283366,1.00286823253945,1204.17748749537,2392.80521471051
"model_fits/finalized_redone_trunc_cp/t2_customer_gaussian_iid_day/vegetarian","beta[42,1]","exposure_SRQS8F7JWA9MZ_2","level","SRQS8F7JWA9MZ","identity",0.0610807471479487,0.0593950045,0.0463086116496789,-0.02609391775,0.1541198745,0.0610807471479487,-0.02609391775,0.1541198745,1.00326921623281,1036.76145263905,1864.36939433409
"model_fits/finalized_redone_trunc_cp/t2_customer_gaussian_iid_day/vegetarian","beta[43,2]","exposure_2HRX9P6HKXA8V_1","level","2HRX9P6HKXA8V","identity",-0.0526973558360873,-0.0509946965,0.0602576160808788,-0.174575188,0.0658768608250001,-0.0526973558360873,-0.174575188,0.0658768608250001,1.00559986580379,1323.31740996839,1610.44472037454
"model_fits/finalized_redone_trunc_cp/t2_customer_gaussian_iid_day/vegetarian","beta[44,3]","exposure_L69HYJ4Y3TR91_1","level","L69HYJ4Y3TR91","identity",-0.0100230610842747,-0.014832233,0.0807046806485373,-0.161790706,0.16265120725,-0.0100230610842747,-0.161790706,0.16265120725,1.00271315298897,1042.52528796634,1752.62826126313
"model_fits/finalized_redone_trunc_cp/t2_customer_gaussian_iid_day/vegetarian","beta[45,4]","exposure_ED5J990H5VAZT_1","level","ED5J990H5VAZT","identity",-0.0158202130632043,-0.016279327,0.0329164711935719,-0.079640113775,0.050651493175,-0.0158202130632043,-0.079640113775,0.050651493175,1.00346187626664,1183.34400279451,2320.61798838781
"model_fits/finalized_redone_trunc_cp/t2_customer_gaussian_iid_day/vegetarian","beta[46,5]","exposure_W8T41JZK0ZMEP_1","level","W8T41JZK0ZMEP","identity",-0.0365257859172637,-0.029747562,0.101946675585774,-0.24767392875,0.1392460395,-0.0365257859172637,-0.24767392875,0.1392460395,1.00347454440773,739.308691755221,1648.61372545222
"model_fits/finalized_redone_trunc_cp/t2_customer_gaussian_iid_day/vegetarian","beta[47,5]","exposure_W8T41JZK0ZMEP_2","level","W8T41JZK0ZMEP","identity",0.2343246026863,0.23190561,0.104984580081639,0.0557421259,0.4525294715,0.2343246026863,0.0557421259,0.4525294715,1.00687513322765,436.594976114176,801.410253461277
"model_fits/finalized_redone_trunc_cp/t2_customer_gaussian_iid_day/vegetarian","beta[48,5]","exposure_W8T41JZK0ZMEP_3","level","W8T41JZK0ZMEP","identity",0.03707085250441,0.0408974025,0.0828540433790458,-0.1375738195,0.198692884,0.03707085250441,-0.1375738195,0.198692884,1.00434245600317,1322.2775581642,2191.60135000803
"model_fits/finalized_redone_trunc_cp/t2_customer_gaussian_iid_day/vegetarian","beta[49,5]","exposure_W8T41JZK0ZMEP_4","level","W8T41JZK0ZMEP","identity",0.0515222038914933,0.0577685145,0.0855330401031617,-0.12616690725,0.214212048,0.0515222038914933,-0.12616690725,0.214212048,1.00201503562828,1464.95019863136,2104.33548550201
"model_fits/finalized_redone_trunc_cp/t2_customer_gaussian_iid_day/vegetarian","beta[50,5]","exposure_W8T41JZK0ZMEP_5","level","W8T41JZK0ZMEP","identity",0.0806733186048657,0.0742312495,0.104479948811266,-0.11800391775,0.3087069715,0.0806733186048657,-0.11800391775,0.3087069715,1.00452946167292,1265.48713307648,1734.28797811162
"model_fits/finalized_redone_trunc_cp/t2_customer_gaussian_iid_day/vegetarian","beta[51,6]","exposure_EMBVNVD207CC6_1","level","EMBVNVD207CC6","identity",0.130955506807039,0.10745415,0.134403307034071,-0.068343938175,0.430024139,0.130955506807039,-0.068343938175,0.430024139,1.01731912321637,293.368204687474,761.626446000392
"model_fits/finalized_redone_trunc_cp/t2_customer_gaussian_iid_day/vegetarian","beta[52,7]","exposure_C0BE4NDSW26QN_1","level","C0BE4NDSW26QN","identity",-0.0710384881785243,-0.076004614,0.125819774586547,-0.3262622835,0.19197221725,-0.0710384881785243,-0.3262622835,0.19197221725,1.00103415782157,1189.41577141779,1696.56087979492
"model_fits/finalized_redone_trunc_cp/t2_customer_gaussian_iid_day/vegetarian","beta[53,7]","exposure_C0BE4NDSW26QN_2","level","C0BE4NDSW26QN","identity",-0.080785614813138,-0.0758777395,0.121924571101246,-0.3403691655,0.16397763575,-0.080785614813138,-0.3403691655,0.16397763575,1.00222512744682,1173.4869120542,1479.29850627832
"model_fits/finalized_redone_trunc_cp/t2_customer_gaussian_iid_day/vegetarian","beta[54,8]","exposure_V3Q26BHF3SE2H_1","level","V3Q26BHF3SE2H","identity",-0.109233197654092,-0.10048619,0.106683323189591,-0.3375774825,0.0682878429500001,-0.109233197654092,-0.3375774825,0.0682878429500001,1.0031046298545,520.018162567291,1483.31802964327
"model_fits/finalized_redone_trunc_cp/t2_customer_gaussian_iid_day/vegetarian","beta[55,8]","exposure_V3Q26BHF3SE2H_2","level","V3Q26BHF3SE2H","identity",0.143890037650638,0.1349689,0.100421496139326,-0.0224212209,0.3628951545,0.143890037650638,-0.0224212209,0.3628951545,1.00513227876657,577.057694427405,1755.67442812112
"model_fits/finalized_redone_trunc_cp/t2_customer_gaussian_iid_day/vegetarian","beta[56,8]","exposure_V3Q26BHF3SE2H_3","level","V3Q26BHF3SE2H","identity",-0.00955073616616853,-0.00320819365,0.0689038418730818,-0.153051212,0.11697712675,-0.00955073616616853,-0.153051212,0.11697712675,1.00452145310746,1349.36132587371,2206.91854134561
"model_fits/finalized_redone_trunc_cp/t2_customer_gaussian_iid_day/vegetarian","beta[57,8]","exposure_V3Q26BHF3SE2H_4","level","V3Q26BHF3SE2H","identity",0.119474106294796,0.111716905,0.0794576847800113,-0.02054346825,0.28908498975,0.119474106294796,-0.02054346825,0.28908498975,1.00363280625067,710.365274931143,1708.82606569241
"model_fits/finalized_redone_trunc_cp/t2_customer_gaussian_iid_day/vegetarian","beta[58,9]","exposure_LBZEEFSBJNB3Z_1","level","LBZEEFSBJNB3Z","identity",0.0477917361655767,0.0393138055,0.075625571361113,-0.080952314975,0.206571858,0.0477917361655767,-0.080952314975,0.206571858,1.00508567375117,585.853025285503,1718.20146458498
"model_fits/finalized_redone_trunc_cp/t2_customer_gaussian_iid_day/vegetarian","beta[59,10]","exposure_SAFK7ND1HR6XS_1","level","SAFK7ND1HR6XS","identity",-0.0874724107392487,-0.0843782255,0.0600508438725426,-0.2143196845,0.0213590768250001,-0.0874724107392487,-0.2143196845,0.0213590768250001,1.0099757071635,723.900498713283,1068.62190173489
"model_fits/finalized_redone_trunc_cp/t2_customer_gaussian_iid_day/vegetarian","beta[60,11]","exposure_S8MT0YGD2KTN9_1","level","S8MT0YGD2KTN9","identity",-0.100946458567052,-0.100059295,0.0549055278245955,-0.2137947515,-0.000828655842249993,-0.100946458567052,-0.2137947515,-0.000828655842249993,1.00729951949102,838.210557885911,1859.55698458236
"model_fits/finalized_redone_trunc_cp/t2_customer_gaussian_iid_day/vegetarian","beta[61,12]","exposure_1SQPTEGYPH0GA_1","level","1SQPTEGYPH0GA","identity",0.0188904187804782,0.0106808685,0.0904765503979097,-0.1346009995,0.21993360575,0.0188904187804782,-0.1346009995,0.21993360575,1.00645857817926,1020.65176640375,1310.89595579734
"model_fits/finalized_redone_trunc_cp/t2_customer_gaussian_iid_day/vegetarian","beta[62,13]","exposure_9XKJD8DQTH559_1","level","9XKJD8DQTH559","identity",-0.178878729743267,-0.174140515,0.101582369603915,-0.39386237625,0.00990576066500003,-0.178878729743267,-0.39386237625,0.00990576066500003,1.00335706916893,1129.20757236898,2057.99238617376
"model_fits/finalized_redone_trunc_cp/t2_customer_gaussian_iid_day/vegetarian","beta[63,13]","exposure_9XKJD8DQTH559_2","level","9XKJD8DQTH559","identity",-0.156174591649337,-0.155514615,0.0934189858738848,-0.3426867745,0.029743166325,-0.156174591649337,-0.3426867745,0.029743166325,1.00526887010304,1234.5187653133,2164.50367581885
"model_fits/finalized_redone_trunc_cp/t2_customer_gaussian_iid_day/vegetarian","beta[64,14]","exposure_LQ5EH4BKGV61T_1","level","LQ5EH4BKGV61T","identity",0.0284731293917667,0.00352503945,0.121258580168056,-0.169821047,0.31901582925,0.0284731293917667,-0.169821047,0.31901582925,1.00280938517619,956.048340917112,1248.37910883131
"model_fits/finalized_redone_trunc_cp/t2_customer_gaussian_iid_day/vegetarian","beta[65,15]","exposure_78AY09MVJVTYE_1","level","78AY09MVJVTYE","identity",-0.0719784877867167,-0.06724603,0.0523716964645427,-0.1919772995,0.023506093525,-0.0719784877867167,-0.1919772995,0.023506093525,1.01514252483124,334.156843639619,43.4862260684585
"model_fits/finalized_redone_trunc_cp/t2_customer_gaussian_iid_day/vegetarian","beta[66,1]","exposure_SRQS8F7JWA9MZ_1_slope","slope","SRQS8F7JWA9MZ","identity",-0.00153955682029333,-0.016122523,0.0965150050872442,-0.16775697275,0.25049403225,-0.00153955682029333,-0.16775697275,0.25049403225,1.00168797384849,1562.44063314563,1850.47348620201
"model_fits/finalized_redone_trunc_cp/t2_customer_gaussian_iid_day/vegetarian","beta[67,1]","exposure_SRQS8F7JWA9MZ_2_slope","slope","SRQS8F7JWA9MZ","identity",-0.0447685872052412,-0.031910845,0.0966103051026702,-0.29515291625,0.11731907925,-0.0447685872052412,-0.29515291625,0.11731907925,1.00418836110205,1568.75945715825,1803.15001368191
"model_fits/finalized_redone_trunc_cp/t2_customer_gaussian_iid_day/vegetarian","beta[68,2]","exposure_2HRX9P6HKXA8V_1_slope","slope","2HRX9P6HKXA8V","identity",0.0187066881643517,0.018915566,0.0352501625331024,-0.04883719665,0.0892030281,0.0187066881643517,-0.04883719665,0.0892030281,1.00727136587487,391.140487357828,1612.44512473551
"model_fits/finalized_redone_trunc_cp/t2_customer_gaussian_iid_day/vegetarian","beta[69,3]","exposure_L69HYJ4Y3TR91_1_slope","slope","L69HYJ4Y3TR91","identity",-0.0615410675026146,-0.055025183,0.146154058602259,-0.36145844575,0.21317542775,-0.0615410675026146,-0.36145844575,0.21317542775,1.00484509126047,469.554902189008,1195.73421228127
"model_fits/finalized_redone_trunc_cp/t2_customer_gaussian_iid_day/vegetarian","beta[70,4]","exposure_ED5J990H5VAZT_1_slope","slope","ED5J990H5VAZT","identity",-0.135393441884867,-0.136465925,0.0479918719287499,-0.22782827925,-0.04324065525,-0.135393441884867,-0.22782827925,-0.04324065525,0.99949412543471,797.221529606902,1951.04244392675
"model_fits/finalized_redone_trunc_cp/t2_customer_gaussian_iid_day/vegetarian","beta[71,5]","exposure_W8T41JZK0ZMEP_1_slope","slope","W8T41JZK0ZMEP","identity",0.0291716117898501,0.0166090555,0.124354977907894,-0.22666101475,0.331911616,0.0291716117898501,-0.22666101475,0.331911616,1.00611571150976,1483.3848418881,1681.37548122346
"model_fits/finalized_redone_trunc_cp/t2_customer_gaussian_iid_day/vegetarian","beta[72,5]","exposure_W8T41JZK0ZMEP_2_slope","slope","W8T41JZK0ZMEP","identity",0.016026414206903,0.014543246,0.122784375625555,-0.23840704225,0.271627459,0.016026414206903,-0.23840704225,0.271627459,1.00241988530466,1789.49798630429,1767.52991621927
"model_fits/finalized_redone_trunc_cp/t2_customer_gaussian_iid_day/vegetarian","beta[73,5]","exposure_W8T41JZK0ZMEP_3_slope","slope","W8T41JZK0ZMEP","identity",-0.009864076251231,0.00418788995,0.130025225715702,-0.33332178675,0.2234943745,-0.009864076251231,-0.33332178675,0.2234943745,1.00611625926847,1864.03972590251,1864.64725448294
"model_fits/finalized_redone_trunc_cp/t2_customer_gaussian_iid_day/vegetarian","beta[74,5]","exposure_W8T41JZK0ZMEP_4_slope","slope","W8T41JZK0ZMEP","identity",-0.00382299572109062,0.00553413115,0.121948502611708,-0.2763477485,0.24101086675,-0.00382299572109062,-0.2763477485,0.24101086675,1.00252092561311,1822.69148741333,1749.20750556078
"model_fits/finalized_redone_trunc_cp/t2_customer_gaussian_iid_day/vegetarian","beta[75,5]","exposure_W8T41JZK0ZMEP_5_slope","slope","W8T41JZK0ZMEP","identity",0.0237100994293077,0.013673937,0.125198605375898,-0.20559532075,0.30377840575,0.0237100994293077,-0.20559532075,0.30377840575,1.00022767658579,1724.9095423339,1815.26670673868
"model_fits/finalized_redone_trunc_cp/t2_customer_gaussian_iid_day/vegetarian","beta[76,6]","exposure_EMBVNVD207CC6_1_slope","slope","EMBVNVD207CC6","identity",0.276617772207167,0.276805745,0.110371286261239,0.061511978575,0.491752507,0.276617772207167,0.061511978575,0.491752507,1.01006229247155,358.838430474451,1175.1658230181
"model_fits/finalized_redone_trunc_cp/t2_customer_gaussian_iid_day/vegetarian","beta[77,7]","exposure_C0BE4NDSW26QN_1_slope","slope","C0BE4NDSW26QN","identity",-0.00906018429917767,-0.001462075,0.0808004373822687,-0.20217953675,0.1489425645,-0.00906018429917767,-0.20217953675,0.1489425645,1.00097565194657,1121.64109406659,1362.66708770155
"model_fits/finalized_redone_trunc_cp/t2_customer_gaussian_iid_day/vegetarian","beta[78,7]","exposure_C0BE4NDSW26QN_2_slope","slope","C0BE4NDSW26QN","identity",0.0195514351680273,0.011698035,0.0830964216945166,-0.140468766,0.21854070575,0.0195514351680273,-0.140468766,0.21854070575,1.00696093763451,1068.98640601352,1297.33425333577
"model_fits/finalized_redone_trunc_cp/t2_customer_gaussian_iid_day/vegetarian","beta[79,8]","exposure_V3Q26BHF3SE2H_1_slope","slope","V3Q26BHF3SE2H","identity",-0.0833191567805897,-0.0703910405,0.125689631709945,-0.38607067325,0.15060527725,-0.0833191567805897,-0.38607067325,0.15060527725,1.00560081046437,1708.86600202805,1806.34469588199
"model_fits/finalized_redone_trunc_cp/t2_customer_gaussian_iid_day/vegetarian","beta[80,8]","exposure_V3Q26BHF3SE2H_2_slope","slope","V3Q26BHF3SE2H","identity",-0.0739643629666333,-0.066882152,0.120982530332209,-0.36044093525,0.144834916,-0.0739643629666333,-0.36044093525,0.144834916,1.00301045082361,1731.67113878695,2021.46928710796
"model_fits/finalized_redone_trunc_cp/t2_customer_gaussian_iid_day/vegetarian","beta[81,8]","exposure_V3Q26BHF3SE2H_3_slope","slope","V3Q26BHF3SE2H","identity",-0.039307376175049,-0.0534408785,0.114989434992382,-0.24687077825,0.238764974000001,-0.039307376175049,-0.24687077825,0.238764974000001,1.00308334931635,1616.77976291214,1908.54104904406
"model_fits/finalized_redone_trunc_cp/t2_customer_gaussian_iid_day/vegetarian","beta[82,8]","exposure_V3Q26BHF3SE2H_4_slope","slope","V3Q26BHF3SE2H","identity",-0.0425993397910989,-0.057332505,0.117214696021709,-0.258538942,0.24174883575,-0.0425993397910989,-0.258538942,0.24174883575,0.999963367279547,1481.99368626585,1867.79123533345
"model_fits/finalized_redone_trunc_cp/t2_customer_gaussian_iid_day/vegetarian","beta[83,9]","exposure_LBZEEFSBJNB3Z_1_slope","slope","LBZEEFSBJNB3Z","identity",0.132293148954171,0.13174033,0.101478142022646,-0.0654934642,0.342337985,0.132293148954171,-0.0654934642,0.342337985,1.00324337574575,826.248228288972,1074.20372959987
"model_fits/finalized_redone_trunc_cp/t2_customer_gaussian_iid_day/vegetarian","beta[84,10]","exposure_SAFK7ND1HR6XS_1_slope","slope","SAFK7ND1HR6XS","identity",-0.0820625160729083,-0.0730444185,0.155828964520342,-0.42337786925,0.18743103025,-0.0820625160729083,-0.42337786925,0.18743103025,1.00331755882722,912.297164426813,1291.55786401377
"model_fits/finalized_redone_trunc_cp/t2_customer_gaussian_iid_day/vegetarian","beta[85,11]","exposure_S8MT0YGD2KTN9_1_slope","slope","S8MT0YGD2KTN9","identity",-0.05247021566273,-0.054293462,0.0443786258268601,-0.1384486655,0.040449430725,-0.05247021566273,-0.1384486655,0.040449430725,1.00584694961907,730.055650278214,1570.69002667192
"model_fits/finalized_redone_trunc_cp/t2_customer_gaussian_iid_day/vegetarian","beta[86,12]","exposure_1SQPTEGYPH0GA_1_slope","slope","1SQPTEGYPH0GA","identity",0.129034558796146,0.128687815,0.0746696876231839,-0.013452183325,0.27243715975,0.129034558796146,-0.013452183325,0.27243715975,1.0032294049824,736.618224727157,1834.23872679173
"model_fits/finalized_redone_trunc_cp/t2_customer_gaussian_iid_day/vegetarian","beta[87,13]","exposure_9XKJD8DQTH559_1_slope","slope","9XKJD8DQTH559","identity",0.0241571338325467,0.0261190815,0.111179904344775,-0.21141257225,0.24369535125,0.0241571338325467,-0.21141257225,0.24369535125,1.00274448511456,680.019641519187,1868.87390613422
"model_fits/finalized_redone_trunc_cp/t2_customer_gaussian_iid_day/vegetarian","beta[88,13]","exposure_9XKJD8DQTH559_2_slope","slope","9XKJD8DQTH559","identity",0.032415153266112,0.033376272,0.111700003213997,-0.1857811995,0.263054647,0.032415153266112,-0.1857811995,0.263054647,1.01045146383582,438.491119047356,1611.58654576432
"model_fits/finalized_redone_trunc_cp/t2_customer_gaussian_iid_day/vegetarian","beta[89,14]","exposure_LQ5EH4BKGV61T_1_slope","slope","LQ5EH4BKGV61T","identity",0.0186319753200467,0.010497008,0.15842084962407,-0.2835065385,0.35815038325,0.0186319753200467,-0.2835065385,0.35815038325,1.00098123594005,1328.44209997637,1770.56180160243
"model_fits/finalized_redone_trunc_cp/t2_customer_gaussian_iid_day/vegetarian","beta[90,15]","exposure_78AY09MVJVTYE_1_slope","slope","78AY09MVJVTYE","identity",-0.0835395642385,-0.084794653,0.0232292139733926,-0.128444614,-0.037068349425,-0.0835395642385,-0.128444614,-0.037068349425,1.00413717475339,552.188483374065,1418.26186121975
"model_fits/finalized_redone_trunc_cp/t2_customer_gaussian_iid_day/vegetarian","beta[91,1]","exposure_SRQS8F7JWA9MZ_1_gendermale","gender_male","SRQS8F7JWA9MZ","identity",0.0586655385014663,0.054703862,0.050864793302986,-0.033481607275,0.16994706,0.0586655385014663,-0.033481607275,0.16994706,1.00334629071661,1229.40216462284,2220.21790743005
"model_fits/finalized_redone_trunc_cp/t2_customer_gaussian_iid_day/vegetarian","beta[92,1]","exposure_SRQS8F7JWA9MZ_1_genderfemale","gender_female","SRQS8F7JWA9MZ","identity",-0.108064237402598,-0.10473792,0.058878617256193,-0.22720796225,-0.01277438625,-0.108064237402598,-0.22720796225,-0.01277438625,1.00476712004498,613.334077492833,1238.50481458373
"model_fits/finalized_redone_trunc_cp/t2_customer_gaussian_iid_day/vegetarian","beta[93,1]","exposure_SRQS8F7JWA9MZ_2_gendermale","gender_male","SRQS8F7JWA9MZ","identity",-0.0394259024310727,-0.0358610905,0.0536233724334334,-0.15216486875,0.0576248156,-0.0394259024310727,-0.15216486875,0.0576248156,1.00452107524762,1046.77030628787,2335.70125570952
"model_fits/finalized_redone_trunc_cp/t2_customer_gaussian_iid_day/vegetarian","beta[94,1]","exposure_SRQS8F7JWA9MZ_2_genderfemale","gender_female","SRQS8F7JWA9MZ","identity",0.06382479769077,0.060290434,0.0609185053946573,-0.03466043245,0.1868580605,0.06382479769077,-0.03466043245,0.1868580605,1.00595822782833,648.08583293754,1292.80126828549
"model_fits/finalized_redone_trunc_cp/t2_customer_gaussian_iid_day/vegetarian","beta[95,2]","exposure_2HRX9P6HKXA8V_1_gendermale","gender_male","2HRX9P6HKXA8V","identity",0.0220155349246473,0.0217684165,0.0514739937590146,-0.082315063125,0.12168889775,0.0220155349246473,-0.082315063125,0.12168889775,1.00352872231962,1544.21217268269,1977.66212627954
"model_fits/finalized_redone_trunc_cp/t2_customer_gaussian_iid_day/vegetarian","beta[96,2]","exposure_2HRX9P6HKXA8V_1_genderfemale","gender_female","2HRX9P6HKXA8V","identity",-0.0715526697462271,-0.0713247675,0.060451735565228,-0.19530984,0.044927643375,-0.0715526697462271,-0.19530984,0.044927643375,1.006999497808,1950.4548557658,2022.4166508141
"model_fits/finalized_redone_trunc_cp/t2_customer_gaussian_iid_day/vegetarian","beta[97,3]","exposure_L69HYJ4Y3TR91_1_gendermale","gender_male","L69HYJ4Y3TR91","identity",0.172288686543,0.16534773,0.0775210944355827,0.039520271575,0.335917625,0.172288686543,0.039520271575,0.335917625,1.01143140557014,489.743279102893,59.382181757033
"model_fits/finalized_redone_trunc_cp/t2_customer_gaussian_iid_day/vegetarian","beta[98,3]","exposure_L69HYJ4Y3TR91_1_genderfemale","gender_female","L69HYJ4Y3TR91","identity",-0.0165061735749173,-0.018687048,0.0833771452260946,-0.173094457,0.18170522825,-0.0165061735749173,-0.173094457,0.18170522825,1.01201017354209,320.766331861418,67.7924020004017
"model_fits/finalized_redone_trunc_cp/t2_customer_gaussian_iid_day/vegetarian","beta[99,4]","exposure_ED5J990H5VAZT_1_gendermale","gender_male","ED5J990H5VAZT","identity",0.135877960369667,0.135719725,0.0247377438699528,0.088002245175,0.18392904075,0.135877960369667,0.088002245175,0.18392904075,1.00711135112309,1550.88674199965,2429.23478934549
"model_fits/finalized_redone_trunc_cp/t2_customer_gaussian_iid_day/vegetarian","beta[100,4]","exposure_ED5J990H5VAZT_1_genderfemale","gender_female","ED5J990H5VAZT","identity",0.0919864246011333,0.0911599635,0.0253317282289171,0.040830541975,0.142151521,0.0919864246011333,0.040830541975,0.142151521,1.00440255821957,2589.39880661952,2536.86571886931
"model_fits/finalized_redone_trunc_cp/t2_customer_gaussian_iid_day/vegetarian","beta[101,5]","exposure_W8T41JZK0ZMEP_1_gendermale","gender_male","W8T41JZK0ZMEP","identity",-0.15635834407249,-0.119959585,0.152494476868052,-0.54091792725,0.061979878175,-0.15635834407249,-0.54091792725,0.061979878175,1.00864395518004,905.48750081814,1702.47376529129
"model_fits/finalized_redone_trunc_cp/t2_customer_gaussian_iid_day/vegetarian","beta[102,5]","exposure_W8T41JZK0ZMEP_1_genderfemale","gender_female","W8T41JZK0ZMEP","identity",-0.0183895087317477,-0.021875039,0.0815629102279437,-0.178929753,0.15280131025,-0.0183895087317477,-0.178929753,0.15280131025,1.00082300979958,1053.07556622413,1775.1090363861
"model_fits/finalized_redone_trunc_cp/t2_customer_gaussian_iid_day/vegetarian","beta[103,5]","exposure_W8T41JZK0ZMEP_2_gendermale","gender_male","W8T41JZK0ZMEP","identity",-0.100229907780735,-0.094877569,0.0891731219084934,-0.2839836615,0.0646760959500002,-0.100229907780735,-0.2839836615,0.0646760959500002,1.00692859609505,652.721862537251,1890.68878427358
"model_fits/finalized_redone_trunc_cp/t2_customer_gaussian_iid_day/vegetarian","beta[104,5]","exposure_W8T41JZK0ZMEP_2_genderfemale","gender_female","W8T41JZK0ZMEP","identity",0.003768537841075,-0.0034917198,0.0711945918528543,-0.12753471075,0.1675879205,0.003768537841075,-0.12753471075,0.1675879205,1.00208830844284,1419.3678399993,1776.30341398607
"model_fits/finalized_redone_trunc_cp/t2_customer_gaussian_iid_day/vegetarian","beta[105,5]","exposure_W8T41JZK0ZMEP_3_gendermale","gender_male","W8T41JZK0ZMEP","identity",-0.076564009191235,-0.068983454,0.105692255988391,-0.30136575475,0.134113813,-0.076564009191235,-0.30136575475,0.134113813,1.00293158307879,1920.50937785278,1819.37847637708
"model_fits/finalized_redone_trunc_cp/t2_customer_gaussian_iid_day/vegetarian","beta[106,5]","exposure_W8T41JZK0ZMEP_3_genderfemale","gender_female","W8T41JZK0ZMEP","identity",-0.00433929541287667,-0.0100183875,0.0806344776084408,-0.15923584025,0.168953757,-0.00433929541287667,-0.15923584025,0.168953757,1.00315129839597,1223.44299931509,2019.54451415479
"model_fits/finalized_redone_trunc_cp/t2_customer_gaussian_iid_day/vegetarian","beta[107,5]","exposure_W8T41JZK0ZMEP_4_gendermale","gender_male","W8T41JZK0ZMEP","identity",-0.14898638536799,-0.125916865,0.121337947308372,-0.4938004225,0.0486612802500001,-0.14898638536799,-0.4938004225,0.0486612802500001,1.0073394049144,388.788742628519,70.5170284948413
"model_fits/finalized_redone_trunc_cp/t2_customer_gaussian_iid_day/vegetarian","beta[108,5]","exposure_W8T41JZK0ZMEP_4_genderfemale","gender_female","W8T41JZK0ZMEP","identity",-0.0579761762345273,-0.044538524,0.0838533116451332,-0.2479194295,0.0883283623250001,-0.0579761762345273,-0.2479194295,0.0883283623250001,1.00116723813648,1567.11126216867,2044.44909886076
"model_fits/finalized_redone_trunc_cp/t2_customer_gaussian_iid_day/vegetarian","beta[109,5]","exposure_W8T41JZK0ZMEP_5_gendermale","gender_male","W8T41JZK0ZMEP","identity",0.170188726217583,0.1338595,0.198565515823936,-0.08737399415,0.64648366075,0.170188726217583,-0.08737399415,0.64648366075,1.00832865440658,544.806360434031,1695.92457385666
"model_fits/finalized_redone_trunc_cp/t2_customer_gaussian_iid_day/vegetarian","beta[110,5]","exposure_W8T41JZK0ZMEP_5_genderfemale","gender_female","W8T41JZK0ZMEP","identity",-0.033026425952051,-0.030011057,0.084523900631614,-0.21340856275,0.13891580025,-0.033026425952051,-0.21340856275,0.13891580025,1.0048130905468,1730.09289513243,2196.93381425924
"model_fits/finalized_redone_trunc_cp/t2_customer_gaussian_iid_day/vegetarian","beta[111,6]","exposure_EMBVNVD207CC6_1_gendermale","gender_male","EMBVNVD207CC6","identity",-0.069486467360681,-0.0624519245,0.0930058445192348,-0.2615354725,0.0892316576000001,-0.069486467360681,-0.2615354725,0.0892316576000001,1.00171579650983,607.933133035912,1501.55792005265
"model_fits/finalized_redone_trunc_cp/t2_customer_gaussian_iid_day/vegetarian","beta[112,6]","exposure_EMBVNVD207CC6_1_genderfemale","gender_female","EMBVNVD207CC6","identity",-0.147237255317896,-0.139321515,0.126531929058192,-0.4065581815,0.078185271875,-0.147237255317896,-0.4065581815,0.078185271875,1.00463277033328,589.386580678317,1091.17365343422
"model_fits/finalized_redone_trunc_cp/t2_customer_gaussian_iid_day/vegetarian","beta[113,7]","exposure_C0BE4NDSW26QN_1_gendermale","gender_male","C0BE4NDSW26QN","identity",0.07195503948107,0.069882408,0.127165702607157,-0.180556781,0.33691236225,0.07195503948107,-0.180556781,0.33691236225,1.00766152770835,1256.15492853541,1751.15350196931
"model_fits/finalized_redone_trunc_cp/t2_customer_gaussian_iid_day/vegetarian","beta[114,7]","exposure_C0BE4NDSW26QN_1_genderfemale","gender_female","C0BE4NDSW26QN","identity",0.0554703187418,0.053341233,0.0857528858867265,-0.11688912625,0.24417777425,0.0554703187418,-0.11688912625,0.24417777425,1.00477054667662,994.643340171424,1688.33138414419
"model_fits/finalized_redone_trunc_cp/t2_customer_gaussian_iid_day/vegetarian","beta[115,7]","exposure_C0BE4NDSW26QN_2_gendermale","gender_male","C0BE4NDSW26QN","identity",0.0634065328844767,0.063849801,0.126575166141883,-0.20149322925,0.31362705,0.0634065328844767,-0.20149322925,0.31362705,1.00703987612299,1325.75470305455,1665.03846089615
"model_fits/finalized_redone_trunc_cp/t2_customer_gaussian_iid_day/vegetarian","beta[116,7]","exposure_C0BE4NDSW26QN_2_genderfemale","gender_female","C0BE4NDSW26QN","identity",0.0434783061429717,0.045384854,0.0848992355225969,-0.13817434325,0.21598415075,0.0434783061429717,-0.13817434325,0.21598415075,1.00320248812145,1403.31564074965,1711.25467845029
"model_fits/finalized_redone_trunc_cp/t2_customer_gaussian_iid_day/vegetarian","beta[117,8]","exposure_V3Q26BHF3SE2H_1_gendermale","gender_male","V3Q26BHF3SE2H","identity",-0.0877581683607067,-0.0668904005,0.11702282930917,-0.363219856,0.0976149094750003,-0.0877581683607067,-0.363219856,0.0976149094750003,1.00668982273985,1148.70051495568,1855.4060154414
"model_fits/finalized_redone_trunc_cp/t2_customer_gaussian_iid_day/vegetarian","beta[118,8]","exposure_V3Q26BHF3SE2H_1_genderfemale","gender_female","V3Q26BHF3SE2H","identity",-0.0123888800621768,-0.0023599353,0.0808471040022327,-0.2003109665,0.12722434775,-0.0123888800621768,-0.2003109665,0.12722434775,1.00291935149361,1479.33653172501,2294.88322495662
"model_fits/finalized_redone_trunc_cp/t2_customer_gaussian_iid_day/vegetarian","beta[119,8]","exposure_V3Q26BHF3SE2H_2_gendermale","gender_male","V3Q26BHF3SE2H","identity",0.103106858295289,0.0833374465,0.11681936514128,-0.0758874305,0.37337372925,0.103106858295289,-0.0758874305,0.37337372925,1.00857744924013,582.740989274968,1702.66737579142
"model_fits/finalized_redone_trunc_cp/t2_customer_gaussian_iid_day/vegetarian","beta[120,8]","exposure_V3Q26BHF3SE2H_2_genderfemale","gender_female","V3Q26BHF3SE2H","identity",0.0082315076257669,0.0133774015,0.0751713713484297,-0.15703642425,0.1573940625,0.0082315076257669,-0.15703642425,0.1573940625,1.00234354970649,1499.65326907358,1824.99854121613
"model_fits/finalized_redone_trunc_cp/t2_customer_gaussian_iid_day/vegetarian","beta[121,8]","exposure_V3Q26BHF3SE2H_3_gendermale","gender_male","V3Q26BHF3SE2H","identity",0.0747556500280333,0.062453187,0.0815422690522065,-0.06287528405,0.25317024875,0.0747556500280333,-0.06287528405,0.25317024875,1.00581287414312,975.495454974838,1937.4128104679
"model_fits/finalized_redone_trunc_cp/t2_customer_gaussian_iid_day/vegetarian","beta[122,8]","exposure_V3Q26BHF3SE2H_3_genderfemale","gender_female","V3Q26BHF3SE2H","identity",0.0370172032402827,0.034912755,0.0650759835545057,-0.09203019,0.16888466775,0.0370172032402827,-0.09203019,0.16888466775,1.00067003685563,1533.80929884973,2150.8847301682
"model_fits/finalized_redone_trunc_cp/t2_customer_gaussian_iid_day/vegetarian","beta[123,8]","exposure_V3Q26BHF3SE2H_4_gendermale","gender_male","V3Q26BHF3SE2H","identity",-0.0683208163557787,-0.055901991,0.0921595615010997,-0.2735839155,0.089571589125,-0.0683208163557787,-0.2735839155,0.089571589125,1.006517584151,917.977308635115,1941.00587126675
"model_fits/finalized_redone_trunc_cp/t2_customer_gaussian_iid_day/vegetarian","beta[124,8]","exposure_V3Q26BHF3SE2H_4_genderfemale","gender_female","V3Q26BHF3SE2H","identity",0.0959064712669553,0.0864336585,0.0815399917785793,-0.042496210975,0.2725260075,0.0959064712669553,-0.042496210975,0.2725260075,1.00359700227683,1165.7327410894,1888.01624126086
"model_fits/finalized_redone_trunc_cp/t2_customer_gaussian_iid_day/vegetarian","beta[125,9]","exposure_LBZEEFSBJNB3Z_1_gendermale","gender_male","LBZEEFSBJNB3Z","identity",-0.0109393671693987,-0.0118582155,0.0651539559308081,-0.145300918,0.11064641475,-0.0109393671693987,-0.145300918,0.11064641475,1.00045363967477,1398.41999354492,2309.52215475505
"model_fits/finalized_redone_trunc_cp/t2_customer_gaussian_iid_day/vegetarian","beta[126,9]","exposure_LBZEEFSBJNB3Z_1_genderfemale","gender_female","LBZEEFSBJNB3Z","identity",0.169807080674033,0.171083405,0.0606394623039873,0.048492244325,0.2882346365,0.169807080674033,0.048492244325,0.2882346365,1.00340798327387,1381.36001888161,1810.32287013497
"model_fits/finalized_redone_trunc_cp/t2_customer_gaussian_iid_day/vegetarian","beta[127,10]","exposure_SAFK7ND1HR6XS_1_gendermale","gender_male","SAFK7ND1HR6XS","identity",0.103649174370797,0.101043305,0.0532968650641819,0.00418446423,0.21124545425,0.103649174370797,0.00418446423,0.21124545425,1.00204209925784,1302.76151218515,1921.72896864749
"model_fits/finalized_redone_trunc_cp/t2_customer_gaussian_iid_day/vegetarian","beta[128,10]","exposure_SAFK7ND1HR6XS_1_genderfemale","gender_female","SAFK7ND1HR6XS","identity",0.0682164788183867,0.066806382,0.0592569514210688,-0.044136602025,0.185321123,0.0682164788183867,-0.044136602025,0.185321123,1.00370823108614,819.812164704128,2340.54762012317
"model_fits/finalized_redone_trunc_cp/t2_customer_gaussian_iid_day/vegetarian","beta[129,11]","exposure_S8MT0YGD2KTN9_1_gendermale","gender_male","S8MT0YGD2KTN9","identity",0.0304370639285957,0.029704431,0.0418898246319957,-0.0487406731,0.11304686225,0.0304370639285957,-0.0487406731,0.11304686225,1.00257145694929,1027.6735139942,2290.32694078286
"model_fits/finalized_redone_trunc_cp/t2_customer_gaussian_iid_day/vegetarian","beta[130,11]","exposure_S8MT0YGD2KTN9_1_genderfemale","gender_female","S8MT0YGD2KTN9","identity",0.152249135816288,0.153662015,0.0504749792893751,0.056294685475,0.25263541325,0.152249135816288,0.056294685475,0.25263541325,1.00138082683196,1641.66072224098,2147.70659276534
"model_fits/finalized_redone_trunc_cp/t2_customer_gaussian_iid_day/vegetarian","beta[131,12]","exposure_1SQPTEGYPH0GA_1_gendermale","gender_male","1SQPTEGYPH0GA","identity",0.0783000334857147,0.0770323365,0.0783492887693101,-0.0684789557,0.24067138425,0.0783000334857147,-0.0684789557,0.24067138425,1.00650931437135,758.922700266799,2064.41782451847
"model_fits/finalized_redone_trunc_cp/t2_customer_gaussian_iid_day/vegetarian","beta[132,12]","exposure_1SQPTEGYPH0GA_1_genderfemale","gender_female","1SQPTEGYPH0GA","identity",-0.3192246200619,-0.315095555,0.123185099073365,-0.56135040375,-0.085672350025,-0.3192246200619,-0.56135040375,-0.085672350025,1.01125225609918,510.123625387281,236.477312494793
"model_fits/finalized_redone_trunc_cp/t2_customer_gaussian_iid_day/vegetarian","beta[133,13]","exposure_9XKJD8DQTH559_1_gendermale","gender_male","9XKJD8DQTH559","identity",0.2380688597224,0.22407118,0.11243928772637,0.052307090675,0.47527708975,0.2380688597224,0.052307090675,0.47527708975,1.00386987953874,611.801529215299,1167.70913166705
"model_fits/finalized_redone_trunc_cp/t2_customer_gaussian_iid_day/vegetarian","beta[134,13]","exposure_9XKJD8DQTH559_1_genderfemale","gender_female","9XKJD8DQTH559","identity",0.181130118634607,0.18202032,0.0878225408680263,0.00807841061500001,0.35916263425,0.181130118634607,0.00807841061500001,0.35916263425,1.00622881114411,1205.75168286581,1927.52596745988
"model_fits/finalized_redone_trunc_cp/t2_customer_gaussian_iid_day/vegetarian","beta[135,13]","exposure_9XKJD8DQTH559_2_gendermale","gender_male","9XKJD8DQTH559","identity",0.117645271808437,0.125151935,0.100297793356466,-0.089893283525,0.303297561,0.117645271808437,-0.089893283525,0.303297561,1.00674132447612,649.521949607006,164.17057497721
"model_fits/finalized_redone_trunc_cp/t2_customer_gaussian_iid_day/vegetarian","beta[136,13]","exposure_9XKJD8DQTH559_2_genderfemale","gender_female","9XKJD8DQTH559","identity",0.200269083878569,0.198031085,0.081207977576373,0.043051229975,0.36064957075,0.200269083878569,0.043051229975,0.36064957075,1.00402486119189,1173.23535387779,2196.28533888981
"model_fits/finalized_redone_trunc_cp/t2_customer_gaussian_iid_day/vegetarian","beta[137,14]","exposure_LQ5EH4BKGV61T_1_gendermale","gender_male","LQ5EH4BKGV61T","identity",0.0478650293542103,0.0518121335,0.106166355145353,-0.17706828675,0.25379866225,0.0478650293542103,-0.17706828675,0.25379866225,1.0010195482806,1720.75801415866,1822.75034674179
"model_fits/finalized_redone_trunc_cp/t2_customer_gaussian_iid_day/vegetarian","beta[138,14]","exposure_LQ5EH4BKGV61T_1_genderfemale","gender_female","LQ5EH4BKGV61T","identity",0.0841714020183957,0.07650509,0.181129946781197,-0.23734949775,0.47160541075,0.0841714020183957,-0.23734949775,0.47160541075,1.00485444551774,649.0031787793,251.202957392376
"model_fits/finalized_redone_trunc_cp/t2_customer_gaussian_iid_day/vegetarian","beta[139,15]","exposure_78AY09MVJVTYE_1_gendermale","gender_male","78AY09MVJVTYE","identity",0.131566813449,0.131655605,0.0337981464360466,0.0677728764,0.19793219975,0.131566813449,0.0677728764,0.19793219975,1.00077881002472,1864.66647214419,2429.09607184896
"model_fits/finalized_redone_trunc_cp/t2_customer_gaussian_iid_day/vegetarian","beta[140,15]","exposure_78AY09MVJVTYE_1_genderfemale","gender_female","78AY09MVJVTYE","identity",0.0716453393599889,0.0702161915,0.0386051134494383,-0.00301149799,0.1456985335,0.0716453393599889,-0.00301149799,0.1456985335,1.00188470787303,841.640432615147,2161.55229755944
"model_fits/finalized_redone_trunc_cp/t2_customer_gaussian_iid_day/vegetarian","mu_gamma[1]","mu_gamma[1]","pooled_mu_gamma",NA,"identity",-0.00985355427504163,-0.0125409525,0.0416493005892967,-0.08371025815,0.078435068875,-0.00985355427504163,-0.08371025815,0.078435068875,1.01563977836808,364.414173171482,829.069677652578
"model_fits/finalized_redone_trunc_cp/t2_customer_gaussian_iid_day/vegetarian","mu_gamma[2]","mu_gamma[2]","pooled_mu_gamma",NA,"identity",0.00971540200251163,0.00878631155,0.0521013347302652,-0.0926084947,0.11737197625,0.00971540200251163,-0.0926084947,0.11737197625,1.00295013986364,499.855904321175,952.456452471193
"model_fits/finalized_redone_trunc_cp/t2_customer_gaussian_iid_day/vegetarian","mu_gamma[3]","mu_gamma[3]","pooled_mu_gamma",NA,"identity",0.056572512516805,0.056702552,0.0350968972606387,-0.0138882756,0.12545912425,0.056572512516805,-0.0138882756,0.12545912425,1.00589180472569,538.245270899632,843.735574647345
"model_fits/finalized_redone_trunc_cp/t2_customer_gaussian_iid_day/vegetarian","mu_gamma[4]","mu_gamma[4]","pooled_mu_gamma",NA,"identity",0.0225296410108333,0.0224680585,0.0521677644866703,-0.07679804905,0.12794901275,0.0225296410108333,-0.07679804905,0.12794901275,1.00712855112234,301.962478466873,563.899531379592
"model_fits/finalized_redone_trunc_cp/t2_customer_targeted_gaussian_iid_day/breakfast_t2","beta[42,1]","exposure_2HRX9P6HKXA8V_1","level","2HRX9P6HKXA8V","identity",0.01167434816425,0.0118909705,0.0403812767462559,-0.0773162442,0.10043631075,0.01167434816425,-0.0773162442,0.10043631075,1.00485942449678,654.109743160594,955.215265962704
"model_fits/finalized_redone_trunc_cp/t2_customer_targeted_gaussian_iid_day/breakfast_t2","beta[43,2]","exposure_L69HYJ4Y3TR91_1","level","L69HYJ4Y3TR91","identity",0.00929234010999107,0.010726585,0.0372942032220668,-0.076318872675,0.0823083728000001,0.00929234010999107,-0.076318872675,0.0823083728000001,1.00121278841112,672.310277769052,1349.41550190001
"model_fits/finalized_redone_trunc_cp/t2_customer_targeted_gaussian_iid_day/breakfast_t2","beta[44,3]","exposure_ED5J990H5VAZT_1","level","ED5J990H5VAZT","identity",0.018306761393766,0.016825019,0.0217603294252196,-0.02144767585,0.065122004,0.018306761393766,-0.02144767585,0.065122004,1.00214974255292,886.057622954242,1392.9860928111
"model_fits/finalized_redone_trunc_cp/t2_customer_targeted_gaussian_iid_day/breakfast_t2","beta[45,5]","exposure_W8T41JZK0ZMEP_1","level","W8T41JZK0ZMEP","identity",-0.0150413279299687,-0.013459449,0.022775533876432,-0.062205333275,0.02782713275,-0.0150413279299687,-0.062205333275,0.02782713275,1.00060646474677,876.71194541008,1566.64524017359
"model_fits/finalized_redone_trunc_cp/t2_customer_targeted_gaussian_iid_day/breakfast_t2","beta[46,5]","exposure_W8T41JZK0ZMEP_2","level","W8T41JZK0ZMEP","identity",-0.00658100516996297,-0.0066745586,0.0224600429871051,-0.052210773525,0.0373970606,-0.00658100516996297,-0.052210773525,0.0373970606,1.00040502978846,840.341625338289,1455.41961741307
"model_fits/finalized_redone_trunc_cp/t2_customer_targeted_gaussian_iid_day/breakfast_t2","beta[47,5]","exposure_W8T41JZK0ZMEP_3","level","W8T41JZK0ZMEP","identity",0.01584429663143,0.014994426,0.0271228681924828,-0.034344865,0.071797628175,0.01584429663143,-0.034344865,0.071797628175,1.00651140704042,349.170916630801,1075.20789854286
"model_fits/finalized_redone_trunc_cp/t2_customer_targeted_gaussian_iid_day/breakfast_t2","beta[48,5]","exposure_W8T41JZK0ZMEP_4","level","W8T41JZK0ZMEP","identity",-0.0233365813614302,-0.0210432075,0.0262605814877587,-0.07961149655,0.02361291915,-0.0233365813614302,-0.07961149655,0.02361291915,1.00388879513893,575.023440775182,1232.15130829419
"model_fits/finalized_redone_trunc_cp/t2_customer_targeted_gaussian_iid_day/breakfast_t2","beta[49,5]","exposure_W8T41JZK0ZMEP_5","level","W8T41JZK0ZMEP","identity",-0.00376705288295433,-0.0041546053,0.0260605762963679,-0.056139872875,0.05044387925,-0.00376705288295433,-0.056139872875,0.05044387925,1.00514965989039,675.699290973053,1321.64678894113
"model_fits/finalized_redone_trunc_cp/t2_customer_targeted_gaussian_iid_day/breakfast_t2","beta[50,6]","exposure_V3Q26BHF3SE2H_1","level","V3Q26BHF3SE2H","identity",0.058178109638834,0.055623543,0.0304880208834702,0.0052785792975,0.12485122975,0.058178109638834,0.0052785792975,0.12485122975,1.00455394550406,478.325265371433,1485.90134103171
"model_fits/finalized_redone_trunc_cp/t2_customer_targeted_gaussian_iid_day/breakfast_t2","beta[51,6]","exposure_V3Q26BHF3SE2H_2","level","V3Q26BHF3SE2H","identity",0.0311828558895,0.0316121635,0.0264797578493895,-0.02142135335,0.0843192785,0.0311828558895,-0.02142135335,0.0843192785,1.0035391981975,900.60741442003,1576.26493008181
"model_fits/finalized_redone_trunc_cp/t2_customer_targeted_gaussian_iid_day/breakfast_t2","beta[52,6]","exposure_V3Q26BHF3SE2H_3","level","V3Q26BHF3SE2H","identity",-0.0136185624091051,-0.013223853,0.0363294544246929,-0.08225041435,0.05309160905,-0.0136185624091051,-0.08225041435,0.05309160905,1.00354107921342,197.774894614057,691.327234344942
"model_fits/finalized_redone_trunc_cp/t2_customer_targeted_gaussian_iid_day/breakfast_t2","beta[53,6]","exposure_V3Q26BHF3SE2H_4","level","V3Q26BHF3SE2H","identity",0.0345764911837208,0.0330026495,0.028300468481752,-0.0196615621,0.09415095345,0.0345764911837208,-0.0196615621,0.09415095345,1.00491310037368,591.310553304799,1122.62254128691
"model_fits/finalized_redone_trunc_cp/t2_customer_targeted_gaussian_iid_day/breakfast_t2","beta[54,4]","exposure_78AY09MVJVTYE_1","level","78AY09MVJVTYE","identity",0.0120600395179113,0.0117573015,0.0465355409789086,-0.08763911795,0.109319898,0.0120600395179113,-0.08763911795,0.109319898,1.0070531134184,552.041908625127,936.255224748919
"model_fits/finalized_redone_trunc_cp/t2_customer_targeted_gaussian_iid_day/breakfast_t2","beta[55,1]","exposure_2HRX9P6HKXA8V_1_slope","slope","2HRX9P6HKXA8V","identity",-0.000573181110412333,-0.00128969605,0.0430583027930036,-0.083296269625,0.0854781985,-0.000573181110412333,-0.083296269625,0.0854781985,1.0073695887322,358.95541989996,662.782937838664
"model_fits/finalized_redone_trunc_cp/t2_customer_targeted_gaussian_iid_day/breakfast_t2","beta[56,2]","exposure_L69HYJ4Y3TR91_1_slope","slope","L69HYJ4Y3TR91","identity",0.0396518832499847,0.0410549835,0.105639502977386,-0.18008102275,0.25341377925,0.0396518832499847,-0.18008102275,0.25341377925,1.00553852657584,564.696102939207,1017.93120036198
"model_fits/finalized_redone_trunc_cp/t2_customer_targeted_gaussian_iid_day/breakfast_t2","beta[57,3]","exposure_ED5J990H5VAZT_1_slope","slope","ED5J990H5VAZT","identity",0.115171162459637,0.11650041,0.0416854534497728,0.02876391335,0.19197578225,0.115171162459637,0.02876391335,0.19197578225,1.00442245113676,568.567903475338,673.890825027532
"model_fits/finalized_redone_trunc_cp/t2_customer_targeted_gaussian_iid_day/breakfast_t2","beta[58,5]","exposure_W8T41JZK0ZMEP_1_slope","slope","W8T41JZK0ZMEP","identity",-0.0016168725564952,-0.00802816825,0.200365847209818,-0.38238012975,0.455626653,-0.0016168725564952,-0.38238012975,0.455626653,1.0190845069877,317.255051494875,916.529317542838
"model_fits/finalized_redone_trunc_cp/t2_customer_targeted_gaussian_iid_day/breakfast_t2","beta[59,5]","exposure_W8T41JZK0ZMEP_2_slope","slope","W8T41JZK0ZMEP","identity",-0.0514572281975883,-0.0300444935,0.129048757459233,-0.3325386795,0.17265123275,-0.0514572281975883,-0.3325386795,0.17265123275,1.00505083705382,434.79127485696,716.65248555102
"model_fits/finalized_redone_trunc_cp/t2_customer_targeted_gaussian_iid_day/breakfast_t2","beta[60,5]","exposure_W8T41JZK0ZMEP_3_slope","slope","W8T41JZK0ZMEP","identity",0.0866074207950139,0.0579140805,0.166230444138936,-0.2081775195,0.46974500025,0.0866074207950139,-0.2081775195,0.46974500025,1.00200499896267,591.883896525189,1108.99404661864
"model_fits/finalized_redone_trunc_cp/t2_customer_targeted_gaussian_iid_day/breakfast_t2","beta[61,5]","exposure_W8T41JZK0ZMEP_4_slope","slope","W8T41JZK0ZMEP","identity",0.0806820895418883,0.0582501325,0.16160362393256,-0.231451646,0.44896261125,0.0806820895418883,-0.231451646,0.44896261125,1.00306086090041,499.629139299965,1148.84783555156
"model_fits/finalized_redone_trunc_cp/t2_customer_targeted_gaussian_iid_day/breakfast_t2","beta[62,5]","exposure_W8T41JZK0ZMEP_5_slope","slope","W8T41JZK0ZMEP","identity",-0.0970054857088937,-0.053107604,0.218054240897725,-0.6265194155,0.275324924000001,-0.0970054857088937,-0.6265194155,0.275324924000001,1.0140769333626,292.824531055443,851.156888710382
"model_fits/finalized_redone_trunc_cp/t2_customer_targeted_gaussian_iid_day/breakfast_t2","beta[63,6]","exposure_V3Q26BHF3SE2H_1_slope","slope","V3Q26BHF3SE2H","identity",-0.0261919758935723,-0.011888254,0.207236178327761,-0.458742188,0.4037683225,-0.0261919758935723,-0.458742188,0.4037683225,1.00074159967878,678.843816935331,1221.10909024578
"model_fits/finalized_redone_trunc_cp/t2_customer_targeted_gaussian_iid_day/breakfast_t2","beta[64,6]","exposure_V3Q26BHF3SE2H_2_slope","slope","V3Q26BHF3SE2H","identity",0.05040897646228,0.0237936605,0.210072969043614,-0.31795092825,0.53911857675,0.05040897646228,-0.31795092825,0.53911857675,1.00545085853289,575.716425450605,1265.4843611628
"model_fits/finalized_redone_trunc_cp/t2_customer_targeted_gaussian_iid_day/breakfast_t2","beta[65,6]","exposure_V3Q26BHF3SE2H_3_slope","slope","V3Q26BHF3SE2H","identity",0.282577189852077,0.27311111,0.187318191584734,0.0041083390175,0.6731128945,0.282577189852077,0.0041083390175,0.6731128945,1.00184570242963,223.817291909332,330.028036000317
"model_fits/finalized_redone_trunc_cp/t2_customer_targeted_gaussian_iid_day/breakfast_t2","beta[66,6]","exposure_V3Q26BHF3SE2H_4_slope","slope","V3Q26BHF3SE2H","identity",-0.214038272753229,-0.15603572,0.249009156117942,-0.7907980735,0.11718699825,-0.214038272753229,-0.7907980735,0.11718699825,1.00886051726129,233.997311814712,707.963760825455
"model_fits/finalized_redone_trunc_cp/t2_customer_targeted_gaussian_iid_day/breakfast_t2","beta[67,4]","exposure_78AY09MVJVTYE_1_slope","slope","78AY09MVJVTYE","identity",0.03904241487651,0.037754409,0.0525128985576051,-0.06086085285,0.14659583475,0.03904241487651,-0.06086085285,0.14659583475,1.00309977235915,443.010984372866,1127.02915506597
"model_fits/finalized_redone_trunc_cp/t2_customer_targeted_gaussian_iid_day/breakfast_t2","beta[68,1]","exposure_2HRX9P6HKXA8V_1_gendermale","gender_male","2HRX9P6HKXA8V","identity",-0.032045342140756,-0.0308495515,0.0522123004818237,-0.14115880875,0.070407484325,-0.032045342140756,-0.14115880875,0.070407484325,1.00838335537649,422.184630135988,995.331887632705
"model_fits/finalized_redone_trunc_cp/t2_customer_targeted_gaussian_iid_day/breakfast_t2","beta[69,1]","exposure_2HRX9P6HKXA8V_1_genderfemale","gender_female","2HRX9P6HKXA8V","identity",-0.134228980609337,-0.132487015,0.073677276190914,-0.2859128555,-0.00497099574,-0.134228980609337,-0.2859128555,-0.00497099574,1.00268078553394,338.425444752225,427.362955440191
"model_fits/finalized_redone_trunc_cp/t2_customer_targeted_gaussian_iid_day/breakfast_t2","beta[70,2]","exposure_L69HYJ4Y3TR91_1_gendermale","gender_male","L69HYJ4Y3TR91","identity",-0.00392703851879737,-0.0060398328,0.0361974771610603,-0.0705420899,0.0712944544,-0.00392703851879737,-0.0705420899,0.0712944544,1.00111261926994,1008.14252541558,1926.50469523581
"model_fits/finalized_redone_trunc_cp/t2_customer_targeted_gaussian_iid_day/breakfast_t2","beta[71,2]","exposure_L69HYJ4Y3TR91_1_genderfemale","gender_female","L69HYJ4Y3TR91","identity",0.0531401750432553,0.0530374525,0.0407485025326585,-0.02311687455,0.1310793925,0.0531401750432553,-0.02311687455,0.1310793925,1.00110381792484,787.018724290068,1373.73199033833
"model_fits/finalized_redone_trunc_cp/t2_customer_targeted_gaussian_iid_day/breakfast_t2","beta[72,3]","exposure_ED5J990H5VAZT_1_gendermale","gender_male","ED5J990H5VAZT","identity",-0.08093536455,-0.081130014,0.0201447490831257,-0.11864252975,-0.040109806475,-0.08093536455,-0.11864252975,-0.040109806475,1.0022416120147,1451.77677545924,1426.06291702413
"model_fits/finalized_redone_trunc_cp/t2_customer_targeted_gaussian_iid_day/breakfast_t2","beta[73,3]","exposure_ED5J990H5VAZT_1_genderfemale","gender_female","ED5J990H5VAZT","identity",-0.0390027624667233,-0.038941744,0.0193675112759711,-0.0771868121,-0.0013236437075,-0.0390027624667233,-0.0771868121,-0.0013236437075,1.00184902946249,1384.86772410726,1087.29810926238
"model_fits/finalized_redone_trunc_cp/t2_customer_targeted_gaussian_iid_day/breakfast_t2","beta[74,5]","exposure_W8T41JZK0ZMEP_1_gendermale","gender_male","W8T41JZK0ZMEP","identity",-0.00287075246076167,-0.00180706065,0.0176764584699437,-0.04271627735,0.032931524025,-0.00287075246076167,-0.04271627735,0.032931524025,1.00255016257447,735.923739065725,1113.21046298321
"model_fits/finalized_redone_trunc_cp/t2_customer_targeted_gaussian_iid_day/breakfast_t2","beta[75,5]","exposure_W8T41JZK0ZMEP_1_genderfemale","gender_female","W8T41JZK0ZMEP","identity",0.011241612154337,0.00922808795,0.0212318846501438,-0.030313222125,0.0607649446,0.011241612154337,-0.030313222125,0.0607649446,1.00752196908581,644.881067498692,968.185061558468
"model_fits/finalized_redone_trunc_cp/t2_customer_targeted_gaussian_iid_day/breakfast_t2","beta[76,5]","exposure_W8T41JZK0ZMEP_2_gendermale","gender_male","W8T41JZK0ZMEP","identity",0.0005768824049222,-4.16063585e-05,0.0130947908260146,-0.026772193375,0.0295445187,0.0005768824049222,-0.026772193375,0.0295445187,1.00161311383235,891.810699526985,1388.70782655287
"model_fits/finalized_redone_trunc_cp/t2_customer_targeted_gaussian_iid_day/breakfast_t2","beta[77,5]","exposure_W8T41JZK0ZMEP_2_genderfemale","gender_female","W8T41JZK0ZMEP","identity",0.0019398567145664,0.00309603505,0.0154722879065559,-0.029595902025,0.03353863615,0.0019398567145664,-0.029595902025,0.03353863615,1.00878547212,802.149809346298,1760.80198451308
"model_fits/finalized_redone_trunc_cp/t2_customer_targeted_gaussian_iid_day/breakfast_t2","beta[78,5]","exposure_W8T41JZK0ZMEP_3_gendermale","gender_male","W8T41JZK0ZMEP","identity",0.000644118688183397,0.000151261275,0.0168747298973699,-0.034652158475,0.039106322225,0.000644118688183397,-0.034652158475,0.039106322225,1.00209030322324,834.100213282571,1351.56723885676
"model_fits/finalized_redone_trunc_cp/t2_customer_targeted_gaussian_iid_day/breakfast_t2","beta[79,5]","exposure_W8T41JZK0ZMEP_3_genderfemale","gender_female","W8T41JZK0ZMEP","identity",0.00710384288448167,0.0063612498,0.0187919870330771,-0.0301418836,0.047986599325,0.00710384288448167,-0.0301418836,0.047986599325,1.00219865774057,621.833279537343,1569.83626807441
"model_fits/finalized_redone_trunc_cp/t2_customer_targeted_gaussian_iid_day/breakfast_t2","beta[80,5]","exposure_W8T41JZK0ZMEP_4_gendermale","gender_male","W8T41JZK0ZMEP","identity",-0.0008060500967002,-0.000691129455,0.0161333517314076,-0.0356764221,0.0340309501,-0.0008060500967002,-0.0356764221,0.0340309501,1.00385445376843,871.677608674922,1742.74531529663
"model_fits/finalized_redone_trunc_cp/t2_customer_targeted_gaussian_iid_day/breakfast_t2","beta[81,5]","exposure_W8T41JZK0ZMEP_4_genderfemale","gender_female","W8T41JZK0ZMEP","identity",-0.00131364914844063,0.0017742152,0.0197096180619987,-0.047984657125,0.033485529925,-0.00131364914844063,-0.047984657125,0.033485529925,0.999937849424767,666.217173826621,1382.51876622603
"model_fits/finalized_redone_trunc_cp/t2_customer_targeted_gaussian_iid_day/breakfast_t2","beta[82,5]","exposure_W8T41JZK0ZMEP_5_gendermale","gender_male","W8T41JZK0ZMEP","identity",-0.000469219076162967,-0.000390686525,0.0174395408826922,-0.04184499075,0.033853882625,-0.000469219076162967,-0.04184499075,0.033853882625,1.00443965664235,773.588065331824,810.977261091596
"model_fits/finalized_redone_trunc_cp/t2_customer_targeted_gaussian_iid_day/breakfast_t2","beta[83,5]","exposure_W8T41JZK0ZMEP_5_genderfemale","gender_female","W8T41JZK0ZMEP","identity",0.009917484368474,0.0082841731,0.0213602382195294,-0.031969024,0.0566196916,0.009917484368474,-0.031969024,0.0566196916,1.00593349755918,749.905581739928,1206.65625818826
"model_fits/finalized_redone_trunc_cp/t2_customer_targeted_gaussian_iid_day/breakfast_t2","beta[84,6]","exposure_V3Q26BHF3SE2H_1_gendermale","gender_male","V3Q26BHF3SE2H","identity",-0.0257817061530537,-0.0221571735,0.0195135265973941,-0.0732680702,0.005867035615,-0.0257817061530537,-0.0732680702,0.005867035615,1.00629972341107,498.61524784026,1015.31620600446
"model_fits/finalized_redone_trunc_cp/t2_customer_targeted_gaussian_iid_day/breakfast_t2","beta[85,6]","exposure_V3Q26BHF3SE2H_1_genderfemale","gender_female","V3Q26BHF3SE2H","identity",-0.00625051557694967,-0.0096879922,0.0238993638142298,-0.050133658175,0.048348559575,-0.00625051557694967,-0.050133658175,0.048348559575,1.00377900221435,574.059600526288,1351.43337812302
"model_fits/finalized_redone_trunc_cp/t2_customer_targeted_gaussian_iid_day/breakfast_t2","beta[86,6]","exposure_V3Q26BHF3SE2H_2_gendermale","gender_male","V3Q26BHF3SE2H","identity",-0.0223876105988019,-0.020469086,0.017704096288976,-0.0630308477,0.010009166875,-0.0223876105988019,-0.0630308477,0.010009166875,1.00464892526713,689.850755983363,1285.20345171676
"model_fits/finalized_redone_trunc_cp/t2_customer_targeted_gaussian_iid_day/breakfast_t2","beta[87,6]","exposure_V3Q26BHF3SE2H_2_genderfemale","gender_female","V3Q26BHF3SE2H","identity",-0.0156530525797386,-0.014512713,0.0222194775776011,-0.066676903475,0.02889060935,-0.0156530525797386,-0.066676903475,0.02889060935,1.00258872865478,774.078911626747,1151.44891635745
"model_fits/finalized_redone_trunc_cp/t2_customer_targeted_gaussian_iid_day/breakfast_t2","beta[88,6]","exposure_V3Q26BHF3SE2H_3_gendermale","gender_male","V3Q26BHF3SE2H","identity",-0.00390929614738077,-0.00913703365,0.0194595090190309,-0.031006745175,0.044976675275,-0.00390929614738077,-0.031006745175,0.044976675275,1.00105582981796,448.370169927542,1423.7005294031
"model_fits/finalized_redone_trunc_cp/t2_customer_targeted_gaussian_iid_day/breakfast_t2","beta[89,6]","exposure_V3Q26BHF3SE2H_3_genderfemale","gender_female","V3Q26BHF3SE2H","identity",-0.0444183497986767,-0.039783442,0.0280313086697864,-0.106736188,-0.00549693828,-0.0444183497986767,-0.106736188,-0.00549693828,1.00463286487048,240.005831458455,990.687619357447
"model_fits/finalized_redone_trunc_cp/t2_customer_targeted_gaussian_iid_day/breakfast_t2","beta[90,6]","exposure_V3Q26BHF3SE2H_4_gendermale","gender_male","V3Q26BHF3SE2H","identity",-0.0163986648851873,-0.0170485035,0.0160838357602171,-0.05006182095,0.019034656975,-0.0163986648851873,-0.05006182095,0.019034656975,1.00328719646709,821.33351240258,1327.65015200136
"model_fits/finalized_redone_trunc_cp/t2_customer_targeted_gaussian_iid_day/breakfast_t2","beta[91,6]","exposure_V3Q26BHF3SE2H_4_genderfemale","gender_female","V3Q26BHF3SE2H","identity",0.00418191436270867,-0.0010796017,0.0247608659354344,-0.032606571,0.063226752875,0.00418191436270867,-0.032606571,0.063226752875,1.00257205798429,425.221352614786,1490.79771032919
"model_fits/finalized_redone_trunc_cp/t2_customer_targeted_gaussian_iid_day/breakfast_t2","beta[92,4]","exposure_78AY09MVJVTYE_1_gendermale","gender_male","78AY09MVJVTYE","identity",-0.0991995689434783,-0.082684534,0.0819551695991204,-0.29590169,0.022638969075,-0.0991995689434783,-0.29590169,0.022638969075,1.00654558793377,434.4280448882,1183.00248174677
"model_fits/finalized_redone_trunc_cp/t2_customer_targeted_gaussian_iid_day/breakfast_t2","beta[93,4]","exposure_78AY09MVJVTYE_1_genderfemale","gender_female","78AY09MVJVTYE","identity",0.152042856411152,0.14702315,0.122741341415537,-0.047116442125,0.40754432275,0.152042856411152,-0.047116442125,0.40754432275,1.00356376736723,281.073635347506,435.88016695631
"model_fits/finalized_redone_trunc_cp/t2_customer_targeted_gaussian_iid_day/breakfast_t2","mu_gamma[1]","mu_gamma[1]","pooled_mu_gamma",NA,"identity",0.00982567885388593,0.010206672,0.0257767706637822,-0.050952129675,0.060308366225,0.00982567885388593,-0.050952129675,0.060308366225,1.00766016142274,259.532856539914,308.373331508969
"model_fits/finalized_redone_trunc_cp/t2_customer_targeted_gaussian_iid_day/breakfast_t2","mu_gamma[2]","mu_gamma[2]","pooled_mu_gamma",NA,"identity",0.0451548367242838,0.0435462635,0.0570515482769678,-0.07121504435,0.15920766825,0.0451548367242838,-0.07121504435,0.15920766825,1.00990605119799,269.445361739663,470.779961248017
"model_fits/finalized_redone_trunc_cp/t2_customer_targeted_gaussian_iid_day/breakfast_t2","mu_gamma[3]","mu_gamma[3]","pooled_mu_gamma",NA,"identity",-0.0402932539719133,-0.0357515375,0.038284483911585,-0.128440234,0.026726037475,-0.0402932539719133,-0.128440234,0.026726037475,1.00992893835204,277.523244394311,359.487888112955
"model_fits/finalized_redone_trunc_cp/t2_customer_targeted_gaussian_iid_day/breakfast_t2","mu_gamma[4]","mu_gamma[4]","pooled_mu_gamma",NA,"identity",-0.000219526879630167,-0.0039196953,0.0807475428528614,-0.16505413525,0.16983827625,-0.000219526879630167,-0.16505413525,0.16983827625,1.01637507331201,160.353950001009,231.290493780547
"model_fits/finalized_redone_trunc_cp/t2_customer_targeted_gaussian_iid_day/dairy_t2","beta[42,1]","exposure_W8T41JZK0ZMEP_1","level","W8T41JZK0ZMEP","identity",-0.00166809112583287,0.012763514,0.0986193117278239,-0.2323700415,0.159264947,-0.00166809112583287,-0.2323700415,0.159264947,1.00361654431204,1043.61678186605,1722.42810757461
"model_fits/finalized_redone_trunc_cp/t2_customer_targeted_gaussian_iid_day/dairy_t2","beta[43,1]","exposure_W8T41JZK0ZMEP_2","level","W8T41JZK0ZMEP","identity",0.0561747570261918,0.0541036455,0.0816560282489726,-0.1101141895,0.2280260805,0.0561747570261918,-0.1101141895,0.2280260805,1.00317451385751,1542.55237956024,2105.69040214231
"model_fits/finalized_redone_trunc_cp/t2_customer_targeted_gaussian_iid_day/dairy_t2","beta[44,1]","exposure_W8T41JZK0ZMEP_3","level","W8T41JZK0ZMEP","identity",0.0881016202836273,0.078021618,0.0952614174272641,-0.086258591875,0.313336227,0.0881016202836273,-0.086258591875,0.313336227,1.0018284567734,1355.24886330531,2429.92429106082
"model_fits/finalized_redone_trunc_cp/t2_customer_targeted_gaussian_iid_day/dairy_t2","beta[45,1]","exposure_W8T41JZK0ZMEP_4","level","W8T41JZK0ZMEP","identity",0.0270202508472732,0.034221093,0.0839666119889026,-0.14994911625,0.18411285325,0.0270202508472732,-0.14994911625,0.18411285325,1.00134601318469,1559.79651477188,2202.31452287225
"model_fits/finalized_redone_trunc_cp/t2_customer_targeted_gaussian_iid_day/dairy_t2","beta[46,1]","exposure_W8T41JZK0ZMEP_5","level","W8T41JZK0ZMEP","identity",0.059588548687411,0.0556721995,0.0970060731049167,-0.1218886715,0.273295987,0.059588548687411,-0.1218886715,0.273295987,1.00164406808431,1214.61591699207,1625.35651856325
"model_fits/finalized_redone_trunc_cp/t2_customer_targeted_gaussian_iid_day/dairy_t2","beta[47,2]","exposure_EMBVNVD207CC6_1","level","EMBVNVD207CC6","identity",0.42213697894504,0.41320054,0.290859279376614,-0.0928842243,1.0123828975,0.42213697894504,-0.0928842243,1.0123828975,1.0008056023433,704.977032964426,1242.06390625352
"model_fits/finalized_redone_trunc_cp/t2_customer_targeted_gaussian_iid_day/dairy_t2","beta[48,3]","exposure_9XKJD8DQTH559_1","level","9XKJD8DQTH559","identity",-0.138297611211382,-0.14314879,0.091635320000024,-0.30716314475,0.052974864775,-0.138297611211382,-0.30716314475,0.052974864775,1.00245676635108,1202.29241492736,2182.63519268016
"model_fits/finalized_redone_trunc_cp/t2_customer_targeted_gaussian_iid_day/dairy_t2","beta[49,3]","exposure_9XKJD8DQTH559_2","level","9XKJD8DQTH559","identity",-0.164983820986871,-0.1662623,0.0950183889172645,-0.352611061,0.0293750995250001,-0.164983820986871,-0.352611061,0.0293750995250001,1.00205539474754,1577.33786466807,2234.1325390539
"model_fits/finalized_redone_trunc_cp/t2_customer_targeted_gaussian_iid_day/dairy_t2","beta[50,1]","exposure_W8T41JZK0ZMEP_1_slope","slope","W8T41JZK0ZMEP","identity",-0.0631673998832546,-0.0564062105,0.373722327131521,-0.847215906,0.73221628225,-0.0631673998832546,-0.847215906,0.73221628225,1.00092059016725,1535.61162529826,2240.5475825061
"model_fits/finalized_redone_trunc_cp/t2_customer_targeted_gaussian_iid_day/dairy_t2","beta[51,1]","exposure_W8T41JZK0ZMEP_2_slope","slope","W8T41JZK0ZMEP","identity",0.00783470191422,-0.024056171,0.311349740346847,-0.58448809725,0.74317267225,0.00783470191422,-0.58448809725,0.74317267225,1.00448769517442,1555.60859308871,2081.55494460269
"model_fits/finalized_redone_trunc_cp/t2_customer_targeted_gaussian_iid_day/dairy_t2","beta[52,1]","exposure_W8T41JZK0ZMEP_3_slope","slope","W8T41JZK0ZMEP","identity",-0.0394321034492823,-0.04045652,0.335821908534527,-0.7439844575,0.689151728,-0.0394321034492823,-0.7439844575,0.689151728,1.00132413265214,1612.74100503004,2201.86879510137
"model_fits/finalized_redone_trunc_cp/t2_customer_targeted_gaussian_iid_day/dairy_t2","beta[53,1]","exposure_W8T41JZK0ZMEP_4_slope","slope","W8T41JZK0ZMEP","identity",-0.050081876279518,-0.0495505305,0.335706003939467,-0.7980889845,0.69271688625,-0.050081876279518,-0.7980889845,0.69271688625,1.00269806468766,1412.84793008221,1925.03593968123
"model_fits/finalized_redone_trunc_cp/t2_customer_targeted_gaussian_iid_day/dairy_t2","beta[54,1]","exposure_W8T41JZK0ZMEP_5_slope","slope","W8T41JZK0ZMEP","identity",-0.124893950500626,-0.0777869825,0.356074544029763,-0.93190834275,0.53161954575,-0.124893950500626,-0.93190834275,0.53161954575,1.00274288995473,1343.43574341353,2013.8799148809
"model_fits/finalized_redone_trunc_cp/t2_customer_targeted_gaussian_iid_day/dairy_t2","beta[55,2]","exposure_EMBVNVD207CC6_1_slope","slope","EMBVNVD207CC6","identity",-0.18588798308037,-0.164758895,0.182892805181582,-0.6028558485,0.12918971025,-0.18588798308037,-0.6028558485,0.12918971025,1.00276016016142,1053.19609550041,1270.90975648416
"model_fits/finalized_redone_trunc_cp/t2_customer_targeted_gaussian_iid_day/dairy_t2","beta[56,3]","exposure_9XKJD8DQTH559_1_slope","slope","9XKJD8DQTH559","identity",-0.0119467500761557,-0.0739738675,0.309305413876474,-0.4878383085,0.79185569425,-0.0119467500761557,-0.4878383085,0.79185569425,1.00331974593221,1113.61225519118,2318.24511888017
"model_fits/finalized_redone_trunc_cp/t2_customer_targeted_gaussian_iid_day/dairy_t2","beta[57,3]","exposure_9XKJD8DQTH559_2_slope","slope","9XKJD8DQTH559","identity",-0.346775321917633,-0.270468265,0.327164373349718,-1.19552855,0.101770863,-0.346775321917633,-1.19552855,0.101770863,1.00227335928797,948.648062314847,1747.06915340513
"model_fits/finalized_redone_trunc_cp/t2_customer_targeted_gaussian_iid_day/dairy_t2","beta[58,1]","exposure_W8T41JZK0ZMEP_1_gendermale","gender_male","W8T41JZK0ZMEP","identity",-0.349613953218263,-0.321961495,0.236785481447172,-0.85510126,0.00967958329750005,-0.349613953218263,-0.85510126,0.00967958329750005,1.01232043422741,612.729668807855,1052.45949694497
"model_fits/finalized_redone_trunc_cp/t2_customer_targeted_gaussian_iid_day/dairy_t2","beta[59,1]","exposure_W8T41JZK0ZMEP_1_genderfemale","gender_female","W8T41JZK0ZMEP","identity",-0.0515800006715127,-0.0548749885,0.0773356510158622,-0.2104006,0.12112631325,-0.0515800006715127,-0.2104006,0.12112631325,1.00126696402541,1572.23551673201,2083.55571750493
"model_fits/finalized_redone_trunc_cp/t2_customer_targeted_gaussian_iid_day/dairy_t2","beta[60,1]","exposure_W8T41JZK0ZMEP_2_gendermale","gender_male","W8T41JZK0ZMEP","identity",-0.192735820780315,-0.1872673,0.113093917243285,-0.4337168245,0.012977631275,-0.192735820780315,-0.4337168245,0.012977631275,1.00702954902942,1586.45081480096,2650.22005295653
"model_fits/finalized_redone_trunc_cp/t2_customer_targeted_gaussian_iid_day/dairy_t2","beta[61,1]","exposure_W8T41JZK0ZMEP_2_genderfemale","gender_female","W8T41JZK0ZMEP","identity",-0.0938545461338907,-0.079857497,0.0694029732469545,-0.26602864825,0.018561084975,-0.0938545461338907,-0.26602864825,0.018561084975,1.00080632916261,1666.31118532027,2050.74165220289
"model_fits/finalized_redone_trunc_cp/t2_customer_targeted_gaussian_iid_day/dairy_t2","beta[62,1]","exposure_W8T41JZK0ZMEP_3_gendermale","gender_male","W8T41JZK0ZMEP","identity",-0.035779477062076,-0.038187642,0.139656964474825,-0.32173434825,0.24901785975,-0.035779477062076,-0.32173434825,0.24901785975,1.00101274276356,1787.17218549119,2653.8648934999
"model_fits/finalized_redone_trunc_cp/t2_customer_targeted_gaussian_iid_day/dairy_t2","beta[63,1]","exposure_W8T41JZK0ZMEP_3_genderfemale","gender_female","W8T41JZK0ZMEP","identity",-0.0203145962438973,-0.041243917,0.0833160566206915,-0.1459109125,0.18893560675,-0.0203145962438973,-0.1459109125,0.18893560675,1.00038205652074,1504.46077636601,2415.16630390729
"model_fits/finalized_redone_trunc_cp/t2_customer_targeted_gaussian_iid_day/dairy_t2","beta[64,1]","exposure_W8T41JZK0ZMEP_4_gendermale","gender_male","W8T41JZK0ZMEP","identity",-0.116269890118957,-0.11051777,0.140795139287293,-0.40389225125,0.1638268555,-0.116269890118957,-0.40389225125,0.1638268555,1.00036873488512,1894.59458365122,2453.46590151743
"model_fits/finalized_redone_trunc_cp/t2_customer_targeted_gaussian_iid_day/dairy_t2","beta[65,1]","exposure_W8T41JZK0ZMEP_4_genderfemale","gender_female","W8T41JZK0ZMEP","identity",-0.0922169348865071,-0.0772539125,0.079533872901316,-0.28952103775,0.047357973,-0.0922169348865071,-0.28952103775,0.047357973,1.00004896061862,1383.42786758161,2220.35026338201
"model_fits/finalized_redone_trunc_cp/t2_customer_targeted_gaussian_iid_day/dairy_t2","beta[66,1]","exposure_W8T41JZK0ZMEP_5_gendermale","gender_male","W8T41JZK0ZMEP","identity",0.390580701894412,0.368821195,0.275509766530898,-0.0594296634,0.969242236,0.390580701894412,-0.0594296634,0.969242236,1.01203187008393,565.259340612647,529.047243821448
"model_fits/finalized_redone_trunc_cp/t2_customer_targeted_gaussian_iid_day/dairy_t2","beta[67,1]","exposure_W8T41JZK0ZMEP_5_genderfemale","gender_female","W8T41JZK0ZMEP","identity",-0.046590399250044,-0.053526273,0.0812189042266914,-0.210404999,0.14168038325,-0.046590399250044,-0.210404999,0.14168038325,1.00123264779906,1415.83833877342,1884.83325369911
"model_fits/finalized_redone_trunc_cp/t2_customer_targeted_gaussian_iid_day/dairy_t2","beta[68,2]","exposure_EMBVNVD207CC6_1_gendermale","gender_male","EMBVNVD207CC6","identity",-0.0076423978339256,-0.0087013337,0.0756532901778203,-0.15573444675,0.145294479,-0.0076423978339256,-0.15573444675,0.145294479,1.00054707462682,2021.10480675525,2458.96432556695
"model_fits/finalized_redone_trunc_cp/t2_customer_targeted_gaussian_iid_day/dairy_t2","beta[69,2]","exposure_EMBVNVD207CC6_1_genderfemale","gender_female","EMBVNVD207CC6","identity",-0.020096265945841,-0.0251912445,0.0863895639706054,-0.187821487,0.1695075765,-0.020096265945841,-0.187821487,0.1695075765,1.00268501978883,1929.9427495658,2275.24672506321
"model_fits/finalized_redone_trunc_cp/t2_customer_targeted_gaussian_iid_day/dairy_t2","beta[70,3]","exposure_9XKJD8DQTH559_1_gendermale","gender_male","9XKJD8DQTH559","identity",0.135716384973681,0.132394315,0.0924405922509658,-0.03435784545,0.32490688025,0.135716384973681,-0.03435784545,0.32490688025,1.00660159182654,1531.66313576029,2206.05356282787
"model_fits/finalized_redone_trunc_cp/t2_customer_targeted_gaussian_iid_day/dairy_t2","beta[71,3]","exposure_9XKJD8DQTH559_1_genderfemale","gender_female","9XKJD8DQTH559","identity",0.00759071601539577,0.00584873725,0.0662056429894785,-0.127458387,0.146281463,0.00759071601539577,-0.127458387,0.146281463,1.00407121627096,1884.82992399962,2108.89665457703
"model_fits/finalized_redone_trunc_cp/t2_customer_targeted_gaussian_iid_day/dairy_t2","beta[72,3]","exposure_9XKJD8DQTH559_2_gendermale","gender_male","9XKJD8DQTH559","identity",0.00962079583394767,0.0127192025,0.0859249753587047,-0.165770775,0.17433858075,0.00962079583394767,-0.165770775,0.17433858075,1.00439082426969,1759.84681051144,2474.67688427686
"model_fits/finalized_redone_trunc_cp/t2_customer_targeted_gaussian_iid_day/dairy_t2","beta[73,3]","exposure_9XKJD8DQTH559_2_genderfemale","gender_female","9XKJD8DQTH559","identity",0.0101428383438577,0.00773073255,0.0640542305554534,-0.1167162205,0.14900567525,0.0101428383438577,-0.1167162205,0.14900567525,1.00068553324126,2233.3277120229,2605.84473960967
"model_fits/finalized_redone_trunc_cp/t2_customer_targeted_gaussian_iid_day/dairy_t2","mu_gamma[1]","mu_gamma[1]","pooled_mu_gamma",NA,"identity",0.10740327250545,0.0881001125,0.324553725122118,-0.54897788075,0.83689466925,0.10740327250545,-0.54897788075,0.83689466925,1.00207254097405,472.963686591888,811.273645104104
"model_fits/finalized_redone_trunc_cp/t2_customer_targeted_gaussian_iid_day/dairy_t2","mu_gamma[2]","mu_gamma[2]","pooled_mu_gamma",NA,"identity",-0.157049639011534,-0.13201685,0.221397306723166,-0.66822128675,0.24372254575,-0.157049639011534,-0.66822128675,0.24372254575,1.00457995001283,731.420090934738,866.0181857699
"model_fits/finalized_redone_trunc_cp/t2_customer_targeted_gaussian_iid_day/dairy_t2","mu_gamma[3]","mu_gamma[3]","pooled_mu_gamma",NA,"identity",-0.022930536093731,-0.011464044,0.181900153629448,-0.46422350825,0.28980425075,-0.022930536093731,-0.46422350825,0.28980425075,1.00582662528359,584.657720514225,630.341534088582
"model_fits/finalized_redone_trunc_cp/t2_customer_targeted_gaussian_iid_day/dairy_t2","mu_gamma[4]","mu_gamma[4]","pooled_mu_gamma",NA,"identity",-0.00911911477740467,-0.0236715015,0.124801388327968,-0.2234853825,0.3089080975,-0.00911911477740467,-0.2234853825,0.3089080975,1.0022763817432,569.955875161072,550.640762004058
"model_fits/finalized_redone_trunc_cp/t2_its/meat","beta[41,1]","exposure_L69HYJ4Y3TR91_1","level","L69HYJ4Y3TR91","exp",-0.03434616129819,-0.0414539135,0.105125156651562,-0.2339384005,0.084738413,0.96623697289498,0.791410564889203,1.08843230971306,1.6711183005503,4.79559536498309,31.6552715118136
"model_fits/finalized_redone_trunc_cp/t2_its/meat","beta[42,2]","exposure_ED5J990H5VAZT_1","level","ED5J990H5VAZT","exp",0.0617025387852877,0.038436564,0.095279707780266,-0.1313950625,0.28342952225,1.06364590426328,0.876871286990644,1.32767530544817,1.65822117395425,484.126807701711,1110.97131738323
"model_fits/finalized_redone_trunc_cp/t2_its/meat","beta[43,3]","exposure_W8T41JZK0ZMEP_1","level","W8T41JZK0ZMEP","exp",0.371207429071919,0.436207815,0.127723098216366,0.083353377275,0.59730046525,1.44948370726562,1.08692583558093,1.81720656073421,1.50607520352474,27.7763094716945,1283.81162745669
"model_fits/finalized_redone_trunc_cp/t2_its/meat","beta[44,3]","exposure_W8T41JZK0ZMEP_2","level","W8T41JZK0ZMEP","exp",-2.17339997884667,-2.29839915,0.399939516188589,-2.7910767025,-1.33026239,0.113790074619701,0.061355117130097,0.264407874214868,1.17478212162674,12.0044727358576,856.168180509847
"model_fits/finalized_redone_trunc_cp/t2_its/meat","beta[45,3]","exposure_W8T41JZK0ZMEP_3","level","W8T41JZK0ZMEP","exp",-0.322884317428348,-0.35284623,0.145631721575038,-0.64050467525,0.013385360825,0.724057610369659,0.527026379745754,1.01347534581281,1.64011783040348,1012.13212607521,1154.34933542097
"model_fits/finalized_redone_trunc_cp/t2_its/meat","beta[46,3]","exposure_W8T41JZK0ZMEP_4","level","W8T41JZK0ZMEP","exp",-0.0385224506272297,-0.10196787,0.227530803139926,-0.348389766,0.5007287865,0.962210102277001,0.705823716507231,1.64992327445333,1.20956510624706,10.1265518022732,1465.91845322612
"model_fits/finalized_redone_trunc_cp/t2_its/meat","beta[47,3]","exposure_W8T41JZK0ZMEP_5","level","W8T41JZK0ZMEP","exp",-0.046623428639758,-0.0210785065,0.186689519224861,-0.435859685,0.19117156825,0.954446747235617,0.646708462467354,1.21066714630755,1.27271132111657,8.22076514847635,1141.39587175202
"model_fits/finalized_redone_trunc_cp/t2_its/meat","beta[48,4]","exposure_EMBVNVD207CC6_1","level","EMBVNVD207CC6","exp",0.16480320912227,0.22231602,0.177363214678672,-0.2207302755,0.52948581175,1.17916104773984,0.801932952086518,1.69805896213941,1.76021558809057,136.565163737426,1351.20408957922
"model_fits/finalized_redone_trunc_cp/t2_its/meat","beta[49,5]","exposure_C0BE4NDSW26QN_1","level","C0BE4NDSW26QN","exp",0.281114575390633,0.452518565,0.745677054996613,-1.3733338225,1.336288175,1.32460536241803,0.253261222605388,3.80489416039861,1.22568342229582,9.58640287228656,1820.61865315814
"model_fits/finalized_redone_trunc_cp/t2_its/meat","beta[50,5]","exposure_C0BE4NDSW26QN_2","level","C0BE4NDSW26QN","exp",0.238607601457987,0.0433631165,0.407009081025991,-0.45077325825,1.1795176525,1.2694802966184,0.637135290971939,3.25280484214789,1.69222821594721,38.329244535032,1565.50158998152
"model_fits/finalized_redone_trunc_cp/t2_its/meat","beta[51,6]","exposure_V3Q26BHF3SE2H_1","level","V3Q26BHF3SE2H","exp",0.0236646378167203,0.00580417685,0.133947809667293,-0.13369825575,0.29914585475,1.0239468672467,0.874854006945975,1.34870632435144,1.32744628654884,7.20058773829989,361.880654982813
"model_fits/finalized_redone_trunc_cp/t2_its/meat","beta[52,6]","exposure_V3Q26BHF3SE2H_2","level","V3Q26BHF3SE2H","exp",0.159539613908813,0.20493232,0.0953504554291413,-0.05388544295,0.33699429225,1.17297072725582,0.947540647745958,1.40073106869296,1.60684765631543,39.594578769003,1747.12363594001
"model_fits/finalized_redone_trunc_cp/t2_its/meat","beta[53,6]","exposure_V3Q26BHF3SE2H_3","level","V3Q26BHF3SE2H","exp",0.0553818813444457,0.055246388,0.104982040946649,-0.061041983,0.26208846475,1.05694416487513,0.940783742023057,1.29964150980528,1.60567581100936,5.02612059158026,20.8957246692483
"model_fits/finalized_redone_trunc_cp/t2_its/meat","beta[54,6]","exposure_V3Q26BHF3SE2H_4","level","V3Q26BHF3SE2H","exp",-0.191097312300753,-0.22278735,0.10468743205198,-0.340974834,0.03864564065,0.826052199199794,0.711076802940062,1.03940209653199,1.20616726046487,10.1523282841713,660.205436723738
"model_fits/finalized_redone_trunc_cp/t2_its/meat","beta[55,7]","exposure_LBZEEFSBJNB3Z_1","level","LBZEEFSBJNB3Z","exp",0.24401638135383,0.20976908,0.0989602818775755,0.1043871115,0.46572829875,1.27636523890879,1.11003007716258,1.59317407315071,1.17666189614764,11.5900363716522,916.519966047526
"model_fits/finalized_redone_trunc_cp/t2_its/meat","beta[56,8]","exposure_SAFK7ND1HR6XS_1","level","SAFK7ND1HR6XS","exp",-0.194997000701113,-0.23969938,0.100525968204947,-0.35889590075,0.032460362375,0.822837125986793,0.69844705538192,1.03299294694541,1.26632201913872,19.670567836752,1155.12189158768
"model_fits/finalized_redone_trunc_cp/t2_its/meat","beta[57,9]","exposure_S8MT0YGD2KTN9_1","level","S8MT0YGD2KTN9","exp",0.0379895909523923,0.0226025625,0.0418468396620127,-0.0268772675,0.13004805375,1.03872042073192,0.973480711914212,1.13888310961394,1.15375646464875,13.3658419377242,1120.15981588734
"model_fits/finalized_redone_trunc_cp/t2_its/meat","beta[58,10]","exposure_1SQPTEGYPH0GA_1","level","1SQPTEGYPH0GA","exp",-0.611419278753333,-0.582082205,0.0869455953879415,-0.80537530125,-0.48079753475,0.542580249721613,0.446920165384117,0.618290087288348,1.18767752430329,11.5065808382858,1394.22707062544
"model_fits/finalized_redone_trunc_cp/t2_its/meat","beta[59,11]","exposure_9XKJD8DQTH559_1","level","9XKJD8DQTH559","exp",0.19262039761338,0.21598951,0.108535885637972,-0.0570570847,0.40690315125,1.21242246769193,0.944540149036479,1.50215861643254,1.67696659844896,1761.95715891413,905.244711577164
"model_fits/finalized_redone_trunc_cp/t2_its/meat","beta[60,11]","exposure_9XKJD8DQTH559_2","level","9XKJD8DQTH559","exp",0.093478092405313,0.0757055975,0.173268702723891,-0.09315189945,0.45969445575,1.09798654883353,0.911055101016255,1.58359005423169,1.40133316788734,6.34660977565961,139.517277045899
"model_fits/finalized_redone_trunc_cp/t2_its/meat","beta[61,12]","exposure_LQ5EH4BKGV61T_1","level","LQ5EH4BKGV61T","exp",0.0850162203004167,0.129942135,0.172633630323383,-0.2892644565,0.325905484,1.08873472615951,0.748814150445986,1.38528443114173,1.24204264647038,9.01811503867651,604.172801808205
"model_fits/finalized_redone_trunc_cp/t2_its/meat","beta[62,13]","exposure_78AY09MVJVTYE_1","level","78AY09MVJVTYE","exp",-0.112389590809867,-0.10275611,0.0319799661052759,-0.18396674975,-0.0478950045,0.893696013914676,0.831963466360023,0.953233867089929,1.69184153624688,140.613190560751,401.921636280112
"model_fits/finalized_redone_trunc_cp/t2_its/meat","beta[63,1]","exposure_L69HYJ4Y3TR91_1_slope","slope","L69HYJ4Y3TR91","exp",0.238254354288933,0.191013655,0.337671364386447,-0.14335275725,0.97071642,1.26903193549327,0.86644836903581,2.63983501265796,1.33462388637372,7.2595563847907,427.110200228975
"model_fits/finalized_redone_trunc_cp/t2_its/meat","beta[64,2]","exposure_ED5J990H5VAZT_1_slope","slope","ED5J990H5VAZT","exp",0.564783213107,0.54892596,0.106579515145071,0.3394772765,0.80698466625,1.75906639884461,1.40421338335214,2.24114000285039,1.67581496176827,1087.65229752043,1635.55162604209
"model_fits/finalized_redone_trunc_cp/t2_its/meat","beta[65,3]","exposure_W8T41JZK0ZMEP_1_slope","slope","W8T41JZK0ZMEP","exp",0.451177417712937,0.379234085,2.54630392759386,-4.5443882025,3.2576382,1.57015983154893,0.0106266720993201,25.9880859419829,1.5624700270309,5.22466341232972,25.9219121248393
"model_fits/finalized_redone_trunc_cp/t2_its/meat","beta[66,3]","exposure_W8T41JZK0ZMEP_2_slope","slope","W8T41JZK0ZMEP","exp",9.03912440313333,9.52894505,2.66226160170198,3.53979445,12.469405525,8426.39569925924,34.4598352436953,260251.96190795,1.29814596057707,7.92332710975727,856.001633879344
"model_fits/finalized_redone_trunc_cp/t2_its/meat","beta[67,3]","exposure_W8T41JZK0ZMEP_3_slope","slope","W8T41JZK0ZMEP","exp",-2.21832878890167,-1.7251917,1.08758289362878,-4.822594595,-0.3202691755,0.108790769327249,0.00804588422255023,0.72595360184793,1.74070219136784,40.442183448667,1369.81227632199
"model_fits/finalized_redone_trunc_cp/t2_its/meat","beta[68,3]","exposure_W8T41JZK0ZMEP_4_slope","slope","W8T41JZK0ZMEP","exp",-6.62854067579767,-6.8967294,2.88831002314422,-10.162209625,-1.1529735775,0.00132209103837457,3.86018781863412e-05,0.315696623896425,1.34267497687446,7.06375846484496,654.302875666104
"model_fits/finalized_redone_trunc_cp/t2_its/meat","beta[69,3]","exposure_W8T41JZK0ZMEP_5_slope","slope","W8T41JZK0ZMEP","exp",-0.719340380968567,-0.597241095,2.63484885337671,-3.6466601,4.531537135,0.487073432927171,0.0260780816759247,92.9012531532935,1.58697639648048,5.09958333179414,16.7616425715002
"model_fits/finalized_redone_trunc_cp/t2_its/meat","beta[70,4]","exposure_EMBVNVD207CC6_1_slope","slope","EMBVNVD207CC6","exp",0.628639237388333,0.67778407,0.144690910553407,0.3002742395,0.91974201075,1.87505733456276,1.35022904294472,2.50864310349063,1.74410115703581,56.7206526521067,1589.65761874984
"model_fits/finalized_redone_trunc_cp/t2_its/meat","beta[71,5]","exposure_C0BE4NDSW26QN_1_slope","slope","C0BE4NDSW26QN","exp",-0.23585938940387,-0.51491959,0.623867951669056,-1.4085787025,1.2016351025,0.789891733272053,0.24449053010358,3.32555009490341,1.69787105112456,31.5821713346463,1525.25283183362
"model_fits/finalized_redone_trunc_cp/t2_its/meat","beta[72,5]","exposure_C0BE4NDSW26QN_2_slope","slope","C0BE4NDSW26QN","exp",0.444450780544133,0.72566477,0.62627539955067,-0.98137816,1.631178175,1.55963337956805,0.374794216362603,5.1098915198597,1.67035832443386,35.1807068999002,1591.84047634833
"model_fits/finalized_redone_trunc_cp/t2_its/meat","beta[73,6]","exposure_V3Q26BHF3SE2H_1_slope","slope","V3Q26BHF3SE2H","exp",-1.20359413792725,-1.87145325,1.79039795302714,-4.57984246,2.76675396,0.300113621430557,0.0102565119800306,15.9069156308284,1.20354504514699,19.9694552120941,1276.27177198966
"model_fits/finalized_redone_trunc_cp/t2_its/meat","beta[74,6]","exposure_V3Q26BHF3SE2H_2_slope","slope","V3Q26BHF3SE2H","exp",0.957918388484053,1.4634233,1.92782859099838,-3.1354974825,3.70365128,2.60626559042323,0.0434781188449776,40.5952587405911,1.1980896885279,10.587469325428,1273.06702418436
"model_fits/finalized_redone_trunc_cp/t2_its/meat","beta[75,6]","exposure_V3Q26BHF3SE2H_3_slope","slope","V3Q26BHF3SE2H","exp",-0.78063962751687,-0.84411234,0.512225444955541,-1.3904433075,0.31242371625,0.458112895958808,0.248964912151775,1.36673367762686,1.33219745776761,7.24022057675385,953.979249645742
"model_fits/finalized_redone_trunc_cp/t2_its/meat","beta[76,6]","exposure_V3Q26BHF3SE2H_4_slope","slope","V3Q26BHF3SE2H","exp",1.30952532287497,1.25681165,0.66705443658827,-0.1155329165,2.7372332075,3.70441489379607,0.890891246732711,15.4441950450213,1.65366966465402,1764.61691327966,888.336118028728
"model_fits/finalized_redone_trunc_cp/t2_its/meat","beta[77,7]","exposure_LBZEEFSBJNB3Z_1_slope","slope","LBZEEFSBJNB3Z","exp",-1.07456384547,-1.0686739,0.12096517570777,-1.3402417475,-0.81560722775,0.341446646330435,0.261782375695317,0.442370626068233,1.67355134234239,1665.46244676795,1470.66032017504
"model_fits/finalized_redone_trunc_cp/t2_its/meat","beta[78,8]","exposure_SAFK7ND1HR6XS_1_slope","slope","SAFK7ND1HR6XS","exp",0.381140284496423,0.50750746,0.393894594455311,-0.49272047,0.92845369875,1.4639529609092,0.610962027414255,2.53059309141316,1.17249077997012,12.2129232055474,1492.07488127539
"model_fits/finalized_redone_trunc_cp/t2_its/meat","beta[79,9]","exposure_S8MT0YGD2KTN9_1_slope","slope","S8MT0YGD2KTN9","exp",0.117119347287333,0.10767183,0.031921889604671,0.056405260975,0.1918286985,1.12425359830128,1.05802637366486,1.21146297376458,1.62569245362331,322.319856083428,679.299615068916
"model_fits/finalized_redone_trunc_cp/t2_its/meat","beta[80,10]","exposure_1SQPTEGYPH0GA_1_slope","slope","1SQPTEGYPH0GA","exp",0.54574145099,0.53288689,0.0862595464219201,0.44483511025,0.730085611,1.72588756913745,1.56023290820703,2.07525826500463,1.31689104785339,7.43549369855898,908.433138424732
"model_fits/finalized_redone_trunc_cp/t2_its/meat","beta[81,11]","exposure_9XKJD8DQTH559_1_slope","slope","9XKJD8DQTH559","exp",-2.19941988741333,-2.2923548,0.523251415210599,-3.3484096525,-1.0894315925,0.110867455317076,0.0351401948069727,0.336407656007276,1.6230962985016,1400.05344487889,540.693730882459
"model_fits/finalized_redone_trunc_cp/t2_its/meat","beta[82,11]","exposure_9XKJD8DQTH559_2_slope","slope","9XKJD8DQTH559","exp",1.991957267996,2.1253568,0.51691190787113,0.87651247475,3.0849344375,7.32986624409462,2.40250627747087,21.8660332032774,1.68320166087064,140.329499067276,780.256803711689
"model_fits/finalized_redone_trunc_cp/t2_its/meat","beta[83,12]","exposure_LQ5EH4BKGV61T_1_slope","slope","LQ5EH4BKGV61T","exp",-0.07844080747916,-0.1253373,0.388627249404396,-0.493356261,0.7330495025,0.924556785158648,0.610573706714367,2.08141822956045,1.36345799339598,6.8211357710453,346.283038595253
"model_fits/finalized_redone_trunc_cp/t2_its/meat","beta[84,13]","exposure_78AY09MVJVTYE_1_slope","slope","78AY09MVJVTYE","exp",0.0630843786816467,0.056170238,0.0305405670880414,0.0279454586,0.132965706,1.06511670858339,1.02833959581063,1.14221082668113,1.3062307768739,7.59401871904343,559.35295975317
"model_fits/finalized_redone_trunc_cp/t2_its/meat","mu_gamma[1]","mu_gamma[1]","pooled_mu_gamma",NA,"exp",-0.0424933598275681,-0.024043182,0.0900623692329994,-0.2370239815,0.141592891,0.958396829420024,0.788972367049914,1.15210751970996,1.69921625850374,696.747937932313,967.537050989258
"model_fits/finalized_redone_trunc_cp/t2_its/meat","mu_gamma[2]","mu_gamma[2]","pooled_mu_gamma",NA,"exp",0.10470800641804,0.020777074,0.195059224871666,-0.22293605475,0.55350397275,1.11038633733119,0.800166014474489,1.73933694193816,1.25259089992189,20.111373835968,984.96913386203
"model_fits/finalized_redone_trunc_cp/t2_its/nonvegan","beta[41,1]","exposure_L69HYJ4Y3TR91_1","level","L69HYJ4Y3TR91","exp",0.1323966966344,0.129511445,0.108530917465498,-0.07513714895,0.34918781725,1.14156108289594,0.927616256008485,1.41791547431996,1.00056035937867,2617.39202916012,2506.88410578463
"model_fits/finalized_redone_trunc_cp/t2_its/nonvegan","beta[42,2]","exposure_ED5J990H5VAZT_1","level","ED5J990H5VAZT","exp",0.11938414162564,0.11920758,0.0937781387787329,-0.062561660675,0.30029686025,1.12680268697675,0.939355139755725,1.3502595864838,1.00041769816751,2313.13142571861,2752.33663887901
"model_fits/finalized_redone_trunc_cp/t2_its/nonvegan","beta[43,3]","exposure_W8T41JZK0ZMEP_1","level","W8T41JZK0ZMEP","exp",0.450938192432333,0.450786285,0.123688113015033,0.21309887075,0.69774804075,1.56978425454818,1.23750699844029,2.00922292079551,0.999804027920253,2447.67562034862,2380.6742980929
"model_fits/finalized_redone_trunc_cp/t2_its/nonvegan","beta[44,3]","exposure_W8T41JZK0ZMEP_2","level","W8T41JZK0ZMEP","exp",-0.600546162878333,-0.597712425,0.189168778122495,-0.97881004025,-0.25394132825,0.548511977389874,0.375757969779239,0.7757373145771,1.00111612127789,2360.49469359532,2656.33096518731
"model_fits/finalized_redone_trunc_cp/t2_its/nonvegan","beta[45,3]","exposure_W8T41JZK0ZMEP_3","level","W8T41JZK0ZMEP","exp",0.0931822701675257,0.09296528,0.14892971813607,-0.20648089175,0.38863818025,1.09766178803369,0.813441804757824,1.47497078121528,1.00184867971932,2573.04291335715,2134.36723425151
"model_fits/finalized_redone_trunc_cp/t2_its/nonvegan","beta[46,3]","exposure_W8T41JZK0ZMEP_4","level","W8T41JZK0ZMEP","exp",0.114475624303025,0.11186318,0.168953800430907,-0.20967358725,0.4419040005,1.12128530861993,0.810848874189684,1.55566639006983,1.0001061106968,2455.76774131241,2254.82336579548
"model_fits/finalized_redone_trunc_cp/t2_its/nonvegan","beta[47,3]","exposure_W8T41JZK0ZMEP_5","level","W8T41JZK0ZMEP","exp",0.0513613771885193,0.0520919675,0.146031175022615,-0.24004302425,0.32887510075,1.05270324749332,0.786594017720849,1.38940430919376,1.00032787535649,2410.11976791634,1998.06345873018
"model_fits/finalized_redone_trunc_cp/t2_its/nonvegan","beta[48,4]","exposure_EMBVNVD207CC6_1","level","EMBVNVD207CC6","exp",1.26796891659333,1.2658242,0.313763898666295,0.66428711,1.8870598525,3.55362751362462,1.94310480747854,6.599935343203,1.00217023760036,1689.94914147228,1958.38179878472
"model_fits/finalized_redone_trunc_cp/t2_its/nonvegan","beta[49,5]","exposure_C0BE4NDSW26QN_1","level","C0BE4NDSW26QN","exp",0.13076040733452,0.12880128,0.467018456006512,-0.81300528125,1.045927645,1.13969468610981,0.443523149522391,2.84603741186173,0.999830541200895,2788.63072026445,2582.42650337217
"model_fits/finalized_redone_trunc_cp/t2_its/nonvegan","beta[50,5]","exposure_C0BE4NDSW26QN_2","level","C0BE4NDSW26QN","exp",0.246024633854927,0.22982402,0.38050840711956,-0.4636009595,1.0189165175,1.27893107815634,0.629014506656968,2.77019168315499,1.00088310326441,2325.6992483876,2436.15912398209
"model_fits/finalized_redone_trunc_cp/t2_its/nonvegan","beta[51,6]","exposure_V3Q26BHF3SE2H_1","level","V3Q26BHF3SE2H","exp",0.0708722718526804,0.069782207,0.102474767417776,-0.12882976675,0.2779583055,1.07344410808447,0.879123608877177,1.32043114134512,1.00094370372937,2686.91236014724,2415.05097779466
"model_fits/finalized_redone_trunc_cp/t2_its/nonvegan","beta[52,6]","exposure_V3Q26BHF3SE2H_2","level","V3Q26BHF3SE2H","exp",0.16345534713494,0.16351986,0.092109439053826,-0.016093169275,0.3444295535,1.17757277201535,0.984035633897601,1.41118468465353,1.00030961515805,2557.65685226461,2527.45574086515
"model_fits/finalized_redone_trunc_cp/t2_its/nonvegan","beta[53,6]","exposure_V3Q26BHF3SE2H_3","level","V3Q26BHF3SE2H","exp",0.226263052324203,0.22572896,0.0759014380174401,0.07978678355,0.37606448725,1.25390546464585,1.0830561176741,1.45654105906997,1.00060644800254,2708.00982621426,2716.96683391869
"model_fits/finalized_redone_trunc_cp/t2_its/nonvegan","beta[54,6]","exposure_V3Q26BHF3SE2H_4","level","V3Q26BHF3SE2H","exp",-0.0646472758512315,-0.0628073725,0.0993065170740069,-0.2645776455,0.12966138825,0.937398047999924,0.767530051299263,1.13844282793327,1.00153838610351,2524.30031256122,2665.62123538581
"model_fits/finalized_redone_trunc_cp/t2_its/nonvegan","beta[55,7]","exposure_LBZEEFSBJNB3Z_1","level","LBZEEFSBJNB3Z","exp",0.413263365376,0.411253145,0.106432010011617,0.20338217875,0.623187962,1.51174311430406,1.22554075439088,1.86486369008795,0.999803903959779,2299.30247006509,2540.65407286856
"model_fits/finalized_redone_trunc_cp/t2_its/nonvegan","beta[56,8]","exposure_SAFK7ND1HR6XS_1","level","SAFK7ND1HR6XS","exp",-0.229124796615987,-0.227782535,0.129260904796504,-0.48681669375,0.024175180975,0.795229285388558,0.614579678916228,1.02446976978501,1.00048474754531,2573.07740186057,2152.70643945888
"model_fits/finalized_redone_trunc_cp/t2_its/nonvegan","beta[57,9]","exposure_S8MT0YGD2KTN9_1","level","S8MT0YGD2KTN9","exp",0.0156622878706387,0.016063863,0.0548273688354578,-0.0942332065,0.11940970675,1.01578558436199,0.910070503134838,1.1268314941958,1.00077177820756,2617.85736602033,2659.3156209056
"model_fits/finalized_redone_trunc_cp/t2_its/nonvegan","beta[58,10]","exposure_1SQPTEGYPH0GA_1","level","1SQPTEGYPH0GA","exp",-0.763782874146667,-0.760430805,0.0960915911708656,-0.95378271175,-0.5847740775,0.465900645743773,0.385280857076246,0.557231738779923,0.999871494967809,2553.38586771807,2832.2366059387
"model_fits/finalized_redone_trunc_cp/t2_its/nonvegan","beta[59,11]","exposure_9XKJD8DQTH559_1","level","9XKJD8DQTH559","exp",0.32868517804921,0.33008185,0.147068022251791,0.03789634905,0.60614340675,1.38914045483163,1.03862357297904,1.83334727254908,1.00122828106841,2458.88825516739,2654.57929797083
"model_fits/finalized_redone_trunc_cp/t2_its/nonvegan","beta[60,11]","exposure_9XKJD8DQTH559_2","level","9XKJD8DQTH559","exp",0.290067971874493,0.290396765,0.16169646617364,-0.023799300825,0.61171823375,1.33651833059429,0.976481669158209,1.84359640846013,1.00002611067755,2361.89334075582,2744.83785132238
"model_fits/finalized_redone_trunc_cp/t2_its/nonvegan","beta[61,12]","exposure_LQ5EH4BKGV61T_1","level","LQ5EH4BKGV61T","exp",0.00145353009944937,0.00611387055,0.233568192203422,-0.4752468485,0.44552616475,1.00145458698633,0.621731564017129,1.56131148681467,1.00020851426585,2255.34086490732,2236.82158067015
"model_fits/finalized_redone_trunc_cp/t2_its/nonvegan","beta[62,13]","exposure_78AY09MVJVTYE_1","level","78AY09MVJVTYE","exp",-0.120255778854824,-0.120064225,0.0429361994408921,-0.20494038675,-0.03783024445,0.88669361023348,0.814695881633101,0.962876380627981,1.00151596289341,1719.52762023865,2592.0579832909
"model_fits/finalized_redone_trunc_cp/t2_its/nonvegan","beta[63,1]","exposure_L69HYJ4Y3TR91_1_slope","slope","L69HYJ4Y3TR91","exp",0.988325602546667,0.97632817,0.363890365951454,0.31425140075,1.7488850625,2.68673204667939,1.36923391971595,5.74819022908769,1.00087237465095,2320.11597133881,2477.5356337878
"model_fits/finalized_redone_trunc_cp/t2_its/nonvegan","beta[64,2]","exposure_ED5J990H5VAZT_1_slope","slope","ED5J990H5VAZT","exp",0.579709024933333,0.57704671,0.12267868128414,0.33767200175,0.82048763225,1.78551881370009,1.40168067918884,2.27160727646633,1.00016790920275,2041.96306356189,2403.30006148232
"model_fits/finalized_redone_trunc_cp/t2_its/nonvegan","beta[65,3]","exposure_W8T41JZK0ZMEP_1_slope","slope","W8T41JZK0ZMEP","exp",-0.248127540928203,-0.20889615,1.07155651440505,-2.4751886075,1.868469555,0.780260421793202,0.0841471179829874,6.47837401327368,1.00160591653037,2331.89484681495,2687.79901713531
"model_fits/finalized_redone_trunc_cp/t2_its/nonvegan","beta[66,3]","exposure_W8T41JZK0ZMEP_2_slope","slope","W8T41JZK0ZMEP","exp",2.33362154013917,2.2534251,1.13218019236881,0.3263193885,4.711201975,10.3152309927349,1.38585792527928,111.185722078718,1.00175591609499,2275.50791782074,2134.16728993935
"model_fits/finalized_redone_trunc_cp/t2_its/nonvegan","beta[67,3]","exposure_W8T41JZK0ZMEP_3_slope","slope","W8T41JZK0ZMEP","exp",-1.38215645059267,-1.3030107,0.974922580401791,-3.423293075,0.2849129585,0.25103662087491,0.0326048876152246,1.32964628867704,1.00098057097108,2435.44358267707,2565.60130856683
"model_fits/finalized_redone_trunc_cp/t2_its/nonvegan","beta[68,3]","exposure_W8T41JZK0ZMEP_4_slope","slope","W8T41JZK0ZMEP","exp",-0.997159658124327,-0.90879657,1.12607694504999,-3.52330289,0.944146977000001,0.368925829900782,0.0295018327632029,2.57061964538715,1.00264949423803,2097.98019718104,2465.01008164351
"model_fits/finalized_redone_trunc_cp/t2_its/nonvegan","beta[69,3]","exposure_W8T41JZK0ZMEP_5_slope","slope","W8T41JZK0ZMEP","exp",0.248861555168923,0.15731827,1.10935879153807,-1.84733295,2.5601363,1.2825644563583,0.157657085421761,12.9375805876074,1.00057214793968,2527.20468733784,2624.50975929187
"model_fits/finalized_redone_trunc_cp/t2_its/nonvegan","beta[70,4]","exposure_EMBVNVD207CC6_1_slope","slope","EMBVNVD207CC6","exp",0.675336021232667,0.67074168,0.196716864384629,0.3116925475,1.07899871,1.9646930436436,1.36573472991638,2.94173254852614,1.00277278883214,1789.71040074497,2425.95126370253
"model_fits/finalized_redone_trunc_cp/t2_its/nonvegan","beta[71,5]","exposure_C0BE4NDSW26QN_1_slope","slope","C0BE4NDSW26QN","exp",-0.218198587658593,-0.198289655,0.555620380151666,-1.365871565,0.8574589925,0.803965768133005,0.25515819209788,2.357163507334,1.0001315938362,2631.64715208546,2479.37342535387
"model_fits/finalized_redone_trunc_cp/t2_its/nonvegan","beta[72,5]","exposure_C0BE4NDSW26QN_2_slope","slope","C0BE4NDSW26QN","exp",0.4806900930265,0.462132525,0.562283549076231,-0.6157043095,1.6550802075,1.61719002876694,0.54026025085215,5.23349967126921,1.00019276359852,2625.42541928734,2509.95682707823
"model_fits/finalized_redone_trunc_cp/t2_its/nonvegan","beta[73,6]","exposure_V3Q26BHF3SE2H_1_slope","slope","V3Q26BHF3SE2H","exp",-0.332215916718075,-0.29122411,1.10343510152482,-2.69505153,1.7872051775,0.717332422069869,0.0675389014049641,5.97273637999539,1.00090767711965,2631.52302056233,2665.66500627326
"model_fits/finalized_redone_trunc_cp/t2_its/nonvegan","beta[74,6]","exposure_V3Q26BHF3SE2H_2_slope","slope","V3Q26BHF3SE2H","exp",-0.11195881127653,-0.10734171,1.05406909904942,-2.277628695,2.0752568475,0.894081082800438,0.102527041570306,7.96659239561701,1.00087914740179,2631.90045684345,2344.08249774766
"model_fits/finalized_redone_trunc_cp/t2_its/nonvegan","beta[75,6]","exposure_V3Q26BHF3SE2H_3_slope","slope","V3Q26BHF3SE2H","exp",-0.434859481980803,-0.41948827,0.422618095476663,-1.30740982,0.38156546525,0.64735562581747,0.270519844796065,1.46457553787682,1.00045802983302,2625.49854524907,2754.29265782733
"model_fits/finalized_redone_trunc_cp/t2_its/nonvegan","beta[76,6]","exposure_V3Q26BHF3SE2H_4_slope","slope","V3Q26BHF3SE2H","exp",1.1576333857144,1.1315013,0.717746227295053,-0.14465492975,2.614418915,3.18239286060177,0.865320838076211,13.6592768704526,1.00147180706663,2358.05746856137,2432.52188390155
"model_fits/finalized_redone_trunc_cp/t2_its/nonvegan","beta[77,7]","exposure_LBZEEFSBJNB3Z_1_slope","slope","LBZEEFSBJNB3Z","exp",-0.705070526420667,-0.705212595,0.159711693530613,-1.02437964,-0.392411878,0.494073727775792,0.359019117436297,0.675425863608109,1.00160600270705,1765.51661198371,2546.53857894532
"model_fits/finalized_redone_trunc_cp/t2_its/nonvegan","beta[78,8]","exposure_SAFK7ND1HR6XS_1_slope","slope","SAFK7ND1HR6XS","exp",0.311576535489877,0.312968425,0.431888950028281,-0.52346049775,1.163651745,1.36557629747528,0.592466766554109,3.20160339418658,0.999992445731388,2482.9907042969,2690.18929354503
"model_fits/finalized_redone_trunc_cp/t2_its/nonvegan","beta[79,9]","exposure_S8MT0YGD2KTN9_1_slope","slope","S8MT0YGD2KTN9","exp",0.1662706146999,0.16548743,0.0504652809149832,0.07121718745,0.270446219,1.18089262539086,1.07381441955963,1.31054911219431,1.00189012731266,1040.74500542647,1804.11757415345
"model_fits/finalized_redone_trunc_cp/t2_its/nonvegan","beta[80,10]","exposure_1SQPTEGYPH0GA_1_slope","slope","1SQPTEGYPH0GA","exp",0.57507270299,0.575334555,0.085658707110552,0.4112381465,0.75125263275,1.77725973431379,1.50868460173738,2.11965350173946,1.00176302478855,1786.79721925266,2311.24580201214
"model_fits/finalized_redone_trunc_cp/t2_its/nonvegan","beta[81,11]","exposure_9XKJD8DQTH559_1_slope","slope","9XKJD8DQTH559","exp",-1.59527735082167,-1.57368415,0.699074361416233,-3.04524034,-0.289035626,0.202852259458934,0.0475848740644575,0.748985521569162,1.00006344711307,2148.69689726002,2138.8174904439
"model_fits/finalized_redone_trunc_cp/t2_its/nonvegan","beta[82,11]","exposure_9XKJD8DQTH559_2_slope","slope","9XKJD8DQTH559","exp",1.3726160783713,1.3523554,0.688761071739395,0.10471966275,2.80938689,3.94565935956569,1.11039928043838,16.5997376330559,1.00007471310556,2201.72625794729,2183.42178018217
"model_fits/finalized_redone_trunc_cp/t2_its/nonvegan","beta[83,12]","exposure_LQ5EH4BKGV61T_1_slope","slope","LQ5EH4BKGV61T","exp",0.061414709030387,0.055055034,0.355718225382395,-0.6035012135,0.7724514555,1.06333979937851,0.546893489265029,2.16506731965522,0.999458761831494,2224.68886130666,2870.56385782864
"model_fits/finalized_redone_trunc_cp/t2_its/nonvegan","beta[84,13]","exposure_78AY09MVJVTYE_1_slope","slope","78AY09MVJVTYE","exp",0.07678752066654,0.075718551,0.039850614155187,0.0038604327525,0.1576022945,1.07981261415095,1.00386789382091,1.17070050807982,1.0058668816406,618.555324545134,1621.21225929475
"model_fits/finalized_redone_trunc_cp/t2_its/nonvegan","mu_gamma[1]","mu_gamma[1]","pooled_mu_gamma",NA,"exp",0.10366673480327,0.0999708815,0.161804568365553,-0.204581049,0.43815910325,1.10923072531411,0.814988685222682,1.54985147421076,1.00106356145795,1279.60284792116,1596.8629362477
"model_fits/finalized_redone_trunc_cp/t2_its/nonvegan","mu_gamma[2]","mu_gamma[2]","pooled_mu_gamma",NA,"exp",0.26016730859445,0.26038542,0.193748563646681,-0.128586967,0.65098592825,1.29714709236863,0.879337085784653,1.91743034614235,1.00038859036906,1582.7839629192,2184.31025711252
"model_fits/finalized_redone_trunc_cp/t2_its_targeted/breakfast_t2","beta[42,1]","exposure_2HRX9P6HKXA8V_1","level","2HRX9P6HKXA8V","exp",-0.219580791100917,-0.218414605,0.0808494871976493,-0.38728694325,-0.0620650059750001,0.802855291509883,0.678896262275106,0.939821790773472,1.0005830287617,4027.65535046953,5093.44765895267
"model_fits/finalized_redone_trunc_cp/t2_its_targeted/breakfast_t2","beta[43,2]","exposure_L69HYJ4Y3TR91_1","level","L69HYJ4Y3TR91","exp",-0.129261416964797,-0.144647995,0.116095234688816,-0.3248369255,0.12914004625,0.878744216870784,0.722645189036717,1.13784946455853,1.00027930250524,3706.0863929928,4546.11190093176
"model_fits/finalized_redone_trunc_cp/t2_its_targeted/breakfast_t2","beta[44,3]","exposure_ED5J990H5VAZT_1","level","ED5J990H5VAZT","exp",-0.192707974689095,-0.197101545,0.10946539329129,-0.41154602975,0.0484139531749998,0.824722778902773,0.662625019828501,1.04960505275225,1.00069667596235,5419.70630052985,5251.2873700609
"model_fits/finalized_redone_trunc_cp/t2_its_targeted/breakfast_t2","beta[45,5]","exposure_V3Q26BHF3SE2H_1","level","V3Q26BHF3SE2H","exp",2.96314648473333,2.9344673,0.638251766567691,1.8045180875,4.2813196225,19.358788157781,6.0770421401715,72.3358330449252,0.999971553434908,6665.68922961276,4954.96513425704
"model_fits/finalized_redone_trunc_cp/t2_its_targeted/breakfast_t2","beta[46,5]","exposure_V3Q26BHF3SE2H_2","level","V3Q26BHF3SE2H","exp",2.75341683688863,2.7371136,0.90851386844024,0.979164734,4.549699745,15.6961716220323,2.66223164141797,94.6039987264393,1.00166313640195,3761.63983013022,4213.1088324736
"model_fits/finalized_redone_trunc_cp/t2_its_targeted/breakfast_t2","beta[47,5]","exposure_V3Q26BHF3SE2H_3","level","V3Q26BHF3SE2H","exp",-0.0987200639969417,-0.112783495,0.320574924138168,-0.693788476,0.553799939249999,0.90599629350923,0.499679455072958,1.73985180359233,1.0004418657156,3313.42068903026,4400.81742273819
"model_fits/finalized_redone_trunc_cp/t2_its_targeted/breakfast_t2","beta[48,5]","exposure_V3Q26BHF3SE2H_4","level","V3Q26BHF3SE2H","exp",-0.359887389610146,-0.369137875,0.374241368424909,-1.03957229,0.387736782,0.69775489609792,0.353605890395176,1.47364184417503,1.0003667773219,3583.19613457349,4937.58802170178
"model_fits/finalized_redone_trunc_cp/t2_its_targeted/breakfast_t2","beta[49,4]","exposure_78AY09MVJVTYE_1","level","78AY09MVJVTYE","exp",-0.227572937195333,-0.226110905,0.0577030839298724,-0.3413352225,-0.11579985875,0.79646432750468,0.710820585209401,0.890653461957616,1.00098735491317,2949.42863003888,4663.05544497987
"model_fits/finalized_redone_trunc_cp/t2_its_targeted/breakfast_t2","beta[50,1]","exposure_2HRX9P6HKXA8V_1_slope","slope","2HRX9P6HKXA8V","exp",-0.256218181550291,-0.258819305,0.16398377021089,-0.5643203785,0.0698672309999999,0.773973083721825,0.568746547821383,1.07236579486796,1.00788525830749,952.821337808159,2577.63220138091
"model_fits/finalized_redone_trunc_cp/t2_its_targeted/breakfast_t2","beta[51,2]","exposure_L69HYJ4Y3TR91_1_slope","slope","L69HYJ4Y3TR91","exp",-0.0143583590173703,-0.020703185,0.399707469981318,-0.83094613975,0.83536785175,0.985744230626214,0.435636917868642,2.30566203412507,1.00198721204057,4763.39849115536,4246.02636950855
"model_fits/finalized_redone_trunc_cp/t2_its_targeted/breakfast_t2","beta[52,3]","exposure_ED5J990H5VAZT_1_slope","slope","ED5J990H5VAZT","exp",0.28325857788719,0.28815789,0.205060671601602,-0.12039864275,0.6733257145,1.3274483662366,0.886566942778813,1.96074737532095,1.00032247756743,3437.69296334775,3445.15482337675
"model_fits/finalized_redone_trunc_cp/t2_its_targeted/breakfast_t2","beta[53,5]","exposure_V3Q26BHF3SE2H_1_slope","slope","V3Q26BHF3SE2H","exp",-0.582129120783569,-0.28046525,1.89177554884325,-4.93086365,2.55983775,0.558707543469412,0.00722026480613484,12.9337186494425,1.0004743441135,5985.57752869878,4613.067353566
"model_fits/finalized_redone_trunc_cp/t2_its_targeted/breakfast_t2","beta[54,5]","exposure_V3Q26BHF3SE2H_2_slope","slope","V3Q26BHF3SE2H","exp",-0.029270435034765,0.053117717,1.83383379296395,-3.59796353,3.81311093749999,0.971153794940388,0.0273794230854339,45.2911177679076,1.00039486467303,7288.26486426798,4576.1717197279
"model_fits/finalized_redone_trunc_cp/t2_its_targeted/breakfast_t2","beta[55,5]","exposure_V3Q26BHF3SE2H_3_slope","slope","V3Q26BHF3SE2H","exp",2.82639583863058,2.63031225,1.79953277857993,0.29071912025,6.630387175,16.8844965777355,1.33738888573362,757.77550558354,1.00037541293205,2270.80975938754,3306.71537074614
"model_fits/finalized_redone_trunc_cp/t2_its_targeted/breakfast_t2","beta[56,5]","exposure_V3Q26BHF3SE2H_4_slope","slope","V3Q26BHF3SE2H","exp",-0.451492587660159,-0.0812120565,1.66316160786953,-4.53793904,2.1322658475,0.636677145617362,0.0106954267010207,8.43395523392808,1.00011656252382,4538.62267922318,5194.45446979807
"model_fits/finalized_redone_trunc_cp/t2_its_targeted/breakfast_t2","beta[57,4]","exposure_78AY09MVJVTYE_1_slope","slope","78AY09MVJVTYE","exp",-0.131340284519242,-0.13433057,0.110762113284214,-0.3389145095,0.0870305483,0.876919321544736,0.712543362173714,1.09093000526634,1.00221361943726,1564.44717427579,2550.32553444925
"model_fits/finalized_redone_trunc_cp/t2_its_targeted/breakfast_t2","mu_gamma[1]","mu_gamma[1]","pooled_mu_gamma",NA,"exp",-0.17833379310918,-0.191602285,0.116274438695205,-0.362590882,0.0929259262749997,0.836663104494998,0.695871068650307,1.09738044520007,1.0014864120806,2781.87391545128,2406.24862232877
"model_fits/finalized_redone_trunc_cp/t2_its_targeted/breakfast_t2","mu_gamma[2]","mu_gamma[2]","pooled_mu_gamma",NA,"exp",-0.006084510866137,-0.013459632,0.261078196007385,-0.52339497325,0.538840107,0.993933962284418,0.592505588914648,1.71401763170773,1.00229380825252,2606.65160547935,3226.97163181796
"model_fits/finalized_redone_trunc_cp/t2_its_targeted/textured_t2","beta[42,1]","exposure_VLZX7K2M9QD4T_1","level","VLZX7K2M9QD4T","exp",0.201675704283333,0.202054,0.0372708007453089,0.12811685,0.274428225,1.22345118379217,1.13668581667493,1.31577813070447,1.00001800538633,5748.47038582123,5412.72510608514
"model_fits/finalized_redone_trunc_cp/t2_its_targeted/textured_t2","beta[43,2]","exposure_SAFK7ND1HR6XS_1","level","SAFK7ND1HR6XS","exp",0.08268256152755,0.0965755,0.163875225578225,-0.265726725,0.376474025,1.08619695311437,0.766648604774734,1.45713768978115,1.00123890914974,4623.69643675789,5210.20938268923
"model_fits/finalized_redone_trunc_cp/t2_its_targeted/textured_t2","beta[44,1]","exposure_VLZX7K2M9QD4T_1_slope","slope","VLZX7K2M9QD4T","exp",-0.377749808435927,-0.3719265,0.389574800572194,-1.147422,0.3799289,0.685401961004653,0.317454112072567,1.46218062469591,1.00076316194419,3176.52843135343,4169.39214991258
"model_fits/finalized_redone_trunc_cp/t2_its_targeted/textured_t2","beta[45,2]","exposure_SAFK7ND1HR6XS_1_slope","slope","SAFK7ND1HR6XS","exp",-0.442937411438333,-0.4197725,0.711767412902295,-1.99695675,0.957125575,0.642147396912021,0.135747769668641,2.60420012679201,1.00133120398393,3100.66571065866,4158.86926739514
"model_fits/finalized_redone_trunc_cp/t2_its_targeted/textured_t2","mu_gamma[1]","mu_gamma[1]","pooled_mu_gamma",NA,"exp",0.11927864606335,0.1566295,0.339989914526444,-0.68823645,0.778843899999999,1.12668382056375,0.502461403979393,2.17895172269256,1.0006655871138,1440.40696800181,1516.48536135611
"model_fits/finalized_redone_trunc_cp/t2_its_targeted/textured_t2","mu_gamma[2]","mu_gamma[2]","pooled_mu_gamma",NA,"exp",-0.33610766545665,-0.358492,0.571969274255937,-1.440775,0.853895674999999,0.71454616973479,0.236744210803133,2.34877913232458,1.00206168702962,2019.60094423267,2099.91123971987
"model_fits/finalized_redone_trunc_cp/t2_its_targeted/untextured_t2","beta[42,1]","exposure_SRQS8F7JWA9MZ_1","level","SRQS8F7JWA9MZ","exp",0.0951189474015647,0.0940903785,0.0691245938804588,-0.035940290325,0.2346809435,1.09978966446909,0.964697893561163,1.26450525574346,1.02272967441689,175.794211317775,1672.85655110185
"model_fits/finalized_redone_trunc_cp/t2_its_targeted/untextured_t2","beta[43,1]","exposure_SRQS8F7JWA9MZ_2","level","SRQS8F7JWA9MZ","exp",-0.00372378027225358,-0.0044231806,0.0621435154118535,-0.125790661,0.1199195835,0.996283144399519,0.881799422472598,1.12740618587437,1.00171206207193,1992.63258794727,3389.73915308511
"model_fits/finalized_redone_trunc_cp/t2_its_targeted/untextured_t2","beta[44,2]","exposure_JHDN7CF1C03X5_1","level","JHDN7CF1C03X5","exp",4.91589087476667,4.9012008,0.436695484286122,4.1064288325,5.817311185,136.44080734737,60.7294548043693,336.067215134494,1.00407718666784,2488.34785327402,3988.04308939205
"model_fits/finalized_redone_trunc_cp/t2_its_targeted/untextured_t2","beta[45,3]","exposure_C0BE4NDSW26QN_1","level","C0BE4NDSW26QN","exp",0.258918013042361,0.25556661,0.442913632265337,-0.63154000125,1.19261743,1.29552758410859,0.531772240191919,3.29569618197584,1.00421202677064,1057.54907751308,1876.5687327324
"model_fits/finalized_redone_trunc_cp/t2_its_targeted/untextured_t2","beta[46,3]","exposure_C0BE4NDSW26QN_2","level","C0BE4NDSW26QN","exp",0.138544054343205,0.17970784,0.416964413242177,-0.82479295425,0.912355267,1.1486002812866,0.438325736551405,2.49018067229762,1.00381623061879,1097.42260541814,2281.60786175554
"model_fits/finalized_redone_trunc_cp/t2_its_targeted/untextured_t2","beta[47,4]","exposure_S8MT0YGD2KTN9_1","level","S8MT0YGD2KTN9","exp",0.0756297003007796,0.0756380885,0.0659031127302986,-0.056130224925,0.207836336,1.07856310860615,0.94541601114447,1.23101168076537,1.01681633606438,282.086120990843,2631.82121610675
"model_fits/finalized_redone_trunc_cp/t2_its_targeted/untextured_t2","beta[48,7]","exposure_1SQPTEGYPH0GA_1","level","1SQPTEGYPH0GA","exp",-0.78758742228,-0.780635145,0.162970476421609,-1.1129596925,-0.48919975925,0.454941052995526,0.32858500989875,0.613116839000359,1.00236540108455,1300.37832230697,2555.55568228653
"model_fits/finalized_redone_trunc_cp/t2_its_targeted/untextured_t2","beta[49,5]","exposure_9XKJD8DQTH559_1","level","9XKJD8DQTH559","exp",0.304053517678254,0.309396405,0.829622369114524,-1.4372087325,1.82842925,1.35534158888384,0.23759001126686,6.22410246732668,1.04496447608434,629.797639695211,746.754014685411
"model_fits/finalized_redone_trunc_cp/t2_its_targeted/untextured_t2","beta[50,5]","exposure_9XKJD8DQTH559_2","level","9XKJD8DQTH559","exp",0.347919094614201,0.31798516,0.670612004190914,-0.92836583325,1.7320528775,1.41611767355846,0.395199004041304,5.6522453737806,1.04182400393938,108.808705969201,468.519063050903
"model_fits/finalized_redone_trunc_cp/t2_its_targeted/untextured_t2","beta[51,6]","exposure_LQ5EH4BKGV61T_1","level","LQ5EH4BKGV61T","exp",0.49944694677904,0.46770989,0.944174304496461,-1.1765475225,2.4944417775,1.64780969218985,0.308341444961693,12.11496878249,1.06886351918189,45.1691297205965,313.351898226868
"model_fits/finalized_redone_trunc_cp/t2_its_targeted/untextured_t2","beta[52,1]","exposure_SRQS8F7JWA9MZ_1_slope","slope","SRQS8F7JWA9MZ","exp",-0.659574216275102,-0.570436795,0.411536323597523,-1.657160475,-0.0585232453750001,0.517071448235217,0.190679651751044,0.943156316122597,1.03091422924429,86.9526514148124,1929.35858752117
"model_fits/finalized_redone_trunc_cp/t2_its_targeted/untextured_t2","beta[53,1]","exposure_SRQS8F7JWA9MZ_2_slope","slope","SRQS8F7JWA9MZ","exp",-0.107231423527073,-0.183615435,0.387715500788366,-0.71883940625,0.838158986999999,0.898317757069143,0.487317505535151,2.31210643812096,1.01359260529123,733.696090503712,1841.50215066479
"model_fits/finalized_redone_trunc_cp/t2_its_targeted/untextured_t2","beta[54,2]","exposure_JHDN7CF1C03X5_1_slope","slope","JHDN7CF1C03X5","exp",-0.270920685753072,-0.26309302,0.222404548465695,-0.754966396,0.13870619875,0.762676985156951,0.470026409232613,1.14878653549748,1.03526366395262,124.815446583003,471.59727750545
"model_fits/finalized_redone_trunc_cp/t2_its_targeted/untextured_t2","beta[55,3]","exposure_C0BE4NDSW26QN_1_slope","slope","C0BE4NDSW26QN","exp",-0.0241619457792638,-0.0716671565,0.443859778418177,-0.88721069475,1.00179328749999,0.976127617209414,0.411802795982605,2.72316086273154,1.00633115072043,1040.98649335007,2104.03910509143
"model_fits/finalized_redone_trunc_cp/t2_its_targeted/untextured_t2","beta[56,3]","exposure_C0BE4NDSW26QN_2_slope","slope","C0BE4NDSW26QN","exp",-0.183417879625108,-0.13908174,0.449294246278609,-1.2304772775,0.69583124,0.832420231592638,0.29215310629604,2.00537532950499,1.00557703019601,1027.23166031382,1932.74874710931
"model_fits/finalized_redone_trunc_cp/t2_its_targeted/untextured_t2","beta[57,4]","exposure_S8MT0YGD2KTN9_1_slope","slope","S8MT0YGD2KTN9","exp",0.190936168234772,0.19062461,0.168778906638722,-0.1217837675,0.522896729,1.21038218878369,0.885339787041928,1.68690709176928,1.07230621926585,37.7359803739376,481.312605654026
"model_fits/finalized_redone_trunc_cp/t2_its_targeted/untextured_t2","beta[58,7]","exposure_1SQPTEGYPH0GA_1_slope","slope","1SQPTEGYPH0GA","exp",0.476353509691117,0.47334164,0.155795079851139,0.18480159325,0.7913491705,1.61019213388205,1.20297973714837,2.20637118999455,1.00286271526336,477.489193859337,1270.05719032686
"model_fits/finalized_redone_trunc_cp/t2_its_targeted/untextured_t2","beta[59,5]","exposure_9XKJD8DQTH559_1_slope","slope","9XKJD8DQTH559","exp",-0.331727249390309,-0.287741895,0.697761253595564,-1.8559504325,0.943821031749999,0.717683044649604,0.156304315354822,2.56978190066104,1.0430577799049,55.2881285513576,1120.9862592508
"model_fits/finalized_redone_trunc_cp/t2_its_targeted/untextured_t2","beta[60,5]","exposure_9XKJD8DQTH559_2_slope","slope","9XKJD8DQTH559","exp",-0.410297346622256,-0.356992215,0.680235219492378,-1.9585201975,0.79840521075,0.663452945311497,0.141067017867546,2.22199448840819,1.10538004756295,18.9899512208003,1346.47420268448
"model_fits/finalized_redone_trunc_cp/t2_its_targeted/untextured_t2","beta[61,6]","exposure_LQ5EH4BKGV61T_1_slope","slope","LQ5EH4BKGV61T","exp",-0.0302957787107983,-0.013824551,0.548056552035063,-1.199446325,1.04156927,0.970158538865246,0.301361021792451,2.83366030518533,1.00738152235478,1070.90960654087,1899.49873753675
"model_fits/finalized_redone_trunc_cp/t2_its_targeted/untextured_t2","mu_gamma[1]","mu_gamma[1]","pooled_mu_gamma",NA,"exp",0.464017615116934,0.47596488,0.616293791146281,-0.75602691025,1.6308032075,1.59045098617339,0.469528203751446,5.1079758357933,1.01262387316355,246.012674664336,673.676584105321
"model_fits/finalized_redone_trunc_cp/t2_its_targeted/untextured_t2","mu_gamma[2]","mu_gamma[2]","pooled_mu_gamma",NA,"exp",-0.0319993545982733,-0.0174842985,0.257313675577181,-0.586150863,0.4437206505,0.96850720715522,0.556465078086597,1.55849505999102,1.01482366400901,373.064785122919,666.281152865847
"model_fits/finalized_redone_trunc_cp/t2_proportion/chicken_fish/mpbamod_dishes_count","beta[41,14]","exposure_1SQPTEGYPH0GA_1","level","1SQPTEGYPH0GA","exp",0.196197623908333,0.1964272,0.0466501108530229,0.108182179,0.287032713,1.21676734389336,1.11425071997897,1.33246780178192,1.0012409628058,1267.49550449599,2246.28079130152
"model_fits/finalized_redone_trunc_cp/t2_proportion/chicken_fish/mpbamod_dishes_count","beta[42,1]","exposure_2HRX9P6HKXA8V_1","level","2HRX9P6HKXA8V","exp",-0.0351418937892633,-0.025497539,0.0862036016589132,-0.2238488195,0.1130662125,0.965468412566337,0.799435984365888,1.11970606903229,0.999645729610352,2008.86681120925,2091.24371835401
"model_fits/finalized_redone_trunc_cp/t2_proportion/chicken_fish/mpbamod_dishes_count","beta[43,17]","exposure_78AY09MVJVTYE_1","level","78AY09MVJVTYE","exp",0.07373357545072,0.071912018,0.0526648462977466,-0.02616608205,0.182018297,1.07651995594198,0.974173283476599,1.19963614342158,1.000169828445,2188.6966657193,2576.38953092263
"model_fits/finalized_redone_trunc_cp/t2_proportion/chicken_fish/mpbamod_dishes_count","beta[44,15]","exposure_9XKJD8DQTH559_1","level","9XKJD8DQTH559","exp",0.0441862950797333,0.0442080705,0.0107464451453595,0.023889490825,0.06543361175,1.0451770480942,1.02417713066686,1.06762185741395,1.00035722498079,2817.68801937296,2539.33582905368
"model_fits/finalized_redone_trunc_cp/t2_proportion/chicken_fish/mpbamod_dishes_count","beta[45,7]","exposure_C0BE4NDSW26QN_1","level","C0BE4NDSW26QN","exp",0.012800789030437,0.0147184705,0.0672383118566685,-0.12718816575,0.145125662,1.01288306984194,0.880567964275907,1.15618484964036,0.999786930656529,2181.31895422876,2553.53974585875
"model_fits/finalized_redone_trunc_cp/t2_proportion/chicken_fish/mpbamod_dishes_count","beta[46,11]","exposure_CB2KHY1C2G9PT_1","level","CB2KHY1C2G9PT","exp",0.116436336700257,0.113898055,0.0618040655471997,0.007436987895,0.24398905525,1.12348598336549,1.00746471097226,1.27633036129629,1.00090273210425,2061.98715908598,2432.36392828273
"model_fits/finalized_redone_trunc_cp/t2_proportion/chicken_fish/mpbamod_dishes_count","beta[47,4]","exposure_ED5J990H5VAZT_1","level","ED5J990H5VAZT","exp",0.00750095888859876,0.0078201841,0.0177409697805139,-0.0292921337,0.041576809575,1.0075291615523,0.971132722427923,1.04245322916596,1.00474023189567,1224.62607395021,2507.13055322575
"model_fits/finalized_redone_trunc_cp/t2_proportion/chicken_fish/mpbamod_dishes_count","beta[48,6]","exposure_EMBVNVD207CC6_1","level","EMBVNVD207CC6","exp",-0.0576910563164097,-0.05412761,0.0725554390330013,-0.21036765275,0.076190633475,0.943941527166118,0.810286287219083,1.07916828014879,1.00055690848876,1928.79432554266,2166.54924542719
"model_fits/finalized_redone_trunc_cp/t2_proportion/chicken_fish/mpbamod_dishes_count","beta[49,2]","exposure_JHDN7CF1C03X5_1","level","JHDN7CF1C03X5","exp",0.0334737966128091,0.0334324995,0.018515635398461,-0.003510103075,0.068795807425,1.03404034801167,0.996496050135226,1.07121745216489,1.00077908531671,2210.51651226558,2714.01832201703
"model_fits/finalized_redone_trunc_cp/t2_proportion/chicken_fish/mpbamod_dishes_count","beta[50,3]","exposure_L69HYJ4Y3TR91_1","level","L69HYJ4Y3TR91","exp",0.0187567729599933,0.022727907,0.0912406173096617,-0.173724502,0.1945243885,1.01893378622643,0.840528429664981,1.21473310804219,1.00013429209746,2281.51519451151,2114.6623905692
"model_fits/finalized_redone_trunc_cp/t2_proportion/chicken_fish/mpbamod_dishes_count","beta[51,9]","exposure_LBZEEFSBJNB3Z_1","level","LBZEEFSBJNB3Z","exp",0.0783437902688271,0.077854977,0.0544876349071049,-0.027373902725,0.18905805975,1.08149440201675,0.972997367134774,1.20811109307475,1.00146305386744,2254.67161766092,2547.1432388461
"model_fits/finalized_redone_trunc_cp/t2_proportion/chicken_fish/mpbamod_dishes_count","beta[52,13]","exposure_LFZFT3VASXPED_1","level","LFZFT3VASXPED","exp",0.061565930963062,0.0572667855,0.101583022049909,-0.13165942975,0.2764259925,1.06350061183694,0.876639501579484,1.31840937692517,0.999708870717084,2020.49465950607,2113.40726443441
"model_fits/finalized_redone_trunc_cp/t2_proportion/chicken_fish/mpbamod_dishes_count","beta[53,16]","exposure_LQ5EH4BKGV61T_1","level","LQ5EH4BKGV61T","exp",0.0799968479784903,0.072302809,0.093930505831427,-0.0835908395,0.2870886955,1.0832836531362,0.919807528020139,1.33254239874868,1.00121414940802,1888.22475777,2076.4098417167
"model_fits/finalized_redone_trunc_cp/t2_proportion/chicken_fish/mpbamod_dishes_count","beta[54,12]","exposure_S8MT0YGD2KTN9_1","level","S8MT0YGD2KTN9","exp",0.0264009338435693,0.0266333525,0.0712479310963694,-0.12257635125,0.16253386275,1.02675252579685,0.884638359120396,1.1764881568985,1.0008239887392,2284.25098128624,2560.98260373647
"model_fits/finalized_redone_trunc_cp/t2_proportion/chicken_fish/mpbamod_dishes_count","beta[55,10]","exposure_SAFK7ND1HR6XS_1","level","SAFK7ND1HR6XS","exp",0.0717987942297043,0.0681988505,0.0879497461431994,-0.090294188975,0.257341812,1.0744391389591,0.913662356337806,1.29348718064558,1.00040181125224,2204.14502498751,2412.27859119965
"model_fits/finalized_redone_trunc_cp/t2_proportion/chicken_fish/mpbamod_dishes_count","beta[56,8]","exposure_V3Q26BHF3SE2H_1","level","V3Q26BHF3SE2H","exp",-0.008126324651834,-0.0077658374,0.0384387721566289,-0.084978334,0.06575689725,0.991906604665859,0.918532185104195,1.06796705987641,1.00048444276665,2451.42973847177,2541.30430612957
"model_fits/finalized_redone_trunc_cp/t2_proportion/chicken_fish/mpbamod_dishes_count","beta[57,5]","exposure_W8T41JZK0ZMEP_1","level","W8T41JZK0ZMEP","exp",0.000144455869943667,4.07283955e-05,0.0138417601848607,-0.027352439575,0.0269146558,1.0001444663042,0.973018250947329,1.02728012662164,1.00059094536535,2351.81684533484,2465.86297173237
"model_fits/finalized_redone_trunc_cp/t2_proportion/chicken_fish/mpbamod_dishes_count","mu_gamma[1]","mu_gamma[1]","pooled_mu_gamma",NA,"exp",0.0417911792675107,0.041807796,0.0309989088635595,-0.018348393175,0.102229662,1.0426767234985,0.981818913757229,1.10763782483732,1.00063852885335,1590.81144873896,2007.29081695731
"model_fits/finalized_redone_trunc_cp/t2_proportion/chicken_fish/mpbamod_dishes_count","mu_gamma[2]","mu_gamma[2]","pooled_mu_gamma",NA,"exp",0.024949252530941,0.0177705455,1.00440747452987,-1.98489393,2.03072683,1.0252630896973,0.137395186851545,7.61962251684729,1.00165442486294,2593.75389423666,2198.00952304448
"model_fits/finalized_redone_trunc_cp/t2_proportion/chicken_fish/mpbamod_dishes_prop","beta[41,14]","exposure_1SQPTEGYPH0GA_1","level","1SQPTEGYPH0GA","exp_p10",2.16476798175464,2.14049695,1.27109016707819,-0.2820595585,4.6667792375,1.2416942754469,0.97218811835051,1.59468770965971,1.00113965964405,1933.76225556927,2468.76930157467
"model_fits/finalized_redone_trunc_cp/t2_proportion/chicken_fish/mpbamod_dishes_prop","beta[42,1]","exposure_2HRX9P6HKXA8V_1","level","2HRX9P6HKXA8V","exp_p10",-1.8917813894602,-1.8683527,2.00481648030574,-5.89949893,2.013638485,0.827639058812397,0.554355061107653,1.22306970295147,1.00048464812633,2414.50755252867,2484.55420455773
"model_fits/finalized_redone_trunc_cp/t2_proportion/chicken_fish/mpbamod_dishes_prop","beta[43,17]","exposure_78AY09MVJVTYE_1","level","78AY09MVJVTYE","exp_p10",1.16706264560182,1.17019135,1.36514583815901,-1.453507225,3.83642482,1.1237892844655,0.86471896352491,1.46762064707732,1.0001113983217,2007.46449552558,2236.64789833087
"model_fits/finalized_redone_trunc_cp/t2_proportion/chicken_fish/mpbamod_dishes_prop","beta[44,15]","exposure_9XKJD8DQTH559_1","level","9XKJD8DQTH559","exp_p10",0.9777151313495,0.961465735,0.583445517652061,-0.1366938135,2.104457215,1.10271080138805,0.986423620402171,1.23422805935632,1.00031117711835,2005.8256386111,2383.34657122579
"model_fits/finalized_redone_trunc_cp/t2_proportion/chicken_fish/mpbamod_dishes_prop","beta[45,7]","exposure_C0BE4NDSW26QN_1","level","C0BE4NDSW26QN","exp_p10",-3.10935371704987,-3.05389295,1.8932111448196,-6.9628094275,0.473879502250002,0.732761231448101,0.498435571458763,1.04852870713311,1.00171193176205,2098.95238772328,2236.7801015833
"model_fits/finalized_redone_trunc_cp/t2_proportion/chicken_fish/mpbamod_dishes_prop","beta[46,11]","exposure_CB2KHY1C2G9PT_1","level","CB2KHY1C2G9PT","exp_p10",-6.5289531027,-6.5043946,0.971450735183891,-8.6238726175,-4.782455955,0.520536478260223,0.422153088509932,0.61986994101797,1.00225909417168,2079.53052666187,2578.37554583391
"model_fits/finalized_redone_trunc_cp/t2_proportion/chicken_fish/mpbamod_dishes_prop","beta[47,4]","exposure_ED5J990H5VAZT_1","level","ED5J990H5VAZT","exp_p10",-0.458226857118773,-0.46308718,0.396852888178679,-1.2365013125,0.30762699375,0.955211319790685,0.883688961956204,1.03124076077177,1.00547697389629,1249.9421629046,2145.32472230576
"model_fits/finalized_redone_trunc_cp/t2_proportion/chicken_fish/mpbamod_dishes_prop","beta[48,6]","exposure_EMBVNVD207CC6_1","level","EMBVNVD207CC6","exp_p10",-3.18155776317,-3.12805615,0.91128205772654,-5.0281404325,-1.5156823775,0.727489453959619,0.604826255462131,0.859359239531178,1.00042525189934,1908.59702854177,2277.04324665465
"model_fits/finalized_redone_trunc_cp/t2_proportion/chicken_fish/mpbamod_dishes_prop","beta[49,2]","exposure_JHDN7CF1C03X5_1","level","JHDN7CF1C03X5","exp_p10",3.201650911875,3.19416525,0.742629269044866,1.7498500825,4.6811263775,1.37735513476182,1.19122835788076,1.59697727248357,0.999976107961895,2631.81461163024,2652.14454693239
"model_fits/finalized_redone_trunc_cp/t2_proportion/chicken_fish/mpbamod_dishes_prop","beta[50,3]","exposure_L69HYJ4Y3TR91_1","level","L69HYJ4Y3TR91","exp_p10",-1.0962076317377,-1.0271885,2.77699091229943,-6.7802642,4.294750635,0.896173933018659,0.507617828819931,1.53645077272927,1.00069488774848,2130.4703977696,1689.07462025845
"model_fits/finalized_redone_trunc_cp/t2_proportion/chicken_fish/mpbamod_dishes_prop","beta[51,9]","exposure_LBZEEFSBJNB3Z_1","level","LBZEEFSBJNB3Z","exp_p10",-0.76482550480483,-0.75112576,1.58461416559438,-3.918439215,2.3356276525,0.926369078843111,0.675809585075849,1.26309210369467,1.00002225909726,1909.05932862999,2087.50963519025
"model_fits/finalized_redone_trunc_cp/t2_proportion/chicken_fish/mpbamod_dishes_prop","beta[52,13]","exposure_LFZFT3VASXPED_1","level","LFZFT3VASXPED","exp_p10",1.43936123505407,1.31932345,2.83166943935419,-3.84150352,7.4389670975,1.15481034093243,0.681029025405556,2.10411870024422,0.999660893303683,1786.50311627517,2191.04792713964
"model_fits/finalized_redone_trunc_cp/t2_proportion/chicken_fish/mpbamod_dishes_prop","beta[53,16]","exposure_LQ5EH4BKGV61T_1","level","LQ5EH4BKGV61T","exp_p10",-0.612552497767333,-0.631367785,2.22538774857111,-4.7383770725,3.8197262575,0.940583125499973,0.622608289180134,1.46517197660001,1.00194158981264,1488.31928472246,2404.8804134618
"model_fits/finalized_redone_trunc_cp/t2_proportion/chicken_fish/mpbamod_dishes_prop","beta[54,12]","exposure_S8MT0YGD2KTN9_1","level","S8MT0YGD2KTN9","exp_p10",1.6608792744245,1.651166,1.88923106390617,-1.950358485,5.461582865,1.18067691106051,0.822805161196491,1.72660713032145,1.00074603990644,2240.70486907883,2090.20309472458
"model_fits/finalized_redone_trunc_cp/t2_proportion/chicken_fish/mpbamod_dishes_prop","beta[55,10]","exposure_SAFK7ND1HR6XS_1","level","SAFK7ND1HR6XS","exp_p10",0.580872982923693,0.61043961,1.67589470322148,-2.6816742025,3.8916158075,1.05980751105797,0.764779730770333,1.47574298372761,0.999570435532167,2312.82759015815,2300.62797764495
"model_fits/finalized_redone_trunc_cp/t2_proportion/chicken_fish/mpbamod_dishes_prop","beta[56,8]","exposure_V3Q26BHF3SE2H_1","level","V3Q26BHF3SE2H","exp_p10",-1.00715750147962,-1.01648285,0.640779198551958,-2.276141385,0.223240219,0.904190012238156,0.796431512811275,1.02257506751233,1.00056652245038,2063.70903820174,2049.02192144822
"model_fits/finalized_redone_trunc_cp/t2_proportion/chicken_fish/mpbamod_dishes_prop","beta[57,5]","exposure_W8T41JZK0ZMEP_1","level","W8T41JZK0ZMEP","exp_p10",0.27324766406148,0.27159674,0.700434812928457,-1.1168924275,1.6457213575,1.02770151149835,0.894322131408626,1.17888860649826,0.999510895838924,2591.19549432056,2573.42403205413
"model_fits/finalized_redone_trunc_cp/t2_proportion/chicken_fish/mpbamod_dishes_prop","mu_gamma[1]","mu_gamma[1]","pooled_mu_gamma",NA,"exp_p10",-0.296585157438933,-0.297243355,0.622984974480148,-1.5402753275,0.88338295725,0.970776982008619,0.857248418280147,1.09235759943442,1.00312560585915,1707.4490683482,2001.35422450309
"model_fits/finalized_redone_trunc_cp/t2_proportion/chicken_fish/mpbamod_dishes_prop","mu_gamma[2]","mu_gamma[2]","pooled_mu_gamma",NA,"exp_p10",0.004728869074585,0.015757339,1.03438137132865,-2.02724568,2.0295203475,1.0004729987361,0.816503101539616,1.22501370874951,1.00084794807744,2375.35924518661,2071.23117396589
"model_fits/finalized_redone_trunc_cp/t2_proportion/chicken_fish/vegan_dishes_count","beta[41,14]","exposure_1SQPTEGYPH0GA_1","level","1SQPTEGYPH0GA","exp",0.174999182906667,0.174874265,0.0200262018013481,0.1363560205,0.214464603,1.19124524325341,1.14608985245201,1.23919825629748,1.00089204189623,1996.12017897891,2252.35145692353
"model_fits/finalized_redone_trunc_cp/t2_proportion/chicken_fish/vegan_dishes_count","beta[42,1]","exposure_2HRX9P6HKXA8V_1","level","2HRX9P6HKXA8V","exp",-0.12279130862129,-0.12057325,0.070630099768683,-0.2635299065,0.0100738645000001,0.884448220020809,0.768334643895599,1.0101247766902,1.00026966682483,1651.60004778288,2275.74988876694
"model_fits/finalized_redone_trunc_cp/t2_proportion/chicken_fish/vegan_dishes_count","beta[43,17]","exposure_78AY09MVJVTYE_1","level","78AY09MVJVTYE","exp",-0.032106387900128,-0.03151418,0.0172269644148937,-0.06660529135,0.000474564215500032,0.968403550178441,0.935564403831098,1.00047467683891,1.00143715823438,2343.32669977689,2215.86139165879
"model_fits/finalized_redone_trunc_cp/t2_proportion/chicken_fish/vegan_dishes_count","beta[44,15]","exposure_9XKJD8DQTH559_1","level","9XKJD8DQTH559","exp",0.0257703962329867,0.025634027,0.00885234264169684,0.00928190117,0.04380409175,1.02610532377663,1.00932511160285,1.04477765427594,1.00015753099512,2872.23051272001,2945.65380430147
"model_fits/finalized_redone_trunc_cp/t2_proportion/chicken_fish/vegan_dishes_count","beta[45,7]","exposure_C0BE4NDSW26QN_1","level","C0BE4NDSW26QN","exp",0.0486909801710227,0.04814037,0.0229261145906175,0.004529078175,0.0944598013,1.04989586196617,1.00453934995093,1.09906498126151,1.00139112023783,2696.30971560298,2257.44995723601
"model_fits/finalized_redone_trunc_cp/t2_proportion/chicken_fish/vegan_dishes_count","beta[46,11]","exposure_CB2KHY1C2G9PT_1","level","CB2KHY1C2G9PT","exp",0.0391349424969503,0.038641279,0.0140764638786083,0.012368945175,0.068014941975,1.03991080234274,1.01244575694419,1.07038130196994,0.999413866660557,2608.22957583666,2757.62217742754
"model_fits/finalized_redone_trunc_cp/t2_proportion/chicken_fish/vegan_dishes_count","beta[47,4]","exposure_ED5J990H5VAZT_1","level","ED5J990H5VAZT","exp",0.286542613132,0.285611605,0.0731112005527145,0.15306238525,0.4360039945,1.33181491948998,1.1653976803006,1.5465149722911,1.00334047151025,1996.85489543472,2424.37336067947
"model_fits/finalized_redone_trunc_cp/t2_proportion/chicken_fish/vegan_dishes_count","beta[48,6]","exposure_EMBVNVD207CC6_1","level","EMBVNVD207CC6","exp",0.120612830480307,0.12029987,0.0855847945263709,-0.0421088876,0.2996910505,1.12818802778176,0.958765377227583,1.34944183378757,1.00226174576208,1572.18647517618,2319.21465138368
"model_fits/finalized_redone_trunc_cp/t2_proportion/chicken_fish/vegan_dishes_count","beta[49,2]","exposure_JHDN7CF1C03X5_1","level","JHDN7CF1C03X5","exp",-0.076231624471,-0.0761022825,0.0103706813690448,-0.096046090225,-0.055897536225,0.926601558105701,0.908422145722715,0.945636024363364,0.999707352098717,2936.58522783979,2947.73561996761
"model_fits/finalized_redone_trunc_cp/t2_proportion/chicken_fish/vegan_dishes_count","beta[50,3]","exposure_L69HYJ4Y3TR91_1","level","L69HYJ4Y3TR91","exp",0.148670726593741,0.14822423,0.0715882299861199,0.011883026275,0.291863236,1.16029087337412,1.01195390992423,1.33891988907717,1.00076889569304,2230.26194264211,2127.29629630004
"model_fits/finalized_redone_trunc_cp/t2_proportion/chicken_fish/vegan_dishes_count","beta[51,9]","exposure_LBZEEFSBJNB3Z_1","level","LBZEEFSBJNB3Z","exp",0.182703880236,0.183236185,0.0378834382348026,0.1091940755,0.256486391,1.20045887584436,1.11537879703499,1.29238117766455,1.00027260211882,2140.57806484003,2521.44831295058
"model_fits/finalized_redone_trunc_cp/t2_proportion/chicken_fish/vegan_dishes_count","beta[52,13]","exposure_LFZFT3VASXPED_1","level","LFZFT3VASXPED","exp",0.00560895401472067,0.00748989955,0.0880527151249963,-0.16848900275,0.180634627,1.00562471364853,0.844940555390366,1.19797739072683,1.00035807044403,2060.21585564849,1941.32749909394
"model_fits/finalized_redone_trunc_cp/t2_proportion/chicken_fish/vegan_dishes_count","beta[53,16]","exposure_LQ5EH4BKGV61T_1","level","LQ5EH4BKGV61T","exp",0.0632029888513793,0.051047525,0.0968092693099033,-0.097814522975,0.27832290675,1.06524304974951,0.906817081891417,1.3209126599656,1.00621457330412,532.77661245649,1625.34841257901
"model_fits/finalized_redone_trunc_cp/t2_proportion/chicken_fish/vegan_dishes_count","beta[54,12]","exposure_S8MT0YGD2KTN9_1","level","S8MT0YGD2KTN9","exp",-0.031964332312593,-0.032009473,0.0712944987615343,-0.17925962075,0.10205116875,0.968541127085285,0.835888857131912,1.10744013660568,1.0016864086781,2409.28234366315,2205.93903422165
"model_fits/finalized_redone_trunc_cp/t2_proportion/chicken_fish/vegan_dishes_count","beta[55,10]","exposure_SAFK7ND1HR6XS_1","level","SAFK7ND1HR6XS","exp",0.05281973237977,0.0555594355,0.105656703603757,-0.1519787655,0.25771459475,1.05423958272809,0.859006521121433,1.29396946024104,1.00089696786174,2326.6869054485,1878.76643695632
"model_fits/finalized_redone_trunc_cp/t2_proportion/chicken_fish/vegan_dishes_count","beta[56,8]","exposure_V3Q26BHF3SE2H_1","level","V3Q26BHF3SE2H","exp",0.11070617035897,0.109396755,0.0455001176138814,0.0231008462,0.20395704725,1.11706663134099,1.02336973729278,1.22624548170941,1.00033938210304,2186.1105456001,2638.45715911375
"model_fits/finalized_redone_trunc_cp/t2_proportion/chicken_fish/vegan_dishes_count","beta[57,5]","exposure_W8T41JZK0ZMEP_1","level","W8T41JZK0ZMEP","exp",0.00110984464643667,0.000999003195,0.0095027086019362,-0.017167737975,0.0195617201,1.00111046075191,0.982978787934221,1.01975430425602,1.00040696178923,2656.19855594575,2465.29755013359
"model_fits/finalized_redone_trunc_cp/t2_proportion/chicken_fish/vegan_dishes_count","mu_gamma[1]","mu_gamma[1]","pooled_mu_gamma",NA,"exp",0.0594293639925613,0.059548402,0.035349825771631,-0.0099739461,0.13119558375,1.06123079722551,0.99007562874456,1.14019076229056,1.00316881478204,1213.35714344912,1809.62199735121
"model_fits/finalized_redone_trunc_cp/t2_proportion/chicken_fish/vegan_dishes_count","mu_gamma[2]","mu_gamma[2]","pooled_mu_gamma",NA,"exp",-0.0524761433124667,-0.0454223915,0.995508545666569,-1.9760724475,1.8899369575,0.948876957846872,0.138612577789745,6.6189513926466,1.00163837309978,2126.21740167548,1837.43644342348
"model_fits/finalized_redone_trunc_cp/t2_proportion/chicken_fish/vegan_dishes_prop","beta[41,14]","exposure_1SQPTEGYPH0GA_1","level","1SQPTEGYPH0GA","exp_p10",-2.55378667757494,-2.52694435,0.936553781907597,-4.3715605775,-0.768612668749999,0.774623117618897,0.645870630428066,0.92601831410995,1.00037098895437,1643.75605706621,2381.00831934187
"model_fits/finalized_redone_trunc_cp/t2_proportion/chicken_fish/vegan_dishes_prop","beta[42,1]","exposure_2HRX9P6HKXA8V_1","level","2HRX9P6HKXA8V","exp_p10",-2.93955686616867,-2.9084857,1.31945725099019,-5.561388005,-0.355002420999999,0.745309517897746,0.573418879524649,0.965122500573815,1.00035505979042,2322.10710837443,2724.13138099015
"model_fits/finalized_redone_trunc_cp/t2_proportion/chicken_fish/vegan_dishes_prop","beta[43,17]","exposure_78AY09MVJVTYE_1","level","78AY09MVJVTYE","exp_p10",-0.774317263772207,-0.759274765,0.479101302601417,-1.71399094,0.14364674975,0.9254902088091,0.842485275550282,1.01446834270823,1.00096970192054,2522.68236383924,2617.1157413678
"model_fits/finalized_redone_trunc_cp/t2_proportion/chicken_fish/vegan_dishes_prop","beta[44,15]","exposure_9XKJD8DQTH559_1","level","9XKJD8DQTH559","exp_p10",2.53755777038333,2.52229025,0.663766426815062,1.24180033,3.8536219325,1.28885699735477,1.13221968955896,1.47014670223502,0.999830583197014,2513.30670764927,2907.59912441418
"model_fits/finalized_redone_trunc_cp/t2_proportion/chicken_fish/vegan_dishes_prop","beta[45,7]","exposure_C0BE4NDSW26QN_1","level","C0BE4NDSW26QN","exp_p10",1.14685272711344,1.163594,0.837350530724356,-0.45899982,2.817767495,1.1215204089435,0.955137488354777,1.32548277226113,1.00274099413584,2295.00242180801,2490.60856065951
"model_fits/finalized_redone_trunc_cp/t2_proportion/chicken_fish/vegan_dishes_prop","beta[46,11]","exposure_CB2KHY1C2G9PT_1","level","CB2KHY1C2G9PT","exp_p10",-0.614118066920222,-0.613547125,0.594655602753908,-1.801768665,0.529475099250001,0.940435882233548,0.835122493156016,1.05437429948076,1.00007703181012,2680.11185852902,2793.27782241441
"model_fits/finalized_redone_trunc_cp/t2_proportion/chicken_fish/vegan_dishes_prop","beta[47,4]","exposure_ED5J990H5VAZT_1","level","ED5J990H5VAZT","exp_p10",0.81397537822807,0.823989215,1.61200263052654,-2.2450399325,4.0321499125,1.08480206070845,0.798912386436665,1.49662861913566,1.00064114302855,1878.6725042798,2322.72355025431
"model_fits/finalized_redone_trunc_cp/t2_proportion/chicken_fish/vegan_dishes_prop","beta[48,6]","exposure_EMBVNVD207CC6_1","level","EMBVNVD207CC6","exp_p10",0.0617523865189667,0.0739066,0.965008386229075,-1.75947104,1.8254046175,1.00619434474608,0.838662344047162,1.20026271470098,1.01348132382512,135.406187468687,1083.97955350156
"model_fits/finalized_redone_trunc_cp/t2_proportion/chicken_fish/vegan_dishes_prop","beta[49,2]","exposure_JHDN7CF1C03X5_1","level","JHDN7CF1C03X5","exp_p10",-4.57064448453333,-4.5700125,0.55013034356556,-5.6536252975,-3.488664165,0.633139533884123,0.568154136640281,0.705487365447164,1.00042956406195,2584.58408257394,2622.85717318454
"model_fits/finalized_redone_trunc_cp/t2_proportion/chicken_fish/vegan_dishes_prop","beta[50,3]","exposure_L69HYJ4Y3TR91_1","level","L69HYJ4Y3TR91","exp_p10",2.41977560870697,2.3639388,2.16224989877288,-1.694729345,6.8384008575,1.27376561030428,0.844109600419583,1.98147216428493,1.00253751661717,1842.76635235792,1267.74357691031
"model_fits/finalized_redone_trunc_cp/t2_proportion/chicken_fish/vegan_dishes_prop","beta[51,9]","exposure_LBZEEFSBJNB3Z_1","level","LBZEEFSBJNB3Z","exp_p10",5.18992779643333,5.17941055,1.23631233162491,2.811992735,7.606569545,1.68033433012576,1.32471755873923,2.13968143221166,1.00076993427381,1876.19514117605,2536.80875351299
"model_fits/finalized_redone_trunc_cp/t2_proportion/chicken_fish/vegan_dishes_prop","beta[52,13]","exposure_LFZFT3VASXPED_1","level","LFZFT3VASXPED","exp_p10",1.9018442245616,1.7807456,2.24399529237409,-2.3279642775,6.57805853,1.20947263100371,0.792314850424816,1.93055176951851,1.00072016759298,1721.3981374576,1988.1881007403
"model_fits/finalized_redone_trunc_cp/t2_proportion/chicken_fish/vegan_dishes_prop","beta[53,16]","exposure_LQ5EH4BKGV61T_1","level","LQ5EH4BKGV61T","exp_p10",-3.5681633803911,-3.5197235,1.52409854327815,-6.6021227375,-0.689773537499999,0.699901031126708,0.516741632164608,0.933347816666862,1.00026761564194,2155.82668622892,2277.97541505652
"model_fits/finalized_redone_trunc_cp/t2_proportion/chicken_fish/vegan_dishes_prop","beta[54,12]","exposure_S8MT0YGD2KTN9_1","level","S8MT0YGD2KTN9","exp_p10",-0.625255241348127,-0.57162162,1.89976973334991,-4.558589135,2.89689075,0.939389085413818,0.633903265982933,1.3360120239012,1.00017501671551,2344.42757739274,2723.41981367965
"model_fits/finalized_redone_trunc_cp/t2_proportion/chicken_fish/vegan_dishes_prop","beta[55,10]","exposure_SAFK7ND1HR6XS_1","level","SAFK7ND1HR6XS","exp_p10",0.526196358553297,0.50458497,2.01383157055455,-3.3309634125,4.673040365,1.0540286541554,0.716701142945525,1.59568647660473,1.0006397382179,1778.28629163934,1644.00918035461
"model_fits/finalized_redone_trunc_cp/t2_proportion/chicken_fish/vegan_dishes_prop","beta[56,8]","exposure_V3Q26BHF3SE2H_1","level","V3Q26BHF3SE2H","exp_p10",1.7488487668311,1.73671205,0.777921760159336,0.31006629775,3.30711968,1.19110908429038,1.031492342426,1.39195880588373,1.00014041006179,2119.38910223797,2559.77173429631
"model_fits/finalized_redone_trunc_cp/t2_proportion/chicken_fish/vegan_dishes_prop","beta[57,5]","exposure_W8T41JZK0ZMEP_1","level","W8T41JZK0ZMEP","exp_p10",0.289140973800707,0.2816772,0.667504745454496,-1.0181820475,1.6159578275,1.02933616800353,0.903193733075228,1.17538503437776,1.00014039919761,2472.2926769615,2499.43697113869
"model_fits/finalized_redone_trunc_cp/t2_proportion/chicken_fish/vegan_dishes_prop","mu_gamma[1]","mu_gamma[1]","pooled_mu_gamma",NA,"exp_p10",0.04728119873877,0.0487616295,0.616120835770351,-1.12666873,1.2346919075,1.00473931506977,0.893448242279543,1.13141514595301,1.00278823757493,1489.53992779426,2044.44831827453
"model_fits/finalized_redone_trunc_cp/t2_proportion/chicken_fish/vegan_dishes_prop","mu_gamma[2]","mu_gamma[2]","pooled_mu_gamma",NA,"exp_p10",-0.0221937261885933,-0.035987957,0.972679383139682,-1.937398805,1.926303355,0.997783088367599,0.823872181618457,1.21243451666882,1.00016959871503,2246.92911020719,2316.57915217565
"model_fits/finalized_redone_trunc_cp/t2_proportion/chicken_fish/vegetarian_dishes_count","beta[41,14]","exposure_1SQPTEGYPH0GA_1","level","1SQPTEGYPH0GA","exp",0.0659329001766667,0.065708451,0.00653717332436649,0.0535629593,0.07915393055,1.06815504174672,1.05502341321222,1.08237091919869,1.00077331829538,1939.49021338042,2696.50577048767
"model_fits/finalized_redone_trunc_cp/t2_proportion/chicken_fish/vegetarian_dishes_count","beta[42,1]","exposure_2HRX9P6HKXA8V_1","level","2HRX9P6HKXA8V","exp",-0.0402259597420757,-0.0370559935,0.046909811050984,-0.1402671075,0.04326184895,0.960572363944516,0.86912605430398,1.0442112846841,1.00283306763213,1922.41442735796,2410.14697805072
"model_fits/finalized_redone_trunc_cp/t2_proportion/chicken_fish/vegetarian_dishes_count","beta[43,17]","exposure_78AY09MVJVTYE_1","level","78AY09MVJVTYE","exp",-0.00735151920623833,-0.0076059546,0.0146749032334941,-0.035563318925,0.0219335941,0.992675437113998,0.965061625630662,1.02217590370578,1.0090110081973,1140.45358416568,2252.26118790923
"model_fits/finalized_redone_trunc_cp/t2_proportion/chicken_fish/vegetarian_dishes_count","beta[44,15]","exposure_9XKJD8DQTH559_1","level","9XKJD8DQTH559","exp",0.0149463641110033,0.0148640935,0.00501288802278948,0.0053192054375,0.025015584125,1.01505861958418,1.00533337752769,1.02533109928794,0.999695108978826,2480.92484670781,2713.02866547971
"model_fits/finalized_redone_trunc_cp/t2_proportion/chicken_fish/vegetarian_dishes_count","beta[45,7]","exposure_C0BE4NDSW26QN_1","level","C0BE4NDSW26QN","exp",0.0201006064165853,0.020067377,0.0130859816536166,-0.00494138343,0.045934983925,1.02030398399101,0.995070805120736,1.04700633650149,0.999615450456062,2474.50329363198,2445.46759254541
"model_fits/finalized_redone_trunc_cp/t2_proportion/chicken_fish/vegetarian_dishes_count","beta[46,11]","exposure_CB2KHY1C2G9PT_1","level","CB2KHY1C2G9PT","exp",0.0418815749756667,0.0415687505,0.00954959126593774,0.0238836964,0.061324819825,1.04277098125948,1.02417119616648,1.06324422090469,0.999960896212061,2212.24257181781,2297.36269269238
"model_fits/finalized_redone_trunc_cp/t2_proportion/chicken_fish/vegetarian_dishes_count","beta[47,4]","exposure_ED5J990H5VAZT_1","level","ED5J990H5VAZT","exp",0.0923931024657667,0.092291967,0.026991208933608,0.0416696968,0.14535448125,1.09679589051724,1.04255006425091,1.15644943726073,1.0021188130653,1683.39918727301,1905.08158439606
"model_fits/finalized_redone_trunc_cp/t2_proportion/chicken_fish/vegetarian_dishes_count","beta[48,6]","exposure_EMBVNVD207CC6_1","level","EMBVNVD207CC6","exp",0.0196137454857702,0.0190130885,0.0379509363858937,-0.054474345725,0.0946885808,1.01980735874717,0.946982802703444,1.09931645356314,1.00190442463741,1745.56057851901,2154.52843375733
"model_fits/finalized_redone_trunc_cp/t2_proportion/chicken_fish/vegetarian_dishes_count","beta[49,2]","exposure_JHDN7CF1C03X5_1","level","JHDN7CF1C03X5","exp",-0.0386119805003333,-0.038651568,0.00787281050660698,-0.0539750486,-0.023248227925,0.962123959584875,0.947455746554185,0.9770199300403,1.00250207168983,2953.12930125093,2693.67163735679
"model_fits/finalized_redone_trunc_cp/t2_proportion/chicken_fish/vegetarian_dishes_count","beta[50,3]","exposure_L69HYJ4Y3TR91_1","level","L69HYJ4Y3TR91","exp",0.0685330695401653,0.0658310605,0.0466298538921253,-0.014592303625,0.1682679115,1.07093603972778,0.985513648051783,1.18325357542693,0.999750296774872,2225.96630979229,2623.01260857423
"model_fits/finalized_redone_trunc_cp/t2_proportion/chicken_fish/vegetarian_dishes_count","beta[51,9]","exposure_LBZEEFSBJNB3Z_1","level","LBZEEFSBJNB3Z","exp",0.041543639747759,0.041503311,0.0242544227996592,-0.006483120915,0.08695245285,1.0424186517459,0.993537849171724,1.09084481192331,1.00024604942772,2122.3307273406,2737.26859416043
"model_fits/finalized_redone_trunc_cp/t2_proportion/chicken_fish/vegetarian_dishes_count","beta[52,13]","exposure_LFZFT3VASXPED_1","level","LFZFT3VASXPED","exp",-0.0074671893976341,-0.00414131635,0.0539283681834004,-0.12401114225,0.0916908763,0.992560620796734,0.883369998098554,1.09602596210799,1.00073650319167,2221.68474330734,2427.07510000336
"model_fits/finalized_redone_trunc_cp/t2_proportion/chicken_fish/vegetarian_dishes_count","beta[53,16]","exposure_LQ5EH4BKGV61T_1","level","LQ5EH4BKGV61T","exp",0.0727639566818116,0.069242082,0.0532671361868521,-0.0235008157,0.186062578,1.07547664787488,0.976773177914638,1.20449763307215,1.00123897314754,2169.95422034545,2037.31822786215
"model_fits/finalized_redone_trunc_cp/t2_proportion/chicken_fish/vegetarian_dishes_count","beta[54,12]","exposure_S8MT0YGD2KTN9_1","level","S8MT0YGD2KTN9","exp",-0.0650650014306333,-0.064422691,0.0226289913296145,-0.11100331675,-0.021870987275,0.937006554631283,0.894935780645858,0.978366448631042,1.00254981857521,2113.96944237222,2318.83435818808
"model_fits/finalized_redone_trunc_cp/t2_proportion/chicken_fish/vegetarian_dishes_count","beta[55,10]","exposure_SAFK7ND1HR6XS_1","level","SAFK7ND1HR6XS","exp",0.0229670974457243,0.023645748,0.057320814260589,-0.090494825925,0.1346350765,1.02323287201824,0.913479060297894,1.14411919218132,1.00003467572173,2377.34440564533,2516.76426168264
"model_fits/finalized_redone_trunc_cp/t2_proportion/chicken_fish/vegetarian_dishes_count","beta[56,8]","exposure_V3Q26BHF3SE2H_1","level","V3Q26BHF3SE2H","exp",0.0132875561160108,0.012338398,0.0322712933260392,-0.047368901025,0.0813401841,1.01337622799872,0.953735498683385,1.08473984505592,1.00074298985506,2556.45650578129,2598.60465897317
"model_fits/finalized_redone_trunc_cp/t2_proportion/chicken_fish/vegetarian_dishes_count","beta[57,5]","exposure_W8T41JZK0ZMEP_1","level","W8T41JZK0ZMEP","exp",-0.00393190848869987,-0.0039234979,0.00704542118406274,-0.017651543125,0.0098677679425,0.996075811342278,0.982503332757383,1.00991661490253,0.99983654338622,2595.49167296094,2591.68742142294
"model_fits/finalized_redone_trunc_cp/t2_proportion/chicken_fish/vegetarian_dishes_count","mu_gamma[1]","mu_gamma[1]","pooled_mu_gamma",NA,"exp",0.0177810807192882,0.0176227025,0.0172601428024655,-0.016832565775,0.051847004675,1.01794010527964,0.983308310317412,1.05321459327715,1.00137997375096,917.966021340848,1221.18016769838
"model_fits/finalized_redone_trunc_cp/t2_proportion/chicken_fish/vegetarian_dishes_count","mu_gamma[2]","mu_gamma[2]","pooled_mu_gamma",NA,"exp",-0.0270706699977667,-0.033145272,1.00914478167391,-2.05184797,1.9717777075,0.973292456518119,0.128497225027085,7.18343519098065,1.00063579180039,2639.90403307675,2722.12401050593
"model_fits/finalized_redone_trunc_cp/t2_proportion/chicken_fish/vegetarian_dishes_prop","beta[41,14]","exposure_1SQPTEGYPH0GA_1","level","1SQPTEGYPH0GA","exp_p10",-2.86644800511,-2.8432291,0.6282344674179,-4.0782703675,-1.635475395,0.750778357570031,0.665093905677887,0.849126131010349,1.0026341302292,624.474907077035,596.961817198217
"model_fits/finalized_redone_trunc_cp/t2_proportion/chicken_fish/vegetarian_dishes_prop","beta[42,1]","exposure_2HRX9P6HKXA8V_1","level","2HRX9P6HKXA8V","exp_p10",-2.143893376448,-2.1327416,1.18709947465472,-4.642171275,0.0933268765750013,0.807034115086452,0.628627047428678,1.00937637298169,1.00325803783738,547.009550440687,351.675102269567
"model_fits/finalized_redone_trunc_cp/t2_proportion/chicken_fish/vegetarian_dishes_prop","beta[43,17]","exposure_78AY09MVJVTYE_1","level","78AY09MVJVTYE","exp_p10",-0.243391446431366,-0.24550404,0.462503745387528,-1.170814195,0.66342409775,0.975954663828674,0.889512766530287,1.06859255106484,1.00398602188678,520.823623342362,393.19320024596
"model_fits/finalized_redone_trunc_cp/t2_proportion/chicken_fish/vegetarian_dishes_prop","beta[44,15]","exposure_9XKJD8DQTH559_1","level","9XKJD8DQTH559","exp_p10",0.262615197624983,0.275285285,0.571798044699872,-0.7876989245,1.38847717,1.02660939201464,0.924252577473798,1.14894912126177,1.00416797157914,535.412006962139,553.077804337087
"model_fits/finalized_redone_trunc_cp/t2_proportion/chicken_fish/vegetarian_dishes_prop","beta[45,7]","exposure_C0BE4NDSW26QN_1","level","C0BE4NDSW26QN","exp_p10",-0.0425162041908067,-0.0720120155,0.618112751330297,-1.24574853,1.1718639825,0.995757404923706,0.882872173262187,1.12432898311461,1.0033643331012,1067.9420264872,2128.8301186796
"model_fits/finalized_redone_trunc_cp/t2_proportion/chicken_fish/vegetarian_dishes_prop","beta[46,11]","exposure_CB2KHY1C2G9PT_1","level","CB2KHY1C2G9PT","exp_p10",0.301696240352581,0.301926395,0.694297918052865,-0.997885468,1.6949184625,1.03062933863483,0.90502876903366,1.1847026872242,1.00354452494214,1079.18147502419,1004.74357145792
"model_fits/finalized_redone_trunc_cp/t2_proportion/chicken_fish/vegetarian_dishes_prop","beta[47,4]","exposure_ED5J990H5VAZT_1","level","ED5J990H5VAZT","exp_p10",-4.67278733873333,-4.61145995,1.06615880894617,-6.769803605,-2.6438212,0.626705382046362,0.508149105096991,0.767680137668687,1.00070514648571,792.006538077203,498.246535454548
"model_fits/finalized_redone_trunc_cp/t2_proportion/chicken_fish/vegetarian_dishes_prop","beta[48,6]","exposure_EMBVNVD207CC6_1","level","EMBVNVD207CC6","exp_p10",-3.92279859306667,-3.81203205,1.13126256971599,-6.280507935,-1.748529225,0.675515038334302,0.533630944831204,0.839580495089104,1.01477293232779,730.863726129769,1830.04513160281
"model_fits/finalized_redone_trunc_cp/t2_proportion/chicken_fish/vegetarian_dishes_prop","beta[49,2]","exposure_JHDN7CF1C03X5_1","level","JHDN7CF1C03X5","exp_p10",-3.17972549333333,-3.16630265,0.563706471088507,-4.32201365,-2.073904605,0.727622761870347,0.649078661800154,0.812702259896706,1.00294348080887,567.610526167232,420.017415643614
"model_fits/finalized_redone_trunc_cp/t2_proportion/chicken_fish/vegetarian_dishes_prop","beta[50,3]","exposure_L69HYJ4Y3TR91_1","level","L69HYJ4Y3TR91","exp_p10",-1.4802070791273,-1.5236659,1.49827279402052,-4.3427506475,1.5490839525,0.862413255978693,0.647734062171247,1.16755100298852,1.00327086186232,933.375067579545,923.025723482133
"model_fits/finalized_redone_trunc_cp/t2_proportion/chicken_fish/vegetarian_dishes_prop","beta[51,9]","exposure_LBZEEFSBJNB3Z_1","level","LBZEEFSBJNB3Z","exp_p10",-0.3114136973926,-0.33141309,0.72833805970144,-1.6673803925,1.1956895925,0.969338528254265,0.846421311459121,1.12701095921808,1.0044004356749,528.837746182667,257.590937670357
"model_fits/finalized_redone_trunc_cp/t2_proportion/chicken_fish/vegetarian_dishes_prop","beta[52,13]","exposure_LFZFT3VASXPED_1","level","LFZFT3VASXPED","exp_p10",-0.1340693176419,-0.178919425,1.52916198480969,-2.9880862025,2.925415685,0.986682540848074,0.74170134247052,1.33982843006443,1.00750939395517,526.070385022942,262.126985937799
"model_fits/finalized_redone_trunc_cp/t2_proportion/chicken_fish/vegetarian_dishes_prop","beta[53,16]","exposure_LQ5EH4BKGV61T_1","level","LQ5EH4BKGV61T","exp_p10",-1.23187947213385,-1.166511,1.65677780132546,-4.501634985,1.79155829,0.8840974832865,0.637523908897422,1.19620713340647,1.01381886326305,418.694319401991,1435.26425802294
"model_fits/finalized_redone_trunc_cp/t2_proportion/chicken_fish/vegetarian_dishes_prop","beta[54,12]","exposure_S8MT0YGD2KTN9_1","level","S8MT0YGD2KTN9","exp_p10",-2.98654756254667,-2.9749007,0.782383105439753,-4.642013315,-1.5657819425,0.741815472382433,0.628636977299945,0.855064653949446,1.00757973037945,757.200140281626,1435.90774520578
"model_fits/finalized_redone_trunc_cp/t2_proportion/chicken_fish/vegetarian_dishes_prop","beta[55,10]","exposure_SAFK7ND1HR6XS_1","level","SAFK7ND1HR6XS","exp_p10",-1.08472284120171,-1.06702695,1.30257944060811,-3.707811555,1.450412055,0.897203761264001,0.690194970405471,1.15608720643796,1.00545073308693,1074.54414963738,2033.6088325189
"model_fits/finalized_redone_trunc_cp/t2_proportion/chicken_fish/vegetarian_dishes_prop","beta[56,8]","exposure_V3Q26BHF3SE2H_1","level","V3Q26BHF3SE2H","exp_p10",-3.42519940579,-3.4430517,0.848492754186902,-5.0592858825,-1.7573277875,0.70997896185282,0.602945427354599,0.838842109827201,1.01126160885478,389.538464862024,88.1302333978428
"model_fits/finalized_redone_trunc_cp/t2_proportion/chicken_fish/vegetarian_dishes_prop","beta[57,5]","exposure_W8T41JZK0ZMEP_1","level","W8T41JZK0ZMEP","exp_p10",-1.36473560186345,-1.3720807,0.683279649206644,-2.721702385,0.0126707773500001,0.872429386825098,0.76172457520229,1.00126788081715,1.00107500692208,1436.52580378574,2258.95664105661
"model_fits/finalized_redone_trunc_cp/t2_proportion/chicken_fish/vegetarian_dishes_prop","mu_gamma[1]","mu_gamma[1]","pooled_mu_gamma",NA,"exp_p10",-1.38474127822753,-1.40204325,0.51287347097492,-2.328760435,-0.310028984,0.870685777514476,0.792251772194807,0.969472763152097,1.00540853581113,400.456769854339,868.927848187239
"model_fits/finalized_redone_trunc_cp/t2_proportion/chicken_fish/vegetarian_dishes_prop","mu_gamma[2]","mu_gamma[2]","pooled_mu_gamma",NA,"exp_p10",0.00669563518519133,0.0246138255,1.01771321399372,-1.9454887325,1.92537724,1.00066978772621,0.823205944523426,1.21232223648888,1.0045440494482,1236.10841827218,1927.06786626482
"model_fits/finalized_redone_trunc_cp/t2_proportion/meat/mpbamod_dishes_count","beta[41,15]","exposure_1SQPTEGYPH0GA_1","level","1SQPTEGYPH0GA","exp",0.0755880486534667,0.075144639,0.0281047564022682,0.0215488952,0.133364631,1.07851818561152,1.02178274938788,1.14266657403363,1.00230850359003,2217.58667181067,2557.96503840509
"model_fits/finalized_redone_trunc_cp/t2_proportion/meat/mpbamod_dishes_count","beta[42,2]","exposure_2HRX9P6HKXA8V_1","level","2HRX9P6HKXA8V","exp",-0.0538909093509116,-0.049386054,0.0674897856349612,-0.2008358165,0.062081352825,0.947535468123054,0.818046730304083,1.06404890459137,1.00092526050538,2386.67730779118,2433.33142525767
"model_fits/finalized_redone_trunc_cp/t2_proportion/meat/mpbamod_dishes_count","beta[43,18]","exposure_78AY09MVJVTYE_1","level","78AY09MVJVTYE","exp",-0.09708082764767,-0.0975496105,0.0391276555974221,-0.175230225,-0.02346258235,0.907482653480669,0.839263779021995,0.976810523939347,1.00284233365273,1733.04083370792,2103.03707590374
"model_fits/finalized_redone_trunc_cp/t2_proportion/meat/mpbamod_dishes_count","beta[44,16]","exposure_9XKJD8DQTH559_1","level","9XKJD8DQTH559","exp",0.0577515289116667,0.0576409195,0.0105388483978111,0.037390540075,0.078876352575,1.05945171988155,1.03809836069392,1.08207051856497,1.00105586694368,2368.30318567194,2387.68559151702
"model_fits/finalized_redone_trunc_cp/t2_proportion/meat/mpbamod_dishes_count","beta[45,8]","exposure_C0BE4NDSW26QN_1","level","C0BE4NDSW26QN","exp",0.0102719284175383,0.0109872715,0.0563850079239533,-0.1038741995,0.116620413,1.01032486577524,0.901338679145822,1.12369280954343,1.00122556182053,2460.28216895089,2639.62125090593
"model_fits/finalized_redone_trunc_cp/t2_proportion/meat/mpbamod_dishes_count","beta[46,12]","exposure_CB2KHY1C2G9PT_1","level","CB2KHY1C2G9PT","exp",-0.0134628232084213,-0.0132808835,0.0317160027796761,-0.0744593219,0.048607470075,0.986627395276966,0.9282452325434,1.04980818872277,1.00100623682949,2242.34114227353,2370.26640351485
"model_fits/finalized_redone_trunc_cp/t2_proportion/meat/mpbamod_dishes_count","beta[47,5]","exposure_ED5J990H5VAZT_1","level","ED5J990H5VAZT","exp",0.012798917578011,0.012898184,0.00892066515152356,-0.0049362732,0.030126718725,1.01288117428124,0.995075890174409,1.03058512011191,1.00167282204045,2146.20659428036,2448.77784341897
"model_fits/finalized_redone_trunc_cp/t2_proportion/meat/mpbamod_dishes_count","beta[48,7]","exposure_EMBVNVD207CC6_1","level","EMBVNVD207CC6","exp",0.0938798041709133,0.0921799645,0.0454283238131166,0.0094810877825,0.19030579475,1.09842771155286,1.00952617567671,1.20961943638014,1.00213627973621,2446.82607013387,2629.87607735153
"model_fits/finalized_redone_trunc_cp/t2_proportion/meat/mpbamod_dishes_count","beta[49,3]","exposure_JHDN7CF1C03X5_1","level","JHDN7CF1C03X5","exp",0.00392706998434027,0.00356152645,0.0148715166069702,-0.024580820775,0.0337578672,1.00393479102739,0.975718827379814,1.03433413018597,1.0009177152974,2900.52905440406,2948.46195028156
"model_fits/finalized_redone_trunc_cp/t2_proportion/meat/mpbamod_dishes_count","beta[50,4]","exposure_L69HYJ4Y3TR91_1","level","L69HYJ4Y3TR91","exp",0.0506365668695163,0.0478111115,0.0598980789486122,-0.064493216325,0.1733748635,1.05194051376872,0.937542474223922,1.18931185113496,0.99964206255526,2347.94141748106,2654.27921384687
"model_fits/finalized_redone_trunc_cp/t2_proportion/meat/mpbamod_dishes_count","beta[51,10]","exposure_LBZEEFSBJNB3Z_1","level","LBZEEFSBJNB3Z","exp",0.057667726153585,0.0579704445,0.0441021060175748,-0.0287482589,0.14471203075,1.05936293862548,0.971661040699581,1.15570671434844,1.00286621919415,1690.80200613157,2397.61940785907
"model_fits/finalized_redone_trunc_cp/t2_proportion/meat/mpbamod_dishes_count","beta[52,14]","exposure_LFZFT3VASXPED_1","level","LFZFT3VASXPED","exp",0.0456132176864218,0.042619606,0.0802104402107246,-0.1100534515,0.21544837325,1.04666949940514,0.89578625289795,1.24041794252302,1.00065404745587,2647.5711402781,2654.51114944889
"model_fits/finalized_redone_trunc_cp/t2_proportion/meat/mpbamod_dishes_count","beta[53,17]","exposure_LQ5EH4BKGV61T_1","level","LQ5EH4BKGV61T","exp",0.120237381402606,0.11275036,0.0735127654042718,-0.001682665645,0.29269756,1.12776453013314,0.998318749243131,1.34003744821308,1.00028396611557,1945.49849038535,2611.34883315404
"model_fits/finalized_redone_trunc_cp/t2_proportion/meat/mpbamod_dishes_count","beta[54,13]","exposure_S8MT0YGD2KTN9_1","level","S8MT0YGD2KTN9","exp",0.0550206183993199,0.0539890085,0.0498493995574098,-0.038436435175,0.15143475625,1.05656239907636,0.962292870773722,1.16350238807432,1.00074794943773,2092.79054861767,2305.04936012148
"model_fits/finalized_redone_trunc_cp/t2_proportion/meat/mpbamod_dishes_count","beta[55,11]","exposure_SAFK7ND1HR6XS_1","level","SAFK7ND1HR6XS","exp",0.068569957305269,0.062872737,0.0765812568231318,-0.067055811325,0.23378297975,1.07097554489348,0.935143008309951,1.26337028551945,1.00063765343093,2406.83907525099,2411.09118414214
"model_fits/finalized_redone_trunc_cp/t2_proportion/meat/mpbamod_dishes_count","beta[56,1]","exposure_SRQS8F7JWA9MZ_1","level","SRQS8F7JWA9MZ","exp",0.0970589589295333,0.096296189,0.0262888619618714,0.04698357885,0.15200241475,1.10192534004429,1.04810479785224,1.16416304759144,1.00064624798916,2058.84197695834,2383.96650906164
"model_fits/finalized_redone_trunc_cp/t2_proportion/meat/mpbamod_dishes_count","beta[57,9]","exposure_V3Q26BHF3SE2H_1","level","V3Q26BHF3SE2H","exp",0.0239004844068023,0.0236687665,0.019972984684376,-0.01552170435,0.0626216661,1.02418839010382,0.984598136457257,1.06462397968613,1.00013432482922,2212.19286013816,2382.99381640313
"model_fits/finalized_redone_trunc_cp/t2_proportion/meat/mpbamod_dishes_count","beta[58,6]","exposure_W8T41JZK0ZMEP_1","level","W8T41JZK0ZMEP","exp",-0.00229058342872703,-0.00192658215,0.0114342483449809,-0.02497072075,0.0188771289,0.997712037955613,0.975338468789133,1.01905642834028,0.999666149496159,2893.61135922921,2585.53442353896
"model_fits/finalized_redone_trunc_cp/t2_proportion/meat/mpbamod_dishes_count","mu_gamma[1]","mu_gamma[1]","pooled_mu_gamma",NA,"exp",0.0326078515604125,0.032306127,0.0219099055467951,-0.008659277005,0.077991334075,1.03314531346963,0.991378106551448,1.0811132897828,1.00023192038229,1218.89158016882,1641.73320916536
"model_fits/finalized_redone_trunc_cp/t2_proportion/meat/mpbamod_dishes_count","mu_gamma[2]","mu_gamma[2]","pooled_mu_gamma",NA,"exp",-0.00743010539628667,0.00245356535,0.985062859889063,-1.972482175,1.9391065,0.992597429598638,0.139111129148024,6.95253610355035,1.00205441380113,2878.33163711503,2526.09562778803
"model_fits/finalized_redone_trunc_cp/t2_proportion/meat/mpbamod_dishes_prop","beta[41,15]","exposure_1SQPTEGYPH0GA_1","level","1SQPTEGYPH0GA","exp_p10",-1.1222539625809,-1.07613785,0.755871892352589,-2.79852626,0.498302913,0.89384276597872,0.755895132536712,1.05109270166291,1.57468825584898,1727.42601225332,801.594190442907
"model_fits/finalized_redone_trunc_cp/t2_proportion/meat/mpbamod_dishes_prop","beta[42,2]","exposure_2HRX9P6HKXA8V_1","level","2HRX9P6HKXA8V","exp_p10",-3.10699171109497,-3.6574444,1.45575748246754,-5.49817352,-0.0129815325774987,0.732934330529569,0.577055198733646,0.9987026889787,1.14157541765297,16.0291557711676,909.521936139715
"model_fits/finalized_redone_trunc_cp/t2_proportion/meat/mpbamod_dishes_prop","beta[43,18]","exposure_78AY09MVJVTYE_1","level","78AY09MVJVTYE","exp_p10",-3.60420621643667,-3.9829908,0.868837716148677,-5.1025430325,-1.664632855,0.697382930016703,0.600342890250385,0.846653900839464,1.26572722277956,21.7460543940584,738.061768003963
"model_fits/finalized_redone_trunc_cp/t2_proportion/meat/mpbamod_dishes_prop","beta[44,16]","exposure_9XKJD8DQTH559_1","level","9XKJD8DQTH559","exp_p10",0.497483337540497,0.36820095,0.524968884885816,-0.16636588075,1.60960303,1.05100656021453,0.983501035702781,1.17463833827022,1.2490339268331,8.84560677628038,835.013147963161
"model_fits/finalized_redone_trunc_cp/t2_proportion/meat/mpbamod_dishes_prop","beta[45,8]","exposure_C0BE4NDSW26QN_1","level","C0BE4NDSW26QN","exp_p10",-3.46750411775713,-2.8181282,1.56594178925259,-7.0497733375,-0.702817786,0.706981760561343,0.49411977397154,0.932131128292902,1.57367745691859,55.262504715343,1921.83439251801
"model_fits/finalized_redone_trunc_cp/t2_proportion/meat/mpbamod_dishes_prop","beta[46,12]","exposure_CB2KHY1C2G9PT_1","level","CB2KHY1C2G9PT","exp_p10",-2.58922049553333,-2.6798273,0.47892582325647,-3.2037293425,-1.5914199725,0.771883189338062,0.725878281717273,0.852875244431067,1.26572554491571,8.34849764915327,942.905834749015
"model_fits/finalized_redone_trunc_cp/t2_proportion/meat/mpbamod_dishes_prop","beta[47,5]","exposure_ED5J990H5VAZT_1","level","ED5J990H5VAZT","exp_p10",0.19392944494809,0.2396514,0.166518355103046,-0.19334266,0.51253152675,1.01958220912931,0.980851442151428,1.05258932536118,1.41421235982293,44.6393110707319,545.398637334482
"model_fits/finalized_redone_trunc_cp/t2_proportion/meat/mpbamod_dishes_prop","beta[48,7]","exposure_EMBVNVD207CC6_1","level","EMBVNVD207CC6","exp_p10",-0.14456281177494,-0.14389969,0.368720812534447,-0.91460226075,0.66234585325,0.985647709147694,0.912597613019187,1.06847733687232,1.55122652523114,2015.95086880381,1271.90396038426
"model_fits/finalized_redone_trunc_cp/t2_proportion/meat/mpbamod_dishes_prop","beta[49,3]","exposure_JHDN7CF1C03X5_1","level","JHDN7CF1C03X5","exp_p10",1.071597353178,1.25601685,0.521253759593328,-0.165615679,2.0444297525,1.11311204358538,0.983574820890247,1.22684149352153,1.57303519069364,76.9343118883594,935.447836913612
"model_fits/finalized_redone_trunc_cp/t2_proportion/meat/mpbamod_dishes_prop","beta[50,4]","exposure_L69HYJ4Y3TR91_1","level","L69HYJ4Y3TR91","exp_p10",-0.1168049665233,-0.946187395,1.69132784069255,-3.03796991,3.82010309,0.98838745551966,0.73801067405286,1.4652271900822,1.47629574138656,24.9452007083264,674.241371721442
"model_fits/finalized_redone_trunc_cp/t2_proportion/meat/mpbamod_dishes_prop","beta[51,10]","exposure_LBZEEFSBJNB3Z_1","level","LBZEEFSBJNB3Z","exp_p10",-1.21527458361623,-0.766174115,1.26491613371787,-4.15066382,0.5958363195,0.885566736803322,0.660296447451355,1.06139452376152,1.18742657518147,11.3754640586926,434.684596613583
"model_fits/finalized_redone_trunc_cp/t2_proportion/meat/mpbamod_dishes_prop","beta[52,14]","exposure_LFZFT3VASXPED_1","level","LFZFT3VASXPED","exp_p10",2.28295967594411,3.06271895,2.29310517614857,-2.55918,6.414694835,1.25645714100445,0.774205451036426,1.89926977528161,1.15035360017036,16.6249114538643,1063.42150026704
"model_fits/finalized_redone_trunc_cp/t2_proportion/meat/mpbamod_dishes_prop","beta[53,17]","exposure_LQ5EH4BKGV61T_1","level","LQ5EH4BKGV61T","exp_p10",1.95691168112107,1.4649392,1.58000717076499,-0.110631931,5.670547005,1.21615126104192,0.988997778965065,1.76306663751891,1.19857638944267,10.6584319203046,1423.47215243259
"model_fits/finalized_redone_trunc_cp/t2_proportion/meat/mpbamod_dishes_prop","beta[54,13]","exposure_S8MT0YGD2KTN9_1","level","S8MT0YGD2KTN9","exp_p10",4.01375220616667,3.9660776,0.923140190308972,2.0257783775,6.03605284,1.49387769706193,1.22455539804933,1.82869991240811,1.59377865488071,2079.39852323405,515.875576513288
"model_fits/finalized_redone_trunc_cp/t2_proportion/meat/mpbamod_dishes_prop","beta[55,11]","exposure_SAFK7ND1HR6XS_1","level","SAFK7ND1HR6XS","exp_p10",0.737638345909283,0.79241052,1.21425901023555,-1.9052294975,3.36768276,1.07655253100311,0.826526788928218,1.40041451648388,1.63331895966665,2117.32613047579,730.513116971091
"model_fits/finalized_redone_trunc_cp/t2_proportion/meat/mpbamod_dishes_prop","beta[56,1]","exposure_SRQS8F7JWA9MZ_1","level","SRQS8F7JWA9MZ","exp_p10",0.952327610433333,0.887035555,0.225595105614762,0.51664085725,1.480111005,1.09991484265934,1.05302195798848,1.15952576760732,1.51783112280709,108.751946923854,1025.50347147308
"model_fits/finalized_redone_trunc_cp/t2_proportion/meat/mpbamod_dishes_prop","beta[57,9]","exposure_V3Q26BHF3SE2H_1","level","V3Q26BHF3SE2H","exp_p10",0.193268949366061,0.315453675,0.281575036065084,-0.44134091775,0.681421716,1.01951486839879,0.956825646421216,1.0705174948453,1.30652600311862,20.1490371965403,357.670395903144
"model_fits/finalized_redone_trunc_cp/t2_proportion/meat/mpbamod_dishes_prop","beta[58,6]","exposure_W8T41JZK0ZMEP_1","level","W8T41JZK0ZMEP","exp_p10",0.0690622263256333,-0.0860598095,0.516461560851666,-0.950208396,1.243292725,1.00693012558277,0.90935398369749,1.13238867406859,1.47750040319678,47.8669087852332,1209.45294532802
"model_fits/finalized_redone_trunc_cp/t2_proportion/meat/mpbamod_dishes_prop","mu_gamma[1]","mu_gamma[1]","pooled_mu_gamma",NA,"exp_p10",-0.0650956675631667,0.081259188,0.445690589547934,-1.1267654125,0.778895201,0.993511574574851,0.893439604240332,1.08100322294461,1.62180190276185,272.93217463661,666.847484329791
"model_fits/finalized_redone_trunc_cp/t2_proportion/meat/mpbamod_dishes_prop","mu_gamma[2]","mu_gamma[2]","pooled_mu_gamma",NA,"exp_p10",-0.544046184608257,-0.67235673,1.09714058862996,-1.860432845,1.708601765,0.947048835525614,0.830237657782278,1.18632486133024,1.33228372113371,7.14878403546147,1112.76705962953
"model_fits/finalized_redone_trunc_cp/t2_proportion/meat/vegan_dishes_count","beta[41,15]","exposure_1SQPTEGYPH0GA_1","level","1SQPTEGYPH0GA","exp",0.125715499421667,0.125414835,0.0146493434366354,0.0978581345,0.15537695,1.13395951025053,1.10280632384001,1.16809819274101,1.01450557148448,752.54323436088,1670.48386569649
"model_fits/finalized_redone_trunc_cp/t2_proportion/meat/vegan_dishes_count","beta[42,2]","exposure_2HRX9P6HKXA8V_1","level","2HRX9P6HKXA8V","exp",-0.0676381193480684,-0.0673194515,0.0465538266679028,-0.160854235,0.023536727225,0.934598625548103,0.851416168740222,1.02381590197312,1.00125526715593,1395.82285981914,2171.77701830814
"model_fits/finalized_redone_trunc_cp/t2_proportion/meat/vegan_dishes_count","beta[43,18]","exposure_78AY09MVJVTYE_1","level","78AY09MVJVTYE","exp",0.0146799050048502,0.014768659,0.0116288998204761,-0.0081596451375,0.037558578475,1.01478818400333,0.991873554406685,1.03827281573866,1.00042020518555,2190.83366828936,2802.41385773752
"model_fits/finalized_redone_trunc_cp/t2_proportion/meat/vegan_dishes_count","beta[44,16]","exposure_9XKJD8DQTH559_1","level","9XKJD8DQTH559","exp",0.0242443320075667,0.0239847295,0.00810456174050923,0.009267473485,0.040954503,1.02454061537692,1.00931054948312,1.04180470547852,1.00242701512298,1274.08059593718,2631.28295629498
"model_fits/finalized_redone_trunc_cp/t2_proportion/meat/vegan_dishes_count","beta[45,8]","exposure_C0BE4NDSW26QN_1","level","C0BE4NDSW26QN","exp",0.0448421453813662,0.045058561,0.0198246609439059,0.006153523795,0.0827736317,1.04586275261163,1.0061724956171,1.08629587776268,1.00087956091155,2395.34126500014,2723.65693751437
"model_fits/finalized_redone_trunc_cp/t2_proportion/meat/vegan_dishes_count","beta[46,12]","exposure_CB2KHY1C2G9PT_1","level","CB2KHY1C2G9PT","exp",0.0246622719148767,0.0242978115,0.00814671872698278,0.009454718185,0.041421410425,1.0249689012794,1.00949955522878,1.04229124540662,1.00202188829655,2365.75306462669,2360.52605985615
"model_fits/finalized_redone_trunc_cp/t2_proportion/meat/vegan_dishes_count","beta[47,5]","exposure_ED5J990H5VAZT_1","level","ED5J990H5VAZT","exp",0.118234835314,0.11852854,0.0326226124024998,0.053545284775,0.181661705,1.12550838945126,1.05500476633932,1.19920843903244,1.00181524171249,940.746981221244,2004.41072214614
"model_fits/finalized_redone_trunc_cp/t2_proportion/meat/vegan_dishes_count","beta[48,7]","exposure_EMBVNVD207CC6_1","level","EMBVNVD207CC6","exp",0.282271448660667,0.281247645,0.0683582418363541,0.15259216325,0.4198062145,1.32613864969368,1.16484981349218,1.52166665011273,1.00132003564795,1153.31487428952,1610.73509359634
"model_fits/finalized_redone_trunc_cp/t2_proportion/meat/vegan_dishes_count","beta[49,3]","exposure_JHDN7CF1C03X5_1","level","JHDN7CF1C03X5","exp",-0.0326585416057,-0.032645398,0.0082486520750924,-0.048870712625,-0.01681499915,0.967868990162949,0.952304242655592,0.983325583877478,1.00159764531681,2345.73232467226,2654.84591071582
"model_fits/finalized_redone_trunc_cp/t2_proportion/meat/vegan_dishes_count","beta[50,4]","exposure_L69HYJ4Y3TR91_1","level","L69HYJ4Y3TR91","exp",0.0944426041726767,0.094607394,0.0308155805314971,0.035063371275,0.1549775955,1.09904608066361,1.03568533942051,1.16763180060539,1.00053112096183,1279.27916249538,2039.90616471522
"model_fits/finalized_redone_trunc_cp/t2_proportion/meat/vegan_dishes_count","beta[51,10]","exposure_LBZEEFSBJNB3Z_1","level","LBZEEFSBJNB3Z","exp",0.181012313494333,0.18081479,0.0268109341994612,0.128039316,0.23446650125,1.19842993606257,1.13659768829334,1.26423412146365,1.00003706706825,1157.45337847287,1893.47811045918
"model_fits/finalized_redone_trunc_cp/t2_proportion/meat/vegan_dishes_count","beta[52,14]","exposure_LFZFT3VASXPED_1","level","LFZFT3VASXPED","exp",0.0295564833505233,0.025387801,0.0829189706882911,-0.126836029,0.20179430475,1.02999761154502,0.880878099218752,1.22359629427843,1.00322361035999,954.626274095235,1127.41783268545
"model_fits/finalized_redone_trunc_cp/t2_proportion/meat/vegan_dishes_count","beta[53,17]","exposure_LQ5EH4BKGV61T_1","level","LQ5EH4BKGV61T","exp",0.2403012185896,0.236400915,0.0950561575127036,0.061614498125,0.44296553025,1.27163213187518,1.06355226429768,1.55731865303195,1.00244737939056,1009.62215521053,1838.84308089147
"model_fits/finalized_redone_trunc_cp/t2_proportion/meat/vegan_dishes_count","beta[54,13]","exposure_S8MT0YGD2KTN9_1","level","S8MT0YGD2KTN9","exp",0.00165526997007333,0.00147686935,0.03968476298628,-0.07935015595,0.08011071245,1.00165664068561,0.923716423008787,1.08340700767958,1.00140754233205,1287.26715263037,2130.7354430363
"model_fits/finalized_redone_trunc_cp/t2_proportion/meat/vegan_dishes_count","beta[55,11]","exposure_SAFK7ND1HR6XS_1","level","SAFK7ND1HR6XS","exp",0.125591766663323,0.121993225,0.119396920075215,-0.104358543,0.365693484,1.13381921099246,0.900902227320114,1.44151332803177,1.00093762694661,1074.96817027999,1430.68755859521
"model_fits/finalized_redone_trunc_cp/t2_proportion/meat/vegan_dishes_count","beta[56,1]","exposure_SRQS8F7JWA9MZ_1","level","SRQS8F7JWA9MZ","exp",0.693113565456667,0.69269036,0.0653887595459796,0.570554373,0.8213014635,1.99993277092341,1.7692476027143,2.27345673392671,1.00500022531517,1424.75613082832,2238.52398308402
"model_fits/finalized_redone_trunc_cp/t2_proportion/meat/vegan_dishes_count","beta[57,9]","exposure_V3Q26BHF3SE2H_1","level","V3Q26BHF3SE2H","exp",0.109676608238333,0.10900734,0.0267140286044173,0.059865301425,0.1646942365,1.11591713369229,1.06169352830805,1.17903255846943,1.00047306317696,1442.41342383135,1915.27278048207
"model_fits/finalized_redone_trunc_cp/t2_proportion/meat/vegan_dishes_count","beta[58,6]","exposure_W8T41JZK0ZMEP_1","level","W8T41JZK0ZMEP","exp",-0.00860495902191707,-0.00837553875,0.00767653886527889,-0.0233973197,0.0060111672375,0.991431957673197,0.976874275262954,1.00602927055913,1.00089899803571,2083.83232162904,2546.17487586946
"model_fits/finalized_redone_trunc_cp/t2_proportion/meat/vegan_dishes_count","mu_gamma[1]","mu_gamma[1]","pooled_mu_gamma",NA,"exp",0.111728020170156,0.11182059,0.0487517752462,0.01339497825,0.20719507125,1.11820868907367,1.01348509288281,1.23022252942217,1.03774088429,107.197346007632,293.671776261196
"model_fits/finalized_redone_trunc_cp/t2_proportion/meat/vegan_dishes_count","mu_gamma[2]","mu_gamma[2]","pooled_mu_gamma",NA,"exp",-0.064033571744375,-0.0631321555,1.00795123235535,-2.0577003,1.88806237,0.937973509595252,0.127747413075704,6.60655521159596,1.00121566014249,822.913496771786,1383.26268017643
"model_fits/finalized_redone_trunc_cp/t2_proportion/meat/vegan_dishes_prop","beta[41,15]","exposure_1SQPTEGYPH0GA_1","level","1SQPTEGYPH0GA","exp_p10",-2.299380758937,-2.28930455,0.665847652532417,-3.6220406225,-1.0436767675,0.794582804809983,0.696140297391255,0.900893998741974,1.00325558152418,744.847619026844,2102.47032680052
"model_fits/finalized_redone_trunc_cp/t2_proportion/meat/vegan_dishes_prop","beta[42,2]","exposure_2HRX9P6HKXA8V_1","level","2HRX9P6HKXA8V","exp_p10",-1.33157437313467,-1.3284362,0.893832361118261,-3.070808335,0.378264819750001,0.875327272085927,0.735591138097731,1.03855100992288,1.00176333230408,2133.28633697469,2380.75200499027
"model_fits/finalized_redone_trunc_cp/t2_proportion/meat/vegan_dishes_prop","beta[43,18]","exposure_78AY09MVJVTYE_1","level","78AY09MVJVTYE","exp_p10",0.381373708137963,0.37943016,0.323453476356471,-0.2537595405,1.0131586325,1.03887393403454,0.974943309234121,1.10662612909109,1.00111125318953,2451.92030790386,2122.39291609335
"model_fits/finalized_redone_trunc_cp/t2_proportion/meat/vegan_dishes_prop","beta[44,16]","exposure_9XKJD8DQTH559_1","level","9XKJD8DQTH559","exp_p10",2.10161251971,2.09271,0.58299594002473,1.00251786,3.2732297225,1.23387700901552,1.10544921967518,1.38724944791085,1.00025705378836,2224.07641212142,2793.50279110177
"model_fits/finalized_redone_trunc_cp/t2_proportion/meat/vegan_dishes_prop","beta[45,8]","exposure_C0BE4NDSW26QN_1","level","C0BE4NDSW26QN","exp_p10",0.32732984713474,0.314078655,0.709810156577837,-1.020690325,1.7291401475,1.03327460228926,0.902967215432989,1.18876388452956,1.00017444113028,2146.66638697392,2370.12668449329
"model_fits/finalized_redone_trunc_cp/t2_proportion/meat/vegan_dishes_prop","beta[46,12]","exposure_CB2KHY1C2G9PT_1","level","CB2KHY1C2G9PT","exp_p10",0.307257255212397,0.304173445,0.314727268726064,-0.3035847145,0.92831975425,1.03120263253157,0.970097718875491,1.09727735021748,1.00151786908128,2023.00411124388,882.673119992053
"model_fits/finalized_redone_trunc_cp/t2_proportion/meat/vegan_dishes_prop","beta[47,5]","exposure_ED5J990H5VAZT_1","level","ED5J990H5VAZT","exp_p10",0.308957157130143,0.30689997,0.638415238764071,-0.9383786875,1.5554816175,1.03137794176483,0.910430359487602,1.16829820199824,0.999868983674001,1613.03087451349,2301.7245278472
"model_fits/finalized_redone_trunc_cp/t2_proportion/meat/vegan_dishes_prop","beta[48,7]","exposure_EMBVNVD207CC6_1","level","EMBVNVD207CC6","exp_p10",0.632312901778797,0.63491804,0.355213749416268,-0.087136982475,1.3124041325,1.06527319796748,0.991324155991144,1.14024187761806,1.00053459440968,2063.45855803093,794.320583146019
"model_fits/finalized_redone_trunc_cp/t2_proportion/meat/vegan_dishes_prop","beta[49,3]","exposure_JHDN7CF1C03X5_1","level","JHDN7CF1C03X5","exp_p10",-2.07820494217243,-2.0729651,0.447540147874586,-2.960803605,-1.2090026425,0.812352845658207,0.743727659292125,0.886122333261295,1.0031657367947,2338.09802470422,1030.98605593758
"model_fits/finalized_redone_trunc_cp/t2_proportion/meat/vegan_dishes_prop","beta[50,4]","exposure_L69HYJ4Y3TR91_1","level","L69HYJ4Y3TR91","exp_p10",2.83984171758817,2.80587635,1.06921810518147,0.68559048575,5.00347362,1.32841190416238,1.07096386197386,1.64929407329733,1.00066649149852,1939.29864680727,920.603145414505
"model_fits/finalized_redone_trunc_cp/t2_proportion/meat/vegan_dishes_prop","beta[51,10]","exposure_LBZEEFSBJNB3Z_1","level","LBZEEFSBJNB3Z","exp_p10",5.22555388256667,5.2104544,0.904943579752742,3.481184205,7.002366575,1.68633137991119,1.41639997060175,2.01422933354819,1.00182427232298,1770.95717298916,2142.0128764185
"model_fits/finalized_redone_trunc_cp/t2_proportion/meat/vegan_dishes_prop","beta[52,14]","exposure_LFZFT3VASXPED_1","level","LFZFT3VASXPED","exp_p10",1.83632073751745,1.7629105,1.65883856165512,-1.2452537925,5.2498533775,1.20157365127246,0.882915853339869,1.69043406263055,1.00035682261269,2199.12662889388,2288.83486520449
"model_fits/finalized_redone_trunc_cp/t2_proportion/meat/vegan_dishes_prop","beta[53,17]","exposure_LQ5EH4BKGV61T_1","level","LQ5EH4BKGV61T","exp_p10",0.406876930779697,0.390872425,1.25339664439356,-2.0418850875,2.94572451,1.04152677872474,0.815308663883069,1.34255222909776,1.00046814723833,2229.99064361461,2261.48033122552
"model_fits/finalized_redone_trunc_cp/t2_proportion/meat/vegan_dishes_prop","beta[54,13]","exposure_S8MT0YGD2KTN9_1","level","S8MT0YGD2KTN9","exp_p10",1.17821800783637,1.18114575,1.12405403782391,-1.0115351475,3.4153413775,1.12504361161346,0.903794276483154,1.40710462787217,1.00086066094304,2163.62305609974,2386.70240623464
"model_fits/finalized_redone_trunc_cp/t2_proportion/meat/vegan_dishes_prop","beta[55,11]","exposure_SAFK7ND1HR6XS_1","level","SAFK7ND1HR6XS","exp_p10",1.14365004006506,1.10306095,1.53610488459944,-1.8167219375,4.23221177,1.12116127856686,0.83387464493815,1.52687196758366,1.00090552994464,1787.46258586862,2485.01587868988
"model_fits/finalized_redone_trunc_cp/t2_proportion/meat/vegan_dishes_prop","beta[56,1]","exposure_SRQS8F7JWA9MZ_1","level","SRQS8F7JWA9MZ","exp_p10",1.86856146821333,1.8709334,0.257642122761535,1.38196809,2.3909580075,1.20545386420655,1.14820150442843,1.27010020730811,1.00151484975902,2674.94303794509,2866.98374020394
"model_fits/finalized_redone_trunc_cp/t2_proportion/meat/vegan_dishes_prop","beta[57,9]","exposure_V3Q26BHF3SE2H_1","level","V3Q26BHF3SE2H","exp_p10",1.81150974431333,1.798476,0.464291903363153,0.9479226735,2.7444686275,1.19859612300199,1.0994304438031,1.31580265407686,1.00194698186638,1846.34075736297,1040.31881811195
"model_fits/finalized_redone_trunc_cp/t2_proportion/meat/vegan_dishes_prop","beta[58,6]","exposure_W8T41JZK0ZMEP_1","level","W8T41JZK0ZMEP","exp_p10",-0.79468385351667,-0.795103805,0.536966276991177,-1.83381347,0.244327733500001,0.923607219024472,0.832450642644386,1.02473369937779,1.00138977518833,1674.26602045141,2318.69389644404
"model_fits/finalized_redone_trunc_cp/t2_proportion/meat/vegan_dishes_prop","mu_gamma[1]","mu_gamma[1]","pooled_mu_gamma",NA,"exp_p10",0.634066831332067,0.621389625,0.458813571954145,-0.26228956625,1.6210947725,1.06546005576819,0.974112034670941,1.17598897831336,1.00333658072244,1136.02758973186,771.636323262901
"model_fits/finalized_redone_trunc_cp/t2_proportion/meat/vegan_dishes_prop","mu_gamma[2]","mu_gamma[2]","pooled_mu_gamma",NA,"exp_p10",-0.0133162179256,0.0045293106,1.00481393580803,-1.9538865825,1.9870423825,0.998669264422328,0.82251491871647,1.21982113610878,0.999924897426024,2305.00508277064,2222.16600720228
"model_fits/finalized_redone_trunc_cp/t2_proportion/meat/vegetarian_dishes_count","beta[41,15]","exposure_1SQPTEGYPH0GA_1","level","1SQPTEGYPH0GA","exp",0.0526522879493333,0.052631401,0.00489490194787701,0.0433376095,0.06239450445,1.05406307095999,1.04429039770213,1.06438216541278,1.00363448273978,1873.07735517297,2793.62912206393
"model_fits/finalized_redone_trunc_cp/t2_proportion/meat/vegetarian_dishes_count","beta[42,2]","exposure_2HRX9P6HKXA8V_1","level","2HRX9P6HKXA8V","exp",-0.00664249714915667,-0.0063800816,0.0293607539762766,-0.0680157567,0.0502716987,0.993379515468481,0.934245752831185,1.05155676417228,1.00103080435162,2082.21074551637,2336.00225327944
"model_fits/finalized_redone_trunc_cp/t2_proportion/meat/vegetarian_dishes_count","beta[43,18]","exposure_78AY09MVJVTYE_1","level","78AY09MVJVTYE","exp",0.0019446349377313,0.00193420455,0.00939557464476062,-0.01617697295,0.02084241035,1.00194652696649,0.983953171550521,1.02106113029194,1.00264087741046,2025.48479131905,2651.10331937475
"model_fits/finalized_redone_trunc_cp/t2_proportion/meat/vegetarian_dishes_count","beta[44,16]","exposure_9XKJD8DQTH559_1","level","9XKJD8DQTH559","exp",0.0164333409009467,0.016351683,0.00458709972997463,0.0077957587,0.025813794725,1.01656911094641,1.00782622474404,1.02614985616664,1.00201250492808,2373.06407709662,2732.33122040627
"model_fits/finalized_redone_trunc_cp/t2_proportion/meat/vegetarian_dishes_count","beta[45,8]","exposure_C0BE4NDSW26QN_1","level","C0BE4NDSW26QN","exp",0.0141891945137456,0.0141610755,0.010964283756229,-0.00747982389,0.0359078583,1.01429033895407,0.992548080376369,1.03656033165943,1.00084057838427,2501.98425365042,2525.59398165866
"model_fits/finalized_redone_trunc_cp/t2_proportion/meat/vegetarian_dishes_count","beta[46,12]","exposure_CB2KHY1C2G9PT_1","level","CB2KHY1C2G9PT","exp",0.0197469100609667,0.019618925,0.00512731069623689,0.010143427775,0.03010628585,1.0199431700033,1.0101950467219,1.03056406251011,1.00157137325587,2625.58875133445,2583.42992050753
"model_fits/finalized_redone_trunc_cp/t2_proportion/meat/vegetarian_dishes_count","beta[47,5]","exposure_ED5J990H5VAZT_1","level","ED5J990H5VAZT","exp",0.0571067130353333,0.057196926,0.0110963190741832,0.03579586805,0.078708998875,1.05876878879843,1.03644425350868,1.08188944521209,1.0033694814272,2220.97937649127,2590.71551674074
"model_fits/finalized_redone_trunc_cp/t2_proportion/meat/vegetarian_dishes_count","beta[48,7]","exposure_EMBVNVD207CC6_1","level","EMBVNVD207CC6","exp",0.0885851786175,0.086553043,0.0307691781290937,0.0322492122,0.15531884975,1.09262731713119,1.03277485332996,1.16803032791549,1.00170375709766,2131.68367878947,2181.04203336628
"model_fits/finalized_redone_trunc_cp/t2_proportion/meat/vegetarian_dishes_count","beta[49,3]","exposure_JHDN7CF1C03X5_1","level","JHDN7CF1C03X5","exp",-0.0154457887283683,-0.015543124,0.00642897525919353,-0.027874131475,-0.0026258141025,0.984672885674124,0.972510767593745,0.997377630331876,1.00128327887098,2924.61707202118,2794.27606755359
"model_fits/finalized_redone_trunc_cp/t2_proportion/meat/vegetarian_dishes_count","beta[50,4]","exposure_L69HYJ4Y3TR91_1","level","L69HYJ4Y3TR91","exp",0.042487804135084,0.0427965215,0.0203633753240989,0.00187172248250001,0.082347782425,1.04340333109,1.00187347524842,1.08583337793529,1.00358422137098,2420.60471714056,2357.74662358397
"model_fits/finalized_redone_trunc_cp/t2_proportion/meat/vegetarian_dishes_count","beta[51,10]","exposure_LBZEEFSBJNB3Z_1","level","LBZEEFSBJNB3Z","exp",0.046626147952983,0.0464488525,0.018403089271382,0.010960883375,0.082385505325,1.04773023975748,1.01102117393509,1.08587433949181,1.00213514458148,1964.13073942469,2518.39153334227
"model_fits/finalized_redone_trunc_cp/t2_proportion/meat/vegetarian_dishes_count","beta[52,14]","exposure_LFZFT3VASXPED_1","level","LFZFT3VASXPED","exp",0.0161770981811169,0.016383043,0.0365850546666966,-0.056593258875,0.08617271705,1.01630865588381,0.944978352767599,1.08999457269526,1.00020063048862,2076.71037358607,2162.46592933653
"model_fits/finalized_redone_trunc_cp/t2_proportion/meat/vegetarian_dishes_count","beta[53,17]","exposure_LQ5EH4BKGV61T_1","level","LQ5EH4BKGV61T","exp",0.0603845381106107,0.056546665,0.0404810545610564,-0.0108465892,0.14872932375,1.06224494168146,0.989212022943283,1.16035886511177,1.00061043076507,1891.84671545003,2129.9879876039
"model_fits/finalized_redone_trunc_cp/t2_proportion/meat/vegetarian_dishes_count","beta[54,13]","exposure_S8MT0YGD2KTN9_1","level","S8MT0YGD2KTN9","exp",-0.0291011931294403,-0.0291329445,0.0115144827868334,-0.05144977695,-0.00674418186,0.971318168768084,0.949851353196293,0.993278509095182,1.00078720379448,2537.54849674751,2566.80456526818
"model_fits/finalized_redone_trunc_cp/t2_proportion/meat/vegetarian_dishes_count","beta[55,11]","exposure_SAFK7ND1HR6XS_1","level","SAFK7ND1HR6XS","exp",0.0345667968907983,0.034157761,0.0406600108519548,-0.042914666325,0.12004817775,1.03517117228254,0.957993135654046,1.12755117314935,1.00164838327664,2265.0567530638,2348.01131207986
"model_fits/finalized_redone_trunc_cp/t2_proportion/meat/vegetarian_dishes_count","beta[56,1]","exposure_SRQS8F7JWA9MZ_1","level","SRQS8F7JWA9MZ","exp",0.0282996574269253,0.0283677835,0.0105748462283007,0.0070705918575,0.0489827708,1.02870389700287,1.00709564751006,1.05020225643944,1.00094293198666,2369.46715793776,2316.53222916742
"model_fits/finalized_redone_trunc_cp/t2_proportion/meat/vegetarian_dishes_count","beta[57,9]","exposure_V3Q26BHF3SE2H_1","level","V3Q26BHF3SE2H","exp",0.0528105405045333,0.0524269425,0.0193756721588166,0.0144660438,0.092550736575,1.05422989233392,1.01457118338446,1.09696879658804,1.00002004790105,1791.47500201586,2170.01938220303
"model_fits/finalized_redone_trunc_cp/t2_proportion/meat/vegetarian_dishes_count","beta[58,6]","exposure_W8T41JZK0ZMEP_1","level","W8T41JZK0ZMEP","exp",-0.0072593515999071,-0.0072697837,0.00594059017474268,-0.018983074725,0.004384843385,0.992766933849353,0.981195969113874,1.00439447087729,1.0009039489667,2597.92055446135,2280.52784579532
"model_fits/finalized_redone_trunc_cp/t2_proportion/meat/vegetarian_dishes_count","mu_gamma[1]","mu_gamma[1]","pooled_mu_gamma",NA,"exp",0.0262605960894,0.0258384775,0.0113666095978797,0.0049871421425,0.0495749423,1.0266084437636,1.0049995986347,1.05082434045697,1.00164047837956,1135.46205228054,1531.88421383795
"model_fits/finalized_redone_trunc_cp/t2_proportion/meat/vegetarian_dishes_count","mu_gamma[2]","mu_gamma[2]","pooled_mu_gamma",NA,"exp",0.00175663214392333,0.014298532,1.00440792333476,-1.950210905,2.011695875,1.00175817592599,0.142244068437464,7.47598493891554,1.00360167916957,1976.3237523011,2161.34915163582
"model_fits/finalized_redone_trunc_cp/t2_proportion/meat/vegetarian_dishes_prop","beta[41,15]","exposure_1SQPTEGYPH0GA_1","level","1SQPTEGYPH0GA","exp_p10",-2.33867325548333,-2.3318744,0.496258226141213,-3.3519689475,-1.43273159,0.791466816355863,0.715197253903922,0.866517339554631,1.00252596383299,854.792368086255,1707.80010849401
"model_fits/finalized_redone_trunc_cp/t2_proportion/meat/vegetarian_dishes_prop","beta[42,2]","exposure_2HRX9P6HKXA8V_1","level","2HRX9P6HKXA8V","exp_p10",-0.997510241037967,-1.00943825,0.773910100818097,-2.598432875,0.49650940825,0.905062728790343,0.771172428693755,1.05090420459162,1.00212865865524,1402.01172935081,2401.55116759065
"model_fits/finalized_redone_trunc_cp/t2_proportion/meat/vegetarian_dishes_prop","beta[43,18]","exposure_78AY09MVJVTYE_1","level","78AY09MVJVTYE","exp_p10",0.0367574921832367,0.0351542215,0.288664321277959,-0.52022681475,0.591117165,1.00368251306935,0.949307334908118,1.06089375345713,1.00255367229627,1866.78469181014,2399.99732834328
"model_fits/finalized_redone_trunc_cp/t2_proportion/meat/vegetarian_dishes_prop","beta[44,16]","exposure_9XKJD8DQTH559_1","level","9XKJD8DQTH559","exp_p10",1.0877114276174,1.0746792,0.449814420972694,0.2003178015,1.9453291925,1.11490716656718,1.02023376269357,1.21474347067085,1.00197413313098,1947.68158831229,2183.68367657315
"model_fits/finalized_redone_trunc_cp/t2_proportion/meat/vegetarian_dishes_prop","beta[45,8]","exposure_C0BE4NDSW26QN_1","level","C0BE4NDSW26QN","exp_p10",-0.904716062840143,-0.90205712,0.476383685258008,-1.8243023275,0.0105624018,0.913500271199976,0.833242774957477,1.00105679819811,1.00569009168887,2009.60550658358,2553.53771915176
"model_fits/finalized_redone_trunc_cp/t2_proportion/meat/vegetarian_dishes_prop","beta[46,12]","exposure_CB2KHY1C2G9PT_1","level","CB2KHY1C2G9PT","exp_p10",-0.310389840815753,-0.30082078,0.320256098752733,-0.937759723,0.326634629,0.969437779697875,0.91048671363887,1.03320276966209,1.00055104578761,1883.55613291599,2248.56134520012
"model_fits/finalized_redone_trunc_cp/t2_proportion/meat/vegetarian_dishes_prop","beta[47,5]","exposure_ED5J990H5VAZT_1","level","ED5J990H5VAZT","exp_p10",-0.9137970731236,-0.92823186,0.563402599324056,-1.9979441925,0.19154967375,0.912671097208164,0.818899085662624,1.01933960076054,1.0006497943821,1554.50975658221,2193.57899649053
"model_fits/finalized_redone_trunc_cp/t2_proportion/meat/vegetarian_dishes_prop","beta[48,7]","exposure_EMBVNVD207CC6_1","level","EMBVNVD207CC6","exp_p10",-0.8491975563815,-0.848231365,0.46550069879006,-1.758120645,0.071471753725,0.918585992790872,0.838775604237899,1.00717277738809,1.00250152341606,2179.84397175719,1732.98368010173
"model_fits/finalized_redone_trunc_cp/t2_proportion/meat/vegetarian_dishes_prop","beta[49,3]","exposure_JHDN7CF1C03X5_1","level","JHDN7CF1C03X5","exp_p10",-1.38400473546133,-1.36447085,0.428297694023635,-2.24112296,-0.56070427025,0.870749909607354,0.799225379516686,0.9454725467269,1.00176572831097,2466.19123939621,2333.64290759641
"model_fits/finalized_redone_trunc_cp/t2_proportion/meat/vegetarian_dishes_prop","beta[50,4]","exposure_L69HYJ4Y3TR91_1","level","L69HYJ4Y3TR91","exp_p10",0.77505361365071,0.710360285,0.967907057754235,-1.0031494775,2.85813716,1.08058802586993,0.904552486398678,1.33084451711953,1.00099504811046,1648.29692909852,2218.41101378772
"model_fits/finalized_redone_trunc_cp/t2_proportion/meat/vegetarian_dishes_prop","beta[51,10]","exposure_LBZEEFSBJNB3Z_1","level","LBZEEFSBJNB3Z","exp_p10",-0.06447109936341,-0.0750879945,0.509256320391243,-1.0469877875,0.9829344845,0.993573628086221,0.900595760313597,1.10328649532201,0.99983186964082,1987.08834019179,2247.69808536039
"model_fits/finalized_redone_trunc_cp/t2_proportion/meat/vegetarian_dishes_prop","beta[52,14]","exposure_LFZFT3VASXPED_1","level","LFZFT3VASXPED","exp_p10",0.481426402744,0.410000405,1.14501339976359,-1.66779555,2.98111806,1.04932031998849,0.846386172372978,1.34731241707088,1.00016177459003,1679.72652860859,1739.12577770266
"model_fits/finalized_redone_trunc_cp/t2_proportion/meat/vegetarian_dishes_prop","beta[53,17]","exposure_LQ5EH4BKGV61T_1","level","LQ5EH4BKGV61T","exp_p10",-0.522465950849007,-0.51792317,0.984894873398491,-2.44058342,1.4508805625,0.949094795871933,0.783441925360692,1.15614137125947,1.00385932883153,1713.54357425423,2117.93887541021
"model_fits/finalized_redone_trunc_cp/t2_proportion/meat/vegetarian_dishes_prop","beta[54,13]","exposure_S8MT0YGD2KTN9_1","level","S8MT0YGD2KTN9","exp_p10",-1.03760971200053,-1.052673,0.37822201702045,-1.7491856925,-0.264739453,0.901440741970229,0.839525381167283,0.973873417484713,1.00427978232574,2506.79444524785,2359.80113956025
"model_fits/finalized_redone_trunc_cp/t2_proportion/meat/vegetarian_dishes_prop","beta[55,11]","exposure_SAFK7ND1HR6XS_1","level","SAFK7ND1HR6XS","exp_p10",-0.275409805709427,-0.26752219,0.986200713626284,-2.22843766,1.623795945,0.972834814410423,0.800239864203454,1.17630667612811,1.00217415597693,1524.1386800161,2608.91307904757
"model_fits/finalized_redone_trunc_cp/t2_proportion/meat/vegetarian_dishes_prop","beta[56,1]","exposure_SRQS8F7JWA9MZ_1","level","SRQS8F7JWA9MZ","exp_p10",0.456864854965283,0.45189823,0.19357757317221,0.0810675765,0.83793704225,1.04674618939669,1.00813970638542,1.0874045437053,1.00071921970545,1576.02879312897,2667.70086712285
"model_fits/finalized_redone_trunc_cp/t2_proportion/meat/vegetarian_dishes_prop","beta[57,9]","exposure_V3Q26BHF3SE2H_1","level","V3Q26BHF3SE2H","exp_p10",-2.38295580566333,-2.36626785,0.470022772339065,-3.3067842725,-1.4836979025,0.787969748124355,0.718436161390275,0.862112255283673,1.00118961277032,1261.04850359,2505.67017904357
"model_fits/finalized_redone_trunc_cp/t2_proportion/meat/vegetarian_dishes_prop","beta[58,6]","exposure_W8T41JZK0ZMEP_1","level","W8T41JZK0ZMEP","exp_p10",-2.136184347156,-2.12389175,0.606708198884427,-3.325294005,-1.00399692775,0.807656499918058,0.717107585232493,0.904475833323633,1.00337313192044,1451.01883030556,2122.19284668666
"model_fits/finalized_redone_trunc_cp/t2_proportion/meat/vegetarian_dishes_prop","mu_gamma[1]","mu_gamma[1]","pooled_mu_gamma",NA,"exp_p10",-0.585442697653297,-0.60738617,0.330812772581941,-1.199828855,0.1025067915,0.943136487044512,0.886935616046865,1.01030339733996,0.999939242075121,1358.88218890391,2018.46901106399
"model_fits/finalized_redone_trunc_cp/t2_proportion/meat/vegetarian_dishes_prop","mu_gamma[2]","mu_gamma[2]","pooled_mu_gamma",NA,"exp_p10",0.016187369560782,-0.0340546525,0.974427685446066,-1.8652549025,1.887661005,1.00162004781796,0.829837408918736,1.2077584253509,1.00947377994922,2488.20923086055,2619.66930728509
"model_fits/finalized_redone_trunc_cp/t2_proportion/nonvegan/mpbamod_dishes_count","beta[41,15]","exposure_1SQPTEGYPH0GA_1","level","1SQPTEGYPH0GA","exp",0.0409583473563703,0.041219628,0.0268956176183387,-0.01137365305,0.093817237125,1.04180871055478,0.988690782421589,1.09835898832573,0.99980634594859,2061.10502466116,2295.16386461718
"model_fits/finalized_redone_trunc_cp/t2_proportion/nonvegan/mpbamod_dishes_count","beta[42,2]","exposure_2HRX9P6HKXA8V_1","level","2HRX9P6HKXA8V","exp",-0.127871033720593,-0.12645692,0.0712967847428491,-0.276202319,0.00575899313750006,0.879966857878683,0.758659424017092,1.00577560801816,1.00034753022509,1912.25194047895,2218.42778296794
"model_fits/finalized_redone_trunc_cp/t2_proportion/nonvegan/mpbamod_dishes_count","beta[43,18]","exposure_78AY09MVJVTYE_1","level","78AY09MVJVTYE","exp",-0.1204947219416,-0.119966595,0.0321323568894499,-0.1842569745,-0.058981323575,0.886481766235563,0.831722045005911,0.942724375713784,0.99979377936328,2035.64418728241,2475.21044376053
"model_fits/finalized_redone_trunc_cp/t2_proportion/nonvegan/mpbamod_dishes_count","beta[44,16]","exposure_9XKJD8DQTH559_1","level","9XKJD8DQTH559","exp",0.0601965548933333,0.060076545,0.0104060965082696,0.04112644145,0.08101617595,1.06204527622725,1.04198384716502,1.08438843743803,1.00138451815796,2354.28558771741,2742.23681203818
"model_fits/finalized_redone_trunc_cp/t2_proportion/nonvegan/mpbamod_dishes_count","beta[45,8]","exposure_C0BE4NDSW26QN_1","level","C0BE4NDSW26QN","exp",0.0105224360623127,0.01154368,0.0651381604007861,-0.116601055,0.13595846625,1.01057799158147,0.889940159529618,1.14563431011768,1.00009539972885,1662.51794880701,2435.56333637526
"model_fits/finalized_redone_trunc_cp/t2_proportion/nonvegan/mpbamod_dishes_count","beta[46,12]","exposure_CB2KHY1C2G9PT_1","level","CB2KHY1C2G9PT","exp",-0.0601498545064933,-0.060043541,0.0291825040392023,-0.11865842025,-0.0030815289175,0.941623416498615,0.888111109727734,0.996923214119549,0.999204531021544,2506.42337301778,2723.26176736531
"model_fits/finalized_redone_trunc_cp/t2_proportion/nonvegan/mpbamod_dishes_count","beta[47,5]","exposure_ED5J990H5VAZT_1","level","ED5J990H5VAZT","exp",0.0162689715648173,0.0163581335,0.0066826840833928,0.0033293801425,0.029095342125,1.01640203188823,1.00333492868459,1.02952274668244,1.00071313230548,2383.36577196639,2471.29593571979
"model_fits/finalized_redone_trunc_cp/t2_proportion/nonvegan/mpbamod_dishes_count","beta[48,7]","exposure_EMBVNVD207CC6_1","level","EMBVNVD207CC6","exp",0.182033233903753,0.180201945,0.0582463324402842,0.070490441025,0.3022267105,1.19965406240502,1.07303431227352,1.35286790130333,1.0017088950305,1104.83777051678,2143.70433448038
"model_fits/finalized_redone_trunc_cp/t2_proportion/nonvegan/mpbamod_dishes_count","beta[49,3]","exposure_JHDN7CF1C03X5_1","level","JHDN7CF1C03X5","exp",0.0084157999944019,0.0084066398,0.0157499355109997,-0.0216847333,0.039269698225,1.00845131239101,0.978548690242192,1.04005094572237,1.00256819809078,2214.42562218387,1952.75541611907
"model_fits/finalized_redone_trunc_cp/t2_proportion/nonvegan/mpbamod_dishes_count","beta[50,4]","exposure_L69HYJ4Y3TR91_1","level","L69HYJ4Y3TR91","exp",0.0775121862394897,0.0765452795,0.0590155458527319,-0.036431062425,0.199650357,1.08059540077267,0.964224562908314,1.22097577788528,1.00069893835527,2481.8314146745,2427.3336629782
"model_fits/finalized_redone_trunc_cp/t2_proportion/nonvegan/mpbamod_dishes_count","beta[51,10]","exposure_LBZEEFSBJNB3Z_1","level","LBZEEFSBJNB3Z","exp",0.00444997787575867,0.0041221208,0.0413978060753262,-0.07689519615,0.0858590217,1.00445989373029,0.925986895512923,1.08965270009101,1.00036674496163,2158.27052253526,2401.71083142449
"model_fits/finalized_redone_trunc_cp/t2_proportion/nonvegan/mpbamod_dishes_count","beta[52,14]","exposure_LFZFT3VASXPED_1","level","LFZFT3VASXPED","exp",0.0481996155743677,0.047409864,0.112875028950923,-0.17127437775,0.27959395675,1.04938010703166,0.842590353706869,1.32259267346645,1.00154936305391,1864.66713929781,2222.10117732921
"model_fits/finalized_redone_trunc_cp/t2_proportion/nonvegan/mpbamod_dishes_count","beta[53,17]","exposure_LQ5EH4BKGV61T_1","level","LQ5EH4BKGV61T","exp",0.125327538244053,0.12196603,0.0677023099419449,0.0025294051625,0.271743893,1.13351966331085,1.00253260680659,1.3122508816351,1.00073627457043,1535.89566029659,2227.5473321998
"model_fits/finalized_redone_trunc_cp/t2_proportion/nonvegan/mpbamod_dishes_count","beta[54,13]","exposure_S8MT0YGD2KTN9_1","level","S8MT0YGD2KTN9","exp",0.0216604373100749,0.0211536015,0.0543823683964389,-0.08628227875,0.1331600105,1.02189672754835,0.917335250421663,1.14243278494775,0.999731585860922,1971.56933035433,2386.16026736291
"model_fits/finalized_redone_trunc_cp/t2_proportion/nonvegan/mpbamod_dishes_count","beta[55,11]","exposure_SAFK7ND1HR6XS_1","level","SAFK7ND1HR6XS","exp",0.086275115943883,0.0813518645,0.0927864785819806,-0.089285392525,0.28489904575,1.09010619264863,0.91458452073926,1.32962778976933,1.00139092027259,2330.97044752705,2186.17399688727
"model_fits/finalized_redone_trunc_cp/t2_proportion/nonvegan/mpbamod_dishes_count","beta[56,1]","exposure_SRQS8F7JWA9MZ_1","level","SRQS8F7JWA9MZ","exp",0.138736008447,0.138734205,0.0265579979456682,0.086596838475,0.1907558595,1.14882078098645,1.0904569607941,1.21016396597697,1.0001670034183,2481.24327845039,2601.64172781351
"model_fits/finalized_redone_trunc_cp/t2_proportion/nonvegan/mpbamod_dishes_count","beta[57,9]","exposure_V3Q26BHF3SE2H_1","level","V3Q26BHF3SE2H","exp",-0.0243479260084463,-0.02408732,0.0160473477985997,-0.0558521802,0.00678168012,0.975946093651874,0.945678915627208,1.0068047277838,1.00016161148219,2368.3727065102,2534.29876478541
"model_fits/finalized_redone_trunc_cp/t2_proportion/nonvegan/mpbamod_dishes_count","beta[58,6]","exposure_W8T41JZK0ZMEP_1","level","W8T41JZK0ZMEP","exp",0.0211773272135483,0.0209800375,0.0105180421526159,0.00025019598275,0.042373803725,1.02140315815544,1.00025022728438,1.0432843894622,1.0006585219728,2767.45017783273,2732.88335200701
"model_fits/finalized_redone_trunc_cp/t2_proportion/nonvegan/mpbamod_dishes_count","mu_gamma[1]","mu_gamma[1]","pooled_mu_gamma",NA,"exp",0.0293739225204167,0.0283797645,0.0284253018897392,-0.024994324575,0.0871508031,1.02980959148912,0.975315447342298,1.09106120272434,1.00056189053564,1166.01864980388,1704.39589883781
"model_fits/finalized_redone_trunc_cp/t2_proportion/nonvegan/mpbamod_dishes_count","mu_gamma[2]","mu_gamma[2]","pooled_mu_gamma",NA,"exp",0.000281344842273333,0.01681711,1.01200259248421,-1.9611414175,1.9420622,1.00028138442345,0.140697734377046,6.97311611369708,1.00137844835969,2094.75959524289,1786.46015447075
"model_fits/finalized_redone_trunc_cp/t2_proportion/nonvegan/mpbamod_dishes_prop","beta[41,15]","exposure_1SQPTEGYPH0GA_1","level","1SQPTEGYPH0GA","exp_p10",-2.63988829765967,-2.6235333,0.87759972412049,-4.434113325,-1.00448268725,0.767982118148787,0.641843141838069,0.904431898617871,1.00063361128206,2231.07049064158,2565.36999257002
"model_fits/finalized_redone_trunc_cp/t2_proportion/nonvegan/mpbamod_dishes_prop","beta[42,2]","exposure_2HRX9P6HKXA8V_1","level","2HRX9P6HKXA8V","exp_p10",-3.6668200085044,-3.68102,1.49486938497489,-6.5238498575,-0.7040829695,0.69302999295569,0.520802188582113,0.932013204060514,1.00142655872107,935.742652110948,1959.31554821398
"model_fits/finalized_redone_trunc_cp/t2_proportion/nonvegan/mpbamod_dishes_prop","beta[43,18]","exposure_78AY09MVJVTYE_1","level","78AY09MVJVTYE","exp_p10",-3.41660365138667,-3.40959765,0.789476370175464,-4.9593687775,-1.932606695,0.710589504697807,0.60900008131505,0.82426708484391,1.00115634695736,2267.12768179976,2275.54088096464
"model_fits/finalized_redone_trunc_cp/t2_proportion/nonvegan/mpbamod_dishes_prop","beta[44,16]","exposure_9XKJD8DQTH559_1","level","9XKJD8DQTH559","exp_p10",0.60294527849332,0.6005536,0.488519058737249,-0.32515869275,1.57033962,1.06214933303966,0.968007088138733,1.17003534996671,1.00026504304417,2591.87358525722,2560.60120138244
"model_fits/finalized_redone_trunc_cp/t2_proportion/nonvegan/mpbamod_dishes_prop","beta[45,8]","exposure_C0BE4NDSW26QN_1","level","C0BE4NDSW26QN","exp_p10",-4.1128377177038,-4.1166242,1.5748220964923,-7.19641533,-1.0252413475,0.662798821316865,0.486926771858135,0.902556366517793,1.00033294542483,2408.88821174722,2438.79905943713
"model_fits/finalized_redone_trunc_cp/t2_proportion/nonvegan/mpbamod_dishes_prop","beta[46,12]","exposure_CB2KHY1C2G9PT_1","level","CB2KHY1C2G9PT","exp_p10",-2.37923198504667,-2.359368,0.445744772924676,-3.2675532475,-1.56974961,0.788263228563727,0.721260195957655,0.854725460020545,0.999905032672287,2601.44047150743,2642.27614529289
"model_fits/finalized_redone_trunc_cp/t2_proportion/nonvegan/mpbamod_dishes_prop","beta[47,5]","exposure_ED5J990H5VAZT_1","level","ED5J990H5VAZT","exp_p10",0.19949763644503,0.198130525,0.150703375495066,-0.0921860861,0.489452844,1.02015009011687,0.990823752492274,1.05016288887545,1.0004681793043,2835.13011552006,2771.90926742795
"model_fits/finalized_redone_trunc_cp/t2_proportion/nonvegan/mpbamod_dishes_prop","beta[48,7]","exposure_EMBVNVD207CC6_1","level","EMBVNVD207CC6","exp_p10",0.25912117230109,0.26332876,0.53667911820494,-0.75833755225,1.2926532525,1.02625075475133,0.926970297719178,1.13799202213115,1.00114330017458,250.782755555936,1048.02613899644
"model_fits/finalized_redone_trunc_cp/t2_proportion/nonvegan/mpbamod_dishes_prop","beta[49,3]","exposure_JHDN7CF1C03X5_1","level","JHDN7CF1C03X5","exp_p10",-0.334715418702847,-0.3499701,0.615057024393402,-1.5169192175,0.88860631225,0.967082432197104,0.859252957115848,1.0929283256296,1.00482270381403,1910.26346597156,2421.0358610996
"model_fits/finalized_redone_trunc_cp/t2_proportion/nonvegan/mpbamod_dishes_prop","beta[50,4]","exposure_L69HYJ4Y3TR91_1","level","L69HYJ4Y3TR91","exp_p10",0.741435103106067,0.69611512,1.75907849866583,-2.6862866975,4.16483944,1.0769613494644,0.764427057843264,1.51661965028173,0.999990225678712,2266.61564563055,2296.12363420304
"model_fits/finalized_redone_trunc_cp/t2_proportion/nonvegan/mpbamod_dishes_prop","beta[51,10]","exposure_LBZEEFSBJNB3Z_1","level","LBZEEFSBJNB3Z","exp_p10",-2.8937963092289,-2.86446065,1.18157035824304,-5.321547145,-0.69403158975,0.748727911174731,0.587338059420536,0.932950476890463,1.0004003480459,1989.21101368639,1979.98728759513
"model_fits/finalized_redone_trunc_cp/t2_proportion/nonvegan/mpbamod_dishes_prop","beta[52,14]","exposure_LFZFT3VASXPED_1","level","LFZFT3VASXPED","exp_p10",1.96959184149565,1.7958295,2.61694241307064,-2.64088175,7.44464387,1.2176943384616,0.767905826575191,2.10531349965979,1.00046718502808,2161.53570070252,2176.39287990092
"model_fits/finalized_redone_trunc_cp/t2_proportion/nonvegan/mpbamod_dishes_prop","beta[53,17]","exposure_LQ5EH4BKGV61T_1","level","LQ5EH4BKGV61T","exp_p10",2.15434981042347,2.03479575,1.53785238954464,-0.53386961625,5.624445065,1.24040133069959,0.948013096807272,1.75495726553701,1.00039100390588,1464.18141233617,2246.68954497139
"model_fits/finalized_redone_trunc_cp/t2_proportion/nonvegan/mpbamod_dishes_prop","beta[54,13]","exposure_S8MT0YGD2KTN9_1","level","S8MT0YGD2KTN9","exp_p10",4.261478785832,4.25066875,1.13653519467546,2.048295935,6.4839027075,1.53134721184634,1.22731590453485,1.91245980738249,1.00004459331369,2365.54528000085,2550.9315422414
"model_fits/finalized_redone_trunc_cp/t2_proportion/nonvegan/mpbamod_dishes_prop","beta[55,11]","exposure_SAFK7ND1HR6XS_1","level","SAFK7ND1HR6XS","exp_p10",0.97004540968488,0.96957369,1.52271566539077,-1.9624698725,4.092832225,1.10186537714561,0.821809233207296,1.50573811901429,0.99985020960545,2451.27928740199,2235.92704973346
"model_fits/finalized_redone_trunc_cp/t2_proportion/nonvegan/mpbamod_dishes_prop","beta[56,1]","exposure_SRQS8F7JWA9MZ_1","level","SRQS8F7JWA9MZ","exp_p10",1.39190720719333,1.38613165,0.274988079995227,0.87045911225,1.944752465,1.14934328267924,1.09094676527093,1.21467341509452,1.00157559302491,2342.36277896307,2720.72625418609
"model_fits/finalized_redone_trunc_cp/t2_proportion/nonvegan/mpbamod_dishes_prop","beta[57,9]","exposure_V3Q26BHF3SE2H_1","level","V3Q26BHF3SE2H","exp_p10",-0.887686061645667,-0.880782835,0.252243630660933,-1.387822465,-0.402318647,0.915057287694277,0.870417544290365,0.96056669182187,1.00035787577406,2876.8603337115,2669.80918487913
"model_fits/finalized_redone_trunc_cp/t2_proportion/nonvegan/mpbamod_dishes_prop","beta[58,6]","exposure_W8T41JZK0ZMEP_1","level","W8T41JZK0ZMEP","exp_p10",-0.276570625619973,-0.28009016,0.55481396642156,-1.327155495,0.84871982225,0.972721892362433,0.875714154013166,1.08857770048278,0.999371992528132,2572.39902143327,2393.73519757575
"model_fits/finalized_redone_trunc_cp/t2_proportion/nonvegan/mpbamod_dishes_prop","mu_gamma[1]","mu_gamma[1]","pooled_mu_gamma",NA,"exp_p10",-0.316696947197893,-0.315905935,0.564359308839296,-1.4314293175,0.8165305425,0.968826537755793,0.86663019107285,1.08507928087085,1.00360910329107,1121.7869213932,1981.06316739998
"model_fits/finalized_redone_trunc_cp/t2_proportion/nonvegan/mpbamod_dishes_prop","mu_gamma[2]","mu_gamma[2]","pooled_mu_gamma",NA,"exp_p10",-0.0204180887505767,-0.030561192,0.998612354470464,-1.9909782075,1.981953145,0.997960274198696,0.819469728268665,1.21920049810396,1.00066127987772,2309.71091771543,2193.3774907303
"model_fits/finalized_redone_trunc_cp/t2_proportion/nonvegan/vegan_dishes_count","beta[41,15]","exposure_1SQPTEGYPH0GA_1","level","1SQPTEGYPH0GA","exp",0.15789080706,0.157807755,0.0154651418888962,0.12696699,0.18846302125,1.17103831860935,1.13537953828433,1.20739243429811,1.0005685678707,1886.76354033752,2720.50064162786
"model_fits/finalized_redone_trunc_cp/t2_proportion/nonvegan/vegan_dishes_count","beta[42,2]","exposure_2HRX9P6HKXA8V_1","level","2HRX9P6HKXA8V","exp",-0.00611363972781667,-0.00587753365,0.0425785967113251,-0.087172822925,0.078202366475,0.99390501054118,0.916518686504963,1.08134146379022,1.00070809623826,2323.7800569707,2287.96133951091
"model_fits/finalized_redone_trunc_cp/t2_proportion/nonvegan/vegan_dishes_count","beta[43,18]","exposure_78AY09MVJVTYE_1","level","78AY09MVJVTYE","exp",0.0093293537502883,0.0093001384,0.00945869054899054,-0.0094163136225,0.027664441875,1.00937300782013,0.990627881032925,1.02805065578562,1.00081088172333,2405.18395358416,2789.18752827032
"model_fits/finalized_redone_trunc_cp/t2_proportion/nonvegan/vegan_dishes_count","beta[44,16]","exposure_9XKJD8DQTH559_1","level","9XKJD8DQTH559","exp",0.0245499207243667,0.0243558395,0.00792864052223215,0.010194520075,0.040318047675,1.02485375127185,1.01024666122883,1.04114185428607,1.00111511642985,1992.14137610782,2503.10287054266
"model_fits/finalized_redone_trunc_cp/t2_proportion/nonvegan/vegan_dishes_count","beta[45,8]","exposure_C0BE4NDSW26QN_1","level","C0BE4NDSW26QN","exp",0.048648650117936,0.0482332855,0.0201232680750218,0.010006489645,0.08898690505,1.0498514207592,1.01005672197245,1.09306634258351,1.00025841141992,2686.90913372639,2603.89003143447
"model_fits/finalized_redone_trunc_cp/t2_proportion/nonvegan/vegan_dishes_count","beta[46,12]","exposure_CB2KHY1C2G9PT_1","level","CB2KHY1C2G9PT","exp",0.0288593479024,0.028636022,0.00797273352801616,0.014019948525,0.045386941625,1.02927981392868,1.01411868890873,1.04643268994637,0.999477615758941,2689.08211162071,2964.3380792015
"model_fits/finalized_redone_trunc_cp/t2_proportion/nonvegan/vegan_dishes_count","beta[47,5]","exposure_ED5J990H5VAZT_1","level","ED5J990H5VAZT","exp",0.214037458613333,0.21352692,0.0261240357803544,0.16464262175,0.26663307125,1.23866905274954,1.17897170456917,1.30556131045197,1.00083972816549,2113.6507230967,2426.01318317205
"model_fits/finalized_redone_trunc_cp/t2_proportion/nonvegan/vegan_dishes_count","beta[48,7]","exposure_EMBVNVD207CC6_1","level","EMBVNVD207CC6","exp",0.296237113726333,0.29394665,0.062471678494489,0.1740972415,0.424353821,1.34478898695889,1.19017129423538,1.52860234972499,0.999912279942738,1958.35938297265,2541.53530854488
"model_fits/finalized_redone_trunc_cp/t2_proportion/nonvegan/vegan_dishes_count","beta[49,3]","exposure_JHDN7CF1C03X5_1","level","JHDN7CF1C03X5","exp",-0.0141003666978787,-0.0142075255,0.00863934185439566,-0.030768693975,0.00242194318750001,0.985998577875106,0.969699844553841,1.00242487846111,1.00033171369242,2770.82797682539,2576.06426625492
"model_fits/finalized_redone_trunc_cp/t2_proportion/nonvegan/vegan_dishes_count","beta[50,4]","exposure_L69HYJ4Y3TR91_1","level","L69HYJ4Y3TR91","exp",0.092887224674,0.093181698,0.0237574924101108,0.0466694589,0.14089192525,1.09733797564176,1.04777561892908,1.15130021477793,1.00029554323538,2195.74075644021,2516.26640920325
"model_fits/finalized_redone_trunc_cp/t2_proportion/nonvegan/vegan_dishes_count","beta[51,10]","exposure_LBZEEFSBJNB3Z_1","level","LBZEEFSBJNB3Z","exp",0.116389334125333,0.11635097,0.0232116972898047,0.07025896655,0.16244353975,1.12343317787238,1.07278596096404,1.1763818977576,1.00036179830992,1779.90833204578,2619.59581983381
"model_fits/finalized_redone_trunc_cp/t2_proportion/nonvegan/vegan_dishes_count","beta[52,14]","exposure_LFZFT3VASXPED_1","level","LFZFT3VASXPED","exp",0.008530669915653,0.00876678425,0.080697685201145,-0.152625739,0.1671241795,1.00856715976741,0.858450946406378,1.18190102407418,1.00327667219394,2294.0037896532,2387.22174329909
"model_fits/finalized_redone_trunc_cp/t2_proportion/nonvegan/vegan_dishes_count","beta[53,17]","exposure_LQ5EH4BKGV61T_1","level","LQ5EH4BKGV61T","exp",0.156829461138372,0.15110872,0.0818326275671336,0.012262705,0.3352713705,1.16979610119363,1.01233820024332,1.39831979648196,1.00034695591961,1163.41115988327,2011.75534568376
"model_fits/finalized_redone_trunc_cp/t2_proportion/nonvegan/vegan_dishes_count","beta[54,13]","exposure_S8MT0YGD2KTN9_1","level","S8MT0YGD2KTN9","exp",0.000101670936260533,-9.6593082e-05,0.0403665383368369,-0.079016859275,0.07925667175,1.00010167610493,0.924024345933211,1.08248212899859,1.00194824463865,1915.67821279361,2214.36042374603
"model_fits/finalized_redone_trunc_cp/t2_proportion/nonvegan/vegan_dishes_count","beta[55,11]","exposure_SAFK7ND1HR6XS_1","level","SAFK7ND1HR6XS","exp",0.142066562841894,0.14060325,0.116439825073704,-0.089254173675,0.36666772325,1.1526533698676,0.914613073461915,1.44291839121806,1.00096161838076,2441.5993911001,2220.20499893032
"model_fits/finalized_redone_trunc_cp/t2_proportion/nonvegan/vegan_dishes_count","beta[56,1]","exposure_SRQS8F7JWA9MZ_1","level","SRQS8F7JWA9MZ","exp",0.595632588103333,0.596558795,0.0624484145580311,0.47266584425,0.7190755025,1.81417820960164,1.60426521895266,2.05253476996378,1.00210550127583,2182.67761613324,2439.7407816584
"model_fits/finalized_redone_trunc_cp/t2_proportion/nonvegan/vegan_dishes_count","beta[57,9]","exposure_V3Q26BHF3SE2H_1","level","V3Q26BHF3SE2H","exp",0.135604628630333,0.13514022,0.0251109563132642,0.089147152,0.18656948875,1.14522901330924,1.09324151716628,1.20510836064981,1.00001445259922,2386.05424052012,2758.82984328981
"model_fits/finalized_redone_trunc_cp/t2_proportion/nonvegan/vegan_dishes_count","beta[58,6]","exposure_W8T41JZK0ZMEP_1","level","W8T41JZK0ZMEP","exp",0.0346413195916333,0.034654834,0.00742870588756629,0.01982143445,0.0490981931,1.03524831890868,1.02001918347729,1.05032348019517,1.00045397278355,2717.06842250659,2522.18709201453
"model_fits/finalized_redone_trunc_cp/t2_proportion/nonvegan/vegan_dishes_count","mu_gamma[1]","mu_gamma[1]","pooled_mu_gamma",NA,"exp",0.114669160246767,0.11390596,0.041409580014675,0.032317884675,0.20045275875,1.12150233863122,1.03284577897054,1.22195588415307,1.00398620412241,662.360527740467,1273.96767600359
"model_fits/finalized_redone_trunc_cp/t2_proportion/nonvegan/vegan_dishes_count","mu_gamma[2]","mu_gamma[2]","pooled_mu_gamma",NA,"exp",0.0121092582594367,-0.0046405241,1.00705646306154,-1.9759916675,2.0074987925,1.01218287216374,0.138623775366043,7.44467336794551,1.00098544623436,2651.10856275675,2429.7599713631
"model_fits/finalized_redone_trunc_cp/t2_proportion/nonvegan/vegan_dishes_prop","beta[41,15]","exposure_1SQPTEGYPH0GA_1","level","1SQPTEGYPH0GA","exp_p10",-1.30482304352727,-1.2895884,0.607682399000638,-2.5616847275,-0.16303851875,0.877672023785879,0.77401155795152,0.983828336549497,1.00079331571239,1783.65055991458,2027.36308187307
"model_fits/finalized_redone_trunc_cp/t2_proportion/nonvegan/vegan_dishes_prop","beta[42,2]","exposure_2HRX9P6HKXA8V_1","level","2HRX9P6HKXA8V","exp_p10",0.00577758495266667,0.0065252335,0.732856133440186,-1.4786734525,1.397409215,1.00057792542985,0.862545528114548,1.14997582624765,1.00072655635851,2033.4014145763,2236.92274742784
"model_fits/finalized_redone_trunc_cp/t2_proportion/nonvegan/vegan_dishes_prop","beta[43,18]","exposure_78AY09MVJVTYE_1","level","78AY09MVJVTYE","exp_p10",0.284571271663326,0.280039315,0.256970985569766,-0.216210535,0.7987880705,1.02886589949237,0.978611006011184,1.08315578887472,1.00009793573758,2854.66086791518,2563.38709195479
"model_fits/finalized_redone_trunc_cp/t2_proportion/nonvegan/vegan_dishes_prop","beta[44,16]","exposure_9XKJD8DQTH559_1","level","9XKJD8DQTH559","exp_p10",1.6230761402595,1.60510915,0.550518382555284,0.61343128125,2.7464925825,1.1762220080632,1.06326368727706,1.31606899356498,1.00138060306897,2765.53678410987,2655.93589963021
"model_fits/finalized_redone_trunc_cp/t2_proportion/nonvegan/vegan_dishes_prop","beta[45,8]","exposure_C0BE4NDSW26QN_1","level","C0BE4NDSW26QN","exp_p10",0.719950229069267,0.727817865,0.686798318802748,-0.6337267655,2.049291805,1.07464999541745,0.938593616670516,1.22743813533003,0.999579086028655,1936.15811038227,1679.55403222867
"model_fits/finalized_redone_trunc_cp/t2_proportion/nonvegan/vegan_dishes_prop","beta[46,12]","exposure_CB2KHY1C2G9PT_1","level","CB2KHY1C2G9PT","exp_p10",0.58012566735487,0.58130898,0.301302169972324,-0.018176434225,1.157984935,1.05972831295201,0.998184007490897,1.12276960396357,0.999183649414232,2626.72220221817,2670.38091789521
"model_fits/finalized_redone_trunc_cp/t2_proportion/nonvegan/vegan_dishes_prop","beta[47,5]","exposure_ED5J990H5VAZT_1","level","ED5J990H5VAZT","exp_p10",1.37295926678433,1.3653587,0.473895272019946,0.42841681075,2.3170666275,1.14716757578544,1.04377263280773,1.26074984968747,1.00024994158231,2361.97518877929,2159.94309381755
"model_fits/finalized_redone_trunc_cp/t2_proportion/nonvegan/vegan_dishes_prop","beta[48,7]","exposure_EMBVNVD207CC6_1","level","EMBVNVD207CC6","exp_p10",0.563370819495087,0.559279205,0.338714868330096,-0.099855114475,1.2357150625,1.05795424091676,0.990064178242077,1.13153091318167,1.00184479862609,2242.09321342186,2617.20498086448
"model_fits/finalized_redone_trunc_cp/t2_proportion/nonvegan/vegan_dishes_prop","beta[49,3]","exposure_JHDN7CF1C03X5_1","level","JHDN7CF1C03X5","exp_p10",-1.06691446782587,-1.06766305,0.463752070634574,-1.997929645,-0.161655335249999,0.898802958754143,0.818900276956936,0.983964427473411,0.999818696354406,2717.77168085963,2376.83617492101
"model_fits/finalized_redone_trunc_cp/t2_proportion/nonvegan/vegan_dishes_prop","beta[50,4]","exposure_L69HYJ4Y3TR91_1","level","L69HYJ4Y3TR91","exp_p10",2.58350933153,2.56575885,0.760691316270588,1.1281816825,4.0964381475,1.29479312473778,1.11942836682282,1.50628117441544,1.00049924298683,2290.84828933631,2455.18698432512
"model_fits/finalized_redone_trunc_cp/t2_proportion/nonvegan/vegan_dishes_prop","beta[51,10]","exposure_LBZEEFSBJNB3Z_1","level","LBZEEFSBJNB3Z","exp_p10",2.84566233493667,2.8404624,0.75143434095063,1.399865775,4.331273535,1.32918534697381,1.15025835941078,1.54207259653822,0.999974838505603,2257.14040048662,2650.06134239235
"model_fits/finalized_redone_trunc_cp/t2_proportion/nonvegan/vegan_dishes_prop","beta[52,14]","exposure_LFZFT3VASXPED_1","level","LFZFT3VASXPED","exp_p10",1.48222799648217,1.43935115,1.23518430052746,-0.85420442125,4.10798371,1.15977126420945,0.918126184316823,1.5080212650826,1.00056551653423,2024.84936415183,1988.67424728358
"model_fits/finalized_redone_trunc_cp/t2_proportion/nonvegan/vegan_dishes_prop","beta[53,17]","exposure_LQ5EH4BKGV61T_1","level","LQ5EH4BKGV61T","exp_p10",0.299377120454983,0.26704015,0.921707479518708,-1.4601313325,2.2132980675,1.03039035104732,0.864146354060013,1.2477348740956,1.00316613201169,1712.22053288767,1887.20554958098
"model_fits/finalized_redone_trunc_cp/t2_proportion/nonvegan/vegan_dishes_prop","beta[54,13]","exposure_S8MT0YGD2KTN9_1","level","S8MT0YGD2KTN9","exp_p10",1.20812655920224,1.1986832,0.957819889278653,-0.6854726935,3.0961550775,1.12841349097662,0.933749321336843,1.36290098850992,1.0007296410945,1890.51292803888,2204.10932894224
"model_fits/finalized_redone_trunc_cp/t2_proportion/nonvegan/vegan_dishes_prop","beta[55,11]","exposure_SAFK7ND1HR6XS_1","level","SAFK7ND1HR6XS","exp_p10",1.31091846788247,1.2654513,1.13109363904099,-0.85529575075,3.6494706375,1.14007248849984,0.918025991965099,1.44043775475786,1.0009395728584,1909.38579490248,2345.29800289927
"model_fits/finalized_redone_trunc_cp/t2_proportion/nonvegan/vegan_dishes_prop","beta[56,1]","exposure_SRQS8F7JWA9MZ_1","level","SRQS8F7JWA9MZ","exp_p10",1.36218908242667,1.35055165,0.238608129025198,0.8902612425,1.834499535,1.14593272025785,1.09310921261167,1.20135484030216,1.0018503059566,2593.95823248908,2506.41856610664
"model_fits/finalized_redone_trunc_cp/t2_proportion/nonvegan/vegan_dishes_prop","beta[57,9]","exposure_V3Q26BHF3SE2H_1","level","V3Q26BHF3SE2H","exp_p10",2.0868278908,2.0649215,0.434816965133313,1.3030690225,2.9911948875,1.23205411551788,1.13917794595586,1.34867076482928,1.00067021485167,2531.20960355357,2724.10501616735
"model_fits/finalized_redone_trunc_cp/t2_proportion/nonvegan/vegan_dishes_prop","beta[58,6]","exposure_W8T41JZK0ZMEP_1","level","W8T41JZK0ZMEP","exp_p10",1.1220884744515,1.11478305,0.492456592904508,0.17176450575,2.097683385,1.11874648359329,1.01732481403747,1.23339229734823,1.00157037838263,2588.64828697427,2652.18766212321
"model_fits/finalized_redone_trunc_cp/t2_proportion/nonvegan/vegan_dishes_prop","mu_gamma[1]","mu_gamma[1]","pooled_mu_gamma",NA,"exp_p10",0.864346000006447,0.87505013,0.348466186924524,0.154226953,1.52202007,1.09028006107079,1.01554223883567,1.16439542870344,1.00273386236915,1864.07501863618,2304.96010213796
"model_fits/finalized_redone_trunc_cp/t2_proportion/nonvegan/vegan_dishes_prop","mu_gamma[2]","mu_gamma[2]","pooled_mu_gamma",NA,"exp_p10",-0.04111520917697,-0.0278207585,1.0115319643472,-2.016440935,1.946640105,0.995896919812389,0.817385789094825,1.21490272334894,1.00095959805581,1788.17031909908,2034.83017341675
"model_fits/finalized_redone_trunc_cp/t2_proportion/nonvegan/vegetarian_dishes_count","beta[41,15]","exposure_1SQPTEGYPH0GA_1","level","1SQPTEGYPH0GA","exp",0.0635964328206667,0.0635546035,0.00509882301198948,0.0536204421,0.073746009975,1.0656622456629,1.05508406065516,1.07653334203874,1.00114680957858,2215.93693909722,2269.67009500332
"model_fits/finalized_redone_trunc_cp/t2_proportion/nonvegan/vegetarian_dishes_count","beta[42,2]","exposure_2HRX9P6HKXA8V_1","level","2HRX9P6HKXA8V","exp",-0.00497341052147353,-0.00489575395,0.0309401347608161,-0.06542378145,0.055278436025,0.995038936407372,0.936670435701449,1.05683483460331,1.00097970458054,2379.22905344861,2321.64835892112
"model_fits/finalized_redone_trunc_cp/t2_proportion/nonvegan/vegetarian_dishes_count","beta[43,18]","exposure_78AY09MVJVTYE_1","level","78AY09MVJVTYE","exp",-0.00103560198747113,-0.00102209515,0.00793435906783961,-0.016306987525,0.01445718695,0.998964934063206,0.98382525161301,1.01456219751947,1.00397723368404,1669.50823183895,2633.02944603867
"model_fits/finalized_redone_trunc_cp/t2_proportion/nonvegan/vegetarian_dishes_count","beta[44,16]","exposure_9XKJD8DQTH559_1","level","9XKJD8DQTH559","exp",0.0181492261276,0.017997858,0.00445220571130096,0.0097721979925,0.027227243025,1.01831492424504,1.00982010183409,1.02760129145911,1.00011675566245,2115.86603395554,1792.50635216823
"model_fits/finalized_redone_trunc_cp/t2_proportion/nonvegan/vegetarian_dishes_count","beta[45,8]","exposure_C0BE4NDSW26QN_1","level","C0BE4NDSW26QN","exp",0.022906669125971,0.022910796,0.011413960516973,0.00094184459625,0.0448119805,1.02317104164324,1.00094228827115,1.04583120476159,0.999866230509,2290.88754667021,1795.39241632239
"model_fits/finalized_redone_trunc_cp/t2_proportion/nonvegan/vegetarian_dishes_count","beta[46,12]","exposure_CB2KHY1C2G9PT_1","level","CB2KHY1C2G9PT","exp",0.0229974144816,0.022849324,0.00514322653413472,0.0131854387,0.033440927625,1.02326389387617,1.01327274992041,1.03400636071064,1.00044122896259,2252.26075453615,2531.84211237764
"model_fits/finalized_redone_trunc_cp/t2_proportion/nonvegan/vegetarian_dishes_count","beta[47,5]","exposure_ED5J990H5VAZT_1","level","ED5J990H5VAZT","exp",0.0975488127336667,0.0976018755,0.0101596048122879,0.0778377376,0.1182722195,1.10246525459278,1.08094724734451,1.12555046645274,1.00111236090047,2598.88555675212,2461.05781222587
"model_fits/finalized_redone_trunc_cp/t2_proportion/nonvegan/vegetarian_dishes_count","beta[48,7]","exposure_EMBVNVD207CC6_1","level","EMBVNVD207CC6","exp",0.168725660344667,0.16772081,0.036400882135476,0.101338451,0.243191702,1.18379533236888,1.10665112556774,1.2753130807545,1.00331176826173,1201.07949408226,1669.5859744141
"model_fits/finalized_redone_trunc_cp/t2_proportion/nonvegan/vegetarian_dishes_count","beta[49,3]","exposure_JHDN7CF1C03X5_1","level","JHDN7CF1C03X5","exp",-0.000273775645653433,-0.0002755782,0.0065584589580238,-0.0130009227,0.01282607645,0.999726261827479,0.987083224238176,1.01290868336494,1.00024105810254,2734.55330748851,2550.67888622642
"model_fits/finalized_redone_trunc_cp/t2_proportion/nonvegan/vegetarian_dishes_count","beta[50,4]","exposure_L69HYJ4Y3TR91_1","level","L69HYJ4Y3TR91","exp",0.0606426818238963,0.060460707,0.0173794563167578,0.0268983188,0.094242682225,1.0625191889312,1.0272633440833,1.09882637919288,1.00178894315104,2481.6748263905,2309.89052604119
"model_fits/finalized_redone_trunc_cp/t2_proportion/nonvegan/vegetarian_dishes_count","beta[51,10]","exposure_LBZEEFSBJNB3Z_1","level","LBZEEFSBJNB3Z","exp",0.0297780207374543,0.030350345,0.0177481404309728,-0.005977176575,0.062427895475,1.03022581980182,0.994040651207285,1.06441770681765,1.00212876337868,1752.3173907445,2246.91299887558
"model_fits/finalized_redone_trunc_cp/t2_proportion/nonvegan/vegetarian_dishes_count","beta[52,14]","exposure_LFZFT3VASXPED_1","level","LFZFT3VASXPED","exp",0.0123504228554753,0.013008011,0.048114128491821,-0.083914988,0.105114397,1.01242700427405,0.919509422107545,1.11083767958543,1.00049584056498,2543.87434587178,2530.79606279166
"model_fits/finalized_redone_trunc_cp/t2_proportion/nonvegan/vegetarian_dishes_count","beta[53,17]","exposure_LQ5EH4BKGV61T_1","level","LQ5EH4BKGV61T","exp",0.083677742937017,0.0810469855,0.0453778318161117,0.00335019623,0.18193679275,1.08727845418475,1.00335581440964,1.19953837196188,1.00217409822637,1922.03556598066,2000.1015150883
"model_fits/finalized_redone_trunc_cp/t2_proportion/nonvegan/vegetarian_dishes_count","beta[54,13]","exposure_S8MT0YGD2KTN9_1","level","S8MT0YGD2KTN9","exp",-0.0374793451048893,-0.037309,0.0107345964921846,-0.059011701875,-0.01708272245,0.963214312605954,0.942695737784869,0.98306235994435,1.00111606924232,2009.98957763295,1601.78303406496
"model_fits/finalized_redone_trunc_cp/t2_proportion/nonvegan/vegetarian_dishes_count","beta[55,11]","exposure_SAFK7ND1HR6XS_1","level","SAFK7ND1HR6XS","exp",0.0618191344492137,0.0600501555,0.0547665222025915,-0.0409127811,0.172132456,1.06376992799384,0.959912848839583,1.1878351586881,1.00102020959533,2483.20202428681,2452.3377875361
"model_fits/finalized_redone_trunc_cp/t2_proportion/nonvegan/vegetarian_dishes_count","beta[56,1]","exposure_SRQS8F7JWA9MZ_1","level","SRQS8F7JWA9MZ","exp",0.0484258171853333,0.048288725,0.0107528237542562,0.028005702,0.069904107225,1.04961750535131,1.02840154835034,1.07240534039943,0.999553266312974,2158.47736744013,2723.47250222678
"model_fits/finalized_redone_trunc_cp/t2_proportion/nonvegan/vegetarian_dishes_count","beta[57,9]","exposure_V3Q26BHF3SE2H_1","level","V3Q26BHF3SE2H","exp",0.075914498902,0.0755746775,0.0189219968536414,0.0401096435,0.11396228875,1.07887032561622,1.04092489858489,1.12070986071751,1.00065298994686,2443.05600337041,2789.36974728854
"model_fits/finalized_redone_trunc_cp/t2_proportion/nonvegan/vegetarian_dishes_count","beta[58,6]","exposure_W8T41JZK0ZMEP_1","level","W8T41JZK0ZMEP","exp",0.0251466401944,0.025021026,0.00554373366317291,0.014535445825,0.0360396527,1.02546548395742,1.01464159912257,1.0366969535092,1.00163779818325,2742.03413921364,2827.63350398092
"model_fits/finalized_redone_trunc_cp/t2_proportion/nonvegan/vegetarian_dishes_count","mu_gamma[1]","mu_gamma[1]","pooled_mu_gamma",NA,"exp",0.0413297740115867,0.040958957,0.0156226695814144,0.0108451235,0.073729165,1.04219573795121,1.01090414502413,1.07651520801424,1.00339872863888,637.525913883504,1288.52634282946
"model_fits/finalized_redone_trunc_cp/t2_proportion/nonvegan/vegetarian_dishes_count","mu_gamma[2]","mu_gamma[2]","pooled_mu_gamma",NA,"exp",0.01103244786576,0.00503999935,0.977368981524567,-1.8655311425,1.8733332825,1.01109352973958,0.154813959769948,6.50995980920375,1.00030742353525,2464.26069956138,2689.11500077577
"model_fits/finalized_redone_trunc_cp/t2_proportion/nonvegan/vegetarian_dishes_prop","beta[41,15]","exposure_1SQPTEGYPH0GA_1","level","1SQPTEGYPH0GA","exp_p10",-0.9931204781696,-0.98215179,0.428884193041804,-1.761729635,-0.163871007,0.905460117082019,0.838472945578994,0.983746437405529,1.0157134399852,244.902653894582,290.004150249756
"model_fits/finalized_redone_trunc_cp/t2_proportion/nonvegan/vegetarian_dishes_prop","beta[42,2]","exposure_2HRX9P6HKXA8V_1","level","2HRX9P6HKXA8V","exp_p10",-0.233345421512207,-0.20441334,0.651588329338952,-1.5966346,0.97858704425,0.976935602960402,0.852430617698914,1.10280695235708,1.00958648903703,808.80644675218,2434.87557020832
"model_fits/finalized_redone_trunc_cp/t2_proportion/nonvegan/vegetarian_dishes_prop","beta[43,18]","exposure_78AY09MVJVTYE_1","level","78AY09MVJVTYE","exp_p10",-0.048479164201699,-0.06475691,0.23329620121442,-0.5017562665,0.42163685125,0.995163815760105,0.951062377932851,1.04306519903568,1.01081962274136,1947.58485211745,2330.33815721414
"model_fits/finalized_redone_trunc_cp/t2_proportion/nonvegan/vegetarian_dishes_prop","beta[44,16]","exposure_9XKJD8DQTH559_1","level","9XKJD8DQTH559","exp_p10",1.23520301544557,1.2527692,0.415174772029895,0.50051033775,2.03648622,1.13147297495793,1.05132474807763,1.22586733495815,1.01780328020944,210.032067989879,232.911528072569
"model_fits/finalized_redone_trunc_cp/t2_proportion/nonvegan/vegetarian_dishes_prop","beta[45,8]","exposure_C0BE4NDSW26QN_1","level","C0BE4NDSW26QN","exp_p10",0.0151813711587667,0.0292776565,0.506260616978041,-0.89786455025,0.99441480525,1.0015192900694,0.914126371523119,1.10455383093833,1.01197849810247,271.438590527777,2233.43819309045
"model_fits/finalized_redone_trunc_cp/t2_proportion/nonvegan/vegetarian_dishes_prop","beta[46,12]","exposure_CB2KHY1C2G9PT_1","level","CB2KHY1C2G9PT","exp_p10",-0.0293638625258827,-0.011548837,0.294802394076613,-0.6268020235,0.5436317825,0.997067920712855,0.939243793623747,1.05586800082261,1.00470582171003,2477.92140734313,2008.25171405983
"model_fits/finalized_redone_trunc_cp/t2_proportion/nonvegan/vegetarian_dishes_prop","beta[47,5]","exposure_ED5J990H5VAZT_1","level","ED5J990H5VAZT","exp_p10",1.25824565176503,1.2771889,0.436108082575076,0.4200377645,2.13607713,1.13408319314513,1.04289841719705,1.23813685452087,1.00884986941718,926.250394006912,2086.53344036741
"model_fits/finalized_redone_trunc_cp/t2_proportion/nonvegan/vegetarian_dishes_prop","beta[48,7]","exposure_EMBVNVD207CC6_1","level","EMBVNVD207CC6","exp_p10",0.633015314947013,0.63263738,0.473869656189428,-0.293797436,1.510294975,1.06534802678768,0.971047645314078,1.16303096408171,1.01466330449523,312.734688775012,1940.78923187306
"model_fits/finalized_redone_trunc_cp/t2_proportion/nonvegan/vegetarian_dishes_prop","beta[49,3]","exposure_JHDN7CF1C03X5_1","level","JHDN7CF1C03X5","exp_p10",-0.20655792151227,-0.19309295,0.428005502863231,-1.0745844975,0.629225277,0.979556077437851,0.89811383853007,1.06494433234855,1.00581162921682,2047.698260732,2200.05813445256
"model_fits/finalized_redone_trunc_cp/t2_proportion/nonvegan/vegetarian_dishes_prop","beta[50,4]","exposure_L69HYJ4Y3TR91_1","level","L69HYJ4Y3TR91","exp_p10",1.53132319983843,1.51485035,0.79986635638953,0.08360472425,3.222347365,1.16547918492717,1.00839551877451,1.3802087232996,1.00530208796305,1809.68999514056,2497.71055970176
"model_fits/finalized_redone_trunc_cp/t2_proportion/nonvegan/vegetarian_dishes_prop","beta[51,10]","exposure_LBZEEFSBJNB3Z_1","level","LBZEEFSBJNB3Z","exp_p10",-0.00859125052791667,0.0147765565,0.460979765508299,-0.97306766975,0.85782668625,0.999141243889473,0.907277640621484,1.08956950493282,1.01587158622441,407.782314935724,1709.02476424589
"model_fits/finalized_redone_trunc_cp/t2_proportion/nonvegan/vegetarian_dishes_prop","beta[52,14]","exposure_LFZFT3VASXPED_1","level","LFZFT3VASXPED","exp_p10",1.11413981276229,1.0591685,0.943960075575472,-0.6419110265,3.062617395,1.11785758318711,0.937825761416591,1.35833779067791,1.01774863868938,354.058959162494,2166.18636902417
"model_fits/finalized_redone_trunc_cp/t2_proportion/nonvegan/vegetarian_dishes_prop","beta[53,17]","exposure_LQ5EH4BKGV61T_1","level","LQ5EH4BKGV61T","exp_p10",-0.0668212034247543,-0.043354057,0.704977151766253,-1.4363477225,1.247668615,0.993340155379692,0.866204052051163,1.13288430332913,1.00088135660848,1451.26947489566,2010.37566765091
"model_fits/finalized_redone_trunc_cp/t2_proportion/nonvegan/vegetarian_dishes_prop","beta[54,13]","exposure_S8MT0YGD2KTN9_1","level","S8MT0YGD2KTN9","exp_p10",-1.01192752306669,-1.0028692,0.355855043607497,-1.7135782225,-0.33365192725,0.903758814499738,0.84252004710949,0.967185286056301,1.00395837295875,1095.44753717479,2210.02821006374
"model_fits/finalized_redone_trunc_cp/t2_proportion/nonvegan/vegetarian_dishes_prop","beta[55,11]","exposure_SAFK7ND1HR6XS_1","level","SAFK7ND1HR6XS","exp_p10",0.583293355584093,0.5090249,0.92198661063414,-1.070613245,2.5934608025,1.06006405501582,0.898470573042178,1.29608227569811,1.03416725814205,90.6096464670812,21.9866969773282
"model_fits/finalized_redone_trunc_cp/t2_proportion/nonvegan/vegetarian_dishes_prop","beta[56,1]","exposure_SRQS8F7JWA9MZ_1","level","SRQS8F7JWA9MZ","exp_p10",0.770456454313333,0.7652456,0.168743881257024,0.44852620875,1.1063650375,1.08009137650419,1.04587370859762,1.11698881180753,1.0034787648215,1774.92845352083,2791.56990201322
"model_fits/finalized_redone_trunc_cp/t2_proportion/nonvegan/vegetarian_dishes_prop","beta[57,9]","exposure_V3Q26BHF3SE2H_1","level","V3Q26BHF3SE2H","exp_p10",0.353618011046887,0.34951014,0.294156185800704,-0.20026834025,0.92844544375,1.03599446494381,0.980172370983951,1.0972911419283,1.00513885297622,758.133219268818,2517.21239071478
"model_fits/finalized_redone_trunc_cp/t2_proportion/nonvegan/vegetarian_dishes_prop","beta[58,6]","exposure_W8T41JZK0ZMEP_1","level","W8T41JZK0ZMEP","exp_p10",0.631207902491353,0.63639717,0.51238028711451,-0.3579960945,1.621311115,1.06515549185839,0.964833617651608,1.17601442022812,1.00771355994412,1047.19025567064,2128.41711157981
"model_fits/finalized_redone_trunc_cp/t2_proportion/nonvegan/vegetarian_dishes_prop","mu_gamma[1]","mu_gamma[1]","pooled_mu_gamma",NA,"exp_p10",0.304738249716951,0.296638315,0.275203565814075,-0.23386937425,0.79183417975,1.0309429047359,0.97688441749297,1.08240283600056,1.03252746942009,78.7930481864926,842.007574648544
"model_fits/finalized_redone_trunc_cp/t2_proportion/nonvegan/vegetarian_dishes_prop","mu_gamma[2]","mu_gamma[2]","pooled_mu_gamma",NA,"exp_p10",0.0213112312007607,0.099284957,0.976509931980485,-1.9518011275,1.919670135,1.00213339557696,0.822686468388785,1.2116305488546,1.0211870321498,2207.77692761208,2226.46482083416
"model_fits/finalized_redone_trunc_cp/t2_proportion/total/mpbamod_dishes_count","beta[41,15]","exposure_1SQPTEGYPH0GA_1","level","1SQPTEGYPH0GA","exp",0.0432090309031533,0.043267045,0.0223580341726052,-0.00588214203,0.090490287775,1.04415613294007,0.994135123897297,1.09471087551168,1.59116526788564,1671.4438768632,710.195924755929
"model_fits/finalized_redone_trunc_cp/t2_proportion/total/mpbamod_dishes_count","beta[42,2]","exposure_2HRX9P6HKXA8V_1","level","2HRX9P6HKXA8V","exp",-0.11939958377475,-0.112219015,0.0566338110200562,-0.247914005,-0.00565039563749999,0.887453118037119,0.780427053216875,0.994365537823685,1.65856673624036,916.015757218883,899.804705963409
"model_fits/finalized_redone_trunc_cp/t2_proportion/total/mpbamod_dishes_count","beta[43,18]","exposure_78AY09MVJVTYE_1","level","78AY09MVJVTYE","exp",-0.119408574476,-0.115625685,0.0273878120609502,-0.1805279515,-0.063489227475,0.887445139247129,0.834829345638366,0.93848422909103,1.62907253237125,880.675329665252,291.905613708725
"model_fits/finalized_redone_trunc_cp/t2_proportion/total/mpbamod_dishes_count","beta[44,16]","exposure_9XKJD8DQTH559_1","level","9XKJD8DQTH559","exp",0.063754481874,0.0669458845,0.00964907170481316,0.043197506425,0.078293166775,1.06583068588256,1.04414409965486,1.08143965437734,1.17697098574188,11.6365325793961,964.622044424737
"model_fits/finalized_redone_trunc_cp/t2_proportion/total/mpbamod_dishes_count","beta[45,8]","exposure_C0BE4NDSW26QN_1","level","C0BE4NDSW26QN","exp",-0.00256955985611,-0.0245409275,0.0502002208485391,-0.087333878275,0.11372589,0.997433738636987,0.916371088153198,1.12044495761993,1.32167850122499,22.8338355166021,1182.72739651072
"model_fits/finalized_redone_trunc_cp/t2_proportion/total/mpbamod_dishes_count","beta[46,12]","exposure_CB2KHY1C2G9PT_1","level","CB2KHY1C2G9PT","exp",-0.0697724112272683,-0.0709830325,0.0232923704392762,-0.12007847575,-0.017584523275,0.932606046420393,0.886850837701649,0.982569182189954,1.64128674716985,1731.85174601904,612.602232785452
"model_fits/finalized_redone_trunc_cp/t2_proportion/total/mpbamod_dishes_count","beta[47,5]","exposure_ED5J990H5VAZT_1","level","ED5J990H5VAZT","exp",0.0145940386661732,0.0124838845,0.00672905114158992,0.00527699703,0.029501405625,1.01470105159836,1.00529094490233,1.02994088318153,1.20118356669631,10.6819774878222,497.428538001445
"model_fits/finalized_redone_trunc_cp/t2_proportion/total/mpbamod_dishes_count","beta[48,7]","exposure_EMBVNVD207CC6_1","level","EMBVNVD207CC6","exp",0.1211714515636,0.0987129625,0.0529839513921293,0.0396162264,0.25299603525,1.12881843346256,1.04041141513129,1.28787817070953,1.21544206194613,14.7308900833028,184.147396777612
"model_fits/finalized_redone_trunc_cp/t2_proportion/total/mpbamod_dishes_count","beta[49,3]","exposure_JHDN7CF1C03X5_1","level","JHDN7CF1C03X5","exp",0.0117419933128057,0.015700704,0.0154907833847267,-0.0208552795,0.0319446921,1.01181120113027,0.979360687882509,1.03246040050937,1.24672943485175,8.87180476285642,685.522547348178
"model_fits/finalized_redone_trunc_cp/t2_proportion/total/mpbamod_dishes_count","beta[50,4]","exposure_L69HYJ4Y3TR91_1","level","L69HYJ4Y3TR91","exp",0.0629814600954247,0.0526986195,0.0613753473302929,-0.00594837013,0.19844540225,1.06500709391837,0.994069286397069,1.21950544334328,1.34774231187766,6.99222449486874,466.995148596366
"model_fits/finalized_redone_trunc_cp/t2_proportion/total/mpbamod_dishes_count","beta[51,10]","exposure_LBZEEFSBJNB3Z_1","level","LBZEEFSBJNB3Z","exp",-0.00187561065396533,0.00357131395,0.0306734465247293,-0.07227618915,0.0594011849,0.998126147204506,0.930273928761432,1.06120089312598,1.63819680013331,1164.42721702031,1212.09380341278
"model_fits/finalized_redone_trunc_cp/t2_proportion/total/mpbamod_dishes_count","beta[52,14]","exposure_LFZFT3VASXPED_1","level","LFZFT3VASXPED","exp",0.0644233858471,0.10136072,0.0931609731007269,-0.1385156275,0.23075225775,1.06654386275983,0.870649645085473,1.25954715774607,1.2463616251904,22.445527781518,1301.06896072609
"model_fits/finalized_redone_trunc_cp/t2_proportion/total/mpbamod_dishes_count","beta[53,17]","exposure_LQ5EH4BKGV61T_1","level","LQ5EH4BKGV61T","exp",0.112796179712907,0.098620946,0.0597663460167221,0.002064737125,0.26167922225,1.11940375250127,1.0020668701625,1.29910975008147,1.63303274572844,379.83800628647,375.879504065154
"model_fits/finalized_redone_trunc_cp/t2_proportion/total/mpbamod_dishes_count","beta[54,13]","exposure_S8MT0YGD2KTN9_1","level","S8MT0YGD2KTN9","exp",0.0231095967366933,0.0283330475,0.0438978230167077,-0.074769728,0.11616486,1.0233786923664,0.927957144275414,1.12318102449442,1.69725171791103,731.19765700783,1513.17472279808
"model_fits/finalized_redone_trunc_cp/t2_proportion/total/mpbamod_dishes_count","beta[55,11]","exposure_SAFK7ND1HR6XS_1","level","SAFK7ND1HR6XS","exp",0.096317947044501,0.126777525,0.0790307097204148,-0.075357533175,0.25266412425,1.10110910272903,0.927411846543946,1.28745078070966,1.69598343930146,39.1723926068975,1148.38340783384
"model_fits/finalized_redone_trunc_cp/t2_proportion/total/mpbamod_dishes_count","beta[56,1]","exposure_SRQS8F7JWA9MZ_1","level","SRQS8F7JWA9MZ","exp",0.140261069873333,0.145582,0.0213625095209487,0.090624370725,0.18486109525,1.15057413989549,1.09485766741619,1.2030513189783,1.65682975187264,274.140881095806,757.165182959169
"model_fits/finalized_redone_trunc_cp/t2_proportion/total/mpbamod_dishes_count","beta[57,9]","exposure_V3Q26BHF3SE2H_1","level","V3Q26BHF3SE2H","exp",-0.0331538824372967,-0.0396120545,0.014671477730488,-0.05860050035,0.000187208513500004,0.967389683852278,0.943083455419436,1.00018722603811,1.29787029822437,19.6537272410761,1292.83360230022
"model_fits/finalized_redone_trunc_cp/t2_proportion/total/mpbamod_dishes_count","beta[58,6]","exposure_W8T41JZK0ZMEP_1","level","W8T41JZK0ZMEP","exp",0.0239375905913343,0.024388038,0.0117871688527564,0.000408676254750001,0.0367535763,1.02422639453231,1.00040875977427,1.03743734018868,1.43619125778973,6.08437980427239,210.765802388408
"model_fits/finalized_redone_trunc_cp/t2_proportion/total/mpbamod_dishes_count","mu_gamma[1]","mu_gamma[1]","pooled_mu_gamma",NA,"exp",0.0250009081480733,0.0275727495,0.0232422863505132,-0.02528442535,0.0778036911,1.0253160516628,0.975032548611709,1.08091044550054,1.65253236270234,787.84801909069,349.633905818153
"model_fits/finalized_redone_trunc_cp/t2_proportion/total/mpbamod_dishes_count","mu_gamma[2]","mu_gamma[2]","pooled_mu_gamma",NA,"exp",-0.186770095872653,-0.48986,0.846448294279201,-1.773020115,1.775341225,0.829634450845982,0.169819339641086,5.90229480328698,1.66387040764266,90.9900023499525,698.47496985478
"model_fits/finalized_redone_trunc_cp/t2_proportion/total/mpbamod_dishes_prop","beta[41,15]","exposure_1SQPTEGYPH0GA_1","level","1SQPTEGYPH0GA","exp_p10",-2.87070314946233,-2.85150745,0.905588867645518,-4.7235627325,-1.1622397325,0.750458958500501,0.623531325808518,0.890275803000906,1.00239108893486,1549.11771198696,913.574219521602
"model_fits/finalized_redone_trunc_cp/t2_proportion/total/mpbamod_dishes_prop","beta[42,2]","exposure_2HRX9P6HKXA8V_1","level","2HRX9P6HKXA8V","exp_p10",-3.52257314226394,-3.48052055,1.47768652354936,-6.474987495,-0.587851857999999,0.703099181276123,0.523353178409056,0.942909297709777,1.00440493350564,988.434604737382,2568.40823781289
"model_fits/finalized_redone_trunc_cp/t2_proportion/total/mpbamod_dishes_prop","beta[43,18]","exposure_78AY09MVJVTYE_1","level","78AY09MVJVTYE","exp_p10",-3.61185781755667,-3.5936189,0.807290474078927,-5.204824915,-2.043337995,0.696849524512197,0.594233766049706,0.815190215680735,1.00067449686404,1970.69198875362,2622.34124393312
"model_fits/finalized_redone_trunc_cp/t2_proportion/total/mpbamod_dishes_prop","beta[44,16]","exposure_9XKJD8DQTH559_1","level","9XKJD8DQTH559","exp_p10",0.426915397070823,0.412458415,0.49087855368215,-0.53468293525,1.395179365,1.04361593112085,0.947935996236294,1.14971942747563,1.0027101488706,2333.38964547489,2169.00864612738
"model_fits/finalized_redone_trunc_cp/t2_proportion/total/mpbamod_dishes_prop","beta[45,8]","exposure_C0BE4NDSW26QN_1","level","C0BE4NDSW26QN","exp_p10",-4.38578119340133,-4.4226707,1.40138160829711,-7.111352875,-1.6855568675,0.644952815361787,0.491086356663898,0.844884213252951,1.00043657411351,2185.01079906179,2374.79340239834
"model_fits/finalized_redone_trunc_cp/t2_proportion/total/mpbamod_dishes_prop","beta[46,12]","exposure_CB2KHY1C2G9PT_1","level","CB2KHY1C2G9PT","exp_p10",-2.38069305825333,-2.3772069,0.446760993039746,-3.3261582025,-1.5554353775,0.788148065948676,0.71704561565199,0.855949809988836,1.00033045623702,2136.35863152852,2337.72840331271
"model_fits/finalized_redone_trunc_cp/t2_proportion/total/mpbamod_dishes_prop","beta[47,5]","exposure_ED5J990H5VAZT_1","level","ED5J990H5VAZT","exp_p10",0.226016266757937,0.223394845,0.149053299424643,-0.0635709239,0.518920823,1.0228589786404,0.993663071171993,1.0532620707597,1.00319087191199,2560.6824594323,2692.83444291475
"model_fits/finalized_redone_trunc_cp/t2_proportion/total/mpbamod_dishes_prop","beta[48,7]","exposure_EMBVNVD207CC6_1","level","EMBVNVD207CC6","exp_p10",0.23642452618598,0.214237845,0.513510689937763,-0.7223489385,1.33267034,1.02392415103457,0.930312345495612,1.14255505864587,1.00361875256132,451.229489099647,584.559777075138
"model_fits/finalized_redone_trunc_cp/t2_proportion/total/mpbamod_dishes_prop","beta[49,3]","exposure_JHDN7CF1C03X5_1","level","JHDN7CF1C03X5","exp_p10",-0.828734218405617,-0.814713385,0.620708110800261,-2.0330103525,0.3547203175,0.920467650947635,0.816032549883896,1.03610866957653,1.00012440014778,2095.78417127516,2663.52546442326
"model_fits/finalized_redone_trunc_cp/t2_proportion/total/mpbamod_dishes_prop","beta[50,4]","exposure_L69HYJ4Y3TR91_1","level","L69HYJ4Y3TR91","exp_p10",1.1458712843284,1.1117072,1.744926781003,-2.25703962,4.6027419,1.12141034353337,0.797954291495913,1.58450838179134,1.00079696146303,2109.41038884068,2130.19877392962
"model_fits/finalized_redone_trunc_cp/t2_proportion/total/mpbamod_dishes_prop","beta[51,10]","exposure_LBZEEFSBJNB3Z_1","level","LBZEEFSBJNB3Z","exp_p10",-2.73455989415583,-2.76663385,1.18474650395451,-5.095580835,-0.500644686,0.760745816487095,0.600761006360807,0.951168102048145,1.00110515632344,2157.47837155162,2385.30355050363
"model_fits/finalized_redone_trunc_cp/t2_proportion/total/mpbamod_dishes_prop","beta[52,14]","exposure_LFZFT3VASXPED_1","level","LFZFT3VASXPED","exp_p10",2.32602843230977,2.1313753,2.79691848737765,-2.6120041775,8.38047155,1.2618802155244,0.770126557115311,2.31184788509129,0.999962619077624,2064.63055537306,2216.37463040957
"model_fits/finalized_redone_trunc_cp/t2_proportion/total/mpbamod_dishes_prop","beta[53,17]","exposure_LQ5EH4BKGV61T_1","level","LQ5EH4BKGV61T","exp_p10",2.0258997281686,1.8858907,1.59206018906072,-0.65146283525,5.5250457525,1.22457025820112,0.936930395871301,1.73759952127827,1.00313453609578,803.528250239688,887.840229879388
"model_fits/finalized_redone_trunc_cp/t2_proportion/total/mpbamod_dishes_prop","beta[54,13]","exposure_S8MT0YGD2KTN9_1","level","S8MT0YGD2KTN9","exp_p10",4.91438680537333,4.9013283,1.12126298860866,2.720963385,7.1674865025,1.63466629162764,1.31271346006526,2.04776437696826,1.00127546662165,2089.68853064359,2533.74495171253
"model_fits/finalized_redone_trunc_cp/t2_proportion/total/mpbamod_dishes_prop","beta[55,11]","exposure_SAFK7ND1HR6XS_1","level","SAFK7ND1HR6XS","exp_p10",1.05628333564985,1.0287,1.55043884624957,-1.83010307,4.155225935,1.11140872641509,0.832759572439944,1.51516234782408,1.00139135536813,1845.8195003989,2461.958065023
"model_fits/finalized_redone_trunc_cp/t2_proportion/total/mpbamod_dishes_prop","beta[56,1]","exposure_SRQS8F7JWA9MZ_1","level","SRQS8F7JWA9MZ","exp_p10",1.39013589990333,1.3810562,0.271270509645936,0.8757368005,1.9436040275,1.14913971669513,1.09152268492622,1.21453392545442,1.00126467442645,2530.06963606551,2614.93351949356
"model_fits/finalized_redone_trunc_cp/t2_proportion/total/mpbamod_dishes_prop","beta[57,9]","exposure_V3Q26BHF3SE2H_1","level","V3Q26BHF3SE2H","exp_p10",-1.00110008992033,-0.998964355,0.250338022860241,-1.5022026525,-0.52245039675,0.904737883258608,0.860518413245311,0.949096272104524,1.00181812205029,2050.56872879995,2537.30993442445
"model_fits/finalized_redone_trunc_cp/t2_proportion/total/mpbamod_dishes_prop","beta[58,6]","exposure_W8T41JZK0ZMEP_1","level","W8T41JZK0ZMEP","exp_p10",0.569983129690463,0.56149758,0.51567122748318,-0.4258686495,1.6049887625,1.05865402441189,0.958307218596751,1.17409645374899,1.00303730396481,2104.67236129812,2545.18987478347
"model_fits/finalized_redone_trunc_cp/t2_proportion/total/mpbamod_dishes_prop","mu_gamma[1]","mu_gamma[1]","pooled_mu_gamma",NA,"exp_p10",-0.279569693348414,-0.312767925,0.561701852126357,-1.350718455,0.8715409625,0.972430210219731,0.87365314138641,1.09106479575845,1.0046709875783,1311.16000425286,1920.24315808938
"model_fits/finalized_redone_trunc_cp/t2_proportion/total/mpbamod_dishes_prop","mu_gamma[2]","mu_gamma[2]","pooled_mu_gamma",NA,"exp_p10",-0.013528571301209,-0.016283954,1.01552176878178,-1.95353618,2.040835935,0.998648057568554,0.822543740349806,1.22640066829563,1.00011915273421,2106.48511763965,2234.76564683743
"model_fits/finalized_redone_trunc_cp/t2_proportion/total/vegan_dishes_count","beta[41,15]","exposure_1SQPTEGYPH0GA_1","level","1SQPTEGYPH0GA","exp",0.16943873409,0.170780705,0.0155401427837008,0.13712180075,0.19905411475,1.18463976677646,1.14696784155619,1.22024799752854,1.01728539081853,120.813697026606,1630.13757193848
"model_fits/finalized_redone_trunc_cp/t2_proportion/total/vegan_dishes_count","beta[42,2]","exposure_2HRX9P6HKXA8V_1","level","2HRX9P6HKXA8V","exp",-0.0016606754794825,0.0023190123,0.0417588216017763,-0.08765962675,0.08038858255,0.998340702679045,0.916072630282435,1.08370809592292,1.02792672573802,83.4638058265717,1309.43712149911
"model_fits/finalized_redone_trunc_cp/t2_proportion/total/vegan_dishes_count","beta[43,18]","exposure_78AY09MVJVTYE_1","level","78AY09MVJVTYE","exp",0.015311434768079,0.0146073845,0.0112371195697445,-0.00500416874,0.0343165155,1.01542925535141,0.995008331253006,1.03491212062109,1.13455461536446,10.0522490328499,54.5416945929816
"model_fits/finalized_redone_trunc_cp/t2_proportion/total/vegan_dishes_count","beta[44,16]","exposure_9XKJD8DQTH559_1","level","9XKJD8DQTH559","exp",0.02843310733745,0.0278955175,0.00755695974097769,0.014315655225,0.045034148225,1.02884118660632,1.01441861494252,1.04606358051333,1.06080834457564,1341.37387229286,1702.3446903502
"model_fits/finalized_redone_trunc_cp/t2_proportion/total/vegan_dishes_count","beta[45,8]","exposure_C0BE4NDSW26QN_1","level","C0BE4NDSW26QN","exp",0.051781514036135,0.049762491,0.0156876393540708,0.0220820284,0.084524642125,1.05314561983915,1.02232764093175,1.08819965945364,1.02738668660974,389.750669099384,1582.74634297199
"model_fits/finalized_redone_trunc_cp/t2_proportion/total/vegan_dishes_count","beta[46,12]","exposure_CB2KHY1C2G9PT_1","level","CB2KHY1C2G9PT","exp",0.03097829539795,0.030418338,0.00842246574349243,0.01767987925,0.049070385925,1.0314631161471,1.0178370934579,1.05029427407242,1.06178385600145,22.9468815271165,1365.49404665011
"model_fits/finalized_redone_trunc_cp/t2_proportion/total/vegan_dishes_count","beta[47,5]","exposure_ED5J990H5VAZT_1","level","ED5J990H5VAZT","exp",0.22634162954,0.22652863,0.023737873674339,0.1790578475,0.27596458075,1.25400399691728,1.19608993297906,1.31780118767097,1.13908157221854,1650.17458750017,1652.44133634628
"model_fits/finalized_redone_trunc_cp/t2_proportion/total/vegan_dishes_count","beta[48,7]","exposure_EMBVNVD207CC6_1","level","EMBVNVD207CC6","exp",0.263216135069,0.266011885,0.0612722265669352,0.14065294375,0.37721975275,1.30110790361022,1.15102510819966,1.45822472305705,1.04379036900522,35.4982356330055,1479.21318621356
"model_fits/finalized_redone_trunc_cp/t2_proportion/total/vegan_dishes_count","beta[49,3]","exposure_JHDN7CF1C03X5_1","level","JHDN7CF1C03X5","exp",-0.0071805361228293,-0.00792446005,0.00888840431947453,-0.022846301975,0.011347680125,0.992845182332427,0.977412698630507,1.01141230927942,1.03865774437348,37.9328356414512,1659.19713137503
"model_fits/finalized_redone_trunc_cp/t2_proportion/total/vegan_dishes_count","beta[50,4]","exposure_L69HYJ4Y3TR91_1","level","L69HYJ4Y3TR91","exp",0.10332849729,0.10203347,0.0227115555533143,0.06668928225,0.15127495875,1.10885560531534,1.06896328070203,1.16331647815583,1.05524720538142,24.5684668853975,1172.86025035854
"model_fits/finalized_redone_trunc_cp/t2_proportion/total/vegan_dishes_count","beta[51,10]","exposure_LBZEEFSBJNB3Z_1","level","LBZEEFSBJNB3Z","exp",0.1012224720432,0.099001637,0.0291636030544983,0.0472270783,0.149789681,1.10652278476721,1.04836004186869,1.16158991260672,1.15945091850274,8.76836978391231,32.5573411086156
"model_fits/finalized_redone_trunc_cp/t2_proportion/total/vegan_dishes_count","beta[52,14]","exposure_LFZFT3VASXPED_1","level","LFZFT3VASXPED","exp",0.008168470098655,0.0041177805,0.0849408989436687,-0.133202625,0.175975736,1.00820192307504,0.875287718965206,1.19240912568463,1.04609513191193,32.0869285063981,1199.16700690265
"model_fits/finalized_redone_trunc_cp/t2_proportion/total/vegan_dishes_count","beta[53,17]","exposure_LQ5EH4BKGV61T_1","level","LQ5EH4BKGV61T","exp",0.1851793714521,0.18584655,0.0823153202257201,0.0383695263,0.3538254095,1.2034342825239,1.03911514231563,1.42450645947282,1.02565136598334,154.696230551011,1312.5011581563
"model_fits/finalized_redone_trunc_cp/t2_proportion/total/vegan_dishes_count","beta[54,13]","exposure_S8MT0YGD2KTN9_1","level","S8MT0YGD2KTN9","exp",-0.024378822040366,-0.022946288,0.0436819555294674,-0.08984706035,0.0618290775499999,0.97591594125601,0.914070972276043,1.06378050521803,1.10228008023036,12.8711535410611,307.859508220482
"model_fits/finalized_redone_trunc_cp/t2_proportion/total/vegan_dishes_count","beta[55,11]","exposure_SAFK7ND1HR6XS_1","level","SAFK7ND1HR6XS","exp",0.135064247070535,0.120838375,0.11321929858328,-0.08170941665,0.357522727,1.14461031984902,0.921539703887631,1.42978306075843,1.0135674055875,198.535857526976,1467.83612880635
"model_fits/finalized_redone_trunc_cp/t2_proportion/total/vegan_dishes_count","beta[56,1]","exposure_SRQS8F7JWA9MZ_1","level","SRQS8F7JWA9MZ","exp",0.66775087941,0.66603857,0.068597929084512,0.5322561975,0.7755897605,1.94984694433396,1.70276976284538,2.17187263424079,1.07891160712904,17.3012713258032,691.115409756216
"model_fits/finalized_redone_trunc_cp/t2_proportion/total/vegan_dishes_count","beta[57,9]","exposure_V3Q26BHF3SE2H_1","level","V3Q26BHF3SE2H","exp",0.1713351188345,0.174078955,0.0256613537112757,0.11986042475,0.21945212625,1.18688843105032,1.12733949190646,1.24539422483677,1.03347322846438,59.3367328780088,1469.93117525796
"model_fits/finalized_redone_trunc_cp/t2_proportion/total/vegan_dishes_count","beta[58,6]","exposure_W8T41JZK0ZMEP_1","level","W8T41JZK0ZMEP","exp",0.0264206938251,0.025841279,0.00668484662257905,0.014170867925,0.0405051906,1.02677281460825,1.01427175064249,1.04133671485084,1.01762030416548,492.085924457911,1661.57124932782
"model_fits/finalized_redone_trunc_cp/t2_proportion/total/vegan_dishes_count","mu_gamma[1]","mu_gamma[1]","pooled_mu_gamma",NA,"exp",0.1092229279316,0.10963243,0.0458018727299105,0.041536995725,0.20012374,1.1154109788897,1.04241172591567,1.22155390388866,1.11647896969507,12.112703488969,315.790066451595
"model_fits/finalized_redone_trunc_cp/t2_proportion/total/vegan_dishes_count","mu_gamma[2]","mu_gamma[2]","pooled_mu_gamma",NA,"exp",0.029189548710975,0.178224315,0.923322009677523,-1.887819575,1.8548024775,1.02961973907418,0.151401568963118,6.39043587108147,1.04319745635868,1174.5274199432,1291.68575755202
"model_fits/finalized_redone_trunc_cp/t2_proportion/total/vegetarian_dishes_prop","beta[41,15]","exposure_1SQPTEGYPH0GA_1","level","1SQPTEGYPH0GA","exp_p10",-1.11534896168797,-1.10877235,0.429044039550007,-1.9651459075,-0.2986436375,0.89446017762531,0.821589343603084,0.970577170068648,1.00233991261931,2006.50729337021,2457.03199434673
"model_fits/finalized_redone_trunc_cp/t2_proportion/total/vegetarian_dishes_prop","beta[42,2]","exposure_2HRX9P6HKXA8V_1","level","2HRX9P6HKXA8V","exp_p10",-0.195552111046672,-0.18773474,0.740085434837106,-1.6619314825,1.22237918,0.980634751766101,0.846882644490637,1.13002292259409,1.00114389154692,2361.92606114141,2261.17653106539
"model_fits/finalized_redone_trunc_cp/t2_proportion/total/vegetarian_dishes_prop","beta[43,18]","exposure_78AY09MVJVTYE_1","level","78AY09MVJVTYE","exp_p10",-0.028468798471098,-0.026963552,0.249679817829923,-0.51132112,0.45379304275,0.997157168672528,0.950153135609223,1.04642469800418,1.00123892336555,1625.6821941073,1928.84479958923
"model_fits/finalized_redone_trunc_cp/t2_proportion/total/vegetarian_dishes_prop","beta[44,16]","exposure_9XKJD8DQTH559_1","level","9XKJD8DQTH559","exp_p10",1.45545371526318,1.4579946,0.400756607409562,0.66822706775,2.2413961375,1.15667021328468,1.06910591613533,1.25124569833841,1.00088919917013,2477.17481300279,2384.5964326398
"model_fits/finalized_redone_trunc_cp/t2_proportion/total/vegetarian_dishes_prop","beta[45,8]","exposure_C0BE4NDSW26QN_1","level","C0BE4NDSW26QN","exp_p10",0.139189019660011,0.14037513,0.448705256195033,-0.725753044,1.03265019,1.01401622088191,0.929995711254286,1.10878521929167,1.00100714430897,2419.4044226078,2607.12455676147
"model_fits/finalized_redone_trunc_cp/t2_proportion/total/vegetarian_dishes_prop","beta[46,12]","exposure_CB2KHY1C2G9PT_1","level","CB2KHY1C2G9PT","exp_p10",-0.090654271934795,-0.0943521465,0.304520359748393,-0.67757867925,0.52210789225,0.990975539903411,0.934486715393366,1.05359780617325,1.00008012004875,2341.2333986718,2676.44597206559
"model_fits/finalized_redone_trunc_cp/t2_proportion/total/vegetarian_dishes_prop","beta[47,5]","exposure_ED5J990H5VAZT_1","level","ED5J990H5VAZT","exp_p10",1.56885501111267,1.57415545,0.455588651694202,0.66927400925,2.44747671,1.16986165837232,1.06921785112984,1.27729897296615,1.00136283746204,2149.52052795174,1968.86471805923
"model_fits/finalized_redone_trunc_cp/t2_proportion/total/vegetarian_dishes_prop","beta[48,7]","exposure_EMBVNVD207CC6_1","level","EMBVNVD207CC6","exp_p10",1.04776094741277,1.0434687,0.434747116244103,0.20690242725,1.8907094175,1.11046194424899,1.02090576966549,1.20812665606209,1.00048725255482,1896.28854957259,2535.99903634783
"model_fits/finalized_redone_trunc_cp/t2_proportion/total/vegetarian_dishes_prop","beta[49,3]","exposure_JHDN7CF1C03X5_1","level","JHDN7CF1C03X5","exp_p10",0.0874935069573767,0.0819396005,0.43884086017084,-0.758489681,0.98061454875,1.00878773813793,0.926956195943175,1.10303056963142,0.999823016650642,2618.52946507851,2513.22898152372
"model_fits/finalized_redone_trunc_cp/t2_proportion/total/vegetarian_dishes_prop","beta[50,4]","exposure_L69HYJ4Y3TR91_1","level","L69HYJ4Y3TR91","exp_p10",2.1405200421401,2.13828605,0.855670030690194,0.56232859875,3.87746226,1.23868707006599,1.05784398447671,1.47365576131432,0.999989189702387,2271.47353808523,2652.90273654376
"model_fits/finalized_redone_trunc_cp/t2_proportion/total/vegetarian_dishes_prop","beta[51,10]","exposure_LBZEEFSBJNB3Z_1","level","LBZEEFSBJNB3Z","exp_p10",-0.0508283981384403,-0.0551877505,0.458181417434452,-0.9475002265,0.843007775,0.994930055958143,0.909600285519674,1.08795607731069,0.999631188292305,1704.46516718255,2238.79556010464
"model_fits/finalized_redone_trunc_cp/t2_proportion/total/vegetarian_dishes_prop","beta[52,14]","exposure_LFZFT3VASXPED_1","level","LFZFT3VASXPED","exp_p10",1.70155456913341,1.62847615,1.15288245104128,-0.3466658805,4.24687785,1.18548912947721,0.965927414318349,1.52911293313361,1.00037372069159,1738.10567585018,2276.08561159878
"model_fits/finalized_redone_trunc_cp/t2_proportion/total/vegetarian_dishes_prop","beta[53,17]","exposure_LQ5EH4BKGV61T_1","level","LQ5EH4BKGV61T","exp_p10",-0.0940350027972633,-0.067777134,0.85022057536834,-1.7434200225,1.5022233325,0.990640574368848,0.840009563366052,1.1620925858295,1.00024684193584,2461.51152097411,2281.31991047627
"model_fits/finalized_redone_trunc_cp/t2_proportion/total/vegetarian_dishes_prop","beta[54,13]","exposure_S8MT0YGD2KTN9_1","level","S8MT0YGD2KTN9","exp_p10",-1.12841952993847,-1.12066485,0.378188978747322,-1.9051177575,-0.39468943975,0.893291831059419,0.826536024590157,0.961299807677887,1.00000880750655,2439.93277726106,2487.54333095932
"model_fits/finalized_redone_trunc_cp/t2_proportion/total/vegetarian_dishes_prop","beta[55,11]","exposure_SAFK7ND1HR6XS_1","level","SAFK7ND1HR6XS","exp_p10",0.762947128153033,0.761011645,0.970172820171967,-1.168587435,2.7478489,1.07928060511672,0.889710861729791,1.31624750641143,1.00038052941737,2309.14587158086,2722.57723483181
"model_fits/finalized_redone_trunc_cp/t2_proportion/total/vegetarian_dishes_prop","beta[56,1]","exposure_SRQS8F7JWA9MZ_1","level","SRQS8F7JWA9MZ","exp_p10",0.78365984679,0.78168621,0.178779436227304,0.4456675565,1.1411220375,1.08151840541348,1.04557477240436,1.12087788453061,1.00114378931436,2164.90751505757,2572.5137744619
"model_fits/finalized_redone_trunc_cp/t2_proportion/total/vegetarian_dishes_prop","beta[57,9]","exposure_V3Q26BHF3SE2H_1","level","V3Q26BHF3SE2H","exp_p10",0.319740763907123,0.32149684,0.297648394182071,-0.28986161125,0.90391754125,1.03249073907167,0.97142990787065,1.09460301496746,1.00076543759895,2442.67498203349,2285.59044632716
"model_fits/finalized_redone_trunc_cp/t2_proportion/total/vegetarian_dishes_prop","beta[58,6]","exposure_W8T41JZK0ZMEP_1","level","W8T41JZK0ZMEP","exp_p10",1.7196829728898,1.72351415,0.579337829223789,0.62956164575,2.860294285,1.18764018120361,1.0649801543504,1.331131627883,1.00148632410803,2397.35902420613,2624.06943386546
"model_fits/finalized_redone_trunc_cp/t2_proportion/total/vegetarian_dishes_prop","mu_gamma[1]","mu_gamma[1]","pooled_mu_gamma",NA,"exp_p10",0.453194814308567,0.455084525,0.297776700301893,-0.125375536,1.054793755,1.04636209977499,0.987540714088561,1.11124318545143,1.00104700510184,1501.45995376539,2127.21329684131
"model_fits/finalized_redone_trunc_cp/t2_proportion/total/vegetarian_dishes_prop","mu_gamma[2]","mu_gamma[2]","pooled_mu_gamma",NA,"exp_p10",0.00113302632008133,-0.0159957915,0.994035377006432,-1.918658595,1.935958125,1.00011330905099,0.825417582993159,1.21360565957346,1.00189780052184,2253.61158289024,2214.49927144011
"model_fits/finalized_redone_trunc_cp/t2_proportion/total/vegan_dishes_prop","mu_gamma[1]","pooled_mu_gamma","pooled_mu_gamma",NA,"exp_p10",0.979173068644633,0.981961785,0.342725555932009,0.30921300925,1.6624175075,1.10287158142844,1.03140433012568,1.1808585406572,1.00113049222929,1449.10285878377,2046.87278579281
"model_fits/finalized_redone_trunc_cp/t2_proportion/total/vegan_dishes_prop","mu_gamma[2]","pooled_mu_gamma","pooled_mu_gamma",NA,"exp_p10",0.0178378775292783,0.017930197,1.00112153044809,-1.939555275,2.014237605,1.0017853796487,0.823694535209253,1.22314298169863,1.0002719354109,2592.95786726057,2524.65530498627
"model_fits/finalized_redone_trunc_cp/t2_proportion/total/vegan_dishes_prop","beta[41,15]","exposure_1SQPTEGYPH0GA_1","level","1SQPTEGYPH0GA","exp_p10",-1.24254122579573,-1.2221027,0.611101659132214,-2.482005285,-0.0805291546749992,0.883155382640004,0.780203474557892,0.991979422393356,1.0017327426344,1772.62591417968,2355.20695500202
"model_fits/finalized_redone_trunc_cp/t2_proportion/total/vegan_dishes_prop","beta[42,2]","exposure_2HRX9P6HKXA8V_1","level","2HRX9P6HKXA8V","exp_p10",0.0716307841459953,0.090263432,0.726228937847951,-1.38049549,1.4983364775,1.00718879462653,0.871055530746022,1.16164098506275,1.00148559051907,2325.7310544141,2136.60444567462
"model_fits/finalized_redone_trunc_cp/t2_proportion/total/vegan_dishes_prop","beta[43,18]","exposure_78AY09MVJVTYE_1","level","78AY09MVJVTYE","exp_p10",0.318112361933517,0.319135815,0.263738715913247,-0.21018761075,0.8424085245,1.03232262176444,0.979200593541355,1.08789088344175,1.00026365212293,2466.17746999667,2593.8726956664
"model_fits/finalized_redone_trunc_cp/t2_proportion/total/vegan_dishes_prop","beta[44,16]","exposure_9XKJD8DQTH559_1","level","9XKJD8DQTH559","exp_p10",1.90801171015,1.89914745,0.556125222086173,0.83590451425,3.0188270125,1.210218801582,1.0871835481468,1.35240258227287,1.00016211891304,2351.45863678114,2495.4039050875
"model_fits/finalized_redone_trunc_cp/t2_proportion/total/vegan_dishes_prop","beta[45,8]","exposure_C0BE4NDSW26QN_1","level","C0BE4NDSW26QN","exp_p10",0.772255640607433,0.77029021,0.593514160533994,-0.34366136525,1.97696668,1.080285722547,0.966217672285061,1.21859269959368,1.00337214075983,2483.87180856769,2502.35057269074
"model_fits/finalized_redone_trunc_cp/t2_proportion/total/vegan_dishes_prop","beta[46,12]","exposure_CB2KHY1C2G9PT_1","level","CB2KHY1C2G9PT","exp_p10",0.714289253875133,0.715203455,0.302903033330184,0.11999102475,1.305340865,1.07404181088293,1.0120713805063,1.13943677864337,1.00072335607714,2360.41084284325,2063.4512978555
"model_fits/finalized_redone_trunc_cp/t2_proportion/total/vegan_dishes_prop","beta[47,5]","exposure_ED5J990H5VAZT_1","level","ED5J990H5VAZT","exp_p10",1.48245138522833,1.47433095,0.494058181303671,0.53305699875,2.415230195,1.15979717248369,1.05475203340458,1.27318676270288,1.00062989541896,2210.70760582203,2428.93336239511
"model_fits/finalized_redone_trunc_cp/t2_proportion/total/vegan_dishes_prop","beta[48,7]","exposure_EMBVNVD207CC6_1","level","EMBVNVD207CC6","exp_p10",0.6752209106548,0.667693315,0.313971755127695,0.057250340075,1.2967842575,1.06985389354927,1.00574145333347,1.13846222431818,0.999873393648291,2119.66600788325,2303.27294970908
"model_fits/finalized_redone_trunc_cp/t2_proportion/total/vegan_dishes_prop","beta[49,3]","exposure_JHDN7CF1C03X5_1","level","JHDN7CF1C03X5","exp_p10",-0.69657015487468,-0.699886335,0.4678887720516,-1.6057138075,0.236869437,0.932713671394674,0.851657029484706,1.02396970754074,1.00233326072774,2440.84484974336,2642.08513504614
"model_fits/finalized_redone_trunc_cp/t2_proportion/total/vegan_dishes_prop","beta[50,4]","exposure_L69HYJ4Y3TR91_1","level","L69HYJ4Y3TR91","exp_p10",3.08990241240667,3.09202345,0.800829807781621,1.60126733,4.639306435,1.36204907852941,1.17365960296945,1.59031266809443,1.00119064822951,2251.9139935164,2413.56763779744
"model_fits/finalized_redone_trunc_cp/t2_proportion/total/vegan_dishes_prop","beta[51,10]","exposure_LBZEEFSBJNB3Z_1","level","LBZEEFSBJNB3Z","exp_p10",2.285513360096,2.27419725,0.750573166855559,0.81850484575,3.7433310075,1.25677804144548,1.08529352957483,1.45402140542019,1.0024750772424,2053.99307322602,2213.09412168424
"model_fits/finalized_redone_trunc_cp/t2_proportion/total/vegan_dishes_prop","beta[52,14]","exposure_LFZFT3VASXPED_1","level","LFZFT3VASXPED","exp_p10",1.77443216835483,1.7480606,1.24431005828083,-0.5880059,4.360893965,1.19416024777943,0.942894773058243,1.54664705340268,1.00046225159161,2581.12235107584,2282.81082835386
"model_fits/finalized_redone_trunc_cp/t2_proportion/total/vegan_dishes_prop","beta[53,17]","exposure_LQ5EH4BKGV61T_1","level","LQ5EH4BKGV61T","exp_p10",0.21120415795784,0.20730089,0.911243308838832,-1.6355633625,2.0261247325,1.02134503030769,0.84911866149291,1.22459781187233,1.00025957228004,2329.88307881249,2369.01799468844
"model_fits/finalized_redone_trunc_cp/t2_proportion/total/vegan_dishes_prop","beta[54,13]","exposure_S8MT0YGD2KTN9_1","level","S8MT0YGD2KTN9","exp_p10",1.25910239800352,1.2631859,0.955702734360419,-0.5948496705,3.1930303875,1.1341803594584,0.942249698277363,1.37616829404356,1.00060196618005,2174.60334377861,2274.9434825217
"model_fits/finalized_redone_trunc_cp/t2_proportion/total/vegan_dishes_prop","beta[55,11]","exposure_SAFK7ND1HR6XS_1","level","SAFK7ND1HR6XS","exp_p10",1.33966739340013,1.34013535,1.16154135942803,-0.8968616005,3.6594835525,1.14335479027729,0.914218058402487,1.44188077515944,1.00010476326597,2591.10708096953,2583.1997623044
"model_fits/finalized_redone_trunc_cp/t2_proportion/total/vegan_dishes_prop","beta[56,1]","exposure_SRQS8F7JWA9MZ_1","level","SRQS8F7JWA9MZ","exp_p10",1.51193476840333,1.5087865,0.242525076744255,1.053125385,2.003075975,1.16322169276934,1.11105780443673,1.22177851638326,1.00012018585492,2302.1080497391,2630.87272046469
"model_fits/finalized_redone_trunc_cp/t2_proportion/total/vegan_dishes_prop","beta[57,9]","exposure_V3Q26BHF3SE2H_1","level","V3Q26BHF3SE2H","exp_p10",2.5876717377,2.57502665,0.439769435314005,1.7723789525,3.48442549,1.29533218240798,1.19391508607339,1.41685914061065,1.00292689774914,2426.61490013722,2438.14169928086
"model_fits/finalized_redone_trunc_cp/t2_proportion/total/vegan_dishes_prop","beta[58,6]","exposure_W8T41JZK0ZMEP_1","level","W8T41JZK0ZMEP","exp_p10",1.366996304022,1.37204615,0.464232683008811,0.4551558815,2.29688392,1.14648372794001,1.04656731853514,1.25820788119598,1.00157666458059,2543.46656829889,2582.6894260078
"model_fits/finalized_redone_trunc_cp/t2_proportion/total/vegetarian_dishes_count","mu_gamma[1]","pooled_mu_gamma","pooled_mu_gamma",NA,"exp",0.040216523174,0.039193796,0.0145344824356484,0.0129571908,0.071408104425,1.0410361582443,1.0130414989354,1.07401944853145,1.00171523307131,411.032712811518,538.368282765958
"model_fits/finalized_redone_trunc_cp/t2_proportion/total/vegetarian_dishes_count","mu_gamma[2]","pooled_mu_gamma","pooled_mu_gamma",NA,"exp",0.0123689386823,0.015893889,0.981648405212256,-1.8527876625,1.9581173725,1.01244575037069,0.156799452544078,7.0859742499247,0.999757757413408,552.602201583619,596.350373113566
"model_fits/finalized_redone_trunc_cp/t2_proportion/total/vegetarian_dishes_count","beta[41,15]","exposure_1SQPTEGYPH0GA_1","level","1SQPTEGYPH0GA","exp",0.066002602296,0.0660738375,0.0052799252334653,0.0555578699,0.076704208425,1.06822949701172,1.05713019132079,1.07972265628897,0.999515075301735,868.086429946065,873.754954160952
"model_fits/finalized_redone_trunc_cp/t2_proportion/total/vegetarian_dishes_count","beta[42,2]","exposure_2HRX9P6HKXA8V_1","level","2HRX9P6HKXA8V","exp",-0.004362798590344,-0.005022987,0.0310541162116154,-0.064553366625,0.0538838249,0.995646704590249,0.937486082458842,1.05536198824836,1.00176235025565,736.218088177782,595.608260459982
"model_fits/finalized_redone_trunc_cp/t2_proportion/total/vegetarian_dishes_count","beta[43,18]","exposure_78AY09MVJVTYE_1","level","78AY09MVJVTYE","exp",0.0015600082850091,0.00180759675,0.0080638711582323,-0.0145569064,0.0165825406,1.00156122573093,0.985548533117537,1.01672079406709,1.00076974919213,912.672534090387,979.174331554016
"model_fits/finalized_redone_trunc_cp/t2_proportion/total/vegetarian_dishes_count","beta[44,16]","exposure_9XKJD8DQTH559_1","level","9XKJD8DQTH559","exp",0.0196078745286,0.019225956,0.00433270444210334,0.012083429075,0.028583104025,1.01980137151942,1.01215672864329,1.02899552095086,0.999113582332696,1103.77517274752,996.07198097038
"model_fits/finalized_redone_trunc_cp/t2_proportion/total/vegetarian_dishes_count","beta[45,8]","exposure_C0BE4NDSW26QN_1","level","C0BE4NDSW26QN","exp",0.0279169133927,0.0276934305,0.00967206090477342,0.0092286534925,0.047205697975,1.02831024206265,1.00927136881566,1.04833762782989,1.00202308506526,626.499575495235,521.318302411813
"model_fits/finalized_redone_trunc_cp/t2_proportion/total/vegetarian_dishes_count","beta[46,12]","exposure_CB2KHY1C2G9PT_1","level","CB2KHY1C2G9PT","exp",0.024339891528,0.024071716,0.0053769254274095,0.014152891525,0.03489173545,1.0246385246648,1.01425351785167,1.03550759396702,0.999923886873463,763.22416165433,814.747916561887
"model_fits/finalized_redone_trunc_cp/t2_proportion/total/vegetarian_dishes_count","beta[47,5]","exposure_ED5J990H5VAZT_1","level","ED5J990H5VAZT","exp",0.100884712762,0.10100279,0.0103028379272735,0.081779728675,0.12070606775,1.10614910953649,1.08521674137102,1.1282932218571,1.00082858057829,954.641359207153,783.359901803819
"model_fits/finalized_redone_trunc_cp/t2_proportion/total/vegetarian_dishes_count","beta[48,7]","exposure_EMBVNVD207CC6_1","level","EMBVNVD207CC6","exp",0.137159513046,0.136711035,0.035157493774342,0.07104586745,0.2103680935,1.14701109716257,1.07363046943089,1.23413225241922,1.00764862992281,343.729769159089,698.963436603631
"model_fits/finalized_redone_trunc_cp/t2_proportion/total/vegetarian_dishes_count","beta[49,3]","exposure_JHDN7CF1C03X5_1","level","JHDN7CF1C03X5","exp",0.0047752215039109,0.0049938754,0.00678354076498531,-0.0085060081725,0.0183531604,1.00478664104383,0.991530065561398,1.01852261473507,1.00045099091188,889.769270222921,800.498954146161
"model_fits/finalized_redone_trunc_cp/t2_proportion/total/vegetarian_dishes_count","beta[50,4]","exposure_L69HYJ4Y3TR91_1","level","L69HYJ4Y3TR91","exp",0.067584384414,0.0671505445,0.0161508911780493,0.0366800482,0.099730808375,1.06992054040653,1.03736106219651,1.10487345535934,1.00005822645856,778.402571001865,687.634009016131
"model_fits/finalized_redone_trunc_cp/t2_proportion/total/vegetarian_dishes_count","beta[51,10]","exposure_LBZEEFSBJNB3Z_1","level","LBZEEFSBJNB3Z","exp",0.016000382957758,0.0158022985,0.0177582419790798,-0.0206115894,0.048975738575,1.01612907454053,0.979599377468438,1.05019487120684,1.00702072126436,486.768154370569,852.86806910885
"model_fits/finalized_redone_trunc_cp/t2_proportion/total/vegetarian_dishes_count","beta[52,14]","exposure_LFZFT3VASXPED_1","level","LFZFT3VASXPED","exp",0.01889041667342,0.0194800315,0.0474226054084431,-0.07454556025,0.10555780825,1.01906996942116,0.928165185657756,1.11133034672849,0.999566025236608,549.505789818838,704.3688625956
"model_fits/finalized_redone_trunc_cp/t2_proportion/total/vegetarian_dishes_count","beta[53,17]","exposure_LQ5EH4BKGV61T_1","level","LQ5EH4BKGV61T","exp",0.08630549562074,0.082168777,0.0465000400069864,0.0068483732875,0.197014929,1.09013931022555,1.00687187701932,1.2177622205424,1.00148472974257,771.505291658968,743.448697048388
"model_fits/finalized_redone_trunc_cp/t2_proportion/total/vegetarian_dishes_count","beta[54,13]","exposure_S8MT0YGD2KTN9_1","level","S8MT0YGD2KTN9","exp",-0.04203600612,-0.0419987835,0.011129278317739,-0.064091525775,-0.020578603425,0.958835256013652,0.937919151824892,0.979631691041958,0.999642358663485,861.52498404361,907.701258907604
"model_fits/finalized_redone_trunc_cp/t2_proportion/total/vegetarian_dishes_count","beta[55,11]","exposure_SAFK7ND1HR6XS_1","level","SAFK7ND1HR6XS","exp",0.058964131759694,0.055925864,0.0529293713654588,-0.038431457425,0.1637120675,1.06073719328127,0.962297660838982,1.17787511773476,0.99911733753901,667.457570220142,874.775931510423
"model_fits/finalized_redone_trunc_cp/t2_proportion/total/vegetarian_dishes_count","beta[56,1]","exposure_SRQS8F7JWA9MZ_1","level","SRQS8F7JWA9MZ","exp",0.048306694181,0.0485765785,0.0110675732346896,0.026900413475,0.0701349142,1.04949247920757,1.02726549586839,1.07265288759873,0.999658379181315,800.650134580807,908.548513103375
"model_fits/finalized_redone_trunc_cp/t2_proportion/total/vegetarian_dishes_count","beta[57,9]","exposure_V3Q26BHF3SE2H_1","level","V3Q26BHF3SE2H","exp",0.075970026228,0.075113371,0.0183528692752922,0.042112352475,0.11243713675,1.07893023406377,1.04301165710913,1.11900191060485,1.00324159972358,836.412104337192,842.723029239
"model_fits/finalized_redone_trunc_cp/t2_proportion/total/vegetarian_dishes_count","beta[58,6]","exposure_W8T41JZK0ZMEP_1","level","W8T41JZK0ZMEP","exp",0.0190442552057,0.018979514,0.00534594545690109,0.0086392892675,0.029974651925,1.01922675370897,1.00867671562844,1.03042841424575,1.00248476665862,860.588644703788,874.297725524383
