"fit_dir","model_col","type_fine","restaurant","variable","mean","q2.5","q97.5","rhat","ess_bulk"
"model_fits/finalized_redone_trunc_cp_day/customer_gaussian_iid_day/total","mu_gamma[1]","pooled_mu_gamma",NA,"mu_gamma[1]",-0.153186791414,-0.87942015,0.603156849999999,0.999969742403299,2450.87625045803
"model_fits/finalized_redone_trunc_cp_day/customer_gaussian_iid_day/total","mu_gamma[2]","pooled_mu_gamma",NA,"mu_gamma[2]",-0.1364399159769,-0.6649159,0.3899825,1.00060040475024,2322.25125259954
"model_fits/finalized_redone_trunc_cp/customer_targeted_gaussian_iid/breakfast","mu_gamma[1]","pooled_mu_gamma",NA,"mu_gamma[1]",0.0280078947280167,-0.1818673,0.2405081,1.05085896706934,57.6641362335397
"model_fits/finalized_redone_trunc_cp/customer_targeted_gaussian_iid/breakfast","mu_gamma[2]","pooled_mu_gamma",NA,"mu_gamma[2]",0.0670815621294833,-0.27093385,0.49361615,1.13179056121673,19.5994058884624
"model_fits/finalized_redone_trunc_cp/customer_targeted_gaussian_iid/breakfast","mu_gamma[3]","pooled_mu_gamma",NA,"mu_gamma[3]",0.0186754894694,-0.1000734,0.22891315,1.04058421126336,67.6477046770462
"model_fits/finalized_redone_trunc_cp/customer_targeted_gaussian_iid/untextured","mu_gamma[1]","pooled_mu_gamma",NA,"mu_gamma[1]",0.115563573771873,-0.055006245,0.35097575,1.28671113889444,9.42773854609717
"model_fits/finalized_redone_trunc_cp/customer_targeted_gaussian_iid/untextured","mu_gamma[2]","pooled_mu_gamma",NA,"mu_gamma[2]",0.202765981268333,-0.445887,1.107206,1.91643430092378,4.27541740095354
"model_fits/finalized_redone_trunc_cp/customer_targeted_gaussian_iid/untextured","mu_gamma[3]","pooled_mu_gamma",NA,"mu_gamma[3]",0.0166644150056333,-0.1631611,0.2285065,1.21488455206126,26.1393745478286
"model_fits/finalized_redone_trunc_cp/its_targeted/breakfast","mu_gamma[1]","pooled_mu_gamma",NA,"mu_gamma[1]",-0.171045853374933,-0.5129691,0.17122675,1.0004118007458,2703.00395091767
"model_fits/finalized_redone_trunc_cp/its_targeted/breakfast","mu_gamma[2]","pooled_mu_gamma",NA,"mu_gamma[2]",-0.2204275372518,-0.90983715,0.5498894,1.00065442799972,3934.89746144297
"model_fits/finalized_redone_trunc_cp/its_targeted/textured","mu_gamma[1]","pooled_mu_gamma",NA,"mu_gamma[1]",0.199765013316667,0.1417879,0.2605276,1.0098175799851,321.727858791637
"model_fits/finalized_redone_trunc_cp/its_targeted/textured","mu_gamma[2]","pooled_mu_gamma",NA,"mu_gamma[2]",-0.365768822572083,-0.98543115,0.2498373,1.0116819923268,207.336734111387
"model_fits/finalized_redone_trunc_cp/its_targeted/untextured","mu_gamma[1]","pooled_mu_gamma",NA,"mu_gamma[1]",0.0771771949590167,-0.4436488,0.6006426,1.01042910104574,181.478657553481
"model_fits/finalized_redone_trunc_cp/its_targeted/untextured","mu_gamma[2]","pooled_mu_gamma",NA,"mu_gamma[2]",-0.365944313495833,-1.093092,0.4510578,1.0112403634854,176.724441195302
"model_fits/finalized_redone_trunc_cp/its/chicken_fish","mu_gamma[1]","pooled_mu_gamma",NA,"mu_gamma[1]",-0.0605165202009027,-0.29505435,0.06960731,1.00715027696486,257.958189996171
"model_fits/finalized_redone_trunc_cp/its/chicken_fish","mu_gamma[2]","pooled_mu_gamma",NA,"mu_gamma[2]",0.5466047253965,-0.11726085,1.082574,1.01029087752891,172.95457642446
"model_fits/finalized_redone_trunc_cp/its/meat","mu_gamma[1]","pooled_mu_gamma",NA,"mu_gamma[1]",0.012961041357235,-0.068774745,0.07567501,1.00843448540077,270.746286548926
"model_fits/finalized_redone_trunc_cp/its/meat","mu_gamma[2]","pooled_mu_gamma",NA,"mu_gamma[2]",0.530072719335,0.17226825,0.81114315,1.01267495310015,156.898175744979
"model_fits/finalized_redone_trunc_cp/its/nonvegan","mu_gamma[1]","pooled_mu_gamma",NA,"mu_gamma[1]",0.0529400444374167,-0.02941673,0.1331051,1.0054869099888,298.361503510312
"model_fits/finalized_redone_trunc_cp/its/nonvegan","mu_gamma[2]","pooled_mu_gamma",NA,"mu_gamma[2]",0.577367392443833,0.19765215,0.8922348,1.0125179070703,191.283274414355
"model_fits/finalized_redone_trunc_cp/its/total","mu_gamma[1]","pooled_mu_gamma",NA,"mu_gamma[1]",0.0645068630928767,-0.0083446635,0.1431598,1.00855247768506,169.890282725995
"model_fits/finalized_redone_trunc_cp/its/total","mu_gamma[2]","pooled_mu_gamma",NA,"mu_gamma[2]",0.599781461695,0.2333857,0.88448805,1.01325188828432,139.989598074159
"model_fits/finalized_redone_trunc_cp/its/vegan","mu_gamma[1]","pooled_mu_gamma",NA,"mu_gamma[1]",0.114727434553883,0.032657705,0.2602084,1.11280527792349,44.9607545391671
"model_fits/finalized_redone_trunc_cp/its/vegan","mu_gamma[2]","pooled_mu_gamma",NA,"mu_gamma[2]",0.0917214507504667,-0.3373608,0.566557100000001,1.19193774149202,12.1453669129391
"model_fits/finalized_redone_trunc_cp/its/vegetarian","mu_gamma[1]","pooled_mu_gamma",NA,"mu_gamma[1]",0.0873026800767967,-0.06199445,0.2471544,1.00810402521669,195.985750316224
"model_fits/finalized_redone_trunc_cp/its/vegetarian","mu_gamma[2]","pooled_mu_gamma",NA,"mu_gamma[2]",0.388097117521167,0.1136854,0.72584975,1.00827763504912,269.348375615244
"model_fits/finalized_redone_trunc_cp/t2_customer_gaussian_iid_day/total","mu_gamma[1]","pooled_mu_gamma",NA,"mu_gamma[1]",0.0128533584345,-0.036487155,0.068369515,1.00372234765838,422.3759367498
"model_fits/finalized_redone_trunc_cp/t2_customer_gaussian_iid_day/total","mu_gamma[2]","pooled_mu_gamma",NA,"mu_gamma[2]",0.0254137677651967,-0.04649888,0.10777095,1.00382722145512,228.701882468853
"model_fits/finalized_redone_trunc_cp/t2_customer_gaussian_iid_day/total","mu_gamma[3]","pooled_mu_gamma",NA,"mu_gamma[3]",0.0002064742302,-0.069822905,0.0790832649999999,1.00903905604245,291.101439238197
"model_fits/finalized_redone_trunc_cp/t2_customer_gaussian_iid_day/total","mu_gamma[4]","pooled_mu_gamma",NA,"mu_gamma[4]",-0.04084096008622,-0.16843855,0.07672195,1.00794706528651,254.14592904498
"model_fits/finalized_redone_trunc_cp/t2_customer_gaussian_iid_day/vegan","mu_gamma[1]","pooled_mu_gamma",NA,"mu_gamma[1]",-0.00592063777646667,-0.03306139,0.018813475,1.00187155161884,196.816848203545
"model_fits/finalized_redone_trunc_cp/t2_customer_gaussian_iid_day/vegan","mu_gamma[2]","pooled_mu_gamma",NA,"mu_gamma[2]",-0.00506868838188,-0.02996179,0.02492478,1.02677503231156,165.43099339286
"model_fits/finalized_redone_trunc_cp/t2_customer_gaussian_iid_day/vegan","mu_gamma[3]","pooled_mu_gamma",NA,"mu_gamma[3]",-0.00928830170286,-0.026788395,0.00721274249999999,1.01802562113738,233.27154257232
"model_fits/finalized_redone_trunc_cp/t2_customer_gaussian_iid_day/vegan","mu_gamma[4]","pooled_mu_gamma",NA,"mu_gamma[4]",0.00727299282533667,-0.012631165,0.02708763,1.00663295660002,159.273829640505
"model_fits/finalized_redone_trunc_cp/t2_customer_targeted_gaussian_iid/dairy_t2","mu_gamma[1]","pooled_mu_gamma",NA,"mu_gamma[1]",0.0903713012983,-0.2771725,0.5183155,1.01614139248245,127.763859801098
"model_fits/finalized_redone_trunc_cp/t2_customer_targeted_gaussian_iid/dairy_t2","mu_gamma[2]","pooled_mu_gamma",NA,"mu_gamma[2]",-0.0986276585157167,-0.41727175,0.2464146,1.02201123931919,167.876733242177
"model_fits/finalized_redone_trunc_cp/t2_customer_targeted_gaussian_iid/dairy_t2","mu_gamma[3]","pooled_mu_gamma",NA,"mu_gamma[3]",0.0496216982316,-0.086194925,0.2494757,1.00749255860029,125.386945630275
"model_fits/finalized_redone_trunc_cp/t2_its_targeted/breakfast_t2","mu_gamma[1]","pooled_mu_gamma",NA,"mu_gamma[1]",-0.17833379310918,-0.3257643865,0.0143193207000001,1.0014864120806,2781.87391545128
"model_fits/finalized_redone_trunc_cp/t2_its_targeted/breakfast_t2","mu_gamma[2]","pooled_mu_gamma",NA,"mu_gamma[2]",-0.006084510866137,-0.4208948175,0.420547815,1.00229380825252,2606.65160547935
"model_fits/finalized_redone_trunc_cp/t2_its_targeted/textured_t2","mu_gamma[1]","pooled_mu_gamma",NA,"mu_gamma[1]",0.11927864606335,-0.4734224,0.621024,1.0006655871138,1440.40696800181
"model_fits/finalized_redone_trunc_cp/t2_its_targeted/textured_t2","mu_gamma[2]","pooled_mu_gamma",NA,"mu_gamma[2]",-0.33610766545665,-1.2342645,0.6150337,1.00206168702962,2019.60094423267
"model_fits/finalized_redone_trunc_cp/t2_its_targeted/untextured_t2","mu_gamma[1]","pooled_mu_gamma",NA,"mu_gamma[1]",0.464017615116934,-0.547043999,1.448786195,1.01262387316355,246.012674664336
"model_fits/finalized_redone_trunc_cp/t2_its_targeted/untextured_t2","mu_gamma[2]","pooled_mu_gamma",NA,"mu_gamma[2]",-0.0319993545982733,-0.4703401895,0.361925158,1.01482366400901,373.064785122919
"model_fits/finalized_redone_trunc_cp/t2_proportion/chicken_fish/mpbamod_dishes_count","mu_gamma[1]","pooled_mu_gamma",NA,"mu_gamma[1]",0.0417911792675107,-0.006941184515,0.0926628627,1.00063852885335,1590.81144873896
"model_fits/finalized_redone_trunc_cp/t2_proportion/chicken_fish/mpbamod_dishes_count","mu_gamma[2]","pooled_mu_gamma",NA,"mu_gamma[2]",0.024949252530941,-1.6267142,1.67865505,1.00165442486294,2593.75389423666
"model_fits/finalized_redone_trunc_cp/t2_proportion/chicken_fish/mpbamod_dishes_prop","mu_gamma[1]","pooled_mu_gamma",NA,"mu_gamma[1]",-0.296585157438933,-1.32836339,0.748722074999999,1.00312560585915,1707.4490683482
"model_fits/finalized_redone_trunc_cp/t2_proportion/chicken_fish/mpbamod_dishes_prop","mu_gamma[2]","pooled_mu_gamma",NA,"mu_gamma[2]",0.004728869074585,-1.717450595,1.68504051,1.00084794807744,2375.35924518661
"model_fits/finalized_redone_trunc_cp/t2_proportion/chicken_fish/vegan_dishes_count","mu_gamma[1]","pooled_mu_gamma",NA,"mu_gamma[1]",0.0594293639925613,0.002555710085,0.1193327175,1.00316881478204,1213.35714344912
"model_fits/finalized_redone_trunc_cp/t2_proportion/chicken_fish/vegan_dishes_count","mu_gamma[2]","pooled_mu_gamma",NA,"mu_gamma[2]",-0.0524761433124667,-1.689861725,1.54604348,1.00163837309978,2126.21740167548
"model_fits/finalized_redone_trunc_cp/t2_proportion/chicken_fish/vegan_dishes_prop","mu_gamma[1]","pooled_mu_gamma",NA,"mu_gamma[1]",0.04728119873877,-0.938662996,1.046052845,1.00278823757493,1489.53992779426
"model_fits/finalized_redone_trunc_cp/t2_proportion/chicken_fish/vegan_dishes_prop","mu_gamma[2]","pooled_mu_gamma",NA,"mu_gamma[2]",-0.0221937261885933,-1.59897164,1.588468805,1.00016959871503,2246.92911020719
"model_fits/finalized_redone_trunc_cp/t2_proportion/chicken_fish/vegetarian_dishes_count","mu_gamma[1]","pooled_mu_gamma",NA,"mu_gamma[1]",0.0177810807192882,-0.00963538352,0.04630341985,1.00137997375096,917.966021340848
"model_fits/finalized_redone_trunc_cp/t2_proportion/chicken_fish/vegetarian_dishes_count","mu_gamma[2]","pooled_mu_gamma",NA,"mu_gamma[2]",-0.0270706699977667,-1.67976924,1.65208422,1.00063579180039,2639.90403307675
"model_fits/finalized_redone_trunc_cp/t2_proportion/chicken_fish/vegetarian_dishes_prop","mu_gamma[1]","pooled_mu_gamma",NA,"mu_gamma[1]",-1.38474127822753,-2.189890505,-0.5599011555,1.00540853581113,400.456769854339
"model_fits/finalized_redone_trunc_cp/t2_proportion/chicken_fish/vegetarian_dishes_prop","mu_gamma[2]","pooled_mu_gamma",NA,"mu_gamma[2]",0.00669563518519133,-1.66523929,1.650544775,1.0045440494482,1236.10841827218
"model_fits/finalized_redone_trunc_cp2/customer_gaussian_iid_day/chicken_fish","mu_gamma[1]","pooled_mu_gamma",NA,"mu_gamma[1]",0.065282275,-0.114003,0.19351555,2.59984174527487,3.56819668605656
"model_fits/finalized_redone_trunc_cp2/customer_gaussian_iid_day/chicken_fish","mu_gamma[2]","pooled_mu_gamma",NA,"mu_gamma[2]",-0.152209353366667,-0.19876305,-0.07577899,2.52037569946999,3.61023560528629
"model_fits/finalized_redone_trunc_cp2/customer_gaussian_iid_day/chicken_fish","mu_gamma[3]","pooled_mu_gamma",NA,"mu_gamma[3]",-0.0534191083,-0.074024805,-0.0199287,3.14715467771338,3.39130767493599
"model_fits/finalized_redone_trunc_cp2/customer_gaussian_iid_day/chicken_fish","mu_gamma[4]","pooled_mu_gamma",NA,"mu_gamma[4]",-0.0435943326666667,-0.1782652,0.16025005,3.67834073234024,3.27257330692552
"model_fits/finalized_redone_trunc_cp2/customer_gaussian_iid_day/meat","mu_gamma[1]","pooled_mu_gamma",NA,"mu_gamma[1]",0.0158970809943967,-0.07273565,0.1153897,1.01190509572113,189.861865980202
"model_fits/finalized_redone_trunc_cp2/customer_gaussian_iid_day/meat","mu_gamma[2]","pooled_mu_gamma",NA,"mu_gamma[2]",0.1649198593303,-0.0957274549999999,0.4716054,1.04448175457076,108.825780394026
"model_fits/finalized_redone_trunc_cp2/customer_gaussian_iid_day/meat","mu_gamma[3]","pooled_mu_gamma",NA,"mu_gamma[3]",-0.0444200325917,-0.23561775,0.1473775,1.01694199540457,116.880128412869
"model_fits/finalized_redone_trunc_cp2/customer_gaussian_iid_day/meat","mu_gamma[4]","pooled_mu_gamma",NA,"mu_gamma[4]",-0.0560982330295073,-0.181384,0.063101645,1.01422334687803,186.284058183191
"model_fits/finalized_redone_trunc_cp2/customer_gaussian_iid_day/nonvegan","mu_gamma[1]","pooled_mu_gamma",NA,"mu_gamma[1]",-0.0187943422176667,-0.19390025,0.1475649,1.02719426345497,196.895125506507
"model_fits/finalized_redone_trunc_cp2/customer_gaussian_iid_day/nonvegan","mu_gamma[2]","pooled_mu_gamma",NA,"mu_gamma[2]",0.0381643290074167,-0.17265605,0.25312465,1.04133282131263,84.2067513101857
"model_fits/finalized_redone_trunc_cp2/customer_gaussian_iid_day/nonvegan","mu_gamma[3]","pooled_mu_gamma",NA,"mu_gamma[3]",0.0966887206173,-0.12903975,0.3595059,1.0373912609869,145.451941350658
"model_fits/finalized_redone_trunc_cp2/customer_gaussian_iid_day/nonvegan","mu_gamma[4]","pooled_mu_gamma",NA,"mu_gamma[4]",-0.0299685855112843,-0.21142475,0.100047,1.00880856908126,130.61368095777
"model_fits/finalized_redone_trunc_cp2/customer_gaussian_iid_day/total","mu_gamma[1]","pooled_mu_gamma",NA,"mu_gamma[1]",0.0058725382576,-0.1235302,0.18423565,1.01355373767856,164.018249696776
"model_fits/finalized_redone_trunc_cp2/customer_gaussian_iid_day/total","mu_gamma[2]","pooled_mu_gamma",NA,"mu_gamma[2]",0.0355401739596667,-0.16266585,0.23034645,1.01841545947306,139.159439706198
"model_fits/finalized_redone_trunc_cp2/customer_gaussian_iid_day/total","mu_gamma[3]","pooled_mu_gamma",NA,"mu_gamma[3]",0.0416488712884,-0.2377024,0.2622927,1.04451144411476,102.927526399675
"model_fits/finalized_redone_trunc_cp2/customer_gaussian_iid_day/total","mu_gamma[4]","pooled_mu_gamma",NA,"mu_gamma[4]",-0.0433800036009667,-0.23729225,0.13948015,1.01632032918769,156.030937932677
"model_fits/finalized_redone_trunc_cp2/customer_gaussian_iid_day/vegan","mu_gamma[1]","pooled_mu_gamma",NA,"mu_gamma[1]",0.0118411328713667,-0.07071579,0.081954455,1.12838474865292,24.1218648782872
"model_fits/finalized_redone_trunc_cp2/customer_gaussian_iid_day/vegan","mu_gamma[2]","pooled_mu_gamma",NA,"mu_gamma[2]",-0.013565433972,-0.12701455,0.13721365,1.03417141594241,35.6272940930249
"model_fits/finalized_redone_trunc_cp2/customer_gaussian_iid_day/vegan","mu_gamma[3]","pooled_mu_gamma",NA,"mu_gamma[3]",-0.0154530674723667,-0.062901915,0.030889045,1.06185702820023,37.0915298073444
"model_fits/finalized_redone_trunc_cp2/customer_gaussian_iid_day/vegan","mu_gamma[4]","pooled_mu_gamma",NA,"mu_gamma[4]",-0.0236584419799,-0.11166545,0.0488052549999999,1.07256599961579,34.5864802368146
"model_fits/finalized_redone_trunc_cp2/customer_gaussian_iid_day/vegetarian","mu_gamma[1]","pooled_mu_gamma",NA,"mu_gamma[1]",-0.0270289260115,-0.12887705,0.070777115,1.02683598693921,142.067244349401
"model_fits/finalized_redone_trunc_cp2/customer_gaussian_iid_day/vegetarian","mu_gamma[2]","pooled_mu_gamma",NA,"mu_gamma[2]",-0.0532896272137,-0.2802403,0.18557765,1.01641939810617,165.258817020467
"model_fits/finalized_redone_trunc_cp2/customer_gaussian_iid_day/vegetarian","mu_gamma[3]","pooled_mu_gamma",NA,"mu_gamma[3]",0.107610123617167,-0.086309045,0.27459285,1.00919534245136,129.31615102457
"model_fits/finalized_redone_trunc_cp2/customer_gaussian_iid_day/vegetarian","mu_gamma[4]","pooled_mu_gamma",NA,"mu_gamma[4]",0.0010470994412,-0.18872205,0.162222199999999,1.01653322213719,122.159307969071
"model_fits/finalized_redone_trunc_cp2/customer_targeted_gaussian_iid_day/breakfast","mu_gamma[1]","pooled_mu_gamma",NA,"mu_gamma[1]",0.052662911931935,-0.06784369,0.218679,1.0249699720744,145.616057325193
"model_fits/finalized_redone_trunc_cp2/customer_targeted_gaussian_iid_day/breakfast","mu_gamma[2]","pooled_mu_gamma",NA,"mu_gamma[2]",0.122877174889667,-0.28330395,0.57206945,1.0307802163365,114.449802483372
"model_fits/finalized_redone_trunc_cp2/customer_targeted_gaussian_iid_day/breakfast","mu_gamma[3]","pooled_mu_gamma",NA,"mu_gamma[3]",0.0493290182399333,-0.16138655,0.5689416,1.21864208549007,10.1168923180379
"model_fits/finalized_redone_trunc_cp2/customer_targeted_gaussian_iid_day/breakfast","mu_gamma[4]","pooled_mu_gamma",NA,"mu_gamma[4]",-0.0156572362700433,-0.2441158,0.3400627,1.10430154156867,28.7531337305216
"model_fits/finalized_redone_trunc_cp2/customer_targeted_gaussian_iid_day/untextured","mu_gamma[1]","pooled_mu_gamma",NA,"mu_gamma[1]",0.0854978848861333,-0.420754,0.669434750000002,1.18710639447111,39.0714285253763
"model_fits/finalized_redone_trunc_cp2/customer_targeted_gaussian_iid_day/untextured","mu_gamma[2]","pooled_mu_gamma",NA,"mu_gamma[2]",0.000565882419683333,-0.56674465,0.6664611,1.11211281959988,27.2782064465335
"model_fits/finalized_redone_trunc_cp2/customer_targeted_gaussian_iid_day/untextured","mu_gamma[3]","pooled_mu_gamma",NA,"mu_gamma[3]",-0.0625293476237333,-0.37399645,0.45088295,1.21744734750211,10.9270763867026
"model_fits/finalized_redone_trunc_cp2/customer_targeted_gaussian_iid_day/untextured","mu_gamma[4]","pooled_mu_gamma",NA,"mu_gamma[4]",-0.00273104172348333,-0.3701518,0.31651535,1.14472401200026,19.2321882128412
"model_fits/finalized_redone_trunc_cp2/customer_targeted_gaussian_iid/breakfast","mu_gamma[1]","pooled_mu_gamma",NA,"mu_gamma[1]",0.0321438371241074,-0.11145,0.196059,1.05288480698062,85.6417036775628
"model_fits/finalized_redone_trunc_cp2/customer_targeted_gaussian_iid/breakfast","mu_gamma[2]","pooled_mu_gamma",NA,"mu_gamma[2]",0.0534510887109397,-0.221231,0.344935,1.0053275075377,140.840982347423
"model_fits/finalized_redone_trunc_cp2/customer_targeted_gaussian_iid/breakfast","mu_gamma[3]","pooled_mu_gamma",NA,"mu_gamma[3]",0.00480291219286775,-0.114417,0.161054,1.01699666143665,98.2079782557806
"model_fits/finalized_redone_trunc/customer_gaussian_iid/chicken_fish","mu_gamma[1]","pooled_mu_gamma",NA,"mu_gamma[1]",0.146610174933333,0.07161879,0.211033,3.10118412911081,3.38100049566881
"model_fits/finalized_redone_trunc/customer_gaussian_iid/chicken_fish","mu_gamma[2]","pooled_mu_gamma",NA,"mu_gamma[2]",0.04522924735,-0.085082925,0.151262,3.70720439552853,3.25513580195522
"model_fits/finalized_redone_trunc/customer_gaussian_iid/meat","mu_gamma[1]","pooled_mu_gamma",NA,"mu_gamma[1]",-0.00905883803953333,-0.08105077,0.075954905,1.01165417789033,64.6830259586972
"model_fits/finalized_redone_trunc/customer_gaussian_iid/meat","mu_gamma[2]","pooled_mu_gamma",NA,"mu_gamma[2]",0.0972432768623,-0.12049605,0.33660305,1.05950301651168,54.2563323222361
"model_fits/finalized_redone_trunc/customer_gaussian_iid/vegan","mu_gamma[1]","pooled_mu_gamma",NA,"mu_gamma[1]",-0.00239546945351167,-0.096120065,0.055979065,1.30133304742003,8.10243247795734
"model_fits/finalized_redone_trunc/customer_gaussian_iid/vegan","mu_gamma[2]","pooled_mu_gamma",NA,"mu_gamma[2]",-0.0122224484119333,-0.085070205,0.06959078,1.14394967515088,16.8702750974137
"model_fits/finalized_redone_trunc/customer_gaussian_iid/vegetarian","mu_gamma[1]","pooled_mu_gamma",NA,"mu_gamma[1]",0.0511919640794433,-0.043252935,0.16381045,1.03480793739939,90.5553980548719
"model_fits/finalized_redone_trunc/customer_gaussian_iid/vegetarian","mu_gamma[2]","pooled_mu_gamma",NA,"mu_gamma[2]",-0.0958500168460333,-0.4582286,0.10258055,1.0798850939201,56.0702066620358
"model_fits/finalized_redone_trunc/customer_gaussian/vegan","mu_gamma[1]","pooled_mu_gamma",NA,"mu_gamma[1]",-0.0967290104123,-0.8062201,0.51427995,1.02200236865809,148.399599736588
"model_fits/finalized_redone_trunc/customer_gaussian/vegan","mu_gamma[2]","pooled_mu_gamma",NA,"mu_gamma[2]",-0.0452185227201667,-0.8463632,0.6743277,1.15298744960676,15.3532677584295
"model_fits/finalized_redone_trunc/its_targeted/breakfast","mu_gamma[1]","pooled_mu_gamma",NA,"mu_gamma[1]",-0.1688092708664,-0.5038993,0.19934755,1.00737886139139,474.824213633626
"model_fits/finalized_redone_trunc/its_targeted/breakfast","mu_gamma[2]","pooled_mu_gamma",NA,"mu_gamma[2]",-0.239599749811367,-0.9019019,0.4670148,1.00232408737701,510.811099825607
"model_fits/finalized_redone_trunc/its_targeted/textured","mu_gamma[1]","pooled_mu_gamma",NA,"mu_gamma[1]",0.217696935666667,0.15221645,0.29168545,1.22722697704675,9.87354906144815
"model_fits/finalized_redone_trunc/its_targeted/textured","mu_gamma[2]","pooled_mu_gamma",NA,"mu_gamma[2]",-0.472656566636083,-1.082203,0.13639765,1.61386150357414,5.20701171606999
"model_fits/finalized_redone_trunc/its_targeted/untextured","mu_gamma[1]","pooled_mu_gamma",NA,"mu_gamma[1]",0.0232784454825167,-0.1418177,0.19271965,1.19169727056871,27.6611279152327
"model_fits/finalized_redone_trunc/its_targeted/untextured","mu_gamma[2]","pooled_mu_gamma",NA,"mu_gamma[2]",-0.4028695900842,-0.79033495,0.00349729150000002,1.32452703653877,9.91620899505575
"model_fits/finalized_redone_trunc/its/chicken_fish","mu_gamma[1]","pooled_mu_gamma",NA,"mu_gamma[1]",-0.06622726786245,-0.22238995,0.05982638,1.08794721822972,37.9291170708108
"model_fits/finalized_redone_trunc/its/chicken_fish","mu_gamma[2]","pooled_mu_gamma",NA,"mu_gamma[2]",0.5370482235835,0.0786563,0.93822135,1.14955175082603,15.3183617578845
"model_fits/finalized_redone_trunc/its/meat","mu_gamma[1]","pooled_mu_gamma",NA,"mu_gamma[1]",-0.00482953516450517,-0.084877195,0.063298375,1.14820026075746,15.4658812920796
"model_fits/finalized_redone_trunc/its/meat","mu_gamma[2]","pooled_mu_gamma",NA,"mu_gamma[2]",0.465285257428667,0.1257207,0.80587155,1.39262432808321,6.83517847965311
"model_fits/finalized_redone_trunc/its/nonvegan","mu_gamma[1]","pooled_mu_gamma",NA,"mu_gamma[1]",0.01851309086255,-0.07746194,0.095089935,1.22180723323055,10.2136098286376
"model_fits/finalized_redone_trunc/its/nonvegan","mu_gamma[2]","pooled_mu_gamma",NA,"mu_gamma[2]",0.459555292278333,0.23505275,0.6261591,1.17598471949281,12.7847651031418
"model_fits/finalized_redone_trunc/its/vegan","mu_gamma[1]","pooled_mu_gamma",NA,"mu_gamma[1]",0.1484395631635,-0.055739165,0.27133925,1.61066596749512,5.07759518624496
"model_fits/finalized_redone_trunc/its/vegan","mu_gamma[2]","pooled_mu_gamma",NA,"mu_gamma[2]",0.27643897327015,-0.03105616,0.5161418,2.29366076930196,3.75280832926724
"model_fits/finalized_redone_trunc/its/vegetarian","mu_gamma[1]","pooled_mu_gamma",NA,"mu_gamma[1]",0.0783463262461667,-0.11494095,0.1592934,1.30417283036886,8.11352994317919
"model_fits/finalized_redone_trunc/its/vegetarian","mu_gamma[2]","pooled_mu_gamma",NA,"mu_gamma[2]",0.282744220277533,0.1144961,0.47222495,1.29105049967284,7.8757794671176
"model_fits/finalized_redone_trunc/proportion_targeted/breakfast_p/breakfast_dishes_count","mu_gamma[1]","pooled_mu_gamma",NA,"mu_gamma[1]",-0.0634954295676,-0.28227355,0.23115095,1.01384959533499,267.953866164939
"model_fits/finalized_redone_trunc/proportion_targeted/breakfast_p/breakfast_dishes_count","mu_gamma[2]","pooled_mu_gamma",NA,"mu_gamma[2]",-0.0318946258705667,-1.6209255,1.59568,1.00060996551854,1144.36369572735
"model_fits/finalized_redone_trunc/proportion_targeted/breakfast_p/breakfast_dishes_presence","mu_gamma[1]","pooled_mu_gamma",NA,"mu_gamma[1]",-0.1684801145372,-0.7976356,0.73598845,1.00445683423579,333.610640054808
"model_fits/finalized_redone_trunc/proportion_targeted/breakfast_p/breakfast_dishes_presence","mu_gamma[2]","pooled_mu_gamma",NA,"mu_gamma[2]",0.0275157723305,-1.59767,1.642528,1.00068623859579,1150.74179269132
"model_fits/finalized_redone_trunc/proportion_targeted/chicken_p/chicken_dishes_count","mu_gamma[1]","pooled_mu_gamma",NA,"mu_gamma[1]",0.097207514705925,-0.20689095,0.46111205,1.0291849385116,99.7503227742549
"model_fits/finalized_redone_trunc/proportion_targeted/chicken_p/chicken_dishes_count","mu_gamma[2]","pooled_mu_gamma",NA,"mu_gamma[2]",0.063162497631,-1.659553,1.669811,1.01753697181727,129.989544923003
"model_fits/finalized_redone_trunc/proportion_targeted/chicken_p/chicken_dishes_presence","mu_gamma[1]","pooled_mu_gamma",NA,"mu_gamma[1]",0.186938336830333,-0.6481335,1.224839,1.05951113620135,62.2838200697004
"model_fits/finalized_redone_trunc/proportion_targeted/chicken_p/chicken_dishes_presence","mu_gamma[2]","pooled_mu_gamma",NA,"mu_gamma[2]",0.0410373081245333,-1.5351225,1.555211,1.29734590527199,660.950252404898
"model_fits/finalized_redone_trunc/proportion_targeted/dairy_p/dairy_dishes_count","mu_gamma[1]","pooled_mu_gamma",NA,"mu_gamma[1]",0.0248206831915667,-0.07706933,0.062846275,1.04301689730938,81.1365730264123
"model_fits/finalized_redone_trunc/proportion_targeted/dairy_p/dairy_dishes_count","mu_gamma[2]","pooled_mu_gamma",NA,"mu_gamma[2]",-0.0300769083399333,-1.607612,1.591228,1.00757339644646,452.075166021523
"model_fits/finalized_redone_trunc/proportion_targeted/dairy_p/dairy_dishes_presence","mu_gamma[1]","pooled_mu_gamma",NA,"mu_gamma[1]",0.0774702551004,-0.7733068,1.023099,1.05244722412622,81.7484244947129
"model_fits/finalized_redone_trunc/proportion_targeted/dairy_p/dairy_dishes_presence","mu_gamma[2]","pooled_mu_gamma",NA,"mu_gamma[2]",-0.0912290709731667,-1.9400275,1.5458335,1.0276814764368,86.9471700283794
"model_fits/finalized_redone_trunc/proportion_targeted/egg_p/egg_dishes_count","mu_gamma[1]","pooled_mu_gamma",NA,"mu_gamma[1]",0.05004588498975,-0.2853868,0.452481199999999,1.00971805395007,223.838355293331
"model_fits/finalized_redone_trunc/proportion_targeted/egg_p/egg_dishes_count","mu_gamma[2]","pooled_mu_gamma",NA,"mu_gamma[2]",-0.00121578759225,-1.7186645,1.6757705,1.00248197301437,573.210704598384
"model_fits/finalized_redone_trunc/proportion_targeted/egg_p/egg_dishes_presence","mu_gamma[1]","pooled_mu_gamma",NA,"mu_gamma[1]",0.09133936645245,-0.8337048,1.0136285,1.00209049997432,314.924123960332
"model_fits/finalized_redone_trunc/proportion_targeted/egg_p/egg_dishes_presence","mu_gamma[2]","pooled_mu_gamma",NA,"mu_gamma[2]",0.0342320173,-1.5845865,1.704303,1.0002727915977,656.07938908108
"model_fits/finalized_redone_trunc/proportion_targeted/untextured_p/untextured_dishes_count","mu_gamma[1]","pooled_mu_gamma",NA,"mu_gamma[1]",0.0922855979078333,0.01649804,0.1758978,1.2735883046351,9.04857983764835
"model_fits/finalized_redone_trunc/proportion_targeted/untextured_p/untextured_dishes_count","mu_gamma[2]","pooled_mu_gamma",NA,"mu_gamma[2]",0.382995971865417,-1.3785445,1.9569045,1.49087702138753,5.87847153526958
"model_fits/finalized_redone_trunc/proportion_targeted/untextured_p/untextured_dishes_presence","mu_gamma[1]","pooled_mu_gamma",NA,"mu_gamma[1]",0.0922855979078333,0.01649804,0.1758978,1.2735883046351,9.04857983764835
"model_fits/finalized_redone_trunc/proportion_targeted/untextured_p/untextured_dishes_presence","mu_gamma[2]","pooled_mu_gamma",NA,"mu_gamma[2]",0.382995971865417,-1.3785445,1.9569045,1.49087702138753,5.87847153526958
"model_fits/finalized_redone_trunc/proportion/chicken_fish/mpbamod_dishes_count","mu_gamma[1]","pooled_mu_gamma",NA,"mu_gamma[1]",0.00577864642968167,-0.068247825,0.068627735,1.00768572338554,441.691499744107
"model_fits/finalized_redone_trunc/proportion/chicken_fish/mpbamod_dishes_count","mu_gamma[2]","pooled_mu_gamma",NA,"mu_gamma[2]",-0.0117897202929,-1.651449,1.6264845,1.00167907414423,1377.66764084173
"model_fits/finalized_redone_trunc/proportion/chicken_fish/mpbamod_dishes_prop","mu_gamma[1]","pooled_mu_gamma",NA,"mu_gamma[1]",0.30799159983397,-0.9630254,1.4743095,1.00078508186701,803.132187485461
"model_fits/finalized_redone_trunc/proportion/chicken_fish/mpbamod_dishes_prop","mu_gamma[2]","pooled_mu_gamma",NA,"mu_gamma[2]",-0.0321283079079833,-1.6402085,1.594347,1.00165609770194,1855.28876411901
"model_fits/finalized_redone_trunc/proportion/chicken_fish/vegan_dishes_count","mu_gamma[1]","pooled_mu_gamma",NA,"mu_gamma[1]",0.108706688404667,-0.1041026,0.34889095,1.00287070629228,280.308288161108
"model_fits/finalized_redone_trunc/proportion/chicken_fish/vegan_dishes_count","mu_gamma[2]","pooled_mu_gamma",NA,"mu_gamma[2]",-0.0866249551656667,-1.7488235,1.5515295,1.00114979934542,929.106489975337
"model_fits/finalized_redone_trunc/proportion/chicken_fish/vegan_dishes_prop","mu_gamma[1]","pooled_mu_gamma",NA,"mu_gamma[1]",-0.205232374846167,-1.4225575,1.0594485,1.00320238999202,670.4526215419
"model_fits/finalized_redone_trunc/proportion/chicken_fish/vegan_dishes_prop","mu_gamma[2]","pooled_mu_gamma",NA,"mu_gamma[2]",-0.023327228012,-1.7145795,1.576066,1.00152986626679,1505.62400008246
"model_fits/finalized_redone_trunc/proportion/chicken_fish/vegetarian_dishes_count","mu_gamma[1]","pooled_mu_gamma",NA,"mu_gamma[1]",0.0692846234446,-0.04207303,0.2005287,1.03072467010167,183.894821905864
"model_fits/finalized_redone_trunc/proportion/chicken_fish/vegetarian_dishes_count","mu_gamma[2]","pooled_mu_gamma",NA,"mu_gamma[2]",0.0183543901211333,-1.6467975,1.6687295,1.00260955551455,988.483848222431
"model_fits/finalized_redone_trunc/proportion/chicken_fish/vegetarian_dishes_prop","mu_gamma[1]","pooled_mu_gamma",NA,"mu_gamma[1]",-0.7306225997905,-2.108024,0.7386916,1.00229954706793,636.780009644196
"model_fits/finalized_redone_trunc/proportion/chicken_fish/vegetarian_dishes_prop","mu_gamma[2]","pooled_mu_gamma",NA,"mu_gamma[2]",0.0317251129491167,-1.6340475,1.7063145,1.00156303256708,1659.66408836076
"model_fits/finalized_redone_trunc/proportion/meat/mpbamod_dishes_count","mu_gamma[1]","pooled_mu_gamma",NA,"mu_gamma[1]",0.019912121231925,-0.058970035,0.0935824849999999,1.02193288153117,117.933100054522
"model_fits/finalized_redone_trunc/proportion/meat/mpbamod_dishes_count","mu_gamma[2]","pooled_mu_gamma",NA,"mu_gamma[2]",0.004576356417975,-1.6154525,1.65535,1.00236505393679,470.849316998645
"model_fits/finalized_redone_trunc/proportion/meat/mpbamod_dishes_prop","mu_gamma[1]","pooled_mu_gamma",NA,"mu_gamma[1]",0.5215024297555,-0.1174251,1.080053,1.00550860518848,197.185285012857
"model_fits/finalized_redone_trunc/proportion/meat/mpbamod_dishes_prop","mu_gamma[2]","pooled_mu_gamma",NA,"mu_gamma[2]",-0.02200403935775,-1.68393,1.71229,1.00609264607988,450.316321854849
"model_fits/finalized_redone_trunc/proportion/meat/vegan_dishes_count","mu_gamma[1]","pooled_mu_gamma",NA,"mu_gamma[1]",0.20236463549275,-0.09957894,0.51287955,1.02580915992028,72.7095908162621
"model_fits/finalized_redone_trunc/proportion/meat/vegan_dishes_count","mu_gamma[2]","pooled_mu_gamma",NA,"mu_gamma[2]",0.044194911760175,-1.5735365,1.710515,1.00743938242708,343.873480092467
"model_fits/finalized_redone_trunc/proportion/meat/vegan_dishes_prop","mu_gamma[1]","pooled_mu_gamma",NA,"mu_gamma[1]",0.12744595409674,-0.90874695,1.147223,1.03274237024917,168.453037456405
"model_fits/finalized_redone_trunc/proportion/meat/vegan_dishes_prop","mu_gamma[2]","pooled_mu_gamma",NA,"mu_gamma[2]",0.057880513898,-1.6290415,1.76878,1.00512867168673,495.218354807987
"model_fits/finalized_redone_trunc/proportion/meat/vegetarian_dishes_count","mu_gamma[1]","pooled_mu_gamma",NA,"mu_gamma[1]",0.0222066233362025,-0.01408858,0.05868182,1.00522769877255,132.784958563042
"model_fits/finalized_redone_trunc/proportion/meat/vegetarian_dishes_count","mu_gamma[2]","pooled_mu_gamma",NA,"mu_gamma[2]",-0.000554267128250001,-1.589189,1.685816,1.00231681063662,648.555207833432
"model_fits/finalized_redone_trunc/proportion/meat/vegetarian_dishes_prop","mu_gamma[1]","pooled_mu_gamma",NA,"mu_gamma[1]",-0.5718000548385,-1.353423,0.2553203,1.0492220139393,111.818453896553
"model_fits/finalized_redone_trunc/proportion/meat/vegetarian_dishes_prop","mu_gamma[2]","pooled_mu_gamma",NA,"mu_gamma[2]",0.04021864549425,-1.6392995,1.6482605,1.00425246892611,398.357383488238
"model_fits/finalized_redone_trunc/proportion/nonvegan/mpbamod_dishes_count","mu_gamma[1]","pooled_mu_gamma",NA,"mu_gamma[1]",0.021734075584225,-0.1161103,0.12215155,1.02172248153063,54.7127717333438
"model_fits/finalized_redone_trunc/proportion/nonvegan/mpbamod_dishes_count","mu_gamma[2]","pooled_mu_gamma",NA,"mu_gamma[2]",-0.02613509459225,-1.628513,1.555281,1.00724592241782,364.888336253725
"model_fits/finalized_redone_trunc/proportion/nonvegan/mpbamod_dishes_prop","mu_gamma[1]","pooled_mu_gamma",NA,"mu_gamma[1]",0.1658963072635,-0.68893345,0.9138245,1.01120456600385,160.374152711886
"model_fits/finalized_redone_trunc/proportion/nonvegan/mpbamod_dishes_prop","mu_gamma[2]","pooled_mu_gamma",NA,"mu_gamma[2]",-0.02229541844345,-1.7589475,1.697371,1.02289326982391,270.927446655716
"model_fits/finalized_redone_trunc/proportion/nonvegan/vegan_dishes_count","mu_gamma[1]","pooled_mu_gamma",NA,"mu_gamma[1]",0.158486085551775,-0.15572995,0.4261331,1.0608545877844,54.5821444700347
"model_fits/finalized_redone_trunc/proportion/nonvegan/vegan_dishes_count","mu_gamma[2]","pooled_mu_gamma",NA,"mu_gamma[2]",0.060944689242275,-1.582815,1.725325,1.00042038965971,403.257870288067
"model_fits/finalized_redone_trunc/proportion/nonvegan/vegan_dishes_prop","mu_gamma[1]","pooled_mu_gamma",NA,"mu_gamma[1]",0.68973722198825,-0.2323035,1.5623135,1.01629986066628,89.1270826923334
"model_fits/finalized_redone_trunc/proportion/nonvegan/vegan_dishes_prop","mu_gamma[2]","pooled_mu_gamma",NA,"mu_gamma[2]",-0.00818353825025,-1.6209005,1.5869015,1.01190690226654,356.682434330256
"model_fits/finalized_redone_trunc/proportion/nonvegan/vegetarian_dishes_count","mu_gamma[1]","pooled_mu_gamma",NA,"mu_gamma[1]",0.04279268093005,0.000532632050000002,0.087351175,1.018935244326,92.0736340151702
"model_fits/finalized_redone_trunc/proportion/nonvegan/vegetarian_dishes_count","mu_gamma[2]","pooled_mu_gamma",NA,"mu_gamma[2]",-0.089767610616325,-1.630613,1.489106,1.00258474699045,427.446673814282
"model_fits/finalized_redone_trunc/proportion/nonvegan/vegetarian_dishes_prop","mu_gamma[1]","pooled_mu_gamma",NA,"mu_gamma[1]",0.72477785501675,0.1219891,1.3414125,1.03647430644444,116.843515772841
"model_fits/finalized_redone_trunc/proportion/nonvegan/vegetarian_dishes_prop","mu_gamma[2]","pooled_mu_gamma",NA,"mu_gamma[2]",0.089633351631,-1.593032,1.7575695,1.00532067861989,369.971182631885
"model_fits/finalized_redone_trunc/proportion/total/mpbamod_dishes_count","mu_gamma[1]","pooled_mu_gamma",NA,"mu_gamma[1]",0.0307850621972,-0.082067765,0.12519805,1.02461036892935,106.529919189731
"model_fits/finalized_redone_trunc/proportion/total/mpbamod_dishes_count","mu_gamma[2]","pooled_mu_gamma",NA,"mu_gamma[2]",0.00714448820825,-1.6997215,1.759469,1.0105795757673,381.198209285949
"model_fits/finalized_redone_trunc/proportion/total/mpbamod_dishes_prop","mu_gamma[1]","pooled_mu_gamma",NA,"mu_gamma[1]",0.221759154955,-0.69948295,1.0797435,1.0119905071951,101.511841384371
"model_fits/finalized_redone_trunc/proportion/total/mpbamod_dishes_prop","mu_gamma[2]","pooled_mu_gamma",NA,"mu_gamma[2]",0.03612536935225,-1.6251515,1.705601,1.00189924636331,363.749584406986
"model_fits/finalized_redone_trunc/proportion/total/vegan_dishes_count","mu_gamma[1]","pooled_mu_gamma",NA,"mu_gamma[1]",0.1876410516495,-0.09456651,0.4343811,1.03217282885731,72.7225457249798
"model_fits/finalized_redone_trunc/proportion/total/vegan_dishes_count","mu_gamma[2]","pooled_mu_gamma",NA,"mu_gamma[2]",0.08981135469025,-1.5654655,1.679058,1.00976971202128,336.44370091866
"model_fits/finalized_redone_trunc/proportion/total/vegan_dishes_prop","mu_gamma[1]","pooled_mu_gamma",NA,"mu_gamma[1]",0.87409443489875,-0.085613265,1.8120365,1.0128693353444,160.791492686065
"model_fits/finalized_redone_trunc/proportion/total/vegan_dishes_prop","mu_gamma[2]","pooled_mu_gamma",NA,"mu_gamma[2]",0.0036230353235,-1.589488,1.59861,1.00171207895286,520.295358200633
"model_fits/finalized_redone_trunc/proportion/total/vegetarian_dishes_count","mu_gamma[1]","pooled_mu_gamma",NA,"mu_gamma[1]",0.044727462589425,0.010040493,0.0837572,1.02545796645636,87.1446174388576
"model_fits/finalized_redone_trunc/proportion/total/vegetarian_dishes_count","mu_gamma[2]","pooled_mu_gamma",NA,"mu_gamma[2]",-0.0056301779795,-1.6177215,1.568472,1.00383074089851,397.653468749258
"model_fits/finalized_redone_trunc/proportion/total/vegetarian_dishes_prop","mu_gamma[1]","pooled_mu_gamma",NA,"mu_gamma[1]",0.9358230513175,0.09650922,1.6311105,1.00789984355775,116.85435916426
"model_fits/finalized_redone_trunc/proportion/total/vegetarian_dishes_prop","mu_gamma[2]","pooled_mu_gamma",NA,"mu_gamma[2]",0.07546262415325,-1.579871,1.7729105,1.00555766483354,378.487347382111
"model_fits/finalized_redone_trunc/proportion/vegan/mpbamod_dishes_count","mu_gamma[1]","pooled_mu_gamma",NA,"mu_gamma[1]",0.03951036083625,-0.05419001,0.14451975,1.00976359991991,177.506737884002
"model_fits/finalized_redone_trunc/proportion/vegan/mpbamod_dishes_count","mu_gamma[2]","pooled_mu_gamma",NA,"mu_gamma[2]",0.00664834064675,-1.5973835,1.6647675,1.00561217491989,505.514881428441
"model_fits/finalized_redone_trunc/proportion/vegan/mpbamod_dishes_prop","mu_gamma[1]","pooled_mu_gamma",NA,"mu_gamma[1]",0.0072937928395,-0.97799355,1.0202315,1.01584512445743,171.519401881696
"model_fits/finalized_redone_trunc/proportion/vegan/mpbamod_dishes_prop","mu_gamma[2]","pooled_mu_gamma",NA,"mu_gamma[2]",-0.045258675542,-1.810756,1.582455,1.00040470519035,520.003592980771
"model_fits/finalized_redone_trunc/proportion/vegan/vegan_dishes_count","mu_gamma[1]","pooled_mu_gamma",NA,"mu_gamma[1]",0.126576163521,-0.039215125,0.3073441,1.01367583470913,174.114048948633
"model_fits/finalized_redone_trunc/proportion/vegan/vegan_dishes_count","mu_gamma[2]","pooled_mu_gamma",NA,"mu_gamma[2]",-0.04927806736585,-1.7683545,1.618854,1.00764799898711,716.537513621848
"model_fits/finalized_redone_trunc/proportion/vegan/vegan_dishes_prop","mu_gamma[1]","pooled_mu_gamma",NA,"mu_gamma[1]",1.52601324297667,0.48635435,2.3932355,1.00076641190236,494.115656319137
"model_fits/finalized_redone_trunc/proportion/vegan/vegan_dishes_prop","mu_gamma[2]","pooled_mu_gamma",NA,"mu_gamma[2]",0.0085125236365,-1.623937,1.660246,1.00392364954132,1034.730477673
"model_fits/finalized_redone_trunc/proportion/vegan/vegetarian_dishes_count","mu_gamma[1]","pooled_mu_gamma",NA,"mu_gamma[1]",0.04886597446098,-0.000960649949999998,0.10200505,1.02697827685503,132.991202190121
"model_fits/finalized_redone_trunc/proportion/vegan/vegetarian_dishes_count","mu_gamma[2]","pooled_mu_gamma",NA,"mu_gamma[2]",-0.0228855302515,-1.642946,1.5770595,1.00483627375316,723.323022308947
"model_fits/finalized_redone_trunc/proportion/vegan/vegetarian_dishes_prop","mu_gamma[1]","pooled_mu_gamma",NA,"mu_gamma[1]",1.26185195176,0.44572905,2.0325345,1.01170145582976,337.960511942749
"model_fits/finalized_redone_trunc/proportion/vegan/vegetarian_dishes_prop","mu_gamma[2]","pooled_mu_gamma",NA,"mu_gamma[2]",-0.00653196466925,-1.60186,1.6681555,1.00429544287595,727.804140033709
"model_fits/finalized_redone_trunc/proportion/vegetarian/mpbamod_dishes_count","mu_gamma[1]","pooled_mu_gamma",NA,"mu_gamma[1]",0.0547714335586475,-0.1609326,0.2418488,1.06608340023127,35.0622014269724
"model_fits/finalized_redone_trunc/proportion/vegetarian/mpbamod_dishes_count","mu_gamma[2]","pooled_mu_gamma",NA,"mu_gamma[2]",0.006757110686,-1.6202825,1.70095,1.00154687951154,575.382838087598
"model_fits/finalized_redone_trunc/proportion/vegetarian/mpbamod_dishes_prop","mu_gamma[1]","pooled_mu_gamma",NA,"mu_gamma[1]",-0.08045111354675,-1.236651,1.111525,1.00511630939998,145.936137544078
"model_fits/finalized_redone_trunc/proportion/vegetarian/mpbamod_dishes_prop","mu_gamma[2]","pooled_mu_gamma",NA,"mu_gamma[2]",0.04257014007125,-1.652402,1.7041155,1.00475684570642,484.051495616851
"model_fits/finalized_redone_trunc/proportion/vegetarian/vegan_dishes_count","mu_gamma[1]","pooled_mu_gamma",NA,"mu_gamma[1]",0.169237861055275,-0.01413024,0.3699414,1.02376963831623,84.1489784887432
"model_fits/finalized_redone_trunc/proportion/vegetarian/vegan_dishes_count","mu_gamma[2]","pooled_mu_gamma",NA,"mu_gamma[2]",-0.070552559378075,-1.662658,1.5391545,1.00376528664992,382.107241834101
"model_fits/finalized_redone_trunc/proportion/vegetarian/vegan_dishes_prop","mu_gamma[1]","pooled_mu_gamma",NA,"mu_gamma[1]",0.9764075231025,0.21329385,1.7890545,1.04992891750951,119.926386275042
"model_fits/finalized_redone_trunc/proportion/vegetarian/vegan_dishes_prop","mu_gamma[2]","pooled_mu_gamma",NA,"mu_gamma[2]",0.027632478219,-1.5976405,1.668073,1.00518521767044,333.442257196673
"model_fits/finalized_redone_trunc/proportion/vegetarian/vegetarian_dishes_count","mu_gamma[1]","pooled_mu_gamma",NA,"mu_gamma[1]",0.0634897960781,-0.0029978785,0.13001035,1.01351505101277,66.8388649223835
"model_fits/finalized_redone_trunc/proportion/vegetarian/vegetarian_dishes_count","mu_gamma[2]","pooled_mu_gamma",NA,"mu_gamma[2]",0.0168377172595,-1.6543065,1.699197,1.00343549940139,457.48287398296
"model_fits/finalized_redone_trunc/proportion/vegetarian/vegetarian_dishes_prop","mu_gamma[1]","pooled_mu_gamma",NA,"mu_gamma[1]",1.8860931210685,0.90462495,2.5259915,1.03788168003397,123.026403739536
"model_fits/finalized_redone_trunc/proportion/vegetarian/vegetarian_dishes_prop","mu_gamma[2]","pooled_mu_gamma",NA,"mu_gamma[2]",0.073673921145825,-1.590231,1.7157305,1.00140774683281,330.755947263645
"model_fits/finalized_redone_trunc/t2_its_targeted/breakfast_t2","mu_gamma[1]","pooled_mu_gamma",NA,"mu_gamma[1]",-0.176239037917333,-0.38085325,0.0390556399999998,1.13572199656446,20.2911074287118
"model_fits/finalized_redone_trunc/t2_its_targeted/breakfast_t2","mu_gamma[2]","pooled_mu_gamma",NA,"mu_gamma[2]",-0.0018446341749,-0.5099416,0.5138885,1.17352736837996,12.7503759021308
"model_fits/finalized_redone_trunc/t2_its_targeted/chicken_t2","mu_gamma[1]","pooled_mu_gamma",NA,"mu_gamma[1]",0.913786887634333,-0.39604695,2.05172,1.01359567793817,193.770182941458
"model_fits/finalized_redone_trunc/t2_its_targeted/chicken_t2","mu_gamma[2]","pooled_mu_gamma",NA,"mu_gamma[2]",-0.143936779595533,-1.037961,0.778209999999999,1.00489722787976,273.753822087718
"model_fits/finalized_redone_trunc/t2_its_targeted/dairy_t2","mu_gamma[1]","pooled_mu_gamma",NA,"mu_gamma[1]",0.518400135589,-0.38399945,1.423312,1.03478837522252,101.909620991679
"model_fits/finalized_redone_trunc/t2_its_targeted/dairy_t2","mu_gamma[2]","pooled_mu_gamma",NA,"mu_gamma[2]",-0.105061559352333,-0.797252,0.573067449999999,1.07430866183758,36.1851602620564
"model_fits/finalized_redone_trunc/t2_its_targeted/textured_t2","mu_gamma[1]","pooled_mu_gamma",NA,"mu_gamma[1]",0.452479521107333,-0.2080757,1.267826,1.66816498839986,4.85254206900665
"model_fits/finalized_redone_trunc/t2_its_targeted/textured_t2","mu_gamma[2]","pooled_mu_gamma",NA,"mu_gamma[2]",-0.301217781253967,-1.034218,0.38319255,1.36965432306293,7.25138388406878
"model_fits/finalized_redone_trunc/t2_its_targeted/untextured_t2","mu_gamma[1]","pooled_mu_gamma",NA,"mu_gamma[1]",0.651179597589667,-0.2896202,1.571497,1.06599765397623,46.6912984583135
"model_fits/finalized_redone_trunc/t2_its_targeted/untextured_t2","mu_gamma[2]","pooled_mu_gamma",NA,"mu_gamma[2]",-0.137493536368667,-0.6009902,0.23934365,1.10496452458467,28.4401434454597
"model_fits/finalized_redone_trunc/t2_its/chicken_fish","mu_gamma[1]","pooled_mu_gamma",NA,"mu_gamma[1]",0.0138767870051333,-0.18805905,0.22083535,1.13349842644907,18.8462203546077
"model_fits/finalized_redone_trunc/t2_its/chicken_fish","mu_gamma[2]","pooled_mu_gamma",NA,"mu_gamma[2]",0.467816205957667,0.15602705,0.7847307,1.03796914604619,50.9690407151888
"model_fits/finalized_redone_trunc/t2_its/meat","mu_gamma[1]","pooled_mu_gamma",NA,"mu_gamma[1]",-0.056100062927,-0.1952326,0.0510347,2.02189002625313,1.40662417050524
"model_fits/finalized_redone_trunc/t2_its/meat","mu_gamma[2]","pooled_mu_gamma",NA,"mu_gamma[2]",0.2173848110216,0.02681275,0.44929035,1.68192559144025,1.62910384893261
"model_fits/finalized_redone_trunc/t2_its/nonvegan","mu_gamma[1]","pooled_mu_gamma",NA,"mu_gamma[1]",0.0794643819,0.0529546,0.10341935,1.11876294874455,5.64216390537337
"model_fits/finalized_redone_trunc/t2_its/nonvegan","mu_gamma[2]","pooled_mu_gamma",NA,"mu_gamma[2]",0.328281549,0.29225305,0.373773,1.02190005558809,9.9992450122464
"model_fits/finalized_redone_trunc/t2_its/vegan","mu_gamma[1]","pooled_mu_gamma",NA,"mu_gamma[1]",0.187483462664,-0.1246024,0.44904495,1.04002359987779,15.3156264336368
"model_fits/finalized_redone_trunc/t2_its/vegan","mu_gamma[2]","pooled_mu_gamma",NA,"mu_gamma[2]",0.114433069728,0.01083225,0.2574586,1.09873305935545,43.1107127184188
"model_fits/finalized_redone_trunc/t2_its/vegetarian","mu_gamma[1]","pooled_mu_gamma",NA,"mu_gamma[1]",0.1153585447141,-0.11028195,0.42511665,1.22097268383495,11.7787782839776
"model_fits/finalized_redone_trunc/t2_its/vegetarian","mu_gamma[2]","pooled_mu_gamma",NA,"mu_gamma[2]",0.121339379375,0.02448875,0.22076535,1.01304501188119,33.1571399804258
"model_fits/finalized_redone_trunc/t2_proportion_targeted/breakfast_p/breakfast_dishes_count","mu_gamma[1]","pooled_mu_gamma",NA,"mu_gamma[1]",0.5123040990477,-0.32065845,1.3618325,1.03017608585881,42.76475907544
"model_fits/finalized_redone_trunc/t2_proportion_targeted/breakfast_p/breakfast_dishes_count","mu_gamma[2]","pooled_mu_gamma",NA,"mu_gamma[2]",-0.0562787153207,-1.775644,1.592858,1.00576260181205,344.367369415638
"model_fits/finalized_redone_trunc/t2_proportion_targeted/breakfast_p/breakfast_dishes_presence","mu_gamma[1]","pooled_mu_gamma",NA,"mu_gamma[1]",1.1902259651885,-0.028759435,2.296795,1.03929795693809,65.8682433762279
"model_fits/finalized_redone_trunc/t2_proportion_targeted/breakfast_p/breakfast_dishes_presence","mu_gamma[2]","pooled_mu_gamma",NA,"mu_gamma[2]",0.0025491729035,-1.6646025,1.6569505,1.0050295803272,434.847164996739
"model_fits/finalized_redone_trunc/t2_proportion_targeted/chicken_p/chicken_dishes_count","mu_gamma[1]","pooled_mu_gamma",NA,"mu_gamma[1]",0.07640822537945,-0.032418495,0.1972586,1.01474424609042,266.100151604366
"model_fits/finalized_redone_trunc/t2_proportion_targeted/chicken_p/chicken_dishes_count","mu_gamma[2]","pooled_mu_gamma",NA,"mu_gamma[2]",-0.03142728505,-1.709175,1.6307745,1.00214185955642,875.43108384
"model_fits/finalized_redone_trunc/t2_proportion_targeted/chicken_p/chicken_dishes_presence","mu_gamma[1]","pooled_mu_gamma",NA,"mu_gamma[1]",1.4410152729955,0.2450982,2.560991,1.0023350263566,568.710017583116
"model_fits/finalized_redone_trunc/t2_proportion_targeted/chicken_p/chicken_dishes_presence","mu_gamma[2]","pooled_mu_gamma",NA,"mu_gamma[2]",-0.0276456643243333,-1.6665505,1.575066,1.00100702079976,1385.6393498286
"model_fits/finalized_redone_trunc/t2_proportion_targeted/dairy_p/dairy_dishes_count","mu_gamma[1]","pooled_mu_gamma",NA,"mu_gamma[1]",0.082659815601,0.002032359,0.17675535,1.02207786911368,128.605178670947
"model_fits/finalized_redone_trunc/t2_proportion_targeted/dairy_p/dairy_dishes_count","mu_gamma[2]","pooled_mu_gamma",NA,"mu_gamma[2]",0.00931705549365,-1.5961375,1.650806,1.00584324068793,393.443214124774
"model_fits/finalized_redone_trunc/t2_proportion_targeted/dairy_p/dairy_dishes_presence","mu_gamma[1]","pooled_mu_gamma",NA,"mu_gamma[1]",0.905179284945167,0.2446645,1.63546,1.0107209270943,216.5171134857
"model_fits/finalized_redone_trunc/t2_proportion_targeted/dairy_p/dairy_dishes_presence","mu_gamma[2]","pooled_mu_gamma",NA,"mu_gamma[2]",0.0205072538660667,-1.66423,1.671111,1.00381581452456,708.654939551183
"model_fits/finalized_redone_trunc/t2_proportion_targeted/egg_p/egg_dishes_count","mu_gamma[1]","pooled_mu_gamma",NA,"mu_gamma[1]",0.0551692274891667,0.01272107,0.10453825,1.03273005007463,123.022897230832
"model_fits/finalized_redone_trunc/t2_proportion_targeted/egg_p/egg_dishes_count","mu_gamma[2]","pooled_mu_gamma",NA,"mu_gamma[2]",-0.022159555189,-1.684097,1.567052,1.00613449226009,377.430176064996
"model_fits/finalized_redone_trunc/t2_proportion_targeted/egg_p/egg_dishes_presence","mu_gamma[1]","pooled_mu_gamma",NA,"mu_gamma[1]",0.12987100307465,-0.067159685,0.42286955,1.02033701124177,132.125810311368
"model_fits/finalized_redone_trunc/t2_proportion_targeted/egg_p/egg_dishes_presence","mu_gamma[2]","pooled_mu_gamma",NA,"mu_gamma[2]",0.0819890259932167,-1.595212,1.693308,1.01691526228878,260.015329171015
"model_fits/finalized_redone_trunc/t2_proportion_targeted/textured_p/textured_dishes_count","mu_gamma[1]","pooled_mu_gamma",NA,"mu_gamma[1]",0.438552615695667,-0.2211732,1.0623125,1.00542763554283,571.853539034221
"model_fits/finalized_redone_trunc/t2_proportion_targeted/textured_p/textured_dishes_count","mu_gamma[2]","pooled_mu_gamma",NA,"mu_gamma[2]",-0.00706274150433333,-1.64123,1.601737,1.00095638025012,1860.86404917531
"model_fits/finalized_redone_trunc/t2_proportion_targeted/textured_p/textured_dishes_presence","mu_gamma[1]","pooled_mu_gamma",NA,"mu_gamma[1]",0.623220499838667,-0.6014921,1.7382715,1.00692726283197,656.873367132711
"model_fits/finalized_redone_trunc/t2_proportion_targeted/textured_p/textured_dishes_presence","mu_gamma[2]","pooled_mu_gamma",NA,"mu_gamma[2]",0.000872462771666667,-1.6684655,1.6607105,1.00114077066432,1216.51796887825
"model_fits/finalized_redone_trunc/t2_proportion_targeted/untextured_p/untextured_dishes_count","mu_gamma[1]","pooled_mu_gamma",NA,"mu_gamma[1]",0.236038472551333,0.071232515,0.59964775,1.02174494963019,170.447721058481
"model_fits/finalized_redone_trunc/t2_proportion_targeted/untextured_p/untextured_dishes_count","mu_gamma[2]","pooled_mu_gamma",NA,"mu_gamma[2]",-0.00929420101516667,-1.635378,1.6389165,1.00128542984411,1692.25081830851
"model_fits/finalized_redone_trunc/t2_proportion_targeted/untextured_p/untextured_dishes_presence","mu_gamma[1]","pooled_mu_gamma",NA,"mu_gamma[1]",1.62343846575,0.794649,2.3967995,1.01196527918298,338.415655139391
"model_fits/finalized_redone_trunc/t2_proportion_targeted/untextured_p/untextured_dishes_presence","mu_gamma[2]","pooled_mu_gamma",NA,"mu_gamma[2]",-0.000828685448666666,-1.636516,1.634374,1.00120056429029,1282.55214065745
"model_fits/finalized_redone_trunc/t2_proportion/vegan/mpbamod_dishes_count","mu_gamma[1]","pooled_mu_gamma",NA,"mu_gamma[1]",0.0504940597854,-0.01014229,0.11710325,1.0216551946903,109.510942147192
"model_fits/finalized_redone_trunc/t2_proportion/vegan/mpbamod_dishes_count","mu_gamma[2]","pooled_mu_gamma",NA,"mu_gamma[2]",-0.0346304249269,-1.611527,1.5868175,1.00310436716375,880.559362625544
"model_fits/finalized_redone_trunc/t2_proportion/vegan/mpbamod_dishes_prop","mu_gamma[1]","pooled_mu_gamma",NA,"mu_gamma[1]",0.01866406673325,-1.086384,1.209568,1.010702546537,302.454770865618
"model_fits/finalized_redone_trunc/t2_proportion/vegan/mpbamod_dishes_prop","mu_gamma[2]","pooled_mu_gamma",NA,"mu_gamma[2]",0.028201796996525,-1.6320325,1.6627595,1.00256334543065,1418.82291249719
"model_fits/finalized_redone_trunc/t2_proportion/vegan/vegan_dishes_count","mu_gamma[1]","pooled_mu_gamma",NA,"mu_gamma[1]",0.13091625571025,0.067156645,0.20101705,1.0050888444834,155.042173643724
"model_fits/finalized_redone_trunc/t2_proportion/vegan/vegan_dishes_count","mu_gamma[2]","pooled_mu_gamma",NA,"mu_gamma[2]",-0.05510796699525,-1.6148345,1.567386,1.00213657577555,1105.87442167057
"model_fits/finalized_redone_trunc/t2_proportion/vegan/vegan_dishes_prop","mu_gamma[1]","pooled_mu_gamma",NA,"mu_gamma[1]",1.2959158723925,0.4481451,2.0961315,1.00467684333929,329.494748458328
"model_fits/finalized_redone_trunc/t2_proportion/vegan/vegan_dishes_prop","mu_gamma[2]","pooled_mu_gamma",NA,"mu_gamma[2]",-0.0029596115275,-1.625018,1.6423515,1.00089098026712,1243.15185869459
"model_fits/finalized_redone_trunc/t2_proportion/vegan/vegetarian_dishes_count","mu_gamma[1]","pooled_mu_gamma",NA,"mu_gamma[1]",0.053477145876725,0.014800515,0.09251644,1.01591069401392,81.7138886893358
"model_fits/finalized_redone_trunc/t2_proportion/vegan/vegetarian_dishes_count","mu_gamma[2]","pooled_mu_gamma",NA,"mu_gamma[2]",0.00344456503075,-1.6321375,1.6864895,1.00013397209945,813.032298767055
"model_fits/finalized_redone_trunc/t2_proportion/vegan/vegetarian_dishes_prop","mu_gamma[1]","pooled_mu_gamma",NA,"mu_gamma[1]",0.308482515399375,-0.33036625,0.9598696,1.00386486160666,192.927656061289
"model_fits/finalized_redone_trunc/t2_proportion/vegan/vegetarian_dishes_prop","mu_gamma[2]","pooled_mu_gamma",NA,"mu_gamma[2]",0.03227088015225,-1.6737515,1.770898,1.00371060868595,668.526064067847
"model_fits/finalized_redone_trunc/t2_proportion/vegetarian/mpbamod_dishes_count","mu_gamma[1]","pooled_mu_gamma",NA,"mu_gamma[1]",0.0334153247142725,-0.01773131,0.08490107,1.00986550584983,94.7727169786841
"model_fits/finalized_redone_trunc/t2_proportion/vegetarian/mpbamod_dishes_count","mu_gamma[2]","pooled_mu_gamma",NA,"mu_gamma[2]",-0.0055481052715,-1.6058775,1.59789,1.01008984781889,390.002413777892
"model_fits/finalized_redone_trunc/t2_proportion/vegetarian/mpbamod_dishes_prop","mu_gamma[1]","pooled_mu_gamma",NA,"mu_gamma[1]",-0.16873037840945,-1.0607435,0.799247,1.02611729398468,102.047572958018
"model_fits/finalized_redone_trunc/t2_proportion/vegetarian/mpbamod_dishes_prop","mu_gamma[2]","pooled_mu_gamma",NA,"mu_gamma[2]",-0.06693766961975,-1.6830475,1.5148625,1.0046397739191,595.700979919753
"model_fits/finalized_redone_trunc/t2_proportion/vegetarian/vegan_dishes_count","mu_gamma[1]","pooled_mu_gamma",NA,"mu_gamma[1]",0.0941738831475,0.051243485,0.1378226,1.00211710872981,99.38364218815
"model_fits/finalized_redone_trunc/t2_proportion/vegetarian/vegan_dishes_count","mu_gamma[2]","pooled_mu_gamma",NA,"mu_gamma[2]",-0.09131300721025,-1.767358,1.5912445,1.00699890535007,562.191099946147
"model_fits/finalized_redone_trunc/t2_proportion/vegetarian/vegan_dishes_prop","mu_gamma[1]","pooled_mu_gamma",NA,"mu_gamma[1]",0.858792870625,0.39587945,1.3367985,1.00214940861979,204.540608233417
"model_fits/finalized_redone_trunc/t2_proportion/vegetarian/vegan_dishes_prop","mu_gamma[2]","pooled_mu_gamma",NA,"mu_gamma[2]",0.03367129416775,-1.547094,1.7224495,1.00128434160443,475.568002745394
"model_fits/finalized_redone_trunc/t2_proportion/vegetarian/vegetarian_dishes_count","mu_gamma[1]","pooled_mu_gamma",NA,"mu_gamma[1]",0.052185935187425,0.019311545,0.082127245,1.04278265808056,80.0052510773866
"model_fits/finalized_redone_trunc/t2_proportion/vegetarian/vegetarian_dishes_count","mu_gamma[2]","pooled_mu_gamma",NA,"mu_gamma[2]",0.002076913726,-1.656945,1.59162,1.00560916764471,841.301076892998
"model_fits/finalized_redone_trunc/t2_proportion/vegetarian/vegetarian_dishes_prop","mu_gamma[1]","pooled_mu_gamma",NA,"mu_gamma[1]",0.809491516764,0.2456772,1.343074,1.01601935396981,156.274256872195
"model_fits/finalized_redone_trunc/t2_proportion/vegetarian/vegetarian_dishes_prop","mu_gamma[2]","pooled_mu_gamma",NA,"mu_gamma[2]",0.043500834399175,-1.622844,1.6830715,1.00293778552682,601.134148832889
"model_fits/finalized_redone_zi/its_targeted/breakfast","mu_gamma[1]","pooled_mu_gamma",NA,"mu_gamma[1]",-0.143983229421633,-0.3754639,0.0917207149999995,1.00636887813365,568.887734742292
"model_fits/finalized_redone_zi/its_targeted/breakfast","mu_gamma[2]","pooled_mu_gamma",NA,"mu_gamma[2]",-0.2797508842888,-0.80591315,0.2866509,1.00372819884017,559.054190333086
"model_fits/finalized_redone_zi/its_targeted/textured","mu_gamma[1]","pooled_mu_gamma",NA,"mu_gamma[1]",0.216214204,0.16034075,0.2636537,1.23926767132525,6.799555541922
"model_fits/finalized_redone_zi/its_targeted/textured","mu_gamma[2]","pooled_mu_gamma",NA,"mu_gamma[2]",-0.3842579990761,-0.8744645,0.0188559599999997,1.08077049095544,23.665957174473
"model_fits/finalized_redone_zi/its_targeted/untextured","mu_gamma[1]","pooled_mu_gamma",NA,"mu_gamma[1]",0.0785940812688333,-0.2243257,0.440103449999999,1.14295316703015,10.5883537094562
"model_fits/finalized_redone_zi/its_targeted/untextured","mu_gamma[2]","pooled_mu_gamma",NA,"mu_gamma[2]",0.275243686113,-0.50656045,1.0482375,1.62331034721703,3.43891124873976
"model_fits/finalized_redone_zi/its/chicken_fish","mu_gamma[1]","pooled_mu_gamma",NA,"mu_gamma[1]",-0.0801447331820667,-0.34817205,0.1751591,1.0693021858397,28.9814277289842
"model_fits/finalized_redone_zi/its/chicken_fish","mu_gamma[2]","pooled_mu_gamma",NA,"mu_gamma[2]",0.631564435887667,0.1938773,1.057782,1.10097567511454,26.8870635705479
"model_fits/finalized_redone_zi/its/meat","mu_gamma[1]","pooled_mu_gamma",NA,"mu_gamma[1]",0.0133940760084667,-0.099524845,0.1463419,1.14917992585782,21.6056490767825
"model_fits/finalized_redone_zi/its/meat","mu_gamma[2]","pooled_mu_gamma",NA,"mu_gamma[2]",0.301676401177333,-0.03970847,0.58231305,1.03988729573952,22.7964118319696
"model_fits/finalized_redone_zi/its/nonvegan","mu_gamma[1]","pooled_mu_gamma",NA,"mu_gamma[1]",0.0395678337183333,-0.11293655,0.1568461,1.02900453388918,43.1404174838108
"model_fits/finalized_redone_zi/its/nonvegan","mu_gamma[2]","pooled_mu_gamma",NA,"mu_gamma[2]",0.44463076194,0.060658565,0.6711709,1.11442101421542,18.9260904276352
"model_fits/finalized_redone_zi/its/total","mu_gamma[1]","pooled_mu_gamma",NA,"mu_gamma[1]",0.0309642543182,-0.1055553,0.1371706,1.00039073485016,65.3860928058187
"model_fits/finalized_redone_zi/its/total","mu_gamma[2]","pooled_mu_gamma",NA,"mu_gamma[2]",0.47130127112,0.15162985,0.80315485,1.03019435939948,13.0756574587491
"model_fits/finalized_redone_zi/its/vegan","mu_gamma[1]","pooled_mu_gamma",NA,"mu_gamma[1]",0.115348226805667,-0.0040311915,0.25003945,1.18234892887231,3.98270185188749
"model_fits/finalized_redone_zi/its/vegan","mu_gamma[2]","pooled_mu_gamma",NA,"mu_gamma[2]",0.215085695533333,0.11815045,0.3417343,1.05440805301726,15.8017082251395
"model_fits/finalized_redone_zi/its/vegetarian","mu_gamma[1]","pooled_mu_gamma",NA,"mu_gamma[1]",0.0626763641446667,-0.06335543,0.153734,1.04031078925785,12.1036461665158
"model_fits/finalized_redone_zi/its/vegetarian","mu_gamma[2]","pooled_mu_gamma",NA,"mu_gamma[2]",0.511646038666667,0.39042425,0.58928205,1.50320221087736,1.87850291596285
"model_fits/finalized_redone_zi/proportion_targeted/breakfast_p/breakfast_dishes_count","mu_gamma[1]","pooled_mu_gamma",NA,"mu_gamma[1]",-0.06500416332605,-0.2405885,0.0922767049999999,1.00217177435891,722.998763799443
"model_fits/finalized_redone_zi/proportion_targeted/breakfast_p/breakfast_dishes_count","mu_gamma[2]","pooled_mu_gamma",NA,"mu_gamma[2]",-0.0330117050786667,-1.7955495,1.6763635,1.0010912843037,2232.69410215437
"model_fits/finalized_redone_zi/proportion_targeted/breakfast_p/breakfast_dishes_presence","mu_gamma[1]","pooled_mu_gamma",NA,"mu_gamma[1]",-0.239994869274667,-0.61504665,0.206025099999999,1.00073557620006,576.545838764097
"model_fits/finalized_redone_zi/proportion_targeted/breakfast_p/breakfast_dishes_presence","mu_gamma[2]","pooled_mu_gamma",NA,"mu_gamma[2]",-0.0290816032656667,-1.8720655,1.6573285,1.0018625494367,693.392453988835
"model_fits/finalized_redone_zi/proportion_targeted/chicken_p/chicken_dishes_count","mu_gamma[1]","pooled_mu_gamma",NA,"mu_gamma[1]",0.109892295264533,-0.1762936,0.4145664,1.02669633249637,352.118555684154
"model_fits/finalized_redone_zi/proportion_targeted/chicken_p/chicken_dishes_count","mu_gamma[2]","pooled_mu_gamma",NA,"mu_gamma[2]",0.0327495485923333,-1.591168,1.6578465,1.00031975678825,782.145819819463
"model_fits/finalized_redone_zi/proportion_targeted/chicken_p/chicken_dishes_presence","mu_gamma[1]","pooled_mu_gamma",NA,"mu_gamma[1]",0.343511056697333,-0.22121895,0.939307999999999,1.00691250839008,111.123627149621
"model_fits/finalized_redone_zi/proportion_targeted/chicken_p/chicken_dishes_presence","mu_gamma[2]","pooled_mu_gamma",NA,"mu_gamma[2]",0.03610627129,-1.576043,1.605119,1.00703355521173,285.35757977432
"model_fits/finalized_redone_zi/proportion_targeted/dairy_p/dairy_dishes_presence","mu_gamma[1]","pooled_mu_gamma",NA,"mu_gamma[1]",0.0712955909801333,-0.47035435,0.67496155,1.00610400770193,340.317370594172
"model_fits/finalized_redone_zi/proportion_targeted/dairy_p/dairy_dishes_presence","mu_gamma[2]","pooled_mu_gamma",NA,"mu_gamma[2]",-0.0455795246426667,-1.6954,1.541655,1.00148231762613,651.332117738256
"model_fits/finalized_redone_zi/proportion_targeted/egg_p/egg_dishes_count","mu_gamma[1]","pooled_mu_gamma",NA,"mu_gamma[1]",0.0239585767639,-0.208375,0.19905355,1.00149476103544,355.608142865186
"model_fits/finalized_redone_zi/proportion_targeted/egg_p/egg_dishes_count","mu_gamma[2]","pooled_mu_gamma",NA,"mu_gamma[2]",0.0202293423173333,-1.645758,1.697215,1.00021572300307,1109.44652141247
"model_fits/finalized_redone_zi/proportion_targeted/egg_p/egg_dishes_presence","mu_gamma[1]","pooled_mu_gamma",NA,"mu_gamma[1]",0.0122236536063333,-0.55646825,0.42037795,1.05219854134624,44.4114045937325
"model_fits/finalized_redone_zi/proportion_targeted/egg_p/egg_dishes_presence","mu_gamma[2]","pooled_mu_gamma",NA,"mu_gamma[2]",-0.0133159992913333,-1.74786,1.607085,1.00322211524368,92.3944605079644
"model_fits/finalized_redone_zi/proportion_targeted/untextured_p/untextured_dishes_count","mu_gamma[1]","pooled_mu_gamma",NA,"mu_gamma[1]",0.100849925347033,0.02983626,0.18889875,1.13919931996491,25.648420485409
"model_fits/finalized_redone_zi/proportion_targeted/untextured_p/untextured_dishes_count","mu_gamma[2]","pooled_mu_gamma",NA,"mu_gamma[2]",0.0896808605003333,-1.1905295,1.964729,1.08086941766745,18.1399587240683
"model_fits/finalized_redone_zi/proportion_targeted/untextured_p/untextured_dishes_presence","mu_gamma[1]","pooled_mu_gamma",NA,"mu_gamma[1]",0.100849925347033,0.02983626,0.18889875,1.13919931996491,25.648420485409
"model_fits/finalized_redone_zi/proportion_targeted/untextured_p/untextured_dishes_presence","mu_gamma[2]","pooled_mu_gamma",NA,"mu_gamma[2]",0.0896808605003333,-1.1905295,1.964729,1.08086941766745,18.1399587240683
"model_fits/finalized_redone_zi/proportion/chicken_fish/mpbamod_dishes_count","mu_gamma[1]","pooled_mu_gamma",NA,"mu_gamma[1]",-0.0200188766914133,-0.08758766,0.02489023,0.999699059119936,441.668924779678
"model_fits/finalized_redone_zi/proportion/chicken_fish/mpbamod_dishes_count","mu_gamma[2]","pooled_mu_gamma",NA,"mu_gamma[2]",-0.0210844598686667,-1.7952065,1.6498445,0.999860964201239,1074.05427388534
"model_fits/finalized_redone_zi/proportion/chicken_fish/mpbamod_dishes_prop","mu_gamma[1]","pooled_mu_gamma",NA,"mu_gamma[1]",-1.3705366948,-2.1438705,-0.5949559,1.00116372041172,588.666322571932
"model_fits/finalized_redone_zi/proportion/chicken_fish/mpbamod_dishes_prop","mu_gamma[2]","pooled_mu_gamma",NA,"mu_gamma[2]",0.0134530116266667,-1.6729225,1.702423,1.00039837722268,986.186545800612
"model_fits/finalized_redone_zi/proportion/chicken_fish/vegan_dishes_count","mu_gamma[1]","pooled_mu_gamma",NA,"mu_gamma[1]",0.147941245385333,-0.06124108,0.36477945,0.999493948738576,312.159838559447
"model_fits/finalized_redone_zi/proportion/chicken_fish/vegan_dishes_count","mu_gamma[2]","pooled_mu_gamma",NA,"mu_gamma[2]",0.00529018652,-1.584817,1.7081215,1.00133209826722,905.215252076904
"model_fits/finalized_redone_zi/proportion/chicken_fish/vegan_dishes_prop","mu_gamma[1]","pooled_mu_gamma",NA,"mu_gamma[1]",0.1023735935926,-0.68553375,0.90590035,1.0058639581872,688.774556216316
"model_fits/finalized_redone_zi/proportion/chicken_fish/vegan_dishes_prop","mu_gamma[2]","pooled_mu_gamma",NA,"mu_gamma[2]",0.0308765085266667,-1.7319955,1.6785405,0.999456421488595,1354.74619470202
"model_fits/finalized_redone_zi/proportion/chicken_fish/vegetarian_dishes_count","mu_gamma[1]","pooled_mu_gamma",NA,"mu_gamma[1]",0.0921245254616667,-0.007842565,0.21562185,1.00189627938556,288.076828102514
"model_fits/finalized_redone_zi/proportion/chicken_fish/vegetarian_dishes_count","mu_gamma[2]","pooled_mu_gamma",NA,"mu_gamma[2]",0.0225857921933333,-1.7441425,1.8064995,1.00036319541724,941.849748355742
"model_fits/finalized_redone_zi/proportion/chicken_fish/vegetarian_dishes_prop","mu_gamma[1]","pooled_mu_gamma",NA,"mu_gamma[1]",-0.276820161618667,-1.251676,0.6840156,1.00103875902399,859.191921044928
"model_fits/finalized_redone_zi/proportion/chicken_fish/vegetarian_dishes_prop","mu_gamma[2]","pooled_mu_gamma",NA,"mu_gamma[2]",-0.00968830386733333,-1.6019605,1.66129,0.999569665778601,1276.27410129098
"model_fits/finalized_redone_zi/proportion/meat/mpbamod_dishes_count","mu_gamma[1]","pooled_mu_gamma",NA,"mu_gamma[1]",-0.0080653248414,-0.11492195,0.088914655,1.00472529796601,261.615573055943
"model_fits/finalized_redone_zi/proportion/meat/mpbamod_dishes_count","mu_gamma[2]","pooled_mu_gamma",NA,"mu_gamma[2]",-0.0145352884133333,-1.5871745,1.5696555,1.00010604618119,1258.64420017157
"model_fits/finalized_redone_zi/proportion/meat/mpbamod_dishes_prop","mu_gamma[1]","pooled_mu_gamma",NA,"mu_gamma[1]",-0.149958662012667,-0.943698,0.5867903,0.999381074476664,509.110857769388
"model_fits/finalized_redone_zi/proportion/meat/mpbamod_dishes_prop","mu_gamma[2]","pooled_mu_gamma",NA,"mu_gamma[2]",-0.00631404974,-1.6484745,1.630918,1.00124086055918,1326.06837568192
"model_fits/finalized_redone_zi/proportion/meat/vegan_dishes_count","mu_gamma[1]","pooled_mu_gamma",NA,"mu_gamma[1]",0.178178810934667,-0.10384425,0.4620362,1.00039972371294,194.48941393966
"model_fits/finalized_redone_zi/proportion/meat/vegan_dishes_count","mu_gamma[2]","pooled_mu_gamma",NA,"mu_gamma[2]",-0.0154454492366667,-1.6170575,1.568391,1.00165493529826,1235.50050341608
"model_fits/finalized_redone_zi/proportion/meat/vegan_dishes_prop","mu_gamma[1]","pooled_mu_gamma",NA,"mu_gamma[1]",0.001624065548,-0.7989763,0.763813,0.999688518431796,322.05761048343
"model_fits/finalized_redone_zi/proportion/meat/vegan_dishes_prop","mu_gamma[2]","pooled_mu_gamma",NA,"mu_gamma[2]",-0.02083579702,-1.7518575,1.6486465,0.999698513290639,689.115338399515
"model_fits/finalized_redone_zi/proportion/meat/vegetarian_dishes_count","mu_gamma[1]","pooled_mu_gamma",NA,"mu_gamma[1]",0.0178817677273267,-0.04431391,0.06928257,1.00269133092744,102.799010962691
"model_fits/finalized_redone_zi/proportion/meat/vegetarian_dishes_count","mu_gamma[2]","pooled_mu_gamma",NA,"mu_gamma[2]",0.04137817453,-1.614248,1.646605,1.00018263909917,572.734885723086
"model_fits/finalized_redone_zi/proportion/meat/vegetarian_dishes_prop","mu_gamma[1]","pooled_mu_gamma",NA,"mu_gamma[1]",-0.544668888804,-1.2719895,0.21318185,0.999467216911161,518.935353391167
"model_fits/finalized_redone_zi/proportion/meat/vegetarian_dishes_prop","mu_gamma[2]","pooled_mu_gamma",NA,"mu_gamma[2]",0.0424080361466667,-1.4747955,1.594706,1.00193894278843,1023.64597218975
"model_fits/finalized_redone_zi/proportion/nonvegan/mpbamod_dishes_count","mu_gamma[1]","pooled_mu_gamma",NA,"mu_gamma[1]",0.00137197478913333,-0.1482513,0.15103125,1.00197994067292,237.092377095325
"model_fits/finalized_redone_zi/proportion/nonvegan/mpbamod_dishes_count","mu_gamma[2]","pooled_mu_gamma",NA,"mu_gamma[2]",0.0142538780326667,-1.7638915,1.637266,0.999422772779227,1898.08742851702
"model_fits/finalized_redone_zi/proportion/nonvegan/mpbamod_dishes_prop","mu_gamma[1]","pooled_mu_gamma",NA,"mu_gamma[1]",-0.346397716649439,-1.2233735,0.5261137,1.00147188456528,203.959240619319
"model_fits/finalized_redone_zi/proportion/nonvegan/mpbamod_dishes_prop","mu_gamma[2]","pooled_mu_gamma",NA,"mu_gamma[2]",0.0262704493,-1.6457665,1.743693,1.00265228006259,928.71777224967
"model_fits/finalized_redone_zi/proportion/nonvegan/vegan_dishes_count","mu_gamma[1]","pooled_mu_gamma",NA,"mu_gamma[1]",0.197789216065333,-0.02778897,0.4218516,1.0152926721129,159.243767663409
"model_fits/finalized_redone_zi/proportion/nonvegan/vegan_dishes_count","mu_gamma[2]","pooled_mu_gamma",NA,"mu_gamma[2]",-0.0596189591666667,-1.698975,1.634591,1.00042865185629,747.952116159101
"model_fits/finalized_redone_zi/proportion/nonvegan/vegan_dishes_prop","mu_gamma[1]","pooled_mu_gamma",NA,"mu_gamma[1]",0.74517399956,0.084132005,1.4091235,0.99981338686331,421.052776977897
"model_fits/finalized_redone_zi/proportion/nonvegan/vegan_dishes_prop","mu_gamma[2]","pooled_mu_gamma",NA,"mu_gamma[2]",-0.009776842356,-1.570257,1.5786195,0.99999182536257,891.074193539424
"model_fits/finalized_redone_zi/proportion/nonvegan/vegetarian_dishes_count","mu_gamma[1]","pooled_mu_gamma",NA,"mu_gamma[1]",0.042437052052,-0.01840041,0.10501295,1.00350740859919,126.322195314602
"model_fits/finalized_redone_zi/proportion/nonvegan/vegetarian_dishes_count","mu_gamma[2]","pooled_mu_gamma",NA,"mu_gamma[2]",-0.0532182975646667,-1.7175555,1.5489355,1.00330058627814,706.947342617948
"model_fits/finalized_redone_zi/proportion/nonvegan/vegetarian_dishes_prop","mu_gamma[1]","pooled_mu_gamma",NA,"mu_gamma[1]",0.594608766892,-0.050957555,1.15231,1.00431427441995,626.085099494733
"model_fits/finalized_redone_zi/proportion/nonvegan/vegetarian_dishes_prop","mu_gamma[2]","pooled_mu_gamma",NA,"mu_gamma[2]",-0.0342491157413333,-1.6050695,1.5342085,0.999950713791156,1562.96335118922
"model_fits/finalized_redone_zi/proportion/total/mpbamod_dishes_count","mu_gamma[1]","pooled_mu_gamma",NA,"mu_gamma[1]",0.016302607878,-0.12154025,0.13558545,1.03325198291808,216.480103447665
"model_fits/finalized_redone_zi/proportion/total/mpbamod_dishes_count","mu_gamma[2]","pooled_mu_gamma",NA,"mu_gamma[2]",-0.00332302384666667,-1.6729895,1.7061625,1.00115001510272,1946.73673359999
"model_fits/finalized_redone_zi/proportion/total/mpbamod_dishes_prop","mu_gamma[1]","pooled_mu_gamma",NA,"mu_gamma[1]",0.109636113095667,-0.82265515,0.87496175,1.24293231575573,6.52278521472439
"model_fits/finalized_redone_zi/proportion/total/mpbamod_dishes_prop","mu_gamma[2]","pooled_mu_gamma",NA,"mu_gamma[2]",0.00739930393066667,-1.630207,1.587525,1.00085342756817,3135.30489925917
"model_fits/finalized_redone_zi/proportion/total/vegan_dishes_count","mu_gamma[1]","pooled_mu_gamma",NA,"mu_gamma[1]",0.187930543799767,-0.082330575,0.4354451,1.0062682462993,210.732250727101
"model_fits/finalized_redone_zi/proportion/total/vegan_dishes_count","mu_gamma[2]","pooled_mu_gamma",NA,"mu_gamma[2]",-0.0166528741537,-1.60724,1.611371,1.00283070396892,1392.63712706438
"model_fits/finalized_redone_zi/proportion/total/vegan_dishes_prop","mu_gamma[1]","pooled_mu_gamma",NA,"mu_gamma[1]",0.895596743370333,0.1860022,1.575141,1.01475012552416,838.733930029355
"model_fits/finalized_redone_zi/proportion/total/vegan_dishes_prop","mu_gamma[2]","pooled_mu_gamma",NA,"mu_gamma[2]",-0.02571459082,-1.6581615,1.568274,0.999695291534556,2719.72465757283
"model_fits/finalized_redone_zi/proportion/total/vegetarian_dishes_count","mu_gamma[1]","pooled_mu_gamma",NA,"mu_gamma[1]",0.0440627233059333,-0.000693615999999999,0.0890268449999999,1.0031386948298,480.258436823908
"model_fits/finalized_redone_zi/proportion/total/vegetarian_dishes_count","mu_gamma[2]","pooled_mu_gamma",NA,"mu_gamma[2]",-0.0108225209833333,-1.679053,1.649942,1.00112002310859,1930.4567794153
"model_fits/finalized_redone_zi/proportion/total/vegetarian_dishes_prop","mu_gamma[1]","pooled_mu_gamma",NA,"mu_gamma[1]",0.739543715610333,0.13173825,1.2267655,1.04412729099076,48.0721347795445
"model_fits/finalized_redone_zi/proportion/total/vegetarian_dishes_prop","mu_gamma[2]","pooled_mu_gamma",NA,"mu_gamma[2]",0.0300051524676667,-1.705451,1.6871915,1.00124282484593,2273.87261255239
"model_fits/finalized_redone_zi/proportion/vegan/mpbamod_dishes_count","mu_gamma[1]","pooled_mu_gamma",NA,"mu_gamma[1]",0.0310931685814667,-0.08988687,0.1620088,1.00055367582975,234.771039692966
"model_fits/finalized_redone_zi/proportion/vegan/mpbamod_dishes_count","mu_gamma[2]","pooled_mu_gamma",NA,"mu_gamma[2]",-0.024420090016,-1.644119,1.6885115,1.00014181921679,768.708881793584
"model_fits/finalized_redone_zi/proportion/vegan/mpbamod_dishes_prop","mu_gamma[1]","pooled_mu_gamma",NA,"mu_gamma[1]",-0.430694007153333,-1.264859,0.46029645,1.02751103586384,226.427523183427
"model_fits/finalized_redone_zi/proportion/vegan/mpbamod_dishes_prop","mu_gamma[2]","pooled_mu_gamma",NA,"mu_gamma[2]",-0.038507249468,-1.6709375,1.550753,0.99939824613105,1106.77909056438
"model_fits/finalized_redone_zi/proportion/vegan/vegan_dishes_count","mu_gamma[1]","pooled_mu_gamma",NA,"mu_gamma[1]",0.124700157226667,-0.03848845,0.2688557,1.03322430196801,79.2105215747462
"model_fits/finalized_redone_zi/proportion/vegan/vegan_dishes_count","mu_gamma[2]","pooled_mu_gamma",NA,"mu_gamma[2]",0.0285514706628,-1.6736395,1.5988225,1.00702521630717,451.61648512175
"model_fits/finalized_redone_zi/proportion/vegan/vegan_dishes_prop","mu_gamma[1]","pooled_mu_gamma",NA,"mu_gamma[1]",1.55560464066667,0.9147595,2.186669,0.999640459984728,706.822202185858
"model_fits/finalized_redone_zi/proportion/vegan/vegan_dishes_prop","mu_gamma[2]","pooled_mu_gamma",NA,"mu_gamma[2]",-0.003166433794,-1.610906,1.5299975,0.999600774764803,940.160417695237
"model_fits/finalized_redone_zi/proportion/vegan/vegetarian_dishes_count","mu_gamma[1]","pooled_mu_gamma",NA,"mu_gamma[1]",0.0599534578169333,-0.02164853,0.1356559,1.01581721623099,95.6357766964044
"model_fits/finalized_redone_zi/proportion/vegan/vegetarian_dishes_count","mu_gamma[2]","pooled_mu_gamma",NA,"mu_gamma[2]",-0.0567380051333333,-1.651489,1.504354,1.00388474956186,396.084179375595
"model_fits/finalized_redone_zi/proportion/vegan/vegetarian_dishes_prop","mu_gamma[1]","pooled_mu_gamma",NA,"mu_gamma[1]",1.11692321927333,0.52821635,1.7210075,1.00504570641576,276.590509922772
"model_fits/finalized_redone_zi/proportion/vegan/vegetarian_dishes_prop","mu_gamma[2]","pooled_mu_gamma",NA,"mu_gamma[2]",-0.011256742614,-1.7123685,1.572053,0.999530139940241,886.673581060421
"model_fits/finalized_redone_zi/proportion/vegetarian/mpbamod_dishes_count","mu_gamma[1]","pooled_mu_gamma",NA,"mu_gamma[1]",0.0397527045865333,-0.16585555,0.24705505,1.01028453355812,210.981764596636
"model_fits/finalized_redone_zi/proportion/vegetarian/mpbamod_dishes_count","mu_gamma[2]","pooled_mu_gamma",NA,"mu_gamma[2]",0.0203788452946667,-1.4867205,1.577475,1.00239755086138,1514.89007842457
"model_fits/finalized_redone_zi/proportion/vegetarian/mpbamod_dishes_prop","mu_gamma[1]","pooled_mu_gamma",NA,"mu_gamma[1]",-0.228227499476667,-1.202692,0.6628181,1.00037115937173,460.379654509489
"model_fits/finalized_redone_zi/proportion/vegetarian/mpbamod_dishes_prop","mu_gamma[2]","pooled_mu_gamma",NA,"mu_gamma[2]",-0.0605630889066667,-1.715024,1.5591235,0.999531477781867,1712.50742912248
"model_fits/finalized_redone_zi/proportion/vegetarian/vegan_dishes_count","mu_gamma[1]","pooled_mu_gamma",NA,"mu_gamma[1]",0.162733808896,0.00194532,0.33134265,1.00397919601507,157.881515301167
"model_fits/finalized_redone_zi/proportion/vegetarian/vegan_dishes_count","mu_gamma[2]","pooled_mu_gamma",NA,"mu_gamma[2]",-0.049779012276,-1.7782155,1.523213,1.00066225337945,996.203767759349
"model_fits/finalized_redone_zi/proportion/vegetarian/vegan_dishes_prop","mu_gamma[1]","pooled_mu_gamma",NA,"mu_gamma[1]",0.705275688199333,0.06512816,1.3910615,1.00277186356142,504.95514769235
"model_fits/finalized_redone_zi/proportion/vegetarian/vegan_dishes_prop","mu_gamma[2]","pooled_mu_gamma",NA,"mu_gamma[2]",-0.0164141290706667,-1.665524,1.552245,1.00195283814412,1050.78012411322
"model_fits/finalized_redone_zi/proportion/vegetarian/vegetarian_dishes_count","mu_gamma[1]","pooled_mu_gamma",NA,"mu_gamma[1]",0.0678567712646667,-0.0080131395,0.1451563,1.02152814944081,136.282599706235
"model_fits/finalized_redone_zi/proportion/vegetarian/vegetarian_dishes_count","mu_gamma[2]","pooled_mu_gamma",NA,"mu_gamma[2]",-0.054579318494,-1.6951065,1.600001,1.00032356746701,979.745569872558
"model_fits/finalized_redone_zi/proportion/vegetarian/vegetarian_dishes_prop","mu_gamma[1]","pooled_mu_gamma",NA,"mu_gamma[1]",1.73181377196733,1.019835,2.330307,0.99959154116715,611.037335794154
"model_fits/finalized_redone_zi/proportion/vegetarian/vegetarian_dishes_prop","mu_gamma[2]","pooled_mu_gamma",NA,"mu_gamma[2]",0.0180940875266667,-1.645374,1.6472035,1.00143103741342,1575.12501399543
"model_fits/finalized_redone_zi2/its_targeted/breakfast","mu_gamma[1]","pooled_mu_gamma",NA,"mu_gamma[1]",-0.176710114309633,-0.72243575,0.331089649999999,1.01528125458877,241.326146092104
"model_fits/finalized_redone_zi2/its_targeted/breakfast","mu_gamma[2]","pooled_mu_gamma",NA,"mu_gamma[2]",-0.237274929777,-1.0357725,0.591768749999997,1.02820930613504,163.047444335883
"model_fits/finalized_redone_zi2/its_targeted/textured","mu_gamma[1]","pooled_mu_gamma",NA,"mu_gamma[1]",0.207648143333333,0.15931695,0.2439564,1.07422325403663,32.0769553762166
"model_fits/finalized_redone_zi2/its_targeted/textured","mu_gamma[2]","pooled_mu_gamma",NA,"mu_gamma[2]",-0.529425762038667,-1.037149,0.1325995,1.60080066234945,3.44583496308027
"model_fits/finalized_redone_zi2/its_targeted/untextured","mu_gamma[1]","pooled_mu_gamma",NA,"mu_gamma[1]",0.0289399436493333,-0.269944,0.2055591,1.21090563292966,7.93246266180244
"model_fits/finalized_redone_zi2/its_targeted/untextured","mu_gamma[2]","pooled_mu_gamma",NA,"mu_gamma[2]",-0.0760893136314,-0.56990005,0.65701715,1.3123771170979,17.5885843083407
"model_fits/finalized_redone_zi2/its/chicken_fish","mu_gamma[1]","pooled_mu_gamma",NA,"mu_gamma[1]",-0.126426271904233,-0.6322996,0.2488144,1.14482681458242,12.1127068579236
"model_fits/finalized_redone_zi2/its/chicken_fish","mu_gamma[2]","pooled_mu_gamma",NA,"mu_gamma[2]",0.490965515928667,0.045109405,0.950807849999999,1.06640116363028,30.906825645899
"model_fits/finalized_redone_zi2/its/meat","mu_gamma[1]","pooled_mu_gamma",NA,"mu_gamma[1]",0.0102762518892,-0.1455956,0.096694935,1.16706955122045,22.35940307036
"model_fits/finalized_redone_zi2/its/meat","mu_gamma[2]","pooled_mu_gamma",NA,"mu_gamma[2]",0.3370375954062,-0.06773679,0.683072149999999,1.03248546916323,43.9490558500643
"model_fits/finalized_redone_zi2/its/nonvegan","mu_gamma[1]","pooled_mu_gamma",NA,"mu_gamma[1]",0.0205958704862233,-0.13230695,0.15371965,1.23522236884377,7.91130370957806
"model_fits/finalized_redone_zi2/its/nonvegan","mu_gamma[2]","pooled_mu_gamma",NA,"mu_gamma[2]",0.507490197903333,0.14049385,0.83059775,1.15350520313486,12.4495172650613
"model_fits/finalized_redone_zi2/its/total","mu_gamma[1]","pooled_mu_gamma",NA,"mu_gamma[1]",-0.0264847757473333,-0.1084855,0.039404025,1.14116460872151,4.67479818184176
"model_fits/finalized_redone_zi2/its/total","mu_gamma[2]","pooled_mu_gamma",NA,"mu_gamma[2]",0.508619798666667,0.3389333,0.67288855,1.12418465982833,8.18389519425338
"model_fits/finalized_redone_zi2/its/vegan","mu_gamma[1]","pooled_mu_gamma",NA,"mu_gamma[1]",0.160773689200667,-0.010446075,0.2935786,1.34835077081548,4.93140032792301
"model_fits/finalized_redone_zi2/its/vegan","mu_gamma[2]","pooled_mu_gamma",NA,"mu_gamma[2]",0.16919585289,-0.59297715,0.4715062,1.40508155822239,4.47864267383001
"model_fits/finalized_redone_zi2/its/vegetarian","mu_gamma[1]","pooled_mu_gamma",NA,"mu_gamma[1]",0.0707611283416667,-0.037325025,0.15858465,2.1823798068968,2.60078169632382
"model_fits/finalized_redone_zi2/its/vegetarian","mu_gamma[2]","pooled_mu_gamma",NA,"mu_gamma[2]",0.44810479937,0.11733715,0.80144165,1.53040980278402,4.08194039483689
"model_fits/finalized_redone_zi2/proportion_targeted/breakfast_p/breakfast_dishes_count","mu_gamma[1]","pooled_mu_gamma",NA,"mu_gamma[1]",-0.102913687921467,-0.37876265,0.162868399999999,1.00115384390479,622.510212034849
"model_fits/finalized_redone_zi2/proportion_targeted/breakfast_p/breakfast_dishes_count","mu_gamma[2]","pooled_mu_gamma",NA,"mu_gamma[2]",-0.00563710385666667,-1.6644885,1.67521,1.00002651916899,1970.44865165963
"model_fits/finalized_redone_zi2/proportion_targeted/breakfast_p/breakfast_dishes_presence","mu_gamma[1]","pooled_mu_gamma",NA,"mu_gamma[1]",-0.153873127623333,-0.9746487,0.87229765,1.01954959797314,393.2468794218
"model_fits/finalized_redone_zi2/proportion_targeted/breakfast_p/breakfast_dishes_presence","mu_gamma[2]","pooled_mu_gamma",NA,"mu_gamma[2]",0.0178701067133333,-1.6684105,1.6794955,1.00059103241326,1432.5941492843
"model_fits/finalized_redone_zi2/proportion_targeted/chicken_p/chicken_dishes_count","mu_gamma[1]","pooled_mu_gamma",NA,"mu_gamma[1]",-0.069736704817,-0.85547325,0.601887299999998,1.15111199665547,18.5770718648101
"model_fits/finalized_redone_zi2/proportion_targeted/chicken_p/chicken_dishes_count","mu_gamma[2]","pooled_mu_gamma",NA,"mu_gamma[2]",-0.11446523257648,-1.6085795,1.4989865,1.01828183468329,129.787434680992
"model_fits/finalized_redone_zi2/proportion_targeted/chicken_p/chicken_dishes_presence","mu_gamma[1]","pooled_mu_gamma",NA,"mu_gamma[1]",0.314267302377367,-0.87975045,1.431225,1.04157193308787,43.5249665128681
"model_fits/finalized_redone_zi2/proportion_targeted/chicken_p/chicken_dishes_presence","mu_gamma[2]","pooled_mu_gamma",NA,"mu_gamma[2]",-0.0801104675863333,-1.5822565,1.398514,1.03116085346557,75.7251111224098
"model_fits/finalized_redone_zi2/proportion_targeted/dairy_p/dairy_dishes_count","mu_gamma[1]","pooled_mu_gamma",NA,"mu_gamma[1]",0.0328139924038333,-0.013198235,0.0900836599999998,1.04660313808339,55.8749953238089
"model_fits/finalized_redone_zi2/proportion_targeted/dairy_p/dairy_dishes_count","mu_gamma[2]","pooled_mu_gamma",NA,"mu_gamma[2]",0.0742872500743333,-1.557984,1.72524,1.0047706553005,286.94645482686
"model_fits/finalized_redone_zi2/proportion_targeted/dairy_p/dairy_dishes_presence","mu_gamma[1]","pooled_mu_gamma",NA,"mu_gamma[1]",0.110609105124667,-0.8644297,1.2201265,1.07464588243558,40.1988298645414
"model_fits/finalized_redone_zi2/proportion_targeted/dairy_p/dairy_dishes_presence","mu_gamma[2]","pooled_mu_gamma",NA,"mu_gamma[2]",0.00560955279333333,-1.763901,1.681567,1.05518668057369,37.4156088524809
"model_fits/finalized_redone_zi2/proportion_targeted/egg_p/egg_dishes_count","mu_gamma[1]","pooled_mu_gamma",NA,"mu_gamma[1]",0.0387148715681,-0.26649405,0.369841949999999,1.10886464626385,20.8273477081224
"model_fits/finalized_redone_zi2/proportion_targeted/egg_p/egg_dishes_count","mu_gamma[2]","pooled_mu_gamma",NA,"mu_gamma[2]",0.136143987259667,-1.5425555,1.822833,1.03982479874504,183.812300457776
"model_fits/finalized_redone_zi2/proportion_targeted/egg_p/egg_dishes_presence","mu_gamma[1]","pooled_mu_gamma",NA,"mu_gamma[1]",0.0779737779687667,-1.0018835,1.3114495,1.00082581441463,207.860063295937
"model_fits/finalized_redone_zi2/proportion_targeted/egg_p/egg_dishes_presence","mu_gamma[2]","pooled_mu_gamma",NA,"mu_gamma[2]",-0.0717369651976667,-1.7010665,1.549234,1.00836597664573,287.922148998403
"model_fits/finalized_redone_zi2/proportion_targeted/untextured_p/untextured_dishes_count","mu_gamma[1]","pooled_mu_gamma",NA,"mu_gamma[1]",0.0957180550968333,0.024219815,0.20468895,1.52853536988395,3.82628347206458
"model_fits/finalized_redone_zi2/proportion_targeted/untextured_p/untextured_dishes_count","mu_gamma[2]","pooled_mu_gamma",NA,"mu_gamma[2]",0.225056223526333,-0.7600985,1.1745285,1.16806592510076,15.7211826042857
"model_fits/finalized_redone_zi2/proportion_targeted/untextured_p/untextured_dishes_presence","mu_gamma[1]","pooled_mu_gamma",NA,"mu_gamma[1]",0.10487272146,0.03587985,0.198191,1.24368578822217,6.52191864973322
"model_fits/finalized_redone_zi2/proportion_targeted/untextured_p/untextured_dishes_presence","mu_gamma[2]","pooled_mu_gamma",NA,"mu_gamma[2]",-0.0654301503406667,-1.431284,1.562854,1.05286406850275,17.3118255166309
"model_fits/finalized_redone_zi2/proportion/chicken_fish/mpbamod_dishes_count","mu_gamma[1]","pooled_mu_gamma",NA,"mu_gamma[1]",-0.0360956245285767,-0.1591868,0.03704242,1.00665247914344,314.003936193583
"model_fits/finalized_redone_zi2/proportion/chicken_fish/mpbamod_dishes_count","mu_gamma[2]","pooled_mu_gamma",NA,"mu_gamma[2]",-0.00192977400966667,-1.6428865,1.6324175,1.00039711637705,1462.80894528843
"model_fits/finalized_redone_zi2/proportion/chicken_fish/mpbamod_dishes_prop","mu_gamma[1]","pooled_mu_gamma",NA,"mu_gamma[1]",-1.045242868464,-2.244204,0.3470708,1.00741162180133,535.61097319093
"model_fits/finalized_redone_zi2/proportion/chicken_fish/mpbamod_dishes_prop","mu_gamma[2]","pooled_mu_gamma",NA,"mu_gamma[2]",0.0154867691978667,-1.6371215,1.69123,1.00099786734911,1950.76039688824
"model_fits/finalized_redone_zi2/proportion/chicken_fish/vegan_dishes_count","mu_gamma[1]","pooled_mu_gamma",NA,"mu_gamma[1]",0.138309282884333,-0.0889039749999999,0.3973739,1.00710245546885,253.221931635242
"model_fits/finalized_redone_zi2/proportion/chicken_fish/vegan_dishes_count","mu_gamma[2]","pooled_mu_gamma",NA,"mu_gamma[2]",0.00809272165033333,-1.6525935,1.671139,1.00013009536088,897.889557991267
"model_fits/finalized_redone_zi2/proportion/chicken_fish/vegan_dishes_prop","mu_gamma[1]","pooled_mu_gamma",NA,"mu_gamma[1]",0.182029953139467,-0.79327325,1.2051675,1.00294236485525,1046.19000029349
"model_fits/finalized_redone_zi2/proportion/chicken_fish/vegan_dishes_prop","mu_gamma[2]","pooled_mu_gamma",NA,"mu_gamma[2]",-0.00725360279,-1.5858815,1.62556,1.00115008082246,1704.45303884083
"model_fits/finalized_redone_zi2/proportion/chicken_fish/vegetarian_dishes_count","mu_gamma[1]","pooled_mu_gamma",NA,"mu_gamma[1]",0.09712229277961,-0.037080895,0.2482398,1.01477736336615,196.739782893206
"model_fits/finalized_redone_zi2/proportion/chicken_fish/vegetarian_dishes_count","mu_gamma[2]","pooled_mu_gamma",NA,"mu_gamma[2]",-0.0107457398047667,-1.684161,1.6177915,1.00031254492956,1111.87444044378
"model_fits/finalized_redone_zi2/proportion/chicken_fish/vegetarian_dishes_prop","mu_gamma[1]","pooled_mu_gamma",NA,"mu_gamma[1]",-0.282943970716667,-1.8197855,1.205568,1.00031888252191,462.07611161478
"model_fits/finalized_redone_zi2/proportion/chicken_fish/vegetarian_dishes_prop","mu_gamma[2]","pooled_mu_gamma",NA,"mu_gamma[2]",0.0235508586386667,-1.533153,1.5773295,1.00042250617535,773.02559915829
"model_fits/finalized_redone_zi2/proportion/meat/mpbamod_dishes_count","mu_gamma[1]","pooled_mu_gamma",NA,"mu_gamma[1]",0.0208874186873097,-0.05554676,0.085516845,1.01869033289191,389.870001122277
"model_fits/finalized_redone_zi2/proportion/meat/mpbamod_dishes_count","mu_gamma[2]","pooled_mu_gamma",NA,"mu_gamma[2]",0.0268984522796667,-1.629301,1.683418,1.00101396986471,1739.89899714922
"model_fits/finalized_redone_zi2/proportion/meat/mpbamod_dishes_prop","mu_gamma[1]","pooled_mu_gamma",NA,"mu_gamma[1]",0.06568379316383,-1.283308,1.0592305,1.25403243929772,6.285521905787
"model_fits/finalized_redone_zi2/proportion/meat/mpbamod_dishes_prop","mu_gamma[2]","pooled_mu_gamma",NA,"mu_gamma[2]",0.00712321757866667,-1.60248,1.7013555,1.00075776102375,1357.29567757711
"model_fits/finalized_redone_zi2/proportion/meat/vegan_dishes_count","mu_gamma[1]","pooled_mu_gamma",NA,"mu_gamma[1]",0.154213495607267,-0.14955895,0.46365415,1.01981915709819,117.610664277656
"model_fits/finalized_redone_zi2/proportion/meat/vegan_dishes_count","mu_gamma[2]","pooled_mu_gamma",NA,"mu_gamma[2]",0.0162941131701333,-1.602936,1.6331315,1.00135127369804,1507.45996655254
"model_fits/finalized_redone_zi2/proportion/meat/vegan_dishes_prop","mu_gamma[1]","pooled_mu_gamma",NA,"mu_gamma[1]",-0.0208529805393333,-1.1505315,1.124594,1.00009881386212,711.988346132555
"model_fits/finalized_redone_zi2/proportion/meat/vegan_dishes_prop","mu_gamma[2]","pooled_mu_gamma",NA,"mu_gamma[2]",0.0014669825481,-1.658552,1.6479805,1.0032113554842,1818.26684076758
"model_fits/finalized_redone_zi2/proportion/meat/vegetarian_dishes_count","mu_gamma[1]","pooled_mu_gamma",NA,"mu_gamma[1]",0.0233209569499333,-0.01560483,0.064293765,1.00368420771397,408.27465890585
"model_fits/finalized_redone_zi2/proportion/meat/vegetarian_dishes_count","mu_gamma[2]","pooled_mu_gamma",NA,"mu_gamma[2]",0.041173227905,-1.6773785,1.718969,1.0003445615701,1181.62784926681
"model_fits/finalized_redone_zi2/proportion/meat/vegetarian_dishes_prop","mu_gamma[1]","pooled_mu_gamma",NA,"mu_gamma[1]",-0.474867858086267,-1.487827,0.619345649999999,1.00058660459222,838.998244832399
"model_fits/finalized_redone_zi2/proportion/meat/vegetarian_dishes_prop","mu_gamma[2]","pooled_mu_gamma",NA,"mu_gamma[2]",0.032395471399,-1.550585,1.6089335,1.0006301137699,2897.45324399382
"model_fits/finalized_redone_zi2/proportion/nonvegan/mpbamod_dishes_count","mu_gamma[1]","pooled_mu_gamma",NA,"mu_gamma[1]",0.0314550313236,-0.07531759,0.13178945,1.00522122487778,561.700475648247
"model_fits/finalized_redone_zi2/proportion/nonvegan/mpbamod_dishes_count","mu_gamma[2]","pooled_mu_gamma",NA,"mu_gamma[2]",-0.0216098031173333,-1.6397845,1.6489115,0.999850525612644,2606.83753742723
"model_fits/finalized_redone_zi2/proportion/nonvegan/mpbamod_dishes_prop","mu_gamma[1]","pooled_mu_gamma",NA,"mu_gamma[1]",0.0798159832313333,-0.9426865,1.0154485,1.00122164793784,927.310622797391
"model_fits/finalized_redone_zi2/proportion/nonvegan/mpbamod_dishes_prop","mu_gamma[2]","pooled_mu_gamma",NA,"mu_gamma[2]",-0.00966256320933333,-1.7371765,1.7353955,0.999854586305104,3843.30118692821
"model_fits/finalized_redone_zi2/proportion/nonvegan/vegan_dishes_count","mu_gamma[1]","pooled_mu_gamma",NA,"mu_gamma[1]",0.166120154404,-0.14080725,0.4424525,1.02032627165145,96.106840067845
"model_fits/finalized_redone_zi2/proportion/nonvegan/vegan_dishes_count","mu_gamma[2]","pooled_mu_gamma",NA,"mu_gamma[2]",0.00727945271333333,-1.597788,1.60968,1.00331853019113,908.552234192376
"model_fits/finalized_redone_zi2/proportion/nonvegan/vegan_dishes_prop","mu_gamma[1]","pooled_mu_gamma",NA,"mu_gamma[1]",0.56627689865,-0.45363655,1.522565,1.00394742374623,840.870804914169
"model_fits/finalized_redone_zi2/proportion/nonvegan/vegan_dishes_prop","mu_gamma[2]","pooled_mu_gamma",NA,"mu_gamma[2]",0.011242778393,-1.5838535,1.6361455,1.00065980136741,2834.32655730132
"model_fits/finalized_redone_zi2/proportion/nonvegan/vegetarian_dishes_count","mu_gamma[1]","pooled_mu_gamma",NA,"mu_gamma[1]",0.0465151191589667,0.0045491835,0.08704814,1.00375998899914,294.051321367118
"model_fits/finalized_redone_zi2/proportion/nonvegan/vegetarian_dishes_count","mu_gamma[2]","pooled_mu_gamma",NA,"mu_gamma[2]",0.0240829915486667,-1.566772,1.6921345,1.00010398050848,1477.41873096657
"model_fits/finalized_redone_zi2/proportion/nonvegan/vegetarian_dishes_prop","mu_gamma[1]","pooled_mu_gamma",NA,"mu_gamma[1]",0.577872262037,-0.11199565,1.180594,1.00110868538019,1103.74671037923
"model_fits/finalized_redone_zi2/proportion/nonvegan/vegetarian_dishes_prop","mu_gamma[2]","pooled_mu_gamma",NA,"mu_gamma[2]",0.017595754267,-1.565783,1.646982,0.999649287976713,2440.83103031889
"model_fits/finalized_redone_zi2/proportion/total/mpbamod_dishes_count","mu_gamma[1]","pooled_mu_gamma",NA,"mu_gamma[1]",0.0170905164593,-0.1311569,0.1509149,1.05479049978062,210.100507594919
"model_fits/finalized_redone_zi2/proportion/total/mpbamod_dishes_count","mu_gamma[2]","pooled_mu_gamma",NA,"mu_gamma[2]",-0.0433535377829,-1.72027,1.6275785,1.00250903952213,1511.64551054134
"model_fits/finalized_redone_zi2/proportion/total/mpbamod_dishes_prop","mu_gamma[1]","pooled_mu_gamma",NA,"mu_gamma[1]",-0.0381623518092333,-1.3134805,1.050966,1.06509777457397,30.1425694075401
"model_fits/finalized_redone_zi2/proportion/total/mpbamod_dishes_prop","mu_gamma[2]","pooled_mu_gamma",NA,"mu_gamma[2]",-0.017372952586,-1.6315535,1.5435455,1.00060568444287,1684.05571293583
"model_fits/finalized_redone_zi2/proportion/total/vegan_dishes_count","mu_gamma[1]","pooled_mu_gamma",NA,"mu_gamma[1]",0.18843284797,-0.1454629,0.5033196,1.01020775987345,154.74280245539
"model_fits/finalized_redone_zi2/proportion/total/vegan_dishes_count","mu_gamma[2]","pooled_mu_gamma",NA,"mu_gamma[2]",-0.0311136851663333,-1.704183,1.586201,0.999789119135145,777.630840156965
"model_fits/finalized_redone_zi2/proportion/total/vegan_dishes_prop","mu_gamma[1]","pooled_mu_gamma",NA,"mu_gamma[1]",0.705517404456667,-0.3832719,1.68167,1.00263512624651,637.755306268238
"model_fits/finalized_redone_zi2/proportion/total/vegan_dishes_prop","mu_gamma[2]","pooled_mu_gamma",NA,"mu_gamma[2]",0.008244845765,-1.679639,1.636162,1.00118135454299,2256.24876994901
"model_fits/finalized_redone_zi2/proportion/total/vegetarian_dishes_count","mu_gamma[1]","pooled_mu_gamma",NA,"mu_gamma[1]",0.0413954366151,-0.010983585,0.087429065,1.00596264394253,284.520143313956
"model_fits/finalized_redone_zi2/proportion/total/vegetarian_dishes_count","mu_gamma[2]","pooled_mu_gamma",NA,"mu_gamma[2]",-0.0144844897434,-1.6734175,1.7190025,1.00012761215347,1351.79972214304
"model_fits/finalized_redone_zi2/proportion/total/vegetarian_dishes_prop","mu_gamma[1]","pooled_mu_gamma",NA,"mu_gamma[1]",0.625469683934333,-0.4495013,1.4793315,1.06033196627731,43.1870001740734
"model_fits/finalized_redone_zi2/proportion/total/vegetarian_dishes_prop","mu_gamma[2]","pooled_mu_gamma",NA,"mu_gamma[2]",-0.042608381467,-1.672974,1.535168,1.00088340362789,1378.62603843677
"model_fits/finalized_redone_zi3/its/total","mu_gamma[1]","pooled_mu_gamma",NA,"mu_gamma[1]",0.126552743230233,0.034545835,0.248082,1.25574231348909,12.039520072056
"model_fits/finalized_redone_zi3/its/total","mu_gamma[2]","pooled_mu_gamma",NA,"mu_gamma[2]",0.537055252006667,0.088087625,0.7995867,1.47614082332288,5.81443002968574
"model_fits/finalized_redone_zi3/proportion/total/mpbamod_dishes_count","mu_gamma[1]","pooled_mu_gamma",NA,"mu_gamma[1]",0.0253392381321338,-0.10867325,0.14258095,1.02933583155688,266.945016165327
"model_fits/finalized_redone_zi3/proportion/total/mpbamod_dishes_count","mu_gamma[2]","pooled_mu_gamma",NA,"mu_gamma[2]",-0.011858455381,-1.692728,1.631624,1.00071019984477,13084.3687515961
"model_fits/finalized_redone_zi3/proportion/total/mpbamod_dishes_prop","mu_gamma[1]","pooled_mu_gamma",NA,"mu_gamma[1]",0.090246704627975,-1.0410165,1.0292765,1.09379681497179,27.6473160790792
"model_fits/finalized_redone_zi3/proportion/total/mpbamod_dishes_prop","mu_gamma[2]","pooled_mu_gamma",NA,"mu_gamma[2]",-0.0218890228976063,-1.6618,1.6653305,1.00110913535291,15411.7145916933
"model_fits/finalized_redone_zi3/proportion/total/vegan_dishes_count","mu_gamma[1]","pooled_mu_gamma",NA,"mu_gamma[1]",0.201615937471738,-0.1004155,0.49192405,1.00117164731201,2120.19869145842
"model_fits/finalized_redone_zi3/proportion/total/vegan_dishes_count","mu_gamma[2]","pooled_mu_gamma",NA,"mu_gamma[2]",-0.001617976093625,-1.6307505,1.6343565,1.00038804644073,15074.5414828561
"model_fits/finalized_redone_zi3/proportion/total/vegan_dishes_prop","mu_gamma[1]","pooled_mu_gamma",NA,"mu_gamma[1]",0.74586114896575,-0.2711582,1.656571,1.00428643208096,3754.37626718006
"model_fits/finalized_redone_zi3/proportion/total/vegan_dishes_prop","mu_gamma[2]","pooled_mu_gamma",NA,"mu_gamma[2]",-0.0055272138986125,-1.6716345,1.647406,1.00068822759536,17198.7878315096
"model_fits/finalized_redone_zi3/proportion/total/vegetarian_dishes_count","mu_gamma[1]","pooled_mu_gamma",NA,"mu_gamma[1]",0.0432146826947,-0.0034832245,0.08842995,1.00148830116813,2712.51276108127
"model_fits/finalized_redone_zi3/proportion/total/vegetarian_dishes_count","mu_gamma[2]","pooled_mu_gamma",NA,"mu_gamma[2]",0.007781124012125,-1.600826,1.6501665,1.00142875371143,17761.0556280667
"model_fits/finalized_redone_zi3/proportion/total/vegetarian_dishes_prop","mu_gamma[1]","pooled_mu_gamma",NA,"mu_gamma[1]",0.7518043670664,-0.03767126,1.411145,1.03745105307142,84.1041566919486
"model_fits/finalized_redone_zi3/proportion/total/vegetarian_dishes_prop","mu_gamma[2]","pooled_mu_gamma",NA,"mu_gamma[2]",0.0005176593718,-1.646793,1.6271315,1.00025496587564,14389.0173458463
"model_fits/finalized_redone/its_targeted/breakfast","mu_gamma[1]","pooled_mu_gamma",NA,"mu_gamma[1]",-0.319926647670222,-0.8241983,0.2475893,1.00173478885258,1303.41401026081
"model_fits/finalized_redone/its_targeted/breakfast","mu_gamma[2]","pooled_mu_gamma",NA,"mu_gamma[2]",-0.259615743868911,-1.1572705,0.68405475,1.00208708616599,1477.99499654062
"model_fits/finalized_redone/its_targeted/textured","mu_gamma[1]","pooled_mu_gamma",NA,"mu_gamma[1]",0.240619958371156,-0.6003461,1.1665135,1.06015956774831,105.652346062937
"model_fits/finalized_redone/its_targeted/textured","mu_gamma[2]","pooled_mu_gamma",NA,"mu_gamma[2]",-0.348951806794222,-1.847554,1.1014,1.00723163721728,206.859468527999
"model_fits/finalized_redone/its_targeted/untextured","mu_gamma[1]","pooled_mu_gamma",NA,"mu_gamma[1]",0.7457021302434,-0.58065715,1.9482765,1.00664423804842,167.468665581976
"model_fits/finalized_redone/its_targeted/untextured","mu_gamma[2]","pooled_mu_gamma",NA,"mu_gamma[2]",-0.909860826171333,-1.8837305,0.241725399999999,1.01010419999128,91.4252602774908
"model_fits/finalized_redone/its/chicken_fish","mu_gamma[1]","pooled_mu_gamma",NA,"mu_gamma[1]",-0.119954345009504,-0.5327894,0.2121431,1.01419078139736,302.543633557534
"model_fits/finalized_redone/its/chicken_fish","mu_gamma[2]","pooled_mu_gamma",NA,"mu_gamma[2]",0.0439919437845333,-0.87668615,0.99375895,1.00562336905495,218.117635166595
"model_fits/finalized_redone/its/meat","mu_gamma[1]","pooled_mu_gamma",NA,"mu_gamma[1]",-0.134955250490927,-0.33262885,0.04372869,1.02244240468694,207.967024377959
"model_fits/finalized_redone/its/meat","mu_gamma[2]","pooled_mu_gamma",NA,"mu_gamma[2]",0.00859445805655778,-0.52821365,0.575642,1.00765924515516,166.912633848232
"model_fits/finalized_redone/its/nonvegan","mu_gamma[1]","pooled_mu_gamma",NA,"mu_gamma[1]",-0.0815730091668533,-0.372074,0.22022115,1.03409439290814,194.862011597079
"model_fits/finalized_redone/its/nonvegan","mu_gamma[2]","pooled_mu_gamma",NA,"mu_gamma[2]",0.115531155406622,-0.30463665,0.56240975,1.00341123994557,585.871486909921
"model_fits/finalized_redone/its/total","mu_gamma[1]","pooled_mu_gamma",NA,"mu_gamma[1]",-0.0847660427455111,-0.343094,0.19879335,1.01055563268746,280.758742425118
"model_fits/finalized_redone/its/total","mu_gamma[2]","pooled_mu_gamma",NA,"mu_gamma[2]",0.145175900050667,-0.35106125,0.67231945,1.01059967766681,361.642256054917
"model_fits/finalized_redone/its/vegan","mu_gamma[1]","pooled_mu_gamma",NA,"mu_gamma[1]",0.0734258450710222,-0.1093378,0.2894504,1.0021956568985,520.12908135865
"model_fits/finalized_redone/its/vegan","mu_gamma[2]","pooled_mu_gamma",NA,"mu_gamma[2]",0.207181647614444,-0.37329,0.87066555,1.01387970271678,404.015813077149
"model_fits/finalized_redone/its/vegetarian","mu_gamma[1]","pooled_mu_gamma",NA,"mu_gamma[1]",0.00174762226531111,-0.2991309,0.335387,1.01054152521533,254.254743483505
"model_fits/finalized_redone/its/vegetarian","mu_gamma[2]","pooled_mu_gamma",NA,"mu_gamma[2]",0.104152935890356,-0.2388699,0.5050207,1.00628888489818,320.677731133285
"model_fits/finalized_redone/proportion_targeted/breakfast_p/breakfast_dishes_count","mu_gamma[1]","pooled_mu_gamma",NA,"mu_gamma[1]",0.395668604473178,-0.645457,1.4842255,1.0019869516534,1233.79596527859
"model_fits/finalized_redone/proportion_targeted/breakfast_p/breakfast_dishes_count","mu_gamma[2]","pooled_mu_gamma",NA,"mu_gamma[2]",0.0175456414957778,-1.6052215,1.6654895,1.00056851527186,3839.03731337772
"model_fits/finalized_redone/proportion_targeted/breakfast_p/breakfast_dishes_presence","mu_gamma[1]","pooled_mu_gamma",NA,"mu_gamma[1]",0.703292489130222,-0.4818584,1.8688595,1.00141748439655,1148.59543376276
"model_fits/finalized_redone/proportion_targeted/breakfast_p/breakfast_dishes_presence","mu_gamma[2]","pooled_mu_gamma",NA,"mu_gamma[2]",-0.00174411020713333,-1.647371,1.620983,1.00128184326583,2666.8494969458
"model_fits/finalized_redone/proportion_targeted/chicken_p/chicken_dishes_count","mu_gamma[1]","pooled_mu_gamma",NA,"mu_gamma[1]",0.267306625073,-0.17580885,0.51524435,1.35943146385013,4.88809015521542
"model_fits/finalized_redone/proportion_targeted/chicken_p/chicken_dishes_count","mu_gamma[2]","pooled_mu_gamma",NA,"mu_gamma[2]",-0.288933771444667,-1.3413785,1.442393,1.38524720133472,9.40016195098517
"model_fits/finalized_redone/proportion_targeted/chicken_p/chicken_dishes_presence","mu_gamma[1]","pooled_mu_gamma",NA,"mu_gamma[1]",0.223003951982289,-0.63270015,1.122141,1.01675025137088,445.212518852732
"model_fits/finalized_redone/proportion_targeted/chicken_p/chicken_dishes_presence","mu_gamma[2]","pooled_mu_gamma",NA,"mu_gamma[2]",-0.00965854470644444,-1.607947,1.6596115,1.00061167426872,774.234275560638
"model_fits/finalized_redone/proportion_targeted/dairy_p/dairy_dishes_count","mu_gamma[1]","pooled_mu_gamma",NA,"mu_gamma[1]",0.0647177114787,-0.082833335,0.19328215,1.0066278159362,479.834009732933
"model_fits/finalized_redone/proportion_targeted/dairy_p/dairy_dishes_count","mu_gamma[2]","pooled_mu_gamma",NA,"mu_gamma[2]",0.0192193231752,-1.6195425,1.7061225,1.0011432306416,2155.23182929245
"model_fits/finalized_redone/proportion_targeted/dairy_p/dairy_dishes_presence","mu_gamma[1]","pooled_mu_gamma",NA,"mu_gamma[1]",0.153801800043533,-0.6912738,1.0457945,1.0015952401695,528.797534716798
"model_fits/finalized_redone/proportion_targeted/dairy_p/dairy_dishes_presence","mu_gamma[2]","pooled_mu_gamma",NA,"mu_gamma[2]",0.0220294203810444,-1.6049685,1.6625605,1.0019252470279,1263.39212092156
"model_fits/finalized_redone/proportion_targeted/egg_p/egg_dishes_count","mu_gamma[1]","pooled_mu_gamma",NA,"mu_gamma[1]",0.0242081853063333,-0.569267,0.452584899999999,1.00738245424291,159.755865408494
"model_fits/finalized_redone/proportion_targeted/egg_p/egg_dishes_count","mu_gamma[2]","pooled_mu_gamma",NA,"mu_gamma[2]",-0.0727289543756667,-1.723336,1.6848395,1.00271560386348,626.686338424165
"model_fits/finalized_redone/proportion_targeted/egg_p/egg_dishes_presence","mu_gamma[1]","pooled_mu_gamma",NA,"mu_gamma[1]",0.059014927895,-0.8004759,0.889197299999999,1.00676919326427,1048.06984345601
"model_fits/finalized_redone/proportion_targeted/egg_p/egg_dishes_presence","mu_gamma[2]","pooled_mu_gamma",NA,"mu_gamma[2]",0.0119913428,-1.670765,1.6306915,1.00284389876724,1335.38513759018
"model_fits/finalized_redone/proportion_targeted/untextured_p/untextured_dishes_count","mu_gamma[1]","pooled_mu_gamma",NA,"mu_gamma[1]",0.193170567109667,-0.32434955,0.67435125,1.03223264136122,152.042692319122
"model_fits/finalized_redone/proportion_targeted/untextured_p/untextured_dishes_count","mu_gamma[2]","pooled_mu_gamma",NA,"mu_gamma[2]",-0.0416414449973556,-1.655143,1.632279,1.00176830947467,916.06365413449
"model_fits/finalized_redone/proportion_targeted/untextured_p/untextured_dishes_presence","mu_gamma[1]","pooled_mu_gamma",NA,"mu_gamma[1]",0.592261874446511,-0.3089677,1.4333715,1.02737896641257,163.45020474744
"model_fits/finalized_redone/proportion_targeted/untextured_p/untextured_dishes_presence","mu_gamma[2]","pooled_mu_gamma",NA,"mu_gamma[2]",0.0146408112428889,-1.715154,1.665219,1.00302180042901,443.055603086385
"model_fits/finalized_redone/proportion/chicken_fish/mpbamod_dishes_count","mu_gamma[1]","pooled_mu_gamma",NA,"mu_gamma[1]",0.0109805251872644,-0.05447916,0.076513375,1.00162988453819,1724.81425029682
"model_fits/finalized_redone/proportion/chicken_fish/mpbamod_dishes_count","mu_gamma[2]","pooled_mu_gamma",NA,"mu_gamma[2]",0.0232055150268889,-1.5901995,1.6531165,0.999994047803963,4254.77285255442
"model_fits/finalized_redone/proportion/chicken_fish/mpbamod_dishes_prop","mu_gamma[1]","pooled_mu_gamma",NA,"mu_gamma[1]",-0.979320632864156,-2.043715,0.20734045,1.00122177152578,1309.3128303461
"model_fits/finalized_redone/proportion/chicken_fish/mpbamod_dishes_prop","mu_gamma[2]","pooled_mu_gamma",NA,"mu_gamma[2]",-0.00742756841622222,-1.581184,1.6057815,0.999950995699489,3292.02387522845
"model_fits/finalized_redone/proportion/chicken_fish/vegan_dishes_count","mu_gamma[1]","pooled_mu_gamma",NA,"mu_gamma[1]",0.169583465754,-0.13307615,0.46156735,1.00621341315997,433.872555435491
"model_fits/finalized_redone/proportion/chicken_fish/vegan_dishes_count","mu_gamma[2]","pooled_mu_gamma",NA,"mu_gamma[2]",0.0122161249868889,-1.6698845,1.644974,1.00071435900294,1699.93752403808
"model_fits/finalized_redone/proportion/chicken_fish/vegan_dishes_prop","mu_gamma[1]","pooled_mu_gamma",NA,"mu_gamma[1]",0.663410056667556,-0.3418403,1.563484,1.00074975250274,2333.50120142458
"model_fits/finalized_redone/proportion/chicken_fish/vegan_dishes_prop","mu_gamma[2]","pooled_mu_gamma",NA,"mu_gamma[2]",0.00929950029311111,-1.657104,1.6521195,1.00131880284604,4567.40945363293
"model_fits/finalized_redone/proportion/chicken_fish/vegetarian_dishes_count","mu_gamma[1]","pooled_mu_gamma",NA,"mu_gamma[1]",0.0860070921247556,-0.061721085,0.23381935,1.02411330039162,114.323071446838
"model_fits/finalized_redone/proportion/chicken_fish/vegetarian_dishes_count","mu_gamma[2]","pooled_mu_gamma",NA,"mu_gamma[2]",0.0170408116609111,-1.6397905,1.652411,1.00165899289403,986.126211326566
"model_fits/finalized_redone/proportion/chicken_fish/vegetarian_dishes_prop","mu_gamma[1]","pooled_mu_gamma",NA,"mu_gamma[1]",-0.370719231349556,-1.6421755,0.857334800000001,1.00058512889657,1849.34593863404
"model_fits/finalized_redone/proportion/chicken_fish/vegetarian_dishes_prop","mu_gamma[2]","pooled_mu_gamma",NA,"mu_gamma[2]",0.00720042180075556,-1.5829,1.6123995,1.00016844552477,3549.17705559478
"model_fits/finalized_redone/proportion/meat/mpbamod_dishes_count","mu_gamma[1]","pooled_mu_gamma",NA,"mu_gamma[1]",-0.01851818753396,-0.1052898,0.032992885,1.00276967830208,421.597647059541
"model_fits/finalized_redone/proportion/meat/mpbamod_dishes_count","mu_gamma[2]","pooled_mu_gamma",NA,"mu_gamma[2]",-0.0486797427347,-1.676005,1.6113355,1.00313809917697,2367.67484026703
"model_fits/finalized_redone/proportion/meat/mpbamod_dishes_prop","mu_gamma[1]","pooled_mu_gamma",NA,"mu_gamma[1]",-0.618808178210333,-1.5276685,0.29714285,1.00105257510052,1039.12589280782
"model_fits/finalized_redone/proportion/meat/mpbamod_dishes_prop","mu_gamma[2]","pooled_mu_gamma",NA,"mu_gamma[2]",-0.00655322705966667,-1.705142,1.6931495,1.00134822662767,3865.05387697923
"model_fits/finalized_redone/proportion/meat/vegan_dishes_count","mu_gamma[1]","pooled_mu_gamma",NA,"mu_gamma[1]",0.171182220399733,-0.07982168,0.44281765,1.00341992472674,256.522887264515
"model_fits/finalized_redone/proportion/meat/vegan_dishes_count","mu_gamma[2]","pooled_mu_gamma",NA,"mu_gamma[2]",0.0277160145666667,-1.6195665,1.7146775,1.00143643153707,1246.47069352175
"model_fits/finalized_redone/proportion/meat/vegan_dishes_prop","mu_gamma[1]","pooled_mu_gamma",NA,"mu_gamma[1]",0.198161234506667,-0.80208855,1.168111,1.00793062037415,762.315733580899
"model_fits/finalized_redone/proportion/meat/vegan_dishes_prop","mu_gamma[2]","pooled_mu_gamma",NA,"mu_gamma[2]",-0.0571790397636667,-1.7514885,1.6066725,1.00065907144273,2819.30819221841
"model_fits/finalized_redone/proportion/meat/vegetarian_dishes_count","mu_gamma[1]","pooled_mu_gamma",NA,"mu_gamma[1]",0.0312706313205,-0.02831413,0.09128713,1.01097569328234,236.183429708115
"model_fits/finalized_redone/proportion/meat/vegetarian_dishes_count","mu_gamma[2]","pooled_mu_gamma",NA,"mu_gamma[2]",0.00854579136433333,-1.606057,1.72145,1.00052221842312,1371.7926809102
"model_fits/finalized_redone/proportion/meat/vegetarian_dishes_prop","mu_gamma[1]","pooled_mu_gamma",NA,"mu_gamma[1]",-0.687848943763667,-1.732066,0.40105425,1.00342276673684,495.859857559475
"model_fits/finalized_redone/proportion/meat/vegetarian_dishes_prop","mu_gamma[2]","pooled_mu_gamma",NA,"mu_gamma[2]",0.0301132863513,-1.6250615,1.6591065,1.00118156808373,1780.85017456464
"model_fits/finalized_redone/proportion/nonvegan/mpbamod_dishes_count","mu_gamma[1]","pooled_mu_gamma",NA,"mu_gamma[1]",-0.0645676656621333,-0.3226267,0.1564821,1.01283807489068,131.551684732883
"model_fits/finalized_redone/proportion/nonvegan/mpbamod_dishes_count","mu_gamma[2]","pooled_mu_gamma",NA,"mu_gamma[2]",-0.0114155311833333,-1.6574465,1.697867,1.00147399513074,1088.79733238774
"model_fits/finalized_redone/proportion/nonvegan/mpbamod_dishes_prop","mu_gamma[1]","pooled_mu_gamma",NA,"mu_gamma[1]",-0.780615428486333,-1.9138835,0.3208913,1.00393931732916,914.446957762517
"model_fits/finalized_redone/proportion/nonvegan/mpbamod_dishes_prop","mu_gamma[2]","pooled_mu_gamma",NA,"mu_gamma[2]",-0.0172425177766667,-1.60553,1.5584545,1.0011907881053,3557.21697003662
"model_fits/finalized_redone/proportion/nonvegan/vegan_dishes_count","mu_gamma[1]","pooled_mu_gamma",NA,"mu_gamma[1]",0.186705758355267,-0.10634045,0.44977835,1.0205838213354,230.375599412082
"model_fits/finalized_redone/proportion/nonvegan/vegan_dishes_count","mu_gamma[2]","pooled_mu_gamma",NA,"mu_gamma[2]",-0.0381492768753333,-1.679784,1.6048185,1.00037493251335,1329.50495601587
"model_fits/finalized_redone/proportion/nonvegan/vegan_dishes_prop","mu_gamma[1]","pooled_mu_gamma",NA,"mu_gamma[1]",0.540966447515733,-0.3926121,1.398722,1.00210853313096,678.413080359432
"model_fits/finalized_redone/proportion/nonvegan/vegan_dishes_prop","mu_gamma[2]","pooled_mu_gamma",NA,"mu_gamma[2]",-0.0130749759636667,-1.6787135,1.672167,1.00084920643641,2369.8871056857
"model_fits/finalized_redone/proportion/nonvegan/vegetarian_dishes_count","mu_gamma[1]","pooled_mu_gamma",NA,"mu_gamma[1]",0.0409182268200333,-0.04118707,0.12165015,1.00550646662333,394.186491855921
"model_fits/finalized_redone/proportion/nonvegan/vegetarian_dishes_count","mu_gamma[2]","pooled_mu_gamma",NA,"mu_gamma[2]",0.0160866300436667,-1.5758495,1.5828495,1.00028714967761,1987.5836466662
"model_fits/finalized_redone/proportion/nonvegan/vegetarian_dishes_prop","mu_gamma[1]","pooled_mu_gamma",NA,"mu_gamma[1]",-0.159315311289,-1.1126715,0.7330075,1.0039768960786,747.702715774539
"model_fits/finalized_redone/proportion/nonvegan/vegetarian_dishes_prop","mu_gamma[2]","pooled_mu_gamma",NA,"mu_gamma[2]",0.0465910885876667,-1.648008,1.6574025,1.00087934188519,2132.17786840278
"model_fits/finalized_redone/proportion/total/mpbamod_dishes_count","mu_gamma[1]","pooled_mu_gamma",NA,"mu_gamma[1]",-0.0563781774098333,-0.2669571,0.15048865,1.00300389070635,307.576005536151
"model_fits/finalized_redone/proportion/total/mpbamod_dishes_count","mu_gamma[2]","pooled_mu_gamma",NA,"mu_gamma[2]",0.0352474722326667,-1.5122045,1.6157475,1.00061161966331,1888.86344356613
"model_fits/finalized_redone/proportion/total/mpbamod_dishes_prop","mu_gamma[1]","pooled_mu_gamma",NA,"mu_gamma[1]",-0.752648792654967,-1.8379995,0.321647949999999,1.00310433751653,1022.15699958604
"model_fits/finalized_redone/proportion/total/mpbamod_dishes_prop","mu_gamma[2]","pooled_mu_gamma",NA,"mu_gamma[2]",-0.0191372065253333,-1.701351,1.5760705,1.00037698294708,3952.77527918795
"model_fits/finalized_redone/proportion/total/vegan_dishes_count","mu_gamma[1]","pooled_mu_gamma",NA,"mu_gamma[1]",0.202018108751067,-0.0722728,0.48309485,1.00255606834542,457.32854312677
"model_fits/finalized_redone/proportion/total/vegan_dishes_count","mu_gamma[2]","pooled_mu_gamma",NA,"mu_gamma[2]",0.00539042904556333,-1.6190315,1.643276,1.00036931085568,2582.42632712068
"model_fits/finalized_redone/proportion/total/vegan_dishes_prop","mu_gamma[1]","pooled_mu_gamma",NA,"mu_gamma[1]",0.737572198506433,-0.2613102,1.62615,1.00334929071964,1350.06410157349
"model_fits/finalized_redone/proportion/total/vegan_dishes_prop","mu_gamma[2]","pooled_mu_gamma",NA,"mu_gamma[2]",-0.0276637402213333,-1.6627035,1.6004435,0.999492671812916,4398.57329692729
"model_fits/finalized_redone/proportion/total/vegetarian_dishes_count","mu_gamma[1]","pooled_mu_gamma",NA,"mu_gamma[1]",0.0347320107035867,-0.036210615,0.0972175699999999,1.00153835106492,475.231584509486
"model_fits/finalized_redone/proportion/total/vegetarian_dishes_count","mu_gamma[2]","pooled_mu_gamma",NA,"mu_gamma[2]",0.00862762761726667,-1.6578765,1.673499,0.999745924554507,2383.35119163128
"model_fits/finalized_redone/proportion/total/vegetarian_dishes_prop","mu_gamma[1]","pooled_mu_gamma",NA,"mu_gamma[1]",0.089734560612,-0.7859136,0.91774205,1.00441963809043,1329.369340172
"model_fits/finalized_redone/proportion/total/vegetarian_dishes_prop","mu_gamma[2]","pooled_mu_gamma",NA,"mu_gamma[2]",-0.0149077004714667,-1.7061385,1.63436099999999,1.00005894487402,4930.23683817264
"model_fits/finalized_redone/proportion/vegan/mpbamod_dishes_count","mu_gamma[1]","pooled_mu_gamma",NA,"mu_gamma[1]",0.022898028895,-0.05887341,0.1020781,1.0033128958809,440.196939462402
"model_fits/finalized_redone/proportion/vegan/mpbamod_dishes_count","mu_gamma[2]","pooled_mu_gamma",NA,"mu_gamma[2]",-0.028520811874,-1.666431,1.589159,1.00106553436655,2175.56123773994
"model_fits/finalized_redone/proportion/vegan/mpbamod_dishes_prop","mu_gamma[1]","pooled_mu_gamma",NA,"mu_gamma[1]",-0.337818791305333,-1.3551025,0.70465745,1.00461379492353,1090.24153960492
"model_fits/finalized_redone/proportion/vegan/mpbamod_dishes_prop","mu_gamma[2]","pooled_mu_gamma",NA,"mu_gamma[2]",-0.01647812142,-1.720927,1.7322715,1.00144461267273,5161.43419182198
"model_fits/finalized_redone/proportion/vegan/vegan_dishes_count","mu_gamma[1]","pooled_mu_gamma",NA,"mu_gamma[1]",0.171884377826,0.002684651,0.35655925,1.00226083841418,740.512932364385
"model_fits/finalized_redone/proportion/vegan/vegan_dishes_count","mu_gamma[2]","pooled_mu_gamma",NA,"mu_gamma[2]",-0.0101230891541778,-1.6460405,1.658124,1.00010143009562,3356.90819074687
"model_fits/finalized_redone/proportion/vegan/vegan_dishes_prop","mu_gamma[1]","pooled_mu_gamma",NA,"mu_gamma[1]",1.72087840157111,0.7286364,2.5822035,1.00043445566844,2382.4864345643
"model_fits/finalized_redone/proportion/vegan/vegan_dishes_prop","mu_gamma[2]","pooled_mu_gamma",NA,"mu_gamma[2]",0.0154925248662222,-1.603169,1.656549,1.00032521614701,6201.07219173392
"model_fits/finalized_redone/proportion/vegan/vegetarian_dishes_count","mu_gamma[1]","pooled_mu_gamma",NA,"mu_gamma[1]",0.0306470564391,9.66140150000028e-05,0.063241495,1.00206943396177,1274.61574835701
"model_fits/finalized_redone/proportion/vegan/vegetarian_dishes_count","mu_gamma[2]","pooled_mu_gamma",NA,"mu_gamma[2]",-0.016816257793,-1.5878025,1.6245615,1.00251150377934,4530.36858452511
"model_fits/finalized_redone/proportion/vegan/vegetarian_dishes_prop","mu_gamma[1]","pooled_mu_gamma",NA,"mu_gamma[1]",0.962420237463333,0.16360765,1.686332,1.00050229155474,1371.8142108663
"model_fits/finalized_redone/proportion/vegan/vegetarian_dishes_prop","mu_gamma[2]","pooled_mu_gamma",NA,"mu_gamma[2]",0.021284800837,-1.6219125,1.641711,0.99954920081584,4140.69436246675
"model_fits/finalized_redone/proportion/vegetarian/mpbamod_dishes_count","mu_gamma[1]","pooled_mu_gamma",NA,"mu_gamma[1]",-0.0270840550537667,-0.2581859,0.1790443,1.00799682161381,362.687561326202
"model_fits/finalized_redone/proportion/vegetarian/mpbamod_dishes_count","mu_gamma[2]","pooled_mu_gamma",NA,"mu_gamma[2]",0.0126817872666667,-1.6506465,1.6749065,1.00171923417605,1157.29886209948
"model_fits/finalized_redone/proportion/vegetarian/mpbamod_dishes_prop","mu_gamma[1]","pooled_mu_gamma",NA,"mu_gamma[1]",-0.438424220624333,-1.661552,0.71951075,1.00016810025884,844.422500416798
"model_fits/finalized_redone/proportion/vegetarian/mpbamod_dishes_prop","mu_gamma[2]","pooled_mu_gamma",NA,"mu_gamma[2]",0.001985531621,-1.54736,1.5810425,1.00098784775386,3506.74049783038
"model_fits/finalized_redone/proportion/vegetarian/vegan_dishes_count","mu_gamma[1]","pooled_mu_gamma",NA,"mu_gamma[1]",0.195161175512333,-0.00157857649999998,0.39436815,1.00075400514497,555.891195297504
"model_fits/finalized_redone/proportion/vegetarian/vegan_dishes_count","mu_gamma[2]","pooled_mu_gamma",NA,"mu_gamma[2]",-0.00256432843966667,-1.661846,1.7326055,1.00359142927641,2120.68316307632
"model_fits/finalized_redone/proportion/vegetarian/vegan_dishes_prop","mu_gamma[1]","pooled_mu_gamma",NA,"mu_gamma[1]",0.650450209566067,0.0138304450000001,1.274411,1.00140808469817,814.529582592667
"model_fits/finalized_redone/proportion/vegetarian/vegan_dishes_prop","mu_gamma[2]","pooled_mu_gamma",NA,"mu_gamma[2]",0.0122600391576667,-1.6326695,1.706366,1.00263553637764,1862.6066601156
"model_fits/finalized_redone/proportion/vegetarian/vegetarian_dishes_count","mu_gamma[1]","pooled_mu_gamma",NA,"mu_gamma[1]",0.0567363389881667,-0.01535882,0.1222899,1.00065403321507,552.656481809871
"model_fits/finalized_redone/proportion/vegetarian/vegetarian_dishes_count","mu_gamma[2]","pooled_mu_gamma",NA,"mu_gamma[2]",0.0140675682694667,-1.583713,1.6241785,1.00014096237234,2624.6800813632
"model_fits/finalized_redone/proportion/vegetarian/vegetarian_dishes_prop","mu_gamma[1]","pooled_mu_gamma",NA,"mu_gamma[1]",0.503045605317667,-0.48672235,1.460114,1.00076389876857,869.929014512247
"model_fits/finalized_redone/proportion/vegetarian/vegetarian_dishes_prop","mu_gamma[2]","pooled_mu_gamma",NA,"mu_gamma[2]",0.004699216369,-1.69443,1.742333,1.00352000442444,3131.60276303228
"model_fits/finalized_redone/t2_proportion/chicken_fish/mpbamod_dishes_count","mu_gamma[1]","pooled_mu_gamma",NA,"mu_gamma[1]",0.210292930038633,0.06642189,0.357117,1.00339374910623,369.471763217247
"model_fits/finalized_redone/t2_proportion/chicken_fish/mpbamod_dishes_count","mu_gamma[2]","pooled_mu_gamma",NA,"mu_gamma[2]",0.0231554093583333,-1.735487,1.7578695,1.0007171104426,3112.05746949254
"model_fits/finalized_redone/t2_proportion/chicken_fish/mpbamod_dishes_prop","mu_gamma[1]","pooled_mu_gamma",NA,"mu_gamma[1]",0.428853550141333,-0.8717828,1.727299,1.00396244807849,891.485620555757
"model_fits/finalized_redone/t2_proportion/chicken_fish/mpbamod_dishes_prop","mu_gamma[2]","pooled_mu_gamma",NA,"mu_gamma[2]",-0.0292632537953333,-1.659455,1.649891,1.00218203335758,2099.27118641599
"model_fits/finalized_redone/t2_proportion/chicken_fish/vegan_dishes_count","mu_gamma[1]","pooled_mu_gamma",NA,"mu_gamma[1]",0.172991222846667,0.03342846,0.31364235,1.00503690585851,492.81716470208
"model_fits/finalized_redone/t2_proportion/chicken_fish/vegan_dishes_count","mu_gamma[2]","pooled_mu_gamma",NA,"mu_gamma[2]",-7.46487640000001e-05,-1.679903,1.6456445,1.00169678653375,6958.23418516916
"model_fits/finalized_redone/t2_proportion/chicken_fish/vegan_dishes_prop","mu_gamma[1]","pooled_mu_gamma",NA,"mu_gamma[1]",-0.0140085629116667,-0.97840435,0.9426467,1.00365597779659,1133.91584005189
"model_fits/finalized_redone/t2_proportion/chicken_fish/vegan_dishes_prop","mu_gamma[2]","pooled_mu_gamma",NA,"mu_gamma[2]",-0.00372159203433333,-1.6954225,1.660051,1.0013309683597,4847.36978988319
"model_fits/finalized_redone/t2_proportion/meat/mpbamod_dishes_count","mu_gamma[1]","pooled_mu_gamma",NA,"mu_gamma[1]",0.1135950228611,-0.018379255,0.26477445,1.044410486567,48.4538721526547
"model_fits/finalized_redone/t2_proportion/meat/mpbamod_dishes_count","mu_gamma[2]","pooled_mu_gamma",NA,"mu_gamma[2]",-0.0393495586036667,-1.6335915,1.5522405,1.00021569923359,435.807437758913
"model_fits/finalized_redone/t2_proportion/meat/mpbamod_dishes_prop","mu_gamma[1]","pooled_mu_gamma",NA,"mu_gamma[1]",0.659546692808333,-0.70392745,1.9196825,1.00255727280723,362.603686419282
"model_fits/finalized_redone/t2_proportion/meat/mpbamod_dishes_prop","mu_gamma[2]","pooled_mu_gamma",NA,"mu_gamma[2]",-0.0216238984776667,-1.6997945,1.6531055,1.00078741899698,3674.58649200905
"model_fits/finalized_redone/t2_proportion/meat/vegan_dishes_count","mu_gamma[1]","pooled_mu_gamma",NA,"mu_gamma[1]",0.157502071446943,0.023042845,0.2911709,1.01061112977829,206.609044624531
"model_fits/finalized_redone/t2_proportion/meat/vegan_dishes_count","mu_gamma[2]","pooled_mu_gamma",NA,"mu_gamma[2]",-0.0376643794216667,-1.6965815,1.6335175,1.0007199410238,2628.66239489327
"model_fits/finalized_redone/t2_proportion/meat/vegan_dishes_prop","mu_gamma[1]","pooled_mu_gamma",NA,"mu_gamma[1]",0.308348462660667,-0.6838884,1.304376,1.00421908787326,552.776553270259
"model_fits/finalized_redone/t2_proportion/meat/vegan_dishes_prop","mu_gamma[2]","pooled_mu_gamma",NA,"mu_gamma[2]",0.01294922907,-1.5375195,1.652141,0.999664251509934,4728.23914733247
"model_fits/finalized_redone/t2_proportion/nonvegan/mpbamod_dishes_count","mu_gamma[1]","pooled_mu_gamma",NA,"mu_gamma[1]",0.103486233609319,-0.060066315,0.26665455,1.03959138432242,74.9268367213223
"model_fits/finalized_redone/t2_proportion/nonvegan/mpbamod_dishes_count","mu_gamma[2]","pooled_mu_gamma",NA,"mu_gamma[2]",-0.0387337647416667,-1.7407205,1.63712,1.00173125796025,686.172681702022
"model_fits/finalized_redone/t2_proportion/nonvegan/mpbamod_dishes_prop","mu_gamma[1]","pooled_mu_gamma",NA,"mu_gamma[1]",0.630242530074,-0.6358594,1.919466,1.00032009145553,437.2554461933
"model_fits/finalized_redone/t2_proportion/nonvegan/mpbamod_dishes_prop","mu_gamma[2]","pooled_mu_gamma",NA,"mu_gamma[2]",-0.00514811487633334,-1.6802295,1.673851,0.999494861753086,2591.7859660348
"model_fits/finalized_redone/t2_proportion/nonvegan/vegan_dishes_count","mu_gamma[1]","pooled_mu_gamma",NA,"mu_gamma[1]",0.169114528769333,0.031986845,0.30682865,1.00444689572393,265.903729181333
"model_fits/finalized_redone/t2_proportion/nonvegan/vegan_dishes_count","mu_gamma[2]","pooled_mu_gamma",NA,"mu_gamma[2]",0.010107836348,-1.6847195,1.623711,1.00083434356682,3805.93565355159
"model_fits/finalized_redone/t2_proportion/nonvegan/vegan_dishes_prop","mu_gamma[1]","pooled_mu_gamma",NA,"mu_gamma[1]",0.342182433532467,-0.65618415,1.3023225,1.00228744469218,606.420765303736
"model_fits/finalized_redone/t2_proportion/nonvegan/vegan_dishes_prop","mu_gamma[2]","pooled_mu_gamma",NA,"mu_gamma[2]",-0.0121887220142667,-1.6077915,1.5916305,0.999851209906192,4909.752329703
"model_fits/finalized_redone2/its_targeted/untextured","mu_gamma[1]","pooled_mu_gamma",NA,"mu_gamma[1]",-0.324076861817667,-1.0637555,0.67376995,1.42602812913489,4.31763598022872
"model_fits/finalized_redone2/its_targeted/untextured","mu_gamma[2]","pooled_mu_gamma",NA,"mu_gamma[2]",-0.228106126090667,-1.7413595,0.62942085,1.2645074237959,6.33770960808849
"model_fits/finalized_redone2/proportion_targeted/breakfast_p/breakfast_dishes_count","mu_gamma[1]","pooled_mu_gamma",NA,"mu_gamma[1]",-0.183191090383,-0.63699555,0.1955707,1.00563237139404,583.835762500325
"model_fits/finalized_redone2/proportion_targeted/breakfast_p/breakfast_dishes_count","mu_gamma[2]","pooled_mu_gamma",NA,"mu_gamma[2]",0.00215844815266667,-1.65002,1.640736,1.00003173245936,2829.70446060981
"model_fits/finalized_redone2/proportion_targeted/breakfast_p/breakfast_dishes_presence","mu_gamma[1]","pooled_mu_gamma",NA,"mu_gamma[1]",-0.169409911273667,-0.74668245,0.56949745,1.00053983614969,1237.84644098223
"model_fits/finalized_redone2/proportion_targeted/breakfast_p/breakfast_dishes_presence","mu_gamma[2]","pooled_mu_gamma",NA,"mu_gamma[2]",0.00501309111,-1.645938,1.70168,1.00134976718991,3216.6061629251
"model_fits/finalized_redone2/proportion_targeted/untextured_p/untextured_dishes_count","mu_gamma[1]","pooled_mu_gamma",NA,"mu_gamma[1]",-0.0348263944205,-0.70188375,0.808010799999999,1.45482279446475,21.9760889959276
"model_fits/finalized_redone2/proportion_targeted/untextured_p/untextured_dishes_count","mu_gamma[2]","pooled_mu_gamma",NA,"mu_gamma[2]",0.138534322644,-1.24144,1.8317065,1.11797949533733,32.0048368666058
"model_fits/finalized_redone2/proportion_targeted/untextured_p/untextured_dishes_presence","mu_gamma[1]","pooled_mu_gamma",NA,"mu_gamma[1]",-0.0348263944205,-0.70188375,0.808010799999999,1.45482279446475,21.9760889959276
"model_fits/finalized_redone2/proportion_targeted/untextured_p/untextured_dishes_presence","mu_gamma[2]","pooled_mu_gamma",NA,"mu_gamma[2]",0.138534322644,-1.24144,1.8317065,1.11797949533733,32.0048368666058
"model_fits/finalized_redone2/proportion/chicken_fish/mpbamod_dishes_count","mu_gamma[1]","pooled_mu_gamma",NA,"mu_gamma[1]",-0.00815347564243333,-0.1294665,0.06771052,1.0407671922504,196.860890440472
"model_fits/finalized_redone2/proportion/chicken_fish/mpbamod_dishes_count","mu_gamma[2]","pooled_mu_gamma",NA,"mu_gamma[2]",-0.0102873457116667,-1.7109025,1.610398,1.00055453728814,1389.93814442105
"model_fits/finalized_redone2/proportion/chicken_fish/mpbamod_dishes_prop","mu_gamma[1]","pooled_mu_gamma",NA,"mu_gamma[1]",-1.15000226685667,-2.199104,0.0298317149999977,1.00285692402659,914.871343142119
"model_fits/finalized_redone2/proportion/chicken_fish/mpbamod_dishes_prop","mu_gamma[2]","pooled_mu_gamma",NA,"mu_gamma[2]",0.0501477939803333,-1.61066,1.7082945,1.00094478062833,2272.27163653146
"model_fits/finalized_redone2/proportion/meat/mpbamod_dishes_count","mu_gamma[1]","pooled_mu_gamma",NA,"mu_gamma[1]",-0.0255765444979333,-0.1203246,0.031148745,1.00343482286928,657.141851375481
"model_fits/finalized_redone2/proportion/meat/mpbamod_dishes_count","mu_gamma[2]","pooled_mu_gamma",NA,"mu_gamma[2]",0.0253392265133333,-1.568699,1.639341,1.00024096357954,2461.57878613342
"model_fits/finalized_redone2/proportion/meat/mpbamod_dishes_prop","mu_gamma[1]","pooled_mu_gamma",NA,"mu_gamma[1]",-0.640379561037,-1.5648765,0.2508381,1.0022488359298,1028.79676865504
"model_fits/finalized_redone2/proportion/meat/mpbamod_dishes_prop","mu_gamma[2]","pooled_mu_gamma",NA,"mu_gamma[2]",-0.004118669163,-1.6166005,1.6139315,1.00060134188082,3345.25985830486
"model_fits/finalized_redone2/proportion/nonvegan/mpbamod_dishes_count","mu_gamma[1]","pooled_mu_gamma",NA,"mu_gamma[1]",-0.0322076666934333,-0.2329004,0.15822515,1.00676438007179,238.202297782302
"model_fits/finalized_redone2/proportion/nonvegan/mpbamod_dishes_count","mu_gamma[2]","pooled_mu_gamma",NA,"mu_gamma[2]",-0.0139183565,-1.603628,1.5629205,1.00106021447286,1580.06355360295
"model_fits/finalized_redone2/proportion/nonvegan/mpbamod_dishes_prop","mu_gamma[1]","pooled_mu_gamma",NA,"mu_gamma[1]",-0.697403745615333,-1.8165275,0.403728099999999,1.00216673524272,874.746966730433
"model_fits/finalized_redone2/proportion/nonvegan/mpbamod_dishes_prop","mu_gamma[2]","pooled_mu_gamma",NA,"mu_gamma[2]",-0.004343910901,-1.616188,1.576367,1.00110663641555,3181.07762049834
"model_fits/finalized_redone2/proportion/total/mpbamod_dishes_count","mu_gamma[1]","pooled_mu_gamma",NA,"mu_gamma[1]",-0.0229889277599367,-0.2108007,0.17004805,1.00878676367723,370.822411494147
"model_fits/finalized_redone2/proportion/total/mpbamod_dishes_count","mu_gamma[2]","pooled_mu_gamma",NA,"mu_gamma[2]",0.0159253743703333,-1.570139,1.6218305,1.00006844176306,2195.04250989875
"model_fits/finalized_redone2/proportion/total/mpbamod_dishes_prop","mu_gamma[1]","pooled_mu_gamma",NA,"mu_gamma[1]",-0.66601539121,-1.7993705,0.451587749999998,1.0036656831841,809.014781441551
"model_fits/finalized_redone2/proportion/total/mpbamod_dishes_prop","mu_gamma[2]","pooled_mu_gamma",NA,"mu_gamma[2]",0.014845093947,-1.661833,1.7025355,1.0001307197471,2754.28916372455
"model_fits/finalized_redone2/proportion/vegan/mpbamod_dishes_count","mu_gamma[1]","pooled_mu_gamma",NA,"mu_gamma[1]",0.0142053081253333,-0.10307255,0.13906315,1.00519356962673,408.684790947584
"model_fits/finalized_redone2/proportion/vegan/mpbamod_dishes_count","mu_gamma[2]","pooled_mu_gamma",NA,"mu_gamma[2]",0.0154933172006667,-1.6238225,1.602133,0.999681227547637,2424.51682424988
"model_fits/finalized_redone2/proportion/vegan/mpbamod_dishes_prop","mu_gamma[1]","pooled_mu_gamma",NA,"mu_gamma[1]",-0.464687722871667,-1.3913225,0.51825335,0.999537310508621,1084.62644551284
"model_fits/finalized_redone2/proportion/vegan/mpbamod_dishes_prop","mu_gamma[2]","pooled_mu_gamma",NA,"mu_gamma[2]",-0.0013176097382,-1.683097,1.62242,1.00178409050354,2725.45106628364
"model_fits/finalized_redone2/proportion/vegetarian/mpbamod_dishes_count","mu_gamma[1]","pooled_mu_gamma",NA,"mu_gamma[1]",0.0220811236139667,-0.19746135,0.2281868,1.00443569078146,266.231387616392
"model_fits/finalized_redone2/proportion/vegetarian/mpbamod_dishes_count","mu_gamma[2]","pooled_mu_gamma",NA,"mu_gamma[2]",0.001022837099,-1.682187,1.6471025,1.00252918563543,1488.41866963337
"model_fits/finalized_redone2/proportion/vegetarian/mpbamod_dishes_prop","mu_gamma[1]","pooled_mu_gamma",NA,"mu_gamma[1]",-0.414554433570333,-1.5832305,0.77946595,0.999611785206074,1173.23241478312
"model_fits/finalized_redone2/proportion/vegetarian/mpbamod_dishes_prop","mu_gamma[2]","pooled_mu_gamma",NA,"mu_gamma[2]",0.0141987533433333,-1.6771975,1.685386,1.00167285000185,4608.58135743867
"model_fits/finalized_redone3/proportion_targeted/breakfast_p/breakfast_dishes_count","mu_gamma[1]","pooled_mu_gamma",NA,"mu_gamma[1]",-0.183191090383,-0.63699555,0.1955707,1.00563237139404,583.835762500325
"model_fits/finalized_redone3/proportion_targeted/breakfast_p/breakfast_dishes_count","mu_gamma[2]","pooled_mu_gamma",NA,"mu_gamma[2]",0.00215844815266667,-1.65002,1.640736,1.00003173245936,2829.70446060981
"model_fits/finalized_redone3/proportion_targeted/breakfast_p/breakfast_dishes_presence","mu_gamma[1]","pooled_mu_gamma",NA,"mu_gamma[1]",-0.169409911273667,-0.74668245,0.56949745,1.00053983614969,1237.84644098223
"model_fits/finalized_redone3/proportion_targeted/breakfast_p/breakfast_dishes_presence","mu_gamma[2]","pooled_mu_gamma",NA,"mu_gamma[2]",0.00501309111,-1.645938,1.70168,1.00134976718991,3216.6061629251
"model_fits/finalized_redone3/proportion_targeted/untextured_p/untextured_dishes_count","mu_gamma[1]","pooled_mu_gamma",NA,"mu_gamma[1]",-0.0348263944205,-0.70188375,0.808010799999999,1.45482279446475,21.9760889959276
"model_fits/finalized_redone3/proportion_targeted/untextured_p/untextured_dishes_count","mu_gamma[2]","pooled_mu_gamma",NA,"mu_gamma[2]",0.138534322644,-1.24144,1.8317065,1.11797949533733,32.0048368666058
"model_fits/finalized_redone3/proportion_targeted/untextured_p/untextured_dishes_presence","mu_gamma[1]","pooled_mu_gamma",NA,"mu_gamma[1]",-0.0348263944205,-0.70188375,0.808010799999999,1.45482279446475,21.9760889959276
"model_fits/finalized_redone3/proportion_targeted/untextured_p/untextured_dishes_presence","mu_gamma[2]","pooled_mu_gamma",NA,"mu_gamma[2]",0.138534322644,-1.24144,1.8317065,1.11797949533733,32.0048368666058
"model_fits/finalized_redone3/proportion/chicken_fish/mpbamod_dishes_count","mu_gamma[1]","pooled_mu_gamma",NA,"mu_gamma[1]",-0.00815347564243333,-0.1294665,0.06771052,1.0407671922504,196.860890440472
"model_fits/finalized_redone3/proportion/chicken_fish/mpbamod_dishes_count","mu_gamma[2]","pooled_mu_gamma",NA,"mu_gamma[2]",-0.0102873457116667,-1.7109025,1.610398,1.00055453728814,1389.93814442105
"model_fits/finalized_redone3/proportion/chicken_fish/mpbamod_dishes_prop","mu_gamma[1]","pooled_mu_gamma",NA,"mu_gamma[1]",-1.15000226685667,-2.199104,0.0298317149999977,1.00285692402659,914.871343142119
"model_fits/finalized_redone3/proportion/chicken_fish/mpbamod_dishes_prop","mu_gamma[2]","pooled_mu_gamma",NA,"mu_gamma[2]",0.0501477939803333,-1.61066,1.7082945,1.00094478062833,2272.27163653146
"model_fits/finalized_redone3/proportion/chicken_fish/vegan_dishes_count","mu_gamma[1]","pooled_mu_gamma",NA,"mu_gamma[1]",0.170186940372,-0.1588307,0.5206083,1.00162568376783,276.346098914095
"model_fits/finalized_redone3/proportion/chicken_fish/vegan_dishes_count","mu_gamma[2]","pooled_mu_gamma",NA,"mu_gamma[2]",-0.00192090220866667,-1.5844805,1.5920975,1.00095731624544,1475.66544089269
"model_fits/finalized_redone3/proportion/chicken_fish/vegan_dishes_prop","mu_gamma[1]","pooled_mu_gamma",NA,"mu_gamma[1]",0.872649829057,-0.0756823149999999,1.7483815,1.00227108796534,2092.61388887931
"model_fits/finalized_redone3/proportion/chicken_fish/vegan_dishes_prop","mu_gamma[2]","pooled_mu_gamma",NA,"mu_gamma[2]",0.00217807532266667,-1.7320005,1.786077,1.00031930421292,4309.38108792804
"model_fits/finalized_redone3/proportion/chicken_fish/vegetarian_dishes_count","mu_gamma[1]","pooled_mu_gamma",NA,"mu_gamma[1]",0.0817986746415333,-0.0254679,0.2042568,1.01671441448489,307.217110670575
"model_fits/finalized_redone3/proportion/chicken_fish/vegetarian_dishes_count","mu_gamma[2]","pooled_mu_gamma",NA,"mu_gamma[2]",0.0146467374960667,-1.5880785,1.664581,1.00003072716432,1180.26084296946
"model_fits/finalized_redone3/proportion/chicken_fish/vegetarian_dishes_prop","mu_gamma[1]","pooled_mu_gamma",NA,"mu_gamma[1]",-0.346354008418,-1.580922,0.89282365,1.002017020112,958.230830316084
"model_fits/finalized_redone3/proportion/chicken_fish/vegetarian_dishes_prop","mu_gamma[2]","pooled_mu_gamma",NA,"mu_gamma[2]",0.003869408277,-1.676581,1.623885,1.00087450316216,3082.22873951788
"model_fits/finalized_redone4/proportion_targeted/breakfast_p/breakfast_dishes_count","mu_gamma[1]","pooled_mu_gamma",NA,"mu_gamma[1]",-0.124925915805,-0.46562235,0.2436034,1.00290255494906,949.960828977845
"model_fits/finalized_redone4/proportion_targeted/breakfast_p/breakfast_dishes_count","mu_gamma[2]","pooled_mu_gamma",NA,"mu_gamma[2]",0.014632969482,-1.641256,1.67872,1.00097313437173,2259.01422165161
"model_fits/finalized_redone4/proportion_targeted/breakfast_p/breakfast_dishes_presence","mu_gamma[1]","pooled_mu_gamma",NA,"mu_gamma[1]",-0.145642769547,-0.702303,0.5851852,1.00359392959704,320.655923824932
"model_fits/finalized_redone4/proportion_targeted/breakfast_p/breakfast_dishes_presence","mu_gamma[2]","pooled_mu_gamma",NA,"mu_gamma[2]",0.018097037253,-1.638806,1.6761155,1.00083656907253,923.549901299266
"model_fits/finalized_redone4/proportion_targeted/chicken_p/chicken_dishes_count","mu_gamma[1]","pooled_mu_gamma",NA,"mu_gamma[1]",0.0455003397436667,-0.4242213,0.495612349999999,1.01768151052061,146.486176771067
"model_fits/finalized_redone4/proportion_targeted/chicken_p/chicken_dishes_count","mu_gamma[2]","pooled_mu_gamma",NA,"mu_gamma[2]",0.109175839785,-1.6984425,1.6722335,1.01537052995475,120.188551123905
"model_fits/finalized_redone4/proportion_targeted/chicken_p/chicken_dishes_presence","mu_gamma[1]","pooled_mu_gamma",NA,"mu_gamma[1]",0.213182475696293,-0.60027535,1.137208,1.0302370618512,78.9971192125728
"model_fits/finalized_redone4/proportion_targeted/chicken_p/chicken_dishes_presence","mu_gamma[2]","pooled_mu_gamma",NA,"mu_gamma[2]",0.0275878230683333,-1.6109845,1.66878749999999,1.04266593523361,1644.85755047423
"model_fits/finalized_redone4/proportion_targeted/dairy_p/dairy_dishes_count","mu_gamma[1]","pooled_mu_gamma",NA,"mu_gamma[1]",0.0624596572995,-0.02002844,0.1565005,1.00079925855863,1046.67296053037
"model_fits/finalized_redone4/proportion_targeted/dairy_p/dairy_dishes_count","mu_gamma[2]","pooled_mu_gamma",NA,"mu_gamma[2]",-0.00579995987983333,-1.5750925,1.682003,0.999942975235166,4096.64301715845
"model_fits/finalized_redone4/proportion_targeted/dairy_p/dairy_dishes_presence","mu_gamma[1]","pooled_mu_gamma",NA,"mu_gamma[1]",0.238720193596167,-0.72874165,1.6301565,1.01788066126257,137.709431842612
"model_fits/finalized_redone4/proportion_targeted/dairy_p/dairy_dishes_presence","mu_gamma[2]","pooled_mu_gamma",NA,"mu_gamma[2]",0.062566945989,-1.657749,1.6734615,1.00248647094042,786.703671861462
"model_fits/finalized_redone4/proportion_targeted/egg_p/egg_dishes_count","mu_gamma[1]","pooled_mu_gamma",NA,"mu_gamma[1]",0.0761587462686667,-0.27225925,0.484237599999999,1.0069589178454,366.006201005878
"model_fits/finalized_redone4/proportion_targeted/egg_p/egg_dishes_count","mu_gamma[2]","pooled_mu_gamma",NA,"mu_gamma[2]",-0.043614345998,-1.755246,1.62578,1.00121722853639,1056.30491636318
"model_fits/finalized_redone4/proportion_targeted/egg_p/egg_dishes_presence","mu_gamma[1]","pooled_mu_gamma",NA,"mu_gamma[1]",0.000676091777266666,-0.9115081,0.80156135,1.013061269089,135.644352122827
"model_fits/finalized_redone4/proportion_targeted/egg_p/egg_dishes_presence","mu_gamma[2]","pooled_mu_gamma",NA,"mu_gamma[2]",-0.061073050222,-1.672729,1.4999115,1.01881292709301,206.228978569661
"model_fits/finalized_redone4/proportion_targeted/untextured_p/untextured_dishes_count","mu_gamma[1]","pooled_mu_gamma",NA,"mu_gamma[1]",0.221334335412333,-0.52024505,1.0876085,1.02578636160614,38.1961152272042
"model_fits/finalized_redone4/proportion_targeted/untextured_p/untextured_dishes_count","mu_gamma[2]","pooled_mu_gamma",NA,"mu_gamma[2]",0.0336428512883333,-1.5733595,1.4469125,1.05507592240494,38.3137171650917
"model_fits/finalized_redone4/proportion_targeted/untextured_p/untextured_dishes_presence","mu_gamma[1]","pooled_mu_gamma",NA,"mu_gamma[1]",0.221334335412333,-0.52024505,1.0876085,1.02578636160614,38.1961152272042
"model_fits/finalized_redone4/proportion_targeted/untextured_p/untextured_dishes_presence","mu_gamma[2]","pooled_mu_gamma",NA,"mu_gamma[2]",0.0336428512883333,-1.5733595,1.4469125,1.05507592240494,38.3137171650917
"model_fits/finalized_redone4/proportion/chicken_fish/mpbamod_dishes_count","mu_gamma[1]","pooled_mu_gamma",NA,"mu_gamma[1]",-0.0214642395180333,-0.1217463,0.03573111,1.00431425796917,683.759358166408
"model_fits/finalized_redone4/proportion/chicken_fish/mpbamod_dishes_count","mu_gamma[2]","pooled_mu_gamma",NA,"mu_gamma[2]",-0.00755851223433333,-1.649058,1.6424815,0.9999089297867,2857.5265594416
"model_fits/finalized_redone4/proportion/chicken_fish/mpbamod_dishes_prop","mu_gamma[1]","pooled_mu_gamma",NA,"mu_gamma[1]",-1.11407947007,-2.1450405,0.0399696249999997,0.999901510211722,2577.62737776034
"model_fits/finalized_redone4/proportion/chicken_fish/mpbamod_dishes_prop","mu_gamma[2]","pooled_mu_gamma",NA,"mu_gamma[2]",-0.00440659286766667,-1.6420995,1.6412345,1.00177224191834,4879.02120166059
"model_fits/finalized_redone4/proportion/chicken_fish/vegan_dishes_count","mu_gamma[1]","pooled_mu_gamma",NA,"mu_gamma[1]",0.1527746853082,-0.11593405,0.4129784,1.00908040747595,298.865897898367
"model_fits/finalized_redone4/proportion/chicken_fish/vegan_dishes_count","mu_gamma[2]","pooled_mu_gamma",NA,"mu_gamma[2]",-0.0253007717143333,-1.6430965,1.6444045,1.0016604457388,1168.24747728275
"model_fits/finalized_redone4/proportion/chicken_fish/vegan_dishes_prop","mu_gamma[1]","pooled_mu_gamma",NA,"mu_gamma[1]",0.673730777414333,-0.30232535,1.6914355,1.0017113483595,2068.7320296152
"model_fits/finalized_redone4/proportion/chicken_fish/vegan_dishes_prop","mu_gamma[2]","pooled_mu_gamma",NA,"mu_gamma[2]",-0.0189123899273333,-1.637115,1.5854975,0.999983487142116,5054.74541237269
"model_fits/finalized_redone4/proportion/chicken_fish/vegetarian_dishes_count","mu_gamma[1]","pooled_mu_gamma",NA,"mu_gamma[1]",0.08912258275662,-0.00940451699999999,0.2098259,1.00507999988806,666.389297929656
"model_fits/finalized_redone4/proportion/chicken_fish/vegetarian_dishes_count","mu_gamma[2]","pooled_mu_gamma",NA,"mu_gamma[2]",-0.0318172090833333,-1.732959,1.6493225,1.00042730116904,2545.21718210368
"model_fits/finalized_redone4/proportion/chicken_fish/vegetarian_dishes_prop","mu_gamma[1]","pooled_mu_gamma",NA,"mu_gamma[1]",-0.174566950519667,-1.452653,1.07823,1.00066033347349,2591.02288872165
"model_fits/finalized_redone4/proportion/chicken_fish/vegetarian_dishes_prop","mu_gamma[2]","pooled_mu_gamma",NA,"mu_gamma[2]",-0.00834426638033334,-1.6435205,1.6412155,1.00002059648338,3633.17465851073
"model_fits/finalized_redone4/proportion/meat/mpbamod_dishes_count","mu_gamma[1]","pooled_mu_gamma",NA,"mu_gamma[1]",-0.0212843257535333,-0.1870159,0.11932385,1.00135135204577,462.279928863957
"model_fits/finalized_redone4/proportion/meat/mpbamod_dishes_count","mu_gamma[2]","pooled_mu_gamma",NA,"mu_gamma[2]",-0.00457830128866667,-1.728576,1.6532005,1.00071315951375,2391.39472265662
"model_fits/finalized_redone4/proportion/meat/mpbamod_dishes_prop","mu_gamma[1]","pooled_mu_gamma",NA,"mu_gamma[1]",-0.501600699835,-1.643305,0.577611799999999,1.00215438083143,1112.58897255002
"model_fits/finalized_redone4/proportion/meat/mpbamod_dishes_prop","mu_gamma[2]","pooled_mu_gamma",NA,"mu_gamma[2]",-0.009470223022481,-1.6670255,1.6923415,1.0006111048109,4007.8593299371
"model_fits/finalized_redone4/proportion/meat/vegan_dishes_count","mu_gamma[1]","pooled_mu_gamma",NA,"mu_gamma[1]",0.179333224419333,-0.088009025,0.44968385,0.999786509113668,387.575602911349
"model_fits/finalized_redone4/proportion/meat/vegan_dishes_count","mu_gamma[2]","pooled_mu_gamma",NA,"mu_gamma[2]",0.0239031181778,-1.5948315,1.6601145,1.00019893149275,2295.93543669931
"model_fits/finalized_redone4/proportion/meat/vegan_dishes_prop","mu_gamma[1]","pooled_mu_gamma",NA,"mu_gamma[1]",0.252730434653167,-0.6876528,1.1474175,1.0006212423633,1560.66410457588
"model_fits/finalized_redone4/proportion/meat/vegan_dishes_prop","mu_gamma[2]","pooled_mu_gamma",NA,"mu_gamma[2]",0.00716298325666667,-1.600697,1.6361575,1.00014898490381,4961.64292942438
"model_fits/finalized_redone4/proportion/meat/vegetarian_dishes_count","mu_gamma[1]","pooled_mu_gamma",NA,"mu_gamma[1]",0.0319227121358333,-0.01456197,0.0789120049999999,1.00117034403076,861.69283824971
"model_fits/finalized_redone4/proportion/meat/vegetarian_dishes_count","mu_gamma[2]","pooled_mu_gamma",NA,"mu_gamma[2]",0.00419453159766667,-1.657417,1.6892945,1.00218124624212,3609.37089001554
"model_fits/finalized_redone4/proportion/meat/vegetarian_dishes_prop","mu_gamma[1]","pooled_mu_gamma",NA,"mu_gamma[1]",-0.4572368431712,-1.473501,0.575534849999999,1.00186430867249,1263.73679363487
"model_fits/finalized_redone4/proportion/meat/vegetarian_dishes_prop","mu_gamma[2]","pooled_mu_gamma",NA,"mu_gamma[2]",-0.0241905946276667,-1.5760965,1.602214,0.999731886113315,4147.37780002699
"model_fits/finalized_redone4/proportion/nonvegan/mpbamod_dishes_count","mu_gamma[1]","pooled_mu_gamma",NA,"mu_gamma[1]",-0.0209724566542,-0.24441785,0.1926243,1.00109372754824,328.370823756594
"model_fits/finalized_redone4/proportion/nonvegan/mpbamod_dishes_count","mu_gamma[2]","pooled_mu_gamma",NA,"mu_gamma[2]",0.00660774289466667,-1.6640255,1.6300295,1.00243093571924,1949.9787476529
"model_fits/finalized_redone4/proportion/nonvegan/mpbamod_dishes_prop","mu_gamma[1]","pooled_mu_gamma",NA,"mu_gamma[1]",-0.639693323451667,-1.7824595,0.527031949999999,0.999788681718785,1868.26995721355
"model_fits/finalized_redone4/proportion/nonvegan/mpbamod_dishes_prop","mu_gamma[2]","pooled_mu_gamma",NA,"mu_gamma[2]",-0.0139319386056667,-1.717909,1.657709,0.999842074963969,5838.62866412057
"model_fits/finalized_redone4/proportion/nonvegan/vegan_dishes_count","mu_gamma[1]","pooled_mu_gamma",NA,"mu_gamma[1]",0.210908764491667,-0.0485062149999999,0.477952,1.00290794039614,550.645008882466
"model_fits/finalized_redone4/proportion/nonvegan/vegan_dishes_count","mu_gamma[2]","pooled_mu_gamma",NA,"mu_gamma[2]",-0.0190872025326667,-1.7533485,1.67392,0.99957606213223,3783.67866747801
"model_fits/finalized_redone4/proportion/nonvegan/vegan_dishes_prop","mu_gamma[1]","pooled_mu_gamma",NA,"mu_gamma[1]",0.728248818710667,-0.1651342,1.5430185,1.00007605345332,1697.24447732419
"model_fits/finalized_redone4/proportion/nonvegan/vegan_dishes_prop","mu_gamma[2]","pooled_mu_gamma",NA,"mu_gamma[2]",0.0103796161911,-1.6858275,1.6479765,0.999586339857006,4576.58980799002
"model_fits/finalized_redone4/proportion/nonvegan/vegetarian_dishes_count","mu_gamma[1]","pooled_mu_gamma",NA,"mu_gamma[1]",0.05000779177,-0.00845571799999999,0.10919805,1.00266318925985,745.513928046889
"model_fits/finalized_redone4/proportion/nonvegan/vegetarian_dishes_count","mu_gamma[2]","pooled_mu_gamma",NA,"mu_gamma[2]",-0.00515412545333333,-1.6435745,1.679027,1.00025694257139,4083.09383948384
"model_fits/finalized_redone4/proportion/nonvegan/vegetarian_dishes_prop","mu_gamma[1]","pooled_mu_gamma",NA,"mu_gamma[1]",0.299171070563,-0.54443385,1.075492,1.00101178312636,1207.4923675053
"model_fits/finalized_redone4/proportion/nonvegan/vegetarian_dishes_prop","mu_gamma[2]","pooled_mu_gamma",NA,"mu_gamma[2]",0.0126436494666667,-1.643407,1.64881,1.00251535871491,3638.49933458158
"model_fits/finalized_redone4/proportion/total/mpbamod_dishes_count","mu_gamma[1]","pooled_mu_gamma",NA,"mu_gamma[1]",-0.00504324570453333,-0.21062285,0.20138775,1.00226874467251,662.231741349282
"model_fits/finalized_redone4/proportion/total/mpbamod_dishes_count","mu_gamma[2]","pooled_mu_gamma",NA,"mu_gamma[2]",-0.0146871900203333,-1.7247815,1.69411,0.999727424854575,5262.72106924937
"model_fits/finalized_redone4/proportion/total/mpbamod_dishes_prop","mu_gamma[1]","pooled_mu_gamma",NA,"mu_gamma[1]",-0.618519457591667,-1.863557,0.58839115,1.00041621545186,1825.86208413031
"model_fits/finalized_redone4/proportion/total/mpbamod_dishes_prop","mu_gamma[2]","pooled_mu_gamma",NA,"mu_gamma[2]",0.00279732583366667,-1.6626565,1.633945,1.00032487454887,5607.51333217343
"model_fits/finalized_redone4/proportion/total/vegan_dishes_count","mu_gamma[1]","pooled_mu_gamma",NA,"mu_gamma[1]",0.201755871232,-0.064975955,0.47177765,1.00368786440291,376.950597448081
"model_fits/finalized_redone4/proportion/total/vegan_dishes_count","mu_gamma[2]","pooled_mu_gamma",NA,"mu_gamma[2]",-0.009953557103,-1.6223945,1.6868415,1.00115025514262,2922.89302074656
"model_fits/finalized_redone4/proportion/total/vegan_dishes_prop","mu_gamma[1]","pooled_mu_gamma",NA,"mu_gamma[1]",0.820155473172,-0.1593076,1.6890865,1.00085396454977,1833.89634776778
"model_fits/finalized_redone4/proportion/total/vegan_dishes_prop","mu_gamma[2]","pooled_mu_gamma",NA,"mu_gamma[2]",7.7821013e-05,-1.650017,1.620002,1.00204446942022,6042.36646360859
"model_fits/finalized_redone4/proportion/total/vegetarian_dishes_count","mu_gamma[1]","pooled_mu_gamma",NA,"mu_gamma[1]",0.0486823830992667,-0.01528244,0.10783575,1.00352315462391,479.846248286816
"model_fits/finalized_redone4/proportion/total/vegetarian_dishes_count","mu_gamma[2]","pooled_mu_gamma",NA,"mu_gamma[2]",-0.0266250958926667,-1.679677,1.6486365,1.00108554227605,2979.4378374421
"model_fits/finalized_redone4/proportion/total/vegetarian_dishes_prop","mu_gamma[1]","pooled_mu_gamma",NA,"mu_gamma[1]",0.361877197718667,-0.5096573,1.125537,1.00043526569042,1909.29000931786
"model_fits/finalized_redone4/proportion/total/vegetarian_dishes_prop","mu_gamma[2]","pooled_mu_gamma",NA,"mu_gamma[2]",-0.00647014632433333,-1.64685,1.644674,0.999503084570624,5229.571350066
"model_fits/finalized_redone4/proportion/vegan/mpbamod_dishes_count","mu_gamma[1]","pooled_mu_gamma",NA,"mu_gamma[1]",0.0269188964447667,-0.14528855,0.20435195,1.00212670081712,624.444552882786
"model_fits/finalized_redone4/proportion/vegan/mpbamod_dishes_count","mu_gamma[2]","pooled_mu_gamma",NA,"mu_gamma[2]",-0.0125378839473333,-1.6392055,1.6450305,1.000719567881,4664.53333264175
"model_fits/finalized_redone4/proportion/vegan/mpbamod_dishes_prop","mu_gamma[1]","pooled_mu_gamma",NA,"mu_gamma[1]",-0.431156196482,-1.5776495,0.6956696,1.00049898147615,1366.74551989841
"model_fits/finalized_redone4/proportion/vegan/mpbamod_dishes_prop","mu_gamma[2]","pooled_mu_gamma",NA,"mu_gamma[2]",-0.00934337466233333,-1.6409015,1.6211195,1.00237723464391,5696.81937408634
"model_fits/finalized_redone4/proportion/vegan/vegan_dishes_count","mu_gamma[1]","pooled_mu_gamma",NA,"mu_gamma[1]",0.148597748024633,-0.032776525,0.3362269,1.02681431722625,147.764708536729
"model_fits/finalized_redone4/proportion/vegan/vegan_dishes_count","mu_gamma[2]","pooled_mu_gamma",NA,"mu_gamma[2]",-0.012887449982,-1.574918,1.5713925,1.00119555777313,889.345711270025
"model_fits/finalized_redone4/proportion/vegan/vegan_dishes_prop","mu_gamma[1]","pooled_mu_gamma",NA,"mu_gamma[1]",1.63959664218667,0.68330455,2.5523495,1.00106349663668,2138.10131192424
"model_fits/finalized_redone4/proportion/vegan/vegan_dishes_prop","mu_gamma[2]","pooled_mu_gamma",NA,"mu_gamma[2]",-0.0167170159353333,-1.6001695,1.6019935,1.00177858830239,3698.35515857421
"model_fits/finalized_redone4/proportion/vegan/vegetarian_dishes_count","mu_gamma[1]","pooled_mu_gamma",NA,"mu_gamma[1]",0.0657147275504667,-0.000689147899999996,0.12976105,1.00097099778016,447.600174900202
"model_fits/finalized_redone4/proportion/vegan/vegetarian_dishes_count","mu_gamma[2]","pooled_mu_gamma",NA,"mu_gamma[2]",-0.00239579855166667,-1.721813,1.6828815,1.00120024553583,2200.72317599662
"model_fits/finalized_redone4/proportion/vegan/vegetarian_dishes_prop","mu_gamma[1]","pooled_mu_gamma",NA,"mu_gamma[1]",1.12768197328,0.28105925,1.909837,1.00003880286765,1994.57726293002
"model_fits/finalized_redone4/proportion/vegan/vegetarian_dishes_prop","mu_gamma[2]","pooled_mu_gamma",NA,"mu_gamma[2]",0.00938201072466667,-1.6771645,1.737248,0.999527434387878,3839.54036948197
"model_fits/finalized_redone4/proportion/vegetarian/mpbamod_dishes_count","mu_gamma[1]","pooled_mu_gamma",NA,"mu_gamma[1]",0.0156060800132,-0.257114,0.291504249999999,1.00917734298232,289.327890550106
"model_fits/finalized_redone4/proportion/vegetarian/mpbamod_dishes_count","mu_gamma[2]","pooled_mu_gamma",NA,"mu_gamma[2]",-0.0191050874086667,-1.706205,1.6251485,1.00123180482914,1870.17444368124
"model_fits/finalized_redone4/proportion/vegetarian/mpbamod_dishes_prop","mu_gamma[1]","pooled_mu_gamma",NA,"mu_gamma[1]",-0.4328414530401,-1.67115,0.814685299999999,1.00097208361814,1866.86988507599
"model_fits/finalized_redone4/proportion/vegetarian/mpbamod_dishes_prop","mu_gamma[2]","pooled_mu_gamma",NA,"mu_gamma[2]",-0.0118056625953333,-1.596192,1.6074545,1.00260153295666,5688.86979932146
"model_fits/finalized_redone4/proportion/vegetarian/vegan_dishes_count","mu_gamma[1]","pooled_mu_gamma",NA,"mu_gamma[1]",0.183184150400333,-0.02202644,0.38574915,1.00186212161152,594.080329530903
"model_fits/finalized_redone4/proportion/vegetarian/vegan_dishes_count","mu_gamma[2]","pooled_mu_gamma",NA,"mu_gamma[2]",0.0196045684896667,-1.611694,1.674437,0.999962284210563,3732.06411754219
"model_fits/finalized_redone4/proportion/vegetarian/vegan_dishes_prop","mu_gamma[1]","pooled_mu_gamma",NA,"mu_gamma[1]",0.761035735570333,-0.08331443,1.657371,1.0018647687031,1972.72304667557
"model_fits/finalized_redone4/proportion/vegetarian/vegan_dishes_prop","mu_gamma[2]","pooled_mu_gamma",NA,"mu_gamma[2]",0.0116453874963333,-1.6488865,1.6895855,0.999503459217102,4988.21844248538
"model_fits/finalized_redone4/proportion/vegetarian/vegetarian_dishes_count","mu_gamma[1]","pooled_mu_gamma",NA,"mu_gamma[1]",0.0707442783567,-0.012172515,0.1458049,1.00723661377156,433.468757567362
"model_fits/finalized_redone4/proportion/vegetarian/vegetarian_dishes_count","mu_gamma[2]","pooled_mu_gamma",NA,"mu_gamma[2]",-0.0352633133973333,-1.692729,1.5874055,1.00052136505663,4136.60056742583
"model_fits/finalized_redone4/proportion/vegetarian/vegetarian_dishes_prop","mu_gamma[1]","pooled_mu_gamma",NA,"mu_gamma[1]",1.18401077857173,0.0956565400000001,2.0791425,1.00066231866562,1098.85838539235
"model_fits/finalized_redone4/proportion/vegetarian/vegetarian_dishes_prop","mu_gamma[2]","pooled_mu_gamma",NA,"mu_gamma[2]",0.0136851061233333,-1.666781,1.669241,1.00002145789438,2808.01541107015
"model_fits/finalized_redone5/proportion_targeted/chicken_p/chicken_dishes_count","mu_gamma[1]","pooled_mu_gamma",NA,"mu_gamma[1]",0.0413189763190233,-0.2473872,0.3013143,1.00589958330515,230.020764186918
"model_fits/finalized_redone5/proportion_targeted/chicken_p/chicken_dishes_count","mu_gamma[2]","pooled_mu_gamma",NA,"mu_gamma[2]",0.106503766455333,-1.5365365,1.6807845,1.00964951573229,164.522521413534
"model_fits/finalized_redone5/proportion_targeted/chicken_p/chicken_dishes_presence","mu_gamma[1]","pooled_mu_gamma",NA,"mu_gamma[1]",0.268170303387,-0.4042516,0.832669049999999,1.00932636328793,307.734516737362
"model_fits/finalized_redone5/proportion_targeted/chicken_p/chicken_dishes_presence","mu_gamma[2]","pooled_mu_gamma",NA,"mu_gamma[2]",0.0178245112623333,-1.6262885,1.7265665,1.00273580885535,812.171301652123
"model_fits/finalized_redone5/proportion/chicken_fish/mpbamod_dishes_count","mu_gamma[1]","pooled_mu_gamma",NA,"mu_gamma[1]",-0.01528153932734,-0.08978279,0.0346561499999999,1.00651161195057,741.639884521499
"model_fits/finalized_redone5/proportion/chicken_fish/mpbamod_dishes_count","mu_gamma[2]","pooled_mu_gamma",NA,"mu_gamma[2]",-0.00714332850633333,-1.6274975,1.6418505,1.00203816318344,4848.23198304358
"model_fits/finalized_redone5/proportion/chicken_fish/mpbamod_dishes_prop","mu_gamma[1]","pooled_mu_gamma",NA,"mu_gamma[1]",-1.29276336172667,-2.1351465,-0.44358445,0.999661327352637,3923.17410040426
"model_fits/finalized_redone5/proportion/chicken_fish/mpbamod_dishes_prop","mu_gamma[2]","pooled_mu_gamma",NA,"mu_gamma[2]",-0.0100087275193333,-1.7298195,1.6832545,1.00016861476727,5598.55837146544
"model_fits/finalized_redone5/proportion/meat/mpbamod_dishes_count","mu_gamma[1]","pooled_mu_gamma",NA,"mu_gamma[1]",-0.0234140943696333,-0.17535555,0.10427955,1.00303693459417,603.330252440991
"model_fits/finalized_redone5/proportion/meat/mpbamod_dishes_count","mu_gamma[2]","pooled_mu_gamma",NA,"mu_gamma[2]",0.0195211065786667,-1.6255975,1.6481785,1.00095035982992,2958.38930517349
"model_fits/finalized_redone5/proportion/meat/mpbamod_dishes_prop","mu_gamma[1]","pooled_mu_gamma",NA,"mu_gamma[1]",-0.266089159849767,-1.1299615,0.4828452,1.00068924455639,1504.2310378165
"model_fits/finalized_redone5/proportion/meat/mpbamod_dishes_prop","mu_gamma[2]","pooled_mu_gamma",NA,"mu_gamma[2]",-0.0044405191146,-1.6390605,1.642581,0.999753008763252,4278.01252908947
"model_fits/finalized_redone5/proportion/nonvegan/mpbamod_dishes_count","mu_gamma[1]","pooled_mu_gamma",NA,"mu_gamma[1]",-0.0174998038253125,-0.2220977,0.16379185,1.01109674443172,313.36234283113
"model_fits/finalized_redone5/proportion/nonvegan/mpbamod_dishes_count","mu_gamma[2]","pooled_mu_gamma",NA,"mu_gamma[2]",-0.0188093982123333,-1.71765,1.662621,0.999926583607003,2785.43162022253
"model_fits/finalized_redone5/proportion/nonvegan/mpbamod_dishes_prop","mu_gamma[1]","pooled_mu_gamma",NA,"mu_gamma[1]",-0.515025934700333,-1.460572,0.382621749999999,0.999831542460473,1783.34830166873
"model_fits/finalized_redone5/proportion/nonvegan/mpbamod_dishes_prop","mu_gamma[2]","pooled_mu_gamma",NA,"mu_gamma[2]",0.0116621567136667,-1.6507815,1.6348755,1.00102032340899,5495.29072125108
"model_fits/finalized_redone5/proportion/total/mpbamod_dishes_count","mu_gamma[1]","pooled_mu_gamma",NA,"mu_gamma[1]",-0.01527435045955,-0.2058598,0.1646545,0.999683044329649,853.135992176408
"model_fits/finalized_redone5/proportion/total/mpbamod_dishes_count","mu_gamma[2]","pooled_mu_gamma",NA,"mu_gamma[2]",-0.031935276659,-1.6741475,1.6286885,0.999398369862057,5689.09480561309
"model_fits/finalized_redone5/proportion/total/mpbamod_dishes_prop","mu_gamma[1]","pooled_mu_gamma",NA,"mu_gamma[1]",-0.497017261318667,-1.4535935,0.3847872,1.00005178625132,1300.41187779008
"model_fits/finalized_redone5/proportion/total/mpbamod_dishes_prop","mu_gamma[2]","pooled_mu_gamma",NA,"mu_gamma[2]",-0.0332061382597667,-1.671943,1.538331,1.00150878605544,3848.519285592
"model_fits/finalized_redone5/proportion/total/vegan_dishes_count","mu_gamma[1]","pooled_mu_gamma",NA,"mu_gamma[1]",0.201395276985333,-0.05460523,0.4577222,1.0043170840575,358.59607813892
"model_fits/finalized_redone5/proportion/total/vegan_dishes_count","mu_gamma[2]","pooled_mu_gamma",NA,"mu_gamma[2]",-0.0316497592143333,-1.740443,1.628669,1.00217493305346,2156.1113467011
"model_fits/finalized_redone5/proportion/total/vegan_dishes_prop","mu_gamma[1]","pooled_mu_gamma",NA,"mu_gamma[1]",1.00064770911333,0.33618515,1.643092,1.0012223738605,1356.29477326565
"model_fits/finalized_redone5/proportion/total/vegan_dishes_prop","mu_gamma[2]","pooled_mu_gamma",NA,"mu_gamma[2]",0.0136831324233333,-1.6526445,1.6486775,1.00179673051227,3687.86403126283
"model_fits/finalized_redone5/proportion/total/vegetarian_dishes_count","mu_gamma[1]","pooled_mu_gamma",NA,"mu_gamma[1]",0.0484627841992667,-0.0142485,0.10362405,1.00135266680297,641.292670919
"model_fits/finalized_redone5/proportion/total/vegetarian_dishes_count","mu_gamma[2]","pooled_mu_gamma",NA,"mu_gamma[2]",-0.0032873259056,-1.6398795,1.6307275,0.999636368150962,5116.05225213378
"model_fits/finalized_redone5/proportion/total/vegetarian_dishes_prop","mu_gamma[1]","pooled_mu_gamma",NA,"mu_gamma[1]",0.497601936899333,-0.1736564,1.0759085,1.00025214517406,1498.35175062786
"model_fits/finalized_redone5/proportion/total/vegetarian_dishes_prop","mu_gamma[2]","pooled_mu_gamma",NA,"mu_gamma[2]",-0.00995179544933333,-1.6943125,1.632167,1.00438972060817,4438.59833542597
"model_fits/finalized_redone5/proportion/vegan/mpbamod_dishes_count","mu_gamma[1]","pooled_mu_gamma",NA,"mu_gamma[1]",0.0295134267379,-0.1258163,0.188243,1.00142732095539,899.664766119933
"model_fits/finalized_redone5/proportion/vegan/mpbamod_dishes_count","mu_gamma[2]","pooled_mu_gamma",NA,"mu_gamma[2]",-0.00346135318433333,-1.6652345,1.655038,1.00004041892455,5596.50735687509
"model_fits/finalized_redone5/proportion/vegan/mpbamod_dishes_prop","mu_gamma[1]","pooled_mu_gamma",NA,"mu_gamma[1]",-0.470622022266333,-1.3695835,0.404715449999999,1.00097807407973,1494.10804775736
"model_fits/finalized_redone5/proportion/vegan/mpbamod_dishes_prop","mu_gamma[2]","pooled_mu_gamma",NA,"mu_gamma[2]",-0.016136576254,-1.6809305,1.648223,1.00018789061493,3611.69926499767
"model_fits/finalized_redone5/proportion/vegetarian/mpbamod_dishes_count","mu_gamma[1]","pooled_mu_gamma",NA,"mu_gamma[1]",0.0163642563392667,-0.23323145,0.2443612,1.00546755456985,309.309061036788
"model_fits/finalized_redone5/proportion/vegetarian/mpbamod_dishes_count","mu_gamma[2]","pooled_mu_gamma",NA,"mu_gamma[2]",-0.021325925754,-1.635618,1.6156135,1.00088574003254,2121.34829717877
"model_fits/finalized_redone5/proportion/vegetarian/mpbamod_dishes_prop","mu_gamma[1]","pooled_mu_gamma",NA,"mu_gamma[1]",-0.390737132881967,-1.4395975,0.6097036,1.00001532797905,1876.49226667262
"model_fits/finalized_redone5/proportion/vegetarian/mpbamod_dishes_prop","mu_gamma[2]","pooled_mu_gamma",NA,"mu_gamma[2]",0.0175133769443333,-1.6599205,1.7573235,1.0009068389245,5284.97714817038
"model_fits/finalized_simple/customer_targeted/breakfast","mu_gamma[1]","pooled_mu_gamma",NA,"mu_gamma[1]",0.189180499373333,-0.485814,0.87415575,1.00016763126714,713.951192291757
"model_fits/finalized_simple/customer_targeted/breakfast","mu_gamma[2]","pooled_mu_gamma",NA,"mu_gamma[2]",-0.319689049678667,-0.5248447,-0.0359682650000001,0.999698034143668,593.484525106012
"model_fits/finalized_simple/customer_targeted/untextured","mu_gamma[1]","pooled_mu_gamma",NA,"mu_gamma[1]",0.147256019451867,-0.5947123,0.8825315,1.0036481126168,648.181745307065
"model_fits/finalized_simple/customer_targeted/untextured","mu_gamma[2]","pooled_mu_gamma",NA,"mu_gamma[2]",-0.352425920274667,-1.0052485,0.45419875,0.999951350299781,870.920529283103
"model_fits/finalized_simple/customer/chicken_fish","mu_gamma[1]","pooled_mu_gamma",NA,"mu_gamma[1]",0.102109713332,-0.7093408,0.85651465,1.00151400450409,1019.93709344457
"model_fits/finalized_simple/customer/chicken_fish","mu_gamma[2]","pooled_mu_gamma",NA,"mu_gamma[2]",-0.371665512348,-0.69537825,0.0269620599999997,0.999984356041416,771.752717730315
"model_fits/finalized_simple/customer/meat","mu_gamma[1]","pooled_mu_gamma",NA,"mu_gamma[1]",0.181010439466667,-0.470754,0.8409554,1.0008576243989,980.168049805765
"model_fits/finalized_simple/customer/meat","mu_gamma[2]","pooled_mu_gamma",NA,"mu_gamma[2]",-0.340423081726,-0.51473205,-0.0767510700000005,1.00055927036149,660.823111314623
"model_fits/finalized_simple/customer/nonvegan","mu_gamma[1]","pooled_mu_gamma",NA,"mu_gamma[1]",0.175607569841333,-0.43878605,0.82567035,0.99976944046839,812.433704086253
"model_fits/finalized_simple/customer/nonvegan","mu_gamma[2]","pooled_mu_gamma",NA,"mu_gamma[2]",-0.4060612424,-0.62988345,-0.23507745,1.00514542389538,686.275557283441
"model_fits/finalized_simple/customer/total","mu_gamma[1]","pooled_mu_gamma",NA,"mu_gamma[1]",0.142901410112,-0.5040077,0.734865,1.00076717721973,843.360608551933
"model_fits/finalized_simple/customer/total","mu_gamma[2]","pooled_mu_gamma",NA,"mu_gamma[2]",-0.385972778933333,-0.5671056,-0.22786455,1.00007144830827,943.961830605935
"model_fits/finalized_simple/customer/vegan","mu_gamma[1]","pooled_mu_gamma",NA,"mu_gamma[1]",0.05716037282,-0.5551466,0.65378995,1.00055803767046,706.296269951106
"model_fits/finalized_simple/customer/vegan","mu_gamma[2]","pooled_mu_gamma",NA,"mu_gamma[2]",-0.307482861686,-0.551781,-0.00684700600000025,0.999471141304773,1061.94755123793
"model_fits/finalized_simple/customer/vegetarian","mu_gamma[1]","pooled_mu_gamma",NA,"mu_gamma[1]",0.0838370738393333,-0.59029965,0.74409475,0.999557009152843,971.772216901816
"model_fits/finalized_simple/customer/vegetarian","mu_gamma[2]","pooled_mu_gamma",NA,"mu_gamma[2]",-0.447400177366667,-0.7459267,-0.19221815,1.00089102322004,1163.37104667242
"model_fits/finalized_simple/its_targeted/breakfast","mu_gamma[1]","pooled_mu_gamma",NA,"mu_gamma[1]",0.341722779476667,-0.10161645,0.7694417,1.00177824149684,544.947770921213
"model_fits/finalized_simple/its_targeted/breakfast","mu_gamma[2]","pooled_mu_gamma",NA,"mu_gamma[2]",0.500357887482667,-0.040982255,1.0447245,1.00158274193721,844.570743149977
"model_fits/finalized_simple/its_targeted/textured","mu_gamma[1]","pooled_mu_gamma",NA,"mu_gamma[1]",0.160218869466667,0.1244038,0.1970587,1.00192666945876,213.251120550306
"model_fits/finalized_simple/its_targeted/textured","mu_gamma[2]","pooled_mu_gamma",NA,"mu_gamma[2]",-0.223172959313333,-0.339915,-0.099137815,1.00038808600149,213.521537980688
"model_fits/finalized_simple/its_targeted/untextured","mu_gamma[1]","pooled_mu_gamma",NA,"mu_gamma[1]",0.294610191514,-0.51369885,1.0010095,1.00119257166374,792.348918708479
"model_fits/finalized_simple/its_targeted/untextured","mu_gamma[2]","pooled_mu_gamma",NA,"mu_gamma[2]",-0.111474741066667,-0.7629888,0.64590105,0.999688317231014,827.187726716113
"model_fits/finalized_simple/its/chicken_fish","mu_gamma[1]","pooled_mu_gamma",NA,"mu_gamma[1]",0.216311449824667,-0.19242885,0.63430735,1.00068215137744,136.900756041981
"model_fits/finalized_simple/its/chicken_fish","mu_gamma[2]","pooled_mu_gamma",NA,"mu_gamma[2]",0.60611518417,0.01267164,1.2023135,1.00041839761979,165.677066244463
"model_fits/finalized_simple/its/meat","mu_gamma[1]","pooled_mu_gamma",NA,"mu_gamma[1]",0.227060678457333,-0.14424605,0.5804852,1.00763899625412,103.130546587725
"model_fits/finalized_simple/its/meat","mu_gamma[2]","pooled_mu_gamma",NA,"mu_gamma[2]",0.246636833042667,-0.1842989,0.6478383,1.03427220759251,48.3925055270396
"model_fits/finalized_simple/its/nonvegan","mu_gamma[1]","pooled_mu_gamma",NA,"mu_gamma[1]",0.185209623145333,-0.1017352,0.4768699,1.01648708369655,157.570768713049
"model_fits/finalized_simple/its/nonvegan","mu_gamma[2]","pooled_mu_gamma",NA,"mu_gamma[2]",0.233752883880467,-0.045068365,0.51173265,1.00094720534989,242.684576765272
"model_fits/finalized_simple/its/total","mu_gamma[1]","pooled_mu_gamma",NA,"mu_gamma[1]",0.186617620265333,-0.1302094,0.51049055,1.0002964675355,96.7039838492534
"model_fits/finalized_simple/its/total","mu_gamma[2]","pooled_mu_gamma",NA,"mu_gamma[2]",0.231914251140667,-0.1217389,0.57014175,1.00091741733002,173.443873020234
"model_fits/finalized_simple/its/vegan","mu_gamma[1]","pooled_mu_gamma",NA,"mu_gamma[1]",0.195081970105533,-0.1253549,0.5211964,1.00135442638851,276.369412429505
"model_fits/finalized_simple/its/vegan","mu_gamma[2]","pooled_mu_gamma",NA,"mu_gamma[2]",0.300853838617333,-0.1526409,0.7624862,1.0005634536938,238.081471205211
"model_fits/finalized_simple/its/vegetarian","mu_gamma[1]","pooled_mu_gamma",NA,"mu_gamma[1]",0.166850853619333,-0.0891429,0.430161,1.01984227536273,130.242715017684
"model_fits/finalized_simple/its/vegetarian","mu_gamma[2]","pooled_mu_gamma",NA,"mu_gamma[2]",0.179043651278769,-0.1114858,0.4775644,1.00831827905534,258.32732643661
"model_fits/finalized_simple/proportion_targeted/breakfast_p/breakfast_dishes_count","mu_gamma[1]","pooled_mu_gamma",NA,"mu_gamma[1]",0.216743839656,-0.015312125,0.4371633,1.00540946004079,1048.07903520076
"model_fits/finalized_simple/proportion_targeted/breakfast_p/breakfast_dishes_count","mu_gamma[2]","pooled_mu_gamma",NA,"mu_gamma[2]",-0.04073924765,-1.670068,1.624307,0.999413713549401,2781.41758964778
"model_fits/finalized_simple/proportion_targeted/breakfast_p/breakfast_dishes_presence","mu_gamma[1]","pooled_mu_gamma",NA,"mu_gamma[1]",0.602952605946667,0.133075,1.1303695,1.0014683145715,575.419413979977
"model_fits/finalized_simple/proportion_targeted/breakfast_p/breakfast_dishes_presence","mu_gamma[2]","pooled_mu_gamma",NA,"mu_gamma[2]",0.011632216104,-1.648401,1.6539955,0.999441206972122,1910.2766514041
"model_fits/finalized_simple/proportion_targeted/chicken_p/chicken_dishes_count","mu_gamma[1]","pooled_mu_gamma",NA,"mu_gamma[1]",0.0303906436446667,-0.3129706,0.30630655,1.00510126667171,372.452302647765
"model_fits/finalized_simple/proportion_targeted/chicken_p/chicken_dishes_count","mu_gamma[2]","pooled_mu_gamma",NA,"mu_gamma[2]",-0.00637843179710667,-1.7214645,1.725256,1.00027137298012,929.918849493071
"model_fits/finalized_simple/proportion_targeted/chicken_p/chicken_dishes_presence","mu_gamma[1]","pooled_mu_gamma",NA,"mu_gamma[1]",0.6181177682,0.056753205,1.31084,1.00388447449393,763.602904715668
"model_fits/finalized_simple/proportion_targeted/chicken_p/chicken_dishes_presence","mu_gamma[2]","pooled_mu_gamma",NA,"mu_gamma[2]",0.00489649375,-1.6262255,1.624835,1.00118111370138,2033.32741791505
"model_fits/finalized_simple/proportion_targeted/dairy_p/dairy_dishes_count","mu_gamma[1]","pooled_mu_gamma",NA,"mu_gamma[1]",0.0638106042112,-0.078519955,0.2047733,1.00117329625836,387.219170813125
"model_fits/finalized_simple/proportion_targeted/dairy_p/dairy_dishes_count","mu_gamma[2]","pooled_mu_gamma",NA,"mu_gamma[2]",0.009373044002,-1.5790145,1.5718155,0.999961385943209,2757.89420795296
"model_fits/finalized_simple/proportion_targeted/dairy_p/dairy_dishes_presence","mu_gamma[1]","pooled_mu_gamma",NA,"mu_gamma[1]",0.588344607046667,0.1386596,1.1526195,1.00187765400384,561.979009408857
"model_fits/finalized_simple/proportion_targeted/dairy_p/dairy_dishes_presence","mu_gamma[2]","pooled_mu_gamma",NA,"mu_gamma[2]",-0.0339408718173333,-1.695864,1.587833,1.00019516406403,2722.27139766565
"model_fits/finalized_simple/proportion_targeted/egg_p/egg_dishes_count","mu_gamma[1]","pooled_mu_gamma",NA,"mu_gamma[1]",0.11203986654,-0.1242562,0.31295195,1.00410907225082,390.675002882602
"model_fits/finalized_simple/proportion_targeted/egg_p/egg_dishes_count","mu_gamma[2]","pooled_mu_gamma",NA,"mu_gamma[2]",-0.00704178932,-1.6410945,1.5684425,1.00214933774844,1385.33252371934
"model_fits/finalized_simple/proportion_targeted/egg_p/egg_dishes_presence","mu_gamma[1]","pooled_mu_gamma",NA,"mu_gamma[1]",0.763496560308,0.25896275,1.184236,1.00629598190728,281.76063318902
"model_fits/finalized_simple/proportion_targeted/egg_p/egg_dishes_presence","mu_gamma[2]","pooled_mu_gamma",NA,"mu_gamma[2]",-0.00801762809333333,-1.7151915,1.6830045,0.999687450453409,1087.28618958281
"model_fits/finalized_simple/proportion_targeted/untextured_p/untextured_dishes_count","mu_gamma[1]","pooled_mu_gamma",NA,"mu_gamma[1]",0.360962289333333,0.3073035,0.41468795,0.999448326085816,2238.26889683286
"model_fits/finalized_simple/proportion_targeted/untextured_p/untextured_dishes_count","mu_gamma[2]","pooled_mu_gamma",NA,"mu_gamma[2]",0.00596165497046666,-1.5723065,1.659391,1.00115111626951,2283.92862730843
"model_fits/finalized_simple/proportion_targeted/untextured_p/untextured_dishes_presence","mu_gamma[1]","pooled_mu_gamma",NA,"mu_gamma[1]",0.360962289333333,0.3073035,0.41468795,0.999448326085816,2238.26889683286
"model_fits/finalized_simple/proportion_targeted/untextured_p/untextured_dishes_presence","mu_gamma[2]","pooled_mu_gamma",NA,"mu_gamma[2]",0.00596165497046666,-1.5723065,1.659391,1.00115111626951,2283.92862730843
"model_fits/finalized_simple/proportion/chicken_fish/mpbamod_dishes_count","mu_gamma[1]","pooled_mu_gamma",NA,"mu_gamma[1]",0.0760287535933333,-0.1251893,0.2942866,1.00092392615273,344.044009625956
"model_fits/finalized_simple/proportion/chicken_fish/mpbamod_dishes_count","mu_gamma[2]","pooled_mu_gamma",NA,"mu_gamma[2]",0.00663008116133333,-1.6142955,1.5553945,1.00133726439776,1508.88392686824
"model_fits/finalized_simple/proportion/chicken_fish/mpbamod_dishes_prop","mu_gamma[1]","pooled_mu_gamma",NA,"mu_gamma[1]",0.424393646966667,-0.5410794,1.3479895,1.00074686831292,642.862360275544
"model_fits/finalized_simple/proportion/chicken_fish/mpbamod_dishes_prop","mu_gamma[2]","pooled_mu_gamma",NA,"mu_gamma[2]",-0.0297831319693333,-1.6995895,1.679629,0.999558649858938,4093.68826085969
"model_fits/finalized_simple/proportion/chicken_fish/vegan_dishes_count","mu_gamma[1]","pooled_mu_gamma",NA,"mu_gamma[1]",0.218497892446,-0.1263678,0.5352852,1.01212259545904,93.1444542227578
"model_fits/finalized_simple/proportion/chicken_fish/vegan_dishes_count","mu_gamma[2]","pooled_mu_gamma",NA,"mu_gamma[2]",-0.0855358898546667,-1.8727595,1.6280415,1.00152137714089,378.56304933663
"model_fits/finalized_simple/proportion/chicken_fish/vegan_dishes_prop","mu_gamma[1]","pooled_mu_gamma",NA,"mu_gamma[1]",1.52590931013333,0.29235315,2.8191125,1.00215354979491,776.372969124024
"model_fits/finalized_simple/proportion/chicken_fish/vegan_dishes_prop","mu_gamma[2]","pooled_mu_gamma",NA,"mu_gamma[2]",0.0116959270666667,-1.6936655,1.723693,1.00324803348866,3176.30128880877
"model_fits/finalized_simple/proportion/chicken_fish/vegetarian_dishes_count","mu_gamma[1]","pooled_mu_gamma",NA,"mu_gamma[1]",0.081373440126,-0.03893831,0.20039465,1.0104009993615,281.154214899165
"model_fits/finalized_simple/proportion/chicken_fish/vegetarian_dishes_count","mu_gamma[2]","pooled_mu_gamma",NA,"mu_gamma[2]",0.004557579264,-1.6454895,1.603645,0.999498203972123,1231.14435637344
"model_fits/finalized_simple/proportion/chicken_fish/vegetarian_dishes_prop","mu_gamma[1]","pooled_mu_gamma",NA,"mu_gamma[1]",-1.72504883970333,-2.993235,-0.48594285,1.00272834317391,854.71789619486
"model_fits/finalized_simple/proportion/chicken_fish/vegetarian_dishes_prop","mu_gamma[2]","pooled_mu_gamma",NA,"mu_gamma[2]",0.001018250236,-1.6306785,1.6630815,0.999395811478215,2927.69586733879
"model_fits/finalized_simple/proportion/meat/mpbamod_dishes_count","mu_gamma[1]","pooled_mu_gamma",NA,"mu_gamma[1]",0.06991574207,-0.02957516,0.16380585,1.00163722171024,552.162849709991
"model_fits/finalized_simple/proportion/meat/mpbamod_dishes_count","mu_gamma[2]","pooled_mu_gamma",NA,"mu_gamma[2]",-0.0234018639806667,-1.679135,1.6553165,1.00103598742376,2920.71268212643
"model_fits/finalized_simple/proportion/meat/mpbamod_dishes_prop","mu_gamma[1]","pooled_mu_gamma",NA,"mu_gamma[1]",0.901635012481267,0.073307575,1.7359315,1.00320780475112,381.075719702801
"model_fits/finalized_simple/proportion/meat/mpbamod_dishes_prop","mu_gamma[2]","pooled_mu_gamma",NA,"mu_gamma[2]",-0.0241421673266667,-1.794102,1.6178435,1.00210095902688,1878.61554335122
"model_fits/finalized_simple/proportion/meat/vegan_dishes_count","mu_gamma[1]","pooled_mu_gamma",NA,"mu_gamma[1]",0.259798961974667,-0.020712315,0.54854595,1.00256556988257,103.898758343411
"model_fits/finalized_simple/proportion/meat/vegan_dishes_count","mu_gamma[2]","pooled_mu_gamma",NA,"mu_gamma[2]",-0.0273221535733333,-1.607832,1.634224,1.00032470810012,1094.02531368318
"model_fits/finalized_simple/proportion/meat/vegan_dishes_prop","mu_gamma[1]","pooled_mu_gamma",NA,"mu_gamma[1]",1.33901811406,0.29723725,2.294674,1.00460945926787,443.792687175433
"model_fits/finalized_simple/proportion/meat/vegan_dishes_prop","mu_gamma[2]","pooled_mu_gamma",NA,"mu_gamma[2]",-0.0328267832566667,-1.7132595,1.545582,0.999829306629635,2637.03978335574
"model_fits/finalized_simple/proportion/meat/vegetarian_dishes_count","mu_gamma[1]","pooled_mu_gamma",NA,"mu_gamma[1]",0.0536048895873333,0.0053379795,0.10136255,1.00128621490351,554.111819709203
"model_fits/finalized_simple/proportion/meat/vegetarian_dishes_count","mu_gamma[2]","pooled_mu_gamma",NA,"mu_gamma[2]",0.0150299317293333,-1.649091,1.7176785,1.00343354689044,3839.78864374147
"model_fits/finalized_simple/proportion/meat/vegetarian_dishes_prop","mu_gamma[1]","pooled_mu_gamma",NA,"mu_gamma[1]",-0.910711927055333,-1.975701,0.12204885,0.999646435636258,296.45096459664
"model_fits/finalized_simple/proportion/meat/vegetarian_dishes_prop","mu_gamma[2]","pooled_mu_gamma",NA,"mu_gamma[2]",0.018224718272,-1.6225415,1.745033,0.999432818896542,1649.12261914289
"model_fits/finalized_simple/proportion/nonvegan/mpbamod_dishes_count","mu_gamma[1]","pooled_mu_gamma",NA,"mu_gamma[1]",0.0764554254666667,-0.01426081,0.16968445,1.00344924854019,310.891642246645
"model_fits/finalized_simple/proportion/nonvegan/mpbamod_dishes_count","mu_gamma[2]","pooled_mu_gamma",NA,"mu_gamma[2]",-0.00971560296333333,-1.666886,1.7037395,1.00147386333868,2022.12790321608
"model_fits/finalized_simple/proportion/nonvegan/mpbamod_dishes_prop","mu_gamma[1]","pooled_mu_gamma",NA,"mu_gamma[1]",1.17423100336667,0.29283905,1.9903675,1.00057625573617,847.492567540077
"model_fits/finalized_simple/proportion/nonvegan/mpbamod_dishes_prop","mu_gamma[2]","pooled_mu_gamma",NA,"mu_gamma[2]",-0.0121514477831333,-1.622891,1.590466,0.999487023656228,1920.66559640033
"model_fits/finalized_simple/proportion/nonvegan/vegan_dishes_count","mu_gamma[1]","pooled_mu_gamma",NA,"mu_gamma[1]",0.23415966846262,-0.1370196,0.56542705,1.05740054763476,27.6649045799866
"model_fits/finalized_simple/proportion/nonvegan/vegan_dishes_count","mu_gamma[2]","pooled_mu_gamma",NA,"mu_gamma[2]",-0.03285132366,-1.6128955,1.4566905,1.00488876275305,346.22455105376
"model_fits/finalized_simple/proportion/nonvegan/vegan_dishes_prop","mu_gamma[1]","pooled_mu_gamma",NA,"mu_gamma[1]",1.07508915170667,0.2247722,1.887307,1.00300630653142,549.050854751
"model_fits/finalized_simple/proportion/nonvegan/vegan_dishes_prop","mu_gamma[2]","pooled_mu_gamma",NA,"mu_gamma[2]",0.033026745668,-1.558132,1.672139,0.999966209778624,1329.29856595899
"model_fits/finalized_simple/proportion/nonvegan/vegetarian_dishes_count","mu_gamma[1]","pooled_mu_gamma",NA,"mu_gamma[1]",0.0670004997793333,0.011768605,0.1209177,1.00645013183405,443.023197393394
"model_fits/finalized_simple/proportion/nonvegan/vegetarian_dishes_count","mu_gamma[2]","pooled_mu_gamma",NA,"mu_gamma[2]",-0.0163119326946667,-1.6801255,1.608641,1.00004297036126,2471.00623450124
"model_fits/finalized_simple/proportion/nonvegan/vegetarian_dishes_prop","mu_gamma[1]","pooled_mu_gamma",NA,"mu_gamma[1]",0.0641858376566667,-0.83704795,0.96118025,1.00809934266638,422.220041334528
"model_fits/finalized_simple/proportion/nonvegan/vegetarian_dishes_prop","mu_gamma[2]","pooled_mu_gamma",NA,"mu_gamma[2]",-0.0238127980273333,-1.5762545,1.5480725,1.00323059283648,2408.9217522504
"model_fits/finalized_simple/proportion/total/mpbamod_dishes_count","mu_gamma[1]","pooled_mu_gamma",NA,"mu_gamma[1]",0.0787747240850667,-0.038478825,0.17978915,1.00710299685709,263.048380021617
"model_fits/finalized_simple/proportion/total/mpbamod_dishes_count","mu_gamma[2]","pooled_mu_gamma",NA,"mu_gamma[2]",0.0158379482365067,-1.633012,1.789227,1.00070429209395,2395.79277453542
"model_fits/finalized_simple/proportion/total/mpbamod_dishes_prop","mu_gamma[1]","pooled_mu_gamma",NA,"mu_gamma[1]",1.33761290772667,0.4560994,2.229239,1.00007643159851,682.551648339153
"model_fits/finalized_simple/proportion/total/mpbamod_dishes_prop","mu_gamma[2]","pooled_mu_gamma",NA,"mu_gamma[2]",0.011234109566,-1.767884,1.772067,1.00376560676392,1495.97319828726
"model_fits/finalized_simple/proportion/total/vegan_dishes_count","mu_gamma[1]","pooled_mu_gamma",NA,"mu_gamma[1]",0.235832512004,-0.065385985,0.5363055,0.99987725289065,155.986305353677
"model_fits/finalized_simple/proportion/total/vegan_dishes_count","mu_gamma[2]","pooled_mu_gamma",NA,"mu_gamma[2]",-0.0297367206093333,-1.705481,1.6242855,0.99957144124239,1016.38304767734
"model_fits/finalized_simple/proportion/total/vegan_dishes_prop","mu_gamma[1]","pooled_mu_gamma",NA,"mu_gamma[1]",1.02864927335333,0.09205867,1.964581,1.00193026999718,379.758270930616
"model_fits/finalized_simple/proportion/total/vegan_dishes_prop","mu_gamma[2]","pooled_mu_gamma",NA,"mu_gamma[2]",-0.02292897658,-1.678204,1.5515805,1.00145482814012,2253.04801656645
"model_fits/finalized_simple/proportion/total/vegetarian_dishes_count","mu_gamma[1]","pooled_mu_gamma",NA,"mu_gamma[1]",0.0702871261170667,0.0222905,0.12017475,0.999962907278577,629.12876462967
"model_fits/finalized_simple/proportion/total/vegetarian_dishes_count","mu_gamma[2]","pooled_mu_gamma",NA,"mu_gamma[2]",-0.00858917404,-1.7057455,1.6913835,1.01154261390016,3500.07587948615
"model_fits/finalized_simple/proportion/total/vegetarian_dishes_prop","mu_gamma[1]","pooled_mu_gamma",NA,"mu_gamma[1]",0.359028852566333,-0.6189776,1.2819865,1.00113921892322,576.604771097859
"model_fits/finalized_simple/proportion/total/vegetarian_dishes_prop","mu_gamma[2]","pooled_mu_gamma",NA,"mu_gamma[2]",0.0258629872886667,-1.511614,1.5150485,1.00476284045302,2296.97478049648
"model_fits/finalized_simple/proportion/vegan/mpbamod_dishes_count","mu_gamma[1]","pooled_mu_gamma",NA,"mu_gamma[1]",0.0722064523685933,-0.05700062,0.2183637,1.00093420641317,315.827576367028
"model_fits/finalized_simple/proportion/vegan/mpbamod_dishes_count","mu_gamma[2]","pooled_mu_gamma",NA,"mu_gamma[2]",0.010344105248,-1.6594135,1.6370065,0.999804811825073,2215.21196587481
"model_fits/finalized_simple/proportion/vegan/mpbamod_dishes_prop","mu_gamma[1]","pooled_mu_gamma",NA,"mu_gamma[1]",1.36306902823333,0.3020314,2.3992855,1.00144382113522,430.924189495064
"model_fits/finalized_simple/proportion/vegan/mpbamod_dishes_prop","mu_gamma[2]","pooled_mu_gamma",NA,"mu_gamma[2]",-0.0311024305,-1.697365,1.5620315,0.999395588580164,2733.41603925628
"model_fits/finalized_simple/proportion/vegan/vegan_dishes_count","mu_gamma[1]","pooled_mu_gamma",NA,"mu_gamma[1]",0.0994622330853333,-0.095841425,0.2679323,1.00217609994704,347.725682451679
"model_fits/finalized_simple/proportion/vegan/vegan_dishes_count","mu_gamma[2]","pooled_mu_gamma",NA,"mu_gamma[2]",0.0148219968686667,-1.6441185,1.681837,1.00204622280965,2743.01206067466
"model_fits/finalized_simple/proportion/vegan/vegan_dishes_prop","mu_gamma[1]","pooled_mu_gamma",NA,"mu_gamma[1]",0.99561244988,-0.06428663,2.036237,1.00438265144032,844.488625997963
"model_fits/finalized_simple/proportion/vegan/vegan_dishes_prop","mu_gamma[2]","pooled_mu_gamma",NA,"mu_gamma[2]",0.013966399834,-1.658574,1.719514,0.999352437568206,2676.54796572689
"model_fits/finalized_simple/proportion/vegan/vegetarian_dishes_count","mu_gamma[1]","pooled_mu_gamma",NA,"mu_gamma[1]",0.0732044322486667,0.01106655,0.129877,1.00098123877091,495.522700395797
"model_fits/finalized_simple/proportion/vegan/vegetarian_dishes_count","mu_gamma[2]","pooled_mu_gamma",NA,"mu_gamma[2]",-0.000905327132666666,-1.7301595,1.634611,0.999465108914816,4444.54021794163
"model_fits/finalized_simple/proportion/vegan/vegetarian_dishes_prop","mu_gamma[1]","pooled_mu_gamma",NA,"mu_gamma[1]",0.936431141640667,-0.02885417,1.9740905,1.0016174107435,440.79859347744
"model_fits/finalized_simple/proportion/vegan/vegetarian_dishes_prop","mu_gamma[2]","pooled_mu_gamma",NA,"mu_gamma[2]",0.000402108923333336,-1.6615505,1.633559,0.99957519053851,2249.13579356811
"model_fits/finalized_simple/proportion/vegetarian/mpbamod_dishes_count","mu_gamma[1]","pooled_mu_gamma",NA,"mu_gamma[1]",0.121080695768,-0.019067245,0.2575948,1.00144697274679,304.048153050793
"model_fits/finalized_simple/proportion/vegetarian/mpbamod_dishes_count","mu_gamma[2]","pooled_mu_gamma",NA,"mu_gamma[2]",-0.0382375184866667,-1.7087685,1.608148,1.00101786177492,1759.25575601002
"model_fits/finalized_simple/proportion/vegetarian/mpbamod_dishes_prop","mu_gamma[1]","pooled_mu_gamma",NA,"mu_gamma[1]",1.64510265501267,0.63091465,2.631149,1.00393183797521,489.457643553426
"model_fits/finalized_simple/proportion/vegetarian/mpbamod_dishes_prop","mu_gamma[2]","pooled_mu_gamma",NA,"mu_gamma[2]",-0.0212399854966667,-1.588026,1.5646415,1.00025346180048,2831.0488707335
"model_fits/finalized_simple/proportion/vegetarian/vegan_dishes_count","mu_gamma[1]","pooled_mu_gamma",NA,"mu_gamma[1]",0.274408866332,-0.063980135,0.6107686,1.00078324009487,110.962835998583
"model_fits/finalized_simple/proportion/vegetarian/vegan_dishes_count","mu_gamma[2]","pooled_mu_gamma",NA,"mu_gamma[2]",-0.0215179026933333,-1.7297175,1.6560145,1.00101060727369,619.162784607663
"model_fits/finalized_simple/proportion/vegetarian/vegan_dishes_prop","mu_gamma[1]","pooled_mu_gamma",NA,"mu_gamma[1]",0.667006895256,-0.11027195,1.467838,0.999411186159427,589.670566878381
"model_fits/finalized_simple/proportion/vegetarian/vegan_dishes_prop","mu_gamma[2]","pooled_mu_gamma",NA,"mu_gamma[2]",0.00342897836133333,-1.5795835,1.6363715,0.999653161483873,1934.48077171622
"model_fits/finalized_simple/proportion/vegetarian/vegetarian_dishes_count","mu_gamma[1]","pooled_mu_gamma",NA,"mu_gamma[1]",0.0950160579850667,0.011817435,0.16921655,1.01448523003094,381.44756632783
"model_fits/finalized_simple/proportion/vegetarian/vegetarian_dishes_count","mu_gamma[2]","pooled_mu_gamma",NA,"mu_gamma[2]",0.018918983164,-1.6119835,1.686027,0.999474323008812,4140.34930122952
"model_fits/finalized_simple/proportion/vegetarian/vegetarian_dishes_prop","mu_gamma[1]","pooled_mu_gamma",NA,"mu_gamma[1]",1.25196240738667,0.26680125,2.202772,1.001505951462,570.123501238109
"model_fits/finalized_simple/proportion/vegetarian/vegetarian_dishes_prop","mu_gamma[2]","pooled_mu_gamma",NA,"mu_gamma[2]",-0.0100856237693333,-1.70645,1.5990475,0.999481122368654,2360.73160469751
"model_fits/testing/testing_stage_2/its/chicken_fish","mu_gamma[1]","pooled_mu_gamma",NA,"mu_gamma[1]",0.159698144916,-0.3961628,0.66291025,1.0003518798899,3073.58401510286
"model_fits/testing/testing_stage_2/its/chicken_fish","mu_gamma[2]","pooled_mu_gamma",NA,"mu_gamma[2]",0.329484044233178,-0.4825512,1.117666,1.00036530395523,3991.59932609274
"model_fits/testing/testing_stage_2/its/meat","mu_gamma[1]","pooled_mu_gamma",NA,"mu_gamma[1]",0.174509042966222,-0.25201845,0.6103904,1.00029319784652,2901.02477314869
"model_fits/testing/testing_stage_2/its/meat","mu_gamma[2]","pooled_mu_gamma",NA,"mu_gamma[2]",0.244917047721356,-0.2755405,0.79184225,1.00195343434007,2982.55506118419
"model_fits/testing/testing_stage_2/its/nonvegan","mu_gamma[1]","pooled_mu_gamma",NA,"mu_gamma[1]",0.158352094385556,-0.2266277,0.53303645,1.0004232178612,4172.71314027237
"model_fits/testing/testing_stage_2/its/nonvegan","mu_gamma[2]","pooled_mu_gamma",NA,"mu_gamma[2]",0.161402532240356,-0.24313885,0.5557637,1.00113905113956,3916.14018718096
"model_fits/testing/testing_stage_2/its/total","mu_gamma[1]","pooled_mu_gamma",NA,"mu_gamma[1]",0.14132104064,-0.20335965,0.48573225,1.00042728528935,2834.26201164312
"model_fits/testing/testing_stage_2/its/total","mu_gamma[2]","pooled_mu_gamma",NA,"mu_gamma[2]",0.185650867937778,-0.25428145,0.61369385,1.00031092301282,4494.90594364325
"model_fits/testing/testing_stage_2/its/vegan","mu_gamma[1]","pooled_mu_gamma",NA,"mu_gamma[1]",0.0106418885756889,-0.3846679,0.41065175,1.00124574170811,2655.94435621983
"model_fits/testing/testing_stage_2/its/vegan","mu_gamma[2]","pooled_mu_gamma",NA,"mu_gamma[2]",0.164614361017436,-0.415399,0.7232275,1.00084952273604,3778.57003258387
"model_fits/testing/testing_stage_2/its/vegetarian","mu_gamma[1]","pooled_mu_gamma",NA,"mu_gamma[1]",0.152202070635556,-0.1870095,0.51037945,0.999916478146172,3274.88459706221
"model_fits/testing/testing_stage_2/its/vegetarian","mu_gamma[2]","pooled_mu_gamma",NA,"mu_gamma[2]",0.156903258179756,-0.19684585,0.5224174,1.00068408421101,3101.33449832425
"model_fits/testing/testing_stage_2/nopred_redux/its/nonvegan","mu_gamma[1]","pooled_mu_gamma",NA,"mu_gamma[1]",0.145142917534222,-0.2524037,0.536965850000001,1.00120786254451,3433.02708895128
"model_fits/testing/testing_stage_2/nopred_redux/its/nonvegan","mu_gamma[2]","pooled_mu_gamma",NA,"mu_gamma[2]",0.157731958552,-0.2481174,0.5571177,1.00250428013826,2831.94114241931
"model_fits/testing/testing_stage_2/redone_opt/its_targeted/breakfast","mu_gamma[1]","pooled_mu_gamma",NA,"mu_gamma[1]",-0.265857271354,-0.5791439,0.093529665,1.00362395091833,655.18969219804
"model_fits/testing/testing_stage_2/redone_opt/its_targeted/breakfast","mu_gamma[2]","pooled_mu_gamma",NA,"mu_gamma[2]",-0.255663152046333,-0.7706229,0.293277349999999,1.00268910945765,1049.71292487043
"model_fits/testing/testing_stage_2/redone_opt/its/nonvegan","mu_gamma[1]","pooled_mu_gamma",NA,"mu_gamma[1]",-0.078051138801,-0.30754795,0.16691045,1.0403202866165,81.7576794651904
"model_fits/testing/testing_stage_2/redone_opt/its/nonvegan","mu_gamma[2]","pooled_mu_gamma",NA,"mu_gamma[2]",0.089660825914,-0.2218552,0.46730615,1.00866153974701,156.81891726107
"model_fits/testing/testing_stage_2/redone_opt/proportion_targeted/untextured_p/untextured_dishes_count","mu_gamma[1]","pooled_mu_gamma",NA,"mu_gamma[1]",0.117923223945,0.03732672,0.21431155,1.01986966333342,54.423492486683
"model_fits/testing/testing_stage_2/redone_opt/proportion_targeted/untextured_p/untextured_dishes_count","mu_gamma[2]","pooled_mu_gamma",NA,"mu_gamma[2]",-0.003676433016,-1.425939,1.2675965,1.08111040628277,33.2622805815101
"model_fits/testing/testing_stage_2/redone_opt/proportion_targeted/untextured_p/untextured_dishes_presence","mu_gamma[1]","pooled_mu_gamma",NA,"mu_gamma[1]",0.117923223945,0.03732672,0.21431155,1.01986966333342,54.423492486683
"model_fits/testing/testing_stage_2/redone_opt/proportion_targeted/untextured_p/untextured_dishes_presence","mu_gamma[2]","pooled_mu_gamma",NA,"mu_gamma[2]",-0.003676433016,-1.425939,1.2675965,1.08111040628277,33.2622805815101
"model_fits/testing/testing_stage_2/redone_opt/proportion/nonvegan/vegan_dishes_count","mu_gamma[1]","pooled_mu_gamma",NA,"mu_gamma[1]",0.1898147655538,-0.03358245,0.41669715,1.00571498462811,376.385744748137
"model_fits/testing/testing_stage_2/redone_opt/proportion/nonvegan/vegan_dishes_count","mu_gamma[2]","pooled_mu_gamma",NA,"mu_gamma[2]",-0.0219950563233333,-1.579663,1.6160175,1.0007510053756,2231.16679546313
"model_fits/testing/testing_stage_2/redone_opt/proportion/nonvegan/vegan_dishes_prop","mu_gamma[1]","pooled_mu_gamma",NA,"mu_gamma[1]",0.8372127629045,0.18135125,1.4275815,0.999929069509557,2115.25343293021
"model_fits/testing/testing_stage_2/redone_opt/proportion/nonvegan/vegan_dishes_prop","mu_gamma[2]","pooled_mu_gamma",NA,"mu_gamma[2]",0.00620979217233333,-1.573702,1.5981235,1.00019397921443,4771.22880379774
"model_fits/testing/testing_stage_2/redone_opt/proportion/vegan/vegan_dishes_count","mu_gamma[1]","pooled_mu_gamma",NA,"mu_gamma[1]",0.14232074254,-0.017577555,0.3150163,1.00174275990414,496.298461376468
"model_fits/testing/testing_stage_2/redone_opt/proportion/vegan/vegan_dishes_count","mu_gamma[2]","pooled_mu_gamma",NA,"mu_gamma[2]",-0.00618447098466667,-1.650535,1.603784,1.0023832500467,2108.18015380893
"model_fits/testing/testing_stage_2/redone_opt/proportion/vegan/vegan_dishes_prop","mu_gamma[1]","pooled_mu_gamma",NA,"mu_gamma[1]",1.80605643233333,1.041785,2.5743725,0.999856403491892,1574.59210227839
"model_fits/testing/testing_stage_2/redone_opt/proportion/vegan/vegan_dishes_prop","mu_gamma[2]","pooled_mu_gamma",NA,"mu_gamma[2]",0.00501837141873333,-1.6950095,1.6496705,1.00236391857979,3398.99744231511
"model_fits/testing/testing_stage_3/testing_1time/its/nonvegan","mu_gamma[1]","pooled_mu_gamma",NA,"mu_gamma[1]",-0.174653970961833,-0.39321265,0.1958879,1.88643739767614,2.82767170534869
"model_fits/testing/testing_stage_3/testing_1time/its/nonvegan","mu_gamma[2]","pooled_mu_gamma",NA,"mu_gamma[2]",0.00774509257596667,-0.37342925,0.28120505,1.42135347431694,4.51087275900632
"model_fits/testing/testing_stage_3/testing_2time/its/nonvegan","mu_gamma[1]","pooled_mu_gamma",NA,"mu_gamma[1]",0.00351733085933333,-0.44778155,0.3141293,2.09185381871551,2.73887077324701
"model_fits/testing/testing_stage_3/testing_2time/its/nonvegan","mu_gamma[2]","pooled_mu_gamma",NA,"mu_gamma[2]",-0.206755920416333,-0.5519222,0.21663755,1.21340035325675,8.58449947307687
"model_fits/testing/testing_stage_3/testing_3time/its/nonvegan","mu_gamma[1]","pooled_mu_gamma",NA,"mu_gamma[1]",-0.296641378640637,-0.80833835,0.06858727,2.31344247775742,2.51830420721343
"model_fits/testing/testing_stage_3/testing_3time/its/nonvegan","mu_gamma[2]","pooled_mu_gamma",NA,"mu_gamma[2]",-0.379729253988667,-0.7371452,-0.0263144950000001,1.46930527668852,3.87132927435382
"model_fits/testing/testing_stage_3/testing_4time/its/nonvegan","mu_gamma[1]","pooled_mu_gamma",NA,"mu_gamma[1]",-0.208356227491433,-0.39399025,-0.016771705,1.09938639486008,17.264645913049
"model_fits/testing/testing_stage_3/testing_4time/its/nonvegan","mu_gamma[2]","pooled_mu_gamma",NA,"mu_gamma[2]",-0.292413133702733,-0.77266585,0.03777136,1.72947636481447,3.0582776392558
"model_fits/testing/testing_stage_3/testing_5time/its/nonvegan","mu_gamma[1]","pooled_mu_gamma",NA,"mu_gamma[1]",-0.098212491708,-0.75029655,0.27219505,1.49124816740072,3.96612756518201
"model_fits/testing/testing_stage_3/testing_5time/its/nonvegan","mu_gamma[2]","pooled_mu_gamma",NA,"mu_gamma[2]",-0.374496018738933,-0.8866873,0.3814539,2.24317241502541,2.53814079863933
"model_fits/testing/testing_stage_3/testing_6time/its/nonvegan","mu_gamma[1]","pooled_mu_gamma",NA,"mu_gamma[1]",-0.19662225158,-0.3949742,-0.0471776600000001,1.76195479397114,3.11885698061854
"model_fits/testing/testing_stage_3/testing_6time/its/nonvegan","mu_gamma[2]","pooled_mu_gamma",NA,"mu_gamma[2]",-0.403583902497,-0.7677965,-0.048011175,2.40843112737928,2.44555460075167
"model_fits/testing/testing_stage_3/testing_lessclipped_noweekend/its/nonvegan","mu_gamma[1]","pooled_mu_gamma",NA,"mu_gamma[1]",-0.104043975301667,-0.38238605,0.1511326,1.00755555389117,206.838607166458
"model_fits/testing/testing_stage_3/testing_lessclipped_noweekend/its/nonvegan","mu_gamma[2]","pooled_mu_gamma",NA,"mu_gamma[2]",0.0680229095046667,-0.4579398,0.642441799999999,1.01828945820721,246.319312173973
"model_fits/testing/testing_stage_3/testing_lessclipped_reglag_noregpred/its/nonvegan","mu_gamma[1]","pooled_mu_gamma",NA,"mu_gamma[1]",-0.0503402848878889,-0.2837237,0.20683005,1.03425348859644,151.565029487417
"model_fits/testing/testing_stage_3/testing_lessclipped_reglag_noregpred/its/nonvegan","mu_gamma[2]","pooled_mu_gamma",NA,"mu_gamma[2]",0.168755271909667,-0.2517665,0.66569055,1.02749542835549,138.723615254828
"model_fits/testing/testing_stage_3/testing_lessclipped_regpred_noreglag/its/nonvegan","mu_gamma[1]","pooled_mu_gamma",NA,"mu_gamma[1]",-0.0909322497093333,-0.39139855,0.21301855,1.0041923733433,430.207216175
"model_fits/testing/testing_stage_3/testing_lessclipped_regpred_noreglag/its/nonvegan","mu_gamma[2]","pooled_mu_gamma",NA,"mu_gamma[2]",0.0567649976342222,-0.36057995,0.50913315,1.00363318957641,692.800800238809
"model_fits/testing/testing_stage_3/testing_lessclipped_regularized4_noweekend/its/nonvegan","mu_gamma[1]","pooled_mu_gamma",NA,"mu_gamma[1]",-0.0804134330493711,-0.35716125,0.20529025,1.02902710295766,154.213489685864
"model_fits/testing/testing_stage_3/testing_lessclipped_regularized4_noweekend/its/nonvegan","mu_gamma[2]","pooled_mu_gamma",NA,"mu_gamma[2]",0.0357844909934889,-0.37286335,0.48936475,1.01046335382882,300.273583081834
"model_fits/testing/testing_stage_3/testing_lessclipped_regularized4/its/nonvegan","mu_gamma[1]","pooled_mu_gamma",NA,"mu_gamma[1]",-0.0884360860506711,-0.3723612,0.20914705,1.00265940036755,290.879478245095
"model_fits/testing/testing_stage_3/testing_lessclipped_regularized4/its/nonvegan","mu_gamma[2]","pooled_mu_gamma",NA,"mu_gamma[2]",0.0382708481893556,-0.3827535,0.46816105,1.00755736699607,256.903433394648
"model_fits/testing/testing_stage_3/testing_lessclipped_regularized5_noweekend/its/nonvegan","mu_gamma[1]","pooled_mu_gamma",NA,"mu_gamma[1]",-0.0554672456012822,-0.2334576,0.1086407,1.01763759160221,71.1120249084264
"model_fits/testing/testing_stage_3/testing_lessclipped_regularized5_noweekend/its/nonvegan","mu_gamma[2]","pooled_mu_gamma",NA,"mu_gamma[2]",0.00842922245404444,-0.2179723,0.267808,1.05784987701377,114.598331997064
"model_fits/testing/testing_stage_3/testing_lessclipped/its/chicken_fish","mu_gamma[1]","pooled_mu_gamma",NA,"mu_gamma[1]",-0.227792906050156,-0.6740894,0.215274,1.04142127839805,88.5104919906391
"model_fits/testing/testing_stage_3/testing_lessclipped/its/chicken_fish","mu_gamma[2]","pooled_mu_gamma",NA,"mu_gamma[2]",0.123030933413111,-0.7274019,0.96070535,1.01668993068872,152.267266090319
"model_fits/testing/testing_stage_3/testing_lessclipped/its/meat","mu_gamma[1]","pooled_mu_gamma",NA,"mu_gamma[1]",-0.151651192701089,-0.36832755,0.0216191450000001,1.08558302102143,28.9077951081081
"model_fits/testing/testing_stage_3/testing_lessclipped/its/meat","mu_gamma[2]","pooled_mu_gamma",NA,"mu_gamma[2]",0.0869797298393333,-0.42002365,0.67070875,1.04608425063603,72.2778254207313
"model_fits/testing/testing_stage_3/testing_lessclipped/its/nonvegan","mu_gamma[1]","pooled_mu_gamma",NA,"mu_gamma[1]",-0.0862231799944,-0.35160685,0.2013314,0.999923601447785,66.526180316731
"model_fits/testing/testing_stage_3/testing_lessclipped/its/nonvegan","mu_gamma[2]","pooled_mu_gamma",NA,"mu_gamma[2]",0.0606380477286667,-0.49907435,0.596704049999999,1.0134403164015,117.482877042588
"model_fits/testing/testing_stage_3/testing_lessclipped/its/total","mu_gamma[1]","pooled_mu_gamma",NA,"mu_gamma[1]",-0.0569031178695111,-0.363907,0.24089735,1.12482393111755,17.1641535245056
"model_fits/testing/testing_stage_3/testing_lessclipped/its/total","mu_gamma[2]","pooled_mu_gamma",NA,"mu_gamma[2]",0.128563475984222,-0.32335015,0.71123735,1.0887593279733,243.044095529581
"model_fits/testing/testing_stage_3/testing_lessclipped/its/vegan","mu_gamma[1]","pooled_mu_gamma",NA,"mu_gamma[1]",0.0538597435772222,-0.2260747,0.33612255,1.0033744600525,543.313616208156
"model_fits/testing/testing_stage_3/testing_lessclipped/its/vegan","mu_gamma[2]","pooled_mu_gamma",NA,"mu_gamma[2]",0.186193721872,-0.7029948,1.061947,1.00394165424886,554.223993502969
"model_fits/testing/testing_stage_3/testing_lessclipped/its/vegetarian","mu_gamma[1]","pooled_mu_gamma",NA,"mu_gamma[1]",-0.00997031738046667,-0.33624285,0.32296155,1.00518268475441,379.54604598811
"model_fits/testing/testing_stage_3/testing_lessclipped/its/vegetarian","mu_gamma[2]","pooled_mu_gamma",NA,"mu_gamma[2]",0.0861238075250444,-0.4421603,0.6354584,1.01383207883454,413.95965223622
"model_fits/testing/testing_stage_3/testing_lessclipped/proportion/meat/mpbamod_dishes_count","mu_gamma[1]","pooled_mu_gamma",NA,"mu_gamma[1]",-0.00165254276377778,-1.6504285,1.6792775,1.00180803870311,4797.3778836011
"model_fits/testing/testing_stage_3/testing_lessclipped/proportion/meat/mpbamod_dishes_count","mu_gamma[2]","pooled_mu_gamma",NA,"mu_gamma[2]",0.0237274879182222,-1.6369815,1.675601,1.00013694190174,5433.16266450861
"model_fits/testing/testing_stage_3/testing_lessclipped/proportion/meat/mpbamod_dishes_prop","mu_gamma[1]","pooled_mu_gamma",NA,"mu_gamma[1]",-0.0194730313316444,-1.6561665,1.660262,1.00119912516684,6628.93918913324
"model_fits/testing/testing_stage_3/testing_lessclipped/proportion/meat/mpbamod_dishes_prop","mu_gamma[2]","pooled_mu_gamma",NA,"mu_gamma[2]",0.000572960278555556,-1.682874,1.653234,1.00156139106613,6343.56044691153
"model_fits/testing/testing_stage_3/testing_lessclipped/proportion/meat/vegan_dishes_count","mu_gamma[1]","pooled_mu_gamma",NA,"mu_gamma[1]",0.0206084232464444,-1.571896,1.6614645,1.00020475831824,3007.19612420449
"model_fits/testing/testing_stage_3/testing_lessclipped/proportion/meat/vegan_dishes_count","mu_gamma[2]","pooled_mu_gamma",NA,"mu_gamma[2]",-0.0325859069497778,-1.699367,1.5957425,1.00008530189236,3138.60475923335
"model_fits/testing/testing_stage_3/testing_lessclipped/proportion/meat/vegan_dishes_prop","mu_gamma[1]","pooled_mu_gamma",NA,"mu_gamma[1]",-0.00499626041666667,-1.674694,1.585627,0.999707566816323,4359.44950150267
"model_fits/testing/testing_stage_3/testing_lessclipped/proportion/meat/vegan_dishes_prop","mu_gamma[2]","pooled_mu_gamma",NA,"mu_gamma[2]",0.006868504536,-1.6457415,1.6371355,0.999751378358513,3766.34179088717
"model_fits/testing/testing_stage_3/testing_lessclipped/proportion/meat/vegetarian_dishes_prop","mu_gamma[1]","pooled_mu_gamma",NA,"mu_gamma[1]",-0.00719670839844444,-1.689134,1.6216415,1.00066848968356,3098.62112295365
"model_fits/testing/testing_stage_3/testing_lessclipped/proportion/meat/vegetarian_dishes_prop","mu_gamma[2]","pooled_mu_gamma",NA,"mu_gamma[2]",-0.00264576685533333,-1.665512,1.633621,1.0010163346283,2469.71067948957
"model_fits/testing/testing_stage_3/testing_lessclipped/proportion/nonvegan/mpbamod_dishes_count","mu_gamma[1]","pooled_mu_gamma",NA,"mu_gamma[1]",-0.0128425827815556,-1.699621,1.6158435,1.00102408460989,3878.71262127396
"model_fits/testing/testing_stage_3/testing_lessclipped/proportion/nonvegan/mpbamod_dishes_count","mu_gamma[2]","pooled_mu_gamma",NA,"mu_gamma[2]",-0.0308020631148889,-1.692716,1.603065,1.00146510540069,3506.81707109612
"model_fits/testing/testing_stage_3/testing_lessclipped/proportion/nonvegan/mpbamod_dishes_prop","mu_gamma[1]","pooled_mu_gamma",NA,"mu_gamma[1]",0.00309599149888889,-1.661257,1.690649,1.00001530430452,5301.64424958383
"model_fits/testing/testing_stage_3/testing_lessclipped/proportion/nonvegan/mpbamod_dishes_prop","mu_gamma[2]","pooled_mu_gamma",NA,"mu_gamma[2]",0.0133613924495556,-1.5748175,1.6147755,0.999959325718344,5008.83395663466
"model_fits/testing/testing_stage_3/testing_lessclipped/proportion/nonvegan/vegan_dishes_count","mu_gamma[1]","pooled_mu_gamma",NA,"mu_gamma[1]",0.00122421585471111,-1.638577,1.61347,1.00075775240496,3003.33960917869
"model_fits/testing/testing_stage_3/testing_lessclipped/proportion/nonvegan/vegan_dishes_count","mu_gamma[2]","pooled_mu_gamma",NA,"mu_gamma[2]",-0.000789566728444445,-1.654373,1.629243,1.00296202843302,2329.84818579801
"model_fits/testing/testing_stage_3/testing_lessclipped/proportion/nonvegan/vegan_dishes_prop","mu_gamma[1]","pooled_mu_gamma",NA,"mu_gamma[1]",0.00764003852355555,-1.678213,1.611049,1.00213971335467,2783.98557523048
"model_fits/testing/testing_stage_3/testing_lessclipped/proportion/nonvegan/vegan_dishes_prop","mu_gamma[2]","pooled_mu_gamma",NA,"mu_gamma[2]",0.00235606471244444,-1.5872355,1.6533395,0.999928400799931,2740.47205966604
"model_fits/testing/testing_stage_3/testing_lessclipped/proportion/nonvegan/vegetarian_dishes_count","mu_gamma[1]","pooled_mu_gamma",NA,"mu_gamma[1]",-0.0335737315373778,-1.65937,1.635265,0.99994618166642,2725.29219259718
"model_fits/testing/testing_stage_3/testing_lessclipped/proportion/nonvegan/vegetarian_dishes_count","mu_gamma[2]","pooled_mu_gamma",NA,"mu_gamma[2]",-0.00547660580084444,-1.686718,1.6750405,1.00005755761093,3323.96846882668
"model_fits/testing/testing_stage_3/testing_lessclipped/proportion/nonvegan/vegetarian_dishes_prop","mu_gamma[1]","pooled_mu_gamma",NA,"mu_gamma[1]",0.0246934688078444,-1.623091,1.660193,0.999827361084805,3989.34918348638
"model_fits/testing/testing_stage_3/testing_lessclipped/proportion/nonvegan/vegetarian_dishes_prop","mu_gamma[2]","pooled_mu_gamma",NA,"mu_gamma[2]",0.00256057157051111,-1.657009,1.687328,1.00082880788907,4154.26327823913
"model_fits/testing/testing_stage_3/testing_notime/its/nonvegan","mu_gamma[1]","pooled_mu_gamma",NA,"mu_gamma[1]",0.0942115024903333,-0.14858925,0.2771716,1.40394810769469,4.6161661943952
"model_fits/testing/testing_stage_3/testing_notime/its/nonvegan","mu_gamma[2]","pooled_mu_gamma",NA,"mu_gamma[2]",-0.1526296716452,-0.61456265,0.25584625,1.70386941333197,3.18093634452942
"model_fits/testing/testing_stage_3/testing_phiseparate_onlyevil_reg3preds7lags/its/nonvegan","mu_gamma[1]","pooled_mu_gamma",NA,"mu_gamma[1]",0.0749398175111111,-0.046473205,0.200331,3.02226355378222,3.3956657719277
"model_fits/testing/testing_stage_3/testing_phiseparate_onlyevil_reg3preds7lags/its/nonvegan","mu_gamma[2]","pooled_mu_gamma",NA,"mu_gamma[2]",0.00647713831111111,-0.138052,0.124656,3.02049815354373,3.44021748449282
"model_fits/testing/testing_stage_3/testing_phiseparate_onlyevil_reg4preds4lags/its/nonvegan","mu_gamma[1]","pooled_mu_gamma",NA,"mu_gamma[1]",0.0146487098428889,-0.2857667,0.437504,1.68183507599129,4.96622110138385
"model_fits/testing/testing_stage_3/testing_phiseparate_onlyevil_reg4preds4lags/its/nonvegan","mu_gamma[2]","pooled_mu_gamma",NA,"mu_gamma[2]",-0.109462687250222,-0.5558106,0.35409145,1.40065239051858,6.49753385692514
"model_fits/testing/testing_stage_3/testing_phiseparate_onlyevil_reg4preds6lags/its/nonvegan","mu_gamma[1]","pooled_mu_gamma",NA,"mu_gamma[1]",0.121237053977778,-0.040682515,0.3146548,3.10246946915887,3.3979718838807
"model_fits/testing/testing_stage_3/testing_phiseparate_onlyevil_reg4preds6lags/its/nonvegan","mu_gamma[2]","pooled_mu_gamma",NA,"mu_gamma[2]",0.0143645682248222,-0.4668751,0.42627645,2.95428289320882,3.43439268108035
"model_fits/testing/testing_stage_3/testing_phiseparate_onlyevil_reg4preds7lags/its/nonvegan","mu_gamma[1]","pooled_mu_gamma",NA,"mu_gamma[1]",0.0772456954222222,-0.0461171,0.205798,3.59406855645678,3.30661962667873
"model_fits/testing/testing_stage_3/testing_phiseparate_onlyevil_reg4preds7lags/its/nonvegan","mu_gamma[2]","pooled_mu_gamma",NA,"mu_gamma[2]",0.0110856068,-0.137507,0.12529605,2.86852386237942,3.47023758692208
"model_fits/testing/testing_stage_3/testing_phiseparate_reg3others_reg3preds7lags/its/nonvegan","mu_gamma[1]","pooled_mu_gamma",NA,"mu_gamma[1]",0.0747730163777778,-0.0459546,0.200067,2.65149286596246,3.54204340674897
"model_fits/testing/testing_stage_3/testing_phiseparate_reg3others_reg3preds7lags/its/nonvegan","mu_gamma[2]","pooled_mu_gamma",NA,"mu_gamma[2]",0.00599285533333333,-0.138205,0.125516,3.28852068705731,3.3363567874345
"model_fits/testing/testing_stage_3/testing_phiseparate_reg3others_reg4preds4lags/its/nonvegan","mu_gamma[1]","pooled_mu_gamma",NA,"mu_gamma[1]",-0.0708240494960667,-0.2412263,0.14876955,1.03958824061052,75.2172464984451
"model_fits/testing/testing_stage_3/testing_phiseparate_reg3others_reg4preds4lags/its/nonvegan","mu_gamma[2]","pooled_mu_gamma",NA,"mu_gamma[2]",0.00584049832,-0.29461855,0.4503863,1.26063435360974,10.5195927112032
"model_fits/testing/testing_stage_3/testing_phiseparate_reg3others_reg4preds6lags_smallsigma/its/nonvegan","mu_gamma[1]","pooled_mu_gamma",NA,"mu_gamma[1]",0.106595334711111,-0.034396605,0.2945303,3.43479201172939,3.32004731633716
"model_fits/testing/testing_stage_3/testing_phiseparate_reg3others_reg4preds6lags_smallsigma/its/nonvegan","mu_gamma[2]","pooled_mu_gamma",NA,"mu_gamma[2]",0.0259615645592222,-0.42256915,0.4558565,3.24452188276622,3.34361357841086
"model_fits/testing/testing_stage_3/testing_phiseparate_reg3others_reg4preds6lags/its/nonvegan","mu_gamma[1]","pooled_mu_gamma",NA,"mu_gamma[1]",0.0962712323111111,-0.05464623,0.30471215,2.61649662299076,3.58884033785965
"model_fits/testing/testing_stage_3/testing_phiseparate_reg3others_reg4preds6lags/its/nonvegan","mu_gamma[2]","pooled_mu_gamma",NA,"mu_gamma[2]",-0.00556224559244444,-0.49363615,0.4378621,2.6978830488365,3.5095859325231
"model_fits/testing/testing_stage_3/testing_phiseparate_reg3others_reg4preds7lags/its/nonvegan","mu_gamma[1]","pooled_mu_gamma",NA,"mu_gamma[1]",0.0772316158666667,-0.046131205,0.206501,2.98898212120554,3.41923325744442
"model_fits/testing/testing_stage_3/testing_phiseparate_reg3others_reg4preds7lags/its/nonvegan","mu_gamma[2]","pooled_mu_gamma",NA,"mu_gamma[2]",0.0100627082,-0.137881,0.125083,3.21484973127087,3.35138713616557
"model_fits/testing/testing_stage_3/testing_phiseparate_regothers_reg3preds7lags/its/nonvegan","mu_gamma[1]","pooled_mu_gamma",NA,"mu_gamma[1]",0.0754045236888889,-0.046215605,0.201601,3.04643837413131,3.46775373060267
"model_fits/testing/testing_stage_3/testing_phiseparate_regothers_reg3preds7lags/its/nonvegan","mu_gamma[2]","pooled_mu_gamma",NA,"mu_gamma[2]",0.00633170608888889,-0.137724,0.123909,2.91444235878266,3.44363765985443
"model_fits/testing/testing_stage_3/testing_phiseparate_regothers_reg4preds4lags/its/nonvegan","mu_gamma[1]","pooled_mu_gamma",NA,"mu_gamma[1]",0.0146487098428889,-0.2857667,0.437504,1.68183507599129,4.96622110138385
"model_fits/testing/testing_stage_3/testing_phiseparate_regothers_reg4preds4lags/its/nonvegan","mu_gamma[2]","pooled_mu_gamma",NA,"mu_gamma[2]",-0.109462687250222,-0.5558106,0.35409145,1.40065239051858,6.49753385692514
"model_fits/testing/testing_stage_3/testing_phiseparate_regothers_reg4preds6lags/its/nonvegan","mu_gamma[1]","pooled_mu_gamma",NA,"mu_gamma[1]",0.121237053977778,-0.040682515,0.3146548,3.10246946915887,3.3979718838807
"model_fits/testing/testing_stage_3/testing_phiseparate_regothers_reg4preds6lags/its/nonvegan","mu_gamma[2]","pooled_mu_gamma",NA,"mu_gamma[2]",0.0143645682248222,-0.4668751,0.42627645,2.95428289320882,3.43439268108035
"model_fits/testing/testing_stage_3/testing_phiseparate_regothers_reg4preds7lags/its/nonvegan","mu_gamma[1]","pooled_mu_gamma",NA,"mu_gamma[1]",0.0773230403555556,-0.0457832,0.205195,2.53051095246458,3.6210017033715
"model_fits/testing/testing_stage_3/testing_phiseparate_regothers_reg4preds7lags/its/nonvegan","mu_gamma[2]","pooled_mu_gamma",NA,"mu_gamma[2]",0.0105083899555556,-0.138372,0.125609,3.36040993916843,3.34006119374665
"model_fits/testing/testing_stage_3/testing_reg4_group2_laglargesigma/its/nonvegan","mu_gamma[1]","pooled_mu_gamma",NA,"mu_gamma[1]",-0.0466609086388158,-0.251359,0.13460885,1.09273309652164,122.823272840617
"model_fits/testing/testing_stage_3/testing_reg4_group2_laglargesigma/its/nonvegan","mu_gamma[2]","pooled_mu_gamma",NA,"mu_gamma[2]",-0.0773736386688889,-0.9228042,0.4609363,1.35328333180672,7.15640431050534
"model_fits/testing/testing_stage_3/testing_reg4_group2_largersigma/its/nonvegan","mu_gamma[1]","pooled_mu_gamma",NA,"mu_gamma[1]",0.0413435639862222,-0.2178061,0.28000985,1.61650818595667,5.06086977818449
"model_fits/testing/testing_stage_3/testing_reg4_group2_largersigma/its/nonvegan","mu_gamma[2]","pooled_mu_gamma",NA,"mu_gamma[2]",0.257524985843822,-0.19523575,0.74840805,1.65179815266071,4.88748419352556
"model_fits/testing/testing_stage_3/testing_reg4_group2_largesigma/its/nonvegan","mu_gamma[1]","pooled_mu_gamma",NA,"mu_gamma[1]",-0.125646588749867,-0.2781567,0.11990245,1.36294469125015,7.63917292797847
"model_fits/testing/testing_stage_3/testing_reg4_group2_largesigma/its/nonvegan","mu_gamma[2]","pooled_mu_gamma",NA,"mu_gamma[2]",-0.134996427799556,-0.52208315,0.2313581,1.52197575604596,5.83226208428116
"model_fits/testing/testing_stage_3/testing_reg4_laglargesigma_group2/its/nonvegan","mu_gamma[1]","pooled_mu_gamma",NA,"mu_gamma[1]",-0.0807815232417778,-0.285871,0.1519525,1.05287548696738,56.8045017559765
"model_fits/testing/testing_stage_3/testing_reg4_laglargesigma_group2/its/nonvegan","mu_gamma[2]","pooled_mu_gamma",NA,"mu_gamma[2]",0.107931413953667,-0.3672571,0.5838293,1.13199752371252,17.0827363673704
"model_fits/testing/testing_stage_3/testing_reg4_laglargesigma/its/nonvegan","mu_gamma[1]","pooled_mu_gamma",NA,"mu_gamma[1]",-0.0581096000520889,-0.28668575,0.1823933,1.01817772923343,181.526663793653
"model_fits/testing/testing_stage_3/testing_reg4_laglargesigma/its/nonvegan","mu_gamma[2]","pooled_mu_gamma",NA,"mu_gamma[2]",0.0756119850654889,-0.3561812,0.546771950000001,1.01792044989711,158.785626396507
"model_fits/testing/testing_stage_3/testing_reg4_largersigma_group2/its/nonvegan","mu_gamma[1]","pooled_mu_gamma",NA,"mu_gamma[1]",-0.0245633134480889,-0.21430455,0.17951235,1.69028900216838,4.80541076306928
"model_fits/testing/testing_stage_3/testing_reg4_largersigma_group2/its/nonvegan","mu_gamma[2]","pooled_mu_gamma",NA,"mu_gamma[2]",0.0663322051079556,-0.3015186,0.64682225,2.12014137313676,3.94135706223787
"model_fits/testing/testing_stage_3/testing_reg4_largersigma/its/nonvegan","mu_gamma[1]","pooled_mu_gamma",NA,"mu_gamma[1]",-0.0780972303058,-0.24147915,0.086387935,1.18190681840581,12.0654891678652
"model_fits/testing/testing_stage_3/testing_reg4_largersigma/its/nonvegan","mu_gamma[2]","pooled_mu_gamma",NA,"mu_gamma[2]",0.0924441593068889,-0.37373615,0.46265515,1.18519684634395,16.4693684233527
"model_fits/testing/testing_stage_3/testing_reg4_largesigma_group2/its/nonvegan","mu_gamma[1]","pooled_mu_gamma",NA,"mu_gamma[1]",-0.0950214157035333,-0.3093304,0.07315956,1.431760816034,6.28577059807539
"model_fits/testing/testing_stage_3/testing_reg4_largesigma_group2/its/nonvegan","mu_gamma[2]","pooled_mu_gamma",NA,"mu_gamma[2]",0.1443044668154,-0.10318365,0.4941695,1.15919952055806,13.1942812344362
"model_fits/testing/testing_stage_3/testing_reg4_largesigma/its/nonvegan","mu_gamma[1]","pooled_mu_gamma",NA,"mu_gamma[1]",0.0259855327970222,-0.1428648,0.13439165,1.35533373257961,6.93722044554525
"model_fits/testing/testing_stage_3/testing_reg4_largesigma/its/nonvegan","mu_gamma[2]","pooled_mu_gamma",NA,"mu_gamma[2]",0.0293523921924,-0.29259595,0.2491118,1.36522376848713,7.0395137849754
"model_fits/testing/testing_stage_3/testing_reg5lags2preds_onlyevil_group2_largesigma/its/nonvegan","mu_gamma[1]","pooled_mu_gamma",NA,"mu_gamma[1]",-0.0625574057416667,-0.3203279,0.1828162,1.17767918788364,19.6808328521223
"model_fits/testing/testing_stage_3/testing_reg5lags2preds_onlyevil_group2_largesigma/its/nonvegan","mu_gamma[2]","pooled_mu_gamma",NA,"mu_gamma[2]",0.124965038785556,-0.2871195,0.56028075,1.07935055622326,39.5717674527597
"model_fits/testing/testing_stage_3/testing_reg5lags3preds_onlyevil_group2_largesigma/its/nonvegan","mu_gamma[1]","pooled_mu_gamma",NA,"mu_gamma[1]",-0.16249329268214,-0.55094355,0.1712388,1.13640272315389,17.5937219164731
"model_fits/testing/testing_stage_3/testing_reg5lags3preds_onlyevil_group2_largesigma/its/nonvegan","mu_gamma[2]","pooled_mu_gamma",NA,"mu_gamma[2]",0.0658586008466667,-0.3593766,0.5572132,1.38120568691589,6.57320814237436
"model_fits/testing/testing_stage_3/testing_reg5lags4preds_onlyevil_group2_largesigma/its/nonvegan","mu_gamma[1]","pooled_mu_gamma",NA,"mu_gamma[1]",-0.107374714320889,-0.43748905,0.4042028,1.86356400652827,4.36309916238929
"model_fits/testing/testing_stage_3/testing_reg5lags4preds_onlyevil_group2_largesigma/its/nonvegan","mu_gamma[2]","pooled_mu_gamma",NA,"mu_gamma[2]",0.221515682241222,-0.19371465,0.54498535,1.82183940506879,4.48254938837214
"model_fits/testing/testing_stage_3/testing_reg5preds_onlyevil_group2_largesigma/its/chicken_fish","mu_gamma[1]","pooled_mu_gamma",NA,"mu_gamma[1]",-0.1071426583078,-0.3219825,0.1935971,2.01073906726448,4.07718757117647
"model_fits/testing/testing_stage_3/testing_reg5preds_onlyevil_group2_largesigma/its/chicken_fish","mu_gamma[2]","pooled_mu_gamma",NA,"mu_gamma[2]",-0.235282232179556,-0.59822335,0.19092975,2.50044926637078,3.6462743670564
"model_fits/testing/testing_stage_3/testing_reg5preds_onlyevil_group2_largesigma/its/meat","mu_gamma[1]","pooled_mu_gamma",NA,"mu_gamma[1]",-0.123255604661511,-0.3979039,0.0325951000000001,1.77765548207847,4.52573062980891
"model_fits/testing/testing_stage_3/testing_reg5preds_onlyevil_group2_largesigma/its/meat","mu_gamma[2]","pooled_mu_gamma",NA,"mu_gamma[2]",-0.0577866283642667,-0.4011916,0.3933187,1.81110107224092,4.46504180045768
"model_fits/testing/testing_stage_3/testing_reg5preds_onlyevil_group2_largesigma/its/nonvegan","mu_gamma[1]","pooled_mu_gamma",NA,"mu_gamma[1]",-0.0321247042792,-0.3414728,0.1672172,2.03910036395885,4.06460202814301
"model_fits/testing/testing_stage_3/testing_reg5preds_onlyevil_group2_largesigma/its/nonvegan","mu_gamma[2]","pooled_mu_gamma",NA,"mu_gamma[2]",-0.236363479859556,-0.66323115,0.23775555,2.55029248689159,3.57767447553703
"model_fits/testing/testing_stage_3/testing_reg5preds_onlyevil_group2_largesigma/its/total","mu_gamma[1]","pooled_mu_gamma",NA,"mu_gamma[1]",-0.0969458205562933,-0.4934246,0.13804845,2.55585070411407,3.60831966538217
"model_fits/testing/testing_stage_3/testing_reg5preds_onlyevil_group2_largesigma/its/total","mu_gamma[2]","pooled_mu_gamma",NA,"mu_gamma[2]",-0.131893831913339,-0.4719277,0.1605896,2.03360078280475,4.08139194058778
"model_fits/testing/testing_stage_3/testing_reg5preds_onlyevil_group2_largesigma/its/vegan","mu_gamma[1]","pooled_mu_gamma",NA,"mu_gamma[1]",0.0359488929000667,-0.1077432,0.32488475,1.80940128434165,4.42685493291171
"model_fits/testing/testing_stage_3/testing_reg5preds_onlyevil_group2_largesigma/its/vegan","mu_gamma[2]","pooled_mu_gamma",NA,"mu_gamma[2]",0.199214791275111,-0.26950335,0.7886674,2.31561496280049,3.72774401554269
"model_fits/testing/testing_stage_3/testing_reg5preds_onlyevil_group2_largesigma/its/vegetarian","mu_gamma[1]","pooled_mu_gamma",NA,"mu_gamma[1]",-0.0203426924508289,-0.26535415,0.1478956,1.75171846099805,4.57695432481534
"model_fits/testing/testing_stage_3/testing_reg5preds_onlyevil_group2_largesigma/its/vegetarian","mu_gamma[2]","pooled_mu_gamma",NA,"mu_gamma[2]",-0.140608260686444,-0.41597515,0.1939465,2.0923291847491,3.93650516703319
"model_fits/testing/testing_stage_3/testing_reg5preds2lags_onlyevil_group2_largesigma/its/nonvegan","mu_gamma[1]","pooled_mu_gamma",NA,"mu_gamma[1]",-0.185810101088298,-0.42875735,0.18010965,1.80490095185936,4.44225982545287
"model_fits/testing/testing_stage_3/testing_reg5preds2lags_onlyevil_group2_largesigma/its/nonvegan","mu_gamma[2]","pooled_mu_gamma",NA,"mu_gamma[2]",-0.0946063463075578,-0.579118,0.4844752,1.83291213741389,4.37045045265486
"model_fits/testing/testing_stage_3/testing_reg5preds3lags_onlyevil_group2_largesigma/its/nonvegan","mu_gamma[1]","pooled_mu_gamma",NA,"mu_gamma[1]",-0.1523939518948,-0.3171808,0.01428006,1.61006916023841,5.06207249165371
"model_fits/testing/testing_stage_3/testing_reg5preds3lags_onlyevil_group2_largesigma/its/nonvegan","mu_gamma[2]","pooled_mu_gamma",NA,"mu_gamma[2]",-0.0783808108214578,-0.4842747,0.3324743,2.40677149207095,3.67507611660676
"model_fits/testing/testing_stage_3/testing_reg5preds4lags_onlyevil_group2_largesigma/its/nonvegan","mu_gamma[1]","pooled_mu_gamma",NA,"mu_gamma[1]",0.0152848255932444,-0.30424055,0.27855055,2.69500789236045,3.52753136602769
"model_fits/testing/testing_stage_3/testing_reg5preds4lags_onlyevil_group2_largesigma/its/nonvegan","mu_gamma[2]","pooled_mu_gamma",NA,"mu_gamma[2]",-0.255662036622222,-0.64084875,0.2660177,2.71370285386626,3.52495335754559
"model_fits/testing/testing_stage_3/testing_regheavy_group2_largesigma/its/nonvegan","mu_gamma[1]","pooled_mu_gamma",NA,"mu_gamma[1]",0.0786562526888889,-0.0491692,0.21687905,2.8623673025053,3.45002324220378
"model_fits/testing/testing_stage_3/testing_regheavy_group2_largesigma/its/nonvegan","mu_gamma[2]","pooled_mu_gamma",NA,"mu_gamma[2]",0.00645996491111111,-0.171212,0.114383,3.43889329475419,3.30855709957103
"model_fits/testing/testing_stage_3/testing_reglessheavyonlyevil_group2_hugesigma/its/nonvegan","mu_gamma[1]","pooled_mu_gamma",NA,"mu_gamma[1]",-0.0659228178156222,-0.3409748,0.10376575,2.04638536076289,3.99795299256176
"model_fits/testing/testing_stage_3/testing_reglessheavyonlyevil_group2_hugesigma/its/nonvegan","mu_gamma[2]","pooled_mu_gamma",NA,"mu_gamma[2]",-0.214976569892822,-0.54675535,0.119296,2.40827529841578,3.67487096521606
"model_fits/testing/testing_stage_3/testing_reglessheavyonlyevil_group2_largesigma/its/nonvegan","mu_gamma[1]","pooled_mu_gamma",NA,"mu_gamma[1]",-0.0979182999007778,-0.429477,0.1989318,2.27628262567973,3.77599516863517
"model_fits/testing/testing_stage_3/testing_reglessheavyonlyevil_group2_largesigma/its/nonvegan","mu_gamma[2]","pooled_mu_gamma",NA,"mu_gamma[2]",-0.0335172067425333,-0.56273875,0.3827998,2.76433142832784,3.52985126798403
"model_fits/testing/testing_stage_3/testing_reglesslessheavyonlyevil_group2_largesigma/its/nonvegan","mu_gamma[1]","pooled_mu_gamma",NA,"mu_gamma[1]",-0.0915641896635778,-0.37357915,0.20432885,1.00161368564936,396.945833646096
"model_fits/testing/testing_stage_3/testing_reglesslessheavyonlyevil_group2_largesigma/its/nonvegan","mu_gamma[2]","pooled_mu_gamma",NA,"mu_gamma[2]",0.135158070871444,-0.3596869,0.7078273,1.00290362200871,330.497005227742
"model_fits/testing/testing_stage_3/testing_reglesslessheavyonlyevil_group2_lesstight/its/nonvegan","mu_gamma[1]","pooled_mu_gamma",NA,"mu_gamma[1]",-0.115908403189089,-0.4102664,0.1608628,1.00363599139569,479.329752863305
"model_fits/testing/testing_stage_3/testing_reglesslessheavyonlyevil_group2_lesstight/its/nonvegan","mu_gamma[2]","pooled_mu_gamma",NA,"mu_gamma[2]",0.124253700572538,-0.3614023,0.691269250000001,1.00665216169961,444.736299280314
"model_fits/testing/testing_stage_3/testing_reglesslesslessheavyonlyevil_group2_largesigma/its/nonvegan","mu_gamma[1]","pooled_mu_gamma",NA,"mu_gamma[1]",-0.106942910704289,-0.4136731,0.1881475,1.01225688358056,349.952586477246
"model_fits/testing/testing_stage_3/testing_reglesslesslessheavyonlyevil_group2_largesigma/its/nonvegan","mu_gamma[2]","pooled_mu_gamma",NA,"mu_gamma[2]",0.0782001736212889,-0.39544125,0.59015345,1.00293140496035,303.507560100371
"model_fits/testing/testing_stage_3/testing_regsanitycheck_group2_largesigma/its/nonvegan","mu_gamma[1]","pooled_mu_gamma",NA,"mu_gamma[1]",0.0413435639862222,-0.2178061,0.28000985,1.61650818595667,5.06086977818449
"model_fits/testing/testing_stage_3/testing_regsanitycheck_group2_largesigma/its/nonvegan","mu_gamma[2]","pooled_mu_gamma",NA,"mu_gamma[2]",0.257524985843822,-0.19523575,0.74840805,1.65179815266071,4.88748419352556
"model_fits/testing/testing_stage_3/testing_regularized/its/nonvegan","mu_gamma[1]","pooled_mu_gamma",NA,"mu_gamma[1]",-0.0623444529073,-0.34379645,0.242327149999999,1.16646077644106,11.2089107134761
"model_fits/testing/testing_stage_3/testing_regularized/its/nonvegan","mu_gamma[2]","pooled_mu_gamma",NA,"mu_gamma[2]",0.0680721034186667,-0.24213125,0.42867125,1.12127193470523,18.8255969176821
"model_fits/testing/testing_stage_3/testing_regularized2/its/nonvegan","mu_gamma[1]","pooled_mu_gamma",NA,"mu_gamma[1]",-0.158333788355,-0.5375609,0.26061595,1.00861861360781,489.917769112621
"model_fits/testing/testing_stage_3/testing_regularized2/its/nonvegan","mu_gamma[2]","pooled_mu_gamma",NA,"mu_gamma[2]",-0.079031041397,-0.45662115,0.29084385,1.001705896065,480.358123587644
"model_fits/testing/testing_stage_3/testing_regularized3/its/nonvegan","mu_gamma[1]","pooled_mu_gamma",NA,"mu_gamma[1]",-0.148244653213467,-0.46861155,0.1945871,1.00674372581677,205.742269715971
"model_fits/testing/testing_stage_3/testing_regularized3/its/nonvegan","mu_gamma[2]","pooled_mu_gamma",NA,"mu_gamma[2]",-0.0723426851017,-0.4437691,0.305073799999999,1.01893188380519,180.43319910312
"model_fits/testing/testing_stage_3/testing_regularized4/its/nonvegan","mu_gamma[1]","pooled_mu_gamma",NA,"mu_gamma[1]",-0.1345388296051,-0.4750186,0.1759986,1.01491869224648,116.049111017906
"model_fits/testing/testing_stage_3/testing_regularized4/its/nonvegan","mu_gamma[2]","pooled_mu_gamma",NA,"mu_gamma[2]",-0.0704643703349667,-0.38880855,0.1901456,1.00838775197985,161.936232889618
"model_fits/testing/testing_stage_3/testing_regularized5/its/nonvegan","mu_gamma[1]","pooled_mu_gamma",NA,"mu_gamma[1]",-0.0411038468552444,-0.25022105,0.16354855,1.00247831973517,351.154675528843
"model_fits/testing/testing_stage_3/testing_regularized5/its/nonvegan","mu_gamma[2]","pooled_mu_gamma",NA,"mu_gamma[2]",0.0398213384169111,-0.3178271,0.4151116,1.008943694085,295.038310652005
"model_fits/testing/testing_stage_3/testing2_1time/its/nonvegan","mu_gamma[1]","pooled_mu_gamma",NA,"mu_gamma[1]",0.0986281636167,-0.1515337,0.3989761,1.16375877340614,10.666047102783
"model_fits/testing/testing_stage_3/testing2_1time/its/nonvegan","mu_gamma[2]","pooled_mu_gamma",NA,"mu_gamma[2]",-0.341787959466667,-0.54858605,-0.11464135,1.17777222702824,16.3519932305863
"model_fits/testing/testing_stage_3/testing2_2time/its/nonvegan","mu_gamma[1]","pooled_mu_gamma",NA,"mu_gamma[1]",-0.101412431150233,-0.2950296,0.07544798,1.23509715892732,6.84105430050082
"model_fits/testing/testing_stage_3/testing2_2time/its/nonvegan","mu_gamma[2]","pooled_mu_gamma",NA,"mu_gamma[2]",-0.198589246837333,-0.795047,0.320023799999999,1.32581780048274,5.26954689891646
"model_fits/testing/testing_stage_3/testing2_3time/its/nonvegan","mu_gamma[1]","pooled_mu_gamma",NA,"mu_gamma[1]",-0.149590954688433,-0.32448865,0.013889535,1.14286318904751,12.642898260126
"model_fits/testing/testing_stage_3/testing2_3time/its/nonvegan","mu_gamma[2]","pooled_mu_gamma",NA,"mu_gamma[2]",-0.312399577510667,-0.57491315,-0.0138976550000001,1.12212684089411,19.3233101505223
"model_fits/testing/testing_stage_3/testing2_4time/its/nonvegan","mu_gamma[1]","pooled_mu_gamma",NA,"mu_gamma[1]",-0.1049805233076,-0.22337635,0.1499159,1.24243530555229,8.44402345544478
"model_fits/testing/testing_stage_3/testing2_4time/its/nonvegan","mu_gamma[2]","pooled_mu_gamma",NA,"mu_gamma[2]",-0.65340324875,-1.030472,-0.19767045,1.53272126022831,3.82580189765152
"model_fits/testing/testing_stage_3/testing2_5time/its/nonvegan","mu_gamma[1]","pooled_mu_gamma",NA,"mu_gamma[1]",-0.111248912979667,-0.2647838,0.0905517,1.37118183141247,4.93918313551465
"model_fits/testing/testing_stage_3/testing2_5time/its/nonvegan","mu_gamma[2]","pooled_mu_gamma",NA,"mu_gamma[2]",-0.384092715225,-0.8715974,0.000665736999999819,2.38794461377424,2.47724808292487
"model_fits/testing/testing_stage_3/testing2_6time/its/nonvegan","mu_gamma[1]","pooled_mu_gamma",NA,"mu_gamma[1]",-0.19662225158,-0.3949742,-0.0471776600000001,1.76195479397114,3.11885698061854
"model_fits/testing/testing_stage_3/testing2_6time/its/nonvegan","mu_gamma[2]","pooled_mu_gamma",NA,"mu_gamma[2]",-0.403583902497,-0.7677965,-0.048011175,2.40843112737928,2.44555460075167
"model_fits/testing/testing_stage_3/testing2_notime/its/nonvegan","mu_gamma[1]","pooled_mu_gamma",NA,"mu_gamma[1]",0.0942115024903333,-0.14858925,0.2771716,1.40394810769469,4.6161661943952
"model_fits/testing/testing_stage_3/testing2_notime/its/nonvegan","mu_gamma[2]","pooled_mu_gamma",NA,"mu_gamma[2]",-0.1526296716452,-0.61456265,0.25584625,1.70386941333197,3.18093634452942
"model_fits/testing/testing_stage_3/testing3_1time/its/nonvegan","mu_gamma[1]","pooled_mu_gamma",NA,"mu_gamma[1]",-0.0830630586246667,-0.362428,0.20433155,1.01326647351318,221.685024730879
"model_fits/testing/testing_stage_3/testing3_1time/its/nonvegan","mu_gamma[2]","pooled_mu_gamma",NA,"mu_gamma[2]",0.09681451181605,-0.29220905,0.5473131,1.00808805275279,243.427936013222
"model_fits/testing/testing_stage_3/testing3_2time/its/nonvegan","mu_gamma[1]","pooled_mu_gamma",NA,"mu_gamma[1]",-0.0684718138688333,-0.4033712,0.26855405,1.02295494150149,87.0534022469002
"model_fits/testing/testing_stage_3/testing3_2time/its/nonvegan","mu_gamma[2]","pooled_mu_gamma",NA,"mu_gamma[2]",0.150327678550233,-0.23583445,0.618577649999999,1.04146128159034,114.640765583854
"model_fits/testing/testing_stage_3/testing3_3time/its/nonvegan","mu_gamma[1]","pooled_mu_gamma",NA,"mu_gamma[1]",-0.150420595108333,-0.5484968,0.2713458,1.0161949217756,126.118616021813
"model_fits/testing/testing_stage_3/testing3_3time/its/nonvegan","mu_gamma[2]","pooled_mu_gamma",NA,"mu_gamma[2]",0.0523613681893333,-0.3183563,0.4626175,1.00884037513804,196.453450739253
"model_fits/testing/testing_stage_3/testing3_4time/its/nonvegan","mu_gamma[1]","pooled_mu_gamma",NA,"mu_gamma[1]",-0.185544347624833,-0.5761283,0.22121685,1.03031344236763,85.2118745529813
"model_fits/testing/testing_stage_3/testing3_4time/its/nonvegan","mu_gamma[2]","pooled_mu_gamma",NA,"mu_gamma[2]",-0.063783209177,-0.4502244,0.32543505,1.00788703114232,165.331360856864
"model_fits/testing/testing_stage_3/testing3_5time/its/nonvegan","mu_gamma[1]","pooled_mu_gamma",NA,"mu_gamma[1]",-0.1439659393447,-0.519924,0.12767985,1.33470679775574,5.39679788680233
"model_fits/testing/testing_stage_3/testing3_5time/its/nonvegan","mu_gamma[2]","pooled_mu_gamma",NA,"mu_gamma[2]",0.247279211276,-0.1548639,0.733082449999999,1.29922296173567,5.46196985953361
"model_fits/testing/testing_stage_3/testing3_6time/its/nonvegan","mu_gamma[1]","pooled_mu_gamma",NA,"mu_gamma[1]",-0.086357593633,-0.33136515,0.188271,1.06245225986175,9.62640814160592
"model_fits/testing/testing_stage_3/testing3_6time/its/nonvegan","mu_gamma[2]","pooled_mu_gamma",NA,"mu_gamma[2]",0.16804961784,-0.2995499,0.63868925,1.05837951670958,15.6836541098208
"model_fits/testing/testing_stage_3/testing3_notime/its/nonvegan","mu_gamma[1]","pooled_mu_gamma",NA,"mu_gamma[1]",-0.1268538478005,-0.41734255,0.13592875,1.03251352125932,43.8115506504475
"model_fits/testing/testing_stage_3/testing3_notime/its/nonvegan","mu_gamma[2]","pooled_mu_gamma",NA,"mu_gamma[2]",0.181973492901333,-0.1907155,0.5789353,1.2008548007345,10.2159562120054
"model_fits/testing/testing_stage_3/testing4_1time/its/nonvegan","mu_gamma[1]","pooled_mu_gamma",NA,"mu_gamma[1]",-0.0830630586246667,-0.362428,0.20433155,1.01326647351318,221.685024730879
"model_fits/testing/testing_stage_3/testing4_1time/its/nonvegan","mu_gamma[2]","pooled_mu_gamma",NA,"mu_gamma[2]",0.09681451181605,-0.29220905,0.5473131,1.00808805275279,243.427936013222
"model_fits/testing/testing_stage_3/testing4_3time/its/nonvegan","mu_gamma[1]","pooled_mu_gamma",NA,"mu_gamma[1]",-0.1753286760182,-0.6246759,0.26928915,1.00070297563111,330.913968665149
"model_fits/testing/testing_stage_3/testing4_3time/its/nonvegan","mu_gamma[2]","pooled_mu_gamma",NA,"mu_gamma[2]",0.00910540329404,-0.2661443,0.3378375,1.00215208083601,346.292984945262
"model_fits/testing/testing_stage_3/testing4_4time/its/nonvegan","mu_gamma[1]","pooled_mu_gamma",NA,"mu_gamma[1]",-0.268059327890667,-0.7263464,0.170400049999999,1.01540232702363,225.973248613568
"model_fits/testing/testing_stage_3/testing4_4time/its/nonvegan","mu_gamma[2]","pooled_mu_gamma",NA,"mu_gamma[2]",-0.0974036146820333,-0.48369775,0.3413033,1.02040009445056,130.117699299378
"model_fits/testing/testing_stage_3/testing4_6time/its/nonvegan","mu_gamma[1]","pooled_mu_gamma",NA,"mu_gamma[1]",-0.219971731108,-0.623017,0.17209645,1.01553576696557,83.7967581939678
"model_fits/testing/testing_stage_3/testing4_6time/its/nonvegan","mu_gamma[2]","pooled_mu_gamma",NA,"mu_gamma[2]",-0.129522714156,-0.60368775,0.350003,1.00724040776823,119.509726544765
"model_fits/testing/testing_stage_3/testing4_notime/its/nonvegan","mu_gamma[1]","pooled_mu_gamma",NA,"mu_gamma[1]",-0.1268538478005,-0.41734255,0.13592875,1.03251352125932,43.8115506504475
"model_fits/testing/testing_stage_3/testing4_notime/its/nonvegan","mu_gamma[2]","pooled_mu_gamma",NA,"mu_gamma[2]",0.181973492901333,-0.1907155,0.5789353,1.2008548007345,10.2159562120054
