"fit_dir","total_dir","analysis","outcome","gamma_index","level","restaurant","type_fine","mean","q2.5","q97.5","mean_exp","mean_exp_p10","rhat","ess_bulk","ess_tail"
"model_fits/finalized_redone_trunc/a1_proportion/chicken_fish/mpbamod_dishes_count","model_fits/finalized_redone_trunc/a1_proportion/total/mpbamod_dishes_count","a1_proportion","chicken_fish",1,"pooled",NA,"level",-0.0237736923271525,-0.1805002775,0.1335218975,0.979338502466512,0.997654370666325,1.00768572338554,441.691499744107,627.450274760864
"model_fits/finalized_redone_trunc/a1_proportion/chicken_fish/mpbamod_dishes_count","model_fits/finalized_redone_trunc/a1_proportion/total/mpbamod_dishes_count","a1_proportion","chicken_fish",2,"pooled",NA,"slope",-0.00609343656435,-2.931703575,2.81881825,2.85398230413487,1.01024846059932,1.00167907414423,1377.66764084173,2258.80539910095
"model_fits/finalized_redone_trunc/a1_proportion/chicken_fish/mpbamod_dishes_count","model_fits/finalized_redone_trunc/a1_proportion/total/mpbamod_dishes_count","a1_proportion","chicken_fish",NA,"restaurant","2HRX9P6HKXA8V","level",0.00581342012575,-0.154687075,0.145800825,1.00810055950824,1.00060421454607,1.00451461746586,1426.46001234964,2469.13122311103
"model_fits/finalized_redone_trunc/a1_proportion/chicken_fish/mpbamod_dishes_count","model_fits/finalized_redone_trunc/a1_proportion/total/mpbamod_dishes_count","a1_proportion","chicken_fish",NA,"restaurant","ED5J990H5VAZT","level",-0.015317062545495,-0.0657701025,0.0264746925,0.985086467114955,0.998472379951766,1.00726044385407,936.407622991739,1917.92586363278
"model_fits/finalized_redone_trunc/a1_proportion/chicken_fish/mpbamod_dishes_count","model_fits/finalized_redone_trunc/a1_proportion/total/mpbamod_dishes_count","a1_proportion","chicken_fish",NA,"restaurant","JHDN7CF1C03X5","level",0.030688414143425,-0.00404249625,0.0686033325,1.0313505582728,1.00307536616393,1.00085203378269,1935.14393876776,3454.00568413358
"model_fits/finalized_redone_trunc/a1_proportion/chicken_fish/mpbamod_dishes_count","model_fits/finalized_redone_trunc/a1_proportion/total/mpbamod_dishes_count","a1_proportion","chicken_fish",NA,"restaurant","L69HYJ4Y3TR91","level",-0.0219203370108425,-0.321995825,0.1268442,0.983129917517493,0.997862358280156,1.00766484040018,773.576495704004,1177.52774847368
"model_fits/finalized_redone_trunc/a1_proportion/chicken_fish/mpbamod_dishes_count","model_fits/finalized_redone_trunc/a1_proportion/total/mpbamod_dishes_count","a1_proportion","chicken_fish",NA,"restaurant","W8T41JZK0ZMEP","level",0.0124001811820425,-0.0140033575,0.038294335,1.01256764214339,1.00124167979113,1.00057782700639,4115.00124347679,4916.00105104612
"model_fits/finalized_redone_trunc/a1_proportion/meat/mpbamod_dishes_count","model_fits/finalized_redone_trunc/a1_proportion/total/mpbamod_dishes_count","a1_proportion","meat",1,"pooled",NA,"level",-0.010872940965275,-0.1624127125,0.15050694925,0.992128360446511,0.998942880985912,1.02193288153117,117.933100054522,100.728989566456
"model_fits/finalized_redone_trunc/a1_proportion/meat/mpbamod_dishes_count","model_fits/finalized_redone_trunc/a1_proportion/total/mpbamod_dishes_count","a1_proportion","meat",2,"pooled",NA,"slope",-0.002568131790275,-2.76421875,2.7605443,2.76784005314822,1.01002817437525,1.00236505393679,470.849316998645,1006.82944309253
"model_fits/finalized_redone_trunc/a1_proportion/meat/mpbamod_dishes_count","model_fits/finalized_redone_trunc/a1_proportion/total/mpbamod_dishes_count","a1_proportion","meat",NA,"restaurant","2HRX9P6HKXA8V","level",0.0743129050223632,-0.1469126775,0.2835443075,1.08350453250655,1.00751834997467,1.0077159350856,395.553521422277,680.904720893221
"model_fits/finalized_redone_trunc/a1_proportion/meat/mpbamod_dishes_count","model_fits/finalized_redone_trunc/a1_proportion/total/mpbamod_dishes_count","a1_proportion","meat",NA,"restaurant","ED5J990H5VAZT","level",-0.003115984217975,-0.02919990275,0.02470813475,0.996985849922077,0.999689422230574,1.00100015973338,496.233631920162,1059.63710478009
"model_fits/finalized_redone_trunc/a1_proportion/meat/mpbamod_dishes_count","model_fits/finalized_redone_trunc/a1_proportion/total/mpbamod_dishes_count","a1_proportion","meat",NA,"restaurant","JHDN7CF1C03X5","level",-0.0007332008952125,-0.04296291375,0.0405445675,0.999487246010994,0.99992888613591,1.00022160790297,1330.37334050751,2704.41799570142
"model_fits/finalized_redone_trunc/a1_proportion/meat/mpbamod_dishes_count","model_fits/finalized_redone_trunc/a1_proportion/total/mpbamod_dishes_count","a1_proportion","meat",NA,"restaurant","L69HYJ4Y3TR91","level",-0.05882543747867,-0.2405080825,0.11505236275,0.946790568748489,0.994176010074593,1.00529691349106,303.842928374529,965.37869281597
"model_fits/finalized_redone_trunc/a1_proportion/meat/mpbamod_dishes_count","model_fits/finalized_redone_trunc/a1_proportion/total/mpbamod_dishes_count","a1_proportion","meat",NA,"restaurant","SRQS8F7JWA9MZ","level",-0.057472981133,-0.15946534025,0.0438112,0.945366260244667,0.994282027206632,1.00562808285876,372.579804612986,121.774366305765
"model_fits/finalized_redone_trunc/a1_proportion/meat/mpbamod_dishes_count","model_fits/finalized_redone_trunc/a1_proportion/total/mpbamod_dishes_count","a1_proportion","meat",NA,"restaurant","W8T41JZK0ZMEP","level",-0.01628099833465,-0.04697154,0.013258086,0.983966999576419,0.998374404193097,1.00189130576359,805.683843244738,1686.90391514742
"model_fits/finalized_redone_trunc/a1_proportion/nonvegan/mpbamod_dishes_count","model_fits/finalized_redone_trunc/a1_proportion/total/mpbamod_dishes_count","a1_proportion","nonvegan",1,"pooled",NA,"level",-0.009050986612975,-0.2843793775,0.198358105,0.996801064189841,0.999155504368317,1.02172248153063,54.7127717333438,63.2172920053093
"model_fits/finalized_redone_trunc/a1_proportion/nonvegan/mpbamod_dishes_count","model_fits/finalized_redone_trunc/a1_proportion/total/mpbamod_dishes_count","a1_proportion","nonvegan",2,"pooled",NA,"slope",-0.0332795828005,-2.82745375,2.679368175,2.38271004044388,1.00621120013815,1.00724592241782,364.888336253725,663.74677435574
"model_fits/finalized_redone_trunc/a1_proportion/nonvegan/mpbamod_dishes_count","model_fits/finalized_redone_trunc/a1_proportion/total/mpbamod_dishes_count","a1_proportion","nonvegan",NA,"restaurant","2HRX9P6HKXA8V","level",0.0077791414435875,-0.220431205,0.2365339725,1.01469478350142,1.00084639539191,1.00145994979798,443.89189823023,844.114297037309
"model_fits/finalized_redone_trunc/a1_proportion/nonvegan/mpbamod_dishes_count","model_fits/finalized_redone_trunc/a1_proportion/total/mpbamod_dishes_count","a1_proportion","nonvegan",NA,"restaurant","ED5J990H5VAZT","level",-0.0022769483405,-0.02539033275,0.0201620275,0.997791452454399,0.999772990706177,1.00051753582691,1108.11874205087,2161.61371864765
"model_fits/finalized_redone_trunc/a1_proportion/nonvegan/mpbamod_dishes_count","model_fits/finalized_redone_trunc/a1_proportion/total/mpbamod_dishes_count","a1_proportion","nonvegan",NA,"restaurant","JHDN7CF1C03X5","level",0.0014520607404,-0.038844697275,0.0406122625,1.00166283452309,1.00014731144029,1.00216613461077,1605.46907440238,2081.72364702122
"model_fits/finalized_redone_trunc/a1_proportion/nonvegan/mpbamod_dishes_count","model_fits/finalized_redone_trunc/a1_proportion/total/mpbamod_dishes_count","a1_proportion","nonvegan",NA,"restaurant","L69HYJ4Y3TR91","level",-0.0206589455582,-0.1994282275,0.157130395,0.983523223721423,0.997976624934632,1.00715646816109,342.680263184116,745.0453623501
"model_fits/finalized_redone_trunc/a1_proportion/nonvegan/mpbamod_dishes_count","model_fits/finalized_redone_trunc/a1_proportion/total/mpbamod_dishes_count","a1_proportion","nonvegan",NA,"restaurant","SRQS8F7JWA9MZ","level",0.007021910775,-0.083668475,0.098046725,1.00816448552861,1.00071353664854,1.00257042287047,1112.80494768685,2607.64471181384
"model_fits/finalized_redone_trunc/a1_proportion/nonvegan/mpbamod_dishes_count","model_fits/finalized_redone_trunc/a1_proportion/total/mpbamod_dishes_count","a1_proportion","nonvegan",NA,"restaurant","W8T41JZK0ZMEP","level",0.00389966602715,-0.02437108155,0.03185128925,1.00401345972107,1.0003911009707,1.00047282565876,1242.96049111813,2162.00712355585
"model_fits/finalized_redone_trunc/a1_proportion/vegan/mpbamod_dishes_count","model_fits/finalized_redone_trunc/a1_proportion/total/mpbamod_dishes_count","a1_proportion","vegan",1,"pooled",NA,"level",0.00872529863905,-0.170586042,0.20123935475,1.01291481576595,1.00091387314448,1.00976359991991,177.506737884002,469.643912296804
"model_fits/finalized_redone_trunc/a1_proportion/vegan/mpbamod_dishes_count","model_fits/finalized_redone_trunc/a1_proportion/total/mpbamod_dishes_count","a1_proportion","vegan",2,"pooled",NA,"slope",-0.00049614756149999,-2.851504975,2.79354275,2.779371820816,1.01066168425208,1.00561217491989,505.514881428441,1048.12760296635
"model_fits/finalized_redone_trunc/a1_proportion/vegan/mpbamod_dishes_count","model_fits/finalized_redone_trunc/a1_proportion/total/mpbamod_dishes_count","a1_proportion","vegan",NA,"restaurant","2HRX9P6HKXA8V","level",0.0276503375603875,-0.21790079,0.2626467975,1.03545357076745,1.00284119784441,1.00549676097757,434.15146515506,1497.33765644006
"model_fits/finalized_redone_trunc/a1_proportion/vegan/mpbamod_dishes_count","model_fits/finalized_redone_trunc/a1_proportion/total/mpbamod_dishes_count","a1_proportion","vegan",NA,"restaurant","ED5J990H5VAZT","level",0.017459020399975,-0.009641405,0.04448103,1.01770957541256,1.00174838433958,1.00076307738673,986.637558188489,1939.55575807887
"model_fits/finalized_redone_trunc/a1_proportion/vegan/mpbamod_dishes_count","model_fits/finalized_redone_trunc/a1_proportion/total/mpbamod_dishes_count","a1_proportion","vegan",NA,"restaurant","JHDN7CF1C03X5","level",-0.0075965931930675,-0.056469783,0.0419414275,0.992746188791731,0.999243789783223,1.00102474458355,1638.61355085859,2384.7156664443
"model_fits/finalized_redone_trunc/a1_proportion/vegan/mpbamod_dishes_count","model_fits/finalized_redone_trunc/a1_proportion/total/mpbamod_dishes_count","a1_proportion","vegan",NA,"restaurant","L69HYJ4Y3TR91","level",0.0375200560708,-0.163151065,0.29328196,1.04568835247328,1.00382971076297,1.0045537040151,345.520016861755,1078.63206862275
"model_fits/finalized_redone_trunc/a1_proportion/vegan/mpbamod_dishes_count","model_fits/finalized_redone_trunc/a1_proportion/total/mpbamod_dishes_count","a1_proportion","vegan",NA,"restaurant","SRQS8F7JWA9MZ","level",-0.041383182218325,-0.1717504775,0.0929965325,0.96168116272268,0.995893202803366,1.00114866435568,394.27646598415,405.252541716425
"model_fits/finalized_redone_trunc/a1_proportion/vegan/mpbamod_dishes_count","model_fits/finalized_redone_trunc/a1_proportion/total/mpbamod_dishes_count","a1_proportion","vegan",NA,"restaurant","W8T41JZK0ZMEP","level",-0.01095554478691,-0.0376643475,0.01677795575,0.989200836646416,0.998906020530788,1.0003391045865,1616.86595570858,2695.80969767431
"model_fits/finalized_redone_trunc/a1_proportion/vegetarian/mpbamod_dishes_count","model_fits/finalized_redone_trunc/a1_proportion/total/mpbamod_dishes_count","a1_proportion","vegetarian",1,"pooled",NA,"level",0.0239863713614475,-0.2797333,0.27437985,1.03397608407202,1.00249734635354,1.06608340023127,35.0622014269724,68.3901647595782
"model_fits/finalized_redone_trunc/a1_proportion/vegetarian/mpbamod_dishes_count","model_fits/finalized_redone_trunc/a1_proportion/total/mpbamod_dishes_count","a1_proportion","vegetarian",2,"pooled",NA,"slope",-0.00038737752225,-2.85343855,2.922548675,2.9307304218213,1.01062298962494,1.00154687951154,575.382838087598,949.949765075988
"model_fits/finalized_redone_trunc/a1_proportion/vegetarian/mpbamod_dishes_count","model_fits/finalized_redone_trunc/a1_proportion/total/mpbamod_dishes_count","a1_proportion","vegetarian",NA,"restaurant","2HRX9P6HKXA8V","level",-0.0934078143913875,-0.33792095525,0.1502633775,0.918072747174823,0.990781206440778,1.00219328983484,901.366686400193,1285.94306215127
"model_fits/finalized_redone_trunc/a1_proportion/vegetarian/mpbamod_dishes_count","model_fits/finalized_redone_trunc/a1_proportion/total/mpbamod_dishes_count","a1_proportion","vegetarian",NA,"restaurant","ED5J990H5VAZT","level",0.001040387867475,-0.01906637675,0.0219999795,1.00109606377776,1.00010459495222,1.00776680739006,705.474299194417,1997.58089803655
"model_fits/finalized_redone_trunc/a1_proportion/vegetarian/mpbamod_dishes_count","model_fits/finalized_redone_trunc/a1_proportion/total/mpbamod_dishes_count","a1_proportion","vegetarian",NA,"restaurant","JHDN7CF1C03X5","level",-0.00277763469832925,-0.0461884975,0.0410221275,0.997471656596208,0.999724735264354,1.00100310569389,1751.11722565719,2928.83662080391
"model_fits/finalized_redone_trunc/a1_proportion/vegetarian/mpbamod_dishes_count","model_fits/finalized_redone_trunc/a1_proportion/total/mpbamod_dishes_count","a1_proportion","vegetarian",NA,"restaurant","L69HYJ4Y3TR91","level",0.049641004658175,-0.1387256325,0.2534945125,1.05628543325406,1.00502767236983,1.00339414990148,613.436392088955,1241.68248003598
"model_fits/finalized_redone_trunc/a1_proportion/vegetarian/mpbamod_dishes_count","model_fits/finalized_redone_trunc/a1_proportion/total/mpbamod_dishes_count","a1_proportion","vegetarian",NA,"restaurant","SRQS8F7JWA9MZ","level",0.187918980225,0.082314025,0.297162025,1.20859468876372,1.01898524598596,1.00312312239288,661.946569015323,2095.62788265925
"model_fits/finalized_redone_trunc/a1_proportion/vegetarian/mpbamod_dishes_count","model_fits/finalized_redone_trunc/a1_proportion/total/mpbamod_dishes_count","a1_proportion","vegetarian",NA,"restaurant","W8T41JZK0ZMEP","level",-0.0018732035804975,-0.0293710705,0.02587590425,0.998226226589245,0.999813675280212,1.00294665865271,1199.96118447111,2705.36831438203
"model_fits/finalized_redone_trunc/a2_proportion_t/breakfast_p/breakfast_dishes_count","model_fits/finalized_redone_trunc/a1_proportion/total/mpbamod_dishes_count","a2_proportion_t","breakfast_p",1,"pooled",NA,"level",-0.09734097589445,-0.41147222275,0.336572609525,0.924359112560795,0.990481821967726,1.01384959533499,267.953866164939,193.40263746429
"model_fits/finalized_redone_trunc/a2_proportion_t/breakfast_p/breakfast_dishes_count","model_fits/finalized_redone_trunc/a1_proportion/total/mpbamod_dishes_count","a2_proportion_t","breakfast_p",2,"pooled",NA,"slope",-0.04626457376775,-2.8204785,2.73268845,2.61247439257405,1.00574347839788,1.00060996551854,1144.36369572735,2374.86201591348
"model_fits/finalized_redone_trunc/a2_proportion_t/breakfast_p/breakfast_dishes_count","model_fits/finalized_redone_trunc/a1_proportion/total/mpbamod_dishes_count","a2_proportion_t","breakfast_p",NA,"restaurant","2HRX9P6HKXA8V","level",-0.085458849301165,-0.2564962,0.09259513,0.921663806657579,0.991528978781903,1.00051940109184,2473.56210790785,3316.92437524894
"model_fits/finalized_redone_trunc/a2_proportion_t/breakfast_p/breakfast_dishes_count","model_fits/finalized_redone_trunc/a1_proportion/total/mpbamod_dishes_count","a2_proportion_t","breakfast_p",NA,"restaurant","ED5J990H5VAZT","level",-0.095679922648175,-0.22046665,0.0250417075,0.910563245837582,0.99049735244099,1.00135147617202,1519.59828272609,2231.16287015096
"model_fits/finalized_redone_trunc/a2_proportion_t/breakfast_p/breakfast_dishes_count","model_fits/finalized_redone_trunc/a1_proportion/total/mpbamod_dishes_count","a2_proportion_t","breakfast_p",NA,"restaurant","L69HYJ4Y3TR91","level",-0.07365299233409,-0.31309975,0.1996217,0.936122481280975,0.992736810759941,1.00141330875495,2098.94052632587,3448.57855728028
"model_fits/finalized_redone_trunc/a2_proportion_t/chicken_p/chicken_dishes_count","model_fits/finalized_redone_trunc/a1_proportion/total/mpbamod_dishes_count","a2_proportion_t","chicken_p",1,"pooled",NA,"level",0.066422452508725,-0.41498428,0.609829302,1.09616922445039,1.00691376613554,1.0291849385116,99.7503227742549,208.549637169416
"model_fits/finalized_redone_trunc/a2_proportion_t/chicken_p/chicken_dishes_count","model_fits/finalized_redone_trunc/a1_proportion/total/mpbamod_dishes_count","a2_proportion_t","chicken_p",2,"pooled",NA,"slope",0.05601800942275,-2.931291,2.7406931,2.62815197586439,1.01569192377965,1.01753697181727,129.989544923003,163.540996313795
"model_fits/finalized_redone_trunc/a2_proportion_t/chicken_p/chicken_dishes_count","model_fits/finalized_redone_trunc/a1_proportion/total/mpbamod_dishes_count","a2_proportion_t","chicken_p",NA,"restaurant","JHDN7CF1C03X5","level",0.063907155672425,0.020566435,0.106327225,1.06625128576957,1.00641361460045,1.00804122735506,296.677811287808,1402.27252003089
"model_fits/finalized_redone_trunc/a2_proportion_t/chicken_p/chicken_dishes_count","model_fits/finalized_redone_trunc/a1_proportion/total/mpbamod_dishes_count","a2_proportion_t","chicken_p",NA,"restaurant","W8T41JZK0ZMEP","level",0.12185637565,0.051371345,0.1990956,1.13045929784817,1.01226793327528,1.01169826637439,269.443498233372,1210.66264839629
"model_fits/finalized_redone_trunc/a2_proportion_t/dairy_p/dairy_dishes_count","model_fits/finalized_redone_trunc/a1_proportion/total/mpbamod_dishes_count","a2_proportion_t","dairy_p",1,"pooled",NA,"level",0.00504964875515,-0.11477082,0.14895083,1.0072541581699,1.00052674502649,1.04301689730938,81.1365730264123,46.6795585208562
"model_fits/finalized_redone_trunc/a2_proportion_t/dairy_p/dairy_dishes_count","model_fits/finalized_redone_trunc/a1_proportion/total/mpbamod_dishes_count","a2_proportion_t","dairy_p",2,"pooled",NA,"slope",-0.066413050802,-2.73091915,2.66205595,2.49471321954271,1.00314959835995,1.00757339644646,452.075166021523,880.545238587925
"model_fits/finalized_redone_trunc/a2_proportion_t/dairy_p/dairy_dishes_count","model_fits/finalized_redone_trunc/a1_proportion/total/mpbamod_dishes_count","a2_proportion_t","dairy_p",NA,"restaurant","ED5J990H5VAZT","level",0.03263795121995,-0.000729754525,0.0615447875,1.03330274862468,1.00327035604128,1.00435876447176,502.233042424999,1369.2875089919
"model_fits/finalized_redone_trunc/a2_proportion_t/dairy_p/dairy_dishes_count","model_fits/finalized_redone_trunc/a1_proportion/total/mpbamod_dishes_count","a2_proportion_t","dairy_p",NA,"restaurant","JHDN7CF1C03X5","level",0.0363569024965,0.009493259,0.0627271175,1.03711868300992,1.00364320529448,1.00217427761834,1007.5698566155,2111.97590767784
"model_fits/finalized_redone_trunc/a2_proportion_t/dairy_p/dairy_dishes_count","model_fits/finalized_redone_trunc/a1_proportion/total/mpbamod_dishes_count","a2_proportion_t","dairy_p",NA,"restaurant","W8T41JZK0ZMEP","level",0.03661488203375,0.0159724075,0.0583188675,1.03735119400804,1.00366875807917,1.00078091652972,945.774253734988,2422.79600085529
"model_fits/finalized_redone_trunc/a2_proportion_t/egg_p/egg_dishes_count","model_fits/finalized_redone_trunc/a1_proportion/total/mpbamod_dishes_count","a2_proportion_t","egg_p",1,"pooled",NA,"level",0.01926082279255,-0.45830725,0.570605655,1.04670469662876,1.00218706895245,1.00971805395007,223.838355293331,275.466845781707
"model_fits/finalized_redone_trunc/a2_proportion_t/egg_p/egg_dishes_count","model_fits/finalized_redone_trunc/a1_proportion/total/mpbamod_dishes_count","a2_proportion_t","egg_p",2,"pooled",NA,"slope",-0.0083602758005,-2.84037675,2.79620525,2.94220177710821,1.00998822548983,1.00248197301437,573.210704598384,921.187551348866
"model_fits/finalized_redone_trunc/a2_proportion_t/egg_p/egg_dishes_count","model_fits/finalized_redone_trunc/a1_proportion/total/mpbamod_dishes_count","a2_proportion_t","egg_p",NA,"restaurant","ED5J990H5VAZT","level",0.02805387540378,-0.0177030525,0.0711372525,1.02871691369722,1.0028119194371,1.00016169848942,1434.44871932441,3012.09827956727
"model_fits/finalized_redone_trunc/a2_proportion_t/egg_p/egg_dishes_count","model_fits/finalized_redone_trunc/a1_proportion/total/mpbamod_dishes_count","a2_proportion_t","egg_p",NA,"restaurant","W8T41JZK0ZMEP","level",0.0548734161545,0.0230059275,0.0878057675,1.056547604269,1.00550376364742,1.00169102375439,1839.85219636838,3021.13117865517
"model_fits/finalized_redone_trunc/a2_proportion_t/untextured_p/untextured_dishes_count","model_fits/finalized_redone_trunc/a1_proportion/total/mpbamod_dishes_count","a2_proportion_t","untextured_p",1,"pooled",NA,"level",0.05784014669305,-0.0991119725,0.231447795,1.06346784456357,1.00583767760139,1.2735883046351,9.04857983764835,67.0724165294641
"model_fits/finalized_redone_trunc/a2_proportion_t/untextured_p/untextured_dishes_count","model_fits/finalized_redone_trunc/a1_proportion/total/mpbamod_dishes_count","a2_proportion_t","untextured_p",2,"pooled",NA,"slope",0.2477148851425,-2.6623576,3.1497475,3.58437048638843,1.03606186451741,1.49087702138753,5.87847153526958,22.1844763745259
"model_fits/finalized_redone_trunc/a2_proportion_t/untextured_p/untextured_dishes_count","model_fits/finalized_redone_trunc/a1_proportion/total/mpbamod_dishes_count","a2_proportion_t","untextured_p",NA,"restaurant","SRQS8F7JWA9MZ","level",0.08862520889025,0.009090126,0.196456725,1.09402283705018,1.0089143079404,1.2735883046351,9.04857983764835,67.0724165294641
"model_fits/finalized_redone_trunc_cp/a3_its/chicken_fish","model_fits/finalized_redone_trunc_cp/a3_its/total","a3_its","chicken_fish",1,"pooled",NA,"level",-0.125023383293779,-0.4577375775,0.0715158824999997,0.88934592536005,0.987655491335718,1.00715027696486,257.958189996171,401.401281593683
"model_fits/finalized_redone_trunc_cp/a3_its/chicken_fish","model_fits/finalized_redone_trunc_cp/a3_its/total","a3_its","chicken_fish",2,"pooled",NA,"slope",-0.0531767362985,-0.973155275,0.725514925,1.02712075078059,0.995519039487403,1.01029087752891,172.95457642446,249.837343023338
"model_fits/finalized_redone_trunc_cp/a3_its/chicken_fish","model_fits/finalized_redone_trunc_cp/a3_its/total","a3_its","chicken_fish",NA,"restaurant","2HRX9P6HKXA8V","level",-0.128924920431417,-0.37509174,0.0604660125,0.884506466026771,0.987252365582106,1.00402756843356,458.303268017205,1465.76220140623
"model_fits/finalized_redone_trunc_cp/a3_its/chicken_fish","model_fits/finalized_redone_trunc_cp/a3_its/total","a3_its","chicken_fish",NA,"restaurant","2HRX9P6HKXA8V","slope",0.39690350124635,-0.107381875,0.839107725,1.52906538759652,1.04078240770855,1.01709800122419,222.292306915561,421.923444867961
"model_fits/finalized_redone_trunc_cp/a3_its/chicken_fish","model_fits/finalized_redone_trunc_cp/a3_its/total","a3_its","chicken_fish",NA,"restaurant","ED5J990H5VAZT","level",-0.160514506784867,-0.650232375,0.0717724875,0.866630456288929,0.984260169989715,1.01483584978293,264.28310604237,746.795087460843
"model_fits/finalized_redone_trunc_cp/a3_its/chicken_fish","model_fits/finalized_redone_trunc_cp/a3_its/total","a3_its","chicken_fish",NA,"restaurant","ED5J990H5VAZT","slope",1.20320064206667,0.541832625,1.85574425,3.52949640281712,1.12851297222746,1.0338340291338,129.909055134395,204.502487598422
"model_fits/finalized_redone_trunc_cp/a3_its/chicken_fish","model_fits/finalized_redone_trunc_cp/a3_its/total","a3_its","chicken_fish",NA,"restaurant","JHDN7CF1C03X5","level",0.00319216870213333,-0.081546765,0.0921298525,1.00416190729829,1.00032886708885,1.00384556577936,916.042744145758,2291.16425169418
"model_fits/finalized_redone_trunc_cp/a3_its/chicken_fish","model_fits/finalized_redone_trunc_cp/a3_its/total","a3_its","chicken_fish",NA,"restaurant","JHDN7CF1C03X5","slope",0.702246666666667,0.517384075,0.901810825,2.02794133582109,1.07280018767185,1.01275472343718,349.586600439728,675.369311575606
"model_fits/finalized_redone_trunc_cp/a3_its/chicken_fish","model_fits/finalized_redone_trunc_cp/a3_its/total","a3_its","chicken_fish",NA,"restaurant","L69HYJ4Y3TR91","level",-0.0542075405662717,-0.511012825,0.314305175,0.963282179666798,0.994764012330544,1.01116506505875,382.345371785937,890.289914337338
"model_fits/finalized_redone_trunc_cp/a3_its/chicken_fish","model_fits/finalized_redone_trunc_cp/a3_its/total","a3_its","chicken_fish",NA,"restaurant","L69HYJ4Y3TR91","slope",0.729539077321333,-0.74349705,2.292237,3.0682653337107,1.07855988485514,1.00640192193733,350.465187781745,671.028752895481
"model_fits/finalized_redone_trunc_cp/a3_its/chicken_fish","model_fits/finalized_redone_trunc_cp/a3_its/total","a3_its","chicken_fish",NA,"restaurant","VLZX7K2M9QD4T","level",-0.0534587504920817,-0.148374487,0.04006447425,0.949051523272666,0.994679987758263,1.00067421367054,2627.40295949741,3846.74515931434
"model_fits/finalized_redone_trunc_cp/a3_its/chicken_fish","model_fits/finalized_redone_trunc_cp/a3_its/total","a3_its","chicken_fish",NA,"restaurant","VLZX7K2M9QD4T","slope",0.159069675535833,-0.58916165,0.8377832,1.25454465374234,1.01673406631861,1.01097950154827,368.455405549871,1163.69285371403
"model_fits/finalized_redone_trunc_cp/a3_its/meat","model_fits/finalized_redone_trunc_cp/a3_its/total","a3_its","meat",1,"pooled",NA,"level",-0.0515458217356417,-0.196491745,0.0682088404749998,0.95178707481138,0.994880026485546,1.00843448540077,270.746286548926,292.478400438942
"model_fits/finalized_redone_trunc_cp/a3_its/meat","model_fits/finalized_redone_trunc_cp/a3_its/total","a3_its","meat",2,"pooled",NA,"slope",-0.06970874236,-0.6330438,0.575032719999999,0.972299062887131,0.993453643365519,1.01267495310015,156.898175744979,236.424347444581
"model_fits/finalized_redone_trunc_cp/a3_its/meat","model_fits/finalized_redone_trunc_cp/a3_its/total","a3_its","meat",NA,"restaurant","2HRX9P6HKXA8V","level",-0.00290875880048333,-0.220236355,0.2038355725,1.00243650971519,0.999762714657332,1.01274779120605,262.624663859402,908.04944913234
"model_fits/finalized_redone_trunc_cp/a3_its/meat","model_fits/finalized_redone_trunc_cp/a3_its/total","a3_its","meat",NA,"restaurant","2HRX9P6HKXA8V","slope",-0.142242448235733,-0.8509039125,0.462914375,0.913545381812888,0.986410491198584,1.01213557189119,178.208606881909,311.319844587533
"model_fits/finalized_redone_trunc_cp/a3_its/meat","model_fits/finalized_redone_trunc_cp/a3_its/total","a3_its","meat",NA,"restaurant","ED5J990H5VAZT","level",-0.056370865015,-0.2471748825,0.1057917075,0.948714728977525,0.994416130621508,1.01134523027309,532.910143382564,498.072241300857
"model_fits/finalized_redone_trunc_cp/a3_its/meat","model_fits/finalized_redone_trunc_cp/a3_its/total","a3_its","meat",NA,"restaurant","ED5J990H5VAZT","slope",-0.00327840666833333,-0.39810655,0.38769485,1.01685522995014,0.999872348488194,1.00588629556991,326.391427557285,558.064583281485
"model_fits/finalized_redone_trunc_cp/a3_its/meat","model_fits/finalized_redone_trunc_cp/a3_its/total","a3_its","meat",NA,"restaurant","JHDN7CF1C03X5","level",-0.0528121193490867,-0.15812127525,0.0487243025,0.949886122788707,0.994746629714905,1.00602192905919,780.631022571139,1618.14716015592
"model_fits/finalized_redone_trunc_cp/a3_its/meat","model_fits/finalized_redone_trunc_cp/a3_its/total","a3_its","meat",NA,"restaurant","JHDN7CF1C03X5","slope",-0.000751015,-0.25737815,0.2494715,1.00767926110298,1.0000091942899,1.00796890264033,486.50971468386,1040.02964788675
"model_fits/finalized_redone_trunc_cp/a3_its/meat","model_fits/finalized_redone_trunc_cp/a3_its/total","a3_its","meat",NA,"restaurant","L69HYJ4Y3TR91","level",-0.1125533608442,-0.340125069,0.0494060825,0.897767453390612,0.988855334979588,1.02316659598929,353.753118473186,963.277510280712
"model_fits/finalized_redone_trunc_cp/a3_its/meat","model_fits/finalized_redone_trunc_cp/a3_its/total","a3_its","meat",NA,"restaurant","L69HYJ4Y3TR91","slope",-0.144976476441667,-1.12941955,0.690775525,0.952122546043987,0.98658197687613,1.0094429261991,237.479786868163,221.550707781621
"model_fits/finalized_redone_trunc_cp/a3_its/meat","model_fits/finalized_redone_trunc_cp/a3_its/total","a3_its","meat",NA,"restaurant","VLZX7K2M9QD4T","level",-0.0107097677306432,-0.095895804074975,0.083508305,0.990426705194975,0.998940472182992,1.00849633443374,685.752932735469,1803.24923105745
"model_fits/finalized_redone_trunc_cp/a3_its/meat","model_fits/finalized_redone_trunc_cp/a3_its/total","a3_its","meat",NA,"restaurant","VLZX7K2M9QD4T","slope",-0.0706734143305,-0.874713075,0.6794081,1.00102669120849,0.993682385286905,1.01931082495892,153.075517023051,700.323028190315
"model_fits/finalized_redone_trunc_cp/a3_its/meat","model_fits/finalized_redone_trunc_cp/a3_its/total","a3_its","meat",NA,"restaurant","SRQS8F7JWA9MZ","level",-0.03521997703165,-0.1707753375,0.0951887224999999,0.96761813066344,0.996507162767205,1.00932418130737,516.241392328835,756.014299549959
"model_fits/finalized_redone_trunc_cp/a3_its/meat","model_fits/finalized_redone_trunc_cp/a3_its/total","a3_its","meat",NA,"restaurant","SRQS8F7JWA9MZ","slope",-0.0134660886,-1.037807775,0.997839575,1.12752816997672,0.999985407905037,1.0126446578946,323.666334185409,347.630214560677
"model_fits/finalized_redone_trunc_cp/a3_its/nonvegan","model_fits/finalized_redone_trunc_cp/a3_its/total","a3_its","nonvegan",1,"pooled",NA,"level",-0.01156681865546,-0.15558306225,0.1268545825,0.990831811062958,0.998867568606885,1.0054869099888,298.361503510312,213.640757160948
"model_fits/finalized_redone_trunc_cp/a3_its/nonvegan","model_fits/finalized_redone_trunc_cp/a3_its/total","a3_its","nonvegan",2,"pooled",NA,"slope",-0.0224140692511667,-0.5851495525,0.607218307499999,1.0228188514142,0.998187860665008,1.0125179070703,191.283274414355,335.032512223865
"model_fits/finalized_redone_trunc_cp/a3_its/nonvegan","model_fits/finalized_redone_trunc_cp/a3_its/total","a3_its","nonvegan",NA,"restaurant","2HRX9P6HKXA8V","level",-0.010992989161675,-0.231024055,0.2091912775,0.995185886601268,0.998962989128351,1.00697521343268,306.032989423059,1563.03881688644
"model_fits/finalized_redone_trunc_cp/a3_its/nonvegan","model_fits/finalized_redone_trunc_cp/a3_its/total","a3_its","nonvegan",NA,"restaurant","2HRX9P6HKXA8V","slope",-0.00549120832833333,-0.632733275,0.650631975,1.04815346897904,0.999968920829444,1.00227086052122,264.277376377292,693.369973770677
"model_fits/finalized_redone_trunc_cp/a3_its/nonvegan","model_fits/finalized_redone_trunc_cp/a3_its/total","a3_its","nonvegan",NA,"restaurant","ED5J990H5VAZT","level",-0.00869960807488167,-0.17356367065,0.1606306125,0.994696553012031,0.999164147277601,1.00328462096792,1220.01690613508,2373.64380328328
"model_fits/finalized_redone_trunc_cp/a3_its/nonvegan","model_fits/finalized_redone_trunc_cp/a3_its/total","a3_its","nonvegan",NA,"restaurant","ED5J990H5VAZT","slope",-0.0631630229,-0.420181525,0.3076127,0.954885422462858,0.993872005723135,1.00786491081674,513.97742220511,706.102345372632
"model_fits/finalized_redone_trunc_cp/a3_its/nonvegan","model_fits/finalized_redone_trunc_cp/a3_its/total","a3_its","nonvegan",NA,"restaurant","JHDN7CF1C03X5","level",-0.00656651544097,-0.1202865875,0.10236923225,0.995001366814888,0.999359122570266,1.0075502508655,921.443605922872,2424.56188160211
"model_fits/finalized_redone_trunc_cp/a3_its/nonvegan","model_fits/finalized_redone_trunc_cp/a3_its/total","a3_its","nonvegan",NA,"restaurant","JHDN7CF1C03X5","slope",0.0359030898333333,-0.227601775,0.287130525,1.04524843773719,1.00368070512644,1.00253002132776,753.116054478679,1867.43829394245
"model_fits/finalized_redone_trunc_cp/a3_its/nonvegan","model_fits/finalized_redone_trunc_cp/a3_its/total","a3_its","nonvegan",NA,"restaurant","L69HYJ4Y3TR91","level",-0.00462039271508333,-0.2207202175,0.22172885,1.00118019786056,0.999595860576902,1.00167034575112,679.692170891224,1657.00797999716
"model_fits/finalized_redone_trunc_cp/a3_its/nonvegan","model_fits/finalized_redone_trunc_cp/a3_its/total","a3_its","nonvegan",NA,"restaurant","L69HYJ4Y3TR91","slope",-0.0444581928603333,-1.0637468,0.9085372,1.07268490934477,0.996707511400961,1.00553222410993,721.615670157166,1418.78869455564
"model_fits/finalized_redone_trunc_cp/a3_its/nonvegan","model_fits/finalized_redone_trunc_cp/a3_its/total","a3_its","nonvegan",NA,"restaurant","VLZX7K2M9QD4T","level",-0.004326495893465,-0.098383618,0.088801346,0.996821953369989,0.999578874578323,1.00213702795001,1546.31703473601,3415.61485006818
"model_fits/finalized_redone_trunc_cp/a3_its/nonvegan","model_fits/finalized_redone_trunc_cp/a3_its/total","a3_its","nonvegan",NA,"restaurant","VLZX7K2M9QD4T","slope",0.0033385714675,-0.7948563775,0.7811867575,1.08152939899645,1.00107615118458,1.00273597393716,416.370005997023,1011.87567845066
"model_fits/finalized_redone_trunc_cp/a3_its/nonvegan","model_fits/finalized_redone_trunc_cp/a3_its/total","a3_its","nonvegan",NA,"restaurant","SRQS8F7JWA9MZ","level",0.00205953196846667,-0.12915534875,0.13415597575,1.00438388439674,1.00022912134548,1.0012141763866,1045.18091332476,1447.09615540808
"model_fits/finalized_redone_trunc_cp/a3_its/nonvegan","model_fits/finalized_redone_trunc_cp/a3_its/total","a3_its","nonvegan",NA,"restaurant","SRQS8F7JWA9MZ","slope",0.0714288369,-0.9706004,1.111971125,1.23607380733424,1.00857446236941,1.00379043120527,535.507122791165,482.650642059113
"model_fits/finalized_redone_trunc_cp/a3_its/vegan","model_fits/finalized_redone_trunc_cp/a3_its/total","a3_its","vegan",1,"pooled",NA,"level",0.0502205714610067,-0.1058197375,0.2526696325,1.05530828661965,1.00507066152154,1.11280527792349,44.9607545391671,196.584768526859
"model_fits/finalized_redone_trunc_cp/a3_its/vegan","model_fits/finalized_redone_trunc_cp/a3_its/total","a3_its","vegan",2,"pooled",NA,"slope",-0.508060010944533,-1.1539442725,0.267734644999999,0.641343921128883,0.9510478052869,1.19193774149202,12.1453669129391,84.4232901883816
"model_fits/finalized_redone_trunc_cp/a3_its/vegan","model_fits/finalized_redone_trunc_cp/a3_its/total","a3_its","vegan",NA,"restaurant","2HRX9P6HKXA8V","level",0.0341476222090833,-0.1489416875,0.2452643175,1.0400467329302,1.00347162098418,1.25545174619698,9.07265774512549,36.1821230921379
"model_fits/finalized_redone_trunc_cp/a3_its/vegan","model_fits/finalized_redone_trunc_cp/a3_its/total","a3_its","vegan",NA,"restaurant","2HRX9P6HKXA8V","slope",-0.435589897875952,-0.988154235,0.0659202249999998,0.668340882525427,0.957692720716509,1.13272139155999,17.3594744053821,59.6092451478916
"model_fits/finalized_redone_trunc_cp/a3_its/vegan","model_fits/finalized_redone_trunc_cp/a3_its/total","a3_its","vegan",NA,"restaurant","ED5J990H5VAZT","level",0.112558884657933,-0.0644795475,0.3801991125,1.1266065215458,1.01138491154322,1.14096959748108,16.4887964571925,169.015694851717
"model_fits/finalized_redone_trunc_cp/a3_its/vegan","model_fits/finalized_redone_trunc_cp/a3_its/total","a3_its","vegan",NA,"restaurant","ED5J990H5VAZT","slope",-0.2215176237581,-0.585292425,0.171544075,0.817176572660025,0.978281420688236,1.03612606721086,39.925005201018,51.05220588143
"model_fits/finalized_redone_trunc_cp/a3_its/vegan","model_fits/finalized_redone_trunc_cp/a3_its/total","a3_its","vegan",NA,"restaurant","JHDN7CF1C03X5","level",-0.031187621534575,-0.145804769,0.0720115175,0.970819222055801,0.996901828659631,1.07888797985878,32.707135720975,349.50042640446
"model_fits/finalized_redone_trunc_cp/a3_its/vegan","model_fits/finalized_redone_trunc_cp/a3_its/total","a3_its","vegan",NA,"restaurant","JHDN7CF1C03X5","slope",-0.652151044453917,-0.8826556075,-0.4260195,0.52448305464673,0.936929693072872,1.03119617499719,93.2848085424741,241.84290336859
"model_fits/finalized_redone_trunc_cp/a3_its/vegan","model_fits/finalized_redone_trunc_cp/a3_its/total","a3_its","vegan",NA,"restaurant","L69HYJ4Y3TR91","level",0.0297701124235183,-0.201207005,0.301089885,1.03768465996476,1.00305324383196,1.06277456372204,57.1827809211662,270.64104666868
"model_fits/finalized_redone_trunc_cp/a3_its/vegan","model_fits/finalized_redone_trunc_cp/a3_its/total","a3_its","vegan",NA,"restaurant","L69HYJ4Y3TR91","slope",0.0738086306062333,-1.2791271725,1.6822534,1.47313139625994,1.01037643725125,1.21539671855214,10.4040345241975,60.3999522470594
"model_fits/finalized_redone_trunc_cp/a3_its/vegan","model_fits/finalized_redone_trunc_cp/a3_its/total","a3_its","vegan",NA,"restaurant","VLZX7K2M9QD4T","level",0.0993048827309183,0.00011696499999999,0.2001474075,1.10583233986545,1.00999301259663,1.02384872661219,141.094069515386,166.828171326933
"model_fits/finalized_redone_trunc_cp/a3_its/vegan","model_fits/finalized_redone_trunc_cp/a3_its/total","a3_its","vegan",NA,"restaurant","VLZX7K2M9QD4T","slope",-0.802642116665317,-1.721547615,0.00986096499999965,0.49272996052004,0.923778040994777,1.13133825122152,16.0037419165492,173.067372589236
"model_fits/finalized_redone_trunc_cp/a3_its/vegan","model_fits/finalized_redone_trunc_cp/a3_its/total","a3_its","vegan",NA,"restaurant","SRQS8F7JWA9MZ","level",0.04240487335575,-0.0988687225,0.18380095,1.04607429870044,1.00427596322846,1.03783814691113,90.2255781763744,176.232837185015
"model_fits/finalized_redone_trunc_cp/a3_its/vegan","model_fits/finalized_redone_trunc_cp/a3_its/total","a3_its","vegan",NA,"restaurant","SRQS8F7JWA9MZ","slope",0.596141604267773,-0.562356625,1.578152025,2.10414010935832,1.06306355069148,1.02955697953501,106.650936288855,119.941339594095
"model_fits/finalized_redone_trunc_cp/a3_its/vegetarian","model_fits/finalized_redone_trunc_cp/a3_its/total","a3_its","vegetarian",1,"pooled",NA,"level",0.02279581698392,-0.2070599775,0.242200262499999,1.02958875812325,1.00234597014421,1.00810402521669,195.985750316224,346.063819028116
"model_fits/finalized_redone_trunc_cp/a3_its/vegetarian","model_fits/finalized_redone_trunc_cp/a3_its/total","a3_its","vegetarian",2,"pooled",NA,"slope",-0.211684344173833,-0.721143525,0.443217375,0.844221420814406,0.979450730211547,1.00827763504912,269.348375615244,340.88786144091
"model_fits/finalized_redone_trunc_cp/a3_its/vegetarian","model_fits/finalized_redone_trunc_cp/a3_its/total","a3_its","vegetarian",NA,"restaurant","2HRX9P6HKXA8V","level",-0.127092771385253,-0.3529214715,0.12961400725,0.887417592855914,0.987446066798493,1.00739092510768,260.64156235156,267.537274174686
"model_fits/finalized_redone_trunc_cp/a3_its/vegetarian","model_fits/finalized_redone_trunc_cp/a3_its/total","a3_its","vegetarian",NA,"restaurant","2HRX9P6HKXA8V","slope",-0.221875183627717,-0.83265493,0.514005999999998,0.846753406802317,0.978575052386037,1.00611207329819,164.359144137137,222.468554196896
"model_fits/finalized_redone_trunc_cp/a3_its/vegetarian","model_fits/finalized_redone_trunc_cp/a3_its/total","a3_its","vegetarian",NA,"restaurant","ED5J990H5VAZT","level",0.0436025242499,-0.11069346,0.2014470875,1.04779382253049,1.00440071569222,1.00140001330909,2067.5959339146,3866.77943764409
"model_fits/finalized_redone_trunc_cp/a3_its/vegetarian","model_fits/finalized_redone_trunc_cp/a3_its/total","a3_its","vegetarian",NA,"restaurant","ED5J990H5VAZT","slope",-0.211974565267167,-0.530876675,0.1119229,0.820308919918765,0.979161694060056,1.0024688889752,927.963750179501,2201.30176374357
"model_fits/finalized_redone_trunc_cp/a3_its/vegetarian","model_fits/finalized_redone_trunc_cp/a3_its/total","a3_its","vegetarian",NA,"restaurant","JHDN7CF1C03X5","level",0.0102841336051967,-0.1065583045,0.123719495,1.01207711032382,1.00104618781885,1.00366875466987,817.773013801301,1187.59671980131
"model_fits/finalized_redone_trunc_cp/a3_its/vegetarian","model_fits/finalized_redone_trunc_cp/a3_its/total","a3_its","vegetarian",NA,"restaurant","JHDN7CF1C03X5","slope",-0.325631754433333,-0.5896036,-0.0692891750000002,0.728468319350625,0.968046815641811,1.00566941679393,461.412623042271,1459.12245624187
"model_fits/finalized_redone_trunc_cp/a3_its/vegetarian","model_fits/finalized_redone_trunc_cp/a3_its/total","a3_its","vegetarian",NA,"restaurant","L69HYJ4Y3TR91","level",0.17207479306115,-0.118267155,0.460726335,1.20086739984034,1.01746805072902,1.00660212143176,414.272785567601,896.348965175385
"model_fits/finalized_redone_trunc_cp/a3_its/vegetarian","model_fits/finalized_redone_trunc_cp/a3_its/total","a3_its","vegetarian",NA,"restaurant","L69HYJ4Y3TR91","slope",-0.20534391605,-1.23232535,1.008425375,0.95167405600696,0.981078116039675,1.00306127468147,315.333442491028,746.186937630619
"model_fits/finalized_redone_trunc_cp/a3_its/vegetarian","model_fits/finalized_redone_trunc_cp/a3_its/total","a3_its","vegetarian",NA,"restaurant","VLZX7K2M9QD4T","level",0.00246561947891833,-0.093502193,0.100538295,1.00368827341287,1.00025874824457,1.00742770595527,888.513253939649,3002.65909600948
"model_fits/finalized_redone_trunc_cp/a3_its/vegetarian","model_fits/finalized_redone_trunc_cp/a3_its/total","a3_its","vegetarian",NA,"restaurant","VLZX7K2M9QD4T","slope",-0.141155771652333,-0.824233415,0.637645345,0.931289500029138,0.986642513559881,1.00735009491093,399.278351876746,637.95761411159
"model_fits/finalized_redone_trunc_cp/a3_its/vegetarian","model_fits/finalized_redone_trunc_cp/a3_its/total","a3_its","vegetarian",NA,"restaurant","SRQS8F7JWA9MZ","level",0.112650552704467,-0.032992895,0.2669168225,1.12256499958001,1.01135862484395,1.00558923134898,887.021931681385,2371.78920714273
"model_fits/finalized_redone_trunc_cp/a3_its/vegetarian","model_fits/finalized_redone_trunc_cp/a3_its/total","a3_its","vegetarian",NA,"restaurant","SRQS8F7JWA9MZ","slope",0.513518320013667,-0.563551025,1.5300930675,1.92470605677107,1.05420284081657,1.00157577463286,876.887245078449,2466.73326030073
"model_fits/finalized_redone_trunc_cp/a4_its_t/breakfast","model_fits/finalized_redone_trunc_cp/a3_its/total","a4_its_t","breakfast",1,"pooled",NA,"level",-0.23555271646781,-0.70743997,0.28236292,0.812870082504974,0.976984529662573,1.0004118007458,2703.00395091767,2113.50092122939
"model_fits/finalized_redone_trunc_cp/a4_its_t/breakfast","model_fits/finalized_redone_trunc_cp/a3_its/total","a4_its_t","breakfast",2,"pooled",NA,"slope",-0.8202089989468,-1.721027325,0.2683642725,0.502509174229788,0.922395071106969,1.00065442799972,3934.89746144297,3961.70709460106
"model_fits/finalized_redone_trunc_cp/a4_its_t/breakfast","model_fits/finalized_redone_trunc_cp/a3_its/total","a4_its_t","breakfast",NA,"restaurant","2HRX9P6HKXA8V","level",-0.178767264394667,-0.38757445,0.0309659199999999,0.840879065117117,0.98233571243628,1.00019014689066,5043.50561962305,5402.48623917715
"model_fits/finalized_redone_trunc_cp/a4_its_t/breakfast","model_fits/finalized_redone_trunc_cp/a3_its/total","a4_its_t","breakfast",NA,"restaurant","2HRX9P6HKXA8V","slope",-0.580544939288333,-0.974408175,-0.126671975,0.572841283706759,0.943815657939176,1.00018768467054,2010.08992075261,2746.04411506148
"model_fits/finalized_redone_trunc_cp/a4_its_t/breakfast","model_fits/finalized_redone_trunc_cp/a3_its/total","a4_its_t","breakfast",NA,"restaurant","ED5J990H5VAZT","level",-0.258772382602867,-0.64616135,0.0684647575,0.784375588605393,0.97461206182978,0.999835823809117,4767.77872243637,5271.1648086583
"model_fits/finalized_redone_trunc_cp/a4_its_t/breakfast","model_fits/finalized_redone_trunc_cp/a3_its/total","a4_its_t","breakfast",NA,"restaurant","ED5J990H5VAZT","slope",0.0507343547365333,-0.512908275,0.619081125,1.096855278576,1.00550530667714,1.00064740381577,4644.8174206123,3889.6623472335
"model_fits/finalized_redone_trunc_cp/a4_its_t/breakfast","model_fits/finalized_redone_trunc_cp/a3_its/total","a4_its_t","breakfast",NA,"restaurant","L69HYJ4Y3TR91","level",-0.150449807982817,-0.435370175,0.18877888225,0.871264298650704,0.985190233640966,1.00087833707847,4326.63391238056,4898.693436771
"model_fits/finalized_redone_trunc_cp/a4_its_t/breakfast","model_fits/finalized_redone_trunc_cp/a3_its/total","a4_its_t","breakfast",NA,"restaurant","L69HYJ4Y3TR91","slope",-0.268677606987767,-1.52640925,1.06308125,0.942832479128007,0.975447957939245,0.999884074414089,4403.08261433064,4573.01983630321
"model_fits/finalized_redone_trunc_cp/a4_its_t/textured","model_fits/finalized_redone_trunc_cp/a3_its/total","a4_its_t","textured",1,"pooled",NA,"level",0.13525815022379,0.0102455,0.2427601475,1.14681780022016,1.01363536395643,1.0098175799851,321.727858791637,620.157460263739
"model_fits/finalized_redone_trunc_cp/a4_its_t/textured","model_fits/finalized_redone_trunc_cp/a3_its/total","a4_its_t","textured",2,"pooled",NA,"slope",-0.965550284267083,-1.782957825,-0.06766545,0.418846123088076,0.908811846528516,1.0116819923268,207.336734111387,420.27160809388
"model_fits/finalized_redone_trunc_cp/a4_its_t/textured","model_fits/finalized_redone_trunc_cp/a3_its/total","a4_its_t","textured",NA,"restaurant","VLZX7K2M9QD4T","level",0.199765013316667,0.129727125,0.272556925,1.22190549983866,1.02018395882883,1.0098175799851,321.727858791637,620.157460263739
"model_fits/finalized_redone_trunc_cp/a4_its_t/textured","model_fits/finalized_redone_trunc_cp/a3_its/total","a4_its_t","textured",NA,"restaurant","VLZX7K2M9QD4T","slope",-0.365768822572083,-1.11211225,0.367301925,0.743678321729826,0.964755916774352,1.0116819923268,207.336734111387,420.27160809388
"model_fits/finalized_redone_trunc_cp/a4_its_t/untextured","model_fits/finalized_redone_trunc_cp/a3_its/total","a4_its_t","untextured",1,"pooled",NA,"level",0.01267033186614,-0.728953635,0.847585512499999,1.09358328217573,1.00189386945829,1.01042910104574,181.478657553481,207.038242602592
"model_fits/finalized_redone_trunc_cp/a4_its_t/untextured","model_fits/finalized_redone_trunc_cp/a3_its/total","a4_its_t","untextured",2,"pooled",NA,"slope",-0.965725775190833,-1.944109725,0.0871446249999996,0.433819536704014,0.909047073969192,1.0112403634854,176.724441195302,283.592658889877
"model_fits/finalized_redone_trunc_cp/a4_its_t/untextured","model_fits/finalized_redone_trunc_cp/a3_its/total","a4_its_t","untextured",NA,"restaurant","SRQS8F7JWA9MZ","level",0.0747518749087833,-0.0554923875,0.236448475,1.08048097625729,1.00752971084586,1.00216224740543,462.266654485682,1158.59340489784
"model_fits/finalized_redone_trunc_cp/a4_its_t/untextured","model_fits/finalized_redone_trunc_cp/a3_its/total","a4_its_t","untextured",NA,"restaurant","SRQS8F7JWA9MZ","slope",-0.667273554843167,-1.8558825,0.082466209999999,0.566954914433952,0.936495223890711,1.00166907238823,297.18247874638,999.621925884874
"model_fits/finalized_redone_trunc_cp/a5_customer_day/chicken_fish","model_fits/finalized_redone_trunc_cp/a5_customer_day/total","a5_customer_day","chicken_fish",1,"pooled",NA,"level",0.0594097367424,-0.262377225,0.303703725,1.07468179404337,1.00608792965067,2.59984174527487,3.56819668605656,11.2455150226829
"model_fits/finalized_redone_trunc_cp/a5_customer_day/chicken_fish","model_fits/finalized_redone_trunc_cp/a5_customer_day/total","a5_customer_day","chicken_fish",2,"pooled",NA,"slope",-0.187749527326333,-0.4188112425,0.0805696850000001,0.835654640998248,0.981479368851735,2.52037569946999,3.61023560528629,17.2006284242562
"model_fits/finalized_redone_trunc_cp/a5_customer_day/chicken_fish","model_fits/finalized_redone_trunc_cp/a5_customer_day/total","a5_customer_day","chicken_fish",3,"pooled",NA,"gender_male",-0.0950679795884,-0.3827714775,0.30547369,0.920859709180509,0.990660058601308,3.14715467771338,3.39130767493599,15.2979890564207
"model_fits/finalized_redone_trunc_cp/a5_customer_day/chicken_fish","model_fits/finalized_redone_trunc_cp/a5_customer_day/total","a5_customer_day","chicken_fish",4,"pooled",NA,"gender_female",-0.0002143290657,-0.306993075,0.355147875,1.01669272185631,1.00014391229307,3.67834073234024,3.27257330692552,11.1487379790464
"model_fits/finalized_redone_trunc_cp/a5_customer_day/chicken_fish","model_fits/finalized_redone_trunc_cp/a5_customer_day/total","a5_customer_day","chicken_fish",NA,"restaurant","2HRX9P6HKXA8V","level",0.198499944196267,-0.0360892575,0.464350925,1.23176778666288,1.02014851453136,2.59781975421231,3.57895690123425,21.5211255191495
"model_fits/finalized_redone_trunc_cp/a5_customer_day/chicken_fish","model_fits/finalized_redone_trunc_cp/a5_customer_day/total","a5_customer_day","chicken_fish",NA,"restaurant","2HRX9P6HKXA8V","slope",-0.127287887265,-0.3989117175,0.133973525,0.890588857023918,0.987465090309012,2.91059843347953,3.46028322001293,16.5770078043062
"model_fits/finalized_redone_trunc_cp/a5_customer_day/chicken_fish","model_fits/finalized_redone_trunc_cp/a5_customer_day/total","a5_customer_day","chicken_fish",NA,"restaurant","2HRX9P6HKXA8V","gender_male",-0.1746141095022,-0.391458475,0.0498710175,0.845467793643067,0.982756355212623,3.31334568433011,3.33961216311542,11.2605756663837
"model_fits/finalized_redone_trunc_cp/a5_customer_day/chicken_fish","model_fits/finalized_redone_trunc_cp/a5_customer_day/total","a5_customer_day","chicken_fish",NA,"restaurant","2HRX9P6HKXA8V","gender_female",0.118900927525033,-0.129698295,0.36513554575,1.13609383648238,1.01204913521609,3.29644168439935,3.34779656344999,14.0675158256436
"model_fits/finalized_redone_trunc_cp/a5_customer_day/chicken_fish","model_fits/finalized_redone_trunc_cp/a5_customer_day/total","a5_customer_day","chicken_fish",NA,"restaurant","ED5J990H5VAZT","level",-0.0115953682134033,-0.0854185025,0.067474344,0.989238352496948,0.998848872456056,2.76573891533711,3.53007798874987,11.2444359871731
"model_fits/finalized_redone_trunc_cp/a5_customer_day/chicken_fish","model_fits/finalized_redone_trunc_cp/a5_customer_day/total","a5_customer_day","chicken_fish",NA,"restaurant","ED5J990H5VAZT","slope",-0.0711170671777933,-0.364681725,0.17509947,0.942961734094892,0.993038471321451,2.85318611553311,3.47072655338972,11.2125632287451
"model_fits/finalized_redone_trunc_cp/a5_customer_day/chicken_fish","model_fits/finalized_redone_trunc_cp/a5_customer_day/total","a5_customer_day","chicken_fish",NA,"restaurant","ED5J990H5VAZT","gender_male",0.0239497861973667,-0.0248195395,0.07117676875,1.02455475933379,1.00240094104553,2.67745016199095,3.52655159705363,13.6329925729116
"model_fits/finalized_redone_trunc_cp/a5_customer_day/chicken_fish","model_fits/finalized_redone_trunc_cp/a5_customer_day/total","a5_customer_day","chicken_fish",NA,"restaurant","ED5J990H5VAZT","gender_female",-0.0291276957975,-0.093876085,0.031310782,0.971837856777249,0.997097068739323,3.42922339708855,3.32265369757453,11.0652781971682
"model_fits/finalized_redone_trunc_cp/a5_customer_day/chicken_fish","model_fits/finalized_redone_trunc_cp/a5_customer_day/total","a5_customer_day","chicken_fish",NA,"restaurant","L69HYJ4Y3TR91","level",0.212440793425217,-0.093004225,0.445952835,1.24880262434016,1.02157348311732,2.82952006576327,3.48955039695962,33.0312399238255
"model_fits/finalized_redone_trunc_cp/a5_customer_day/chicken_fish","model_fits/finalized_redone_trunc_cp/a5_customer_day/total","a5_customer_day","chicken_fish",NA,"restaurant","L69HYJ4Y3TR91","slope",-0.478722297801933,-1.1346573,0.10651965,0.657576959034577,0.95384752225519,2.6406391259252,3.55662132842579,11.397497018901
"model_fits/finalized_redone_trunc_cp/a5_customer_day/chicken_fish","model_fits/finalized_redone_trunc_cp/a5_customer_day/total","a5_customer_day","chicken_fish",NA,"restaurant","L69HYJ4Y3TR91","gender_male",-0.542861651923333,-1.0798784,-0.1292637225,0.606007140494271,0.947580031916543,3.01168820180491,3.43122394865523,11.2846719745967
"model_fits/finalized_redone_trunc_cp/a5_customer_day/chicken_fish","model_fits/finalized_redone_trunc_cp/a5_customer_day/total","a5_customer_day","chicken_fish",NA,"restaurant","L69HYJ4Y3TR91","gender_female",-0.168134272108867,-0.399072525,0.0658838450000001,0.851203366416121,0.983396231209191,2.80076964653913,3.48913346188162,13.9455747045447
"model_fits/finalized_redone_trunc_cp/a5_customer_day/chicken_fish","model_fits/finalized_redone_trunc_cp/a5_customer_day/total","a5_customer_day","chicken_fish",NA,"restaurant","SRQS8F7JWA9MZ","level",0.00507426824156667,-0.153567252825,0.159042311275,1.00791119960414,1.00053574497644,2.66762798295559,3.5582461374461,17.1967889577715
"model_fits/finalized_redone_trunc_cp/a5_customer_day/chicken_fish","model_fits/finalized_redone_trunc_cp/a5_customer_day/total","a5_customer_day","chicken_fish",NA,"restaurant","SRQS8F7JWA9MZ","slope",0.155387240204667,-0.367663097625,1.067034735775,1.25107155979401,1.01624436019741,3.05455518461436,3.4110367187033,20.9748817930202
"model_fits/finalized_redone_trunc_cp/a5_customer_day/chicken_fish","model_fits/finalized_redone_trunc_cp/a5_customer_day/total","a5_customer_day","chicken_fish",NA,"restaurant","SRQS8F7JWA9MZ","gender_male",-0.121418740234364,-0.3184767188475,0.04183560780825,0.889701598551199,0.987976827261267,1.43665571896344,46.1679068064744,132.04049013972
"model_fits/finalized_redone_trunc_cp/a5_customer_day/chicken_fish","model_fits/finalized_redone_trunc_cp/a5_customer_day/total","a5_customer_day","chicken_fish",NA,"restaurant","SRQS8F7JWA9MZ","gender_female",0.0635742695051174,-0.078413741264,0.24207372168725,1.06903414444581,1.00640930462152,1.55040789859236,25.5361993436332,46.3964975782914
"model_fits/finalized_redone_trunc_cp/a5_customer_day/meat","model_fits/finalized_redone_trunc_cp/a5_customer_day/total","a5_customer_day","meat",1,"pooled",NA,"level",0.0100245427367967,-0.2610397325,0.22186940175,1.01650939791209,1.00106779671348,1.01190509572113,189.861865980202,258.742357587076
"model_fits/finalized_redone_trunc_cp/a5_customer_day/meat","model_fits/finalized_redone_trunc_cp/a5_customer_day/total","a5_customer_day","meat",2,"pooled",NA,"slope",0.129379685370633,-0.247034669,0.6011882,1.16304016297479,1.01323396711459,1.04448175457076,108.825780394026,154.867667183458
"model_fits/finalized_redone_trunc_cp/a5_customer_day/meat","model_fits/finalized_redone_trunc_cp/a5_customer_day/total","a5_customer_day","meat",3,"pooled",NA,"gender_male",-0.0860689038801,-0.49241265,0.4073916075,0.937876523929477,0.991641605054454,1.01694199540457,116.880128412869,179.290086576638
"model_fits/finalized_redone_trunc_cp/a5_customer_day/meat","model_fits/finalized_redone_trunc_cp/a5_customer_day/total","a5_customer_day","meat",4,"pooled",NA,"gender_female",-0.0127182294285407,-0.294366215,0.2803115485,0.997616802702557,0.998830834535834,1.01422334687803,186.284058183191,219.967326163
"model_fits/finalized_redone_trunc_cp/a5_customer_day/meat","model_fits/finalized_redone_trunc_cp/a5_customer_day/total","a5_customer_day","meat",NA,"restaurant","2HRX9P6HKXA8V","level",0.0466744253942667,-0.1722840825,0.2888229625,1.05474603026417,1.00474428689383,1.00436135869838,478.311568950423,991.548680706046
"model_fits/finalized_redone_trunc_cp/a5_customer_day/meat","model_fits/finalized_redone_trunc_cp/a5_customer_day/total","a5_customer_day","meat",NA,"restaurant","2HRX9P6HKXA8V","slope",0.0343876994993367,-0.206082945,0.2751558975,1.04210197718542,1.00351344306706,1.0148868346571,270.206191773199,780.873967027517
"model_fits/finalized_redone_trunc_cp/a5_customer_day/meat","model_fits/finalized_redone_trunc_cp/a5_customer_day/total","a5_customer_day","meat",NA,"restaurant","2HRX9P6HKXA8V","gender_male",-0.0304826770414667,-0.275646435,0.2133797725,0.977741405255284,0.997035941968608,1.00177874465106,453.344052507158,915.865161125857
"model_fits/finalized_redone_trunc_cp/a5_customer_day/meat","model_fits/finalized_redone_trunc_cp/a5_customer_day/total","a5_customer_day","meat",NA,"restaurant","2HRX9P6HKXA8V","gender_female",0.0598427850101333,-0.217912148,0.33786049575,1.0731557193206,1.00611070679272,1.00392363365111,261.224163082829,742.220498282019
"model_fits/finalized_redone_trunc_cp/a5_customer_day/meat","model_fits/finalized_redone_trunc_cp/a5_customer_day/total","a5_customer_day","meat",NA,"restaurant","ED5J990H5VAZT","level",0.0243634932567967,-0.064598835,0.1130206625,1.02575972129947,1.00245004532711,0.999881446899534,1027.42404152222,1915.16476602628
"model_fits/finalized_redone_trunc_cp/a5_customer_day/meat","model_fits/finalized_redone_trunc_cp/a5_customer_day/total","a5_customer_day","meat",NA,"restaurant","ED5J990H5VAZT","slope",0.155630916002207,-0.0313396,0.3398462355,1.17352366985652,1.01572937638022,1.00345219414312,449.767607454303,822.700904469166
"model_fits/finalized_redone_trunc_cp/a5_customer_day/meat","model_fits/finalized_redone_trunc_cp/a5_customer_day/total","a5_customer_day","meat",NA,"restaurant","ED5J990H5VAZT","gender_male",-0.1394098451893,-0.20167647325,-0.074814075,0.870331674287928,0.986160954037968,1.00162938443986,1778.37489603849,2258.71854185718
"model_fits/finalized_redone_trunc_cp/a5_customer_day/meat","model_fits/finalized_redone_trunc_cp/a5_customer_day/total","a5_customer_day","meat",NA,"restaurant","ED5J990H5VAZT","gender_female",-0.0895408181821667,-0.1507825075,-0.0257041699,0.914808682084463,0.991090843948112,0.999519888478693,1438.31880460767,2283.93820599972
"model_fits/finalized_redone_trunc_cp/a5_customer_day/meat","model_fits/finalized_redone_trunc_cp/a5_customer_day/total","a5_customer_day","meat",NA,"restaurant","L69HYJ4Y3TR91","level",-0.02097643372326,-0.29676615,0.18657416,0.985839907770286,0.997973394109027,1.00277030352616,618.021545207846,960.423354962715
"model_fits/finalized_redone_trunc_cp/a5_customer_day/meat","model_fits/finalized_redone_trunc_cp/a5_customer_day/total","a5_customer_day","meat",NA,"restaurant","L69HYJ4Y3TR91","slope",0.192625192751067,-0.403839155,0.915607527500001,1.27879423818631,1.0199764031196,1.00842610064425,249.362093549453,420.524381498021
"model_fits/finalized_redone_trunc_cp/a5_customer_day/meat","model_fits/finalized_redone_trunc_cp/a5_customer_day/total","a5_customer_day","meat",NA,"restaurant","L69HYJ4Y3TR91","gender_male",-0.248508377657179,-0.4742299575,-0.0316851674999999,0.784879951073345,0.975516766531401,1.001678212875,1450.21371086951,2325.48555701473
"model_fits/finalized_redone_trunc_cp/a5_customer_day/meat","model_fits/finalized_redone_trunc_cp/a5_customer_day/total","a5_customer_day","meat",NA,"restaurant","L69HYJ4Y3TR91","gender_female",-0.0210770252734667,-0.2202823875,0.1749143725,0.984089507129482,0.99794477690724,1.00381508747661,726.784971192295,1375.40976676183
"model_fits/finalized_redone_trunc_cp/a5_customer_day/meat","model_fits/finalized_redone_trunc_cp/a5_customer_day/total","a5_customer_day","meat",NA,"restaurant","SRQS8F7JWA9MZ","level",0.0379013341143133,-0.1720127325,0.26969571,1.04508335586182,1.00385916144387,1.00427271552193,445.764509868768,1217.58923617023
"model_fits/finalized_redone_trunc_cp/a5_customer_day/meat","model_fits/finalized_redone_trunc_cp/a5_customer_day/total","a5_customer_day","meat",NA,"restaurant","SRQS8F7JWA9MZ","slope",-0.0906564358023333,-1.232861475,0.9865005625,1.04263412196851,0.992270633081745,1.00318170409021,290.232501955066,722.075218796203
"model_fits/finalized_redone_trunc_cp/a5_customer_day/meat","model_fits/finalized_redone_trunc_cp/a5_customer_day/total","a5_customer_day","meat",NA,"restaurant","SRQS8F7JWA9MZ","gender_male",-0.076484293944,-0.3302775775,0.1793288125,0.934094334292811,0.992463145958567,1.00225364573557,408.675268222168,1276.08349624185
"model_fits/finalized_redone_trunc_cp/a5_customer_day/meat","model_fits/finalized_redone_trunc_cp/a5_customer_day/total","a5_customer_day","meat",NA,"restaurant","SRQS8F7JWA9MZ","gender_female",0.09887598630291,-0.1052578775,0.3486771525,1.11120006240369,1.01000213186623,1.00971172031276,473.934732635387,1349.12881531238
"model_fits/finalized_redone_trunc_cp/a5_customer_day/nonvegan","model_fits/finalized_redone_trunc_cp/a5_customer_day/total","a5_customer_day","nonvegan",1,"pooled",NA,"level",-0.0246668804752667,-0.35734522275,0.2999346725,0.986444495669517,0.997645841538909,1.02719426345497,196.895125506507,218.19631779202
"model_fits/finalized_redone_trunc_cp/a5_customer_day/nonvegan","model_fits/finalized_redone_trunc_cp/a5_customer_day/total","a5_customer_day","nonvegan",2,"pooled",NA,"slope",0.00262415504775,-0.40734145,0.36643775375,1.01993663558323,1.00043614686248,1.04133282131263,84.2067513101857,89.2697282157436
"model_fits/finalized_redone_trunc_cp/a5_customer_day/nonvegan","model_fits/finalized_redone_trunc_cp/a5_customer_day/total","a5_customer_day","nonvegan",3,"pooled",NA,"gender_male",0.0550398493289,-0.3732714475,0.5546288825,1.08516228141374,1.0057838931439,1.0373912609869,145.451941350658,269.811651571718
"model_fits/finalized_redone_trunc_cp/a5_customer_day/nonvegan","model_fits/finalized_redone_trunc_cp/a5_customer_day/total","a5_customer_day","nonvegan",4,"pooled",NA,"gender_female",0.0134114180896823,-0.3044513425,0.3226126725,1.02536153774105,1.00145861965719,1.00880856908126,130.61368095777,153.991954095662
"model_fits/finalized_redone_trunc_cp/a5_customer_day/nonvegan","model_fits/finalized_redone_trunc_cp/a5_customer_day/total","a5_customer_day","nonvegan",NA,"restaurant","2HRX9P6HKXA8V","level",-0.03980232298952,-0.33308077375,0.2462139425,0.970308273005154,0.996123800131497,1.00947612785568,389.160120450188,760.489658132646
"model_fits/finalized_redone_trunc_cp/a5_customer_day/nonvegan","model_fits/finalized_redone_trunc_cp/a5_customer_day/total","a5_customer_day","nonvegan",NA,"restaurant","2HRX9P6HKXA8V","slope",0.0244557835787867,-0.2078002325,0.24377114,1.03155567894688,1.00251505661119,1.00596281085304,273.209276853575,659.642854091937
"model_fits/finalized_redone_trunc_cp/a5_customer_day/nonvegan","model_fits/finalized_redone_trunc_cp/a5_customer_day/total","a5_customer_day","nonvegan",NA,"restaurant","2HRX9P6HKXA8V","gender_male",-0.00122374079063333,-0.276852415,0.26056643,1.00812973914553,0.99997116150765,1.00056255440363,458.585803543015,1168.09378887266
"model_fits/finalized_redone_trunc_cp/a5_customer_day/nonvegan","model_fits/finalized_redone_trunc_cp/a5_customer_day/total","a5_customer_day","nonvegan",NA,"restaurant","2HRX9P6HKXA8V","gender_female",0.0756453795025733,-0.245354155,0.377701432,1.09233947031656,1.00772168154123,1.00698418472517,190.200407287281,411.183201161555
"model_fits/finalized_redone_trunc_cp/a5_customer_day/nonvegan","model_fits/finalized_redone_trunc_cp/a5_customer_day/total","a5_customer_day","nonvegan",NA,"restaurant","ED5J990H5VAZT","level",-0.007576420278854,-0.10476494,0.0859996125,0.993593658897817,0.99925413966503,1.00166792584476,1137.88624591463,2026.81759155664
"model_fits/finalized_redone_trunc_cp/a5_customer_day/nonvegan","model_fits/finalized_redone_trunc_cp/a5_customer_day/total","a5_customer_day","nonvegan",NA,"restaurant","ED5J990H5VAZT","slope",-0.0158917629754023,-0.2130866575,0.17575749775,0.988949394782065,0.99845985688194,1.00097727506274,319.002581200723,721.652593242586
"model_fits/finalized_redone_trunc_cp/a5_customer_day/nonvegan","model_fits/finalized_redone_trunc_cp/a5_customer_day/total","a5_customer_day","nonvegan",NA,"restaurant","ED5J990H5VAZT","gender_male",0.0148065386400167,-0.049596122,0.08046390325,1.01547568233259,1.00148726058142,0.999625370669214,2395.2577294487,2674.40536240084
"model_fits/finalized_redone_trunc_cp/a5_customer_day/nonvegan","model_fits/finalized_redone_trunc_cp/a5_customer_day/total","a5_customer_day","nonvegan",NA,"restaurant","ED5J990H5VAZT","gender_female",0.0026059734427,-0.059668852625,0.06769955625,1.00312544656333,1.00026577616577,1.00043586591132,1614.61866971318,2524.06179264322
"model_fits/finalized_redone_trunc_cp/a5_customer_day/nonvegan","model_fits/finalized_redone_trunc_cp/a5_customer_day/total","a5_customer_day","nonvegan",NA,"restaurant","L69HYJ4Y3TR91","level",0.00815840458158333,-0.33288098,0.33815584925,1.02205144210365,1.00095281526211,1.00564330956394,387.525641630131,936.578284123098
"model_fits/finalized_redone_trunc_cp/a5_customer_day/nonvegan","model_fits/finalized_redone_trunc_cp/a5_customer_day/total","a5_customer_day","nonvegan",NA,"restaurant","L69HYJ4Y3TR91","slope",-0.0135592973195333,-0.715602275,0.555801550000001,1.03018766601136,0.999080475583416,1.00565498705627,336.423556696388,312.488716862339
"model_fits/finalized_redone_trunc_cp/a5_customer_day/nonvegan","model_fits/finalized_redone_trunc_cp/a5_customer_day/total","a5_customer_day","nonvegan",NA,"restaurant","L69HYJ4Y3TR91","gender_male",0.0278745391433333,-0.238331425,0.30201025,1.03816662154392,1.00288735708272,1.00270241297036,706.34038695672,884.51887701366
"model_fits/finalized_redone_trunc_cp/a5_customer_day/nonvegan","model_fits/finalized_redone_trunc_cp/a5_customer_day/total","a5_customer_day","nonvegan",NA,"restaurant","L69HYJ4Y3TR91","gender_female",-0.0194639646773,-0.248255775,0.2004423375,0.987110896386919,0.998120313769389,1.00057260571404,699.344868434629,1212.38993623253
"model_fits/finalized_redone_trunc_cp/a5_customer_day/nonvegan","model_fits/finalized_redone_trunc_cp/a5_customer_day/total","a5_customer_day","nonvegan",NA,"restaurant","SRQS8F7JWA9MZ","level",0.0302828811685,-0.1774907425,0.2437358725,1.03665406143647,1.00308990524134,1.00777550459451,775.605173437497,1592.2196218799
"model_fits/finalized_redone_trunc_cp/a5_customer_day/nonvegan","model_fits/finalized_redone_trunc_cp/a5_customer_day/total","a5_customer_day","nonvegan",NA,"restaurant","SRQS8F7JWA9MZ","slope",0.00782866505533333,-0.994589825,1.0771695775,1.13975290101446,1.00195917214212,1.00629557088147,380.6301288051,1052.66086234482
"model_fits/finalized_redone_trunc_cp/a5_customer_day/nonvegan","model_fits/finalized_redone_trunc_cp/a5_customer_day/total","a5_customer_day","nonvegan",NA,"restaurant","SRQS8F7JWA9MZ","gender_male",-0.00712304593474667,-0.2598848475,0.26184128,1.00185337248621,0.999377310632902,1.00375396134415,576.57728391952,854.095443977084
"model_fits/finalized_redone_trunc_cp/a5_customer_day/nonvegan","model_fits/finalized_redone_trunc_cp/a5_customer_day/total","a5_customer_day","nonvegan",NA,"restaurant","SRQS8F7JWA9MZ","gender_female",0.0504957306316333,-0.145598833,0.2740215575,1.0576551252612,1.00511776245507,1.00172477615346,843.496409533901,1827.60479855745
"model_fits/finalized_redone_trunc_cp/a5_customer_day/vegan","model_fits/finalized_redone_trunc_cp/a5_customer_day/total","a5_customer_day","vegan",1,"pooled",NA,"level",0.00596859461376667,-0.249207422,0.2190025075,1.01195971403535,1.00065637246526,1.12838474865292,24.1218648782872,21.3452799634771
"model_fits/finalized_redone_trunc_cp/a5_customer_day/vegan","model_fits/finalized_redone_trunc_cp/a5_customer_day/total","a5_customer_day","vegan",2,"pooled",NA,"slope",-0.0491056079316667,-0.349359015,0.27643169,0.963517571067111,0.995219054244825,1.03417141594241,35.6272940930249,42.7829473849285
"model_fits/finalized_redone_trunc_cp/a5_customer_day/vegan","model_fits/finalized_redone_trunc_cp/a5_customer_day/total","a5_customer_day","vegan",3,"pooled",NA,"gender_male",-0.0571019387607667,-0.3457486925,0.3041206175,0.956031384769106,0.994424845959776,1.06185702820023,37.0915298073444,24.0390931316388
"model_fits/finalized_redone_trunc_cp/a5_customer_day/vegan","model_fits/finalized_redone_trunc_cp/a5_customer_day/total","a5_customer_day","vegan",4,"pooled",NA,"gender_female",0.0197215616210667,-0.2289473715,0.276133785,1.02818617465537,1.00205545770656,1.07256599961579,34.5864802368146,33.5278092972987
"model_fits/finalized_redone_trunc_cp/a5_customer_day/vegan","model_fits/finalized_redone_trunc_cp/a5_customer_day/total","a5_customer_day","vegan",NA,"restaurant","2HRX9P6HKXA8V","level",0.0783137823259,-0.12028304865,0.30856139,1.08725459607723,1.00791548177467,1.04400453493153,82.7431179334956,389.839602990313
"model_fits/finalized_redone_trunc_cp/a5_customer_day/vegan","model_fits/finalized_redone_trunc_cp/a5_customer_day/total","a5_customer_day","vegan",NA,"restaurant","2HRX9P6HKXA8V","slope",-0.0849908539866333,-0.2762219625,0.0907079700000001,0.922433674388009,0.991579282724497,1.03472623706726,65.0110307375187,80.8371469467822
"model_fits/finalized_redone_trunc_cp/a5_customer_day/vegan","model_fits/finalized_redone_trunc_cp/a5_customer_day/total","a5_customer_day","vegan",NA,"restaurant","2HRX9P6HKXA8V","gender_male",-0.0304175884827033,-0.22891781,0.17722264575,0.975318596544779,0.997016871849549,1.02697712546499,88.0566576752096,251.338755939339
"model_fits/finalized_redone_trunc_cp/a5_customer_day/vegan","model_fits/finalized_redone_trunc_cp/a5_customer_day/total","a5_customer_day","vegan",NA,"restaurant","2HRX9P6HKXA8V","gender_female",0.1296680702676,-0.1011114575,0.37328949,1.1474112386349,1.01313052786939,1.03203592525218,74.9354258594148,115.190804424803
"model_fits/finalized_redone_trunc_cp/a5_customer_day/vegan","model_fits/finalized_redone_trunc_cp/a5_customer_day/total","a5_customer_day","vegan",NA,"restaurant","ED5J990H5VAZT","level",0.0143264741900267,-0.0596604782,0.08694952025,1.01511814791152,1.00144047070563,1.00580318236523,511.762400213002,1245.90235029448
"model_fits/finalized_redone_trunc_cp/a5_customer_day/vegan","model_fits/finalized_redone_trunc_cp/a5_customer_day/total","a5_customer_day","vegan",NA,"restaurant","ED5J990H5VAZT","slope",-0.06054484032429,-0.21384845875,0.089445215,0.944038104311869,0.993993198711197,1.03442491112903,101.651687490175,316.587946346671
"model_fits/finalized_redone_trunc_cp/a5_customer_day/vegan","model_fits/finalized_redone_trunc_cp/a5_customer_day/total","a5_customer_day","vegan",NA,"restaurant","ED5J990H5VAZT","gender_male",0.00892496827756667,-0.037890008275,0.056425967,1.00927622160016,1.00089598359732,1.00324051760885,719.874828005724,1352.80739428902
"model_fits/finalized_redone_trunc_cp/a5_customer_day/vegan","model_fits/finalized_redone_trunc_cp/a5_customer_day/total","a5_customer_day","vegan",NA,"restaurant","ED5J990H5VAZT","gender_female",-0.0327323404769667,-0.07905859275,0.0138257405,0.968078329921208,0.99673500747638,1.00301488358585,1070.57445711033,1879.22156737193
"model_fits/finalized_redone_trunc_cp/a5_customer_day/vegan","model_fits/finalized_redone_trunc_cp/a5_customer_day/total","a5_customer_day","vegan",NA,"restaurant","L69HYJ4Y3TR91","level",-0.0348563003853833,-0.325081111,0.17151522,0.972496285794513,0.996591843165729,1.02094359094988,115.554073051734,206.324656190315
"model_fits/finalized_redone_trunc_cp/a5_customer_day/vegan","model_fits/finalized_redone_trunc_cp/a5_customer_day/total","a5_customer_day","vegan",NA,"restaurant","L69HYJ4Y3TR91","slope",-0.0606417915863,-0.6011023135,0.451228105,0.971100763206223,0.994271654649616,1.04843885428754,84.2876829206333,315.682250956281
"model_fits/finalized_redone_trunc_cp/a5_customer_day/vegan","model_fits/finalized_redone_trunc_cp/a5_customer_day/total","a5_customer_day","vegan",NA,"restaurant","L69HYJ4Y3TR91","gender_male",-0.2856740453686,-0.4905252725,-0.0777321659999998,0.7557719550075,0.971891819501722,1.01372033571689,150.115411664794,438.677038484327
"model_fits/finalized_redone_trunc_cp/a5_customer_day/vegan","model_fits/finalized_redone_trunc_cp/a5_customer_day/total","a5_customer_day","vegan",NA,"restaurant","L69HYJ4Y3TR91","gender_female",0.00242254370893333,-0.202069385,0.1998717275,1.00725754701146,1.00029042449364,1.0112243554355,147.769783527902,278.425617185489
"model_fits/finalized_redone_trunc_cp/a5_customer_day/vegan","model_fits/finalized_redone_trunc_cp/a5_customer_day/total","a5_customer_day","vegan",NA,"restaurant","SRQS8F7JWA9MZ","level",-0.0115683626448333,-0.177872145,0.1462072575,0.991545617186755,0.998874666059314,1.00618186903392,208.639583859574,562.924722375621
"model_fits/finalized_redone_trunc_cp/a5_customer_day/vegan","model_fits/finalized_redone_trunc_cp/a5_customer_day/total","a5_customer_day","vegan",NA,"restaurant","SRQS8F7JWA9MZ","slope",0.0947284325826667,-0.512693405,0.996107095,1.18573153004858,1.01017464859694,1.0065930454497,94.5609760491661,452.104325238876
"model_fits/finalized_redone_trunc_cp/a5_customer_day/vegan","model_fits/finalized_redone_trunc_cp/a5_customer_day/total","a5_customer_day","vegan",NA,"restaurant","SRQS8F7JWA9MZ","gender_male",-0.128925504266867,-0.3337631175,0.0488699775,0.88337462126329,0.987239080698836,1.00401513803819,248.321412249745,616.695149381482
"model_fits/finalized_redone_trunc_cp/a5_customer_day/vegan","model_fits/finalized_redone_trunc_cp/a5_customer_day/total","a5_customer_day","vegan",NA,"restaurant","SRQS8F7JWA9MZ","gender_female",-0.0293110461445,-0.179614525,0.1539747175,0.974610864626151,0.997108598946324,1.0084881449291,326.813780206009,433.859208398319
"model_fits/finalized_redone_trunc_cp/a5_customer_day/vegetarian","model_fits/finalized_redone_trunc_cp/a5_customer_day/total","a5_customer_day","vegetarian",1,"pooled",NA,"level",-0.0329014642691,-0.3127071625,0.1687175525,0.973852669163575,0.996780450022029,1.02683598693921,142.067244349401,168.670066055642
"model_fits/finalized_redone_trunc_cp/a5_customer_day/vegetarian","model_fits/finalized_redone_trunc_cp/a5_customer_day/total","a5_customer_day","vegetarian",2,"pooled",NA,"slope",-0.0888298011733667,-0.4959276975,0.391881745000001,0.936600951991344,0.991375446562169,1.01641939810617,165.258817020467,192.814767816296
"model_fits/finalized_redone_trunc_cp/a5_customer_day/vegetarian","model_fits/finalized_redone_trunc_cp/a5_customer_day/total","a5_customer_day","vegetarian",3,"pooled",NA,"gender_male",0.0659612523287667,-0.3438686475,0.500864075,1.08824735208166,1.0068045460021,1.00919534245136,129.31615102457,244.291280289226
"model_fits/finalized_redone_trunc_cp/a5_customer_day/vegetarian","model_fits/finalized_redone_trunc_cp/a5_customer_day/total","a5_customer_day","vegetarian",4,"pooled",NA,"gender_female",0.0444271030421667,-0.31300556,0.377023790825,1.05996014904403,1.00459272064682,1.01653322213719,122.159307969071,167.956933028382
"model_fits/finalized_redone_trunc_cp/a5_customer_day/vegetarian","model_fits/finalized_redone_trunc_cp/a5_customer_day/total","a5_customer_day","vegetarian",NA,"restaurant","2HRX9P6HKXA8V","level",-0.0310619960323,-0.2725254225,0.20951796,0.975940759156423,0.996965512488031,1.00209401793757,443.439758979187,931.185201437351
"model_fits/finalized_redone_trunc_cp/a5_customer_day/vegetarian","model_fits/finalized_redone_trunc_cp/a5_customer_day/total","a5_customer_day","vegetarian",NA,"restaurant","2HRX9P6HKXA8V","slope",-0.0284932177111333,-0.2514540675,0.1790191625,0.977575674161363,0.997212966670696,1.00881622526541,265.49999914353,628.764275467334
"model_fits/finalized_redone_trunc_cp/a5_customer_day/vegetarian","model_fits/finalized_redone_trunc_cp/a5_customer_day/total","a5_customer_day","vegetarian",NA,"restaurant","2HRX9P6HKXA8V","gender_male",0.00331336240683333,-0.2246839065,0.22854086,1.01018415557805,1.0003996573394,1.00586687090042,371.625373887593,338.183433536066
"model_fits/finalized_redone_trunc_cp/a5_customer_day/vegetarian","model_fits/finalized_redone_trunc_cp/a5_customer_day/total","a5_customer_day","vegetarian",NA,"restaurant","2HRX9P6HKXA8V","gender_female",0.1360498209632,-0.12820473,0.4042313825,1.15692380177135,1.01379631512681,1.00154846196051,427.789102528749,467.215728277087
"model_fits/finalized_redone_trunc_cp/a5_customer_day/vegetarian","model_fits/finalized_redone_trunc_cp/a5_customer_day/total","a5_customer_day","vegetarian",NA,"restaurant","ED5J990H5VAZT","level",-0.0140537984989509,-0.110817475,0.0831202605,0.987220954318036,0.998607520939062,1.00198185264303,985.834440059233,1550.08920285138
"model_fits/finalized_redone_trunc_cp/a5_customer_day/vegetarian","model_fits/finalized_redone_trunc_cp/a5_customer_day/total","a5_customer_day","vegetarian",NA,"restaurant","ED5J990H5VAZT","slope",-0.166719849217127,-0.366117875,0.0136632202500002,0.850547396649031,0.983514059340196,1.00392574414655,351.21786900832,681.319290277193
"model_fits/finalized_redone_trunc_cp/a5_customer_day/vegetarian","model_fits/finalized_redone_trunc_cp/a5_customer_day/total","a5_customer_day","vegetarian",NA,"restaurant","ED5J990H5VAZT","gender_male",0.1643970744107,0.0962267575,0.23111846,1.17935947611731,1.01658142236618,0.999585664552832,2131.74383112366,2365.24104201341
"model_fits/finalized_redone_trunc_cp/a5_customer_day/vegetarian","model_fits/finalized_redone_trunc_cp/a5_customer_day/total","a5_customer_day","vegetarian",NA,"restaurant","ED5J990H5VAZT","gender_female",0.0633080911251667,-0.004180125,0.1294426175,1.06596044657548,1.00635660944126,0.999936269023944,2225.37224742644,2631.81984908647
"model_fits/finalized_redone_trunc_cp/a5_customer_day/vegetarian","model_fits/finalized_redone_trunc_cp/a5_customer_day/total","a5_customer_day","vegetarian",NA,"restaurant","L69HYJ4Y3TR91","level",-0.02956628692905,-0.32975552,0.28246648,0.981468872680817,0.997155461944304,1.00929335538805,365.846361587327,495.49603828034
"model_fits/finalized_redone_trunc_cp/a5_customer_day/vegetarian","model_fits/finalized_redone_trunc_cp/a5_customer_day/total","a5_customer_day","vegetarian",NA,"restaurant","L69HYJ4Y3TR91","slope",-0.1527597728443,-0.8926037,0.442987345,0.901753520879463,0.985338062842309,1.00840336823868,309.83381183516,401.624079464736
"model_fits/finalized_redone_trunc_cp/a5_customer_day/vegetarian","model_fits/finalized_redone_trunc_cp/a5_customer_day/total","a5_customer_day","vegetarian",NA,"restaurant","L69HYJ4Y3TR91","gender_male",-0.0325416729696667,-0.30072225,0.226042425,0.976682723754836,0.996840302042802,1.00202951260758,365.335331583793,981.957984615461
"model_fits/finalized_redone_trunc_cp/a5_customer_day/vegetarian","model_fits/finalized_redone_trunc_cp/a5_customer_day/total","a5_customer_day","vegetarian",NA,"restaurant","L69HYJ4Y3TR91","gender_female",0.00362414345973333,-0.2336869335,0.2288070575,1.01056780934727,1.00043163980034,1.00390529318151,568.603461304332,1166.75179824111
"model_fits/finalized_redone_trunc_cp/a5_customer_day/vegetarian","model_fits/finalized_redone_trunc_cp/a5_customer_day/total","a5_customer_day","vegetarian",NA,"restaurant","SRQS8F7JWA9MZ","level",-0.0114319382279,-0.19090991,0.162816955,0.992456090427126,0.998896110693768,1.00234418180915,587.016633262372,1427.42726702937
"model_fits/finalized_redone_trunc_cp/a5_customer_day/vegetarian","model_fits/finalized_redone_trunc_cp/a5_customer_day/total","a5_customer_day","vegetarian",NA,"restaurant","SRQS8F7JWA9MZ","slope",0.207613703196133,-0.471827205,1.1714578375,1.35461440649558,1.0218309169271,1.00838295893807,424.318297841165,953.960164252886
"model_fits/finalized_redone_trunc_cp/a5_customer_day/vegetarian","model_fits/finalized_redone_trunc_cp/a5_customer_day/total","a5_customer_day","vegetarian",NA,"restaurant","SRQS8F7JWA9MZ","gender_male",-0.0807124716496,-0.29658848975,0.1203295225,0.927711608789422,0.992017870708258,1.00010595975796,546.378714070964,1204.77065081908
"model_fits/finalized_redone_trunc_cp/a5_customer_day/vegetarian","model_fits/finalized_redone_trunc_cp/a5_customer_day/total","a5_customer_day","vegetarian",NA,"restaurant","SRQS8F7JWA9MZ","gender_female",-0.0955671496605,-0.28661112,0.1111169075,0.913443461890074,0.990538221011684,1.00542073533516,416.957280212401,226.543541513038
"model_fits/finalized_redone_trunc_cp/a6_customer_t_day/breakfast","model_fits/finalized_redone_trunc_cp/a5_customer_day/total","a6_customer_t_day","breakfast",1,"pooled",NA,"level",0.0557807428632267,-0.2365434425,0.3097506575,1.06649523175752,1.00568045134497,1.0249699720744,145.616057325193,187.843818460537
"model_fits/finalized_redone_trunc_cp/a6_customer_t_day/breakfast","model_fits/finalized_redone_trunc_cp/a5_customer_day/total","a6_customer_t_day","breakfast",2,"pooled",NA,"slope",0.115209578200667,-0.360129265,0.736321925,1.16237207804348,1.01192982018245,1.0307802163365,114.449802483372,172.811301467757
"model_fits/finalized_redone_trunc_cp/a6_customer_t_day/breakfast","model_fits/finalized_redone_trunc_cp/a5_customer_day/total","a6_customer_t_day","breakfast",3,"pooled",NA,"gender_male",-0.0145942530160667,-0.3893219425,0.5461907075,1.01643026009888,0.998832747131079,1.21864208549007,10.1168923180379,20.4773609868939
"model_fits/finalized_redone_trunc_cp/a6_customer_t_day/breakfast","model_fits/finalized_redone_trunc_cp/a5_customer_day/total","a6_customer_t_day","breakfast",4,"pooled",NA,"gender_female",0.0266954622514,-0.28001633475,0.4254190225,1.04467482593688,1.00283748840803,1.10430154156867,28.7531337305216,19.0065329117513
"model_fits/finalized_redone_trunc_cp/a6_customer_t_day/breakfast","model_fits/finalized_redone_trunc_cp/a5_customer_day/total","a6_customer_t_day","breakfast",NA,"restaurant","2HRX9P6HKXA8V","level",0.101837211005067,-0.131511665,0.38058779,1.1164254578764,1.01031832834381,1.01400041955886,283.009915006517,745.733158036267
"model_fits/finalized_redone_trunc_cp/a6_customer_t_day/breakfast","model_fits/finalized_redone_trunc_cp/a5_customer_day/total","a6_customer_t_day","breakfast",NA,"restaurant","2HRX9P6HKXA8V","slope",0.0204332006711,-0.253683785,0.2880771525,1.0300123132678,1.00213689922272,1.02410910075259,148.245836994717,519.834435813131
"model_fits/finalized_redone_trunc_cp/a6_customer_t_day/breakfast","model_fits/finalized_redone_trunc_cp/a5_customer_day/total","a6_customer_t_day","breakfast",NA,"restaurant","2HRX9P6HKXA8V","gender_male",-0.0728676912299667,-0.3097298275,0.1731670425,0.936813949758846,0.992814982131523,1.0077904278899,405.01810820899,1117.24487586323
"model_fits/finalized_redone_trunc_cp/a6_customer_t_day/breakfast","model_fits/finalized_redone_trunc_cp/a5_customer_day/total","a6_customer_t_day","breakfast",NA,"restaurant","2HRX9P6HKXA8V","gender_female",0.0290862902610333,-0.2574465675,0.3140636125,1.04067359436637,1.00302107619136,1.00574331431661,391.214508694117,714.835568752908
"model_fits/finalized_redone_trunc_cp/a6_customer_t_day/breakfast","model_fits/finalized_redone_trunc_cp/a5_customer_day/total","a6_customer_t_day","breakfast",NA,"restaurant","ED5J990H5VAZT","level",0.04363694400753,-0.04616991,0.1329808075,1.04567163782521,1.00438349525686,1.00131460881994,812.242772112642,2822.3442479309
"model_fits/finalized_redone_trunc_cp/a6_customer_t_day/breakfast","model_fits/finalized_redone_trunc_cp/a5_customer_day/total","a6_customer_t_day","breakfast",NA,"restaurant","ED5J990H5VAZT","slope",0.110011063927207,-0.08405634,0.306441765,1.12167121803962,1.01111037223767,1.00602178081468,144.800113348894,381.807153624847
"model_fits/finalized_redone_trunc_cp/a6_customer_t_day/breakfast","model_fits/finalized_redone_trunc_cp/a5_customer_day/total","a6_customer_t_day","breakfast",NA,"restaurant","ED5J990H5VAZT","gender_male",-0.0635521673893,-0.1207348175,-0.00673764999999998,0.938832238972478,0.993669244507749,1.00164748686756,3569.42946572964,4034.85825884848
"model_fits/finalized_redone_trunc_cp/a6_customer_t_day/breakfast","model_fits/finalized_redone_trunc_cp/a5_customer_day/total","a6_customer_t_day","breakfast",NA,"restaurant","ED5J990H5VAZT","gender_female",-0.0733002579969333,-0.13007703,-0.0176486335,0.929709219871404,0.992700912441129,1.00123114439546,5365.85146070096,4912.17153609755
"model_fits/finalized_redone_trunc_cp/a6_customer_t_day/breakfast","model_fits/finalized_redone_trunc_cp/a5_customer_day/total","a6_customer_t_day","breakfast",NA,"restaurant","L69HYJ4Y3TR91","level",-0.0333816650551833,-0.337399625,0.202030865,0.975699267102892,0.996756903924766,1.00483602475554,475.531676017561,1031.33029668738
"model_fits/finalized_redone_trunc_cp/a6_customer_t_day/breakfast","model_fits/finalized_redone_trunc_cp/a5_customer_day/total","a6_customer_t_day","breakfast",NA,"restaurant","L69HYJ4Y3TR91","slope",0.1950439735993,-0.536306,1.071730925,1.32358396228156,1.02047855866984,1.00860913358692,228.038291275215,320.804297149529
"model_fits/finalized_redone_trunc_cp/a6_customer_t_day/breakfast","model_fits/finalized_redone_trunc_cp/a5_customer_day/total","a6_customer_t_day","breakfast",NA,"restaurant","L69HYJ4Y3TR91","gender_male",-0.271649526682167,-0.492809625,-0.05502678375,0.766959233411523,0.973262316897519,1.00819293566378,246.423626651227,532.07837873761
"model_fits/finalized_redone_trunc_cp/a6_customer_t_day/breakfast","model_fits/finalized_redone_trunc_cp/a5_customer_day/total","a6_customer_t_day","breakfast",NA,"restaurant","L69HYJ4Y3TR91","gender_female",0.0413610984319333,-0.161337525,0.2464233085,1.04765778247164,1.00419683471809,1.00416507629133,918.770626324676,1789.8904435772
"model_fits/finalized_redone_trunc_cp/a6_customer_t_day/untextured","model_fits/finalized_redone_trunc_cp/a5_customer_day/total","a6_customer_t_day","untextured",1,"pooled",NA,"level",0.151669884182,-0.48981749,1.5240739,1.33053923202835,1.01633419184591,1.18710639447111,39.0714285253763,21.8927438058788
"model_fits/finalized_redone_trunc_cp/a6_customer_t_day/untextured","model_fits/finalized_redone_trunc_cp/a5_customer_day/total","a6_customer_t_day","untextured",2,"pooled",NA,"slope",0.00528171457066667,-0.788757635,0.99349981,1.10920773949758,1.0014539479955,1.11211281959988,27.2782064465335,82.9002787607886
"model_fits/finalized_redone_trunc_cp/a6_customer_t_day/untextured","model_fits/finalized_redone_trunc_cp/a5_customer_day/total","a6_customer_t_day","untextured",3,"pooled",NA,"gender_male",-0.0867940440027,-0.71225375,0.762613155,0.99061847203209,0.992076403531514,1.21744734750211,10.9270763867026,20.354159684018
"model_fits/finalized_redone_trunc_cp/a6_customer_t_day/untextured","model_fits/finalized_redone_trunc_cp/a5_customer_day/total","a6_customer_t_day","untextured",4,"pooled",NA,"gender_female",0.0359077996473333,-0.396330165,0.355598005,1.05314434799804,1.00376105622275,1.14472401200026,19.2321882128412,52.4088628985578
"model_fits/finalized_redone_trunc_cp/a6_customer_t_day/untextured","model_fits/finalized_redone_trunc_cp/a5_customer_day/total","a6_customer_t_day","untextured",NA,"restaurant","SRQS8F7JWA9MZ","level",0.1302776549729,-0.1443867975,0.421573299,1.15182606341828,1.0132247844583,1.26606090924283,8.68702226955752,94.6780006072348
"model_fits/finalized_redone_trunc_cp/a6_customer_t_day/untextured","model_fits/finalized_redone_trunc_cp/a5_customer_day/total","a6_customer_t_day","untextured",NA,"restaurant","SRQS8F7JWA9MZ","slope",-0.413463127472967,-1.8770176925,0.765873265,0.811091039639898,0.961587348438228,1.12722029837007,16.8907379580052,112.405483375525
"model_fits/finalized_redone_trunc_cp/a6_customer_t_day/untextured","model_fits/finalized_redone_trunc_cp/a5_customer_day/total","a6_customer_t_day","untextured",NA,"restaurant","SRQS8F7JWA9MZ","gender_male",-0.230426519862167,-0.4972172,0.00762766205000018,0.800796850487395,0.977302365044055,1.0151028340749,100.399677591801,139.566123198261
"model_fits/finalized_redone_trunc_cp/a6_customer_t_day/untextured","model_fits/finalized_redone_trunc_cp/a5_customer_day/total","a6_customer_t_day","untextured",NA,"restaurant","SRQS8F7JWA9MZ","gender_female",0.0864228306581403,-0.1236157605,0.3291762275,1.09735708808481,1.00874454279245,1.04456784488785,70.125605627863,162.284679135256
"model_fits/finalized_redone_trunc_cp/t2_a1_proportion/chicken_fish/mpbamod_dishes_count","model_fits/finalized_redone_trunc_cp/t2_a1_proportion/total/mpbamod_dishes_count","t2_a1_proportion","chicken_fish",1,"pooled",NA,"level",0.0167902711194373,-0.0628784294135,0.096184612675,1.01769392462198,1.00168793723662,1.00063852885335,1590.81144873896,2007.29081695731
"model_fits/finalized_redone_trunc_cp/t2_a1_proportion/chicken_fish/mpbamod_dishes_count","model_fits/finalized_redone_trunc_cp/t2_a1_proportion/total/mpbamod_dishes_count","t2_a1_proportion","chicken_fish",2,"pooled",NA,"slope",0.211719348403594,-2.4638023795,2.78322354,2.839553425453,1.03024232770467,1.00165442486294,2593.75389423666,2198.00952304448
"model_fits/finalized_redone_trunc_cp/t2_a1_proportion/chicken_fish/mpbamod_dishes_count","model_fits/finalized_redone_trunc_cp/t2_a1_proportion/total/mpbamod_dishes_count","t2_a1_proportion","chicken_fish",NA,"restaurant","1SQPTEGYPH0GA","level",0.196197623908333,0.108182179,0.287032713,1.21809195439557,1.01982458826547,1.0012409628058,1267.49550449599,2246.28079130152
"model_fits/finalized_redone_trunc_cp/t2_a1_proportion/chicken_fish/mpbamod_dishes_count","model_fits/finalized_redone_trunc_cp/t2_a1_proportion/total/mpbamod_dishes_count","t2_a1_proportion","chicken_fish",NA,"restaurant","2HRX9P6HKXA8V","level",-0.0351418937892633,-0.2238488195,0.1130662125,0.969002375163344,0.996528929700284,0.999645729610352,2008.86681120925,2091.24371835401
"model_fits/finalized_redone_trunc_cp/t2_a1_proportion/chicken_fish/mpbamod_dishes_count","model_fits/finalized_redone_trunc_cp/t2_a1_proportion/total/mpbamod_dishes_count","t2_a1_proportion","chicken_fish",NA,"restaurant","78AY09MVJVTYE","level",0.07373357545072,-0.02616608205,0.182018297,1.07801843007377,1.0074145783523,1.000169828445,2188.6966657193,2576.38953092263
"model_fits/finalized_redone_trunc_cp/t2_a1_proportion/chicken_fish/mpbamod_dishes_count","model_fits/finalized_redone_trunc_cp/t2_a1_proportion/total/mpbamod_dishes_count","t2_a1_proportion","chicken_fish",NA,"restaurant","9XKJD8DQTH559","level",0.0441862950797333,0.023889490825,0.06543361175,1.04523740220482,1.00442898585997,1.00035722498079,2817.68801937296,2539.33582905368
"model_fits/finalized_redone_trunc_cp/t2_a1_proportion/chicken_fish/mpbamod_dishes_count","model_fits/finalized_redone_trunc_cp/t2_a1_proportion/total/mpbamod_dishes_count","t2_a1_proportion","chicken_fish",NA,"restaurant","C0BE4NDSW26QN","level",0.012800789030437,-0.12718816575,0.145125662,1.01516580700149,1.0013035161884,0.999786930656529,2181.31895422876,2553.53974585875
"model_fits/finalized_redone_trunc_cp/t2_a1_proportion/chicken_fish/mpbamod_dishes_count","model_fits/finalized_redone_trunc_cp/t2_a1_proportion/total/mpbamod_dishes_count","t2_a1_proportion","chicken_fish",NA,"restaurant","CB2KHY1C2G9PT","level",0.116436336700257,0.007436987895,0.24398905525,1.1256494185253,1.01173101516569,1.00090273210425,2061.98715908598,2432.36392828273
"model_fits/finalized_redone_trunc_cp/t2_a1_proportion/chicken_fish/mpbamod_dishes_count","model_fits/finalized_redone_trunc_cp/t2_a1_proportion/total/mpbamod_dishes_count","t2_a1_proportion","chicken_fish",NA,"restaurant","ED5J990H5VAZT","level",0.00750095888859876,-0.0292921337,0.041576809575,1.00768752091865,1.00075195149255,1.00474023189567,1224.62607395021,2507.13055322575
"model_fits/finalized_redone_trunc_cp/t2_a1_proportion/chicken_fish/mpbamod_dishes_count","model_fits/finalized_redone_trunc_cp/t2_a1_proportion/total/mpbamod_dishes_count","t2_a1_proportion","chicken_fish",NA,"restaurant","EMBVNVD207CC6","level",-0.0576910563164097,-0.21036765275,0.076190633475,0.946411826719606,0.994273647602413,1.00055690848876,1928.79432554266,2166.54924542719
"model_fits/finalized_redone_trunc_cp/t2_a1_proportion/chicken_fish/mpbamod_dishes_count","model_fits/finalized_redone_trunc_cp/t2_a1_proportion/total/mpbamod_dishes_count","t2_a1_proportion","chicken_fish",NA,"restaurant","JHDN7CF1C03X5","level",0.0334737966128091,-0.003510103075,0.068795807425,1.03421753769166,1.00335470769722,1.00077908531671,2210.51651226558,2714.01832201703
"model_fits/finalized_redone_trunc_cp/t2_a1_proportion/chicken_fish/mpbamod_dishes_count","model_fits/finalized_redone_trunc_cp/t2_a1_proportion/total/mpbamod_dishes_count","t2_a1_proportion","chicken_fish",NA,"restaurant","L69HYJ4Y3TR91","level",0.0187567729599933,-0.173724502,0.1945243885,1.0231441923666,1.00191908672835,1.00013429209746,2281.51519451151,2114.6623905692
"model_fits/finalized_redone_trunc_cp/t2_a1_proportion/chicken_fish/mpbamod_dishes_count","model_fits/finalized_redone_trunc_cp/t2_a1_proportion/total/mpbamod_dishes_count","t2_a1_proportion","chicken_fish",NA,"restaurant","LBZEEFSBJNB3Z","level",0.0783437902688271,-0.027373902725,0.18905805975,1.08310429202077,1.00788010797066,1.00146305386744,2254.67161766092,2547.1432388461
"model_fits/finalized_redone_trunc_cp/t2_a1_proportion/chicken_fish/mpbamod_dishes_count","model_fits/finalized_redone_trunc_cp/t2_a1_proportion/total/mpbamod_dishes_count","t2_a1_proportion","chicken_fish",NA,"restaurant","LFZFT3VASXPED","level",0.061565930963062,-0.13165942975,0.2764259925,1.06907130196138,1.00622754118288,0.999708870717084,2020.49465950607,2113.40726443441
"model_fits/finalized_redone_trunc_cp/t2_a1_proportion/chicken_fish/mpbamod_dishes_count","model_fits/finalized_redone_trunc_cp/t2_a1_proportion/total/mpbamod_dishes_count","t2_a1_proportion","chicken_fish",NA,"restaurant","LQ5EH4BKGV61T","level",0.0799968479784903,-0.0835908395,0.2870886955,1.08814607511973,1.0080762881807,1.00121414940802,1888.22475777,2076.4098417167
"model_fits/finalized_redone_trunc_cp/t2_a1_proportion/chicken_fish/mpbamod_dishes_count","model_fits/finalized_redone_trunc_cp/t2_a1_proportion/total/mpbamod_dishes_count","t2_a1_proportion","chicken_fish",NA,"restaurant","S8MT0YGD2KTN9","level",0.0264009338435693,-0.12257635125,0.16253386275,1.02935195139928,1.00266901241686,1.0008239887392,2284.25098128624,2560.98260373647
"model_fits/finalized_redone_trunc_cp/t2_a1_proportion/chicken_fish/mpbamod_dishes_count","model_fits/finalized_redone_trunc_cp/t2_a1_proportion/total/mpbamod_dishes_count","t2_a1_proportion","chicken_fish",NA,"restaurant","SAFK7ND1HR6XS","level",0.0717987942297043,-0.090294188975,0.257341812,1.07863586817569,1.00724468940017,1.00040181125224,2204.14502498751,2412.27859119965
"model_fits/finalized_redone_trunc_cp/t2_a1_proportion/chicken_fish/mpbamod_dishes_count","model_fits/finalized_redone_trunc_cp/t2_a1_proportion/total/mpbamod_dishes_count","t2_a1_proportion","chicken_fish",NA,"restaurant","V3Q26BHF3SE2H","level",-0.008126324651834,-0.084978334,0.06575689725,0.992639047559599,0.999195076510239,1.00048444276665,2451.42973847177,2541.30430612957
"model_fits/finalized_redone_trunc_cp/t2_a1_proportion/chicken_fish/mpbamod_dishes_count","model_fits/finalized_redone_trunc_cp/t2_a1_proportion/total/mpbamod_dishes_count","t2_a1_proportion","chicken_fish",NA,"restaurant","W8T41JZK0ZMEP","level",0.00014445586994366,-0.027352439575,0.0269146558,1.00024023884475,1.00001540334686,1.00059094536535,2351.81684533484,2465.86297173237
"model_fits/finalized_redone_trunc_cp/t2_a1_proportion/meat/mpbamod_dishes_count","model_fits/finalized_redone_trunc_cp/t2_a1_proportion/total/mpbamod_dishes_count","t2_a1_proportion","meat",1,"pooled",NA,"level",0.0076069434123392,-0.061347250805,0.073328447525,1.00816019036618,1.00076619242496,1.00023192038229,1218.89158016882,1641.73320916536
"model_fits/finalized_redone_trunc_cp/t2_a1_proportion/meat/mpbamod_dishes_count","model_fits/finalized_redone_trunc_cp/t2_a1_proportion/total/mpbamod_dishes_count","t2_a1_proportion","meat",2,"pooled",NA,"slope",0.179339990476367,-2.521947511,2.656068342,2.67587513292371,1.02661663672576,1.00205441380113,2878.33163711503,2526.09562778803
"model_fits/finalized_redone_trunc_cp/t2_a1_proportion/meat/mpbamod_dishes_count","model_fits/finalized_redone_trunc_cp/t2_a1_proportion/total/mpbamod_dishes_count","t2_a1_proportion","meat",NA,"restaurant","1SQPTEGYPH0GA","level",0.0323790177503133,-0.038783606725,0.1052092739,1.03357421969892,1.00324960966041,1.00230850359003,2217.58667181067,2557.96503840509
"model_fits/finalized_redone_trunc_cp/t2_a1_proportion/meat/mpbamod_dishes_count","model_fits/finalized_redone_trunc_cp/t2_a1_proportion/total/mpbamod_dishes_count","t2_a1_proportion","meat",NA,"restaurant","2HRX9P6HKXA8V","level",0.0655086744238387,-0.1117183817,0.24827504305,1.07184170189361,1.00661134703774,1.00092526050538,2386.67730779118,2433.33142525767
"model_fits/finalized_redone_trunc_cp/t2_a1_proportion/meat/mpbamod_dishes_count","model_fits/finalized_redone_trunc_cp/t2_a1_proportion/total/mpbamod_dishes_count","t2_a1_proportion","meat",NA,"restaurant","78AY09MVJVTYE","level",0.02232774682833,-0.0726666048,0.11315381055,1.02371693776207,1.00224642732521,1.00284233365273,1733.04083370792,2103.03707590374
"model_fits/finalized_redone_trunc_cp/t2_a1_proportion/meat/mpbamod_dishes_count","model_fits/finalized_redone_trunc_cp/t2_a1_proportion/total/mpbamod_dishes_count","t2_a1_proportion","meat",NA,"restaurant","9XKJD8DQTH559","level",-0.00600295296233333,-0.0315176455,0.024146531,0.99411638669782,0.999400902915029,1.00105586694368,2368.30318567194,2387.68559151702
"model_fits/finalized_redone_trunc_cp/t2_a1_proportion/meat/mpbamod_dishes_count","model_fits/finalized_redone_trunc_cp/t2_a1_proportion/total/mpbamod_dishes_count","t2_a1_proportion","meat",NA,"restaurant","C0BE4NDSW26QN","level",0.0128414882736483,-0.14636610615,0.1583487058,1.01583032611737,1.00131376965762,1.00122556182053,2460.28216895089,2639.62125090593
"model_fits/finalized_redone_trunc_cp/t2_a1_proportion/meat/mpbamod_dishes_count","model_fits/finalized_redone_trunc_cp/t2_a1_proportion/total/mpbamod_dishes_count","t2_a1_proportion","meat",NA,"restaurant","CB2KHY1C2G9PT","level",0.0563095880188471,-0.020611170065,0.13418237555,1.05875206644205,1.00565469529651,1.00100623682949,2242.34114227353,2370.26640351485
"model_fits/finalized_redone_trunc_cp/t2_a1_proportion/meat/mpbamod_dishes_count","model_fits/finalized_redone_trunc_cp/t2_a1_proportion/total/mpbamod_dishes_count","t2_a1_proportion","meat",NA,"restaurant","ED5J990H5VAZT","level",-0.0017951210881622,-0.024481503765,0.018874029045,0.998267363381799,0.999821114043309,1.00167282204045,2146.20659428036,2448.77784341897
"model_fits/finalized_redone_trunc_cp/t2_a1_proportion/meat/mpbamod_dishes_count","model_fits/finalized_redone_trunc_cp/t2_a1_proportion/total/mpbamod_dishes_count","t2_a1_proportion","meat",NA,"restaurant","EMBVNVD207CC6","level",-0.0272916473926867,-0.177694801275,0.09647348715,0.975412669270283,0.997298642080053,1.00213627973621,2446.82607013387,2629.87607735153
"model_fits/finalized_redone_trunc_cp/t2_a1_proportion/meat/mpbamod_dishes_count","model_fits/finalized_redone_trunc_cp/t2_a1_proportion/total/mpbamod_dishes_count","t2_a1_proportion","meat",NA,"restaurant","JHDN7CF1C03X5","level",-0.0078149233284654,-0.046386297,0.038371946925,0.992453894007663,0.999221208171295,1.0009177152974,2900.52905440406,2948.46195028156
"model_fits/finalized_redone_trunc_cp/t2_a1_proportion/meat/mpbamod_dishes_count","model_fits/finalized_redone_trunc_cp/t2_a1_proportion/total/mpbamod_dishes_count","t2_a1_proportion","meat",NA,"restaurant","L69HYJ4Y3TR91","level",-0.0123448932259084,-0.186318180725,0.1417345030575,0.991257238847887,0.998802085126846,0.99964206255526,2347.94141748106,2654.27921384687
"model_fits/finalized_redone_trunc_cp/t2_a1_proportion/meat/mpbamod_dishes_count","model_fits/finalized_redone_trunc_cp/t2_a1_proportion/total/mpbamod_dishes_count","t2_a1_proportion","meat",NA,"restaurant","LBZEEFSBJNB3Z","level",0.0595433368075503,-0.04664042276,0.16768474851,1.06290673025893,1.0059868165453,1.00286621919415,1690.80200613157,2397.61940785907
"model_fits/finalized_redone_trunc_cp/t2_a1_proportion/meat/mpbamod_dishes_count","model_fits/finalized_redone_trunc_cp/t2_a1_proportion/total/mpbamod_dishes_count","t2_a1_proportion","meat",NA,"restaurant","LFZFT3VASXPED","level",-0.0188101681606782,-0.23750351675,0.2348755895,0.98877751722326,0.998195116078209,1.00065404745587,2647.5711402781,2654.51114944889
"model_fits/finalized_redone_trunc_cp/t2_a1_proportion/meat/mpbamod_dishes_count","model_fits/finalized_redone_trunc_cp/t2_a1_proportion/total/mpbamod_dishes_count","t2_a1_proportion","meat",NA,"restaurant","LQ5EH4BKGV61T","level",0.00744120168969967,-0.18474345675,0.21345391175,1.01220813076432,1.00079126263612,1.00028396611557,1945.49849038535,2611.34883315404
"model_fits/finalized_redone_trunc_cp/t2_a1_proportion/meat/mpbamod_dishes_count","model_fits/finalized_redone_trunc_cp/t2_a1_proportion/total/mpbamod_dishes_count","t2_a1_proportion","meat",NA,"restaurant","S8MT0YGD2KTN9","level",0.0319110216626265,-0.0977718796,0.165704918975,1.0346851850502,1.00321810305798,1.00074794943773,2092.79054861767,2305.04936012148
"model_fits/finalized_redone_trunc_cp/t2_a1_proportion/meat/mpbamod_dishes_count","model_fits/finalized_redone_trunc_cp/t2_a1_proportion/total/mpbamod_dishes_count","t2_a1_proportion","meat",NA,"restaurant","SAFK7ND1HR6XS","level",-0.027747989739232,-0.2392334773175,0.194051069275,0.978494460166976,0.997288570068939,1.00063765343093,2406.83907525099,2411.09118414214
"model_fits/finalized_redone_trunc_cp/t2_a1_proportion/meat/mpbamod_dishes_count","model_fits/finalized_redone_trunc_cp/t2_a1_proportion/total/mpbamod_dishes_count","t2_a1_proportion","meat",NA,"restaurant","SRQS8F7JWA9MZ","level",-0.0432021109438,-0.1080774533,0.0269864780000001,0.958268690085161,0.995694823370384,1.00064624798916,2058.84197695834,2383.96650906164
"model_fits/finalized_redone_trunc_cp/t2_a1_proportion/meat/mpbamod_dishes_count","model_fits/finalized_redone_trunc_cp/t2_a1_proportion/total/mpbamod_dishes_count","t2_a1_proportion","meat",NA,"restaurant","V3Q26BHF3SE2H","level",0.057054366844099,0.0052934652725,0.10433312035,1.05904096422666,1.00572485802353,1.00013432482922,2212.19286013816,2382.99381640313
"model_fits/finalized_redone_trunc_cp/t2_a1_proportion/meat/mpbamod_dishes_count","model_fits/finalized_redone_trunc_cp/t2_a1_proportion/total/mpbamod_dishes_count","t2_a1_proportion","meat",NA,"restaurant","W8T41JZK0ZMEP","level",-0.0262281740200613,-0.0567107348,0.00588309805500002,0.974245196041409,0.997381973889728,0.999666149496159,2893.61135922921,2585.53442353896
"model_fits/finalized_redone_trunc_cp/t2_a1_proportion/nonvegan/mpbamod_dishes_count","model_fits/finalized_redone_trunc_cp/t2_a1_proportion/total/mpbamod_dishes_count","t2_a1_proportion","nonvegan",1,"pooled",NA,"level",0.00437301437234333,-0.068393783,0.079416367825,1.00508073275755,1.00044434101901,1.00056189053564,1166.01864980388,1704.39589883781
"model_fits/finalized_redone_trunc_cp/t2_a1_proportion/nonvegan/mpbamod_dishes_count","model_fits/finalized_redone_trunc_cp/t2_a1_proportion/total/mpbamod_dishes_count","t2_a1_proportion","nonvegan",2,"pooled",NA,"slope",0.187051440714927,-2.498734221,2.68313818275,2.80527549513267,1.02799200367272,1.00137844835969,2094.75959524289,1786.46015447075
"model_fits/finalized_redone_trunc_cp/t2_a1_proportion/nonvegan/mpbamod_dishes_count","model_fits/finalized_redone_trunc_cp/t2_a1_proportion/total/mpbamod_dishes_count","t2_a1_proportion","nonvegan",NA,"restaurant","1SQPTEGYPH0GA","level",-0.002250683546783,-0.0700112915,0.06759213325,0.998362111141708,0.999781068333977,0.99980634594859,2061.10502466116,2295.16386461718
"model_fits/finalized_redone_trunc_cp/t2_a1_proportion/nonvegan/mpbamod_dishes_count","model_fits/finalized_redone_trunc_cp/t2_a1_proportion/total/mpbamod_dishes_count","t2_a1_proportion","nonvegan",NA,"restaurant","2HRX9P6HKXA8V","level",-0.00847144994584303,-0.19371110065,0.17287935995,0.995642555829206,0.999194286011009,1.00034753022509,1912.25194047895,2218.42778296794
"model_fits/finalized_redone_trunc_cp/t2_a1_proportion/nonvegan/mpbamod_dishes_count","model_fits/finalized_redone_trunc_cp/t2_a1_proportion/total/mpbamod_dishes_count","t2_a1_proportion","nonvegan",NA,"restaurant","78AY09MVJVTYE","level",-0.0010861474656,-0.080653535475,0.086073508725,0.999816024504088,0.999900394175908,0.99979377936328,2035.64418728241,2475.21044376053
"model_fits/finalized_redone_trunc_cp/t2_a1_proportion/nonvegan/mpbamod_dishes_count","model_fits/finalized_redone_trunc_cp/t2_a1_proportion/total/mpbamod_dishes_count","t2_a1_proportion","nonvegan",NA,"restaurant","9XKJD8DQTH559","level",-0.00355792698066667,-0.0292784665,0.025093010825,0.996547914790549,0.999645267834669,1.00138451815796,2354.28558771741,2742.23681203818
"model_fits/finalized_redone_trunc_cp/t2_a1_proportion/nonvegan/mpbamod_dishes_count","model_fits/finalized_redone_trunc_cp/t2_a1_proportion/total/mpbamod_dishes_count","t2_a1_proportion","nonvegan",NA,"restaurant","C0BE4NDSW26QN","level",0.0130919959184227,-0.1594337727,0.1688356597725,1.01670061569369,1.00134494072465,1.00009539972885,1662.51794880701,2435.56333637526
"model_fits/finalized_redone_trunc_cp/t2_a1_proportion/nonvegan/mpbamod_dishes_count","model_fits/finalized_redone_trunc_cp/t2_a1_proportion/total/mpbamod_dishes_count","t2_a1_proportion","nonvegan",NA,"restaurant","CB2KHY1C2G9PT","level",0.009622556720775,-0.0647151246175,0.085537327235,1.01038940134083,1.00096985782579,0.999204531021544,2506.42337301778,2723.26176736531
"model_fits/finalized_redone_trunc_cp/t2_a1_proportion/nonvegan/mpbamod_dishes_count","model_fits/finalized_redone_trunc_cp/t2_a1_proportion/total/mpbamod_dishes_count","t2_a1_proportion","nonvegan",NA,"restaurant","ED5J990H5VAZT","level",0.00167493289864413,-0.0183721442125,0.0187488631025,1.00172356464074,1.00016797928806,1.00071313230548,2383.36577196639,2471.29593571979
"model_fits/finalized_redone_trunc_cp/t2_a1_proportion/nonvegan/mpbamod_dishes_count","model_fits/finalized_redone_trunc_cp/t2_a1_proportion/total/mpbamod_dishes_count","t2_a1_proportion","nonvegan",NA,"restaurant","EMBVNVD207CC6","level",0.0608617823401533,-0.097158817375,0.20852425045,1.06590143743371,1.00613464348673,1.0017088950305,1104.83777051678,2143.70433448038
"model_fits/finalized_redone_trunc_cp/t2_a1_proportion/nonvegan/mpbamod_dishes_count","model_fits/finalized_redone_trunc_cp/t2_a1_proportion/total/mpbamod_dishes_count","t2_a1_proportion","nonvegan",NA,"restaurant","JHDN7CF1C03X5","level",-0.00332619331840377,-0.042742530075,0.0422650348575,0.996918033486696,0.999669826036819,1.00256819809078,2214.42562218387,1952.75541611907
"model_fits/finalized_redone_trunc_cp/t2_a1_proportion/nonvegan/mpbamod_dishes_count","model_fits/finalized_redone_trunc_cp/t2_a1_proportion/total/mpbamod_dishes_count","t2_a1_proportion","nonvegan",NA,"restaurant","L69HYJ4Y3TR91","level",0.014530726144065,-0.1650696796375,0.1656622157775,1.01821596337793,1.00148966131059,1.00069893835527,2481.8314146745,2427.3336629782
"model_fits/finalized_redone_trunc_cp/t2_a1_proportion/nonvegan/mpbamod_dishes_count","model_fits/finalized_redone_trunc_cp/t2_a1_proportion/total/mpbamod_dishes_count","t2_a1_proportion","nonvegan",NA,"restaurant","LBZEEFSBJNB3Z","level",0.006325588529724,-0.0934429809725,0.110406124675,1.00765801176325,1.00064579186264,1.00036674496163,2158.27052253526,2401.71083142449
"model_fits/finalized_redone_trunc_cp/t2_a1_proportion/nonvegan/mpbamod_dishes_count","model_fits/finalized_redone_trunc_cp/t2_a1_proportion/total/mpbamod_dishes_count","t2_a1_proportion","nonvegan",NA,"restaurant","LFZFT3VASXPED","level",-0.0162237702727323,-0.2991005541425,0.297770011325,0.994913378518804,0.998488661974711,1.00154936305391,1864.66713929781,2222.10117732921
"model_fits/finalized_redone_trunc_cp/t2_a1_proportion/nonvegan/mpbamod_dishes_count","model_fits/finalized_redone_trunc_cp/t2_a1_proportion/total/mpbamod_dishes_count","t2_a1_proportion","nonvegan",NA,"restaurant","LQ5EH4BKGV61T","level",0.0125313585311467,-0.17794356023,0.19180562795,1.01677255671082,1.00129507494363,1.00073627457043,1535.89566029659,2227.5473321998
"model_fits/finalized_redone_trunc_cp/t2_a1_proportion/nonvegan/mpbamod_dishes_count","model_fits/finalized_redone_trunc_cp/t2_a1_proportion/total/mpbamod_dishes_count","t2_a1_proportion","nonvegan",NA,"restaurant","S8MT0YGD2KTN9","level",-0.00144915942661847,-0.139503245975,0.1440413250575,1.00109340588359,0.999880470560308,0.999731585860922,1971.56933035433,2386.16026736291
"model_fits/finalized_redone_trunc_cp/t2_a1_proportion/nonvegan/mpbamod_dishes_count","model_fits/finalized_redone_trunc_cp/t2_a1_proportion/total/mpbamod_dishes_count","t2_a1_proportion","nonvegan",NA,"restaurant","SAFK7ND1HR6XS","level",-0.010042831100618,-0.24529980325,0.25774431855,0.997578141717454,0.999071561937426,1.00139092027259,2330.97044752705,2186.17399688727
"model_fits/finalized_redone_trunc_cp/t2_a1_proportion/nonvegan/mpbamod_dishes_count","model_fits/finalized_redone_trunc_cp/t2_a1_proportion/total/mpbamod_dishes_count","t2_a1_proportion","nonvegan",NA,"restaurant","SRQS8F7JWA9MZ","level",-0.00152506142633333,-0.06686580465,0.0647543707500001,0.999031706468422,0.999853063335573,1.0001670034183,2481.24327845039,2601.64172781351
"model_fits/finalized_redone_trunc_cp/t2_a1_proportion/nonvegan/mpbamod_dishes_count","model_fits/finalized_redone_trunc_cp/t2_a1_proportion/total/mpbamod_dishes_count","t2_a1_proportion","nonvegan",NA,"restaurant","V3Q26BHF3SE2H","level",0.00880595642885033,-0.035289990246,0.04914632599675,1.00907377481992,1.00088325710183,1.00016161148219,2368.37270651021,2534.29876478541
"model_fits/finalized_redone_trunc_cp/t2_a1_proportion/nonvegan/mpbamod_dishes_count","model_fits/finalized_redone_trunc_cp/t2_a1_proportion/total/mpbamod_dishes_count","t2_a1_proportion","nonvegan",NA,"restaurant","W8T41JZK0ZMEP","level",-0.00276026337778593,-0.0311992730575,0.0283876503925,0.997369791306308,0.999725276178756,1.0006585219728,2767.45017783273,2732.88335200701
"model_fits/finalized_redone_trunc/t2_a1_proportion/vegan/mpbamod_dishes_count","model_fits/finalized_redone_trunc_cp/t2_a1_proportion/total/mpbamod_dishes_count","t2_a1_proportion","vegan",1,"pooled",NA,"level",0.02295664119546,-0.061005792175,0.1147979505665,1.02425956324775,1.00230843922715,1.0216551946903,109.510942147192,361.689527996992
"model_fits/finalized_redone_trunc/t2_a1_proportion/vegan/mpbamod_dishes_count","model_fits/finalized_redone_trunc_cp/t2_a1_proportion/total/mpbamod_dishes_count","t2_a1_proportion","vegan",2,"pooled",NA,"slope",0.14400326053972,-2.447099815,2.59731295725,2.60908916461972,1.02281999001212,1.00310436716375,880.559362625544,1522.75038894712
"model_fits/finalized_redone_trunc/t2_a1_proportion/vegan/mpbamod_dishes_count","model_fits/finalized_redone_trunc_cp/t2_a1_proportion/total/mpbamod_dishes_count","t2_a1_proportion","vegan",NA,"restaurant","1SQPTEGYPH0GA","level",0.0299146546388467,-0.0651403072,0.12719107295,1.03163221602952,1.00300825938264,1.00059779533744,718.765069719184,1139.37531886572
"model_fits/finalized_redone_trunc/t2_a1_proportion/vegan/mpbamod_dishes_count","model_fits/finalized_redone_trunc_cp/t2_a1_proportion/total/mpbamod_dishes_count","t2_a1_proportion","vegan",NA,"restaurant","2HRX9P6HKXA8V","level",-0.019273361619283,-0.230415707425,0.1734712535,0.98608925767287,0.998127189723243,1.00475125619859,440.838739110848,636.422354324799
"model_fits/finalized_redone_trunc/t2_a1_proportion/vegan/mpbamod_dishes_count","model_fits/finalized_redone_trunc_cp/t2_a1_proportion/total/mpbamod_dishes_count","t2_a1_proportion","vegan",NA,"restaurant","78AY09MVJVTYE","level",0.0201071369044667,-0.13004428835,0.1542853255,1.02294018899426,1.00203863160047,1.0017500268395,446.607363157923,1148.96938337538
"model_fits/finalized_redone_trunc/t2_a1_proportion/vegan/mpbamod_dishes_count","model_fits/finalized_redone_trunc_cp/t2_a1_proportion/total/mpbamod_dishes_count","t2_a1_proportion","vegan",NA,"restaurant","9XKJD8DQTH559","level",-0.0369985398515667,-0.062667215575,-0.007434790475,0.963773659073531,0.996307974635731,0.999911625105337,2507.2988256845,2858.01689060669
"model_fits/finalized_redone_trunc/t2_a1_proportion/vegan/mpbamod_dishes_count","model_fits/finalized_redone_trunc_cp/t2_a1_proportion/total/mpbamod_dishes_count","t2_a1_proportion","vegan",NA,"restaurant","C0BE4NDSW26QN","level",0.11684338145411,-0.072984376525,0.306765600725,1.12898983445563,1.01179821682996,1.0033205728697,568.454191938709,1315.25446535062
"model_fits/finalized_redone_trunc/t2_a1_proportion/vegan/mpbamod_dishes_count","model_fits/finalized_redone_trunc_cp/t2_a1_proportion/total/mpbamod_dishes_count","t2_a1_proportion","vegan",NA,"restaurant","CB2KHY1C2G9PT","level",-0.00742957798345167,-0.1467953278,0.128038918925,0.994991502944411,0.999281395341917,1.00358701521142,371.368820705899,866.261255173546
"model_fits/finalized_redone_trunc/t2_a1_proportion/vegan/mpbamod_dishes_count","model_fits/finalized_redone_trunc_cp/t2_a1_proportion/total/mpbamod_dishes_count","t2_a1_proportion","vegan",NA,"restaurant","ED5J990H5VAZT","level",0.0218469320681601,-0.004228509125,0.047550424175,1.02217523474561,1.00218794349664,1.00002966815483,1227.70964584487,2084.72609705626
"model_fits/finalized_redone_trunc/t2_a1_proportion/vegan/mpbamod_dishes_count","model_fits/finalized_redone_trunc_cp/t2_a1_proportion/total/mpbamod_dishes_count","t2_a1_proportion","vegan",NA,"restaurant","EMBVNVD207CC6","level",0.0620554007850667,-0.11742001675,0.230525302725,1.06819004577033,1.00626429156039,1.01029107254963,190.716017850611,600.502740588662
"model_fits/finalized_redone_trunc/t2_a1_proportion/vegan/mpbamod_dishes_count","model_fits/finalized_redone_trunc_cp/t2_a1_proportion/total/mpbamod_dishes_count","t2_a1_proportion","vegan",NA,"restaurant","JHDN7CF1C03X5","level",-0.00661717285558567,-0.0569404059,0.0461934491,0.993754133345279,0.999342012813521,1.00044750013044,1171.00535058372,2031.87570237243
"model_fits/finalized_redone_trunc/t2_a1_proportion/vegan/mpbamod_dishes_count","model_fits/finalized_redone_trunc_cp/t2_a1_proportion/total/mpbamod_dishes_count","t2_a1_proportion","vegan",NA,"restaurant","L69HYJ4Y3TR91","level",0.0974019713479087,-0.128815532725,0.334600060305,1.10972490722412,1.00985537417582,1.00419515306413,283.373898023468,854.221406044291
"model_fits/finalized_redone_trunc/t2_a1_proportion/vegan/mpbamod_dishes_count","model_fits/finalized_redone_trunc_cp/t2_a1_proportion/total/mpbamod_dishes_count","t2_a1_proportion","vegan",NA,"restaurant","LBZEEFSBJNB3Z","level",0.00816472844909867,-0.1310724344,0.1400788832475,1.01054373576532,1.00084008187265,1.00243303662331,594.140990282718,1319.2491122209
"model_fits/finalized_redone_trunc/t2_a1_proportion/vegan/mpbamod_dishes_count","model_fits/finalized_redone_trunc_cp/t2_a1_proportion/total/mpbamod_dishes_count","t2_a1_proportion","vegan",NA,"restaurant","LFZFT3VASXPED","level",0.0196595093033667,-0.31033754125,0.3981374535425,1.03664561319509,1.00212680350674,1.00133665349366,566.419005060449,969.25968657289
"model_fits/finalized_redone_trunc/t2_a1_proportion/vegan/mpbamod_dishes_count","model_fits/finalized_redone_trunc_cp/t2_a1_proportion/total/mpbamod_dishes_count","t2_a1_proportion","vegan",NA,"restaurant","LQ5EH4BKGV61T","level",0.140417576900093,-0.11248015165,0.43503216945,1.16226994007907,1.01423971041329,1.00710956259017,185.024678510287,819.986898114144
"model_fits/finalized_redone_trunc/t2_a1_proportion/vegan/mpbamod_dishes_count","model_fits/finalized_redone_trunc_cp/t2_a1_proportion/total/mpbamod_dishes_count","t2_a1_proportion","vegan",NA,"restaurant","S8MT0YGD2KTN9","level",0.0267061689263067,-0.160424024125,0.217964963125,1.03168932135368,1.00271912227573,1.00534478126478,710.700306097065,1235.59889800791
"model_fits/finalized_redone_trunc/t2_a1_proportion/vegan/mpbamod_dishes_count","model_fits/finalized_redone_trunc_cp/t2_a1_proportion/total/mpbamod_dishes_count","t2_a1_proportion","vegan",NA,"restaurant","SAFK7ND1HR6XS","level",0.002468811425999,-0.23847825425,0.277374924675,1.01155560552917,1.00033601741408,1.00793615439036,348.474011666066,1055.18757511025
"model_fits/finalized_redone_trunc/t2_a1_proportion/vegan/mpbamod_dishes_count","model_fits/finalized_redone_trunc_cp/t2_a1_proportion/total/mpbamod_dishes_count","t2_a1_proportion","vegan",NA,"restaurant","SRQS8F7JWA9MZ","level",-0.0162022700116667,-0.12273175875,0.09631643525,0.985480118742822,0.998396787441613,1.00540678251287,490.023842036215,1214.26480282652
"model_fits/finalized_redone_trunc/t2_a1_proportion/vegan/mpbamod_dishes_count","model_fits/finalized_redone_trunc_cp/t2_a1_proportion/total/mpbamod_dishes_count","t2_a1_proportion","vegan",NA,"restaurant","V3Q26BHF3SE2H","level",0.0329978547111633,-0.03118541473,0.096575639775,1.03411015348896,1.00331069072431,1.00105737080013,818.692554222146,1709.24923560702
"model_fits/finalized_redone_trunc/t2_a1_proportion/vegan/mpbamod_dishes_count","model_fits/finalized_redone_trunc_cp/t2_a1_proportion/total/mpbamod_dishes_count","t2_a1_proportion","vegan",NA,"restaurant","W8T41JZK0ZMEP","level",-0.0177704433744976,-0.0459731878,0.01407721122,0.982512840752234,0.99822581599386,1.00138030371023,1588.14095011293,2932.86671499371
"model_fits/finalized_redone_trunc/t2_a1_proportion/vegetarian/mpbamod_dishes_count","model_fits/finalized_redone_trunc_cp/t2_a1_proportion/total/mpbamod_dishes_count","t2_a1_proportion","vegetarian",1,"pooled",NA,"level",0.00640255339796,-0.070653356325,0.08401082445,1.00720761140073,1.00064825793739,1.00986550584983,94.7727169786841,248.034676115966
"model_fits/finalized_redone_trunc/t2_a1_proportion/vegetarian/mpbamod_dishes_count","model_fits/finalized_redone_trunc_cp/t2_a1_proportion/total/mpbamod_dishes_count","t2_a1_proportion","vegetarian",2,"pooled",NA,"slope",0.240604753882987,-2.4576331375,2.5806356155,2.68850934203369,1.0326500584966,1.01008984781889,390.002413777892,823.387262288273
"model_fits/finalized_redone_trunc/t2_a1_proportion/vegetarian/mpbamod_dishes_count","model_fits/finalized_redone_trunc_cp/t2_a1_proportion/total/mpbamod_dishes_count","t2_a1_proportion","vegetarian",NA,"restaurant","1SQPTEGYPH0GA","level",0.00480181567028,-0.0724778145,0.081822401455,1.00559735382735,1.00048809728026,1.008786766822,569.316986560211,1072.48489561369
"model_fits/finalized_redone_trunc/t2_a1_proportion/vegetarian/mpbamod_dishes_count","model_fits/finalized_redone_trunc_cp/t2_a1_proportion/total/mpbamod_dishes_count","t2_a1_proportion","vegetarian",NA,"restaurant","2HRX9P6HKXA8V","level",-0.0627546317309164,-0.286705369065,0.14383787325,0.944474056492363,0.99380039086166,1.00225912838172,356.521768220149,681.094829459277
"model_fits/finalized_redone_trunc/t2_a1_proportion/vegetarian/mpbamod_dishes_count","model_fits/finalized_redone_trunc_cp/t2_a1_proportion/total/mpbamod_dishes_count","t2_a1_proportion","vegetarian",NA,"restaurant","78AY09MVJVTYE","level",0.0298808302618667,-0.069387869725,0.13267600175,1.03168462506311,1.0030056970323,1.00204164032356,557.342555007282,970.965605527367
"model_fits/finalized_redone_trunc/t2_a1_proportion/vegetarian/mpbamod_dishes_count","model_fits/finalized_redone_trunc_cp/t2_a1_proportion/total/mpbamod_dishes_count","t2_a1_proportion","vegetarian",NA,"restaurant","9XKJD8DQTH559","level",-0.0117533491073333,-0.03691538955,0.01774154115,0.988409137830606,0.998826301229592,1.00394807978971,942.334836989645,2396.13504132248
"model_fits/finalized_redone_trunc/t2_a1_proportion/vegetarian/mpbamod_dishes_count","model_fits/finalized_redone_trunc_cp/t2_a1_proportion/total/mpbamod_dishes_count","t2_a1_proportion","vegetarian",NA,"restaurant","C0BE4NDSW26QN","level",0.04296485981841,-0.12217858965,0.19125460525,1.04719098474451,1.00433748501962,1.00339202127266,413.30998576477,927.311552369958
"model_fits/finalized_redone_trunc/t2_a1_proportion/vegetarian/mpbamod_dishes_count","model_fits/finalized_redone_trunc_cp/t2_a1_proportion/total/mpbamod_dishes_count","t2_a1_proportion","vegetarian",NA,"restaurant","CB2KHY1C2G9PT","level",-0.021227233766065,-0.110506807225,0.067454676625,0.97999047293454,0.997889655482409,1.00092231566852,374.867671743172,1024.82850094738
"model_fits/finalized_redone_trunc/t2_a1_proportion/vegetarian/mpbamod_dishes_count","model_fits/finalized_redone_trunc_cp/t2_a1_proportion/total/mpbamod_dishes_count","t2_a1_proportion","vegetarian",NA,"restaurant","ED5J990H5VAZT","level",0.0035050372640268,-0.01628440175,0.020723219045,1.0035566428358,1.00035101855385,1.00924146294868,393.786608565598,1333.7619094812
"model_fits/finalized_redone_trunc/t2_a1_proportion/vegetarian/mpbamod_dishes_count","model_fits/finalized_redone_trunc_cp/t2_a1_proportion/total/mpbamod_dishes_count","t2_a1_proportion","vegetarian",NA,"restaurant","EMBVNVD207CC6","level",-0.0465206043172333,-0.22019508175,0.1078410579,0.957855103810079,0.995393398397786,1.00562554018403,122.966591951215,333.720250486916
"model_fits/finalized_redone_trunc/t2_a1_proportion/vegetarian/mpbamod_dishes_count","model_fits/finalized_redone_trunc_cp/t2_a1_proportion/total/mpbamod_dishes_count","t2_a1_proportion","vegetarian",NA,"restaurant","JHDN7CF1C03X5","level",-0.00209480957539233,-0.0448445478,0.0453504467,0.998180943683537,0.999793277617015,1.00004995812083,931.719062171644,1586.40277197722
"model_fits/finalized_redone_trunc/t2_a1_proportion/vegetarian/mpbamod_dishes_count","model_fits/finalized_redone_trunc_cp/t2_a1_proportion/total/mpbamod_dishes_count","t2_a1_proportion","vegetarian",NA,"restaurant","L69HYJ4Y3TR91","level",0.0471986402885087,-0.14305232475,0.21130889532,1.05271737179763,1.00477328417433,1.00076675558124,286.617233568501,795.593353916331
"model_fits/finalized_redone_trunc/t2_a1_proportion/vegetarian/mpbamod_dishes_count","model_fits/finalized_redone_trunc_cp/t2_a1_proportion/total/mpbamod_dishes_count","t2_a1_proportion","vegetarian",NA,"restaurant","LBZEEFSBJNB3Z","level",-0.030800229855678,-0.129935507575,0.0718681010750001,0.970975086567135,0.996938113979668,1.00896957144368,338.596277683063,665.508720598264
"model_fits/finalized_redone_trunc/t2_a1_proportion/vegetarian/mpbamod_dishes_count","model_fits/finalized_redone_trunc_cp/t2_a1_proportion/total/mpbamod_dishes_count","t2_a1_proportion","vegetarian",NA,"restaurant","LFZFT3VASXPED","level",-0.0210738421632367,-0.333431538,0.316212303705,0.992932039276065,0.998033406904154,1.00778562272793,354.047760934555,587.061098714797
"model_fits/finalized_redone_trunc/t2_a1_proportion/vegetarian/mpbamod_dishes_count","model_fits/finalized_redone_trunc_cp/t2_a1_proportion/total/mpbamod_dishes_count","t2_a1_proportion","vegetarian",NA,"restaurant","LQ5EH4BKGV61T","level",0.0402018735164267,-0.17159848885,0.247145956575,1.04675653580452,1.00408345975463,1.01216838798767,248.055080972142,327.868718217763
"model_fits/finalized_redone_trunc/t2_a1_proportion/vegetarian/mpbamod_dishes_count","model_fits/finalized_redone_trunc_cp/t2_a1_proportion/total/mpbamod_dishes_count","t2_a1_proportion","vegetarian",NA,"restaurant","S8MT0YGD2KTN9","level",0.0156859873931733,-0.162308883625,0.18484594415,1.01977212923341,1.0016088845067,1.02518247567533,237.556586117044,542.067952097347
"model_fits/finalized_redone_trunc/t2_a1_proportion/vegetarian/mpbamod_dishes_count","model_fits/finalized_redone_trunc_cp/t2_a1_proportion/total/mpbamod_dishes_count","t2_a1_proportion","vegetarian",NA,"restaurant","SAFK7ND1HR6XS","level",-0.0280883447750343,-0.27831424875,0.233188781975,0.980557074661735,0.997279221724684,1.00091151859584,340.968016348371,614.293068871185
"model_fits/finalized_redone_trunc/t2_a1_proportion/vegetarian/mpbamod_dishes_count","model_fits/finalized_redone_trunc_cp/t2_a1_proportion/total/mpbamod_dishes_count","t2_a1_proportion","vegetarian",NA,"restaurant","SRQS8F7JWA9MZ","level",0.15646994046,0.07264436525,0.24608650275,1.17053240814031,1.01578008497602,1.00732882147425,716.056961520906,1284.80203350476
"model_fits/finalized_redone_trunc/t2_a1_proportion/vegetarian/mpbamod_dishes_count","model_fits/finalized_redone_trunc_cp/t2_a1_proportion/total/mpbamod_dishes_count","t2_a1_proportion","vegetarian",NA,"restaurant","V3Q26BHF3SE2H","level",0.00283007945831,-0.04728478954225,0.050207213325,1.0031363495258,1.00028606790456,1.01053926575522,309.311201296665,962.975479588642
"model_fits/finalized_redone_trunc/t2_a1_proportion/vegetarian/mpbamod_dishes_count","model_fits/finalized_redone_trunc_cp/t2_a1_proportion/total/mpbamod_dishes_count","t2_a1_proportion","vegetarian",NA,"restaurant","W8T41JZK0ZMEP","level",-0.0092701362402676,-0.037085966725,0.02224599289,0.990889497085377,0.999074592654441,1.00262183880574,714.575550197974,1697.61655333072
"model_fits/finalized_redone_trunc/t2_a2_proportion_t/breakfast_p/breakfast_dishes_count","model_fits/finalized_redone_trunc_cp/t2_a1_proportion/total/mpbamod_dishes_count","t2_a2_proportion_t","breakfast_p",1,"pooled",NA,"level",0.413625834559927,-0.7044265571725,1.3219492973075,1.69601116020002,1.04349188663438,1.03017608585881,42.76475907544,55.2211173303425
"model_fits/finalized_redone_trunc/t2_a2_proportion_t/breakfast_p/breakfast_dishes_count","model_fits/finalized_redone_trunc_cp/t2_a1_proportion/total/mpbamod_dishes_count","t2_a2_proportion_t","breakfast_p",2,"pooled",NA,"slope",0.0729034009922867,-2.75185706675,2.59312737825,2.47885886281628,1.01609696892104,1.00576260181205,344.367369415638,680.306722963156
"model_fits/finalized_redone_trunc/t2_a2_proportion_t/breakfast_p/breakfast_dishes_count","model_fits/finalized_redone_trunc_cp/t2_a1_proportion/total/mpbamod_dishes_count","t2_a2_proportion_t","breakfast_p",NA,"restaurant","2HRX9P6HKXA8V","level",-0.231900591561333,-0.413303725,-0.0438690249999999,0.796594168779244,0.977120617748086,1.00200121534261,2163.02813762875,3535.44444582888
"model_fits/finalized_redone_trunc/t2_a2_proportion_t/breakfast_p/breakfast_dishes_count","model_fits/finalized_redone_trunc_cp/t2_a1_proportion/total/mpbamod_dishes_count","t2_a2_proportion_t","breakfast_p",NA,"restaurant","78AY09MVJVTYE","level",-0.2139341148,-0.289204,-0.14165485,0.80797474114603,0.978840755963303,1.00258867041997,2862.2691737448,4028.24060728
"model_fits/finalized_redone_trunc/t2_a2_proportion_t/breakfast_p/breakfast_dishes_count","model_fits/finalized_redone_trunc_cp/t2_a1_proportion/total/mpbamod_dishes_count","t2_a2_proportion_t","breakfast_p",NA,"restaurant","9XKJD8DQTH559","level",0.263662259122,-0.0823285725,0.619426275,1.32310571030052,1.02688353504152,1.00476394816189,832.424865874412,2013.41709099507
"model_fits/finalized_redone_trunc/t2_a2_proportion_t/breakfast_p/breakfast_dishes_count","model_fits/finalized_redone_trunc_cp/t2_a1_proportion/total/mpbamod_dishes_count","t2_a2_proportion_t","breakfast_p",NA,"restaurant","CB2KHY1C2G9PT","level",0.0425655625988667,-0.222253825,0.33593315,1.05416546318895,1.00436717766898,1.00321651835784,877.412270210667,1057.60497763654
"model_fits/finalized_redone_trunc/t2_a2_proportion_t/breakfast_p/breakfast_dishes_count","model_fits/finalized_redone_trunc_cp/t2_a1_proportion/total/mpbamod_dishes_count","t2_a2_proportion_t","breakfast_p",NA,"restaurant","ED5J990H5VAZT","level",-0.0220677221705667,-0.12362425,0.0679615475,0.979313733453979,0.997807328119295,1.00922568171937,379.388480160648,1263.89540419472
"model_fits/finalized_redone_trunc/t2_a2_proportion_t/breakfast_p/breakfast_dishes_count","model_fits/finalized_redone_trunc_cp/t2_a1_proportion/total/mpbamod_dishes_count","t2_a2_proportion_t","breakfast_p",NA,"restaurant","EMBVNVD207CC6","level",6.45122204666667,4.4592695,9.1014375,1603.29979017831,1.92020448956672,1.01952331890509,178.371087496113,1050.22183332112
"model_fits/finalized_redone_trunc/t2_a2_proportion_t/breakfast_p/breakfast_dishes_count","model_fits/finalized_redone_trunc_cp/t2_a1_proportion/total/mpbamod_dishes_count","t2_a2_proportion_t","breakfast_p",NA,"restaurant","L69HYJ4Y3TR91","level",-0.0991988738251667,-0.41739015,0.2112233,0.917365228281578,0.990257823983021,1.00366605655876,1116.75470651563,2263.10537827903
"model_fits/finalized_redone_trunc/t2_a2_proportion_t/breakfast_p/breakfast_dishes_count","model_fits/finalized_redone_trunc_cp/t2_a1_proportion/total/mpbamod_dishes_count","t2_a2_proportion_t","breakfast_p",NA,"restaurant","LBZEEFSBJNB3Z","level",0.621304256666667,0.4360957,0.834982875,1.87126351694423,1.06415713511258,1.01075255647695,326.963675697968,725.679269873588
"model_fits/finalized_redone_trunc/t2_a2_proportion_t/breakfast_p/breakfast_dishes_count","model_fits/finalized_redone_trunc_cp/t2_a1_proportion/total/mpbamod_dishes_count","t2_a2_proportion_t","breakfast_p",NA,"restaurant","LQ5EH4BKGV61T","level",0.848233435666667,0.445696,1.29501875,2.39390949623402,1.08878919199398,1.01051798804652,255.962106955835,1035.45139350909
"model_fits/finalized_redone_trunc/t2_a2_proportion_t/breakfast_p/breakfast_dishes_count","model_fits/finalized_redone_trunc_cp/t2_a1_proportion/total/mpbamod_dishes_count","t2_a2_proportion_t","breakfast_p",NA,"restaurant","SAFK7ND1HR6XS","level",0.773932413444965,-1.802338893335,3.5834599834975,6.28920206005799,1.09025236726229,1.01993526702703,201.664304248547,442.032544778646
"model_fits/finalized_redone_trunc/t2_a2_proportion_t/breakfast_p/breakfast_dishes_count","model_fits/finalized_redone_trunc_cp/t2_a1_proportion/total/mpbamod_dishes_count","t2_a2_proportion_t","breakfast_p",NA,"restaurant","V3Q26BHF3SE2H","level",0.640081763333333,0.424633475,0.865588075,1.90896897797083,1.06616997317826,1.00112556708626,934.474427654192,1629.77469317852
"model_fits/finalized_redone_trunc/t2_a2_proportion_t/chicken_p/chicken_dishes_count","model_fits/finalized_redone_trunc_cp/t2_a1_proportion/total/mpbamod_dishes_count","t2_a2_proportion_t","chicken_p",1,"pooled",NA,"level",0.0528778604401933,-0.095095341325,0.20274414305,1.05684962756076,1.00532584483694,1.01474424609042,266.100151604366,271.330573590113
"model_fits/finalized_redone_trunc/t2_a2_proportion_t/chicken_p/chicken_dishes_count","model_fits/finalized_redone_trunc_cp/t2_a1_proportion/total/mpbamod_dishes_count","t2_a2_proportion_t","chicken_p",2,"pooled",NA,"slope",0.13431781905632,-2.61733739075,2.63225130775,2.61812162752962,1.02225861916106,1.00214185955642,875.43108384,1695.16855055713
"model_fits/finalized_redone_trunc/t2_a2_proportion_t/chicken_p/chicken_dishes_count","model_fits/finalized_redone_trunc_cp/t2_a1_proportion/total/mpbamod_dishes_count","t2_a2_proportion_t","chicken_p",NA,"restaurant","9XKJD8DQTH559","level",0.0973941664686667,0.026317095,0.174657925,1.10306174976314,1.0097940037367,1.00100780003826,1456.56440869595,3395.15140106214
"model_fits/finalized_redone_trunc/t2_a2_proportion_t/chicken_p/chicken_dishes_count","model_fits/finalized_redone_trunc_cp/t2_a1_proportion/total/mpbamod_dishes_count","t2_a2_proportion_t","chicken_p",NA,"restaurant","JHDN7CF1C03X5","level",0.0684823510533333,0.0278021525,0.1097193,1.07111641861392,1.00687394318281,1.00956633619886,625.143034211859,1390.46403705793
"model_fits/finalized_redone_trunc/t2_a2_proportion_t/chicken_p/chicken_dishes_count","model_fits/finalized_redone_trunc_cp/t2_a1_proportion/total/mpbamod_dishes_count","t2_a2_proportion_t","chicken_p",NA,"restaurant","LBZEEFSBJNB3Z","level",0.0818109629467,-0.2004197,0.413560325,1.09951178245644,1.00833562467996,1.00653392794671,486.553292560411,672.425982009288
"model_fits/finalized_redone_trunc/t2_a2_proportion_t/chicken_p/chicken_dishes_count","model_fits/finalized_redone_trunc_cp/t2_a1_proportion/total/mpbamod_dishes_count","t2_a2_proportion_t","chicken_p",NA,"restaurant","SAFK7ND1HR6XS","level",0.0874024362796667,-0.177748375,0.397577275,1.10245753544976,1.00887961527378,1.00668170885033,722.681382482516,1036.15864315367
"model_fits/finalized_redone_trunc/t2_a2_proportion_t/chicken_p/chicken_dishes_count","model_fits/finalized_redone_trunc_cp/t2_a1_proportion/total/mpbamod_dishes_count","t2_a2_proportion_t","chicken_p",NA,"restaurant","V3Q26BHF3SE2H","level",-0.00247007891022333,-0.108069325,0.09193522,0.998985402974916,0.999767614878305,1.01488973839625,391.876577146128,827.860490567907
"model_fits/finalized_redone_trunc/t2_a2_proportion_t/chicken_p/chicken_dishes_count","model_fits/finalized_redone_trunc_cp/t2_a1_proportion/total/mpbamod_dishes_count","t2_a2_proportion_t","chicken_p",NA,"restaurant","W8T41JZK0ZMEP","level",0.120781216366667,0.051369655,0.20006155,1.12924722062295,1.01215912617405,1.00062586347506,1027.81714236426,1510.64536358994
"model_fits/finalized_redone_trunc/t2_a2_proportion_t/dairy_p/dairy_dishes_count","model_fits/finalized_redone_trunc_cp/t2_a1_proportion/total/mpbamod_dishes_count","t2_a2_proportion_t","dairy_p",1,"pooled",NA,"level",0.0637193541205933,-0.037784495425,0.1897774495,1.06762482917317,1.00640943377256,1.02207786911368,128.605178670947,292.18234375971
"model_fits/finalized_redone_trunc/t2_a2_proportion_t/dairy_p/dairy_dishes_count","model_fits/finalized_redone_trunc_cp/t2_a1_proportion/total/mpbamod_dishes_count","t2_a2_proportion_t","dairy_p",2,"pooled",NA,"slope",0.147722715715987,-2.46365224,2.6750433,2.64488557516466,1.02329273333555,1.00584324068793,393.443214124774,1068.30970753796
"model_fits/finalized_redone_trunc/t2_a2_proportion_t/dairy_p/dairy_dishes_count","model_fits/finalized_redone_trunc_cp/t2_a1_proportion/total/mpbamod_dishes_count","t2_a2_proportion_t","dairy_p",NA,"restaurant","9XKJD8DQTH559","level",0.330257292066667,0.1283714,0.5070825,1.3976183472407,1.03362400001584,1.01608545141918,269.562749785159,273.331742970745
"model_fits/finalized_redone_trunc/t2_a2_proportion_t/dairy_p/dairy_dishes_count","model_fits/finalized_redone_trunc_cp/t2_a1_proportion/total/mpbamod_dishes_count","t2_a2_proportion_t","dairy_p",NA,"restaurant","C0BE4NDSW26QN","level",0.0382749951245,-0.1001217,0.1653512,1.04138185469404,1.00385770464215,1.00084055863915,752.917799054431,1687.62633393285
"model_fits/finalized_redone_trunc/t2_a2_proportion_t/dairy_p/dairy_dishes_count","model_fits/finalized_redone_trunc_cp/t2_a1_proportion/total/mpbamod_dishes_count","t2_a2_proportion_t","dairy_p",NA,"restaurant","ED5J990H5VAZT","level",0.04634763301036,0.00551584975,0.08897287,1.04767656378902,1.00464780233417,1.00176526838466,1200.37311973182,1836.06821865515
"model_fits/finalized_redone_trunc/t2_a2_proportion_t/dairy_p/dairy_dishes_count","model_fits/finalized_redone_trunc_cp/t2_a1_proportion/total/mpbamod_dishes_count","t2_a2_proportion_t","dairy_p",NA,"restaurant","EMBVNVD207CC6","level",0.130173315411333,-0.00533581624999999,0.281149775,1.14237252027563,1.01313201858302,1.03184241093957,119.937096907549,581.100348688102
"model_fits/finalized_redone_trunc/t2_a2_proportion_t/dairy_p/dairy_dishes_count","model_fits/finalized_redone_trunc_cp/t2_a1_proportion/total/mpbamod_dishes_count","t2_a2_proportion_t","dairy_p",NA,"restaurant","JHDN7CF1C03X5","level",0.0457760151943333,0.0109488175,0.081053065,1.04700054150793,1.00458963573275,1.0000880460273,2677.36502931285,4238.60838663005
"model_fits/finalized_redone_trunc/t2_a2_proportion_t/dairy_p/dairy_dishes_count","model_fits/finalized_redone_trunc_cp/t2_a1_proportion/total/mpbamod_dishes_count","t2_a2_proportion_t","dairy_p",NA,"restaurant","LBZEEFSBJNB3Z","level",0.0056777844824,-0.06909609,0.07608776,1.00640673147942,1.00057503538511,1.01097476057465,321.162233430496,887.329431165671
"model_fits/finalized_redone_trunc/t2_a2_proportion_t/dairy_p/dairy_dishes_count","model_fits/finalized_redone_trunc_cp/t2_a1_proportion/total/mpbamod_dishes_count","t2_a2_proportion_t","dairy_p",NA,"restaurant","LFZFT3VASXPED","level",0.105688143233867,-0.1682085,0.427527425,1.12515286034724,1.01074366451935,1.00582261438459,488.862790519033,933.422989138989
"model_fits/finalized_redone_trunc/t2_a2_proportion_t/dairy_p/dairy_dishes_count","model_fits/finalized_redone_trunc_cp/t2_a1_proportion/total/mpbamod_dishes_count","t2_a2_proportion_t","dairy_p",NA,"restaurant","SAFK7ND1HR6XS","level",0.118797932480267,-0.120658675,0.4014222,1.13581309252465,1.01203528569052,1.00566611603791,291.551455621,536.718824319837
"model_fits/finalized_redone_trunc/t2_a2_proportion_t/dairy_p/dairy_dishes_count","model_fits/finalized_redone_trunc_cp/t2_a1_proportion/total/mpbamod_dishes_count","t2_a2_proportion_t","dairy_p",NA,"restaurant","V3Q26BHF3SE2H","level",-0.0160083635480667,-0.122508425,0.0882781725000001,0.985567799553267,0.998415150995534,1.00104520752112,522.162905336088,769.426470648394
"model_fits/finalized_redone_trunc/t2_a2_proportion_t/dairy_p/dairy_dishes_count","model_fits/finalized_redone_trunc_cp/t2_a1_proportion/total/mpbamod_dishes_count","t2_a2_proportion_t","dairy_p",NA,"restaurant","W8T41JZK0ZMEP","level",0.0328899709592667,0.00854437675,0.0587398675,1.03351618511044,1.00329518187673,1.00390860948262,1223.04986275511,2510.39039709804
"model_fits/finalized_redone_trunc/t2_a2_proportion_t/egg_p/egg_dishes_count","model_fits/finalized_redone_trunc_cp/t2_a1_proportion/total/mpbamod_dishes_count","t2_a2_proportion_t","egg_p",1,"pooled",NA,"level",0.0282665302720267,-0.046728961975,0.10115792055,1.0293373762718,1.00283714615291,1.03273005007463,123.022897230832,115.405216993963
"model_fits/finalized_redone_trunc/t2_a2_proportion_t/egg_p/egg_dishes_count","model_fits/finalized_redone_trunc_cp/t2_a1_proportion/total/mpbamod_dishes_count","t2_a2_proportion_t","egg_p",2,"pooled",NA,"slope",0.19612311233832,-2.514545365,2.72786935975,2.75575455227583,1.02851359156014,1.00613449226009,377.430176064996,953.706234072772
"model_fits/finalized_redone_trunc/t2_a2_proportion_t/egg_p/egg_dishes_count","model_fits/finalized_redone_trunc_cp/t2_a1_proportion/total/mpbamod_dishes_count","t2_a2_proportion_t","egg_p",NA,"restaurant","78AY09MVJVTYE","level",0.0664173521771,0.0120110075,0.145957925,1.06924192570458,1.00666915859957,1.00552521702983,468.977704080163,849.725646296015
"model_fits/finalized_redone_trunc/t2_a2_proportion_t/egg_p/egg_dishes_count","model_fits/finalized_redone_trunc_cp/t2_a1_proportion/total/mpbamod_dishes_count","t2_a2_proportion_t","egg_p",NA,"restaurant","ED5J990H5VAZT","level",0.0324905142573333,-0.0030015065,0.06532618,1.03319021868545,1.00325595043543,1.01277388121505,394.907469249857,1250.70883905078
"model_fits/finalized_redone_trunc/t2_a2_proportion_t/egg_p/egg_dishes_count","model_fits/finalized_redone_trunc_cp/t2_a1_proportion/total/mpbamod_dishes_count","t2_a2_proportion_t","egg_p",NA,"restaurant","LBZEEFSBJNB3Z","level",0.0414139682016,-0.03826375,0.1065433,1.04291054471607,1.00415605391595,1.00158137165739,598.02958965911,1058.60269313614
"model_fits/finalized_redone_trunc/t2_a2_proportion_t/egg_p/egg_dishes_count","model_fits/finalized_redone_trunc_cp/t2_a1_proportion/total/mpbamod_dishes_count","t2_a2_proportion_t","egg_p",NA,"restaurant","V3Q26BHF3SE2H","level",0.0693583434526667,0.0250413275,0.128322875,1.07218779190375,1.00696338097145,1.01002967809778,398.744552186031,1321.05355045607
"model_fits/finalized_redone_trunc/t2_a2_proportion_t/egg_p/egg_dishes_count","model_fits/finalized_redone_trunc_cp/t2_a1_proportion/total/mpbamod_dishes_count","t2_a2_proportion_t","egg_p",NA,"restaurant","W8T41JZK0ZMEP","level",0.05552815912,0.029202225,0.0849720125,1.0572069233088,1.0055692892865,1.00009575366493,1346.56613838378,2518.43412907372
"model_fits/finalized_redone_trunc/t2_a2_proportion_t/textured_p/textured_dishes_count","model_fits/finalized_redone_trunc_cp/t2_a1_proportion/total/mpbamod_dishes_count","t2_a2_proportion_t","textured_p",1,"pooled",NA,"level",0.42734503632426,-0.363084528275,1.180897662575,1.6460029904417,1.04440065985454,1.00542763554283,571.853539034221,1181.06390358733
"model_fits/finalized_redone_trunc/t2_a2_proportion_t/textured_p/textured_dishes_count","model_fits/finalized_redone_trunc_cp/t2_a1_proportion/total/mpbamod_dishes_count","t2_a2_proportion_t","textured_p",2,"pooled",NA,"slope",0.198370061446653,-2.48701625925,2.70903125625,2.76015403586077,1.02900371509274,1.00095638025012,1860.86404917531,2968.41528192688
"model_fits/finalized_redone_trunc/t2_a2_proportion_t/textured_p/textured_dishes_count","model_fits/finalized_redone_trunc_cp/t2_a1_proportion/total/mpbamod_dishes_count","t2_a2_proportion_t","textured_p",NA,"restaurant","9XKJD8DQTH559","level",0.240777009741417,0.11669998425,0.386076762,1.27492112799372,1.02439136830453,1.0006939547694,2527.88469521787,4864.41901733883
"model_fits/finalized_redone_trunc/t2_a2_proportion_t/textured_p/textured_dishes_count","model_fits/finalized_redone_trunc_cp/t2_a1_proportion/total/mpbamod_dishes_count","t2_a2_proportion_t","textured_p",NA,"restaurant","SAFK7ND1HR6XS","level",0.479934456927,-0.1828008,1.04988225,1.68925411058987,1.04963958646476,1.00201419432786,1750.31818472305,2918.21011505315
"model_fits/finalized_redone_trunc/t2_a2_proportion_t/textured_p/textured_dishes_count","model_fits/finalized_redone_trunc_cp/t2_a1_proportion/total/mpbamod_dishes_count","t2_a2_proportion_t","textured_p",NA,"restaurant","W8T41JZK0ZMEP","level",0.892519079,0.606362725,1.2018755,2.47137218349217,1.09348895246585,1.00050661141168,2518.18626606403,4250.82552970067
"model_fits/finalized_redone_trunc/t2_a2_proportion_t/untextured_p/untextured_dishes_count","model_fits/finalized_redone_trunc_cp/t2_a1_proportion/total/mpbamod_dishes_count","t2_a2_proportion_t","untextured_p",1,"pooled",NA,"level",0.18430967329126,0.004671351625,0.59704421695,1.21557749252497,1.01870358030721,1.02174494963019,170.447721058481,272.552446716775
"model_fits/finalized_redone_trunc/t2_a2_proportion_t/untextured_p/untextured_dishes_count","model_fits/finalized_redone_trunc_cp/t2_a1_proportion/total/mpbamod_dishes_count","t2_a2_proportion_t","untextured_p",2,"pooled",NA,"slope",0.153462140782653,-2.6016744105,2.5533933575,2.64893864892186,1.02420770483931,1.00128542984411,1692.25081830851,2533.68273774355
"model_fits/finalized_redone_trunc/t2_a2_proportion_t/untextured_p/untextured_dishes_count","model_fits/finalized_redone_trunc_cp/t2_a1_proportion/total/mpbamod_dishes_count","t2_a2_proportion_t","untextured_p",NA,"restaurant","1SQPTEGYPH0GA","level",0.177308861,0.08679087,0.26933955,1.19530542189293,1.0179001198628,1.00017568735827,1378.82503267669,3343.45824866063
"model_fits/finalized_redone_trunc/t2_a2_proportion_t/untextured_p/untextured_dishes_count","model_fits/finalized_redone_trunc_cp/t2_a1_proportion/total/mpbamod_dishes_count","t2_a2_proportion_t","untextured_p",NA,"restaurant","9XKJD8DQTH559","level",0.0766840126333333,0.030044955,0.1244534,1.08001722682773,1.00770082902765,0.999920558778355,3073.6062365582,4525.93019309943
"model_fits/finalized_redone_trunc/t2_a2_proportion_t/untextured_p/untextured_dishes_count","model_fits/finalized_redone_trunc_cp/t2_a1_proportion/total/mpbamod_dishes_count","t2_a2_proportion_t","untextured_p",NA,"restaurant","C0BE4NDSW26QN","level",0.161781437769655,-0.0394207175,0.3725874,1.1820882476467,1.01636551117417,1.00055291215551,1889.10817058527,3611.14688977291
"model_fits/finalized_redone_trunc/t2_a2_proportion_t/untextured_p/untextured_dishes_count","model_fits/finalized_redone_trunc_cp/t2_a1_proportion/total/mpbamod_dishes_count","t2_a2_proportion_t","untextured_p",NA,"restaurant","CB2KHY1C2G9PT","level",-0.0803103315556333,-0.189609075,0.036769735,0.924348457836753,0.99201740146858,1.00282151810237,731.999755307214,1939.282371717
"model_fits/finalized_redone_trunc/t2_a2_proportion_t/untextured_p/untextured_dishes_count","model_fits/finalized_redone_trunc_cp/t2_a1_proportion/total/mpbamod_dishes_count","t2_a2_proportion_t","untextured_p",NA,"restaurant","EMBVNVD207CC6","level",0.658160002207333,0.013928445,3.305227,4.07011347957898,1.07180820713865,1.02723563602912,110.473986173541,346.181683574725
"model_fits/finalized_redone_trunc/t2_a2_proportion_t/untextured_p/untextured_dishes_count","model_fits/finalized_redone_trunc_cp/t2_a1_proportion/total/mpbamod_dishes_count","t2_a2_proportion_t","untextured_p",NA,"restaurant","JHDN7CF1C03X5","level",0.117221391138333,0.0250066875,0.2151183,1.1257085751251,1.01180314440102,1.00135910228468,2090.63799506588,3882.66188685345
"model_fits/finalized_redone_trunc/t2_a2_proportion_t/untextured_p/untextured_dishes_count","model_fits/finalized_redone_trunc_cp/t2_a1_proportion/total/mpbamod_dishes_count","t2_a2_proportion_t","untextured_p",NA,"restaurant","LFZFT3VASXPED","level",0.354920458727667,-0.116569775,1.40351325,1.55464149318077,1.0368444585136,1.01468052397313,281.18628458081,477.843792546699
"model_fits/finalized_redone_trunc/t2_a2_proportion_t/untextured_p/untextured_dishes_count","model_fits/finalized_redone_trunc_cp/t2_a1_proportion/total/mpbamod_dishes_count","t2_a2_proportion_t","untextured_p",NA,"restaurant","LQ5EH4BKGV61T","level",0.194400568351367,-0.1016554,0.62748865,1.23718386848479,1.01980908938159,1.01464297322953,227.5965436351,296.648347133392
"model_fits/finalized_redone_trunc/t2_a2_proportion_t/untextured_p/untextured_dishes_count","model_fits/finalized_redone_trunc_cp/t2_a1_proportion/total/mpbamod_dishes_count","t2_a2_proportion_t","untextured_p",NA,"restaurant","S8MT0YGD2KTN9","level",0.1131665955795,-0.00892481274999999,0.23527225,1.1219630620608,1.0114002970173,1.00045313832555,2334.35918705988,3641.95924594397
"model_fits/finalized_redone_trunc/t2_a2_proportion_t/untextured_p/untextured_dishes_count","model_fits/finalized_redone_trunc_cp/t2_a1_proportion/total/mpbamod_dishes_count","t2_a2_proportion_t","untextured_p",NA,"restaurant","SAFK7ND1HR6XS","level",0.262303947888333,-0.250145275,1.1453215,1.42254913472044,1.02723939723864,1.01086721974932,431.703786331923,297.129814754734
"model_fits/finalized_redone_trunc/t2_a2_proportion_t/untextured_p/untextured_dishes_count","model_fits/finalized_redone_trunc_cp/t2_a1_proportion/total/mpbamod_dishes_count","t2_a2_proportion_t","untextured_p",NA,"restaurant","SRQS8F7JWA9MZ","level",0.169041481565667,0.065855855,0.269170175,1.18572558285792,1.01706118893006,1.00126469788833,1981.63852122956,3095.00804318856
"model_fits/finalized_redone_trunc/t2_a2_proportion_t/untextured_p/untextured_dishes_count","model_fits/finalized_redone_trunc_cp/t2_a1_proportion/total/mpbamod_dishes_count","t2_a2_proportion_t","untextured_p",NA,"restaurant","W8T41JZK0ZMEP","level",0.366104437666667,0.237438725,0.5101131,1.44568219007382,1.03731442392551,1.00450635504269,1007.18538879745,2936.02250606917
"model_fits/finalized_redone_trunc/t2_a3_its/chicken_fish","model_fits/finalized_redone_trunc_cp/t2_a3_its/total","t2_a3_its","chicken_fish",1,"pooled",NA,"level",-0.155326077424812,-0.593407443981153,0.28275528913153,0.85613596535283,0.984587401055865,1.13349842644907,18.8462203546077,118.253032037526
"model_fits/finalized_redone_trunc/t2_a3_its/chicken_fish","model_fits/finalized_redone_trunc_cp/t2_a3_its/total","t2_a3_its","chicken_fish",2,"pooled",NA,"slope",0.20114036862663,-0.304644563479632,0.706925300732893,1.2227964020289,1.02031768722067,1.03796914604619,50.9690407151888,133.186749237229
"model_fits/finalized_redone_trunc/t2_a3_its/chicken_fish","model_fits/finalized_redone_trunc_cp/t2_a3_its/total","t2_a3_its","chicken_fish",NA,"restaurant","2HRX9P6HKXA8V","level",-0.236971230177711,-0.685161699913803,0.21121923955838,0.789013987483282,0.976581449011519,1.0088915382774,388.428395218801,546.688590326552
"model_fits/finalized_redone_trunc/t2_a3_its/chicken_fish","model_fits/finalized_redone_trunc_cp/t2_a3_its/total","t2_a3_its","chicken_fish",NA,"restaurant","2HRX9P6HKXA8V","slope",0.0520787363434974,-0.491717222945489,0.595874695632484,1.0534586847329,1.00522145818021,1.04211501681338,52.0902078198724,115.667671889186
"model_fits/finalized_redone_trunc/t2_a3_its/chicken_fish","model_fits/finalized_redone_trunc_cp/t2_a3_its/total","t2_a3_its","chicken_fish",NA,"restaurant","ED5J990H5VAZT","level",-0.372115338352245,-0.898648474233429,0.154417797528938,0.689274738126818,0.963472306799306,1.01697154189077,173.305168709149,283.036919858316
"model_fits/finalized_redone_trunc/t2_a3_its/chicken_fish","model_fits/finalized_redone_trunc_cp/t2_a3_its/total","t2_a3_its","chicken_fish",NA,"restaurant","ED5J990H5VAZT","slope",0.982692475188964,0.458133912944053,1.50725103743388,2.67163989081131,1.10325979508464,1.02473886247667,120.905580509007,468.038383065597
"model_fits/finalized_redone_trunc/t2_a3_its/chicken_fish","model_fits/finalized_redone_trunc_cp/t2_a3_its/total","t2_a3_its","chicken_fish",NA,"restaurant","JHDN7CF1C03X5","level",-0.299206618992111,-0.677779941831299,0.0793667038470758,0.74140620500526,0.970522529908391,1.02073195218763,164.346244633439,434.395413865912
"model_fits/finalized_redone_trunc/t2_a3_its/chicken_fish","model_fits/finalized_redone_trunc_cp/t2_a3_its/total","t2_a3_its","chicken_fish",NA,"restaurant","JHDN7CF1C03X5","slope",0.244289995755631,0.0337666019208379,0.454813389590423,1.27671451860192,1.02472983227125,1.04603581350216,87.3406797308286,145.478564289668
"model_fits/finalized_redone_trunc/t2_a3_its/chicken_fish","model_fits/finalized_redone_trunc_cp/t2_a3_its/total","t2_a3_its","chicken_fish",NA,"restaurant","L69HYJ4Y3TR91","level",-0.292998693621045,-0.910862841311793,0.324865454069703,0.746023115285482,0.97112521010238,1.0123472858801,170.564964084849,708.585508765204
"model_fits/finalized_redone_trunc/t2_a3_its/chicken_fish","model_fits/finalized_redone_trunc_cp/t2_a3_its/total","t2_a3_its","chicken_fish",NA,"restaurant","L69HYJ4Y3TR91","slope",0.154625914381297,-1.21081218057577,1.52006400933836,1.16722123874518,1.01558275585734,1.0132725330368,222.271559423079,351.179135971916
"model_fits/finalized_redone_trunc/t2_a3_its/chicken_fish","model_fits/finalized_redone_trunc_cp/t2_a3_its/total","t2_a3_its","chicken_fish",NA,"restaurant","VLZX7K2M9QD4T","level",-0.161467148527935,-0.534434960203133,0.211500663147262,0.850894484142604,0.983982944551667,1.0038023420159,432.393144928143,1241.54816839711
"model_fits/finalized_redone_trunc/t2_a3_its/chicken_fish","model_fits/finalized_redone_trunc_cp/t2_a3_its/total","t2_a3_its","chicken_fish",NA,"restaurant","VLZX7K2M9QD4T","slope",0.12418818938663,-0.759000043214169,1.00737642198743,1.13222892441816,1.01249625268379,1.02120850538335,187.058818194013,509.835515071486
"model_fits/finalized_redone_trunc_cp/t2_a3_its/meat","model_fits/finalized_redone_trunc_cp/t2_a3_its/total","t2_a3_its","meat",1,"pooled",NA,"level",-0.211696224257513,-0.620132663263125,0.196740214748099,0.809210478747439,0.979052881159481,1.69921625850374,696.747937932313,967.537050989258
"model_fits/finalized_redone_trunc_cp/t2_a3_its/meat","model_fits/finalized_redone_trunc_cp/t2_a3_its/total","t2_a3_its","meat",2,"pooled",NA,"slope",-0.161967830912996,-0.69996575405449,0.376030092228499,0.850468562897378,0.983933679492231,1.25259089992189,20.111373835968,984.96913386203
"model_fits/finalized_redone_trunc_cp/t2_a3_its/meat","model_fits/finalized_redone_trunc_cp/t2_a3_its/total","t2_a3_its","meat",NA,"restaurant","ED5J990H5VAZT","level",-0.101478662430657,-0.522912846227457,0.319955521366143,0.90350045764021,0.989903449622706,1.65822117395425,484.126807701711,1110.97131738323
"model_fits/finalized_redone_trunc_cp/t2_a3_its/meat","model_fits/finalized_redone_trunc_cp/t2_a3_its/total","t2_a3_its","meat",NA,"restaurant","ED5J990H5VAZT","slope",0.375653970629297,0.102812369344027,0.648495571914568,1.45594324747068,1.03827989531728,1.67581496176827,1087.65229752043,1635.55162604209
"model_fits/finalized_redone_trunc_cp/t2_a3_its/meat","model_fits/finalized_redone_trunc_cp/t2_a3_its/total","t2_a3_its","meat",NA,"restaurant","L69HYJ4Y3TR91","level",-0.240733223995835,-0.662501964398019,0.181035516406348,0.786051298043779,0.976214128771268,1.6711183005503,4.79559536498309,31.6552715118136
"model_fits/finalized_redone_trunc_cp/t2_a3_its/meat","model_fits/finalized_redone_trunc_cp/t2_a3_its/total","t2_a3_its","meat",NA,"restaurant","L69HYJ4Y3TR91","slope",-0.261490206642103,-1.2356285581766,0.712648144892396,0.769903415327113,0.974189904364602,1.33462388637372,7.2595563847907,427.110200228975
"model_fits/finalized_redone_trunc_cp/t2_a3_its/nonvegan","model_fits/finalized_redone_trunc_cp/t2_a3_its/total","t2_a3_its","nonvegan",1,"pooled",NA,"level",-0.065536129626675,-0.551281789139385,0.420209529886035,0.936565208397012,0.993467815122752,1.00106356145795,1279.60284792116,1596.8629362477
"model_fits/finalized_redone_trunc_cp/t2_a3_its/nonvegan","model_fits/finalized_redone_trunc_cp/t2_a3_its/total","t2_a3_its","nonvegan",2,"pooled",NA,"slope",-0.00650852873658564,-0.516079382920036,0.503062325446865,0.993512605860004,0.999349358885129,1.00038859036906,1582.7839629192,2184.31025711252
"model_fits/finalized_redone_trunc_cp/t2_a3_its/nonvegan","model_fits/finalized_redone_trunc_cp/t2_a3_its/total","t2_a3_its","nonvegan",NA,"restaurant","ED5J990H5VAZT","level",-0.043797059590305,-0.456016155269875,0.368422036089265,0.957148181808552,0.995629870966639,1.00041769816751,2313.13142571861,2752.33663887901
"model_fits/finalized_redone_trunc_cp/t2_a3_its/nonvegan","model_fits/finalized_redone_trunc_cp/t2_a3_its/total","t2_a3_its","nonvegan",NA,"restaurant","ED5J990H5VAZT","slope",0.390579782455631,0.0922113682354526,0.688948196675809,1.47783736972407,1.0398307694662,1.00016790920275,2041.96306356189,2403.30006148232
"model_fits/finalized_redone_trunc_cp/t2_a3_its/nonvegan","model_fits/finalized_redone_trunc_cp/t2_a3_its/total","t2_a3_its","nonvegan",NA,"restaurant","L69HYJ4Y3TR91","level",-0.073990366063245,-0.512857755700024,0.364877023573534,0.928680640648748,0.992628268878762,1.00056035937867,2617.39202916012,2506.88410578463
"model_fits/finalized_redone_trunc_cp/t2_a3_its/nonvegan","model_fits/finalized_redone_trunc_cp/t2_a3_its/total","t2_a3_its","nonvegan",NA,"restaurant","L69HYJ4Y3TR91","slope",0.48858104161563,-0.542445607364802,1.51960769059606,1.6300016736799,1.05007133941511,1.00087237465095,2320.11597133881,2477.5356337878
"model_fits/finalized_redone_trunc/t2_a3_its/vegan","model_fits/finalized_redone_trunc_cp/t2_a3_its/total","t2_a3_its","vegan",1,"pooled",NA,"level",0.0172704507707216,-0.486910006510304,0.521450908051747,1.0174204472638,1.00172853727833,1.04002359987779,15.3156264336368,22.1745917324377
"model_fits/finalized_redone_trunc/t2_a3_its/vegan","model_fits/finalized_redone_trunc_cp/t2_a3_its/total","t2_a3_its","vegan",2,"pooled",NA,"slope",-0.118764941639703,-0.471254034041641,0.233724150762236,0.888016511936549,0.988193753021066,1.09873305935545,43.1107127184188,18.6812956442046
"model_fits/finalized_redone_trunc/t2_a3_its/vegan","model_fits/finalized_redone_trunc_cp/t2_a3_its/total","t2_a3_its","vegan",NA,"restaurant","2HRX9P6HKXA8V","level",-0.277917903674578,-0.699979779810827,0.144143972461671,0.757358995352722,0.972590848504376,1.00004099893528,531.724851959604,651.725389731524
"model_fits/finalized_redone_trunc/t2_a3_its/vegan","model_fits/finalized_redone_trunc_cp/t2_a3_its/total","t2_a3_its","vegan",NA,"restaurant","2HRX9P6HKXA8V","slope",-0.164722451877703,-0.688431940637575,0.35898703688217,0.848129068054296,0.983662680384795,1.08689478108715,19.3988839431982,118.303028898563
"model_fits/finalized_redone_trunc/t2_a3_its/vegan","model_fits/finalized_redone_trunc_cp/t2_a3_its/total","t2_a3_its","vegan",NA,"restaurant","ED5J990H5VAZT","level",0.374735110919922,-0.109925790047176,0.859396011887019,1.45460605432198,1.03818449634398,1.00170041548938,95.987608802656,182.103399868135
"model_fits/finalized_redone_trunc/t2_a3_its/vegan","model_fits/finalized_redone_trunc_cp/t2_a3_its/total","t2_a3_its","vegan",NA,"restaurant","ED5J990H5VAZT","slope",-0.0152521978357026,-0.354770173901173,0.324265778229768,0.984863527829742,0.998475942772997,1.06851128764513,20.2596157044854,103.201219955958
"model_fits/finalized_redone_trunc/t2_a3_its/vegan","model_fits/finalized_redone_trunc_cp/t2_a3_its/total","t2_a3_its","vegan",NA,"restaurant","JHDN7CF1C03X5","level",-0.225284614283778,-0.602661079908189,0.152091851340632,0.79828898197664,0.977723409392539,1.00283296743086,153.63075462108,386.123034420123
"model_fits/finalized_redone_trunc/t2_a3_its/vegan","model_fits/finalized_redone_trunc_cp/t2_a3_its/total","t2_a3_its","vegan",NA,"restaurant","JHDN7CF1C03X5","slope",-0.331675751329303,-0.476316744699305,-0.187034757959301,0.717720004886502,0.967376437770466,1.15105621784606,61.7778546554976,88.2566646826436
"model_fits/finalized_redone_trunc/t2_a3_its/vegan","model_fits/finalized_redone_trunc_cp/t2_a3_its/total","t2_a3_its","vegan",NA,"restaurant","L69HYJ4Y3TR91","level",0.0722707704302217,-0.428227439803934,0.572768980664378,1.07494636835227,1.00725325539063,1.00072890171787,127.059190769955,288.991863477106
"model_fits/finalized_redone_trunc/t2_a3_its/vegan","model_fits/finalized_redone_trunc_cp/t2_a3_its/total","t2_a3_its","vegan",NA,"restaurant","L69HYJ4Y3TR91","slope",-0.368199022562703,-1.34288005828006,0.606482013154651,0.691979448460005,0.963849706876167,1.13573210991496,10.2255419963391,15.5409271656105
"model_fits/finalized_redone_trunc/t2_a3_its/vegan","model_fits/finalized_redone_trunc_cp/t2_a3_its/total","t2_a3_its","vegan",NA,"restaurant","VLZX7K2M9QD4T","level",-0.00356848928077834,-0.380195376356996,0.37305839779544,0.996437870210254,0.999643214734928,1.00569617583264,294.906939942471,477.447144573757
"model_fits/finalized_redone_trunc/t2_a3_its/vegan","model_fits/finalized_redone_trunc_cp/t2_a3_its/total","t2_a3_its","vegan",NA,"restaurant","VLZX7K2M9QD4T","slope",-0.101940014346403,-0.668755943457718,0.464875914764913,0.90308372211146,0.989857781290884,1.16921942590989,102.735293618248,123.466319358945
"model_fits/finalized_redone_trunc/t2_a3_its/vegan","model_fits/finalized_redone_trunc_cp/t2_a3_its/total","t2_a3_its","vegan",NA,"restaurant","SRQS8F7JWA9MZ","level",0.00637379401022166,-0.39664170805102,0.409389296071463,1.00639414986028,1.00063758257044,0.999198535755967,244.59824431305,440.779238788453
"model_fits/finalized_redone_trunc/t2_a3_its/vegan","model_fits/finalized_redone_trunc_cp/t2_a3_its/total","t2_a3_its","vegan",NA,"restaurant","SRQS8F7JWA9MZ","slope",1.2075370727563,0.284751804258434,2.13032234125416,3.34523542662854,1.12834697449133,1.00123085194338,70.9382334827541,141.951873881375
"model_fits/finalized_redone_trunc/t2_a3_its/vegetarian","model_fits/finalized_redone_trunc_cp/t2_a3_its/total","t2_a3_its","vegetarian",1,"pooled",NA,"level",-0.0548544671791783,-0.514938380371035,0.405229446012678,0.946622902630602,0.994529570872984,1.22097268383495,11.7787782839776,23.006875318886
"model_fits/finalized_redone_trunc/t2_a3_its/vegetarian","model_fits/finalized_redone_trunc_cp/t2_a3_its/total","t2_a3_its","vegetarian",2,"pooled",NA,"slope",-0.111858631992703,-0.464347724394641,0.240630460409236,0.894170655689595,0.988876465950233,1.01304501188119,33.1571399804258,100.259521487584
"model_fits/finalized_redone_trunc/t2_a3_its/vegetarian","model_fits/finalized_redone_trunc_cp/t2_a3_its/total","t2_a3_its","vegetarian",NA,"restaurant","2HRX9P6HKXA8V","level",-0.356002308272578,-0.779046232164272,0.0670416156191155,0.700471003355377,0.965026004027698,1.00882375668218,388.741039695733,616.908962097376
"model_fits/finalized_redone_trunc/t2_a3_its/vegetarian","model_fits/finalized_redone_trunc_cp/t2_a3_its/total","t2_a3_its","vegetarian",NA,"restaurant","2HRX9P6HKXA8V","slope",-0.132141920127703,-0.691812020837125,0.42752818058172,0.876216633478356,0.986872732123848,1.01074736124152,43.3750257102076,132.54383950939
"model_fits/finalized_redone_trunc/t2_a3_its/vegetarian","model_fits/finalized_redone_trunc_cp/t2_a3_its/total","t2_a3_its","vegetarian",NA,"restaurant","ED5J990H5VAZT","level",0.00124814529892166,-0.394897691705566,0.397393982303409,1.00124892455644,1.00012482231955,0.99946993223916,136.630289828296,262.100693808531
"model_fits/finalized_redone_trunc/t2_a3_its/vegetarian","model_fits/finalized_redone_trunc_cp/t2_a3_its/total","t2_a3_its","vegetarian",NA,"restaurant","ED5J990H5VAZT","slope",0.0751156229222973,-0.200589881409826,0.350821127254421,1.07800878620527,1.00753984484731,1.01630270556275,52.392761603408,255.656863945282
"model_fits/finalized_redone_trunc/t2_a3_its/vegetarian","model_fits/finalized_redone_trunc_cp/t2_a3_its/total","t2_a3_its","vegetarian",NA,"restaurant","JHDN7CF1C03X5","level",-0.209849412887468,-0.582961925364503,0.163263099589567,0.810706318702311,0.979233710456127,1.00446051554269,205.763386386537,577.809311542066
"model_fits/finalized_redone_trunc/t2_a3_its/vegetarian","model_fits/finalized_redone_trunc_cp/t2_a3_its/total","t2_a3_its","vegetarian",NA,"restaurant","JHDN7CF1C03X5","slope",-0.323490792669703,-0.463683944454586,-0.18329764088482,0.723618620487358,0.968168555513935,1.032762091423,46.5145767797555,111.381092215475
"model_fits/finalized_redone_trunc/t2_a3_its/vegetarian","model_fits/finalized_redone_trunc_cp/t2_a3_its/total","t2_a3_its","vegetarian",NA,"restaurant","L69HYJ4Y3TR91","level",0.194307614380222,-0.262605417729809,0.651220646490252,1.21446981388064,1.01962076734089,1.00576917583366,100.387271227187,413.967377210115
"model_fits/finalized_redone_trunc/t2_a3_its/vegetarian","model_fits/finalized_redone_trunc_cp/t2_a3_its/total","t2_a3_its","vegetarian",NA,"restaurant","L69HYJ4Y3TR91","slope",-0.298220181979703,-1.1512772349916,0.554836871032191,0.742137916361355,0.970618270564908,1.01673307790907,67.8591313900007,150.166852085972
"model_fits/finalized_redone_trunc/t2_a3_its/vegetarian","model_fits/finalized_redone_trunc_cp/t2_a3_its/total","t2_a3_its","vegetarian",NA,"restaurant","VLZX7K2M9QD4T","level",-0.145303302204878,-0.517354044641984,0.226747440232228,0.864759969725613,0.985574725580318,1.00183643228784,165.908024639479,338.471995824524
"model_fits/finalized_redone_trunc/t2_a3_its/vegetarian","model_fits/finalized_redone_trunc_cp/t2_a3_its/total","t2_a3_its","vegetarian",NA,"restaurant","VLZX7K2M9QD4T","slope",-0.0742429793047026,-0.72820306494601,0.579717106336605,0.928446073250498,0.992603194091018,1.00195812984344,82.8036343323222,165.498539770297
"model_fits/finalized_redone_trunc/t2_a3_its/vegetarian","model_fits/finalized_redone_trunc_cp/t2_a3_its/total","t2_a3_its","vegetarian",NA,"restaurant","SRQS8F7JWA9MZ","level",0.158850492181222,-0.22030874044469,0.538009724807133,1.17216268609318,1.01601188733236,1.0032165819471,91.0471434451883,237.29287418436
"model_fits/finalized_redone_trunc/t2_a3_its/vegetarian","model_fits/finalized_redone_trunc_cp/t2_a3_its/total","t2_a3_its","vegetarian",NA,"restaurant","SRQS8F7JWA9MZ","slope",1.3743426785373,0.647048299179217,2.10163705789538,3.95247782035476,1.14732628727405,1.01001177823017,115.967179526502,131.236555330849
"model_fits/finalized_redone_trunc_cp/t2_a4_its_t/breakfast_t2","model_fits/finalized_redone_trunc_cp/t2_a3_its/total","t2_a4_its_t","breakfast_t2",1,"pooled",NA,"level",-0.342285181385835,-0.774682438222237,0.0901120754505665,0.710145655506736,0.966350650751979,1.0014864120806,2781.87391545128,2406.24862232877
"model_fits/finalized_redone_trunc_cp/t2_a4_its_t/breakfast_t2","model_fits/finalized_redone_trunc_cp/t2_a3_its/total","t2_a4_its_t","breakfast_t2",2,"pooled",NA,"slope",-0.27699439513884,-0.916475511426844,0.362486721149164,0.758058745912624,0.972680672246999,1.00229380825252,2606.65160547935,3226.97163181796
"model_fits/finalized_redone_trunc_cp/t2_a4_its_t/breakfast_t2","model_fits/finalized_redone_trunc_cp/t2_a3_its/total","t2_a4_its_t","breakfast_t2",NA,"restaurant","2HRX9P6HKXA8V","level",-0.310732070839561,-0.726679387853643,0.10521524617452,0.732910217584597,0.969404603194135,1.0005830287617,4027.65535046953,5093.44765895267
"model_fits/finalized_redone_trunc_cp/t2_a4_its_t/breakfast_t2","model_fits/finalized_redone_trunc_cp/t2_a3_its/total","t2_a4_its_t","breakfast_t2",NA,"restaurant","2HRX9P6HKXA8V","slope",-0.592114770046327,-1.1108927861122,-0.0733367539804504,0.553156248669317,0.942507429431938,1.00788525830749,952.821337808159,2577.63220138091
"model_fits/finalized_redone_trunc_cp/t2_a4_its_t/breakfast_t2","model_fits/finalized_redone_trunc_cp/t2_a3_its/total","t2_a4_its_t","breakfast_t2",NA,"restaurant","ED5J990H5VAZT","level",-0.35507076922494,-0.787054577742418,0.0769130392925378,0.701123823463244,0.965115904155381,1.00069667596235,5419.70630052985,5251.2873700609
"model_fits/finalized_redone_trunc_cp/t2_a4_its_t/breakfast_t2","model_fits/finalized_redone_trunc_cp/t2_a3_its/total","t2_a4_its_t","breakfast_t2",NA,"restaurant","ED5J990H5VAZT","slope",0.0887399852261533,-0.334670978339789,0.512150948792096,1.0927964761538,1.0089134891744,1.00032247756743,3437.69296334775,3445.15482337675
"model_fits/finalized_redone_trunc_cp/t2_a4_its_t/breakfast_t2","model_fits/finalized_redone_trunc_cp/t2_a3_its/total","t2_a4_its_t","breakfast_t2",NA,"restaurant","L69HYJ4Y3TR91","level",-0.335126096067592,-0.783488105871342,0.113235913736157,0.715247890719649,0.967042717126139,1.00027930250524,3706.0863929928,4546.11190093176
"model_fits/finalized_redone_trunc_cp/t2_a4_its_t/breakfast_t2","model_fits/finalized_redone_trunc_cp/t2_a3_its/total","t2_a4_its_t","breakfast_t2",NA,"restaurant","L69HYJ4Y3TR91","slope",-0.488219305580073,-1.57000824812845,0.593569636968304,0.613718266442944,0.952350699158068,1.00198721204057,4763.39849115536,4246.02636950855
"model_fits/finalized_redone_trunc/t2_a4_its_t/chicken_t2","model_fits/finalized_redone_trunc_cp/t2_a3_its/total","t2_a4_its_t","chicken_t2",1,"pooled",NA,"level",0.744584023204389,-0.793822000214913,2.28299004662369,2.10556538644303,1.07730052938797,1.01359567793817,193.770182941458,264.71704815
"model_fits/finalized_redone_trunc/t2_a4_its_t/chicken_t2","model_fits/finalized_redone_trunc_cp/t2_a3_its/total","t2_a4_its_t","chicken_t2",2,"pooled",NA,"slope",-0.41061261692657,-1.64961985417121,0.828394620318069,0.66324381126814,0.959770330991717,1.00489722787976,273.753822087718,384.519570884022
"model_fits/finalized_redone_trunc/t2_a4_its_t/dairy_t2","model_fits/finalized_redone_trunc_cp/t2_a3_its/total","t2_a4_its_t","dairy_t2",1,"pooled",NA,"level",0.349197271159055,-0.856920410495221,1.55531495281333,1.41792887922727,1.03553657995531,1.03478837522252,101.909620991679,247.397932339049
"model_fits/finalized_redone_trunc/t2_a4_its_t/dairy_t2","model_fits/finalized_redone_trunc_cp/t2_a3_its/total","t2_a4_its_t","dairy_t2",2,"pooled",NA,"slope",-0.37173739668337,-1.28347387487993,0.539999081513195,0.68953529300583,0.963508721120581,1.07430866183758,36.1851602620564,136.767827085188
"model_fits/finalized_redone_trunc_cp/t2_a4_its_t/textured_t2","model_fits/finalized_redone_trunc_cp/t2_a3_its/total","t2_a4_its_t","textured_t2",1,"pooled",NA,"level",-0.0446727422133051,-0.867622322697346,0.778276838270736,0.956310390651221,0.995542689206178,1.0006655871138,1440.40696800181,1516.48536135611
"model_fits/finalized_redone_trunc_cp/t2_a4_its_t/textured_t2","model_fits/finalized_redone_trunc_cp/t2_a3_its/total","t2_a4_its_t","textured_t2",2,"pooled",NA,"slope",-0.607017549729353,-1.80844602617775,0.59441092671904,0.544973804980842,0.941103877475939,1.00206168702962,2019.60094423267,2099.91123971987
"model_fits/finalized_redone_trunc_cp/t2_a4_its_t/textured_t2","model_fits/finalized_redone_trunc_cp/t2_a3_its/total","t2_a4_its_t","textured_t2",NA,"restaurant","VLZX7K2M9QD4T","level",0.0553034608138066,-0.309133143128461,0.419740064756074,1.05686128200277,1.00554566667498,1.00001800538633,5748.47038582123,5412.72510608514
"model_fits/finalized_redone_trunc_cp/t2_a4_its_t/textured_t2","model_fits/finalized_redone_trunc_cp/t2_a3_its/total","t2_a4_its_t","textured_t2",NA,"restaurant","VLZX7K2M9QD4T","slope",-0.610773497238963,-1.52863084341706,0.307083848939136,0.542930751178445,0.940750470172569,1.00076316194419,3176.52843135343,4169.39214991258
"model_fits/finalized_redone_trunc_cp/t2_a4_its_t/untextured_t2","model_fits/finalized_redone_trunc_cp/t2_a3_its/total","t2_a4_its_t","untextured_t2",1,"pooled",NA,"level",0.300066226840279,-0.953933934705451,1.55406638838601,1.34994820741995,1.0304613583509,1.01262387316355,246.012674664336,673.676584105321
"model_fits/finalized_redone_trunc_cp/t2_a4_its_t/untextured_t2","model_fits/finalized_redone_trunc_cp/t2_a3_its/total","t2_a4_its_t","untextured_t2",2,"pooled",NA,"slope",-0.302909238870976,-0.949163159306868,0.343344681564917,0.738666135500593,0.970163248825347,1.01482366400901,373.064785122919,666.281152865847
"model_fits/finalized_redone_trunc_cp/t2_a4_its_t/untextured_t2","model_fits/finalized_redone_trunc_cp/t2_a3_its/total","t2_a4_its_t","untextured_t2",NA,"restaurant","JHDN7CF1C03X5","level",4.72562776227425,3.8001311775758,5.6511243469727,112.801288545481,1.60409987902964,1.00407718666784,2488.34785327402,3988.04308939205
"model_fits/finalized_redone_trunc_cp/t2_a4_its_t/untextured_t2","model_fits/finalized_redone_trunc_cp/t2_a3_its/total","t2_a4_its_t","untextured_t2",NA,"restaurant","JHDN7CF1C03X5","slope",-0.677303242164103,-1.11344123591098,-0.24116524841723,0.507985059553399,0.934512454977616,1.03526366395262,124.815446583003,471.59727750545
"model_fits/finalized_redone_trunc_cp/t2_a4_its_t/untextured_t2","model_fits/finalized_redone_trunc_cp/t2_a3_its/total","t2_a4_its_t","untextured_t2",NA,"restaurant","SRQS8F7JWA9MZ","level",-0.0624325706344136,-0.451170880877027,0.326305739608199,0.939476408975997,0.993776191570616,1.02272967441689,175.794211317775,1672.85655110185
"model_fits/finalized_redone_trunc_cp/t2_a4_its_t/untextured_t2","model_fits/finalized_redone_trunc_cp/t2_a3_its/total","t2_a4_its_t","untextured_t2",NA,"restaurant","SRQS8F7JWA9MZ","slope",0.796246977680528,-0.310400020944807,1.90289397630586,2.217204077694,1.08288058390253,1.03091422924429,86.9526514148124,1929.35858752117
"model_fits/finalized_redone_trunc_cp/t2_a5_customer_day/chicken_fish","model_fits/finalized_redone_trunc_cp/t2_a5_customer_day/total","t2_a5_customer_day","chicken_fish",1,"pooled",NA,"level",0.0450255218445,-0.0860232377,0.14557795025,1.04846807847932,1.00453605095576,2.79714950781998,3.48849435999126,13.8691754202102
"model_fits/finalized_redone_trunc_cp/t2_a5_customer_day/chicken_fish","model_fits/finalized_redone_trunc_cp/t2_a5_customer_day/total","t2_a5_customer_day","chicken_fish",2,"pooled",NA,"slope",0.00313537470013667,-0.12711970835,0.1576893895,1.00628225330986,1.0003446226812,2.53378444887143,3.62491780838906,11.8043794666282
"model_fits/finalized_redone_trunc_cp/t2_a5_customer_day/chicken_fish","model_fits/finalized_redone_trunc_cp/t2_a5_customer_day/total","t2_a5_customer_day","chicken_fish",3,"pooled",NA,"gender_male",0.00643724567362,-0.099661269525,0.10311897835,1.00773222314872,1.00065663019385,2.45909514839359,3.6587773071735,18.459561500932
"model_fits/finalized_redone_trunc_cp/t2_a5_customer_day/chicken_fish","model_fits/finalized_redone_trunc_cp/t2_a5_customer_day/total","t2_a5_customer_day","chicken_fish",4,"pooled",NA,"gender_female",-0.0412862321174467,-0.188916991025,0.112508534375,0.962361184810483,0.995908899347195,3.04453080080277,3.40864287558925,11.9090047410376
"model_fits/finalized_redone_trunc_cp/t2_a5_customer_day/chicken_fish","model_fits/finalized_redone_trunc_cp/t2_a5_customer_day/total","t2_a5_customer_day","chicken_fish",NA,"restaurant","1SQPTEGYPH0GA","level",-0.0722728854640667,-0.420979344,0.17786049625,0.943248298033663,0.992939407268107,2.81294159553165,3.48776958285154,16.5019206912885
"model_fits/finalized_redone_trunc_cp/t2_a5_customer_day/chicken_fish","model_fits/finalized_redone_trunc_cp/t2_a5_customer_day/total","t2_a5_customer_day","chicken_fish",NA,"restaurant","1SQPTEGYPH0GA","slope",-0.184384825800767,-0.43636673715,0.0619703456000001,0.839030995970007,0.9818177409367,2.66651052185841,3.555800063652,11.766984540946
"model_fits/finalized_redone_trunc_cp/t2_a5_customer_day/chicken_fish","model_fits/finalized_redone_trunc_cp/t2_a5_customer_day/total","t2_a5_customer_day","chicken_fish",NA,"restaurant","1SQPTEGYPH0GA","gender_male",-0.146791988479967,-0.383554249775,0.04377291125,0.868516215920382,0.985486038273363,2.43255543549606,3.66659122636409,17.6416676909481
"model_fits/finalized_redone_trunc_cp/t2_a5_customer_day/chicken_fish","model_fits/finalized_redone_trunc_cp/t2_a5_customer_day/total","t2_a5_customer_day","chicken_fish",NA,"restaurant","1SQPTEGYPH0GA","gender_female",0.393415181613,0.07786483275,0.699476377625,1.50067257287141,1.04025577061237,2.66635471677612,3.53347806461862,17.4006714454513
"model_fits/finalized_redone_trunc_cp/t2_a5_customer_day/chicken_fish","model_fits/finalized_redone_trunc_cp/t2_a5_customer_day/total","t2_a5_customer_day","chicken_fish",NA,"restaurant","2HRX9P6HKXA8V","level",0.0461176104243333,-0.102225991675,0.199105584,1.05010613103498,1.00465020609845,2.9690371927502,3.44546307826371,17.7461345188316
"model_fits/finalized_redone_trunc_cp/t2_a5_customer_day/chicken_fish","model_fits/finalized_redone_trunc_cp/t2_a5_customer_day/total","t2_a5_customer_day","chicken_fish",NA,"restaurant","2HRX9P6HKXA8V","slope",0.0185630344317007,-0.18137017375,0.241582407,1.027662269732,1.00194484810856,2.52570874524798,3.63611960859468,31.3325254327563
"model_fits/finalized_redone_trunc_cp/t2_a5_customer_day/chicken_fish","model_fits/finalized_redone_trunc_cp/t2_a5_customer_day/total","t2_a5_customer_day","chicken_fish",NA,"restaurant","2HRX9P6HKXA8V","gender_male",-0.0645546801175167,-0.2360769755,0.0924456109000001,0.940527928524283,0.993597635724104,2.62622697488817,3.56757181353943,11.0067957814904
"model_fits/finalized_redone_trunc_cp/t2_a5_customer_day/chicken_fish","model_fits/finalized_redone_trunc_cp/t2_a5_customer_day/total","t2_a5_customer_day","chicken_fish",NA,"restaurant","2HRX9P6HKXA8V","gender_female",0.204947420396333,0.0137899383,0.4021599452,1.23349979727776,1.02075625663835,3.10283827045774,3.39828231461328,11.8897917931884
"model_fits/finalized_redone_trunc_cp/t2_a5_customer_day/chicken_fish","model_fits/finalized_redone_trunc_cp/t2_a5_customer_day/total","t2_a5_customer_day","chicken_fish",NA,"restaurant","78AY09MVJVTYE","level",-0.0120299491154333,-0.204999362025,0.13683869815,0.991590713445758,0.998834054755614,2.82508422684668,3.48449887173363,17.873744909294
"model_fits/finalized_redone_trunc_cp/t2_a5_customer_day/chicken_fish","model_fits/finalized_redone_trunc_cp/t2_a5_customer_day/total","t2_a5_customer_day","chicken_fish",NA,"restaurant","78AY09MVJVTYE","slope",0.0222442919277041,-0.0714925327173,0.1186750616,1.02368300667405,1.00223854275431,2.38633352145802,3.71281534749932,22.8057786834314
"model_fits/finalized_redone_trunc_cp/t2_a5_customer_day/chicken_fish","model_fits/finalized_redone_trunc_cp/t2_a5_customer_day/total","t2_a5_customer_day","chicken_fish",NA,"restaurant","78AY09MVJVTYE","gender_male",0.0905784235019,-0.0911767027,0.3079062545025,1.10109551480415,1.00915617670661,2.53211285603905,3.59353293747868,11.1351429640385
"model_fits/finalized_redone_trunc_cp/t2_a5_customer_day/chicken_fish","model_fits/finalized_redone_trunc_cp/t2_a5_customer_day/total","t2_a5_customer_day","chicken_fish",NA,"restaurant","78AY09MVJVTYE","gender_female",-0.323872872777333,-0.581051827125,-0.0759509945249999,0.729217886455784,0.968210049728029,2.70417343134645,3.51605235506456,21.4216095565472
"model_fits/finalized_redone_trunc_cp/t2_a5_customer_day/chicken_fish","model_fits/finalized_redone_trunc_cp/t2_a5_customer_day/total","t2_a5_customer_day","chicken_fish",NA,"restaurant","9XKJD8DQTH559","level",-0.00375945747657,-0.216448558425,0.200967956475,1.00208659393546,0.999681916046657,3.05953131401634,3.40161388468909,11.5281060636932
"model_fits/finalized_redone_trunc_cp/t2_a5_customer_day/chicken_fish","model_fits/finalized_redone_trunc_cp/t2_a5_customer_day/total","t2_a5_customer_day","chicken_fish",NA,"restaurant","9XKJD8DQTH559","slope",-0.0176177125537667,-0.315694976425,0.30536771125,0.996747788904462,0.99838186104856,2.49854069046921,3.64976405147377,16.8069782016629
"model_fits/finalized_redone_trunc_cp/t2_a5_customer_day/chicken_fish","model_fits/finalized_redone_trunc_cp/t2_a5_customer_day/total","t2_a5_customer_day","chicken_fish",NA,"restaurant","9XKJD8DQTH559","gender_male",-0.135861532679,-0.62271526475,0.31812495575,0.900456219428292,0.986814245147935,3.03971606852301,3.40215482829503,11.3837462908974
"model_fits/finalized_redone_trunc_cp/t2_a5_customer_day/chicken_fish","model_fits/finalized_redone_trunc_cp/t2_a5_customer_day/total","t2_a5_customer_day","chicken_fish",NA,"restaurant","9XKJD8DQTH559","gender_female",0.516707614168,-0.1775645475,1.40195572775,1.83755004323111,1.05394467612513,2.78393786457187,3.49970813525916,21.253731205857
"model_fits/finalized_redone_trunc_cp/t2_a5_customer_day/chicken_fish","model_fits/finalized_redone_trunc_cp/t2_a5_customer_day/total","t2_a5_customer_day","chicken_fish",NA,"restaurant","C0BE4NDSW26QN","level",-0.0615919376076833,-0.2481616245,0.1288413042105,0.94493178618247,0.993908842048138,2.63396902296153,3.57702925495302,12.6992806047897
"model_fits/finalized_redone_trunc_cp/t2_a5_customer_day/chicken_fish","model_fits/finalized_redone_trunc_cp/t2_a5_customer_day/total","t2_a5_customer_day","chicken_fish",NA,"restaurant","C0BE4NDSW26QN","slope",0.0161274535272033,-0.2291704565,0.234635168675,1.02481017287283,1.00169919229713,2.37677451001624,3.73940048605651,24.4388175522908
"model_fits/finalized_redone_trunc_cp/t2_a5_customer_day/chicken_fish","model_fits/finalized_redone_trunc_cp/t2_a5_customer_day/total","t2_a5_customer_day","chicken_fish",NA,"restaurant","C0BE4NDSW26QN","gender_male",-0.0302664360953333,-0.4831504875,0.394868296,0.99630981282889,0.997246699732373,2.49447170169785,3.61283703693048,27.0973330732484
"model_fits/finalized_redone_trunc_cp/t2_a5_customer_day/chicken_fish","model_fits/finalized_redone_trunc_cp/t2_a5_customer_day/total","t2_a5_customer_day","chicken_fish",NA,"restaurant","C0BE4NDSW26QN","gender_female",-0.0871348055621667,-0.6541313315,0.43145654025,0.947233126957627,0.991647283071202,3.58946561843072,3.3287984955137,21.3154241370718
"model_fits/finalized_redone_trunc_cp/t2_a5_customer_day/chicken_fish","model_fits/finalized_redone_trunc_cp/t2_a5_customer_day/total","t2_a5_customer_day","chicken_fish",NA,"restaurant","ED5J990H5VAZT","level",0.04901573371562,-0.06562969345,0.184084254,1.05315164136107,1.00494128784976,2.92497463853268,3.43892020337332,15.6616018196711
"model_fits/finalized_redone_trunc_cp/t2_a5_customer_day/chicken_fish","model_fits/finalized_redone_trunc_cp/t2_a5_customer_day/total","t2_a5_customer_day","chicken_fish",NA,"restaurant","ED5J990H5VAZT","slope",0.00648615227756667,-0.112763483375,0.11599822715,1.0083778836336,1.0006674594997,2.52150506614818,3.63241952688167,15.2430496076763
"model_fits/finalized_redone_trunc_cp/t2_a5_customer_day/chicken_fish","model_fits/finalized_redone_trunc_cp/t2_a5_customer_day/total","t2_a5_customer_day","chicken_fish",NA,"restaurant","ED5J990H5VAZT","gender_male",-0.00529490673226667,-0.066057154825,0.0590332927225,0.995287208635168,0.999476349127847,2.46925747863183,3.68710129642216,34.9200656641149
"model_fits/finalized_redone_trunc_cp/t2_a5_customer_day/chicken_fish","model_fits/finalized_redone_trunc_cp/t2_a5_customer_day/total","t2_a5_customer_day","chicken_fish",NA,"restaurant","ED5J990H5VAZT","gender_female",-0.0486772384469333,-0.10566964855,0.00222820607,0.952880383331549,0.995148203464212,2.69013975360001,3.53840447164473,13.2669317564143
"model_fits/finalized_redone_trunc_cp/t2_a5_customer_day/chicken_fish","model_fits/finalized_redone_trunc_cp/t2_a5_customer_day/total","t2_a5_customer_day","chicken_fish",NA,"restaurant","EMBVNVD207CC6","level",-0.0736020729195,-0.325797647,0.094604521075,0.93478459804519,0.99272923772661,2.67109501654628,3.62540908634698,27.3390878582455
"model_fits/finalized_redone_trunc_cp/t2_a5_customer_day/chicken_fish","model_fits/finalized_redone_trunc_cp/t2_a5_customer_day/total","t2_a5_customer_day","chicken_fish",NA,"restaurant","EMBVNVD207CC6","slope",-0.319378626280333,-0.6470593005,-0.0189095673,0.736795329552367,0.968702950738637,2.79517937046726,3.50560316666002,17.2216681241365
"model_fits/finalized_redone_trunc_cp/t2_a5_customer_day/chicken_fish","model_fits/finalized_redone_trunc_cp/t2_a5_customer_day/total","t2_a5_customer_day","chicken_fish",NA,"restaurant","EMBVNVD207CC6","gender_male",0.0259452341696,-0.1678584848875,0.22477041275,1.03172271538996,1.0026508413836,2.75543628141766,3.51551595584703,22.4445474395901
"model_fits/finalized_redone_trunc_cp/t2_a5_customer_day/chicken_fish","model_fits/finalized_redone_trunc_cp/t2_a5_customer_day/total","t2_a5_customer_day","chicken_fish",NA,"restaurant","EMBVNVD207CC6","gender_female",0.0655042319553333,-0.28871402825,0.48665036,1.09373182535612,1.00681016115827,2.58520277413406,3.58204983689593,21.8338041216524
"model_fits/finalized_redone_trunc_cp/t2_a5_customer_day/chicken_fish","model_fits/finalized_redone_trunc_cp/t2_a5_customer_day/total","t2_a5_customer_day","chicken_fish",NA,"restaurant","L69HYJ4Y3TR91","level",0.0390794427826667,-0.23459840125,0.2696021245,1.05150073436124,1.00402942703888,2.65574349544428,3.57033917176383,22.7645361823025
"model_fits/finalized_redone_trunc_cp/t2_a5_customer_day/chicken_fish","model_fits/finalized_redone_trunc_cp/t2_a5_customer_day/total","t2_a5_customer_day","chicken_fish",NA,"restaurant","L69HYJ4Y3TR91","slope",-0.141668040179433,-0.5177365235,0.271297125,0.889244843077105,0.986170350545015,2.70410336923932,3.55901236429596,27.1280785304268
"model_fits/finalized_redone_trunc_cp/t2_a5_customer_day/chicken_fish","model_fits/finalized_redone_trunc_cp/t2_a5_customer_day/total","t2_a5_customer_day","chicken_fish",NA,"restaurant","L69HYJ4Y3TR91","gender_male",-0.156999979961167,-0.431028833375,0.10457035725,0.862942292350592,0.984517724684555,2.64000135539843,3.57314090639302,17.0928244399803
"model_fits/finalized_redone_trunc_cp/t2_a5_customer_day/chicken_fish","model_fits/finalized_redone_trunc_cp/t2_a5_customer_day/total","t2_a5_customer_day","chicken_fish",NA,"restaurant","L69HYJ4Y3TR91","gender_female",-0.0797199359042333,-0.27033985475,0.106113834775,0.927728750139132,0.992106399650701,2.75434256941271,3.52020801961382,12.2326909166776
"model_fits/finalized_redone_trunc_cp/t2_a5_customer_day/chicken_fish","model_fits/finalized_redone_trunc_cp/t2_a5_customer_day/total","t2_a5_customer_day","chicken_fish",NA,"restaurant","LBZEEFSBJNB3Z","level",0.126948499197167,-0.093159970375,0.364489066,1.14586662144548,1.01286926451152,2.70703913129633,3.54257273201039,19.0988298246054
"model_fits/finalized_redone_trunc_cp/t2_a5_customer_day/chicken_fish","model_fits/finalized_redone_trunc_cp/t2_a5_customer_day/total","t2_a5_customer_day","chicken_fish",NA,"restaurant","LBZEEFSBJNB3Z","slope",0.0692693829442333,-0.125408876225,0.31555864045,1.07884671559119,1.00701680272892,2.54054783290129,3.62292501942978,14.4532400022341
"model_fits/finalized_redone_trunc_cp/t2_a5_customer_day/chicken_fish","model_fits/finalized_redone_trunc_cp/t2_a5_customer_day/total","t2_a5_customer_day","chicken_fish",NA,"restaurant","LBZEEFSBJNB3Z","gender_male",0.103411314612333,-0.137689879,0.3172730009,1.11746269387114,1.01047287437335,2.80172759881668,3.49053082470428,11.81147226368
"model_fits/finalized_redone_trunc_cp/t2_a5_customer_day/chicken_fish","model_fits/finalized_redone_trunc_cp/t2_a5_customer_day/total","t2_a5_customer_day","chicken_fish",NA,"restaurant","LBZEEFSBJNB3Z","gender_female",-0.128423684691667,-0.477287227,0.15771248075,0.896062366686018,0.987429136567467,2.51303618848854,3.66708320035601,33.7298951792449
"model_fits/finalized_redone_trunc_cp/t2_a5_customer_day/chicken_fish","model_fits/finalized_redone_trunc_cp/t2_a5_customer_day/total","t2_a5_customer_day","chicken_fish",NA,"restaurant","LQ5EH4BKGV61T","level",-0.0637079040813333,-0.251342786,0.169726587925,0.943285163514044,0.993701135191481,2.67773316394477,3.59343784752848,15.2876255797026
"model_fits/finalized_redone_trunc_cp/t2_a5_customer_day/chicken_fish","model_fits/finalized_redone_trunc_cp/t2_a5_customer_day/total","t2_a5_customer_day","chicken_fish",NA,"restaurant","LQ5EH4BKGV61T","slope",0.1140349245356,-0.259894807125,0.465079044,1.1425328674542,1.01166602059053,2.71627882814016,3.53598902896284,11.1809706589461
"model_fits/finalized_redone_trunc_cp/t2_a5_customer_day/chicken_fish","model_fits/finalized_redone_trunc_cp/t2_a5_customer_day/total","t2_a5_customer_day","chicken_fish",NA,"restaurant","LQ5EH4BKGV61T","gender_male",0.0014261651866,-0.369685224,0.33924386005,1.01831627920161,1.00031137032365,2.70048081853211,3.53820454039257,11.0466442736716
"model_fits/finalized_redone_trunc_cp/t2_a5_customer_day/chicken_fish","model_fits/finalized_redone_trunc_cp/t2_a5_customer_day/total","t2_a5_customer_day","chicken_fish",NA,"restaurant","LQ5EH4BKGV61T","gender_female",-0.0059096382495,-0.5335230125,0.57419701275,1.03703969007322,0.999823318584327,2.47585830927874,3.64621273777833,22.8094533325508
"model_fits/finalized_redone_trunc_cp/t2_a5_customer_day/chicken_fish","model_fits/finalized_redone_trunc_cp/t2_a5_customer_day/total","t2_a5_customer_day","chicken_fish",NA,"restaurant","S8MT0YGD2KTN9","level",0.153148711416133,-0.081760475825,0.4517253435,1.17901520046976,1.01554863757315,2.70582771109051,3.53545619517547,19.6627162986796
"model_fits/finalized_redone_trunc_cp/t2_a5_customer_day/chicken_fish","model_fits/finalized_redone_trunc_cp/t2_a5_customer_day/total","t2_a5_customer_day","chicken_fish",NA,"restaurant","S8MT0YGD2KTN9","slope",0.0850367412033,-0.11281688655,0.374833462,1.10190244011399,1.00865812377059,2.43419032004339,3.71057635927445,31.2671230963334
"model_fits/finalized_redone_trunc_cp/t2_a5_customer_day/chicken_fish","model_fits/finalized_redone_trunc_cp/t2_a5_customer_day/total","t2_a5_customer_day","chicken_fish",NA,"restaurant","S8MT0YGD2KTN9","gender_male",0.0444476111502667,-0.11842595215,0.22117342395,1.04933530317451,1.00449174771207,2.85852572501544,3.47516584385869,18.6559484101438
"model_fits/finalized_redone_trunc_cp/t2_a5_customer_day/chicken_fish","model_fits/finalized_redone_trunc_cp/t2_a5_customer_day/total","t2_a5_customer_day","chicken_fish",NA,"restaurant","S8MT0YGD2KTN9","gender_female",-0.0849524255055333,-0.32600410375,0.16352796945,0.926113965340781,0.991622022427162,2.90843943951634,3.44933802731928,11.1784709358352
"model_fits/finalized_redone_trunc_cp/t2_a5_customer_day/chicken_fish","model_fits/finalized_redone_trunc_cp/t2_a5_customer_day/total","t2_a5_customer_day","chicken_fish",NA,"restaurant","SAFK7ND1HR6XS","level",0.0752343772726133,-0.084399125925,0.25361531925,1.08234636536462,1.00759086986041,2.79702774986675,3.51023353174351,20.0096820662819
"model_fits/finalized_redone_trunc_cp/t2_a5_customer_day/chicken_fish","model_fits/finalized_redone_trunc_cp/t2_a5_customer_day/total","t2_a5_customer_day","chicken_fish",NA,"restaurant","SAFK7ND1HR6XS","slope",-0.0226175584084333,-0.34957323425,0.29634294125,0.992919902667385,0.997895722023182,2.38583907354382,3.71805233783736,18.2723173419975
"model_fits/finalized_redone_trunc_cp/t2_a5_customer_day/chicken_fish","model_fits/finalized_redone_trunc_cp/t2_a5_customer_day/total","t2_a5_customer_day","chicken_fish",NA,"restaurant","SAFK7ND1HR6XS","gender_male",0.0689393190571333,-0.113594593075,0.239136453,1.07585550435143,1.00695993025278,2.52631816820587,3.59734635409731,16.8005799328111
"model_fits/finalized_redone_trunc_cp/t2_a5_customer_day/chicken_fish","model_fits/finalized_redone_trunc_cp/t2_a5_customer_day/total","t2_a5_customer_day","chicken_fish",NA,"restaurant","SAFK7ND1HR6XS","gender_female",-0.0911399462197667,-0.2899487415,0.112992338975,0.917801445957478,0.990980492897709,2.68094310855386,3.55474858050392,11.9138097984794
"model_fits/finalized_redone_trunc_cp/t2_a5_customer_day/chicken_fish","model_fits/finalized_redone_trunc_cp/t2_a5_customer_day/total","t2_a5_customer_day","chicken_fish",NA,"restaurant","SRQS8F7JWA9MZ","level",0.0047722633928448,-0.08175321684095,0.090477811414,1.00568062909496,1.00048626752708,2.30878593385429,3.82017114069191,34.4083362400405
"model_fits/finalized_redone_trunc_cp/t2_a5_customer_day/chicken_fish","model_fits/finalized_redone_trunc_cp/t2_a5_customer_day/total","t2_a5_customer_day","chicken_fish",NA,"restaurant","SRQS8F7JWA9MZ","slope",0.0797252904988083,-0.0963351017335,0.28677574688175,1.08780450629785,1.0080479303983,2.35010681008276,3.92525264173639,34.5776502710532
"model_fits/finalized_redone_trunc_cp/t2_a5_customer_day/chicken_fish","model_fits/finalized_redone_trunc_cp/t2_a5_customer_day/total","t2_a5_customer_day","chicken_fish",NA,"restaurant","SRQS8F7JWA9MZ","gender_male",-0.0995465641948443,-0.267392756752989,0.0503091054494075,0.908302095838633,0.990128271339318,1.69235809770085,4.82194461370139,22.9468481114369
"model_fits/finalized_redone_trunc_cp/t2_a5_customer_day/chicken_fish","model_fits/finalized_redone_trunc_cp/t2_a5_customer_day/total","t2_a5_customer_day","chicken_fish",NA,"restaurant","SRQS8F7JWA9MZ","gender_female",0.0853348558498881,-0.0673373685295475,0.253118102970375,1.09295121937235,1.00860562411222,1.8684896170255,4.61226571816861,17.3186605845318
"model_fits/finalized_redone_trunc_cp/t2_a5_customer_day/chicken_fish","model_fits/finalized_redone_trunc_cp/t2_a5_customer_day/total","t2_a5_customer_day","chicken_fish",NA,"restaurant","V3Q26BHF3SE2H","level",0.0111555172322,-0.19080862425,0.24275021425,1.02014824487389,1.00120339475596,2.52738551164654,3.65589564865294,25.4697884463861
"model_fits/finalized_redone_trunc_cp/t2_a5_customer_day/chicken_fish","model_fits/finalized_redone_trunc_cp/t2_a5_customer_day/total","t2_a5_customer_day","chicken_fish",NA,"restaurant","V3Q26BHF3SE2H","slope",0.00393638936312,-0.2626149376,0.261698757225,1.01152131196101,1.0004690411085,2.45354319205242,3.66749818632641,18.2705266799482
"model_fits/finalized_redone_trunc_cp/t2_a5_customer_day/chicken_fish","model_fits/finalized_redone_trunc_cp/t2_a5_customer_day/total","t2_a5_customer_day","chicken_fish",NA,"restaurant","V3Q26BHF3SE2H","gender_male",-0.0474923040092667,-0.348947188,0.2615235849,0.965391408334022,0.995383614256602,2.54361368256014,3.59511017699041,11.0962194514704
"model_fits/finalized_redone_trunc_cp/t2_a5_customer_day/chicken_fish","model_fits/finalized_redone_trunc_cp/t2_a5_customer_day/total","t2_a5_customer_day","chicken_fish",NA,"restaurant","V3Q26BHF3SE2H","gender_female",0.157864546713,-0.24607200725,0.57364945445,1.19850409146956,1.01614688815156,2.61749339478256,3.5632053690563,11.2980299176179
"model_fits/finalized_redone_trunc_cp/t2_a5_customer_day/chicken_fish","model_fits/finalized_redone_trunc_cp/t2_a5_customer_day/total","t2_a5_customer_day","chicken_fish",NA,"restaurant","W8T41JZK0ZMEP","level",-0.0260080854275667,-0.2138579445,0.198735379,0.981615897626832,0.99747615317547,2.64222362202106,3.55558857599436,15.4444228620037
"model_fits/finalized_redone_trunc_cp/t2_a5_customer_day/chicken_fish","model_fits/finalized_redone_trunc_cp/t2_a5_customer_day/total","t2_a5_customer_day","chicken_fish",NA,"restaurant","W8T41JZK0ZMEP","slope",-0.1254627988962,-0.42866202675,0.1734400614,0.893606564468793,0.987657780253439,2.69403089044252,3.55020488616109,15.6343894771413
"model_fits/finalized_redone_trunc_cp/t2_a5_customer_day/chicken_fish","model_fits/finalized_redone_trunc_cp/t2_a5_customer_day/total","t2_a5_customer_day","chicken_fish",NA,"restaurant","W8T41JZK0ZMEP","gender_male",0.405338280794,-0.18338623125,1.13424469375,1.61653133432752,1.04212905589518,2.68904379715136,3.52617422036562,11.6704716458103
"model_fits/finalized_redone_trunc_cp/t2_a5_customer_day/chicken_fish","model_fits/finalized_redone_trunc_cp/t2_a5_customer_day/total","t2_a5_customer_day","chicken_fish",NA,"restaurant","W8T41JZK0ZMEP","gender_female",0.0393196949109333,-0.30192297825,0.3692739926625,1.05554678915519,1.00408833808518,2.73561418779884,3.58374278379321,17.2135257508949
"model_fits/finalized_redone_trunc_cp/t2_a5_customer_day/meat","model_fits/finalized_redone_trunc_cp/t2_a5_customer_day/total","t2_a5_customer_day","meat",1,"pooled",NA,"level",-0.024177305644762,-0.12200243438,0.069288052175,0.977336010888724,0.997597640749139,1.0058054170661,259.383321295813,408.428847413906
"model_fits/finalized_redone_trunc_cp/t2_a5_customer_day/meat","model_fits/finalized_redone_trunc_cp/t2_a5_customer_day/total","t2_a5_customer_day","meat",2,"pooled",NA,"slope",0.0117153165828243,-0.1068039974,0.13304056,1.01376349247237,1.00119181940029,1.0255959598793,148.896080250758,469.615725030427
"model_fits/finalized_redone_trunc_cp/t2_a5_customer_day/meat","model_fits/finalized_redone_trunc_cp/t2_a5_customer_day/total","t2_a5_customer_day","meat",3,"pooled",NA,"gender_male",-0.0296503451686017,-0.152155463975,0.09351628,0.97264504517156,0.997058454732337,1.01510361898832,335.919048313916,572.000637298652
"model_fits/finalized_redone_trunc_cp/t2_a5_customer_day/meat","model_fits/finalized_redone_trunc_cp/t2_a5_customer_day/total","t2_a5_customer_day","meat",4,"pooled",NA,"gender_female",0.0102959762912801,-0.152073748125,0.1802655566,1.01377157882147,1.00106384269576,1.00183515939203,283.491289942997,409.505624424576
"model_fits/finalized_redone_trunc_cp/t2_a5_customer_day/meat","model_fits/finalized_redone_trunc_cp/t2_a5_customer_day/total","t2_a5_customer_day","meat",NA,"restaurant","1SQPTEGYPH0GA","level",-0.0343455940663109,-0.32791223065,0.18526918625,0.974080255160367,0.996653849998092,1.01464753179727,308.454858664571,923.29783943218
"model_fits/finalized_redone_trunc_cp/t2_a5_customer_day/meat","model_fits/finalized_redone_trunc_cp/t2_a5_customer_day/total","t2_a5_customer_day","meat",NA,"restaurant","1SQPTEGYPH0GA","slope",-0.0674578775865367,-0.306418986575,0.1807125875,0.942695627223161,0.993360616630184,1.00752010261793,443.143369945592,1185.84940557417
"model_fits/finalized_redone_trunc_cp/t2_a5_customer_day/meat","model_fits/finalized_redone_trunc_cp/t2_a5_customer_day/total","t2_a5_customer_day","meat",NA,"restaurant","1SQPTEGYPH0GA","gender_male",-0.0478144781114424,-0.299149956375,0.16813920525,0.960173367939552,0.995302027000987,1.00369128886084,678.884780686066,908.120561169205
"model_fits/finalized_redone_trunc_cp/t2_a5_customer_day/meat","model_fits/finalized_redone_trunc_cp/t2_a5_customer_day/total","t2_a5_customer_day","meat",NA,"restaurant","1SQPTEGYPH0GA","gender_female",0.363234569605439,0.0137199705,0.684020068315,1.45907629905736,1.03714325444072,1.00609654845418,535.055064556864,1013.25882728733
"model_fits/finalized_redone_trunc_cp/t2_a5_customer_day/meat","model_fits/finalized_redone_trunc_cp/t2_a5_customer_day/total","t2_a5_customer_day","meat",NA,"restaurant","2HRX9P6HKXA8V","level",-0.0271848014538309,-0.19926339625,0.1404856525,0.976763133475239,0.997321882264554,1.00635264931325,516.764574566273,1192.54095001856
"model_fits/finalized_redone_trunc_cp/t2_a5_customer_day/meat","model_fits/finalized_redone_trunc_cp/t2_a5_customer_day/total","t2_a5_customer_day","meat",NA,"restaurant","2HRX9P6HKXA8V","slope",0.00939644022175567,-0.102320475775,0.11979325845,1.0110768133864,1.00095630535806,1.00511955628491,631.817581403202,1236.29957160221
"model_fits/finalized_redone_trunc_cp/t2_a5_customer_day/meat","model_fits/finalized_redone_trunc_cp/t2_a5_customer_day/total","t2_a5_customer_day","meat",NA,"restaurant","2HRX9P6HKXA8V","gender_male",-0.00327847605678213,-0.211146713925,0.1955816144,1.00185773995691,0.999723599544852,1.00023463531568,670.300161399327,958.377805359343
"model_fits/finalized_redone_trunc_cp/t2_a5_customer_day/meat","model_fits/finalized_redone_trunc_cp/t2_a5_customer_day/total","t2_a5_customer_day","meat",NA,"restaurant","2HRX9P6HKXA8V","gender_female",0.111061680280073,-0.11827742775,0.333639019675,1.12515356676442,1.01123756309345,1.00357113938198,389.577949407162,1288.1307013722
"model_fits/finalized_redone_trunc_cp/t2_a5_customer_day/meat","model_fits/finalized_redone_trunc_cp/t2_a5_customer_day/total","t2_a5_customer_day","meat",NA,"restaurant","78AY09MVJVTYE","level",0.0099795525931,-0.216606321075,0.24802993,1.01690115600302,1.00106579126183,1.00900908869217,398.346345459604,600.265649705223
"model_fits/finalized_redone_trunc_cp/t2_a5_customer_day/meat","model_fits/finalized_redone_trunc_cp/t2_a5_customer_day/total","t2_a5_customer_day","meat",NA,"restaurant","78AY09MVJVTYE","slope",0.0863933294109703,-0.027370644025,0.20054830375,1.09208380607272,1.00869385324634,1.00352245247499,404.061161650486,1058.35062050171
"model_fits/finalized_redone_trunc_cp/t2_a5_customer_day/meat","model_fits/finalized_redone_trunc_cp/t2_a5_customer_day/total","t2_a5_customer_day","meat",NA,"restaurant","78AY09MVJVTYE","gender_male",-0.126573669093,-0.41314123,0.154232953875,0.89088815236104,0.987531532567407,1.00359300638477,527.791696473845,1108.12462728761
"model_fits/finalized_redone_trunc_cp/t2_a5_customer_day/meat","model_fits/finalized_redone_trunc_cp/t2_a5_customer_day/total","t2_a5_customer_day","meat",NA,"restaurant","78AY09MVJVTYE","gender_female",-0.158922652921602,-0.467092041575,0.182962353,0.864726920504086,0.984365802052734,1.0036962345671,518.801314117304,1142.11620816365
"model_fits/finalized_redone_trunc_cp/t2_a5_customer_day/meat","model_fits/finalized_redone_trunc_cp/t2_a5_customer_day/total","t2_a5_customer_day","meat",NA,"restaurant","9XKJD8DQTH559","level",-0.04077131134532,-0.38934335875,0.259576047,0.971929472597489,0.9960551751845,1.00189076996736,649.515584443197,1365.74811847217
"model_fits/finalized_redone_trunc_cp/t2_a5_customer_day/meat","model_fits/finalized_redone_trunc_cp/t2_a5_customer_day/total","t2_a5_customer_day","meat",NA,"restaurant","9XKJD8DQTH559","slope",0.0155763379429333,-0.3143101545925,0.359869219,1.02960905043862,1.00169485776984,1.00469347816417,963.333059005062,1565.08253966154
"model_fits/finalized_redone_trunc_cp/t2_a5_customer_day/meat","model_fits/finalized_redone_trunc_cp/t2_a5_customer_day/total","t2_a5_customer_day","meat",NA,"restaurant","9XKJD8DQTH559","gender_male",-0.0957832375818493,-0.52607086545,0.3136275045,0.9296216406272,0.990693063708296,1.0017484444896,807.05254145378,1200.34543026745
"model_fits/finalized_redone_trunc_cp/t2_a5_customer_day/meat","model_fits/finalized_redone_trunc_cp/t2_a5_customer_day/total","t2_a5_customer_day","meat",NA,"restaurant","9XKJD8DQTH559","gender_female",0.310461229726663,-0.5077301955,1.243739053725,1.51718887094,1.03261076380241,1.01099833510517,241.047190307363,334.279065551737
"model_fits/finalized_redone_trunc_cp/t2_a5_customer_day/meat","model_fits/finalized_redone_trunc_cp/t2_a5_customer_day/total","t2_a5_customer_day","meat",NA,"restaurant","C0BE4NDSW26QN","level",0.0333482423697387,-0.24676546215,0.3197035495,1.04373401290474,1.00343534442471,1.00609285965051,736.273247748723,1013.9205515735
"model_fits/finalized_redone_trunc_cp/t2_a5_customer_day/meat","model_fits/finalized_redone_trunc_cp/t2_a5_customer_day/total","t2_a5_customer_day","meat",NA,"restaurant","C0BE4NDSW26QN","slope",0.04729714152143,-0.151184349,0.281790790375,1.05422244068801,1.00479540734477,1.00084522150915,689.089198429926,720.401121777687
"model_fits/finalized_redone_trunc_cp/t2_a5_customer_day/meat","model_fits/finalized_redone_trunc_cp/t2_a5_customer_day/total","t2_a5_customer_day","meat",NA,"restaurant","C0BE4NDSW26QN","gender_male",-0.0718213369101787,-0.50377851525,0.35631068645,0.951469369830662,0.993062673985524,1.00657722097391,625.531744104936,1025.32123706231
"model_fits/finalized_redone_trunc_cp/t2_a5_customer_day/meat","model_fits/finalized_redone_trunc_cp/t2_a5_customer_day/total","t2_a5_customer_day","meat",NA,"restaurant","C0BE4NDSW26QN","gender_female",-0.0546197714420233,-0.61939453805,0.481940187025,0.980002165306934,0.994892779530233,1.00209527120858,840.223585699747,1001.66899051843
"model_fits/finalized_redone_trunc_cp/t2_a5_customer_day/meat","model_fits/finalized_redone_trunc_cp/t2_a5_customer_day/total","t2_a5_customer_day","meat",NA,"restaurant","ED5J990H5VAZT","level",0.00670324926882737,-0.07551113795,0.08911173215,1.00760645392432,1.0006792933486,1.00241363736743,1117.61328108268,1008.30379776159
"model_fits/finalized_redone_trunc_cp/t2_a5_customer_day/meat","model_fits/finalized_redone_trunc_cp/t2_a5_customer_day/total","t2_a5_customer_day","meat",NA,"restaurant","ED5J990H5VAZT","slope",0.1322271619857,0.0068585631,0.255579184,1.14362360588952,1.01333053314462,1.00166264981037,572.975924860571,757.672181406429
"model_fits/finalized_redone_trunc_cp/t2_a5_customer_day/meat","model_fits/finalized_redone_trunc_cp/t2_a5_customer_day/total","t2_a5_customer_day","meat",NA,"restaurant","ED5J990H5VAZT","gender_male",-0.133908128848067,-0.1943748535,-0.06956146025,0.875107926228499,0.986703377304687,1.00091972192567,1646.81147876934,1199.30085256167
"model_fits/finalized_redone_trunc_cp/t2_a5_customer_day/meat","model_fits/finalized_redone_trunc_cp/t2_a5_customer_day/total","t2_a5_customer_day","meat",NA,"restaurant","ED5J990H5VAZT","gender_female",-0.0855009777041233,-0.146599063,-0.02260017875,0.918507542719793,0.991491266332495,1.00171198725947,1450.48719947854,1062.64973449607
"model_fits/finalized_redone_trunc_cp/t2_a5_customer_day/meat","model_fits/finalized_redone_trunc_cp/t2_a5_customer_day/total","t2_a5_customer_day","meat",NA,"restaurant","EMBVNVD207CC6","level",-0.135367581678755,-0.42882674625,0.0680027591750001,0.880435188452764,0.986635857866109,1.01183493968581,288.207111585541,654.892544923805
"model_fits/finalized_redone_trunc_cp/t2_a5_customer_day/meat","model_fits/finalized_redone_trunc_cp/t2_a5_customer_day/total","t2_a5_customer_day","meat",NA,"restaurant","EMBVNVD207CC6","slope",-0.19821916845808,-0.452745709175,0.0553614222750001,0.827312193827794,0.980457919599987,1.01669553593195,418.401438257878,708.876021915469
"model_fits/finalized_redone_trunc_cp/t2_a5_customer_day/meat","model_fits/finalized_redone_trunc_cp/t2_a5_customer_day/total","t2_a5_customer_day","meat",NA,"restaurant","EMBVNVD207CC6","gender_male",0.116241984319013,-0.105297803175,0.35168273525,1.13085097157438,1.01175998226402,1.01605658731595,513.550448489831,1266.7574080012
"model_fits/finalized_redone_trunc_cp/t2_a5_customer_day/meat","model_fits/finalized_redone_trunc_cp/t2_a5_customer_day/total","t2_a5_customer_day","meat",NA,"restaurant","EMBVNVD207CC6","gender_female",0.10752693046283,-0.2003076585,0.4435173325,1.12926314008678,1.01095038226781,1.0062922416363,428.019402445863,882.053521774506
"model_fits/finalized_redone_trunc_cp/t2_a5_customer_day/meat","model_fits/finalized_redone_trunc_cp/t2_a5_customer_day/total","t2_a5_customer_day","meat",NA,"restaurant","L69HYJ4Y3TR91","level",-0.0257261138962953,-0.216960313925,0.148716648575,0.978437886168568,0.997470083895785,1.00419159847902,773.660357926624,893.429458173028
"model_fits/finalized_redone_trunc_cp/t2_a5_customer_day/meat","model_fits/finalized_redone_trunc_cp/t2_a5_customer_day/total","t2_a5_customer_day","meat",NA,"restaurant","L69HYJ4Y3TR91","slope",0.0832986148440677,-0.229326290075,0.4341379885,1.1017139579808,1.00849981020502,1.00802403529293,322.554060146491,833.226866733873
"model_fits/finalized_redone_trunc_cp/t2_a5_customer_day/meat","model_fits/finalized_redone_trunc_cp/t2_a5_customer_day/total","t2_a5_customer_day","meat",NA,"restaurant","L69HYJ4Y3TR91","gender_male",-0.131563452651702,-0.353161919575,0.0789555561500001,0.882213695648321,0.986991703745414,1.00029701185706,986.418115703198,1878.74479024708
"model_fits/finalized_redone_trunc_cp/t2_a5_customer_day/meat","model_fits/finalized_redone_trunc_cp/t2_a5_customer_day/total","t2_a5_customer_day","meat",NA,"restaurant","L69HYJ4Y3TR91","gender_female",0.0407992476436477,-0.151603901125,0.238071243375,1.04680248582997,1.00413789018571,1.00047215883068,1076.31176134855,1843.99985702371
"model_fits/finalized_redone_trunc_cp/t2_a5_customer_day/meat","model_fits/finalized_redone_trunc_cp/t2_a5_customer_day/total","t2_a5_customer_day","meat",NA,"restaurant","LBZEEFSBJNB3Z","level",-0.072216174447996,-0.2892163105,0.129818420625,0.935705646148286,0.992861804465626,1.03333773834261,146.830202115943,632.796006526282
"model_fits/finalized_redone_trunc_cp/t2_a5_customer_day/meat","model_fits/finalized_redone_trunc_cp/t2_a5_customer_day/total","t2_a5_customer_day","meat",NA,"restaurant","LBZEEFSBJNB3Z","slope",-0.0738363836729247,-0.353439021,0.186921321,0.937355323360034,0.992734830848025,1.03576082131522,132.457742767356,404.530154180215
"model_fits/finalized_redone_trunc_cp/t2_a5_customer_day/meat","model_fits/finalized_redone_trunc_cp/t2_a5_customer_day/total","t2_a5_customer_day","meat",NA,"restaurant","LBZEEFSBJNB3Z","gender_male",0.0246123930915567,-0.174492718825,0.2340441435,1.03055181969546,1.00251924831098,1.00044399399226,615.367797626036,782.430935110047
"model_fits/finalized_redone_trunc_cp/t2_a5_customer_day/meat","model_fits/finalized_redone_trunc_cp/t2_a5_customer_day/total","t2_a5_customer_day","meat",NA,"restaurant","LBZEEFSBJNB3Z","gender_female",-0.15478906136824,-0.324928253025,0.00162974560000001,0.85957160613439,0.984674469233437,1.00012190193116,784.547754274461,1594.75428604177
"model_fits/finalized_redone_trunc_cp/t2_a5_customer_day/meat","model_fits/finalized_redone_trunc_cp/t2_a5_customer_day/total","t2_a5_customer_day","meat",NA,"restaurant","LQ5EH4BKGV61T","level",-0.0322670977734543,-0.314827575,0.2386785056,0.976978087888378,0.996868232757269,1.01251958030756,404.761381186361,566.913822693476
"model_fits/finalized_redone_trunc_cp/t2_a5_customer_day/meat","model_fits/finalized_redone_trunc_cp/t2_a5_customer_day/total","t2_a5_customer_day","meat",NA,"restaurant","LQ5EH4BKGV61T","slope",0.0161591086598807,-0.35309175925,0.356510116125,1.03170963453834,1.00176964825791,1.01018964304753,447.30609881171,1180.01354870071
"model_fits/finalized_redone_trunc_cp/t2_a5_customer_day/meat","model_fits/finalized_redone_trunc_cp/t2_a5_customer_day/total","t2_a5_customer_day","meat",NA,"restaurant","LQ5EH4BKGV61T","gender_male",-0.0336240047547883,-0.4169393695,0.35675607775,0.985204735311927,0.99682968544952,1.00408827226126,762.347999641496,1182.20456566052
"model_fits/finalized_redone_trunc_cp/t2_a5_customer_day/meat","model_fits/finalized_redone_trunc_cp/t2_a5_customer_day/total","t2_a5_customer_day","meat",NA,"restaurant","LQ5EH4BKGV61T","gender_female",0.00709142829927067,-0.5062693675,0.556992537750001,1.04468715141786,1.00107039762142,1.0059986084151,565.190216497657,578.273429716337
"model_fits/finalized_redone_trunc_cp/t2_a5_customer_day/meat","model_fits/finalized_redone_trunc_cp/t2_a5_customer_day/total","t2_a5_customer_day","meat",NA,"restaurant","S8MT0YGD2KTN9","level",0.0083855313153043,-0.23448438325,0.258038414625,1.01600903363566,1.00091355545826,1.00912791133145,393.799788232593,801.646994994972
"model_fits/finalized_redone_trunc_cp/t2_a5_customer_day/meat","model_fits/finalized_redone_trunc_cp/t2_a5_customer_day/total","t2_a5_customer_day","meat",NA,"restaurant","S8MT0YGD2KTN9","slope",0.0451025040836817,-0.12737309585,0.2191106365,1.05023667282005,1.00455972504882,1.01143217316688,404.307707115606,835.058943367233
"model_fits/finalized_redone_trunc_cp/t2_a5_customer_day/meat","model_fits/finalized_redone_trunc_cp/t2_a5_customer_day/total","t2_a5_customer_day","meat",NA,"restaurant","S8MT0YGD2KTN9","gender_male",0.0335090144776973,-0.17228960205,0.252703027,1.04014798487051,1.00341497992536,1.00045444590148,656.619836557139,1188.01010894409
"model_fits/finalized_redone_trunc_cp/t2_a5_customer_day/meat","model_fits/finalized_redone_trunc_cp/t2_a5_customer_day/total","t2_a5_customer_day","meat",NA,"restaurant","S8MT0YGD2KTN9","gender_female",-0.0231147772421573,-0.29247825725,0.231291426725,0.985685711552151,0.997778224979249,1.00328161573979,538.248469823777,1489.46279416189
"model_fits/finalized_redone_trunc_cp/t2_a5_customer_day/meat","model_fits/finalized_redone_trunc_cp/t2_a5_customer_day/total","t2_a5_customer_day","meat",NA,"restaurant","SAFK7ND1HR6XS","level",0.0228929969491973,-0.151406101925,0.2178817425,1.02771321898452,1.00233614221525,1.02270497385145,250.93509861943,368.282974188738
"model_fits/finalized_redone_trunc_cp/t2_a5_customer_day/meat","model_fits/finalized_redone_trunc_cp/t2_a5_customer_day/total","t2_a5_customer_day","meat",NA,"restaurant","SAFK7ND1HR6XS","slope",0.0370358769721823,-0.271654852575,0.3698626145,1.05198122197583,1.00384519821557,1.00519124446811,539.450381385389,753.924988180876
"model_fits/finalized_redone_trunc_cp/t2_a5_customer_day/meat","model_fits/finalized_redone_trunc_cp/t2_a5_customer_day/total","t2_a5_customer_day","meat",NA,"restaurant","SAFK7ND1HR6XS","gender_male",-0.0493369626478406,-0.261242804375,0.157203784775,0.957406589549714,0.995136507368651,1.00364606775459,750.687928796761,809.722022426523
"model_fits/finalized_redone_trunc_cp/t2_a5_customer_day/meat","model_fits/finalized_redone_trunc_cp/t2_a5_customer_day/total","t2_a5_customer_day","meat",NA,"restaurant","SAFK7ND1HR6XS","gender_female",-0.0240094095125317,-0.250842037675,0.21527408025,0.983445779287593,0.997674764879072,1.00389898371362,834.071064530146,1786.68998593288
"model_fits/finalized_redone_trunc_cp/t2_a5_customer_day/meat","model_fits/finalized_redone_trunc_cp/t2_a5_customer_day/total","t2_a5_customer_day","meat",NA,"restaurant","SRQS8F7JWA9MZ","level",-0.00582788000778833,-0.158042976025,0.1465064661,0.997148454021074,0.999447121407104,1.0041936088073,626.569864663055,1111.40193422741
"model_fits/finalized_redone_trunc_cp/t2_a5_customer_day/meat","model_fits/finalized_redone_trunc_cp/t2_a5_customer_day/total","t2_a5_customer_day","meat",NA,"restaurant","SRQS8F7JWA9MZ","slope",0.0304393466266327,-0.2589103615,0.307862336275,1.04023933560402,1.00313957261932,1.00207393483715,767.822396166301,911.40873073545
"model_fits/finalized_redone_trunc_cp/t2_a5_customer_day/meat","model_fits/finalized_redone_trunc_cp/t2_a5_customer_day/total","t2_a5_customer_day","meat",NA,"restaurant","SRQS8F7JWA9MZ","gender_male",-0.0637474566626715,-0.283638817205,0.155137841725,0.944167997809875,0.993708067419383,1.00031397261334,795.438934661137,1289.98295588509
"model_fits/finalized_redone_trunc_cp/t2_a5_customer_day/meat","model_fits/finalized_redone_trunc_cp/t2_a5_customer_day/total","t2_a5_customer_day","meat",NA,"restaurant","SRQS8F7JWA9MZ","gender_female",0.100625851010205,-0.084181399825,0.3066283239,1.11154084427057,1.01016474303849,1.00673464364418,713.581430734662,979.846936441424
"model_fits/finalized_redone_trunc_cp/t2_a5_customer_day/meat","model_fits/finalized_redone_trunc_cp/t2_a5_customer_day/total","t2_a5_customer_day","meat",NA,"restaurant","V3Q26BHF3SE2H","level",0.0438424778192963,-0.14396135675,0.27642941,1.05091658052045,1.00445142768429,1.00233576359239,590.543778061844,1387.92058400325
"model_fits/finalized_redone_trunc_cp/t2_a5_customer_day/meat","model_fits/finalized_redone_trunc_cp/t2_a5_customer_day/total","t2_a5_customer_day","meat",NA,"restaurant","V3Q26BHF3SE2H","slope",0.0823763541237386,-0.25560854305,0.461102862825,1.10457881039802,1.0084300053478,1.00190855765203,754.616990078587,864.676136710915
"model_fits/finalized_redone_trunc_cp/t2_a5_customer_day/meat","model_fits/finalized_redone_trunc_cp/t2_a5_customer_day/total","t2_a5_customer_day","meat",NA,"restaurant","V3Q26BHF3SE2H","gender_male",0.133477623237145,-0.208871192825,0.4993292,1.16107655465525,1.01359639484805,1.00126145665693,581.176786191153,1399.89333449624
"model_fits/finalized_redone_trunc_cp/t2_a5_customer_day/meat","model_fits/finalized_redone_trunc_cp/t2_a5_customer_day/total","t2_a5_customer_day","meat",NA,"restaurant","V3Q26BHF3SE2H","gender_female",0.157269792029335,-0.1863070895,0.527079197235,1.19058178903311,1.01602465838664,1.00419029964348,452.665212911839,977.996151630568
"model_fits/finalized_redone_trunc_cp/t2_a5_customer_day/meat","model_fits/finalized_redone_trunc_cp/t2_a5_customer_day/total","t2_a5_customer_day","meat",NA,"restaurant","W8T41JZK0ZMEP","level",0.0561946330713593,-0.113026677,0.26317050575,1.06288626866941,1.00568288316982,1.00607477040969,614.502514450108,900.595469748618
"model_fits/finalized_redone_trunc_cp/t2_a5_customer_day/meat","model_fits/finalized_redone_trunc_cp/t2_a5_customer_day/total","t2_a5_customer_day","meat",NA,"restaurant","W8T41JZK0ZMEP","slope",-0.023054028596722,-0.41319201925,0.314701691125,0.992266056107438,0.99785082514916,1.0048901759767,828.991893001191,1049.34185825106
"model_fits/finalized_redone_trunc_cp/t2_a5_customer_day/meat","model_fits/finalized_redone_trunc_cp/t2_a5_customer_day/total","t2_a5_customer_day","meat",NA,"restaurant","W8T41JZK0ZMEP","gender_male",0.224017393917192,-0.13153038456,0.699958181375,1.2803942290123,1.02288422063393,1.00410987397963,835.520486547739,1427.41955868846
"model_fits/finalized_redone_trunc_cp/t2_a5_customer_day/meat","model_fits/finalized_redone_trunc_cp/t2_a5_customer_day/total","t2_a5_customer_day","meat",NA,"restaurant","W8T41JZK0ZMEP","gender_female",0.00659051417230967,-0.299627885025,0.2989551312075,1.01823482438018,1.00077445891277,1.0033188163406,652.230230634624,1275.47738658201
"model_fits/finalized_redone_trunc_cp/t2_a5_customer_day/nonvegan","model_fits/finalized_redone_trunc_cp/t2_a5_customer_day/total","t2_a5_customer_day","nonvegan",1,"pooled",NA,"level",-0.0094143650190537,-0.113587337275,0.0891215549000001,0.991852769877457,0.999071344951916,1.03025788155072,144.508486699308,328.482868917604
"model_fits/finalized_redone_trunc_cp/t2_a5_customer_day/nonvegan","model_fits/finalized_redone_trunc_cp/t2_a5_customer_day/total","t2_a5_customer_day","nonvegan",2,"pooled",NA,"slope",-0.012146677333898,-0.135054773425,0.107872486125,0.989813880695367,0.998805124268942,1.061169794339,41.8384772615723,331.33793992861
"model_fits/finalized_redone_trunc_cp/t2_a5_customer_day/nonvegan","model_fits/finalized_redone_trunc_cp/t2_a5_customer_day/total","t2_a5_customer_day","nonvegan",3,"pooled",NA,"gender_male",0.0343097868926947,-0.102231856475,0.179862958025,1.03721559510906,1.00345918649573,1.03596322328133,139.69043642086,425.743714680762
"model_fits/finalized_redone_trunc_cp/t2_a5_customer_day/nonvegan","model_fits/finalized_redone_trunc_cp/t2_a5_customer_day/total","t2_a5_customer_day","nonvegan",4,"pooled",NA,"gender_female",0.0501410759160188,-0.1742710775,0.29570281025,1.05896954518139,1.0050981071765,1.28975544697808,8.09888120576565,13.3791995866786
"model_fits/finalized_redone_trunc_cp/t2_a5_customer_day/nonvegan","model_fits/finalized_redone_trunc_cp/t2_a5_customer_day/total","t2_a5_customer_day","nonvegan",NA,"restaurant","1SQPTEGYPH0GA","level",0.019644577699049,-0.29478883875,0.33832401625,1.03208633705058,1.0020855379326,1.07100414538858,33.4167944347014,817.275204845227
"model_fits/finalized_redone_trunc_cp/t2_a5_customer_day/nonvegan","model_fits/finalized_redone_trunc_cp/t2_a5_customer_day/total","t2_a5_customer_day","nonvegan",NA,"restaurant","1SQPTEGYPH0GA","slope",-0.0737313097671887,-0.35032572185,0.24457007675,0.941192000538028,0.99278293174587,1.10081667526916,23.8490210800196,867.851774633326
"model_fits/finalized_redone_trunc_cp/t2_a5_customer_day/nonvegan","model_fits/finalized_redone_trunc_cp/t2_a5_customer_day/total","t2_a5_customer_day","nonvegan",NA,"restaurant","1SQPTEGYPH0GA","gender_male",0.0770950627041557,-0.228658477695,0.3613286795,1.09175739789403,1.00784776362797,1.26408026012701,570.176296901014,1080.16433620208
"model_fits/finalized_redone_trunc_cp/t2_a5_customer_day/nonvegan","model_fits/finalized_redone_trunc_cp/t2_a5_customer_day/total","t2_a5_customer_day","nonvegan",NA,"restaurant","1SQPTEGYPH0GA","gender_female",0.105137096168833,-0.32713713125,0.49839130075,1.13538317589274,1.01079262738038,1.10252420062902,507.135658525436,649.49329487855
"model_fits/finalized_redone_trunc_cp/t2_a5_customer_day/nonvegan","model_fits/finalized_redone_trunc_cp/t2_a5_customer_day/total","t2_a5_customer_day","nonvegan",NA,"restaurant","2HRX9P6HKXA8V","level",-0.0286723674890697,-0.205468967075,0.14315307545,0.975142828420665,0.997171840429978,1.03756697377994,78.5405967860483,1315.78370975737
"model_fits/finalized_redone_trunc_cp/t2_a5_customer_day/nonvegan","model_fits/finalized_redone_trunc_cp/t2_a5_customer_day/total","t2_a5_customer_day","nonvegan",NA,"restaurant","2HRX9P6HKXA8V","slope",0.0291013779456905,-0.07679619215,0.137457005,1.03108803707444,1.00292955824253,1.1703828298009,596.148904679892,482.678963544769
"model_fits/finalized_redone_trunc_cp/t2_a5_customer_day/nonvegan","model_fits/finalized_redone_trunc_cp/t2_a5_customer_day/total","t2_a5_customer_day","nonvegan",NA,"restaurant","2HRX9P6HKXA8V","gender_male",-0.00217228289586033,-0.21509774535,0.1999145623,1.0032316668668,0.999836998294839,1.26645335814238,596.412047551988,223.628940117682
"model_fits/finalized_redone_trunc_cp/t2_a5_customer_day/nonvegan","model_fits/finalized_redone_trunc_cp/t2_a5_customer_day/total","t2_a5_customer_day","nonvegan",NA,"restaurant","2HRX9P6HKXA8V","gender_female",0.06232604588329,-0.19007559075,0.31316764743,1.07284871299762,1.00633255913214,1.16465433435529,499.60737109533,228.185561662537
"model_fits/finalized_redone_trunc_cp/t2_a5_customer_day/nonvegan","model_fits/finalized_redone_trunc_cp/t2_a5_customer_day/total","t2_a5_customer_day","nonvegan",NA,"restaurant","78AY09MVJVTYE","level",0.0724475077088857,-0.1900452186575,0.43050790925,1.08934092267908,1.00739939813493,1.33375700346238,7.27917595933585,16.9005701057372
"model_fits/finalized_redone_trunc_cp/t2_a5_customer_day/nonvegan","model_fits/finalized_redone_trunc_cp/t2_a5_customer_day/total","t2_a5_customer_day","nonvegan",NA,"restaurant","78AY09MVJVTYE","slope",0.026114369435255,-0.0813498675,0.142928612925,1.02810064485178,1.00263084286373,1.16414473538321,12.4607682793061,1361.26216542103
"model_fits/finalized_redone_trunc_cp/t2_a5_customer_day/nonvegan","model_fits/finalized_redone_trunc_cp/t2_a5_customer_day/total","t2_a5_customer_day","nonvegan",NA,"restaurant","78AY09MVJVTYE","gender_male",-0.0702459434628233,-0.36832653625,0.2353497927,0.94406905608887,0.99312571250349,1.20780339694201,10.3183235239417,64.271324454957
"model_fits/finalized_redone_trunc_cp/t2_a5_customer_day/nonvegan","model_fits/finalized_redone_trunc_cp/t2_a5_customer_day/total","t2_a5_customer_day","nonvegan",NA,"restaurant","78AY09MVJVTYE","gender_female",-0.0783219832951744,-0.4020866217695,0.2525387665,0.937880672898219,0.992338804333987,1.07625602055835,36.4705924323541,1282.15249686084
"model_fits/finalized_redone_trunc_cp/t2_a5_customer_day/nonvegan","model_fits/finalized_redone_trunc_cp/t2_a5_customer_day/total","t2_a5_customer_day","nonvegan",NA,"restaurant","9XKJD8DQTH559","level",-0.0370183407526937,-0.309855984325,0.246178780875,0.973767738736646,0.9964073198749,1.03387149049374,109.508199084674,1467.52112358788
"model_fits/finalized_redone_trunc_cp/t2_a5_customer_day/nonvegan","model_fits/finalized_redone_trunc_cp/t2_a5_customer_day/total","t2_a5_customer_day","nonvegan",NA,"restaurant","9XKJD8DQTH559","slope",0.0254535802679267,-0.290183397175,0.35051318025,1.03846669165558,1.0026719067226,1.02945645939797,132.966344451893,1696.78051509925
"model_fits/finalized_redone_trunc_cp/t2_a5_customer_day/nonvegan","model_fits/finalized_redone_trunc_cp/t2_a5_customer_day/total","t2_a5_customer_day","nonvegan",NA,"restaurant","9XKJD8DQTH559","gender_male",0.00016823468328706,-0.41939399495,0.424749996,1.02476672560371,1.00025941983033,1.20620801213116,10.5898679427116,78.7627810691199
"model_fits/finalized_redone_trunc_cp/t2_a5_customer_day/nonvegan","model_fits/finalized_redone_trunc_cp/t2_a5_customer_day/total","t2_a5_customer_day","nonvegan",NA,"restaurant","9XKJD8DQTH559","gender_female",0.13527083141343,-0.8345838875,1.1206676318,1.28862696688724,1.01480372960692,1.10115407766876,317.398811860939,926.611710430802
"model_fits/finalized_redone_trunc_cp/t2_a5_customer_day/nonvegan","model_fits/finalized_redone_trunc_cp/t2_a5_customer_day/total","t2_a5_customer_day","nonvegan",NA,"restaurant","C0BE4NDSW26QN","level",-0.0673627445528163,-0.354209727,0.21045995425,0.945030964878918,0.993394705809559,1.2564344999708,9.02606301168601,37.1081255351705
"model_fits/finalized_redone_trunc_cp/t2_a5_customer_day/nonvegan","model_fits/finalized_redone_trunc_cp/t2_a5_customer_day/total","t2_a5_customer_day","nonvegan",NA,"restaurant","C0BE4NDSW26QN","slope",0.0179733079671533,-0.19633062875,0.21462650305,1.02325087040299,1.00184950232707,1.1063024585406,152.354292615386,438.382247316734
"model_fits/finalized_redone_trunc_cp/t2_a5_customer_day/nonvegan","model_fits/finalized_redone_trunc_cp/t2_a5_customer_day/total","t2_a5_customer_day","nonvegan",NA,"restaurant","C0BE4NDSW26QN","gender_male",0.00619773289620433,-0.378028160125,0.378930340205,1.02416361247719,1.00079756586619,1.04244377981172,79.1607936720602,911.634186519857
"model_fits/finalized_redone_trunc_cp/t2_a5_customer_day/nonvegan","model_fits/finalized_redone_trunc_cp/t2_a5_customer_day/total","t2_a5_customer_day","nonvegan",NA,"restaurant","C0BE4NDSW26QN","gender_female",-0.01244343093805,-0.660657781625,0.601839459,1.0367732118324,0.999241922956081,1.10500828346266,21.108553988278,1127.74031949504
"model_fits/finalized_redone_trunc_cp/t2_a5_customer_day/nonvegan","model_fits/finalized_redone_trunc_cp/t2_a5_customer_day/total","t2_a5_customer_day","nonvegan",NA,"restaurant","ED5J990H5VAZT","level",-0.0118865348897035,-0.090981496125,0.0724003870575,0.98902686598979,0.998820556203941,1.04656855840556,50.886178160784,1699.89993417984
"model_fits/finalized_redone_trunc_cp/t2_a5_customer_day/nonvegan","model_fits/finalized_redone_trunc_cp/t2_a5_customer_day/total","t2_a5_customer_day","nonvegan",NA,"restaurant","ED5J990H5VAZT","slope",-0.0173437205151183,-0.137716389575,0.099721970825,0.984572096102481,0.998285057778488,1.02771501512088,298.581802048113,1087.11596260643
"model_fits/finalized_redone_trunc_cp/t2_a5_customer_day/nonvegan","model_fits/finalized_redone_trunc_cp/t2_a5_customer_day/total","t2_a5_customer_day","nonvegan",NA,"restaurant","ED5J990H5VAZT","gender_male",0.0151206511007938,-0.04392942135,0.075637933805,1.01569826361834,1.00151777406569,1.17817408324024,1750.74035309155,2229.9284867836
"model_fits/finalized_redone_trunc_cp/t2_a5_customer_day/nonvegan","model_fits/finalized_redone_trunc_cp/t2_a5_customer_day/total","t2_a5_customer_day","nonvegan",NA,"restaurant","ED5J990H5VAZT","gender_female",0.00310586127314667,-0.058201277025,0.064545677575,1.00359624527888,1.00031547553583,1.04958146438065,222.645476950537,2283.77709318971
"model_fits/finalized_redone_trunc_cp/t2_a5_customer_day/nonvegan","model_fits/finalized_redone_trunc_cp/t2_a5_customer_day/total","t2_a5_customer_day","nonvegan",NA,"restaurant","EMBVNVD207CC6","level",-0.00924929186032113,-0.3038678209,0.278213591,1.00149302429636,0.999182823091657,1.20031004678013,10.7270277209125,118.863489069673
"model_fits/finalized_redone_trunc_cp/t2_a5_customer_day/nonvegan","model_fits/finalized_redone_trunc_cp/t2_a5_customer_day/total","t2_a5_customer_day","nonvegan",NA,"restaurant","EMBVNVD207CC6","slope",-0.134703909486135,-0.3931471812,0.1731874635,0.883436775622922,0.986724897844669,1.20643925073248,10.5140810301492,119.334958708424
"model_fits/finalized_redone_trunc_cp/t2_a5_customer_day/nonvegan","model_fits/finalized_redone_trunc_cp/t2_a5_customer_day/total","t2_a5_customer_day","nonvegan",NA,"restaurant","EMBVNVD207CC6","gender_male",0.212249655949867,-0.0270672965,0.46382996725,1.24606922768347,1.02153061868035,1.11193807146022,18.4463628782089,1045.79798894094
"model_fits/finalized_redone_trunc_cp/t2_a5_customer_day/nonvegan","model_fits/finalized_redone_trunc_cp/t2_a5_customer_day/total","t2_a5_customer_day","nonvegan",NA,"restaurant","EMBVNVD207CC6","gender_female",0.157378781596383,-0.1862594067,0.49802835025,1.18824944447541,1.01601520951777,1.23652517729504,622.060641131196,237.507748163081
"model_fits/finalized_redone_trunc_cp/t2_a5_customer_day/nonvegan","model_fits/finalized_redone_trunc_cp/t2_a5_customer_day/total","t2_a5_customer_day","nonvegan",NA,"restaurant","L69HYJ4Y3TR91","level",0.0177361035382165,-0.19784434345,0.219161299075,1.02356199539983,1.00183103479362,1.18047289513664,11.7324290481768,303.238306896664
"model_fits/finalized_redone_trunc_cp/t2_a5_customer_day/nonvegan","model_fits/finalized_redone_trunc_cp/t2_a5_customer_day/total","t2_a5_customer_day","nonvegan",NA,"restaurant","L69HYJ4Y3TR91","slope",-0.00600072430794667,-0.330057339,0.306795840875,1.00607685329798,0.999520874360171,1.15659691456371,546.046817524747,391.151570084806
"model_fits/finalized_redone_trunc_cp/t2_a5_customer_day/nonvegan","model_fits/finalized_redone_trunc_cp/t2_a5_customer_day/total","t2_a5_customer_day","nonvegan",NA,"restaurant","L69HYJ4Y3TR91","gender_male",0.116068516549433,-0.151636859375,0.377844217,1.13390616122265,1.01177205486863,1.09985640736192,23.6659632345015,217.779232380615
"model_fits/finalized_redone_trunc_cp/t2_a5_customer_day/nonvegan","model_fits/finalized_redone_trunc_cp/t2_a5_customer_day/total","t2_a5_customer_day","nonvegan",NA,"restaurant","L69HYJ4Y3TR91","gender_female",0.0278643558794411,-0.2180828911,0.263431536725,1.03573872142815,1.00286328620546,1.06228138930484,35.3270196028238,1263.11037429481
"model_fits/finalized_redone_trunc_cp/t2_a5_customer_day/nonvegan","model_fits/finalized_redone_trunc_cp/t2_a5_customer_day/total","t2_a5_customer_day","nonvegan",NA,"restaurant","LBZEEFSBJNB3Z","level",-0.0211967278128353,-0.212462056325,0.154014551125,0.982978587786301,0.997922981580683,1.13755818202282,502.514769162427,1209.81182556293
"model_fits/finalized_redone_trunc_cp/t2_a5_customer_day/nonvegan","model_fits/finalized_redone_trunc_cp/t2_a5_customer_day/total","t2_a5_customer_day","nonvegan",NA,"restaurant","LBZEEFSBJNB3Z","slope",-0.0392455656159335,-0.351134103,0.209842864775,0.970693308938204,0.996179414243145,1.07675712162863,219.145770621397,327.126081204572
"model_fits/finalized_redone_trunc_cp/t2_a5_customer_day/nonvegan","model_fits/finalized_redone_trunc_cp/t2_a5_customer_day/total","t2_a5_customer_day","nonvegan",NA,"restaurant","LBZEEFSBJNB3Z","gender_male",-0.03441507020088,-0.2331353675,0.190066235675,0.972169615276131,0.996625848620036,1.08690917765503,25.4390028889529,1155.96595288778
"model_fits/finalized_redone_trunc_cp/t2_a5_customer_day/nonvegan","model_fits/finalized_redone_trunc_cp/t2_a5_customer_day/total","t2_a5_customer_day","nonvegan",NA,"restaurant","LBZEEFSBJNB3Z","gender_female",-0.00059884095280766,-0.1849129644,0.19265742,1.00428212702108,0.999988727747678,1.17016756323387,12.705203885382,119.065517575834
"model_fits/finalized_redone_trunc_cp/t2_a5_customer_day/nonvegan","model_fits/finalized_redone_trunc_cp/t2_a5_customer_day/total","t2_a5_customer_day","nonvegan",NA,"restaurant","LQ5EH4BKGV61T","level",-0.0408995235386353,-0.33846949875,0.27879366645,0.971007535283808,0.99603268874037,1.182899458522,11.5453451585826,238.664015655373
"model_fits/finalized_redone_trunc_cp/t2_a5_customer_day/nonvegan","model_fits/finalized_redone_trunc_cp/t2_a5_customer_day/total","t2_a5_customer_day","nonvegan",NA,"restaurant","LQ5EH4BKGV61T","slope",-0.010812414550509,-0.348954843,0.3072096525,1.00200589726109,0.999047759987481,1.14098677692559,801.037537660283,1056.04879364462
"model_fits/finalized_redone_trunc_cp/t2_a5_customer_day/nonvegan","model_fits/finalized_redone_trunc_cp/t2_a5_customer_day/total","t2_a5_customer_day","nonvegan",NA,"restaurant","LQ5EH4BKGV61T","gender_male",0.0208525115160607,-0.396662169075,0.4609888848,1.04517681914297,1.00231817491644,1.04183541338314,66.8471132672816,203.398250223154
"model_fits/finalized_redone_trunc_cp/t2_a5_customer_day/nonvegan","model_fits/finalized_redone_trunc_cp/t2_a5_customer_day/total","t2_a5_customer_day","nonvegan",NA,"restaurant","LQ5EH4BKGV61T","gender_female",0.094005625588023,-0.556824639075,0.743477631,1.16130186328819,1.00999753755682,1.1791767805985,11.9309556911789,363.846753912258
"model_fits/finalized_redone_trunc_cp/t2_a5_customer_day/nonvegan","model_fits/finalized_redone_trunc_cp/t2_a5_customer_day/total","t2_a5_customer_day","nonvegan",NA,"restaurant","S8MT0YGD2KTN9","level",-0.00395791607729667,-0.248688388,0.24755029225,1.00347850933569,0.999678227445118,1.04765514978692,70.6648884224883,228.460062724432
"model_fits/finalized_redone_trunc_cp/t2_a5_customer_day/nonvegan","model_fits/finalized_redone_trunc_cp/t2_a5_customer_day/total","t2_a5_customer_day","nonvegan",NA,"restaurant","S8MT0YGD2KTN9","slope",0.0430543882809785,-0.10335497874,0.205505332875,1.04737230825343,1.00434706844065,1.04200264770536,198.998113258496,553.699652382995
"model_fits/finalized_redone_trunc_cp/t2_a5_customer_day/nonvegan","model_fits/finalized_redone_trunc_cp/t2_a5_customer_day/total","t2_a5_customer_day","nonvegan",NA,"restaurant","S8MT0YGD2KTN9","gender_male",0.032581857482884,-0.1832652871,0.27006810475,1.03981959970253,1.00332802740878,1.03558031081072,118.636391828378,965.400751781047
"model_fits/finalized_redone_trunc_cp/t2_a5_customer_day/nonvegan","model_fits/finalized_redone_trunc_cp/t2_a5_customer_day/total","t2_a5_customer_day","nonvegan",NA,"restaurant","S8MT0YGD2KTN9","gender_female",0.01246426859932,-0.28785900175,0.284472857875,1.02313421438039,1.00135200141741,1.1848201485256,614.746560482486,1220.3115054451
"model_fits/finalized_redone_trunc_cp/t2_a5_customer_day/nonvegan","model_fits/finalized_redone_trunc_cp/t2_a5_customer_day/total","t2_a5_customer_day","nonvegan",NA,"restaurant","SAFK7ND1HR6XS","level",-0.00801002724989027,-0.17949681765,0.1817324195,0.996108248024183,0.999240200648191,1.08737064463492,25.0180872038634,627.442872136044
"model_fits/finalized_redone_trunc_cp/t2_a5_customer_day/nonvegan","model_fits/finalized_redone_trunc_cp/t2_a5_customer_day/total","t2_a5_customer_day","nonvegan",NA,"restaurant","SAFK7ND1HR6XS","slope",-0.014127950574502,-0.336749965025,0.29935001575,0.997990724040192,0.998709290970133,1.02935620517766,182.180708527646,823.226803456239
"model_fits/finalized_redone_trunc_cp/t2_a5_customer_day/nonvegan","model_fits/finalized_redone_trunc_cp/t2_a5_customer_day/total","t2_a5_customer_day","nonvegan",NA,"restaurant","SAFK7ND1HR6XS","gender_male",0.0727377917464233,-0.167665525775,0.2937553795,1.08312043180359,1.00737239113331,1.07335081081729,31.137997264144,644.979734338918
"model_fits/finalized_redone_trunc_cp/t2_a5_customer_day/nonvegan","model_fits/finalized_redone_trunc_cp/t2_a5_customer_day/total","t2_a5_customer_day","nonvegan",NA,"restaurant","SAFK7ND1HR6XS","gender_female",-0.0117707217271373,-0.2973591935,0.249532811175,0.99780371149642,0.998919697246215,1.11762519799896,18.3695584558115,1334.97273131161
"model_fits/finalized_redone_trunc_cp/t2_a5_customer_day/nonvegan","model_fits/finalized_redone_trunc_cp/t2_a5_customer_day/total","t2_a5_customer_day","nonvegan",NA,"restaurant","SRQS8F7JWA9MZ","level",0.0221082982175816,-0.11947480175,0.1614941108,1.02492396128803,1.00223848070024,1.06855765480995,447.222194202176,1021.30361068068
"model_fits/finalized_redone_trunc_cp/t2_a5_customer_day/nonvegan","model_fits/finalized_redone_trunc_cp/t2_a5_customer_day/total","t2_a5_customer_day","nonvegan",NA,"restaurant","SRQS8F7JWA9MZ","slope",0.0044605409506919,-0.26169314975,0.283677877,1.01339766189131,1.00053343982262,1.06139954752775,39.1849773271388,415.251920595792
"model_fits/finalized_redone_trunc_cp/t2_a5_customer_day/nonvegan","model_fits/finalized_redone_trunc_cp/t2_a5_customer_day/total","t2_a5_customer_day","nonvegan",NA,"restaurant","SRQS8F7JWA9MZ","gender_male",-0.0372579938103783,-0.24605786685,0.17740679125,0.968583575724714,0.996334191139915,1.0400411051901,77.8527897722924,982.510965212939
"model_fits/finalized_redone_trunc_cp/t2_a5_customer_day/nonvegan","model_fits/finalized_redone_trunc_cp/t2_a5_customer_day/total","t2_a5_customer_day","nonvegan",NA,"restaurant","SRQS8F7JWA9MZ","gender_female",0.0720865216753723,-0.13936296625,0.302181051375,1.08150016987749,1.00729751505811,1.07611425039129,716.651952224132,1847.81676741951
"model_fits/finalized_redone_trunc_cp/t2_a5_customer_day/nonvegan","model_fits/finalized_redone_trunc_cp/t2_a5_customer_day/total","t2_a5_customer_day","nonvegan",NA,"restaurant","V3Q26BHF3SE2H","level",-0.0663714338351767,-0.2602195125,0.110956817875,0.939899083067797,0.993428581371506,1.24979953918846,713.934296258215,862.085321776143
"model_fits/finalized_redone_trunc_cp/t2_a5_customer_day/nonvegan","model_fits/finalized_redone_trunc_cp/t2_a5_customer_day/total","t2_a5_customer_day","nonvegan",NA,"restaurant","V3Q26BHF3SE2H","slope",0.0254486689611517,-0.31173611575,0.3370674614,1.03918193765962,1.00267505874947,1.03519153716622,111.636941583124,1417.73091377602
"model_fits/finalized_redone_trunc_cp/t2_a5_customer_day/nonvegan","model_fits/finalized_redone_trunc_cp/t2_a5_customer_day/total","t2_a5_customer_day","nonvegan",NA,"restaurant","V3Q26BHF3SE2H","gender_male",0.0395610266063158,-0.270818907225,0.34736560825,1.05262684265976,1.00408123016288,1.23797783916812,929.741149255128,1011.68281914215
"model_fits/finalized_redone_trunc_cp/t2_a5_customer_day/nonvegan","model_fits/finalized_redone_trunc_cp/t2_a5_customer_day/total","t2_a5_customer_day","nonvegan",NA,"restaurant","V3Q26BHF3SE2H","gender_female",0.0378618664532633,-0.37797293625,0.483166740825,1.06407795659767,1.00403495104582,1.03289278118579,214.894185515733,1146.75612441404
"model_fits/finalized_redone_trunc_cp/t2_a5_customer_day/nonvegan","model_fits/finalized_redone_trunc_cp/t2_a5_customer_day/total","t2_a5_customer_day","nonvegan",NA,"restaurant","W8T41JZK0ZMEP","level",0.037739817219433,-0.144019083425,0.2301083275,1.04340234697659,1.00382849469312,1.0985137028264,22.0986021046436,1518.60875726871
"model_fits/finalized_redone_trunc_cp/t2_a5_customer_day/nonvegan","model_fits/finalized_redone_trunc_cp/t2_a5_customer_day/total","t2_a5_customer_day","nonvegan",NA,"restaurant","W8T41JZK0ZMEP","slope",-0.00604908976780567,-0.38694242175,0.3243627105,1.00996774583261,0.999554301054295,1.17812669838491,12.6028798807728,504.586511377996
"model_fits/finalized_redone_trunc_cp/t2_a5_customer_day/nonvegan","model_fits/finalized_redone_trunc_cp/t2_a5_customer_day/total","t2_a5_customer_day","nonvegan",NA,"restaurant","W8T41JZK0ZMEP","gender_male",0.16004761111968,-0.1988898885,0.640667199675,1.20084891512586,1.0163598828636,1.16163978097752,12.801668092933,374.431552119755
"model_fits/finalized_redone_trunc_cp/t2_a5_customer_day/nonvegan","model_fits/finalized_redone_trunc_cp/t2_a5_customer_day/total","t2_a5_customer_day","nonvegan",NA,"restaurant","W8T41JZK0ZMEP","gender_female",0.0554717101439783,-0.30357851775,0.403332227,1.07470398929473,1.00572973285837,1.09735927055052,20.652723346652,229.248863918333
"model_fits/finalized_redone_trunc_cp/t2_a5_customer_day/vegan","model_fits/finalized_redone_trunc_cp/t2_a5_customer_day/total","t2_a5_customer_day","vegan",1,"pooled",NA,"level",-0.0187739962109667,-0.095078325,0.04884664,0.982048377795893,0.998130959864282,1.00187155161884,196.816848203545,429.716971513603
"model_fits/finalized_redone_trunc_cp/t2_a5_customer_day/vegan","model_fits/finalized_redone_trunc_cp/t2_a5_customer_day/total","t2_a5_customer_day","vegan",2,"pooled",NA,"slope",-0.0304824561470767,-0.1369705,0.066749755,0.97124861098023,0.996969496562168,1.02677503231156,165.43099339286,214.372088807606
"model_fits/finalized_redone_trunc_cp/t2_a5_customer_day/vegan","model_fits/finalized_redone_trunc_cp/t2_a5_customer_day/total","t2_a5_customer_day","vegan",3,"pooled",NA,"gender_male",-0.00949477593306,-0.111399455,0.0793912425,0.991641484310452,0.999062028529855,1.01802562113738,233.27154257232,351.079657517337
"model_fits/finalized_redone_trunc_cp/t2_a5_customer_day/vegan","model_fits/finalized_redone_trunc_cp/t2_a5_customer_day/total","t2_a5_customer_day","vegan",4,"pooled",NA,"gender_female",0.0481139529115567,-0.1049896365,0.202778886,1.05240091124639,1.00485268257432,1.00663295660002,159.273829640505,157.194853789171
"model_fits/finalized_redone_trunc_cp/t2_a5_customer_day/vegan","model_fits/finalized_redone_trunc_cp/t2_a5_customer_day/total","t2_a5_customer_day","vegan",NA,"restaurant","1SQPTEGYPH0GA","level",-0.0920460622515,-0.34619361185,0.04627278425,0.916737721084539,0.990890098545249,1.01842704098224,180.023693734523,768.137308611585
"model_fits/finalized_redone_trunc_cp/t2_a5_customer_day/vegan","model_fits/finalized_redone_trunc_cp/t2_a5_customer_day/total","t2_a5_customer_day","vegan",NA,"restaurant","1SQPTEGYPH0GA","slope",-0.184712051778433,-0.399053983,0.03457479725,0.837255880284591,0.981767704335068,1.02076038647337,193.817184855604,466.469472125636
"model_fits/finalized_redone_trunc_cp/t2_a5_customer_day/vegan","model_fits/finalized_redone_trunc_cp/t2_a5_customer_day/total","t2_a5_customer_day","vegan",NA,"restaurant","1SQPTEGYPH0GA","gender_male",-0.0694872766962667,-0.29221699,0.109018805,0.93767811013867,0.993127075782854,1.00509224131491,424.438116211885,805.091869801506
"model_fits/finalized_redone_trunc_cp/t2_a5_customer_day/vegan","model_fits/finalized_redone_trunc_cp/t2_a5_customer_day/total","t2_a5_customer_day","vegan",NA,"restaurant","1SQPTEGYPH0GA","gender_female",0.479322567008567,0.1714359,0.773540985,1.63431891508137,1.04922458150189,1.00934539242031,344.767777578314,1070.97619259875
"model_fits/finalized_redone_trunc_cp/t2_a5_customer_day/vegan","model_fits/finalized_redone_trunc_cp/t2_a5_customer_day/total","t2_a5_customer_day","vegan",NA,"restaurant","2HRX9P6HKXA8V","level",0.00962538829136667,-0.125568476,0.14490858275,1.01192189791023,1.00098528129806,1.00367580565256,291.003368391428,657.08537559674
"model_fits/finalized_redone_trunc_cp/t2_a5_customer_day/vegan","model_fits/finalized_redone_trunc_cp/t2_a5_customer_day/total","t2_a5_customer_day","vegan",NA,"restaurant","2HRX9P6HKXA8V","slope",-0.025156211016566,-0.113678455,0.059595668,0.976112389283276,0.997497305345254,1.02210723391388,252.079497314853,590.592904428296
"model_fits/finalized_redone_trunc_cp/t2_a5_customer_day/vegan","model_fits/finalized_redone_trunc_cp/t2_a5_customer_day/total","t2_a5_customer_day","vegan",NA,"restaurant","2HRX9P6HKXA8V","gender_male",0.00326205693526,-0.161696785,0.15993501,1.00638262166901,1.00035738104268,1.00946788441098,222.915663844505,722.986198013478
"model_fits/finalized_redone_trunc_cp/t2_a5_customer_day/vegan","model_fits/finalized_redone_trunc_cp/t2_a5_customer_day/total","t2_a5_customer_day","vegan",NA,"restaurant","2HRX9P6HKXA8V","gender_female",0.1986176606659,0.011416845,0.3892877575,1.22556894389394,1.02010913913075,1.00518849532349,233.709381593714,437.962624876713
"model_fits/finalized_redone_trunc_cp/t2_a5_customer_day/vegan","model_fits/finalized_redone_trunc_cp/t2_a5_customer_day/total","t2_a5_customer_day","vegan",NA,"restaurant","78AY09MVJVTYE","level",-0.063451711636366,-0.249393565,0.08115591725,0.941550454639366,0.993707465997503,1.0082681195133,219.196681686599,622.12268296812
"model_fits/finalized_redone_trunc_cp/t2_a5_customer_day/vegan","model_fits/finalized_redone_trunc_cp/t2_a5_customer_day/total","t2_a5_customer_day","vegan",NA,"restaurant","78AY09MVJVTYE","slope",-0.0263958277840333,-0.11392379,0.0548698325,0.974849523124465,0.997373115421379,1.01357429406594,168.909270469143,231.248635500421
"model_fits/finalized_redone_trunc_cp/t2_a5_customer_day/vegan","model_fits/finalized_redone_trunc_cp/t2_a5_customer_day/total","t2_a5_customer_day","vegan",NA,"restaurant","78AY09MVJVTYE","gender_male",0.130322654227467,-0.0450910225,0.3502970925,1.14529402499994,1.01317104831159,1.00247023535294,523.101940508641,1302.19250841359
"model_fits/finalized_redone_trunc_cp/t2_a5_customer_day/vegan","model_fits/finalized_redone_trunc_cp/t2_a5_customer_day/total","t2_a5_customer_day","vegan",NA,"restaurant","78AY09MVJVTYE","gender_female",-0.214081999813833,-0.4744553325,0.03376437,0.813994326484736,0.978900590004169,1.01116787391107,281.622046929915,402.248665398665
"model_fits/finalized_redone_trunc_cp/t2_a5_customer_day/vegan","model_fits/finalized_redone_trunc_cp/t2_a5_customer_day/total","t2_a5_customer_day","vegan",NA,"restaurant","9XKJD8DQTH559","level",-0.114090796334466,-0.3254080525,0.11220929,0.897877753970966,0.988717768083292,1.01043364524342,278.43744683492,838.123058866009
"model_fits/finalized_redone_trunc_cp/t2_a5_customer_day/vegan","model_fits/finalized_redone_trunc_cp/t2_a5_customer_day/total","t2_a5_customer_day","vegan",NA,"restaurant","9XKJD8DQTH559","slope",-0.06298849470907,-0.31092695,0.17121598925,0.945663704006842,0.99379279120753,1.0144053130457,301.428573140359,680.534518479902
"model_fits/finalized_redone_trunc_cp/t2_a5_customer_day/vegan","model_fits/finalized_redone_trunc_cp/t2_a5_customer_day/total","t2_a5_customer_day","vegan",NA,"restaurant","9XKJD8DQTH559","gender_male",-0.1550527002922,-0.4839612125,0.1636544175,0.868192990683234,0.984749528147597,1.00697321916157,593.819977938228,1089.14630444202
"model_fits/finalized_redone_trunc_cp/t2_a5_customer_day/vegan","model_fits/finalized_redone_trunc_cp/t2_a5_customer_day/total","t2_a5_customer_day","vegan",NA,"restaurant","9XKJD8DQTH559","gender_female",0.517218082766033,-0.089561515,1.3900144075,1.82864026517939,1.05393845906358,1.00603838147105,594.238503424332,1021.45358688584
"model_fits/finalized_redone_trunc_cp/t2_a5_customer_day/vegan","model_fits/finalized_redone_trunc_cp/t2_a5_customer_day/total","t2_a5_customer_day","vegan",NA,"restaurant","C0BE4NDSW26QN","level",0.0509253681826667,-0.17623925,0.2797103575,1.0589926186498,1.00516977988433,1.00565811580471,319.891706185735,483.130554135229
"model_fits/finalized_redone_trunc_cp/t2_a5_customer_day/vegan","model_fits/finalized_redone_trunc_cp/t2_a5_customer_day/total","t2_a5_customer_day","vegan",NA,"restaurant","C0BE4NDSW26QN","slope",-0.00496690725603,-0.15518057525,0.1608692495,0.998020669067899,0.999532977164337,1.00730037005786,370.907990334482,644.223205943202
"model_fits/finalized_redone_trunc_cp/t2_a5_customer_day/vegan","model_fits/finalized_redone_trunc_cp/t2_a5_customer_day/total","t2_a5_customer_day","vegan",NA,"restaurant","C0BE4NDSW26QN","gender_male",-0.0309169946907733,-0.38775541,0.3115337235,0.98395776680825,0.997060295204336,1.00568986566489,390.217193536669,815.184272483896
"model_fits/finalized_redone_trunc_cp/t2_a5_customer_day/vegan","model_fits/finalized_redone_trunc_cp/t2_a5_customer_day/total","t2_a5_customer_day","vegan",NA,"restaurant","C0BE4NDSW26QN","gender_female",-0.1075478401236,-0.68704070425,0.418705145,0.928092539141936,0.989626372968149,1.0059255775137,443.514959448112,876.643397000479
"model_fits/finalized_redone_trunc_cp/t2_a5_customer_day/vegan","model_fits/finalized_redone_trunc_cp/t2_a5_customer_day/total","t2_a5_customer_day","vegan",NA,"restaurant","ED5J990H5VAZT","level",0.0178845278364207,-0.04382734025,0.0811155465,1.01857773266433,1.00179528652302,1.00358301298433,663.140038965307,1239.45983112497
"model_fits/finalized_redone_trunc_cp/t2_a5_customer_day/vegan","model_fits/finalized_redone_trunc_cp/t2_a5_customer_day/total","t2_a5_customer_day","vegan",NA,"restaurant","ED5J990H5VAZT","slope",-0.00701416081916333,-0.1051023525,0.0879521715,0.994187605321547,0.99931067965403,1.01252074437778,285.036392161756,634.812491320148
"model_fits/finalized_redone_trunc_cp/t2_a5_customer_day/vegan","model_fits/finalized_redone_trunc_cp/t2_a5_customer_day/total","t2_a5_customer_day","vegan",NA,"restaurant","ED5J990H5VAZT","gender_male",0.0150180482764433,-0.0309559754225,0.0612998507,1.01541238219653,1.00150570479602,1.00049784478614,1053.65165362605,2059.30854086815
"model_fits/finalized_redone_trunc_cp/t2_a5_customer_day/vegan","model_fits/finalized_redone_trunc_cp/t2_a5_customer_day/total","t2_a5_customer_day","vegan",NA,"restaurant","ED5J990H5VAZT","gender_female",-0.0266238453704167,-0.07365265,0.01912994525,0.974011726118477,0.997344068401292,0.999824254080402,958.328531964696,1738.28275999802
"model_fits/finalized_redone_trunc_cp/t2_a5_customer_day/vegan","model_fits/finalized_redone_trunc_cp/t2_a5_customer_day/total","t2_a5_customer_day","vegan",NA,"restaurant","EMBVNVD207CC6","level",-0.0916580550919967,-0.3362712575,0.05906107025,0.917198038223093,0.990929291229822,1.00584901393131,348.6368737901,729.630720739584
"model_fits/finalized_redone_trunc_cp/t2_a5_customer_day/vegan","model_fits/finalized_redone_trunc_cp/t2_a5_customer_day/total","t2_a5_customer_day","vegan",NA,"restaurant","EMBVNVD207CC6","slope",-0.184791416967433,-0.4023150375,0.0430481675000001,0.837229396243519,0.981760345753901,1.0135828335053,242.070952028159,470.887101379155
"model_fits/finalized_redone_trunc_cp/t2_a5_customer_day/vegan","model_fits/finalized_redone_trunc_cp/t2_a5_customer_day/total","t2_a5_customer_day","vegan",NA,"restaurant","EMBVNVD207CC6","gender_male",-0.0520281358296,-0.2263132384,0.10827817,0.952673137654076,0.994846135058674,1.00978969524798,234.06018430349,696.746357649466
"model_fits/finalized_redone_trunc_cp/t2_a5_customer_day/vegan","model_fits/finalized_redone_trunc_cp/t2_a5_customer_day/total","t2_a5_customer_day","vegan",NA,"restaurant","EMBVNVD207CC6","gender_female",0.0228481918200367,-0.228804675,0.282369203,1.03180842697085,1.00237208903175,1.00331224271804,364.022634661689,947.326497361417
"model_fits/finalized_redone_trunc_cp/t2_a5_customer_day/vegan","model_fits/finalized_redone_trunc_cp/t2_a5_customer_day/total","t2_a5_customer_day","vegan",NA,"restaurant","L69HYJ4Y3TR91","level",-0.0367661029444633,-0.2074700575,0.110044265,0.966791572331759,0.996360212243465,1.00981065318029,383.880224145741,754.173589288754
"model_fits/finalized_redone_trunc_cp/t2_a5_customer_day/vegan","model_fits/finalized_redone_trunc_cp/t2_a5_customer_day/total","t2_a5_customer_day","vegan",NA,"restaurant","L69HYJ4Y3TR91","slope",-0.0179962862716667,-0.269333313,0.240542355,0.989949027768501,0.998280726839281,1.00732639052992,329.220779530669,682.54685483489
"model_fits/finalized_redone_trunc_cp/t2_a5_customer_day/vegan","model_fits/finalized_redone_trunc_cp/t2_a5_customer_day/total","t2_a5_customer_day","vegan",NA,"restaurant","L69HYJ4Y3TR91","gender_male",-0.176697345051233,-0.38015033,0.0155057625,0.842582646790287,0.982538918090377,1.00767168208866,363.032720551418,859.118183997211
"model_fits/finalized_redone_trunc_cp/t2_a5_customer_day/vegan","model_fits/finalized_redone_trunc_cp/t2_a5_customer_day/total","t2_a5_customer_day","vegan",NA,"restaurant","L69HYJ4Y3TR91","gender_female",0.051631317813,-0.13612491175,0.23739695975,1.05756560136441,1.00522014914945,1.00523715086137,418.344861051803,999.765665710502
"model_fits/finalized_redone_trunc_cp/t2_a5_customer_day/vegan","model_fits/finalized_redone_trunc_cp/t2_a5_customer_day/total","t2_a5_customer_day","vegan",NA,"restaurant","LBZEEFSBJNB3Z","level",0.0370001620976,-0.087862785,0.18504934175,1.04018602507811,1.0037307411726,1.01489114798566,218.572473993846,215.894031561776
"model_fits/finalized_redone_trunc_cp/t2_a5_customer_day/vegan","model_fits/finalized_redone_trunc_cp/t2_a5_customer_day/total","t2_a5_customer_day","vegan",NA,"restaurant","LBZEEFSBJNB3Z","slope",0.0965801259592,-0.07869526125,0.322775965,1.10729043565023,1.00975800514655,1.01079281155842,159.727150232483,251.423896917936
"model_fits/finalized_redone_trunc_cp/t2_a5_customer_day/vegan","model_fits/finalized_redone_trunc_cp/t2_a5_customer_day/total","t2_a5_customer_day","vegan",NA,"restaurant","LBZEEFSBJNB3Z","gender_male",0.118981474498667,-0.02301749475,0.27993901375,1.12993644920242,1.01200122272839,1.00749141183427,506.610348465201,1039.61183577459
"model_fits/finalized_redone_trunc_cp/t2_a5_customer_day/vegan","model_fits/finalized_redone_trunc_cp/t2_a5_customer_day/total","t2_a5_customer_day","vegan",NA,"restaurant","LBZEEFSBJNB3Z","gender_female",-0.0902379317363333,-0.2237446333,0.042454402,0.915866347189446,0.991040139225298,1.01350490350314,445.15008591367,1190.6667152057
"model_fits/finalized_redone_trunc_cp/t2_a5_customer_day/vegan","model_fits/finalized_redone_trunc_cp/t2_a5_customer_day/total","t2_a5_customer_day","vegan",NA,"restaurant","LQ5EH4BKGV61T","level",-0.00220412516993333,-0.20504389,0.2206660175,1.00272483157656,0.999828163105008,1.00320594323979,397.28193805512,670.31632852843
"model_fits/finalized_redone_trunc_cp/t2_a5_customer_day/vegan","model_fits/finalized_redone_trunc_cp/t2_a5_customer_day/total","t2_a5_customer_day","vegan",NA,"restaurant","LQ5EH4BKGV61T","slope",-0.0193372005316,-0.303488005,0.2564910725,0.989600739782092,0.998156959597779,1.00230080047693,462.276409159226,605.064350479545
"model_fits/finalized_redone_trunc_cp/t2_a5_customer_day/vegan","model_fits/finalized_redone_trunc_cp/t2_a5_customer_day/total","t2_a5_customer_day","vegan",NA,"restaurant","LQ5EH4BKGV61T","gender_male",-0.00554809756918667,-0.2934913805,0.28431469,1.00403113289119,0.999540885248289,1.0061972188925,541.176238147488,801.46703089569
"model_fits/finalized_redone_trunc_cp/t2_a5_customer_day/vegan","model_fits/finalized_redone_trunc_cp/t2_a5_customer_day/total","t2_a5_customer_day","vegan",NA,"restaurant","LQ5EH4BKGV61T","gender_female",0.0435485547801333,-0.43962645,0.548988557000001,1.07792522417086,1.00467588657567,1.00677282400101,422.131230910228,874.561348429421
"model_fits/finalized_redone_trunc_cp/t2_a5_customer_day/vegan","model_fits/finalized_redone_trunc_cp/t2_a5_customer_day/total","t2_a5_customer_day","vegan",NA,"restaurant","S8MT0YGD2KTN9","level",0.0450259256138867,-0.1041953175,0.274245553,1.05093972954834,1.00455846240234,1.00532424913564,191.944376072141,521.009471425749
"model_fits/finalized_redone_trunc_cp/t2_a5_customer_day/vegan","model_fits/finalized_redone_trunc_cp/t2_a5_customer_day/total","t2_a5_customer_day","vegan",NA,"restaurant","S8MT0YGD2KTN9","slope",-0.0213424509640333,-0.1396795,0.1084506325,0.980845467967566,0.997887979788149,1.00985443083342,259.49107480141,390.644565105874
"model_fits/finalized_redone_trunc_cp/t2_a5_customer_day/vegan","model_fits/finalized_redone_trunc_cp/t2_a5_customer_day/total","t2_a5_customer_day","vegan",NA,"restaurant","S8MT0YGD2KTN9","gender_male",0.0273925998929233,-0.128228189,0.18871857575,1.03106163482969,1.00277499027806,1.00255091486401,368.335085194916,1065.78381014992
"model_fits/finalized_redone_trunc_cp/t2_a5_customer_day/vegan","model_fits/finalized_redone_trunc_cp/t2_a5_customer_day/total","t2_a5_customer_day","vegan",NA,"restaurant","S8MT0YGD2KTN9","gender_female",0.0869851059580467,-0.123454635,0.30398233075,1.09741798440858,1.00879675829703,1.00210364585199,518.025932640627,1245.4838068511
"model_fits/finalized_redone_trunc_cp/t2_a5_customer_day/vegan","model_fits/finalized_redone_trunc_cp/t2_a5_customer_day/total","t2_a5_customer_day","vegan",NA,"restaurant","SAFK7ND1HR6XS","level",-0.0332291850348533,-0.17186231825,0.10020861675,0.969555252215107,0.996705670672999,1.00296774479308,348.987734161578,845.017619568137
"model_fits/finalized_redone_trunc_cp/t2_a5_customer_day/vegan","model_fits/finalized_redone_trunc_cp/t2_a5_customer_day/total","t2_a5_customer_day","vegan",NA,"restaurant","SAFK7ND1HR6XS","slope",-0.0285835928827133,-0.29828317875,0.241235265,0.980133638964891,0.997230189297219,1.00412116505362,471.25530366697,510.275344474728
"model_fits/finalized_redone_trunc_cp/t2_a5_customer_day/vegan","model_fits/finalized_redone_trunc_cp/t2_a5_customer_day/total","t2_a5_customer_day","vegan",NA,"restaurant","SAFK7ND1HR6XS","gender_male",-0.0398575507653167,-0.205056113,0.1058657285,0.963863024484678,0.996052718573256,1.00931919200382,323.140406787834,1092.04687058912
"model_fits/finalized_redone_trunc_cp/t2_a5_customer_day/vegan","model_fits/finalized_redone_trunc_cp/t2_a5_customer_day/total","t2_a5_customer_day","vegan",NA,"restaurant","SAFK7ND1HR6XS","gender_female",0.0276394174315667,-0.164382525,0.231120225,1.03315711532366,1.00281763096134,1.00895440068543,327.796506336531,767.365186639666
"model_fits/finalized_redone_trunc_cp/t2_a5_customer_day/vegan","model_fits/finalized_redone_trunc_cp/t2_a5_customer_day/total","t2_a5_customer_day","vegan",NA,"restaurant","SRQS8F7JWA9MZ","level",-0.0237484811111667,-0.12149181,0.071353515,0.977681659902698,0.997639711818841,1.00910193402746,324.994254401757,764.053631462842
"model_fits/finalized_redone_trunc_cp/t2_a5_customer_day/vegan","model_fits/finalized_redone_trunc_cp/t2_a5_customer_day/total","t2_a5_customer_day","vegan",NA,"restaurant","SRQS8F7JWA9MZ","slope",0.0775988567047224,-0.108212945,0.30378393,1.08617055845469,1.00783964651488,1.00614202216249,377.049047097443,467.009121137968
"model_fits/finalized_redone_trunc_cp/t2_a5_customer_day/vegan","model_fits/finalized_redone_trunc_cp/t2_a5_customer_day/total","t2_a5_customer_day","vegan",NA,"restaurant","SRQS8F7JWA9MZ","gender_male",-0.101255512262467,-0.2743165275,0.0552655575,0.906942682002593,0.989961168537899,1.01491142510125,202.94530726209,834.986878576547
"model_fits/finalized_redone_trunc_cp/t2_a5_customer_day/vegan","model_fits/finalized_redone_trunc_cp/t2_a5_customer_day/total","t2_a5_customer_day","vegan",NA,"restaurant","SRQS8F7JWA9MZ","gender_female",0.02907143572443,-0.137867855,0.2036665325,1.03350469162538,1.0029502341787,1.01336333778255,206.799233124062,458.35742590872
"model_fits/finalized_redone_trunc_cp/t2_a5_customer_day/vegan","model_fits/finalized_redone_trunc_cp/t2_a5_customer_day/total","t2_a5_customer_day","vegan",NA,"restaurant","V3Q26BHF3SE2H","level",0.0457572063554333,-0.0966929275,0.19372350425,1.04958328800692,1.00461257235319,1.00361863062507,489.263024904458,1041.80133055636
"model_fits/finalized_redone_trunc_cp/t2_a5_customer_day/vegan","model_fits/finalized_redone_trunc_cp/t2_a5_customer_day/total","t2_a5_customer_day","vegan",NA,"restaurant","V3Q26BHF3SE2H","slope",0.01325180938912,-0.26420627425,0.274087275,1.02058571906213,1.00139752601211,1.00341731350469,546.755202442629,619.858482783658
"model_fits/finalized_redone_trunc_cp/t2_a5_customer_day/vegan","model_fits/finalized_redone_trunc_cp/t2_a5_customer_day/total","t2_a5_customer_day","vegan",NA,"restaurant","V3Q26BHF3SE2H","gender_male",0.0392813803413933,-0.24024603025,0.318955828,1.04993004817529,1.00403036278318,1.00568261728277,332.164320460531,827.131414758442
"model_fits/finalized_redone_trunc_cp/t2_a5_customer_day/vegan","model_fits/finalized_redone_trunc_cp/t2_a5_customer_day/total","t2_a5_customer_day","vegan",NA,"restaurant","V3Q26BHF3SE2H","gender_female",0.21734343774601,-0.0625123225,0.5878612125,1.26147825623393,1.02212178183775,1.00547134485197,449.05740902313,838.797730137351
"model_fits/finalized_redone_trunc_cp/t2_a5_customer_day/vegan","model_fits/finalized_redone_trunc_cp/t2_a5_customer_day/total","t2_a5_customer_day","vegan",NA,"restaurant","W8T41JZK0ZMEP","level",-0.0736305953554,-0.25863225,0.1278696,0.933539535116595,0.992711996924186,1.02094133668315,342.130939355033,820.165359130053
"model_fits/finalized_redone_trunc_cp/t2_a5_customer_day/vegan","model_fits/finalized_redone_trunc_cp/t2_a5_customer_day/total","t2_a5_customer_day","vegan",NA,"restaurant","W8T41JZK0ZMEP","slope",0.0279522141996733,-0.22412701825,0.30357993,1.03661699250905,1.00287599608988,1.00430982279532,398.995330775397,617.103045796897
"model_fits/finalized_redone_trunc_cp/t2_a5_customer_day/vegan","model_fits/finalized_redone_trunc_cp/t2_a5_customer_day/total","t2_a5_customer_day","vegan",NA,"restaurant","W8T41JZK0ZMEP","gender_male",0.2150697140506,-0.08580006475,0.6594146075,1.26415374403161,1.02193018233375,1.011000554087,282.245623406705,818.115246906738
"model_fits/finalized_redone_trunc_cp/t2_a5_customer_day/vegan","model_fits/finalized_redone_trunc_cp/t2_a5_customer_day/total","t2_a5_customer_day","vegan",NA,"restaurant","W8T41JZK0ZMEP","gender_female",0.0641588818898,-0.23142103125,0.346781515,1.07756787944453,1.00654304987379,1.0045504108861,445.988581532404,654.756548413122
"model_fits/finalized_redone_trunc_cp/t2_a5_customer_day/vegetarian","model_fits/finalized_redone_trunc_cp/t2_a5_customer_day/total","t2_a5_customer_day","vegetarian",1,"pooled",NA,"level",-0.0227069127095416,-0.123256344375,0.0834579969000001,0.978924922250203,0.997745878867056,1.01563977836808,364.414173171482,829.069677652578
"model_fits/finalized_redone_trunc_cp/t2_a5_customer_day/vegetarian","model_fits/finalized_redone_trunc_cp/t2_a5_customer_day/total","t2_a5_customer_day","vegetarian",2,"pooled",NA,"slope",-0.015698365762685,-0.151447419995,0.118428580075,0.986765522141047,0.998455103595352,1.00295013986364,499.855904321175,952.456452471193
"model_fits/finalized_redone_trunc_cp/t2_a5_customer_day/vegetarian","model_fits/finalized_redone_trunc_cp/t2_a5_customer_day/total","t2_a5_customer_day","vegetarian",3,"pooled",NA,"gender_male",0.056366038286605,-0.06185474215,0.1620427748,1.05964400567567,1.00566834555222,1.00589180472569,538.245270899632,843.735574647345
"model_fits/finalized_redone_trunc_cp/t2_a5_customer_day/vegetarian","model_fits/finalized_redone_trunc_cp/t2_a5_customer_day/total","t2_a5_customer_day","vegetarian",4,"pooled",NA,"gender_female",0.0633706010970533,-0.119392531775,0.25282852425,1.06990118390017,1.00639925235252,1.00712855112234,301.962478466873,563.899531379592
"model_fits/finalized_redone_trunc_cp/t2_a5_customer_day/vegetarian","model_fits/finalized_redone_trunc_cp/t2_a5_customer_day/total","t2_a5_customer_day","vegetarian",NA,"restaurant","1SQPTEGYPH0GA","level",-0.0609673718689218,-0.353174565825,0.19293690725,0.949808609646636,0.994017390467015,1.00645857817926,1020.65176640375,1310.89595579734
"model_fits/finalized_redone_trunc_cp/t2_a5_customer_day/vegetarian","model_fits/finalized_redone_trunc_cp/t2_a5_customer_day/total","t2_a5_customer_day","vegetarian",NA,"restaurant","1SQPTEGYPH0GA","slope",-0.056632421339954,-0.31507009695,0.2080675225,0.954046151599818,0.99444803741163,1.0032294049824,736.618224727157,1834.23872679173
"model_fits/finalized_redone_trunc_cp/t2_a5_customer_day/vegetarian","model_fits/finalized_redone_trunc_cp/t2_a5_customer_day/total","t2_a5_customer_day","vegetarian",NA,"restaurant","1SQPTEGYPH0GA","gender_male",0.013689529612748,-0.267243580325,0.249630935,1.02209859703863,1.00145231601899,1.00650931437135,758.922700266799,2064.41782451847
"model_fits/finalized_redone_trunc_cp/t2_a5_customer_day/vegetarian","model_fits/finalized_redone_trunc_cp/t2_a5_customer_day/total","t2_a5_customer_day","vegetarian",NA,"restaurant","1SQPTEGYPH0GA","gender_female",0.1693062122981,-0.2054602435,0.553693448,1.20709698036489,1.0172674317362,1.01125225609918,510.123625387281,236.477312494793
"model_fits/finalized_redone_trunc_cp/t2_a5_customer_day/vegetarian","model_fits/finalized_redone_trunc_cp/t2_a5_customer_day/total","t2_a5_customer_day","vegetarian",NA,"restaurant","2HRX9P6HKXA8V","level",-0.0565347909080873,-0.228448132925,0.12000470835,0.948563930878543,0.994399534601104,1.00559986580379,1323.31740996839,1610.44472037454
"model_fits/finalized_redone_trunc_cp/t2_a5_customer_day/vegetarian","model_fits/finalized_redone_trunc_cp/t2_a5_customer_day/total","t2_a5_customer_day","vegetarian",NA,"restaurant","2HRX9P6HKXA8V","slope",0.0240769680663523,-0.078435341695,0.13259614075,1.02588234596939,1.00242537534646,1.00727136587487,391.140487357828,1612.44512473551
"model_fits/finalized_redone_trunc_cp/t2_a5_customer_day/vegetarian","model_fits/finalized_redone_trunc_cp/t2_a5_customer_day/total","t2_a5_customer_day","vegetarian",NA,"restaurant","2HRX9P6HKXA8V","gender_male",0.0170751055017973,-0.1700179789,0.197778748425,1.02147671935783,1.00175089162237,1.00352872231962,1544.21217268269,1977.66212627954
"model_fits/finalized_redone_trunc_cp/t2_a5_customer_day/vegetarian","model_fits/finalized_redone_trunc_cp/t2_a5_customer_day/total","t2_a5_customer_day","vegetarian",NA,"restaurant","2HRX9P6HKXA8V","gender_female",0.156738090363773,-0.064382175,0.376467943475,1.17708902170873,1.01586126566286,1.006999497808,1950.4548557658,2022.4166508141
"model_fits/finalized_redone_trunc_cp/t2_a5_customer_day/vegetarian","model_fits/finalized_redone_trunc_cp/t2_a5_customer_day/total","t2_a5_customer_day","vegetarian",NA,"restaurant","78AY09MVJVTYE","level",-0.107059491222483,-0.3199137275,0.0565237131125001,0.902402671156779,0.989395018288671,1.01514252483124,334.156843639619,43.4862260684585
"model_fits/finalized_redone_trunc_cp/t2_a5_customer_day/vegetarian","model_fits/finalized_redone_trunc_cp/t2_a5_customer_day/total","t2_a5_customer_day","vegetarian",NA,"restaurant","78AY09MVJVTYE","slope",-0.0761192771485333,-0.17258124525,0.0183876423,0.927757055185244,0.992428218052812,1.00413717475339,552.188483374065,1418.26186121975
"model_fits/finalized_redone_trunc_cp/t2_a5_customer_day/vegetarian","model_fits/finalized_redone_trunc_cp/t2_a5_customer_day/total","t2_a5_customer_day","vegetarian",NA,"restaurant","78AY09MVJVTYE","gender_male",0.2627449342496,0.079700472,0.4882775425,1.30798238541665,1.02668099159033,1.00077881002472,1864.66647214419,2429.09607184896
"model_fits/finalized_redone_trunc_cp/t2_a5_customer_day/vegetarian","model_fits/finalized_redone_trunc_cp/t2_a5_customer_day/total","t2_a5_customer_day","vegetarian",NA,"restaurant","78AY09MVJVTYE","gender_female",-0.182962075035678,-0.4510237672025,0.0749015296000001,0.840151982944948,0.981956648291588,1.00188470787303,841.640432615147,2161.55229755944
"model_fits/finalized_redone_trunc_cp/t2_a5_customer_day/vegetarian","model_fits/finalized_redone_trunc_cp/t2_a5_customer_day/total","t2_a5_customer_day","vegetarian",NA,"restaurant","9XKJD8DQTH559","level",-0.196128768604503,-0.47171947975,0.0605914548500002,0.829413555856865,0.980667361498557,1.00335706916893,1129.20757236898,2057.99238617376
"model_fits/finalized_redone_trunc_cp/t2_a5_customer_day/vegetarian","model_fits/finalized_redone_trunc_cp/t2_a5_customer_day/total","t2_a5_customer_day","vegetarian",NA,"restaurant","9XKJD8DQTH559","slope",-0.0172069108465533,-0.33706167475,0.306135922775,0.995494579389395,0.998407927881178,1.00274448511456,680.019641519187,1868.87390613422
"model_fits/finalized_redone_trunc_cp/t2_a5_customer_day/vegetarian","model_fits/finalized_redone_trunc_cp/t2_a5_customer_day/total","t2_a5_customer_day","vegetarian",NA,"restaurant","9XKJD8DQTH559","gender_male",0.0478385830874,-0.33495629825,0.4436799215,1.06959608949175,1.00498972105683,1.00386987953874,611.801529215299,1167.70913166705
"model_fits/finalized_redone_trunc_cp/t2_a5_customer_day/vegetarian","model_fits/finalized_redone_trunc_cp/t2_a5_customer_day/total","t2_a5_customer_day","vegetarian",NA,"restaurant","9XKJD8DQTH559","gender_female",0.66462907622694,0.02867138075,1.530111363125,2.12493944381695,1.06961486631734,1.00622881114411,1205.75168286581,1927.52596745988
"model_fits/finalized_redone_trunc_cp/t2_a5_customer_day/vegetarian","model_fits/finalized_redone_trunc_cp/t2_a5_customer_day/total","t2_a5_customer_day","vegetarian",NA,"restaurant","C0BE4NDSW26QN","level",-0.042034936915591,-0.32871801225,0.24628154425,0.968681719337317,0.995906172804245,1.00103415782157,1189.41577141779,1696.56087979492
"model_fits/finalized_redone_trunc_cp/t2_a5_customer_day/vegetarian","model_fits/finalized_redone_trunc_cp/t2_a5_customer_day/total","t2_a5_customer_day","vegetarian",NA,"restaurant","C0BE4NDSW26QN","slope",-0.006038156046641,-0.233470998475,0.20266950275,0.999509833558806,0.999452092612858,1.00097565194657,1121.64109406659,1362.66708770155
"model_fits/finalized_redone_trunc_cp/t2_a5_customer_day/vegetarian","model_fits/finalized_redone_trunc_cp/t2_a5_customer_day/total","t2_a5_customer_day","vegetarian",NA,"restaurant","C0BE4NDSW26QN","gender_male",0.0341458000957367,-0.4272339265,0.47796474325,1.05895928816061,1.00365018468621,1.00766152770835,1256.15492853541,1751.15350196931
"model_fits/finalized_redone_trunc_cp/t2_a5_customer_day/vegetarian","model_fits/finalized_redone_trunc_cp/t2_a5_customer_day/total","t2_a5_customer_day","vegetarian",NA,"restaurant","C0BE4NDSW26QN","gender_female",-0.0366201918660333,-0.6160290395,0.510552469975,0.999317556209237,0.996697523893331,1.00477054667662,994.643340171424,1688.33138414419
"model_fits/finalized_redone_trunc_cp/t2_a5_customer_day/vegetarian","model_fits/finalized_redone_trunc_cp/t2_a5_customer_day/total","t2_a5_customer_day","vegetarian",NA,"restaurant","ED5J990H5VAZT","level",-0.00170806483091767,-0.085752150275,0.084002672975,0.999261443842943,0.999838888082573,1.00346187626664,1183.34400279451,2320.61798838781
"model_fits/finalized_redone_trunc_cp/t2_a5_customer_day/vegetarian","model_fits/finalized_redone_trunc_cp/t2_a5_customer_day/total","t2_a5_customer_day","vegetarian",NA,"restaurant","ED5J990H5VAZT","slope",-0.1547435103753,-0.286020583,-0.028342040375,0.858430476963912,0.984665399786149,0.99949412543471,797.221529606902,1951.04244392675
"model_fits/finalized_redone_trunc_cp/t2_a5_customer_day/vegetarian","model_fits/finalized_redone_trunc_cp/t2_a5_customer_day/total","t2_a5_customer_day","vegetarian",NA,"restaurant","ED5J990H5VAZT","gender_male",0.1627120367276,0.098847828675,0.22558999925,1.17733215060131,1.01640977838875,1.00711135112309,1550.88674199965,2429.23478934549
"model_fits/finalized_redone_trunc_cp/t2_a5_customer_day/vegetarian","model_fits/finalized_redone_trunc_cp/t2_a5_customer_day/total","t2_a5_customer_day","vegetarian",NA,"restaurant","ED5J990H5VAZT","gender_female",0.0659122977679667,0.00297827365,0.13159919175,1.06873661321869,1.00661868593101,1.00440255821957,2589.39880661952,2536.86571886931
"model_fits/finalized_redone_trunc_cp/t2_a5_customer_day/vegetarian","model_fits/finalized_redone_trunc_cp/t2_a5_customer_day/total","t2_a5_customer_day","vegetarian",NA,"restaurant","EMBVNVD207CC6","level",0.048303573483539,-0.279787743825,0.39050032025,1.06398607216302,1.00497897592618,1.01731912321637,293.368204687474,761.626446000392
"model_fits/finalized_redone_trunc_cp/t2_a5_customer_day/vegetarian","model_fits/finalized_redone_trunc_cp/t2_a5_customer_day/total","t2_a5_customer_day","vegetarian",NA,"restaurant","EMBVNVD207CC6","slope",0.0902649595795,-0.20943770275,0.400301637,1.10847904509132,1.00919537356253,1.01006229247155,358.838430474451,1175.1658230181
"model_fits/finalized_redone_trunc_cp/t2_a5_customer_day/vegetarian","model_fits/finalized_redone_trunc_cp/t2_a5_customer_day/total","t2_a5_customer_day","vegetarian",NA,"restaurant","EMBVNVD207CC6","gender_male",-0.0966376233430143,-0.3414490045,0.1301505608725,0.914522462900342,0.990455450162675,1.00171579650983,607.933133035912,1501.55792005265
"model_fits/finalized_redone_trunc_cp/t2_a5_customer_day/vegetarian","model_fits/finalized_redone_trunc_cp/t2_a5_customer_day/total","t2_a5_customer_day","vegetarian",NA,"restaurant","EMBVNVD207CC6","gender_female",-0.12271675670723,-0.4775546625,0.2263790217,0.898311737074853,0.987956901103018,1.00463277033328,589.386580678317,1091.17365343422
"model_fits/finalized_redone_trunc_cp/t2_a5_customer_day/vegetarian","model_fits/finalized_redone_trunc_cp/t2_a5_customer_day/total","t2_a5_customer_day","vegetarian",NA,"restaurant","L69HYJ4Y3TR91","level",-0.0381668786849413,-0.24420147375,0.180427714,0.968036933816845,0.996246958486008,1.00271315298897,1042.52528796634,1752.62826126313
"model_fits/finalized_redone_trunc_cp/t2_a5_customer_day/vegetarian","model_fits/finalized_redone_trunc_cp/t2_a5_customer_day/total","t2_a5_customer_day","vegetarian",NA,"restaurant","L69HYJ4Y3TR91","slope",-0.0722702868320479,-0.4583478865,0.301071573025,0.946944186659652,0.992976129594492,1.00484509126047,469.554902189008,1195.73421228127
"model_fits/finalized_redone_trunc_cp/t2_a5_customer_day/vegetarian","model_fits/finalized_redone_trunc_cp/t2_a5_customer_day/total","t2_a5_customer_day","vegetarian",NA,"restaurant","L69HYJ4Y3TR91","gender_male",0.00777687506383333,-0.243222895,0.2541732875,1.01619037078794,1.00086099883929,1.01143140557014,489.743279102893,59.382181757033
"model_fits/finalized_redone_trunc_cp/t2_a5_customer_day/vegetarian","model_fits/finalized_redone_trunc_cp/t2_a5_customer_day/total","t2_a5_customer_day","vegetarian",NA,"restaurant","L69HYJ4Y3TR91","gender_female",0.0160693957891827,-0.22383814975,0.25882691455,1.02371025998215,1.00168196509,1.01201017354209,320.766331861418,67.7924020004017
"model_fits/finalized_redone_trunc_cp/t2_a5_customer_day/vegetarian","model_fits/finalized_redone_trunc_cp/t2_a5_customer_day/total","t2_a5_customer_day","vegetarian",NA,"restaurant","LBZEEFSBJNB3Z","level",0.0737577486470767,-0.10222214625,0.27790528915,1.0817324602955,1.00745098895783,1.00508567375117,585.853025285503,1718.20146458498
"model_fits/finalized_redone_trunc_cp/t2_a5_customer_day/vegetarian","model_fits/finalized_redone_trunc_cp/t2_a5_customer_day/total","t2_a5_customer_day","vegetarian",NA,"restaurant","LBZEEFSBJNB3Z","slope",0.183860773903071,-0.067527029975,0.46790134275,1.21278982964102,1.0186475515608,1.00324337574575,826.248228288972,1074.20372959987
"model_fits/finalized_redone_trunc_cp/t2_a5_customer_day/vegetarian","model_fits/finalized_redone_trunc_cp/t2_a5_customer_day/total","t2_a5_customer_day","vegetarian",NA,"restaurant","LBZEEFSBJNB3Z","gender_male",0.110849247705935,-0.08570607,0.314778753125,1.12306324751488,1.01119918274463,1.00045363967477,1398.41999354492,2309.52215475505
"model_fits/finalized_redone_trunc_cp/t2_a5_customer_day/vegetarian","model_fits/finalized_redone_trunc_cp/t2_a5_customer_day/total","t2_a5_customer_day","vegetarian",NA,"restaurant","LBZEEFSBJNB3Z","gender_female",0.0847074091870333,-0.09397277475,0.2613695065,1.09269149558784,1.00854643168922,1.00340798327387,1381.36001888161,1810.32287013497
"model_fits/finalized_redone_trunc_cp/t2_a5_customer_day/vegetarian","model_fits/finalized_redone_trunc_cp/t2_a5_customer_day/total","t2_a5_customer_day","vegetarian",NA,"restaurant","LQ5EH4BKGV61T","level",0.0320812298727667,-0.228932543725,0.37756181626,1.04490625245721,1.00332852757786,1.00280938517619,956.048340917112,1248.37910883131
"model_fits/finalized_redone_trunc_cp/t2_a5_customer_day/vegetarian","model_fits/finalized_redone_trunc_cp/t2_a5_customer_day/total","t2_a5_customer_day","vegetarian",NA,"restaurant","LQ5EH4BKGV61T","slope",0.00470209537331333,-0.389518816175,0.4092078585,1.02595651444743,1.00067872148199,1.00098123594005,1328.44209997637,1770.56180160243
"model_fits/finalized_redone_trunc_cp/t2_a5_customer_day/vegetarian","model_fits/finalized_redone_trunc_cp/t2_a5_customer_day/total","t2_a5_customer_day","vegetarian",NA,"restaurant","LQ5EH4BKGV61T","gender_male",0.0534711232531437,-0.3013634545,0.402687708525,1.07058068803878,1.00551013858274,1.0010195482806,1720.75801415866,1822.75034674179
"model_fits/finalized_redone_trunc_cp/t2_a5_customer_day/vegetarian","model_fits/finalized_redone_trunc_cp/t2_a5_customer_day/total","t2_a5_customer_day","vegetarian",NA,"restaurant","LQ5EH4BKGV61T","gender_female",0.126629200708896,-0.46390510905,0.76265216725,1.18939919764428,1.01320621619795,1.00485444551774,649.0031787793,251.202957392376
"model_fits/finalized_redone_trunc_cp/t2_a5_customer_day/vegetarian","model_fits/finalized_redone_trunc_cp/t2_a5_customer_day/total","t2_a5_customer_day","vegetarian",NA,"restaurant","S8MT0YGD2KTN9","level",-0.0262432077249187,-0.2058095655,0.210034712075,0.979837885351609,0.997436718894355,1.00729951949102,838.210557885911,1859.55698458236
"model_fits/finalized_redone_trunc_cp/t2_a5_customer_day/vegetarian","model_fits/finalized_redone_trunc_cp/t2_a5_customer_day/total","t2_a5_customer_day","vegetarian",NA,"restaurant","S8MT0YGD2KTN9","slope",-0.0317328989667633,-0.17163624385,0.1185563500475,0.971441618213552,0.996859170570053,1.00584694961907,730.055650278214,1570.69002667192
"model_fits/finalized_redone_trunc_cp/t2_a5_customer_day/vegetarian","model_fits/finalized_redone_trunc_cp/t2_a5_customer_day/total","t2_a5_customer_day","vegetarian",NA,"restaurant","S8MT0YGD2KTN9","gender_male",0.072378771986529,-0.09866608565,0.252446835275,1.07935951949786,1.00730423746699,1.00257145694929,1027.6735139942,2290.32694078286
"model_fits/finalized_redone_trunc_cp/t2_a5_customer_day/vegetarian","model_fits/finalized_redone_trunc_cp/t2_a5_customer_day/total","t2_a5_customer_day","vegetarian",NA,"restaurant","S8MT0YGD2KTN9","gender_female",0.223688785375088,-0.00375566375,0.46182921725,1.259535880748,1.02269288887912,1.00138082683196,1641.66072224098,2147.70659276534
"model_fits/finalized_redone_trunc_cp/t2_a5_customer_day/vegetarian","model_fits/finalized_redone_trunc_cp/t2_a5_customer_day/total","t2_a5_customer_day","vegetarian",NA,"restaurant","SAFK7ND1HR6XS","level",-0.105783849073635,-0.28441968,0.058168133275,0.903069006743003,0.989515332318234,1.0099757071635,723.900498713283,1068.62190173489
"model_fits/finalized_redone_trunc_cp/t2_a5_customer_day/vegetarian","model_fits/finalized_redone_trunc_cp/t2_a5_customer_day/total","t2_a5_customer_day","vegetarian",NA,"restaurant","SAFK7ND1HR6XS","slope",-0.108578993558342,-0.53298495575,0.265876352125,0.914820438714529,0.989397033936269,1.00331755882722,912.297164426812,1291.55786401377
"model_fits/finalized_redone_trunc_cp/t2_a5_customer_day/vegetarian","model_fits/finalized_redone_trunc_cp/t2_a5_customer_day/total","t2_a5_customer_day","vegetarian",NA,"restaurant","SAFK7ND1HR6XS","gender_male",0.0829596313785967,-0.101350943425,0.25868213125,1.09107115028518,1.00837297150854,1.00204209925784,1302.76151218515,1921.72896864749
"model_fits/finalized_redone_trunc_cp/t2_a5_customer_day/vegetarian","model_fits/finalized_redone_trunc_cp/t2_a5_customer_day/total","t2_a5_customer_day","vegetarian",NA,"restaurant","SAFK7ND1HR6XS","gender_female",0.0655341590989533,-0.157989231575,0.28747607395,1.07472718896251,1.00664065302106,1.00370823108614,819.812164704129,2340.54762012317
"model_fits/finalized_redone_trunc_cp/t2_a5_customer_day/vegetarian","model_fits/finalized_redone_trunc_cp/t2_a5_customer_day/total","t2_a5_customer_day","vegetarian",NA,"restaurant","SRQS8F7JWA9MZ","level",-0.000444109960677,-0.12044449915,0.11565106075,1.00146737396377,0.99997469002853,1.00286823253945,1204.17748749537,2392.80521471051
"model_fits/finalized_redone_trunc_cp/t2_a5_customer_day/vegetarian","model_fits/finalized_redone_trunc_cp/t2_a5_customer_day/total","t2_a5_customer_day","vegetarian",NA,"restaurant","SRQS8F7JWA9MZ","slope",0.0775158234557733,-0.167644316325,0.3868178995,1.09046870656597,1.00787067243886,1.00168797384849,1562.44063314563,1850.47348620201
"model_fits/finalized_redone_trunc_cp/t2_a5_customer_day/vegetarian","model_fits/finalized_redone_trunc_cp/t2_a5_customer_day/total","t2_a5_customer_day","vegetarian",NA,"restaurant","SRQS8F7JWA9MZ","gender_male",-0.0408748207195003,-0.231616426,0.150111411525,0.964476492965187,0.995967814216468,1.00334629071661,1229.40216462284,2220.21790743005
"model_fits/finalized_redone_trunc_cp/t2_a5_customer_day/vegetarian","model_fits/finalized_redone_trunc_cp/t2_a5_customer_day/total","t2_a5_customer_day","vegetarian",NA,"restaurant","SRQS8F7JWA9MZ","gender_female",-0.022749188225598,-0.22279329825,0.1757479937075,0.982752892376178,0.997781017825907,1.00476712004498,613.334077492833,1238.50481458373
"model_fits/finalized_redone_trunc_cp/t2_a5_customer_day/vegetarian","model_fits/finalized_redone_trunc_cp/t2_a5_customer_day/total","t2_a5_customer_day","vegetarian",NA,"restaurant","V3Q26BHF3SE2H","level",-0.109046523903226,-0.35828055275,0.10122434597,0.902955830061742,0.989224208233304,1.0031046298545,520.018162567291,1483.31802964327
"model_fits/finalized_redone_trunc_cp/t2_a5_customer_day/vegetarian","model_fits/finalized_redone_trunc_cp/t2_a5_customer_day/total","t2_a5_customer_day","vegetarian",NA,"restaurant","V3Q26BHF3SE2H","slope",-0.060065775284803,-0.44644527525,0.25716429375,0.954462482374688,0.994149120087526,1.00560081046437,1708.86600202805,1806.34469588199
"model_fits/finalized_redone_trunc_cp/t2_a5_customer_day/vegetarian","model_fits/finalized_redone_trunc_cp/t2_a5_customer_day/total","t2_a5_customer_day","vegetarian",NA,"restaurant","V3Q26BHF3SE2H","gender_male",-0.0390284519763067,-0.416901964,0.285049458831,0.97655221607865,0.99625891810129,1.00668982273985,1148.70051495568,1855.4060154414
"model_fits/finalized_redone_trunc_cp/t2_a5_customer_day/vegetarian","model_fits/finalized_redone_trunc_cp/t2_a5_customer_day/total","t2_a5_customer_day","vegetarian",NA,"restaurant","V3Q26BHF3SE2H","gender_female",0.19421932860849,-0.1315662847,0.571478074075,1.23539411861788,1.01978488086918,1.00291935149361,1479.33653172501,2294.88322495662
"model_fits/finalized_redone_trunc_cp/t2_a5_customer_day/vegetarian","model_fits/finalized_redone_trunc_cp/t2_a5_customer_day/total","t2_a5_customer_day","vegetarian",NA,"restaurant","W8T41JZK0ZMEP","level",-0.0791541191528303,-0.3198386995,0.12867479575,0.930021577697401,0.992181987387661,1.00347454440773,739.308691755221,1648.61372545222
"model_fits/finalized_redone_trunc_cp/t2_a5_customer_day/vegetarian","model_fits/finalized_redone_trunc_cp/t2_a5_customer_day/total","t2_a5_customer_day","vegetarian",NA,"restaurant","W8T41JZK0ZMEP","slope",0.0347393638206501,-0.28946103525,0.4191220281575,1.05132618322887,1.00362639691828,1.00611571150976,1483.3848418881,1681.37548122346
"model_fits/finalized_redone_trunc_cp/t2_a5_customer_day/vegetarian","model_fits/finalized_redone_trunc_cp/t2_a5_customer_day/total","t2_a5_customer_day","vegetarian",NA,"restaurant","W8T41JZK0ZMEP","gender_male",0.0866730240148433,-0.363776484325,0.600947271100001,1.12248756050612,1.00899237049777,1.00864395518004,905.487500818141,1702.47376529129
"model_fits/finalized_redone_trunc_cp/t2_a5_customer_day/vegetarian","model_fits/finalized_redone_trunc_cp/t2_a5_customer_day/total","t2_a5_customer_day","vegetarian",NA,"restaurant","W8T41JZK0ZMEP","gender_female",0.0265473986658857,-0.2810046452,0.344046303,1.03977033420963,1.00278273761262,1.00082300979958,1053.07556622413,1775.1090363861
"model_fits/finalized_redone_trunc_cp/t2_a6_customer_t_day/breakfast_t2","model_fits/finalized_redone_trunc_cp/t2_a5_customer_day/total","t2_a6_customer_t_day","breakfast_t2",1,"pooled",NA,"level",-0.00302767958061407,-0.09219954121725,0.0784808557325,0.997819279987065,0.999705734042133,1.00766016142274,259.532856539914,308.373331508969
"model_fits/finalized_redone_trunc_cp/t2_a6_customer_t_day/breakfast_t2","model_fits/finalized_redone_trunc_cp/t2_a5_customer_day/total","t2_a6_customer_t_day","breakfast_t2",2,"pooled",NA,"slope",0.0197410689590871,-0.127279084375,0.16509024325,1.02264547833529,1.00200262996987,1.00990605119799,269.445361739663,470.779961248017
"model_fits/finalized_redone_trunc_cp/t2_a6_customer_t_day/breakfast_t2","model_fits/finalized_redone_trunc_cp/t2_a5_customer_day/total","t2_a6_customer_t_day","breakfast_t2",3,"pooled",NA,"gender_male",-0.0404997282021133,-0.16326157535,0.06692701315,0.961970614906066,0.995975539757625,1.00992893835204,277.523244394311,359.487888112955
"model_fits/finalized_redone_trunc_cp/t2_a6_customer_t_day/breakfast_t2","model_fits/finalized_redone_trunc_cp/t2_a5_customer_day/total","t2_a6_customer_t_day","breakfast_t2",4,"pooled",NA,"gender_female",0.0406214332065898,-0.192065745,0.2789966829,1.04798601468359,1.00413287957317,1.01637507331201,160.353950001009,231.290493780547
"model_fits/finalized_redone_trunc_cp/t2_a6_customer_t_day/breakfast_t2","model_fits/finalized_redone_trunc_cp/t2_a5_customer_day/total","t2_a6_customer_t_day","breakfast_t2",NA,"restaurant","2HRX9P6HKXA8V","level",0.00783691309225,-0.144289027975,0.16081273705,1.01074639915517,1.00081245775273,1.00485942449678,654.109743160594,955.215265962704
"model_fits/finalized_redone_trunc_cp/t2_a6_customer_t_day/breakfast_t2","model_fits/finalized_redone_trunc_cp/t2_a5_customer_day/total","t2_a6_customer_t_day","breakfast_t2",NA,"restaurant","2HRX9P6HKXA8V","slope",0.00479709879158833,-0.1097788531,0.126096733775,1.00665286341862,1.00049813970732,1.0073695887322,358.95541989996,662.782937838664
"model_fits/finalized_redone_trunc_cp/t2_a6_customer_t_day/breakfast_t2","model_fits/finalized_redone_trunc_cp/t2_a5_customer_day/total","t2_a6_customer_t_day","breakfast_t2",NA,"restaurant","2HRX9P6HKXA8V","gender_male",-0.036985771563606,-0.21858584345,0.1380180633515,0.967717063860169,0.9963499457631,1.00838335537649,422.184630135988,995.331887632705
"model_fits/finalized_redone_trunc_cp/t2_a6_customer_t_day/breakfast_t2","model_fits/finalized_redone_trunc_cp/t2_a5_customer_day/total","t2_a6_customer_t_day","breakfast_t2",NA,"restaurant","2HRX9P6HKXA8V","gender_female",0.0940617795006633,-0.137505417925,0.322659649525,1.10644249521718,1.00952223094046,1.00268078553394,338.425444752225,427.362955440191
"model_fits/finalized_redone_trunc_cp/t2_a6_customer_t_day/breakfast_t2","model_fits/finalized_redone_trunc_cp/t2_a5_customer_day/total","t2_a6_customer_t_day","breakfast_t2",NA,"restaurant","78AY09MVJVTYE","level",-0.0230209639178553,-0.215876582375,0.1488792058,0.980952091066643,0.997738725679818,1.0070531134184,552.041908625127,936.255224748919
"model_fits/finalized_redone_trunc_cp/t2_a6_customer_t_day/breakfast_t2","model_fits/finalized_redone_trunc_cp/t2_a5_customer_day/total","t2_a6_customer_t_day","breakfast_t2",NA,"restaurant","78AY09MVJVTYE","slope",0.0464627019664767,-0.08315636455,0.18242353525,1.04986638866919,1.00467914659115,1.00309977235915,443.010984372866,1127.02915506597
"model_fits/finalized_redone_trunc_cp/t2_a6_customer_t_day/breakfast_t2","model_fits/finalized_redone_trunc_cp/t2_a5_customer_day/total","t2_a6_customer_t_day","breakfast_t2",NA,"restaurant","78AY09MVJVTYE","gender_male",0.0319785518571217,-0.22831268225,0.282666818925,1.04120659064022,1.00328753799197,1.00654558793377,434.4280448882,1183.00248174677
"model_fits/finalized_redone_trunc_cp/t2_a6_customer_t_day/breakfast_t2","model_fits/finalized_redone_trunc_cp/t2_a5_customer_day/total","t2_a6_customer_t_day","breakfast_t2",NA,"restaurant","78AY09MVJVTYE","gender_female",-0.102564557984514,-0.4456828135,0.2400509185,0.917007554030791,0.989952916573631,1.00356376736723,281.073635347506,435.88016695631
"model_fits/finalized_redone_trunc_cp/t2_a6_customer_t_day/breakfast_t2","model_fits/finalized_redone_trunc_cp/t2_a5_customer_day/total","t2_a6_customer_t_day","breakfast_t2",NA,"restaurant","ED5J990H5VAZT","level",0.0324189096260527,-0.0359622830175,0.106431208825,1.03364542691988,1.0032538922742,1.00214974255292,886.057622954242,1392.9860928111
"model_fits/finalized_redone_trunc_cp/t2_a6_customer_t_day/breakfast_t2","model_fits/finalized_redone_trunc_cp/t2_a5_customer_day/total","t2_a6_customer_t_day","breakfast_t2",NA,"restaurant","ED5J990H5VAZT","slope",0.0958210939692033,-0.0253363013,0.21238518725,1.10263520810411,1.00964720043352,1.00442245113676,568.567903475338,673.890825027532
"model_fits/finalized_redone_trunc_cp/t2_a6_customer_t_day/breakfast_t2","model_fits/finalized_redone_trunc_cp/t2_a5_customer_day/total","t2_a6_customer_t_day","breakfast_t2",NA,"restaurant","ED5J990H5VAZT","gender_male",-0.0541012881920667,-0.11293745175,0.00373734827500003,0.947746153370684,0.994608783635526,1.0022416120147,1451.77677545924,1426.06291702413
"model_fits/finalized_redone_trunc_cp/t2_a6_customer_t_day/breakfast_t2","model_fits/finalized_redone_trunc_cp/t2_a5_customer_day/total","t2_a6_customer_t_day","breakfast_t2",NA,"restaurant","ED5J990H5VAZT","gender_female",-0.06507688929989,-0.121533303925,-0.0079864133525,0.937399801789776,0.993517726674165,1.00184902946249,1384.86772410726,1087.29810926238
"model_fits/finalized_redone_trunc_cp/t2_a6_customer_t_day/breakfast_t2","model_fits/finalized_redone_trunc_cp/t2_a5_customer_day/total","t2_a6_customer_t_day","breakfast_t2",NA,"restaurant","L69HYJ4Y3TR91","level",-0.0188514774906756,-0.20113207295,0.131534735525,0.984534696147418,0.998149517169921,1.00121278841112,672.310277769052,1349.41550190001
"model_fits/finalized_redone_trunc_cp/t2_a6_customer_t_day/breakfast_t2","model_fits/finalized_redone_trunc_cp/t2_a5_customer_day/total","t2_a6_customer_t_day","breakfast_t2",NA,"restaurant","L69HYJ4Y3TR91","slope",0.0289226639205513,-0.30321209495,0.3549447775,1.04232110945065,1.00302300741748,1.00553852657584,564.696102939207,1017.93120036198
"model_fits/finalized_redone_trunc_cp/t2_a6_customer_t_day/breakfast_t2","model_fits/finalized_redone_trunc_cp/t2_a5_customer_day/total","t2_a6_customer_t_day","breakfast_t2",NA,"restaurant","L69HYJ4Y3TR91","gender_male",-0.168438849997964,-0.3801926105425,0.0296614757575,0.849879777682424,0.983354202673329,1.00111261926994,1008.14252541558,1926.50469523581
"model_fits/finalized_redone_trunc_cp/t2_a6_customer_t_day/breakfast_t2","model_fits/finalized_redone_trunc_cp/t2_a5_customer_day/total","t2_a6_customer_t_day","breakfast_t2",NA,"restaurant","L69HYJ4Y3TR91","gender_female",0.0857157444073553,-0.10938815515,0.277488519925,1.09489474522281,1.00865828758413,1.00110381792484,787.018724290068,1373.73199033833
"model_fits/finalized_redone_trunc_cp/t2_a6_customer_t_day/breakfast_t2","model_fits/finalized_redone_trunc_cp/t2_a5_customer_day/total","t2_a6_customer_t_day","breakfast_t2",NA,"restaurant","V3Q26BHF3SE2H","level",0.0583647833897007,-0.0587313595,0.185656054525,1.06212992290251,1.00587263548101,1.00455394550406,478.325265371433,1485.90134103171
"model_fits/finalized_redone_trunc_cp/t2_a6_customer_t_day/breakfast_t2","model_fits/finalized_redone_trunc_cp/t2_a5_customer_day/total","t2_a6_customer_t_day","breakfast_t2",NA,"restaurant","V3Q26BHF3SE2H","slope",-0.00293859439778567,-0.50399794175,0.465311378750001,1.02587299381494,0.999987286459699,1.00074159967878,678.843816935331,1221.10909024578
"model_fits/finalized_redone_trunc_cp/t2_a6_customer_t_day/breakfast_t2","model_fits/finalized_redone_trunc_cp/t2_a5_customer_day/total","t2_a6_customer_t_day","breakfast_t2",NA,"restaurant","V3Q26BHF3SE2H","gender_male",0.0229480102313463,-0.24207389525,0.2910532837925,1.03219879162524,1.00238468949319,1.00629972341107,498.61524784026,1015.31620600446
"model_fits/finalized_redone_trunc_cp/t2_a6_customer_t_day/breakfast_t2","model_fits/finalized_redone_trunc_cp/t2_a5_customer_day/total","t2_a6_customer_t_day","breakfast_t2",NA,"restaurant","V3Q26BHF3SE2H","gender_female",0.200357693093717,-0.079704033875,0.555623590175,1.23917751714994,1.02037863014656,1.00377900221435,574.059600526288,1351.43337812302
"model_fits/finalized_redone_trunc_cp/t2_a6_customer_t_day/breakfast_t2","model_fits/finalized_redone_trunc_cp/t2_a5_customer_day/total","t2_a6_customer_t_day","breakfast_t2",NA,"restaurant","W8T41JZK0ZMEP","level",-0.0576696611655354,-0.167693902475,0.0824755548500001,0.945706552402513,0.994267822390753,1.00060646474677,876.71194541008,1566.64524017359
"model_fits/finalized_redone_trunc_cp/t2_a6_customer_t_day/breakfast_t2","model_fits/finalized_redone_trunc_cp/t2_a5_customer_day/total","t2_a6_customer_t_day","breakfast_t2",NA,"restaurant","W8T41JZK0ZMEP","slope",0.0039508794743048,-0.4427354465,0.5313064115,1.03279668966014,1.00066437716329,1.0190845069877,317.255051494875,916.529317542838
"model_fits/finalized_redone_trunc_cp/t2_a6_customer_t_day/breakfast_t2","model_fits/finalized_redone_trunc_cp/t2_a5_customer_day/total","t2_a6_customer_t_day","breakfast_t2",NA,"restaurant","W8T41JZK0ZMEP","gender_male",0.240160615626572,-0.04253488745975,0.6809314585575,1.29466329951605,1.02448507278162,1.00255016257447,735.923739065725,1113.21046298321
"model_fits/finalized_redone_trunc_cp/t2_a6_customer_t_day/breakfast_t2","model_fits/finalized_redone_trunc_cp/t2_a5_customer_day/total","t2_a6_customer_t_day","breakfast_t2",NA,"restaurant","W8T41JZK0ZMEP","gender_female",0.0561785195519703,-0.223984144025,0.3305186007825,1.06787735299153,1.00572937993804,1.00752196908581,644.881067498692,968.185061558468
"model_fits/finalized_redone_trunc_cp/t2_a6_customer_t_day/chicken_t2","model_fits/finalized_redone_trunc_cp/t2_a5_customer_day/total","t2_a6_customer_t_day","chicken_t2",1,"pooled",NA,"level",-0.0763087073886,-0.3347986535,0.0591194900000001,0.931672690465542,0.992454816043495,3.09498099382538,3.40173528564386,13.1998746045419
"model_fits/finalized_redone_trunc_cp/t2_a6_customer_t_day/chicken_t2","model_fits/finalized_redone_trunc_cp/t2_a5_customer_day/total","t2_a6_customer_t_day","chicken_t2",2,"pooled",NA,"slope",-0.127583512148763,-0.4882796025,0.10781568825,0.891125073711224,0.987448610273509,1.8918177169953,4.27793112882315,15.8086365583888
"model_fits/finalized_redone_trunc_cp/t2_a6_customer_t_day/chicken_t2","model_fits/finalized_redone_trunc_cp/t2_a5_customer_day/total","t2_a6_customer_t_day","chicken_t2",3,"pooled",NA,"gender_male",0.0103895354038333,-0.10611264,0.15147967,1.01254253832332,1.00106010458059,2.12776136339944,3.99217536188484,11.5669896065424
"model_fits/finalized_redone_trunc_cp/t2_a6_customer_t_day/chicken_t2","model_fits/finalized_redone_trunc_cp/t2_a5_customer_day/total","t2_a6_customer_t_day","chicken_t2",4,"pooled",NA,"gender_female",0.0558775821365867,-0.093865511,0.2215891775,1.06086785877876,1.00563546440079,2.39650332853629,3.69959756368186,13.9996203283269
"model_fits/finalized_redone_trunc_cp/t2_a6_customer_t_day/chicken_t2","model_fits/finalized_redone_trunc_cp/t2_a5_customer_day/total","t2_a6_customer_t_day","chicken_t2",NA,"restaurant","V3Q26BHF3SE2H","level",-0.0430533763036267,-0.168084065,0.0976369625000002,0.960013884501309,0.995726135333586,1.28625692380958,7.94917603050609,23.4892502858452
"model_fits/finalized_redone_trunc_cp/t2_a6_customer_t_day/chicken_t2","model_fits/finalized_redone_trunc_cp/t2_a5_customer_day/total","t2_a6_customer_t_day","chicken_t2",NA,"restaurant","V3Q26BHF3SE2H","slope",0.0573863367975867,-0.3717224725,0.613669475,1.09042314474209,1.00602938837415,1.30441639449885,19.1035414936704,31.406834226922
"model_fits/finalized_redone_trunc_cp/t2_a6_customer_t_day/chicken_t2","model_fits/finalized_redone_trunc_cp/t2_a5_customer_day/total","t2_a6_customer_t_day","chicken_t2",NA,"restaurant","V3Q26BHF3SE2H","gender_male",0.0448609527098,-0.2277149525,0.322713210175,1.05558375114054,1.00458856673905,1.31306759825078,7.6040655761282,20.6426689241146
"model_fits/finalized_redone_trunc_cp/t2_a6_customer_t_day/chicken_t2","model_fits/finalized_redone_trunc_cp/t2_a5_customer_day/total","t2_a6_customer_t_day","chicken_t2",NA,"restaurant","V3Q26BHF3SE2H","gender_female",0.162952456331733,-0.1287320875,0.52526264575,1.19404273625303,1.0165721088245,1.30261592883883,7.74027189370001,18.6412295788408
"model_fits/finalized_redone_trunc_cp/t2_a6_customer_t_day/dairy_t2","model_fits/finalized_redone_trunc_cp/t2_a5_customer_day/total","t2_a6_customer_t_day","dairy_t2",1,"pooled",NA,"level",0.09454991407095,-0.5707658225,0.821948801,1.16343542476502,1.01004179449995,1.00207254097405,472.963686591888,811.273645104103
"model_fits/finalized_redone_trunc_cp/t2_a6_customer_t_day/dairy_t2","model_fits/finalized_redone_trunc_cp/t2_a5_customer_day/total","t2_a6_customer_t_day","dairy_t2",2,"pooled",NA,"slope",-0.182463406776731,-0.6980500245,0.2213556885,0.853853962224648,0.982168192734179,1.00457995001283,731.420090934738,866.0181857699
"model_fits/finalized_redone_trunc_cp/t2_a6_customer_t_day/dairy_t2","model_fits/finalized_redone_trunc_cp/t2_a5_customer_day/total","t2_a6_customer_t_day","dairy_t2",3,"pooled",NA,"gender_male",-0.023137010323931,-0.46516690375,0.30406309225,0.993438311200641,0.997861767271211,1.00582662528359,584.657720514225,630.341534088582
"model_fits/finalized_redone_trunc_cp/t2_a6_customer_t_day/dairy_t2","model_fits/finalized_redone_trunc_cp/t2_a5_customer_day/total","t2_a6_customer_t_day","dairy_t2",4,"pooled",NA,"gender_female",0.0317218453088153,-0.22888538775,0.3661709325,1.04383933883523,1.00328488505091,1.0022763817432,569.955875161072,550.640762004058
"model_fits/finalized_redone_trunc_cp/t2_a6_customer_t_day/dairy_t2","model_fits/finalized_redone_trunc_cp/t2_a5_customer_day/total","t2_a6_customer_t_day","dairy_t2",NA,"restaurant","9XKJD8DQTH559","level",-0.155547650072618,-0.3985043495,0.10764055175,0.863281147128961,0.984648622511764,1.00245676635108,1202.29241492736,2182.63519268016
"model_fits/finalized_redone_trunc_cp/t2_a6_customer_t_day/dairy_t2","model_fits/finalized_redone_trunc_cp/t2_a5_customer_day/total","t2_a6_customer_t_day","dairy_t2",NA,"restaurant","9XKJD8DQTH559","slope",-0.0533107947552557,-0.59055439775,0.784855163250001,1.00845546662642,0.995232577877183,1.00331974593221,1113.61225519118,2318.24511888017
"model_fits/finalized_redone_trunc_cp/t2_a6_customer_t_day/dairy_t2","model_fits/finalized_redone_trunc_cp/t2_a5_customer_day/total","t2_a6_customer_t_day","dairy_t2",NA,"restaurant","9XKJD8DQTH559","gender_male",-0.0545138916613187,-0.434780512855,0.28890773025,0.963188751207325,0.994733360712379,1.00660159182654,1531.66313576029,2206.05356282787
"model_fits/finalized_redone_trunc_cp/t2_a6_customer_t_day/dairy_t2","model_fits/finalized_redone_trunc_cp/t2_a5_customer_day/total","t2_a6_customer_t_day","dairy_t2",NA,"restaurant","9XKJD8DQTH559","gender_female",0.491089673607729,-0.127714163,1.36332432125,1.78395964893272,1.05120110240319,1.00407121627096,1884.82992399962,2108.89665457703
"model_fits/finalized_redone_trunc_cp/t2_a6_customer_t_day/dairy_t2","model_fits/finalized_redone_trunc_cp/t2_a5_customer_day/total","t2_a6_customer_t_day","dairy_t2",NA,"restaurant","EMBVNVD207CC6","level",0.33948504562154,-0.2228905198,0.94442690075,1.4741128597812,1.03502841330177,1.0008056023433,704.977032964426,1242.06390625352
"model_fits/finalized_redone_trunc_cp/t2_a6_customer_t_day/dairy_t2","model_fits/finalized_redone_trunc_cp/t2_a5_customer_day/total","t2_a6_customer_t_day","dairy_t2",NA,"restaurant","EMBVNVD207CC6","slope",-0.372240795708036,-0.82652971925,0.01212676585,0.704554843083475,0.963676675404171,1.00276016016142,1053.19609550041,1270.90975648416
"model_fits/finalized_redone_trunc_cp/t2_a6_customer_t_day/dairy_t2","model_fits/finalized_redone_trunc_cp/t2_a5_customer_day/total","t2_a6_customer_t_day","dairy_t2",NA,"restaurant","EMBVNVD207CC6","gender_male",-0.0347935538162589,-0.25631746445,0.1852064632,0.971486951319663,0.996585021709012,1.00054707462682,2021.10480675525,2458.96432556695
"model_fits/finalized_redone_trunc_cp/t2_a6_customer_t_day/dairy_t2","model_fits/finalized_redone_trunc_cp/t2_a5_customer_day/total","t2_a6_customer_t_day","dairy_t2",NA,"restaurant","EMBVNVD207CC6","gender_female",0.00442423266482567,-0.29708529525,0.3065926786,1.01606419605486,1.00055737105864,1.00268501978883,1929.9427495658,2275.24672506321
"model_fits/finalized_redone_trunc_cp/t2_a6_customer_t_day/dairy_t2","model_fits/finalized_redone_trunc_cp/t2_a5_customer_day/total","t2_a6_customer_t_day","dairy_t2",NA,"restaurant","W8T41JZK0ZMEP","level",-0.0442964243613995,-0.29567270725,0.15923860925,0.96270046782308,0.995643697069693,1.00361654431204,1043.61678186605,1722.42810757461
"model_fits/finalized_redone_trunc_cp/t2_a6_customer_t_day/dairy_t2","model_fits/finalized_redone_trunc_cp/t2_a5_customer_day/total","t2_a6_customer_t_day","dairy_t2",NA,"restaurant","W8T41JZK0ZMEP","slope",-0.0575996478524546,-0.847056215,0.7325502835,1.03411254375464,0.995023511053583,1.00092059016725,1535.61162529826,2240.5475825061
"model_fits/finalized_redone_trunc_cp/t2_a6_customer_t_day/dairy_t2","model_fits/finalized_redone_trunc_cp/t2_a5_customer_day/total","t2_a6_customer_t_day","dairy_t2",NA,"restaurant","W8T41JZK0ZMEP","gender_male",-0.106582585130929,-0.72722717725,0.47223054835,0.941864755045155,0.98986339573544,1.01232043422741,612.729668807855,1052.45949694497
"model_fits/finalized_redone_trunc_cp/t2_a6_customer_t_day/dairy_t2","model_fits/finalized_redone_trunc_cp/t2_a5_customer_day/total","t2_a6_customer_t_day","dairy_t2",NA,"restaurant","W8T41JZK0ZMEP","gender_female",-0.00664309327387933,-0.32791436925,0.315233791,1.00596361789214,0.999461753843905,1.00126696402541,1572.23551673201,2083.55571750493
"model_fits/finalized_redone_trunc_cp/t2_a6_customer_t_day/textured_t2","model_fits/finalized_redone_trunc_cp/t2_a5_customer_day/total","t2_a6_customer_t_day","textured_t2",1,"pooled",NA,"level",-0.0554135215341333,-0.273825375,0.19617930175,0.952979480989042,0.994545480189168,1.24384589387136,9.34017023164223,20.1359737283102
"model_fits/finalized_redone_trunc_cp/t2_a6_customer_t_day/textured_t2","model_fits/finalized_redone_trunc_cp/t2_a5_customer_day/total","t2_a6_customer_t_day","textured_t2",2,"pooled",NA,"slope",-0.0977033096147433,-1.34432741,1.3034095475,1.15382828671837,0.992570562980771,1.09273546716128,27.5263329582051,66.7721231335864
"model_fits/finalized_redone_trunc_cp/t2_a6_customer_t_day/textured_t2","model_fits/finalized_redone_trunc_cp/t2_a5_customer_day/total","t2_a6_customer_t_day","textured_t2",3,"pooled",NA,"gender_male",0.0918544773344667,-0.0237246975,0.2115516825,1.09822055513945,1.00924630995751,1.0706793882098,45.9354744713933,105.85174466773
"model_fits/finalized_redone_trunc_cp/t2_a6_customer_t_day/textured_t2","model_fits/finalized_redone_trunc_cp/t2_a5_customer_day/total","t2_a6_customer_t_day","textured_t2",4,"pooled",NA,"gender_female",0.122559940212353,-0.044929815,0.2907242575,1.1345294434027,1.01236846575169,1.09430196120255,45.3050631271877,154.964241655305
"model_fits/finalized_redone_trunc_cp/t2_a6_customer_t_day/textured_t2","model_fits/finalized_redone_trunc_cp/t2_a5_customer_day/total","t2_a6_customer_t_day","textured_t2",NA,"restaurant","SAFK7ND1HR6XS","level",-0.06087160143402,-0.2924573575,0.20163372975,0.948952644764252,0.994014997664994,1.24384589387136,9.34017023164223,20.1359737283102
"model_fits/finalized_redone_trunc_cp/t2_a6_customer_t_day/textured_t2","model_fits/finalized_redone_trunc_cp/t2_a5_customer_day/total","t2_a6_customer_t_day","textured_t2",NA,"restaurant","SAFK7ND1HR6XS","slope",-0.09880601933498,-1.38318261,1.31655208,1.15798651935951,0.992523083388464,1.09273546716128,27.5263329582051,66.7721231335864
"model_fits/finalized_redone_trunc_cp/t2_a6_customer_t_day/textured_t2","model_fits/finalized_redone_trunc_cp/t2_a5_customer_day/total","t2_a6_customer_t_day","textured_t2",NA,"restaurant","SAFK7ND1HR6XS","gender_male",0.0713714085724667,-0.108766265,0.2323392075,1.07795102503588,1.0072000009194,1.0706793882098,45.9354744713933,105.85174466773
"model_fits/finalized_redone_trunc_cp/t2_a6_customer_t_day/textured_t2","model_fits/finalized_redone_trunc_cp/t2_a5_customer_day/total","t2_a6_customer_t_day","textured_t2",NA,"restaurant","SAFK7ND1HR6XS","gender_female",0.0790366604067,-0.1290660175,0.2857259,1.08812398868126,1.00798956617432,1.09430196120255,45.3050631271877,154.964241655305
"model_fits/finalized_redone_trunc_cp/t2_a6_customer_t_day/untextured_t2","model_fits/finalized_redone_trunc_cp/t2_a5_customer_day/total","t2_a6_customer_t_day","untextured_t2",1,"pooled",NA,"level",-0.0640136337718333,-0.2036053965,0.03419673865,0.94035439210235,0.993644377806067,3.10637957153127,3.38651764505726,11.7203026513998
"model_fits/finalized_redone_trunc_cp/t2_a6_customer_t_day/untextured_t2","model_fits/finalized_redone_trunc_cp/t2_a5_customer_day/total","t2_a6_customer_t_day","untextured_t2",2,"pooled",NA,"slope",-0.06554773392653,-0.22988162975,0.104373221975,0.940731835742419,0.993510762802281,3.74841791614017,3.27799981104869,13.3102256198651
"model_fits/finalized_redone_trunc_cp/t2_a6_customer_t_day/untextured_t2","model_fits/finalized_redone_trunc_cp/t2_a5_customer_day/total","t2_a6_customer_t_day","untextured_t2",3,"pooled",NA,"gender_male",-0.201225801759867,-0.40803770725,0.1073601639,0.831376029990216,0.980235979976147,2.82219923753495,3.49459901240218,13.4724436204123
"model_fits/finalized_redone_trunc_cp/t2_a6_customer_t_day/untextured_t2","model_fits/finalized_redone_trunc_cp/t2_a5_customer_day/total","t2_a6_customer_t_day","untextured_t2",4,"pooled",NA,"gender_female",-0.02338735051978,-0.18724553125,0.1423794992,0.980323642265848,0.997698989488064,3.42877369266741,3.33436148618388,12.0364003387864
"model_fits/finalized_redone_trunc_cp/t2_a6_customer_t_day/untextured_t2","model_fits/finalized_redone_trunc_cp/t2_a5_customer_day/total","t2_a6_customer_t_day","untextured_t2",NA,"restaurant","1SQPTEGYPH0GA","level",-0.0712406019394,-0.476355592,0.16418483675,0.948164928369957,0.993087167798049,2.73001124864523,3.52316358855068,15.4821552761465
"model_fits/finalized_redone_trunc_cp/t2_a6_customer_t_day/untextured_t2","model_fits/finalized_redone_trunc_cp/t2_a5_customer_day/total","t2_a6_customer_t_day","untextured_t2",NA,"restaurant","1SQPTEGYPH0GA","slope",-0.201808470387433,-0.5772988005,0.15299795058,0.833014175133345,0.980210998867494,3.02192450548657,3.44472815187943,12.491001986704
"model_fits/finalized_redone_trunc_cp/t2_a6_customer_t_day/untextured_t2","model_fits/finalized_redone_trunc_cp/t2_a5_customer_day/total","t2_a6_customer_t_day","untextured_t2",NA,"restaurant","1SQPTEGYPH0GA","gender_male",-0.1045314993463,-0.50660683825,0.40307233225,0.939786559643974,0.990008208280117,3.33478276150441,3.34246930380996,11.1493346238962
"model_fits/finalized_redone_trunc_cp/t2_a6_customer_t_day/untextured_t2","model_fits/finalized_redone_trunc_cp/t2_a5_customer_day/total","t2_a6_customer_t_day","untextured_t2",NA,"restaurant","1SQPTEGYPH0GA","gender_female",0.419829936119667,-0.02239913225,0.79569035135,1.55821882434232,1.0431286465576,3.23550014987443,3.3901730663015,16.0708357034387
"model_fits/finalized_redone_trunc_cp/t2_a6_customer_t_day/untextured_t2","model_fits/finalized_redone_trunc_cp/t2_a5_customer_day/total","t2_a6_customer_t_day","untextured_t2",NA,"restaurant","9XKJD8DQTH559","level",-0.0924668136040367,-0.28398362375,0.10869302022,0.916623610273561,0.990848616410228,2.80691258958934,3.50076775415943,11.2748856610104
"model_fits/finalized_redone_trunc_cp/t2_a6_customer_t_day/untextured_t2","model_fits/finalized_redone_trunc_cp/t2_a5_customer_day/total","t2_a6_customer_t_day","untextured_t2",NA,"restaurant","9XKJD8DQTH559","slope",-0.0407895157637667,-0.3548637345,0.3284363815,0.978756372933699,0.996118793767864,3.05889545586523,3.42837373552801,22.4685744341816
"model_fits/finalized_redone_trunc_cp/t2_a6_customer_t_day/untextured_t2","model_fits/finalized_redone_trunc_cp/t2_a5_customer_day/total","t2_a6_customer_t_day","untextured_t2",NA,"restaurant","9XKJD8DQTH559","gender_male",-0.133520487408333,-0.482893939575,0.187452177825,0.887987150121923,0.986882713398226,2.99834377864195,3.43016243896434,11.2117698420645
"model_fits/finalized_redone_trunc_cp/t2_a6_customer_t_day/untextured_t2","model_fits/finalized_redone_trunc_cp/t2_a5_customer_day/total","t2_a6_customer_t_day","untextured_t2",NA,"restaurant","9XKJD8DQTH559","gender_female",0.457922484845667,-0.2177094937,1.36503337235,1.73767874783691,1.04779175554948,3.78576349053978,3.26532995222524,11.6466520839414
"model_fits/finalized_redone_trunc_cp/t2_a6_customer_t_day/untextured_t2","model_fits/finalized_redone_trunc_cp/t2_a5_customer_day/total","t2_a6_customer_t_day","untextured_t2",NA,"restaurant","C0BE4NDSW26QN","level",-0.0884893573604,-0.3230451515,0.138794631275,0.923022804449237,0.991273348241932,3.12652012738334,3.39430623303437,11.2509695675217
"model_fits/finalized_redone_trunc_cp/t2_a6_customer_t_day/untextured_t2","model_fits/finalized_redone_trunc_cp/t2_a5_customer_day/total","t2_a6_customer_t_day","untextured_t2",NA,"restaurant","C0BE4NDSW26QN","slope",0.0216171234102033,-0.108990891325,0.179541371675,1.02451635399994,1.00218981960727,2.98486421569868,3.45246147259076,14.8557443120349
"model_fits/finalized_redone_trunc_cp/t2_a6_customer_t_day/untextured_t2","model_fits/finalized_redone_trunc_cp/t2_a5_customer_day/total","t2_a6_customer_t_day","untextured_t2",NA,"restaurant","C0BE4NDSW26QN","gender_male",-0.160546780293333,-0.5173437964,0.179226906,0.864081201134841,0.984216270480279,3.00872897387503,3.44191167829225,10.8924253805171
"model_fits/finalized_redone_trunc_cp/t2_a6_customer_t_day/untextured_t2","model_fits/finalized_redone_trunc_cp/t2_a5_customer_day/total","t2_a6_customer_t_day","untextured_t2",NA,"restaurant","C0BE4NDSW26QN","gender_female",-0.0432772933855,-0.6742362922,0.5315896225,0.99964525848013,0.996106784516012,3.67261507025926,3.29641570404254,18.0173882600576
"model_fits/finalized_redone_trunc_cp/t2_a6_customer_t_day/untextured_t2","model_fits/finalized_redone_trunc_cp/t2_a5_customer_day/total","t2_a6_customer_t_day","untextured_t2",NA,"restaurant","LQ5EH4BKGV61T","level",-0.249244207549,-0.57651439275,0.0621498500000001,0.792631769646077,0.975550757261505,3.433545890147,3.31883712773845,11.2993916335083
"model_fits/finalized_redone_trunc_cp/t2_a6_customer_t_day/untextured_t2","model_fits/finalized_redone_trunc_cp/t2_a5_customer_day/total","t2_a6_customer_t_day","untextured_t2",NA,"restaurant","LQ5EH4BKGV61T","slope",-0.0150455151867333,-0.43528431925,0.54959006025,1.03172822141055,0.998939207215622,2.94061137565295,3.45459508533565,15.1776758921237
"model_fits/finalized_redone_trunc_cp/t2_a6_customer_t_day/untextured_t2","model_fits/finalized_redone_trunc_cp/t2_a5_customer_day/total","t2_a6_customer_t_day","untextured_t2",NA,"restaurant","LQ5EH4BKGV61T","gender_male",-0.1722132534644,-0.8727398185,0.66348991925,0.962294395176609,0.98421426117355,3.23509741357169,3.36576902968927,10.9452745417129
"model_fits/finalized_redone_trunc_cp/t2_a6_customer_t_day/untextured_t2","model_fits/finalized_redone_trunc_cp/t2_a5_customer_day/total","t2_a6_customer_t_day","untextured_t2",NA,"restaurant","LQ5EH4BKGV61T","gender_female",-0.3552403506397,-1.48819741,0.495297970485,0.829991312294456,0.966950090542392,3.59693118563477,3.29056927209331,12.1591017011828
"model_fits/finalized_redone_trunc_cp/t2_a6_customer_t_day/untextured_t2","model_fits/finalized_redone_trunc_cp/t2_a5_customer_day/total","t2_a6_customer_t_day","untextured_t2",NA,"restaurant","S8MT0YGD2KTN9","level",-0.0697588598084,-0.352557294,0.221708120805,0.943790991554963,0.993167042827731,3.38521543784875,3.33081503153086,11.226964249266
"model_fits/finalized_redone_trunc_cp/t2_a6_customer_t_day/untextured_t2","model_fits/finalized_redone_trunc_cp/t2_a5_customer_day/total","t2_a6_customer_t_day","untextured_t2",NA,"restaurant","S8MT0YGD2KTN9","slope",0.135910720530967,-0.030910171375,0.30022397425,1.15014532377884,1.01372425677468,3.08689864181347,3.41338832089581,15.5777944440407
"model_fits/finalized_redone_trunc_cp/t2_a6_customer_t_day/untextured_t2","model_fits/finalized_redone_trunc_cp/t2_a5_customer_day/total","t2_a6_customer_t_day","untextured_t2",NA,"restaurant","S8MT0YGD2KTN9","gender_male",-0.292842267792067,-0.6950184315,0.04447635,0.766305608454698,0.971408483993831,3.4502311130062,3.31506138945267,11.4083614775655
"model_fits/finalized_redone_trunc_cp/t2_a6_customer_t_day/untextured_t2","model_fits/finalized_redone_trunc_cp/t2_a5_customer_day/total","t2_a6_customer_t_day","untextured_t2",NA,"restaurant","S8MT0YGD2KTN9","gender_female",0.1726929105078,-0.174348109025,0.63314265125,1.22556314319418,1.01772247184986,3.23991522686656,3.36792880436321,13.3922859993689
"model_fits/finalized_redone_trunc_cp/t2_a6_customer_t_day/untextured_t2","model_fits/finalized_redone_trunc_cp/t2_a5_customer_day/total","t2_a6_customer_t_day","untextured_t2",NA,"restaurant","SRQS8F7JWA9MZ","level",0.0326201512520333,-0.3264147985,0.438971633,1.07220053984797,1.00363507538108,2.46346377145829,3.66463336975484,13.6782820219536
"model_fits/finalized_redone_trunc_cp/t2_a6_customer_t_day/untextured_t2","model_fits/finalized_redone_trunc_cp/t2_a5_customer_day/total","t2_a6_customer_t_day","untextured_t2",NA,"restaurant","SRQS8F7JWA9MZ","slope",0.102607658224733,-0.1825348139,0.4634131835,1.12892366371427,1.01049692660001,2.45482043437025,3.66924599498555,11.3989867672906
"model_fits/finalized_redone_trunc_cp/t2_a6_customer_t_day/untextured_t2","model_fits/finalized_redone_trunc_cp/t2_a5_customer_day/total","t2_a6_customer_t_day","untextured_t2",NA,"restaurant","SRQS8F7JWA9MZ","gender_male",-0.186303846371967,-0.59196556575,0.14306540775,0.850322841009139,0.981786306057319,3.11858754443622,3.39991338355557,12.2596185265324
"model_fits/finalized_redone_trunc_cp/t2_a6_customer_t_day/untextured_t2","model_fits/finalized_redone_trunc_cp/t2_a5_customer_day/total","t2_a6_customer_t_day","untextured_t2",NA,"restaurant","SRQS8F7JWA9MZ","gender_female",0.032018416603,-0.3000893775,0.3499483395,1.0510564665864,1.00338781509927,3.74409039850929,3.26682062664185,11.3688462390871
