outcome,exposure_group,exposure_type,mean,mean_exp,mean_exp_p10,q2.5,q97.5,rhat,estimate_type,restaurant_id,pred_path,color_group,n_rest_in_group,rest_rank,step_size
total,mpbamod,Count,1.0253160516628028,1.0253160516628028,1.0025032186479277,0.9750325486117088,1.080910445500543,1.65253236270234,Pooled,POOLED,NA,Total,18,NA,0.15
total,mpbamod,Proportion,0.9724302102197314,0.7561090302087722,0.9724302102197314,0.8736531413864101,1.0910647957584527,1.0046709875783,Pooled,POOLED,NA,Total,18,NA,0.15
total,vegan,Count,1.115410978889702,1.115410978889702,1.0109821587925532,1.0424117259156651,1.221553903888658,1.11647896969507,Pooled,POOLED,NA,Total,18,NA,0.15
total,vegan,Proportion,1.102871581428438,2.6622538302650973,1.102871581428438,1.0314043301256828,1.1808585406571954,1.00113049222929,Pooled,POOLED,NA,Total,18,NA,0.15
total,vegetarian,Count,1.0410361582443044,1.0410361582443044,1.004029750012814,1.0130414989353957,1.074019448531453,1.00171523307131,Pooled,POOLED,NA,Total,18,NA,0.15
total,vegetarian,Proportion,1.046362099774989,1.573330663985559,1.046362099774989,0.9875407140885611,1.1112431854514273,1.00104700510184,Pooled,POOLED,NA,Total,18,NA,0.15
nonvegan,mpbamod,Count,1.029809591489117,1.029809591489117,1.0029417106158705,0.9753154473422978,1.091061202724337,1.00056189053564,Pooled,POOLED,NA,Animal,18,NA,0.15
nonvegan,mpbamod,Proportion,0.9688265377557929,0.7285515112505948,0.9688265377557929,0.86663019107285,1.0850792808708538,1.00360910329107,Pooled,POOLED,NA,Animal,18,NA,0.15
nonvegan,vegan,Count,1.1215023386312193,1.1215023386312193,1.0115329131260695,1.0328457789705434,1.2219558841530687,1.00398620412241,Pooled,POOLED,NA,Animal,18,NA,0.15
nonvegan,vegan,Proportion,1.0902800610707863,2.373453339815529,1.0902800610707863,1.0155422388356734,1.1643954287034362,1.00273386236915,Pooled,POOLED,NA,Animal,18,NA,0.15
nonvegan,vegetarian,Count,1.0421957379512097,1.0421957379512097,1.004141529930669,1.0109041450241343,1.0765152080142377,1.00339872863888,Pooled,POOLED,NA,Animal,18,NA,0.15
nonvegan,vegetarian,Proportion,1.0309429047358996,1.3562699524970085,1.0309429047358996,0.9768844174929703,1.0824028360005602,1.03252746942009,Pooled,POOLED,NA,Animal,18,NA,0.15
meat,mpbamod,Count,1.0331453134696271,1.0331453134696271,1.0032661072991744,0.9913781065514479,1.0811132897828024,1.00023192038229,Pooled,POOLED,NA,Animal,18,NA,0.15
meat,mpbamod,Proportion,0.9935115745748513,0.9369778207046757,0.9935115745748513,0.8934396042403318,1.0810032229446105,1.62180190276185,Pooled,POOLED,NA,Animal,18,NA,0.15
meat,vegan,Count,1.1182086890736698,1.1182086890736698,1.011235450873161,1.0134850928828056,1.2302225294221658,1.03774088429,Pooled,POOLED,NA,Animal,18,NA,0.15
meat,vegan,Proportion,1.0654600557681917,1.885262052878115,1.0654600557681917,0.9741120346709408,1.1759889783133612,1.00333658072244,Pooled,POOLED,NA,Animal,18,NA,0.15
meat,vegetarian,Count,1.026608443763605,1.026608443763605,1.002629510723758,1.0049995986346985,1.0508243404569702,1.00164047837956,Pooled,POOLED,NA,Animal,18,NA,0.15
meat,vegetarian,Proportion,0.9431364870445125,0.5568592869375978,0.9431364870445125,0.8869356160468647,1.0103033973399567,0.999939242075121,Pooled,POOLED,NA,Animal,18,NA,0.15
chicken_fish,mpbamod,Count,1.0426767234984984,1.0426767234984984,1.0041878626175282,0.9818189137572294,1.1076378248373213,1.00063852885335,Pooled,POOLED,NA,Animal,17,NA,0.15
chicken_fish,mpbamod,Proportion,0.9707769820086186,0.7433523225886941,0.9707769820086186,0.8572484182801464,1.0923575994344201,1.00312560585915,Pooled,POOLED,NA,Animal,17,NA,0.15
chicken_fish,vegan,Count,1.0612307972255104,1.0612307972255104,1.0059606306804085,0.9900756287445602,1.1401907622905556,1.00316881478204,Pooled,POOLED,NA,Animal,17,NA,0.15
chicken_fish,vegan,Proportion,1.0047393150697699,1.048416781109505,1.0047393150697699,0.8934482422795427,1.1314151459530126,1.00278823757493,Pooled,POOLED,NA,Animal,17,NA,0.15
chicken_fish,vegetarian,Count,1.0179401052796369,1.0179401052796369,1.0017796898434679,0.9833083103174123,1.053214593277146,1.00137997375096,Pooled,POOLED,NA,Animal,17,NA,0.15
chicken_fish,vegetarian,Proportion,0.8706857775144758,0.25038857238754875,0.8706857775144758,0.7922517721948066,0.9694727631520971,1.00540853581113,Pooled,POOLED,NA,Animal,17,NA,0.15
vegetarian,mpbamod,Count,1.033979887476997,1.033979887476997,1.0033471216147567,0.9729406067754313,1.0979317635205073,1.00986550584983,Pooled,POOLED,NA,Plant-based,18,NA,0.15
vegetarian,mpbamod,Proportion,0.9832685146039457,0.844736631918684,0.9832685146039457,0.8861940803958529,1.1016682562234936,1.02611729398468,Pooled,POOLED,NA,Plant-based,18,NA,0.15
vegetarian,vegan,Count,1.098750783552142,1.098750783552142,1.0094618714447339,1.0434192674915328,1.1630999658480625,1.00211710872981,Pooled,POOLED,NA,Plant-based,18,NA,0.15
vegetarian,vegan,Proportion,1.0896747825217317,2.360309774075181,1.0896747825217317,1.0294867118292232,1.1553880366285831,1.00214940861979,Pooled,POOLED,NA,Plant-based,18,NA,0.15
vegetarian,vegetarian,Count,1.0535716203392038,1.0535716203392038,1.0052322340957858,1.0120188073191012,1.0922295545280922,1.04278265808056,Pooled,POOLED,NA,Plant-based,18,NA,0.15
vegetarian,vegetarian,Proportion,1.0843157595263342,2.246765253704077,1.0843157595263342,1.013427347920931,1.156344313557347,1.01601935396981,Pooled,POOLED,NA,Plant-based,18,NA,0.15
vegan,mpbamod,Count,1.0517906154744763,1.0517906154744763,1.0050621757130522,0.97750859678141,1.1394208989933616,1.0216551946903,Pooled,POOLED,NA,Plant-based,18,NA,0.15
vegan,mpbamod,Proportion,1.0018681494943624,1.0188393290982527,1.0018681494943624,0.876871122577293,1.157124444111222,1.010702546537,Pooled,POOLED,NA,Plant-based,18,NA,0.15
vegan,vegan,Count,1.1398723195170524,1.1398723195170524,1.0131776960919556,1.0542664399503077,1.2448952004148168,1.0050888444834,Pooled,POOLED,NA,Plant-based,17,NA,0.15
vegan,vegan,Proportion,1.1383633662464858,3.654341352295015,1.1383633662464858,1.0275130134847288,1.250995863594386,1.00467684333929,Pooled,POOLED,NA,Plant-based,17,NA,0.15
vegan,vegetarian,Count,1.0549328819259574,1.0549328819259574,1.0053620391364777,1.0067733415182225,1.1064149903075384,1.01591069401392,Pooled,POOLED,NA,Plant-based,18,NA,0.15
vegan,vegetarian,Proportion,1.0313289894254458,1.3613577065436948,1.0313289894254458,0.9566219377067455,1.11454851095684,1.00386486160666,Pooled,POOLED,NA,Plant-based,18,NA,0.15
total,mpbamod,Count,1.04,NA,1.0043302516519665,0.99,1.09,1.59116526788564,Restaurant,1SQPTEGYPH0GA,../../model_fits/finalized_redone_trunc_cp/t2_a1_proportion/total/mpbamod_dishes_count/plots/1SQPTEGYPH0GA.png,Total,18,1,0.15
total,mpbamod,Count,0.89,NA,0.988131040071775,0.78,0.99,1.65856673624036,Restaurant,2HRX9P6HKXA8V,../../model_fits/finalized_redone_trunc_cp/t2_a1_proportion/total/mpbamod_dishes_count/plots/2HRX9P6HKXA8V.png,Total,18,2,0.15
total,mpbamod,Count,0.89,NA,0.9881301516730766,0.83,0.94,1.62907253237125,Restaurant,78AY09MVJVTYE,../../model_fits/finalized_redone_trunc_cp/t2_a1_proportion/total/mpbamod_dishes_count/plots/78AY09MVJVTYE.png,Total,18,3,0.15
total,mpbamod,Count,1.07,NA,1.0063958146158936,1.04,1.08,1.17697098574188,Restaurant,9XKJD8DQTH559,../../model_fits/finalized_redone_trunc_cp/t2_a1_proportion/total/mpbamod_dishes_count/plots/9XKJD8DQTH559.png,Total,18,4,0.15
total,mpbamod,Count,1,NA,0.9997430770247508,0.92,1.12,1.32167850122499,Restaurant,C0BE4NDSW26QN,../../model_fits/finalized_redone_trunc_cp/t2_a1_proportion/total/mpbamod_dishes_count/plots/C0BE4NDSW26QN.png,Total,18,5,0.15
total,mpbamod,Count,0.93,NA,0.9930470433118397,0.89,0.98,1.64128674716985,Restaurant,CB2KHY1C2G9PT,../../model_fits/finalized_redone_trunc_cp/t2_a1_proportion/total/mpbamod_dishes_count/plots/CB2KHY1C2G9PT.png,Total,18,6,0.15
total,mpbamod,Count,1.01,NA,1.0014604693146836,1.01,1.03,1.20118356669631,Restaurant,ED5J990H5VAZT,../../model_fits/finalized_redone_trunc_cp/t2_a1_proportion/total/mpbamod_dishes_count/plots/ED5J990H5VAZT.png,Total,18,7,0.15
total,mpbamod,Count,1.13,NA,1.0121908551772036,1.04,1.29,1.21544206194613,Restaurant,EMBVNVD207CC6,../../model_fits/finalized_redone_trunc_cp/t2_a1_proportion/total/mpbamod_dishes_count/plots/EMBVNVD207CC6.png,Total,18,8,0.15
total,mpbamod,Count,1.01,NA,1.0011748889732146,0.98,1.03,1.24672943485175,Restaurant,JHDN7CF1C03X5,../../model_fits/finalized_redone_trunc_cp/t2_a1_proportion/total/mpbamod_dishes_count/plots/JHDN7CF1C03X5.png,Total,18,9,0.15
total,mpbamod,Count,1.07,NA,1.0063180210344824,0.99,1.22,1.34774231187766,Restaurant,L69HYJ4Y3TR91,../../model_fits/finalized_redone_trunc_cp/t2_a1_proportion/total/mpbamod_dishes_count/plots/L69HYJ4Y3TR91.png,Total,18,10,0.15
total,mpbamod,Count,1,NA,0.9998124565230805,0.93,1.06,1.63819680013331,Restaurant,LBZEEFSBJNB3Z,../../model_fits/finalized_redone_trunc_cp/t2_a1_proportion/total/mpbamod_dishes_count/plots/LBZEEFSBJNB3Z.png,Total,18,11,0.15
total,mpbamod,Count,1.07,NA,1.0064631350833055,0.87,1.26,1.2463616251904,Restaurant,LFZFT3VASXPED,../../model_fits/finalized_redone_trunc_cp/t2_a1_proportion/total/mpbamod_dishes_count/plots/LFZFT3VASXPED.png,Total,18,12,0.15
total,mpbamod,Count,1.12,NA,1.0113434727219683,1,1.3,1.63303274572844,Restaurant,LQ5EH4BKGV61T,../../model_fits/finalized_redone_trunc_cp/t2_a1_proportion/total/mpbamod_dishes_count/plots/LQ5EH4BKGV61T.png,Total,18,13,0.15
total,mpbamod,Count,1.02,NA,1.002313631999125,0.93,1.12,1.69725171791103,Restaurant,S8MT0YGD2KTN9,../../model_fits/finalized_redone_trunc_cp/t2_a1_proportion/total/mpbamod_dishes_count/plots/S8MT0YGD2KTN9.png,Total,18,14,0.15
total,mpbamod,Count,1.1,NA,1.0096783297243201,0.93,1.29,1.69598343930146,Restaurant,SAFK7ND1HR6XS,../../model_fits/finalized_redone_trunc_cp/t2_a1_proportion/total/mpbamod_dishes_count/plots/SAFK7ND1HR6XS.png,Total,18,15,0.15
total,mpbamod,Count,1.15,NA,1.0141249343397096,1.09,1.2,1.65682975187264,Restaurant,SRQS8F7JWA9MZ,../../model_fits/finalized_redone_trunc_cp/t2_a1_proportion/total/mpbamod_dishes_count/plots/SRQS8F7JWA9MZ.png,Total,18,16,0.15
total,mpbamod,Count,0.97,NA,0.9966901015872242,0.94,1,1.29787029822437,Restaurant,V3Q26BHF3SE2H,../../model_fits/finalized_redone_trunc_cp/t2_a1_proportion/total/mpbamod_dishes_count/plots/V3Q26BHF3SE2H.png,Total,18,17,0.15
total,mpbamod,Count,1.02,NA,1.0023966263877915,1,1.04,1.43619125778973,Restaurant,W8T41JZK0ZMEP,../../model_fits/finalized_redone_trunc_cp/t2_a1_proportion/total/mpbamod_dishes_count/plots/W8T41JZK0ZMEP.png,Total,18,18,0.15
total,mpbamod,Proportion,0.750458958500501,NA,0.750458958500501,0.6309573444801932,0.8894799631049141,1.00239108893486,Restaurant,1SQPTEGYPH0GA,../../model_fits/finalized_redone_trunc_cp/t2_a1_proportion/total/mpbamod_dishes_prop/plots/1SQPTEGYPH0GA.png,Total,18,1,0.15
total,mpbamod,Proportion,0.7030991812761228,NA,0.7030991812761228,0,0.9436670752867394,1.00440493350564,Restaurant,2HRX9P6HKXA8V,../../model_fits/finalized_redone_trunc_cp/t2_a1_proportion/total/mpbamod_dishes_prop/plots/2HRX9P6HKXA8V.png,Total,18,2,0.15
total,mpbamod,Proportion,0.6968495245121963,NA,0.6968495245121963,0.6309573444801932,0.8154443636507333,1.00067449686404,Restaurant,78AY09MVJVTYE,../../model_fits/finalized_redone_trunc_cp/t2_a1_proportion/total/mpbamod_dishes_prop/plots/78AY09MVJVTYE.png,Total,18,3,0.15
total,mpbamod,Proportion,1.043615931120845,NA,1.043615931120845,0.9486045450669235,1.1498419167118241,1.0027101488706,Restaurant,9XKJD8DQTH559,../../model_fits/finalized_redone_trunc_cp/t2_a1_proportion/total/mpbamod_dishes_prop/plots/9XKJD8DQTH559.png,Total,18,4,0.15
total,mpbamod,Proportion,0.6449528153617873,NA,0.6449528153617873,0,0.8469842998552983,1.00043657411351,Restaurant,C0BE4NDSW26QN,../../model_fits/finalized_redone_trunc_cp/t2_a1_proportion/total/mpbamod_dishes_prop/plots/C0BE4NDSW26QN.png,Total,18,5,0.15
total,mpbamod,Proportion,0.7881480659486767,NA,0.7881480659486767,0.7247796636776955,0.8555037734677596,1.00033045623702,Restaurant,CB2KHY1C2G9PT,../../model_fits/finalized_redone_trunc_cp/t2_a1_proportion/total/mpbamod_dishes_prop/plots/CB2KHY1C2G9PT.png,Total,18,6,0.15
total,mpbamod,Proportion,1.0228589786403957,NA,1.0228589786403957,0.9938315630347766,1.053248691300327,1.00319087191199,Restaurant,ED5J990H5VAZT,../../model_fits/finalized_redone_trunc_cp/t2_a1_proportion/total/mpbamod_dishes_prop/plots/ED5J990H5VAZT.png,Total,18,7,0.15
total,mpbamod,Proportion,1.0239241510345656,NA,1.0239241510345656,0.9311499150948377,1.1425202888359136,1.00361875256132,Restaurant,EMBVNVD207CC6,../../model_fits/finalized_redone_trunc_cp/t2_a1_proportion/total/mpbamod_dishes_prop/plots/EMBVNVD207CC6.png,Total,18,8,0.15
total,mpbamod,Proportion,0.9204676509476349,NA,0.9204676509476349,0.8154443636507333,1.0364147944268143,1.00012440014778,Restaurant,JHDN7CF1C03X5,../../model_fits/finalized_redone_trunc_cp/t2_a1_proportion/total/mpbamod_dishes_prop/plots/JHDN7CF1C03X5.png,Total,18,9,0.15
total,mpbamod,Proportion,1.121410343533372,NA,1.121410343533372,0.7943282347242815,1.5845124066650962,1.00079696146303,Restaurant,L69HYJ4Y3TR91,../../model_fits/finalized_redone_trunc_cp/t2_a1_proportion/total/mpbamod_dishes_prop/plots/L69HYJ4Y3TR91.png,Total,18,10,0.15
total,mpbamod,Proportion,0.760745816487095,NA,0.760745816487095,0.6309573444801932,0.9517721299086175,1.00110515632344,Restaurant,LBZEEFSBJNB3Z,../../model_fits/finalized_redone_trunc_cp/t2_a1_proportion/total/mpbamod_dishes_prop/plots/LBZEEFSBJNB3Z.png,Total,18,11,0.15
total,mpbamod,Proportion,1.2618802155244022,NA,1.2618802155244022,0.7664958432641342,2.311847625253578,0.999962619077624,Restaurant,LFZFT3VASXPED,../../model_fits/finalized_redone_trunc_cp/t2_a1_proportion/total/mpbamod_dishes_prop/plots/LFZFT3VASXPED.png,Total,18,12,0.15
total,mpbamod,Proportion,1.2245702582011226,NA,1.2245702582011226,0.9366995991172014,1.7376010331420955,1.00313453609578,Restaurant,LQ5EH4BKGV61T,../../model_fits/finalized_redone_trunc_cp/t2_a1_proportion/total/mpbamod_dishes_prop/plots/LQ5EH4BKGV61T.png,Total,18,13,0.15
total,mpbamod,Proportion,1.6346662916276413,NA,1.6346662916276413,1.3126706573263447,2.047764132294086,1.00127546662165,Restaurant,S8MT0YGD2KTN9,../../model_fits/finalized_redone_trunc_cp/t2_a1_proportion/total/mpbamod_dishes_prop/plots/S8MT0YGD2KTN9.png,Total,18,14,0.15
total,mpbamod,Proportion,1.1114087264150847,NA,1.1114087264150847,0.8325532074018731,1.5151709729598666,1.00139135536813,Restaurant,SAFK7ND1HR6XS,../../model_fits/finalized_redone_trunc_cp/t2_a1_proportion/total/mpbamod_dishes_prop/plots/SAFK7ND1HR6XS.png,Total,18,15,0.15
total,mpbamod,Proportion,1.1491397166951307,NA,1.1491397166951307,1.091493425617897,1.214466507244787,1.00126467442645,Restaurant,SRQS8F7JWA9MZ,../../model_fits/finalized_redone_trunc_cp/t2_a1_proportion/total/mpbamod_dishes_prop/plots/SRQS8F7JWA9MZ.png,Total,18,16,0.15
total,mpbamod,Proportion,0.9047378832586084,NA,0.9047378832586084,0.8594928497600735,0.9486045450669235,1.00181812205029,Restaurant,V3Q26BHF3SE2H,../../model_fits/finalized_redone_trunc_cp/t2_a1_proportion/total/mpbamod_dishes_prop/plots/V3Q26BHF3SE2H.png,Total,18,17,0.15
total,mpbamod,Proportion,1.0586540244118852,NA,1.0586540244118852,0.9578363965785066,1.1741482476364071,1.00303730396481,Restaurant,W8T41JZK0ZMEP,../../model_fits/finalized_redone_trunc_cp/t2_a1_proportion/total/mpbamod_dishes_prop/plots/W8T41JZK0ZMEP.png,Total,18,18,0.15
total,vegan,Count,1.18,NA,1.0170882350278196,1.15,1.22,1.01728539081853,Restaurant,1SQPTEGYPH0GA,../../model_fits/finalized_redone_trunc_cp/t2_a1_proportion/total/vegan_dishes_count/plots/1SQPTEGYPH0GA.png,Total,18,1,0.15
total,vegan,Count,1,NA,0.9998339462405037,0.92,1.08,1.02792672573802,Restaurant,2HRX9P6HKXA8V,../../model_fits/finalized_redone_trunc_cp/t2_a1_proportion/total/vegan_dishes_count/plots/2HRX9P6HKXA8V.png,Total,18,2,0.15
total,vegan,Count,1.02,NA,1.0015323162754792,1,1.03,1.13455461536446,Restaurant,78AY09MVJVTYE,../../model_fits/finalized_redone_trunc_cp/t2_a1_proportion/total/vegan_dishes_count/plots/78AY09MVJVTYE.png,Total,18,3,0.15
total,vegan,Count,1.03,NA,1.0028473567755185,1.01,1.05,1.06080834457564,Restaurant,9XKJD8DQTH559,../../model_fits/finalized_redone_trunc_cp/t2_a1_proportion/total/vegan_dishes_count/plots/9XKJD8DQTH559.png,Total,18,4,0.15
total,vegan,Count,1.05,NA,1.0051915812000933,1.02,1.09,1.02738668660974,Restaurant,C0BE4NDSW26QN,../../model_fits/finalized_redone_trunc_cp/t2_a1_proportion/total/vegan_dishes_count/plots/C0BE4NDSW26QN.png,Total,18,5,0.15
total,vegan,Count,1.03,NA,1.0031026327723083,1.02,1.05,1.06178385600145,Restaurant,CB2KHY1C2G9PT,../../model_fits/finalized_redone_trunc_cp/t2_a1_proportion/total/vegan_dishes_count/plots/CB2KHY1C2G9PT.png,Total,18,6,0.15
total,vegan,Count,1.25,NA,1.0228922592061005,1.2,1.32,1.13908157221854,Restaurant,ED5J990H5VAZT,../../model_fits/finalized_redone_trunc_cp/t2_a1_proportion/total/vegan_dishes_count/plots/ED5J990H5VAZT.png,Total,18,7,0.15
total,vegan,Count,1.3,NA,1.0266710866707618,1.15,1.46,1.04379036900522,Restaurant,EMBVNVD207CC6,../../model_fits/finalized_redone_trunc_cp/t2_a1_proportion/total/vegan_dishes_count/plots/EMBVNVD207CC6.png,Total,18,8,0.15
total,vegan,Count,0.99,NA,0.9992822041265184,0.98,1.01,1.03865774437348,Restaurant,JHDN7CF1C03X5,../../model_fits/finalized_redone_trunc_cp/t2_a1_proportion/total/vegan_dishes_count/plots/JHDN7CF1C03X5.png,Total,18,9,0.15
total,vegan,Count,1.11,NA,1.0103864179659614,1.07,1.16,1.05524720538142,Restaurant,L69HYJ4Y3TR91,../../model_fits/finalized_redone_trunc_cp/t2_a1_proportion/total/vegan_dishes_count/plots/L69HYJ4Y3TR91.png,Total,18,10,0.15
total,vegan,Count,1.11,NA,1.010173650440911,1.05,1.16,1.15945091850274,Restaurant,LBZEEFSBJNB3Z,../../model_fits/finalized_redone_trunc_cp/t2_a1_proportion/total/vegan_dishes_count/plots/LBZEEFSBJNB3Z.png,Total,18,11,0.15
total,vegan,Count,1.01,NA,1.0008171807202415,0.88,1.19,1.04609513191193,Restaurant,LFZFT3VASXPED,../../model_fits/finalized_redone_trunc_cp/t2_a1_proportion/total/vegan_dishes_count/plots/LFZFT3VASXPED.png,Total,18,12,0.15
total,vegan,Count,1.2,NA,1.0186904574043572,1.04,1.42,1.02565136598334,Restaurant,LQ5EH4BKGV61T,../../model_fits/finalized_redone_trunc_cp/t2_a1_proportion/total/vegan_dishes_count/plots/LQ5EH4BKGV61T.png,Total,18,13,0.15
total,vegan,Count,0.98,NA,0.997565087017423,0.91,1.06,1.10228008023036,Restaurant,S8MT0YGD2KTN9,../../model_fits/finalized_redone_trunc_cp/t2_a1_proportion/total/vegan_dishes_count/plots/S8MT0YGD2KTN9.png,Total,18,14,0.15
total,vegan,Count,1.14,NA,1.0135980484998186,0.92,1.43,1.0135674055875,Restaurant,SAFK7ND1HR6XS,../../model_fits/finalized_redone_trunc_cp/t2_a1_proportion/total/vegan_dishes_count/plots/SAFK7ND1HR6XS.png,Total,18,15,0.15
total,vegan,Count,1.95,NA,1.0690550077702852,1.7,2.17,1.07891160712904,Restaurant,SRQS8F7JWA9MZ,../../model_fits/finalized_redone_trunc_cp/t2_a1_proportion/total/vegan_dishes_count/plots/SRQS8F7JWA9MZ.png,Total,18,16,0.15
total,vegan,Count,1.19,NA,1.017281132378893,1.13,1.25,1.03347322846438,Restaurant,V3Q26BHF3SE2H,../../model_fits/finalized_redone_trunc_cp/t2_a1_proportion/total/vegan_dishes_count/plots/V3Q26BHF3SE2H.png,Total,18,17,0.15
total,vegan,Count,1.03,NA,1.0026455627236934,1.01,1.04,1.01762030416548,Restaurant,W8T41JZK0ZMEP,../../model_fits/finalized_redone_trunc_cp/t2_a1_proportion/total/vegan_dishes_count/plots/W8T41JZK0ZMEP.png,Total,18,18,0.15
total,vegan,Proportion,0.8831553826400047,NA,0.8831553826400047,0.7767996097157338,0.9916965051523726,1.0017327426344,Restaurant,1SQPTEGYPH0GA,../../model_fits/finalized_redone_trunc_cp/t2_a1_proportion/total/vegan_dishes_prop/plots/1SQPTEGYPH0GA.png,Total,18,1,0.15
total,vegan,Proportion,1.0071887946265305,NA,1.0071887946265305,0.8705505632961241,1.1615308587170674,1.00148559051907,Restaurant,2HRX9P6HKXA8V,../../model_fits/finalized_redone_trunc_cp/t2_a1_proportion/total/vegan_dishes_prop/plots/2HRX9P6HKXA8V.png,Total,18,2,0.15
total,vegan,Proportion,1.0323226217644441,NA,1.0323226217644441,0.9791483623609768,1.087799358808552,1.00026365212293,Restaurant,78AY09MVJVTYE,../../model_fits/finalized_redone_trunc_cp/t2_a1_proportion/total/vegan_dishes_prop/plots/78AY09MVJVTYE.png,Total,18,3,0.15
total,vegan,Proportion,1.2102188015819986,NA,1.2102188015819986,1.0873295678204233,1.3524206217089285,1.00016211891304,Restaurant,9XKJD8DQTH559,../../model_fits/finalized_redone_trunc_cp/t2_a1_proportion/total/vegan_dishes_prop/plots/9XKJD8DQTH559.png,Total,18,4,0.15
total,vegan,Proportion,1.080285722547,NA,1.080285722547,0.9663308284400851,1.2185790846874736,1.00337214075983,Restaurant,C0BE4NDSW26QN,../../model_fits/finalized_redone_trunc_cp/t2_a1_proportion/total/vegan_dishes_prop/plots/C0BE4NDSW26QN.png,Total,18,5,0.15
total,vegan,Proportion,1.0740418108829315,NA,1.0740418108829315,1.0122967542169528,1.1394693206308266,1.00072335607714,Restaurant,CB2KHY1C2G9PT,../../model_fits/finalized_redone_trunc_cp/t2_a1_proportion/total/vegan_dishes_prop/plots/CB2KHY1C2G9PT.png,Total,18,6,0.15
total,vegan,Proportion,1.1597971724836849,NA,1.1597971724836849,1.0544958918547662,1.273160067735166,1.00062989541896,Restaurant,ED5J990H5VAZT,../../model_fits/finalized_redone_trunc_cp/t2_a1_proportion/total/vegan_dishes_prop/plots/ED5J990H5VAZT.png,Total,18,7,0.15
total,vegan,Proportion,1.0698538935492679,NA,1.0698538935492679,1.0058439001618265,1.1385395159938556,0.999873393648291,Restaurant,EMBVNVD207CC6,../../model_fits/finalized_redone_trunc_cp/t2_a1_proportion/total/vegan_dishes_prop/plots/EMBVNVD207CC6.png,Total,18,8,0.15
total,vegan,Proportion,0.9327136713946744,NA,0.9327136713946744,0.8513399225207846,1.0241896249073048,1.00233326072774,Restaurant,JHDN7CF1C03X5,../../model_fits/finalized_redone_trunc_cp/t2_a1_proportion/total/vegan_dishes_prop/plots/JHDN7CF1C03X5.png,Total,18,9,0.15
total,vegan,Proportion,1.3620490785294084,NA,1.3620490785294084,1.1736758477909162,1.5903087369444695,1.00119064822951,Restaurant,L69HYJ4Y3TR91,../../model_fits/finalized_redone_trunc_cp/t2_a1_proportion/total/vegan_dishes_prop/plots/L69HYJ4Y3TR91.png,Total,18,10,0.15
total,vegan,Proportion,1.2567780414454792,NA,1.2567780414454792,1.0854319117741573,1.4540267317863287,1.0024750772424,Restaurant,LBZEEFSBJNB3Z,../../model_fits/finalized_redone_trunc_cp/t2_a1_proportion/total/vegan_dishes_prop/plots/LBZEEFSBJNB3Z.png,Total,18,11,0.15
total,vegan,Proportion,1.1941602477794317,NA,1.1941602477794317,0.9436670752867394,1.5466527305944093,1.00046225159161,Restaurant,LFZFT3VASXPED,../../model_fits/finalized_redone_trunc_cp/t2_a1_proportion/total/vegan_dishes_prop/plots/LFZFT3VASXPED.png,Total,18,12,0.15
total,vegan,Proportion,1.0213450303076874,NA,1.0213450303076874,0.8469842998552983,1.224522925983633,1.00025957228004,Restaurant,LQ5EH4BKGV61T,../../model_fits/finalized_redone_trunc_cp/t2_a1_proportion/total/vegan_dishes_prop/plots/LQ5EH4BKGV61T.png,Total,18,13,0.15
total,vegan,Proportion,1.1341803594584012,NA,1.1341803594584012,0.9419682592138262,1.3761561914317413,1.00060196618005,Restaurant,S8MT0YGD2KTN9,../../model_fits/finalized_redone_trunc_cp/t2_a1_proportion/total/vegan_dishes_prop/plots/S8MT0YGD2KTN9.png,Total,18,14,0.15
total,vegan,Proportion,1.1433547902772856,NA,1.1433547902772856,0.9146993820210588,1.4418760300707225,1.00010476326597,Restaurant,SAFK7ND1HR6XS,../../model_fits/finalized_redone_trunc_cp/t2_a1_proportion/total/vegan_dishes_prop/plots/SAFK7ND1HR6XS.png,Total,18,15,0.15
total,vegan,Proportion,1.163221692769342,NA,1.163221692769342,1.1111896553530378,1.2217485177281941,1.00012018585492,Restaurant,SRQS8F7JWA9MZ,../../model_fits/finalized_redone_trunc_cp/t2_a1_proportion/total/vegan_dishes_prop/plots/SRQS8F7JWA9MZ.png,Total,18,16,0.15
total,vegan,Proportion,1.2953321824079778,NA,1.2953321824079778,1.193816927533861,1.416843101625386,1.00292689774914,Restaurant,V3Q26BHF3SE2H,../../model_fits/finalized_redone_trunc_cp/t2_a1_proportion/total/vegan_dishes_prop/plots/V3Q26BHF3SE2H.png,Total,18,17,0.15
total,vegan,Proportion,1.1464837279400064,NA,1.1464837279400064,1.046804807994881,1.2581680093041079,1.00157666458059,Restaurant,W8T41JZK0ZMEP,../../model_fits/finalized_redone_trunc_cp/t2_a1_proportion/total/vegan_dishes_prop/plots/W8T41JZK0ZMEP.png,Total,18,18,0.15
total,vegetarian,Count,1.07,NA,1.0066220899479956,1.06,1.08,0.999515075301735,Restaurant,1SQPTEGYPH0GA,../../model_fits/finalized_redone_trunc_cp/t2_a1_proportion/total/vegetarian_dishes_count/plots/1SQPTEGYPH0GA.png,Total,18,1,0.15
total,vegetarian,Count,1,NA,0.9995638152971845,0.94,1.06,1.00176235025565,Restaurant,2HRX9P6HKXA8V,../../model_fits/finalized_redone_trunc_cp/t2_a1_proportion/total/vegetarian_dishes_count/plots/2HRX9P6HKXA8V.png,Total,18,2,0.15
total,vegetarian,Count,1,NA,1.0001560129972629,0.99,1.02,1.00076974919213,Restaurant,78AY09MVJVTYE,../../model_fits/finalized_redone_trunc_cp/t2_a1_proportion/total/vegetarian_dishes_count/plots/78AY09MVJVTYE.png,Total,18,3,0.15
total,vegetarian,Count,1.02,NA,1.0019627110536296,1.01,1.03,0.999113582332696,Restaurant,9XKJD8DQTH559,../../model_fits/finalized_redone_trunc_cp/t2_a1_proportion/total/vegetarian_dishes_count/plots/9XKJD8DQTH559.png,Total,18,4,0.15
total,vegetarian,Count,1.03,NA,1.0027955917382623,1.01,1.05,1.00202308506526,Restaurant,C0BE4NDSW26QN,../../model_fits/finalized_redone_trunc_cp/t2_a1_proportion/total/vegetarian_dishes_count/plots/C0BE4NDSW26QN.png,Total,18,5,0.15
total,vegetarian,Count,1.02,NA,1.0024369537091427,1.01,1.04,0.999923886873463,Restaurant,CB2KHY1C2G9PT,../../model_fits/finalized_redone_trunc_cp/t2_a1_proportion/total/vegetarian_dishes_count/plots/CB2KHY1C2G9PT.png,Total,18,6,0.15
total,vegetarian,Count,1.11,NA,1.010139531464508,1.09,1.13,1.00082858057829,Restaurant,ED5J990H5VAZT,../../model_fits/finalized_redone_trunc_cp/t2_a1_proportion/total/vegetarian_dishes_count/plots/ED5J990H5VAZT.png,Total,18,7,0.15
total,vegetarian,Count,1.15,NA,1.0138104465009388,1.07,1.23,1.00764862992281,Restaurant,EMBVNVD207CC6,../../model_fits/finalized_redone_trunc_cp/t2_a1_proportion/total/vegetarian_dishes_count/plots/EMBVNVD207CC6.png,Total,18,8,0.15
total,vegetarian,Count,1,NA,1.0004776361822434,0.99,1.02,1.00045099091188,Restaurant,JHDN7CF1C03X5,../../model_fits/finalized_redone_trunc_cp/t2_a1_proportion/total/vegetarian_dishes_count/plots/JHDN7CF1C03X5.png,Total,18,9,0.15
total,vegetarian,Count,1.07,NA,1.0067813282238227,1.04,1.1,1.00005822645856,Restaurant,L69HYJ4Y3TR91,../../model_fits/finalized_redone_trunc_cp/t2_a1_proportion/total/vegetarian_dishes_count/plots/L69HYJ4Y3TR91.png,Total,18,10,0.15
total,vegetarian,Count,1.02,NA,1.0016013190400386,0.98,1.05,1.00702072126436,Restaurant,LBZEEFSBJNB3Z,../../model_fits/finalized_redone_trunc_cp/t2_a1_proportion/total/vegetarian_dishes_count/plots/LBZEEFSBJNB3Z.png,Total,18,11,0.15
total,vegetarian,Count,1.02,NA,1.001890827030584,0.93,1.11,0.999566025236608,Restaurant,LFZFT3VASXPED,../../model_fits/finalized_redone_trunc_cp/t2_a1_proportion/total/vegetarian_dishes_count/plots/LFZFT3VASXPED.png,Total,18,12,0.15
total,vegetarian,Count,1.09,NA,1.0086679001295953,1.01,1.22,1.00148472974257,Restaurant,LQ5EH4BKGV61T,../../model_fits/finalized_redone_trunc_cp/t2_a1_proportion/total/vegetarian_dishes_count/plots/LQ5EH4BKGV61T.png,Total,18,13,0.15
total,vegetarian,Count,0.96,NA,0.995805222150267,0.94,0.98,0.999642358663485,Restaurant,S8MT0YGD2KTN9,../../model_fits/finalized_redone_trunc_cp/t2_a1_proportion/total/vegetarian_dishes_count/plots/S8MT0YGD2KTN9.png,Total,18,14,0.15
total,vegetarian,Count,1.06,NA,1.0059138312380087,0.96,1.18,0.99911733753901,Restaurant,SAFK7ND1HR6XS,../../model_fits/finalized_redone_trunc_cp/t2_a1_proportion/total/vegetarian_dishes_count/plots/SAFK7ND1HR6XS.png,Total,18,15,0.15
total,vegetarian,Count,1.05,NA,1.0048423559118986,1.03,1.07,0.999658379181315,Restaurant,SRQS8F7JWA9MZ,../../model_fits/finalized_redone_trunc_cp/t2_a1_proportion/total/vegetarian_dishes_count/plots/SRQS8F7JWA9MZ.png,Total,18,16,0.15
total,vegetarian,Count,1.08,NA,1.007625933062363,1.04,1.12,1.00324159972358,Restaurant,V3Q26BHF3SE2H,../../model_fits/finalized_redone_trunc_cp/t2_a1_proportion/total/vegetarian_dishes_count/plots/V3Q26BHF3SE2H.png,Total,18,17,0.15
total,vegetarian,Count,1.02,NA,1.0019062400905734,1.01,1.03,1.00248476665862,Restaurant,W8T41JZK0ZMEP,../../model_fits/finalized_redone_trunc_cp/t2_a1_proportion/total/vegetarian_dishes_count/plots/W8T41JZK0ZMEP.png,Total,18,18,0.15
total,vegetarian,Proportion,0.8944601776253098,NA,0.8944601776253098,0.821509903954877,0.9703382962383449,1.00233991261931,Restaurant,1SQPTEGYPH0GA,../../model_fits/finalized_redone_trunc_cp/t2_a1_proportion/total/vegetarian_dishes_prop/plots/1SQPTEGYPH0GA.png,Total,18,1,0.15
total,vegetarian,Proportion,0.9806347517661008,NA,0.9806347517661008,0.8469842998552983,1.1301807132434794,1.00114389154692,Restaurant,2HRX9P6HKXA8V,../../model_fits/finalized_redone_trunc_cp/t2_a1_proportion/total/vegetarian_dishes_prop/plots/2HRX9P6HKXA8V.png,Total,18,2,0.15
total,vegetarian,Proportion,0.9971571686725279,NA,0.9971571686725279,0.9502002165056764,1.0461403787417247,1.00123892336555,Restaurant,78AY09MVJVTYE,../../model_fits/finalized_redone_trunc_cp/t2_a1_proportion/total/vegetarian_dishes_prop/plots/78AY09MVJVTYE.png,Total,18,3,0.15
total,vegetarian,Proportion,1.156670213284684,NA,1.156670213284684,1.0690633991544003,1.2512928481788212,1.00088919917013,Restaurant,9XKJD8DQTH559,../../model_fits/finalized_redone_trunc_cp/t2_a1_proportion/total/vegetarian_dishes_prop/plots/9XKJD8DQTH559.png,Total,18,4,0.15
total,vegetarian,Proportion,1.0140162208819086,NA,1.0140162208819086,0.9292319283974861,1.1088444625307663,1.00100714430897,Restaurant,C0BE4NDSW26QN,../../model_fits/finalized_redone_trunc_cp/t2_a1_proportion/total/vegetarian_dishes_prop/plots/C0BE4NDSW26QN.png,Total,18,5,0.15
total,vegetarian,Proportion,0.9909755399034115,NA,0.9909755399034115,0.9348824726202953,1.0538739520617835,1.00008012004875,Restaurant,CB2KHY1C2G9PT,../../model_fits/finalized_redone_trunc_cp/t2_a1_proportion/total/vegetarian_dishes_prop/plots/CB2KHY1C2G9PT.png,Total,18,6,0.15
total,vegetarian,Proportion,1.1698616583723254,NA,1.1698616583723254,1.0690633991544003,1.2773084445875398,1.00136283746204,Restaurant,ED5J990H5VAZT,../../model_fits/finalized_redone_trunc_cp/t2_a1_proportion/total/vegetarian_dishes_prop/plots/ED5J990H5VAZT.png,Total,18,7,0.15
total,vegetarian,Proportion,1.1104619442489905,NA,1.1104619442489905,1.020917177548195,1.208052473618233,1.00048725255482,Restaurant,EMBVNVD207CC6,../../model_fits/finalized_redone_trunc_cp/t2_a1_proportion/total/vegetarian_dishes_prop/plots/EMBVNVD207CC6.png,Total,18,8,0.15
total,vegetarian,Proportion,1.0087877381379253,NA,1.0087877381379253,0.9272776363420387,1.1031920567064655,0.999823016650642,Restaurant,JHDN7CF1C03X5,../../model_fits/finalized_redone_trunc_cp/t2_a1_proportion/total/vegetarian_dishes_prop/plots/JHDN7CF1C03X5.png,Total,18,9,0.15
total,vegetarian,Proportion,1.238687070065988,NA,1.238687070065988,1.0575570503382523,1.4736512372951251,0.999989189702387,Restaurant,L69HYJ4Y3TR91,../../model_fits/finalized_redone_trunc_cp/t2_a1_proportion/total/vegetarian_dishes_prop/plots/L69HYJ4Y3TR91.png,Total,18,10,0.15
total,vegetarian,Proportion,0.9949300559581433,NA,0.9949300559581433,0.9101363514059139,1.087799358808552,0.999631188292305,Restaurant,LBZEEFSBJNB3Z,../../model_fits/finalized_redone_trunc_cp/t2_a1_proportion/total/vegetarian_dishes_prop/plots/LBZEEFSBJNB3Z.png,Total,18,11,0.15
total,vegetarian,Proportion,1.1854891294772054,NA,1.1854891294772054,0.9663308284400851,1.5291197724871015,1.00037372069159,Restaurant,LFZFT3VASXPED,../../model_fits/finalized_redone_trunc_cp/t2_a1_proportion/total/vegetarian_dishes_prop/plots/LFZFT3VASXPED.png,Total,18,12,0.15
total,vegetarian,Proportion,0.9906405743688476,NA,0.9906405743688476,0.8376158603010033,1.1620495159034718,1.00024684193584,Restaurant,LQ5EH4BKGV61T,../../model_fits/finalized_redone_trunc_cp/t2_a1_proportion/total/vegetarian_dishes_prop/plots/LQ5EH4BKGV61T.png,Total,18,13,0.15
total,vegetarian,Proportion,0.893291831059419,NA,0.893291831059419,0.8271973337231157,0.9607435561536403,1.00000880750655,Restaurant,S8MT0YGD2KTN9,../../model_fits/finalized_redone_trunc_cp/t2_a1_proportion/total/vegetarian_dishes_prop/plots/S8MT0YGD2KTN9.png,Total,18,14,0.15
total,vegetarian,Proportion,1.0792806051167185,NA,1.0792806051167185,0.8894799631049141,1.316255777016403,1.00038052941737,Restaurant,SAFK7ND1HR6XS,../../model_fits/finalized_redone_trunc_cp/t2_a1_proportion/total/vegetarian_dishes_prop/plots/SAFK7ND1HR6XS.png,Total,18,15,0.15
total,vegetarian,Proportion,1.0815184054134812,NA,1.0815184054134812,1.0454721296829765,1.1208679050687969,1.00114378931436,Restaurant,SRQS8F7JWA9MZ,../../model_fits/finalized_redone_trunc_cp/t2_a1_proportion/total/vegetarian_dishes_prop/plots/SRQS8F7JWA9MZ.png,Total,18,16,0.15
total,vegetarian,Proportion,1.0324907390716684,NA,1.0324907390716684,0.9716416578630735,1.094635920256487,1.00076543759895,Restaurant,V3Q26BHF3SE2H,../../model_fits/finalized_redone_trunc_cp/t2_a1_proportion/total/vegetarian_dishes_prop/plots/V3Q26BHF3SE2H.png,Total,18,17,0.15
total,vegetarian,Proportion,1.1876401812036133,NA,1.1876401812036133,1.0651622954916389,1.3311570313277052,1.00148632410803,Restaurant,W8T41JZK0ZMEP,../../model_fits/finalized_redone_trunc_cp/t2_a1_proportion/total/vegetarian_dishes_prop/plots/W8T41JZK0ZMEP.png,Total,18,18,0.15
nonvegan,mpbamod,Count,1.04,NA,1.0041042341303235,0.99,1.1,0.99980634594859,Restaurant,1SQPTEGYPH0GA,../../model_fits/finalized_redone_trunc_cp/t2_a1_proportion/nonvegan/mpbamod_dishes_count/plots/1SQPTEGYPH0GA.png,Animal,18,1,0.15
nonvegan,mpbamod,Count,0.88,NA,0.9872943042754962,0.76,1.01,1.00034753022509,Restaurant,2HRX9P6HKXA8V,../../model_fits/finalized_redone_trunc_cp/t2_a1_proportion/nonvegan/mpbamod_dishes_count/plots/2HRX9P6HKXA8V.png,Animal,18,2,0.15
nonvegan,mpbamod,Count,0.89,NA,0.9880228319954396,0.83,0.94,0.99979377936328,Restaurant,78AY09MVJVTYE,../../model_fits/finalized_redone_trunc_cp/t2_a1_proportion/nonvegan/mpbamod_dishes_count/plots/78AY09MVJVTYE.png,Animal,18,3,0.15
nonvegan,mpbamod,Count,1.06,NA,1.0060378100251746,1.04,1.08,1.00138451815796,Restaurant,9XKJD8DQTH559,../../model_fits/finalized_redone_trunc_cp/t2_a1_proportion/nonvegan/mpbamod_dishes_count/plots/9XKJD8DQTH559.png,Animal,18,4,0.15
nonvegan,mpbamod,Count,1.01,NA,1.0010527974087626,0.89,1.15,1.00009539972885,Restaurant,C0BE4NDSW26QN,../../model_fits/finalized_redone_trunc_cp/t2_a1_proportion/nonvegan/mpbamod_dishes_count/plots/C0BE4NDSW26QN.png,Animal,18,5,0.15
nonvegan,mpbamod,Count,0.94,NA,0.9940030683584,0.89,1,0.999204531021544,Restaurant,CB2KHY1C2G9PT,../../model_fits/finalized_redone_trunc_cp/t2_a1_proportion/nonvegan/mpbamod_dishes_count/plots/CB2KHY1C2G9PT.png,Animal,18,6,0.15
nonvegan,mpbamod,Count,1.02,NA,1.0016282212716296,1,1.03,1.00071313230548,Restaurant,ED5J990H5VAZT,../../model_fits/finalized_redone_trunc_cp/t2_a1_proportion/nonvegan/mpbamod_dishes_count/plots/ED5J990H5VAZT.png,Animal,18,7,0.15
nonvegan,mpbamod,Count,1.2,NA,1.0183700137851672,1.07,1.35,1.0017088950305,Restaurant,EMBVNVD207CC6,../../model_fits/finalized_redone_trunc_cp/t2_a1_proportion/nonvegan/mpbamod_dishes_count/plots/EMBVNVD207CC6.png,Animal,18,8,0.15
nonvegan,mpbamod,Count,1.01,NA,1.0008419342272512,0.98,1.04,1.00256819809078,Restaurant,JHDN7CF1C03X5,../../model_fits/finalized_redone_trunc_cp/t2_a1_proportion/nonvegan/mpbamod_dishes_count/plots/JHDN7CF1C03X5.png,Animal,18,9,0.15
nonvegan,mpbamod,Count,1.08,NA,1.0077813370869995,0.96,1.22,1.00069893835527,Restaurant,L69HYJ4Y3TR91,../../model_fits/finalized_redone_trunc_cp/t2_a1_proportion/nonvegan/mpbamod_dishes_count/plots/L69HYJ4Y3TR91.png,Animal,18,10,0.15
nonvegan,mpbamod,Count,1,NA,1.0004450968137797,0.93,1.09,1.00036674496163,Restaurant,LBZEEFSBJNB3Z,../../model_fits/finalized_redone_trunc_cp/t2_a1_proportion/nonvegan/mpbamod_dishes_count/plots/LBZEEFSBJNB3Z.png,Animal,18,11,0.15
nonvegan,mpbamod,Count,1.05,NA,1.0048315962575696,0.84,1.32,1.00154936305391,Restaurant,LFZFT3VASXPED,../../model_fits/finalized_redone_trunc_cp/t2_a1_proportion/nonvegan/mpbamod_dishes_count/plots/LFZFT3VASXPED.png,Animal,18,12,0.15
nonvegan,mpbamod,Count,1.13,NA,1.0126116179005924,1,1.31,1.00073627457043,Restaurant,LQ5EH4BKGV61T,../../model_fits/finalized_redone_trunc_cp/t2_a1_proportion/nonvegan/mpbamod_dishes_count/plots/LQ5EH4BKGV61T.png,Animal,18,13,0.15
nonvegan,mpbamod,Count,1.02,NA,1.0021683912984016,0.92,1.14,0.999731585860922,Restaurant,S8MT0YGD2KTN9,../../model_fits/finalized_redone_trunc_cp/t2_a1_proportion/nonvegan/mpbamod_dishes_count/plots/S8MT0YGD2KTN9.png,Animal,18,14,0.15
nonvegan,mpbamod,Count,1.09,NA,1.0086648358337635,0.91,1.33,1.00139092027259,Restaurant,SAFK7ND1HR6XS,../../model_fits/finalized_redone_trunc_cp/t2_a1_proportion/nonvegan/mpbamod_dishes_count/plots/SAFK7ND1HR6XS.png,Animal,18,15,0.15
nonvegan,mpbamod,Count,1.15,NA,1.0139702858505473,1.09,1.21,1.0001670034183,Restaurant,SRQS8F7JWA9MZ,../../model_fits/finalized_redone_trunc_cp/t2_a1_proportion/nonvegan/mpbamod_dishes_count/plots/SRQS8F7JWA9MZ.png,Animal,18,16,0.15
nonvegan,mpbamod,Count,0.98,NA,0.9975681691024612,0.95,1.01,1.00016161148219,Restaurant,V3Q26BHF3SE2H,../../model_fits/finalized_redone_trunc_cp/t2_a1_proportion/nonvegan/mpbamod_dishes_count/plots/V3Q26BHF3SE2H.png,Animal,18,17,0.15
nonvegan,mpbamod,Count,1.02,NA,1.0021199767010645,1,1.04,1.0006585219728,Restaurant,W8T41JZK0ZMEP,../../model_fits/finalized_redone_trunc_cp/t2_a1_proportion/nonvegan/mpbamod_dishes_count/plots/W8T41JZK0ZMEP.png,Animal,18,18,0.15
nonvegan,mpbamod,Proportion,0.7679821181487871,NA,0.7679821181487871,0.6309573444801932,0.9053576433419918,1.00063361128206,Restaurant,1SQPTEGYPH0GA,../../model_fits/finalized_redone_trunc_cp/t2_a1_proportion/nonvegan/mpbamod_dishes_prop/plots/1SQPTEGYPH0GA.png,Animal,18,1,0.15
nonvegan,mpbamod,Proportion,0.6930299929556901,NA,0.6930299929556901,0,0.9311499150948377,1.00142655872107,Restaurant,2HRX9P6HKXA8V,../../model_fits/finalized_redone_trunc_cp/t2_a1_proportion/nonvegan/mpbamod_dishes_prop/plots/2HRX9P6HKXA8V.png,Animal,18,2,0.15
nonvegan,mpbamod,Proportion,0.7105895046978064,NA,0.7105895046978064,0.6309573444801932,0.821509903954877,1.00115634695736,Restaurant,78AY09MVJVTYE,../../model_fits/finalized_redone_trunc_cp/t2_a1_proportion/nonvegan/mpbamod_dishes_prop/plots/78AY09MVJVTYE.png,Animal,18,3,0.15
nonvegan,mpbamod,Proportion,1.0621493330396614,NA,1.0621493330396614,0.9676833077041481,1.170077175279657,1.00026504304417,Restaurant,9XKJD8DQTH559,../../model_fits/finalized_redone_trunc_cp/t2_a1_proportion/nonvegan/mpbamod_dishes_prop/plots/9XKJD8DQTH559.png,Animal,18,4,0.15
nonvegan,mpbamod,Proportion,0.6627988213168646,NA,0.6627988213168646,0,0.9028804514474342,1.00033294542483,Restaurant,C0BE4NDSW26QN,../../model_fits/finalized_redone_trunc_cp/t2_a1_proportion/nonvegan/mpbamod_dishes_prop/plots/C0BE4NDSW26QN.png,Animal,18,5,0.15
nonvegan,mpbamod,Proportion,0.7882632285637262,NA,0.7882632285637262,0.7247796636776955,0.8555037734677596,0.999905032672287,Restaurant,CB2KHY1C2G9PT,../../model_fits/finalized_redone_trunc_cp/t2_a1_proportion/nonvegan/mpbamod_dishes_prop/plots/CB2KHY1C2G9PT.png,Animal,18,6,0.15
nonvegan,mpbamod,Proportion,1.0201500901168747,NA,1.0201500901168747,0.9906132650954108,1.0500712315941094,1.0004681793043,Restaurant,ED5J990H5VAZT,../../model_fits/finalized_redone_trunc_cp/t2_a1_proportion/nonvegan/mpbamod_dishes_prop/plots/ED5J990H5VAZT.png,Animal,18,7,0.15
nonvegan,mpbamod,Proportion,1.0262507547513329,NA,1.0262507547513329,0.9272776363420387,1.1379158280533401,1.00114330017458,Restaurant,EMBVNVD207CC6,../../model_fits/finalized_redone_trunc_cp/t2_a1_proportion/nonvegan/mpbamod_dishes_prop/plots/EMBVNVD207CC6.png,Animal,18,8,0.15
nonvegan,mpbamod,Proportion,0.9670824321971043,NA,0.9670824321971043,0.8594928497600735,1.092850178048433,1.00482270381403,Restaurant,JHDN7CF1C03X5,../../model_fits/finalized_redone_trunc_cp/t2_a1_proportion/nonvegan/mpbamod_dishes_prop/plots/JHDN7CF1C03X5.png,Animal,18,9,0.15
nonvegan,mpbamod,Proportion,1.0769613494644013,NA,1.0769613494644013,0.7664958432641342,1.5166141276533731,0.999990225678712,Restaurant,L69HYJ4Y3TR91,../../model_fits/finalized_redone_trunc_cp/t2_a1_proportion/nonvegan/mpbamod_dishes_prop/plots/L69HYJ4Y3TR91.png,Animal,18,10,0.15
nonvegan,mpbamod,Proportion,0.7487279111747309,NA,0.7487279111747309,0,0.9330329915368074,1.0004003480459,Restaurant,LBZEEFSBJNB3Z,../../model_fits/finalized_redone_trunc_cp/t2_a1_proportion/nonvegan/mpbamod_dishes_prop/plots/LBZEEFSBJNB3Z.png,Animal,18,11,0.15
nonvegan,mpbamod,Proportion,1.2176943384616015,NA,1.2176943384616015,0.7664958432641342,2.105313996781063,1.00046718502808,Restaurant,LFZFT3VASXPED,../../model_fits/finalized_redone_trunc_cp/t2_a1_proportion/nonvegan/mpbamod_dishes_prop/plots/LFZFT3VASXPED.png,Animal,18,12,0.15
nonvegan,mpbamod,Proportion,1.240401330699589,NA,1.240401330699589,0.9486045450669235,1.7549582413591718,1.00039100390588,Restaurant,LQ5EH4BKGV61T,../../model_fits/finalized_redone_trunc_cp/t2_a1_proportion/nonvegan/mpbamod_dishes_prop/plots/LQ5EH4BKGV61T.png,Animal,18,13,0.15
nonvegan,mpbamod,Proportion,1.5313472118463398,NA,1.5313472118463398,1.227241888371277,1.9124596993401173,1.0000445933136899,Restaurant,S8MT0YGD2KTN9,../../model_fits/finalized_redone_trunc_cp/t2_a1_proportion/nonvegan/mpbamod_dishes_prop/plots/S8MT0YGD2KTN9.png,Animal,18,14,0.15
nonvegan,mpbamod,Proportion,1.1018653771456057,NA,1.1018653771456057,0.821509903954877,1.5057398071126749,0.99985020960545,Restaurant,SAFK7ND1HR6XS,../../model_fits/finalized_redone_trunc_cp/t2_a1_proportion/nonvegan/mpbamod_dishes_prop/plots/SAFK7ND1HR6XS.png,Animal,18,15,0.15
nonvegan,mpbamod,Proportion,1.1493432826792351,NA,1.1493432826792351,1.0910377817042398,1.2146403875100338,1.00157559302491,Restaurant,SRQS8F7JWA9MZ,../../model_fits/finalized_redone_trunc_cp/t2_a1_proportion/nonvegan/mpbamod_dishes_prop/plots/SRQS8F7JWA9MZ.png,Animal,18,16,0.15
nonvegan,mpbamod,Proportion,0.915057287694277,NA,0.915057287694277,0.8705505632961241,0.9607435561536403,1.00035787577406,Restaurant,V3Q26BHF3SE2H,../../model_fits/finalized_redone_trunc_cp/t2_a1_proportion/nonvegan/mpbamod_dishes_prop/plots/V3Q26BHF3SE2H.png,Animal,18,17,0.15
nonvegan,mpbamod,Proportion,0.9727218923624333,NA,0.9727218923624333,0.8772762586965452,1.0887334987604584,0.999371992528132,Restaurant,W8T41JZK0ZMEP,../../model_fits/finalized_redone_trunc_cp/t2_a1_proportion/nonvegan/mpbamod_dishes_prop/plots/W8T41JZK0ZMEP.png,Animal,18,18,0.15
nonvegan,vegan,Count,1.17,NA,1.015914386861799,1.14,1.21,1.0005685678707,Restaurant,1SQPTEGYPH0GA,../../model_fits/finalized_redone_trunc_cp/t2_a1_proportion/nonvegan/vegan_dishes_count/plots/1SQPTEGYPH0GA.png,Animal,18,1,0.15
nonvegan,vegan,Count,0.99,NA,0.9993888228720933,0.92,1.08,1.00070809623826,Restaurant,2HRX9P6HKXA8V,../../model_fits/finalized_redone_trunc_cp/t2_a1_proportion/nonvegan/vegan_dishes_count/plots/2HRX9P6HKXA8V.png,Animal,18,2,0.15
nonvegan,vegan,Count,1.01,NA,1.0009333706946002,0.99,1.03,1.00081088172333,Restaurant,78AY09MVJVTYE,../../model_fits/finalized_redone_trunc_cp/t2_a1_proportion/nonvegan/vegan_dishes_count/plots/78AY09MVJVTYE.png,Animal,18,3,0.15
nonvegan,vegan,Count,1.02,NA,1.0024580080330225,1.01,1.04,1.00111511642985,Restaurant,9XKJD8DQTH559,../../model_fits/finalized_redone_trunc_cp/t2_a1_proportion/nonvegan/vegan_dishes_count/plots/9XKJD8DQTH559.png,Animal,18,4,0.15
nonvegan,vegan,Count,1.05,NA,1.0048767176803346,1.01,1.09,1.00025841141992,Restaurant,C0BE4NDSW26QN,../../model_fits/finalized_redone_trunc_cp/t2_a1_proportion/nonvegan/vegan_dishes_count/plots/C0BE4NDSW26QN.png,Animal,18,5,0.15
nonvegan,vegan,Count,1.03,NA,1.0028901031089141,1.01,1.05,0.999477615758941,Restaurant,CB2KHY1C2G9PT,../../model_fits/finalized_redone_trunc_cp/t2_a1_proportion/nonvegan/vegan_dishes_count/plots/CB2KHY1C2G9PT.png,Animal,18,6,0.15
nonvegan,vegan,Count,1.24,NA,1.021634449060654,1.18,1.31,1.00083972816549,Restaurant,ED5J990H5VAZT,../../model_fits/finalized_redone_trunc_cp/t2_a1_proportion/nonvegan/vegan_dishes_count/plots/ED5J990H5VAZT.png,Animal,18,7,0.15
nonvegan,vegan,Count,1.34,NA,1.030066858574864,1.19,1.53,0.999912279942738,Restaurant,EMBVNVD207CC6,../../model_fits/finalized_redone_trunc_cp/t2_a1_proportion/nonvegan/vegan_dishes_count/plots/EMBVNVD207CC6.png,Animal,18,8,0.15
nonvegan,vegan,Count,0.99,NA,0.9985909569648419,0.97,1,1.00033171369242,Restaurant,JHDN7CF1C03X5,../../model_fits/finalized_redone_trunc_cp/t2_a1_proportion/nonvegan/vegan_dishes_count/plots/JHDN7CF1C03X5.png,Animal,18,9,0.15
nonvegan,vegan,Count,1.1,NA,1.009331996533089,1.05,1.15,1.00029554323538,Restaurant,L69HYJ4Y3TR91,../../model_fits/finalized_redone_trunc_cp/t2_a1_proportion/nonvegan/vegan_dishes_count/plots/L69HYJ4Y3TR91.png,Animal,18,10,0.15
nonvegan,vegan,Count,1.12,NA,1.011706929341995,1.07,1.18,1.00036179830992,Restaurant,LBZEEFSBJNB3Z,../../model_fits/finalized_redone_trunc_cp/t2_a1_proportion/nonvegan/vegan_dishes_count/plots/LBZEEFSBJNB3Z.png,Animal,18,11,0.15
nonvegan,vegan,Count,1.01,NA,1.0008534309566994,0.86,1.18,1.00327667219394,Restaurant,LFZFT3VASXPED,../../model_fits/finalized_redone_trunc_cp/t2_a1_proportion/nonvegan/vegan_dishes_count/plots/LFZFT3VASXPED.png,Animal,18,12,0.15
nonvegan,vegan,Count,1.17,NA,1.015806568924385,1.01,1.4,1.00034695591961,Restaurant,LQ5EH4BKGV61T,../../model_fits/finalized_redone_trunc_cp/t2_a1_proportion/nonvegan/vegan_dishes_count/plots/LQ5EH4BKGV61T.png,Animal,18,13,0.15
nonvegan,vegan,Count,1,NA,1.0000101671453112,0.92,1.08,1.00194824463865,Restaurant,S8MT0YGD2KTN9,../../model_fits/finalized_redone_trunc_cp/t2_a1_proportion/nonvegan/vegan_dishes_count/plots/S8MT0YGD2KTN9.png,Animal,18,14,0.15
nonvegan,vegan,Count,1.15,NA,1.0143080504137707,0.91,1.44,1.00096161838076,Restaurant,SAFK7ND1HR6XS,../../model_fits/finalized_redone_trunc_cp/t2_a1_proportion/nonvegan/vegan_dishes_count/plots/SAFK7ND1HR6XS.png,Animal,18,15,0.15
nonvegan,vegan,Count,1.81,NA,1.0613729000429222,1.6,2.05,1.00210550127583,Restaurant,SRQS8F7JWA9MZ,../../model_fits/finalized_redone_trunc_cp/t2_a1_proportion/nonvegan/vegan_dishes_count/plots/SRQS8F7JWA9MZ.png,Animal,18,16,0.15
nonvegan,vegan,Count,1.15,NA,1.0136528229492061,1.09,1.21,1.00001445259922,Restaurant,V3Q26BHF3SE2H,../../model_fits/finalized_redone_trunc_cp/t2_a1_proportion/nonvegan/vegan_dishes_count/plots/V3Q26BHF3SE2H.png,Animal,18,17,0.15
nonvegan,vegan,Count,1.04,NA,1.0034701389986682,1.02,1.05,1.00045397278355,Restaurant,W8T41JZK0ZMEP,../../model_fits/finalized_redone_trunc_cp/t2_a1_proportion/nonvegan/vegan_dishes_count/plots/W8T41JZK0ZMEP.png,Animal,18,18,0.15
nonvegan,vegan,Proportion,0.8776720237858783,NA,0.8776720237858783,0.7767996097157338,0.9838794565405263,1.00079331571239,Restaurant,1SQPTEGYPH0GA,../../model_fits/finalized_redone_trunc_cp/t2_a1_proportion/nonvegan/vegan_dishes_prop/plots/1SQPTEGYPH0GA.png,Animal,18,1,0.15
nonvegan,vegan,Proportion,1.000577925429854,NA,1.000577925429854,0.8633219511791956,1.1498419167118241,1.00072655635851,Restaurant,2HRX9P6HKXA8V,../../model_fits/finalized_redone_trunc_cp/t2_a1_proportion/nonvegan/vegan_dishes_prop/plots/2HRX9P6HKXA8V.png,Animal,18,2,0.15
nonvegan,vegan,Proportion,1.0288658994923665,NA,1.0288658994923665,0.9791483623609768,1.0830170590841925,1.00009793573758,Restaurant,78AY09MVJVTYE,../../model_fits/finalized_redone_trunc_cp/t2_a1_proportion/nonvegan/vegan_dishes_prop/plots/78AY09MVJVTYE.png,Animal,18,3,0.15
nonvegan,vegan,Proportion,1.1762220080631962,NA,1.1762220080631962,1.06345023813903,1.3160870370695417,1.00138060306897,Restaurant,9XKJD8DQTH559,../../model_fits/finalized_redone_trunc_cp/t2_a1_proportion/nonvegan/vegan_dishes_prop/plots/9XKJD8DQTH559.png,Animal,18,4,0.15
nonvegan,vegan,Proportion,1.0746499954174549,NA,1.0746499954174549,0.9384855431870388,1.2274001502910312,0.999579086028655,Restaurant,C0BE4NDSW26QN,../../model_fits/finalized_redone_trunc_cp/t2_a1_proportion/nonvegan/vegan_dishes_prop/plots/C0BE4NDSW26QN.png,Animal,18,5,0.15
nonvegan,vegan,Proportion,1.0597283129520072,NA,1.0597283129520072,0.9979817686415696,1.1226456864312595,0.999183649414232,Restaurant,CB2KHY1C2G9PT,../../model_fits/finalized_redone_trunc_cp/t2_a1_proportion/nonvegan/vegan_dishes_prop/plots/CB2KHY1C2G9PT.png,Animal,18,6,0.15
nonvegan,vegan,Proportion,1.1471675757854378,NA,1.1471675757854378,1.0434439926896288,1.2608011730832882,1.00024994158231,Restaurant,ED5J990H5VAZT,../../model_fits/finalized_redone_trunc_cp/t2_a1_proportion/nonvegan/vegan_dishes_prop/plots/ED5J990H5VAZT.png,Animal,18,7,0.15
nonvegan,vegan,Proportion,1.0579542409167597,NA,1.0579542409167597,0.9895192582062144,1.1315033504297265,1.00184479862609,Restaurant,EMBVNVD207CC6,../../model_fits/finalized_redone_trunc_cp/t2_a1_proportion/nonvegan/vegan_dishes_prop/plots/EMBVNVD207CC6.png,Animal,18,8,0.15
nonvegan,vegan,Proportion,0.8988029587541423,NA,0.8988029587541423,0.821509903954877,0.9838794565405263,0.999818696354406,Restaurant,JHDN7CF1C03X5,../../model_fits/finalized_redone_trunc_cp/t2_a1_proportion/nonvegan/vegan_dishes_prop/plots/JHDN7CF1C03X5.png,Animal,18,9,0.15
nonvegan,vegan,Proportion,1.2947931247377837,NA,1.2947931247377837,1.119427181170775,1.5062918295173369,1.00049924298683,Restaurant,L69HYJ4Y3TR91,../../model_fits/finalized_redone_trunc_cp/t2_a1_proportion/nonvegan/vegan_dishes_prop/plots/L69HYJ4Y3TR91.png,Animal,18,10,0.15
nonvegan,vegan,Proportion,1.3291853469738066,NA,1.3291853469738066,1.1501262145228153,1.542070434958008,0.999974838505603,Restaurant,LBZEEFSBJNB3Z,../../model_fits/finalized_redone_trunc_cp/t2_a1_proportion/nonvegan/vegan_dishes_prop/plots/LBZEEFSBJNB3Z.png,Animal,18,11,0.15
nonvegan,vegan,Proportion,1.1597712642094506,NA,1.1597712642094506,0.9190663078716547,1.508011458791385,1.00056551653423,Restaurant,LFZFT3VASXPED,../../model_fits/finalized_redone_trunc_cp/t2_a1_proportion/nonvegan/vegan_dishes_prop/plots/LFZFT3VASXPED.png,Animal,18,12,0.15
nonvegan,vegan,Proportion,1.0303903510473216,NA,1.0303903510473216,0.8633219511791956,1.2477917486181096,1.00316613201169,Restaurant,LQ5EH4BKGV61T,../../model_fits/finalized_redone_trunc_cp/t2_a1_proportion/nonvegan/vegan_dishes_prop/plots/LQ5EH4BKGV61T.png,Animal,18,13,0.15
nonvegan,vegan,Proportion,1.1284134909766155,NA,1.1284134909766155,0.9330329915368074,1.3628839410924374,1.0007296410945,Restaurant,S8MT0YGD2KTN9,../../model_fits/finalized_redone_trunc_cp/t2_a1_proportion/nonvegan/vegan_dishes_prop/plots/S8MT0YGD2KTN9.png,Animal,18,14,0.15
nonvegan,vegan,Proportion,1.1400724884998448,NA,1.1400724884998448,0.9190663078716547,1.4404216303648485,1.0009395728584,Restaurant,SAFK7ND1HR6XS,../../model_fits/finalized_redone_trunc_cp/t2_a1_proportion/nonvegan/vegan_dishes_prop/plots/SAFK7ND1HR6XS.png,Animal,18,15,0.15
nonvegan,vegan,Proportion,1.1459327202578544,NA,1.1459327202578544,1.0932990799580533,1.2013164756613854,1.0018503059566,Restaurant,SRQS8F7JWA9MZ,../../model_fits/finalized_redone_trunc_cp/t2_a1_proportion/nonvegan/vegan_dishes_prop/plots/SRQS8F7JWA9MZ.png,Animal,18,16,0.15
nonvegan,vegan,Proportion,1.2320541155178792,NA,1.2320541155178792,1.1391601441248391,1.3486744373424708,1.00067021485167,Restaurant,V3Q26BHF3SE2H,../../model_fits/finalized_redone_trunc_cp/t2_a1_proportion/nonvegan/vegan_dishes_prop/plots/V3Q26BHF3SE2H.png,Animal,18,17,0.15
nonvegan,vegan,Proportion,1.1187464835932872,NA,1.1187464835932872,1.0175475106035239,1.2334335602222073,1.00157037838263,Restaurant,W8T41JZK0ZMEP,../../model_fits/finalized_redone_trunc_cp/t2_a1_proportion/nonvegan/vegan_dishes_prop/plots/W8T41JZK0ZMEP.png,Animal,18,18,0.15
nonvegan,vegetarian,Count,1.07,NA,1.0063799087510112,1.06,1.08,1.00114680957858,Restaurant,1SQPTEGYPH0GA,../../model_fits/finalized_redone_trunc_cp/t2_a1_proportion/nonvegan/vegetarian_dishes_count/plots/1SQPTEGYPH0GA.png,Animal,18,1,0.15
nonvegan,vegetarian,Count,1,NA,0.9995027826014136,0.94,1.06,1.00097970458054,Restaurant,2HRX9P6HKXA8V,../../model_fits/finalized_redone_trunc_cp/t2_a1_proportion/nonvegan/vegetarian_dishes_count/plots/2HRX9P6HKXA8V.png,Animal,18,2,0.15
nonvegan,vegetarian,Count,1,NA,0.9998964451634251,0.98,1.01,1.00397723368404,Restaurant,78AY09MVJVTYE,../../model_fits/finalized_redone_trunc_cp/t2_a1_proportion/nonvegan/vegetarian_dishes_count/plots/78AY09MVJVTYE.png,Animal,18,3,0.15
nonvegan,vegetarian,Count,1.02,NA,1.001816570581633,1.01,1.03,1.00011675566245,Restaurant,9XKJD8DQTH559,../../model_fits/finalized_redone_trunc_cp/t2_a1_proportion/nonvegan/vegetarian_dishes_count/plots/9XKJD8DQTH559.png,Animal,18,4,0.15
nonvegan,vegetarian,Count,1.02,NA,1.0022932924944443,1,1.05,0.999866230509,Restaurant,C0BE4NDSW26QN,../../model_fits/finalized_redone_trunc_cp/t2_a1_proportion/nonvegan/vegetarian_dishes_count/plots/C0BE4NDSW26QN.png,Animal,18,5,0.15
nonvegan,vegetarian,Count,1.02,NA,1.0023023878818398,1.01,1.03,1.00044122896259,Restaurant,CB2KHY1C2G9PT,../../model_fits/finalized_redone_trunc_cp/t2_a1_proportion/nonvegan/vegetarian_dishes_count/plots/CB2KHY1C2G9PT.png,Animal,18,6,0.15
nonvegan,vegetarian,Count,1.1,NA,1.0098026152144157,1.08,1.13,1.00111236090047,Restaurant,ED5J990H5VAZT,../../model_fits/finalized_redone_trunc_cp/t2_a1_proportion/nonvegan/vegetarian_dishes_count/plots/ED5J990H5VAZT.png,Animal,18,7,0.15
nonvegan,vegetarian,Count,1.18,NA,1.0170157117218652,1.11,1.28,1.00331176826173,Restaurant,EMBVNVD207CC6,../../model_fits/finalized_redone_trunc_cp/t2_a1_proportion/nonvegan/vegetarian_dishes_count/plots/EMBVNVD207CC6.png,Animal,18,8,0.15
nonvegan,vegetarian,Count,1,NA,0.9999726228101967,0.99,1.01,1.00024105810254,Restaurant,JHDN7CF1C03X5,../../model_fits/finalized_redone_trunc_cp/t2_a1_proportion/nonvegan/vegetarian_dishes_count/plots/JHDN7CF1C03X5.png,Animal,18,9,0.15
nonvegan,vegetarian,Count,1.06,NA,1.0060826930823659,1.03,1.1,1.00178894315104,Restaurant,L69HYJ4Y3TR91,../../model_fits/finalized_redone_trunc_cp/t2_a1_proportion/nonvegan/vegetarian_dishes_count/plots/L69HYJ4Y3TR91.png,Animal,18,10,0.15
nonvegan,vegetarian,Count,1.03,NA,1.0029822401304653,0.99,1.06,1.00212876337868,Restaurant,LBZEEFSBJNB3Z,../../model_fits/finalized_redone_trunc_cp/t2_a1_proportion/nonvegan/vegetarian_dishes_count/plots/LBZEEFSBJNB3Z.png,Animal,18,11,0.15
nonvegan,vegetarian,Count,1.01,NA,1.0012358052643424,0.92,1.11,1.00049584056498,Restaurant,LFZFT3VASXPED,../../model_fits/finalized_redone_trunc_cp/t2_a1_proportion/nonvegan/vegetarian_dishes_count/plots/LFZFT3VASXPED.png,Animal,18,12,0.15
nonvegan,vegetarian,Count,1.09,NA,1.0084028819730737,1,1.2,1.00217409822637,Restaurant,LQ5EH4BKGV61T,../../model_fits/finalized_redone_trunc_cp/t2_a1_proportion/nonvegan/vegetarian_dishes_count/plots/LQ5EH4BKGV61T.png,Animal,18,13,0.15
nonvegan,vegetarian,Count,0.96,NA,0.9962590802297264,0.94,0.98,1.00111606924232,Restaurant,S8MT0YGD2KTN9,../../model_fits/finalized_redone_trunc_cp/t2_a1_proportion/nonvegan/vegetarian_dishes_count/plots/S8MT0YGD2KTN9.png,Animal,18,14,0.15
nonvegan,vegetarian,Count,1.06,NA,1.0062010609074925,0.96,1.19,1.00102020959533,Restaurant,SAFK7ND1HR6XS,../../model_fits/finalized_redone_trunc_cp/t2_a1_proportion/nonvegan/vegetarian_dishes_count/plots/SAFK7ND1HR6XS.png,Animal,18,15,0.15
nonvegan,vegetarian,Count,1.05,NA,1.0048543259672256,1.03,1.07,0.999553266312974,Restaurant,SRQS8F7JWA9MZ,../../model_fits/finalized_redone_trunc_cp/t2_a1_proportion/nonvegan/vegetarian_dishes_count/plots/SRQS8F7JWA9MZ.png,Animal,18,16,0.15
nonvegan,vegetarian,Count,1.08,NA,1.0076203380005297,1.04,1.12,1.00065298994686,Restaurant,V3Q26BHF3SE2H,../../model_fits/finalized_redone_trunc_cp/t2_a1_proportion/nonvegan/vegetarian_dishes_count/plots/V3Q26BHF3SE2H.png,Animal,18,17,0.15
nonvegan,vegetarian,Count,1.03,NA,1.0025178284389333,1.01,1.04,1.00163779818325,Restaurant,W8T41JZK0ZMEP,../../model_fits/finalized_redone_trunc_cp/t2_a1_proportion/nonvegan/vegetarian_dishes_count/plots/W8T41JZK0ZMEP.png,Animal,18,18,0.15
nonvegan,vegetarian,Proportion,0.9054601170820186,NA,0.9054601170820186,0.8376158603010033,0.9838794565405263,1.0157134399852,Restaurant,1SQPTEGYPH0GA,../../model_fits/finalized_redone_trunc_cp/t2_a1_proportion/nonvegan/vegetarian_dishes_prop/plots/1SQPTEGYPH0GA.png,Animal,18,1,0.15
nonvegan,vegetarian,Proportion,0.9769356029604022,NA,0.9769356029604022,0.8513399225207846,1.10277817813286,1.00958648903703,Restaurant,2HRX9P6HKXA8V,../../model_fits/finalized_redone_trunc_cp/t2_a1_proportion/nonvegan/vegetarian_dishes_prop/plots/2HRX9P6HKXA8V.png,Animal,18,2,0.15
nonvegan,vegetarian,Proportion,0.9951638157601054,NA,0.9951638157601054,0.9517721299086175,1.042759988957706,1.01081962274136,Restaurant,78AY09MVJVTYE,../../model_fits/finalized_redone_trunc_cp/t2_a1_proportion/nonvegan/vegetarian_dishes_prop/plots/78AY09MVJVTYE.png,Animal,18,3,0.15
nonvegan,vegetarian,Proportion,1.1314729749579266,NA,1.1314729749579266,1.0513526033129272,1.225809201264129,1.01780328020944,Restaurant,9XKJD8DQTH559,../../model_fits/finalized_redone_trunc_cp/t2_a1_proportion/nonvegan/vegetarian_dishes_prop/plots/9XKJD8DQTH559.png,Animal,18,4,0.15
nonvegan,vegetarian,Proportion,1.0015192900694014,NA,1.0015192900694014,0.9146993820210588,1.1044253752367947,1.01197849810247,Restaurant,C0BE4NDSW26QN,../../model_fits/finalized_redone_trunc_cp/t2_a1_proportion/nonvegan/vegetarian_dishes_prop/plots/C0BE4NDSW26QN.png,Animal,18,5,0.15
nonvegan,vegetarian,Proportion,0.9970679207128545,NA,0.9970679207128545,0.9384855431870388,1.0557299559853683,1.00470582171003,Restaurant,CB2KHY1C2G9PT,../../model_fits/finalized_redone_trunc_cp/t2_a1_proportion/nonvegan/vegetarian_dishes_prop/plots/CB2KHY1C2G9PT.png,Animal,18,6,0.15
nonvegan,vegetarian,Proportion,1.134083193145131,NA,1.134083193145131,1.042759988957706,1.2381929902766857,1.00884986941718,Restaurant,ED5J990H5VAZT,../../model_fits/finalized_redone_trunc_cp/t2_a1_proportion/nonvegan/vegetarian_dishes_prop/plots/ED5J990H5VAZT.png,Animal,18,7,0.15
nonvegan,vegetarian,Proportion,1.0653480267876843,NA,1.0653480267876843,0.9716416578630735,1.1630806224346384,1.01466330449523,Restaurant,EMBVNVD207CC6,../../model_fits/finalized_redone_trunc_cp/t2_a1_proportion/nonvegan/vegetarian_dishes_prop/plots/EMBVNVD207CC6.png,Animal,18,8,0.15
nonvegan,vegetarian,Proportion,0.979556077437851,NA,0.979556077437851,0.8977344508701224,1.0651622954916389,1.00581162921682,Restaurant,JHDN7CF1C03X5,../../model_fits/finalized_redone_trunc_cp/t2_a1_proportion/nonvegan/vegetarian_dishes_prop/plots/JHDN7CF1C03X5.png,Animal,18,9,0.15
nonvegan,vegetarian,Proportion,1.165479184927165,NA,1.165479184927165,1.0086550094987714,1.3802255613108483,1.00530208796305,Restaurant,L69HYJ4Y3TR91,../../model_fits/finalized_redone_trunc_cp/t2_a1_proportion/nonvegan/vegetarian_dishes_prop/plots/L69HYJ4Y3TR91.png,Animal,18,10,0.15
nonvegan,vegetarian,Proportion,0.9991412438894731,NA,0.9991412438894731,0.9077752957697911,1.0896604804610857,1.01587158622441,Restaurant,LBZEEFSBJNB3Z,../../model_fits/finalized_redone_trunc_cp/t2_a1_proportion/nonvegan/vegetarian_dishes_prop/plots/LBZEEFSBJNB3Z.png,Animal,18,11,0.15
nonvegan,vegetarian,Proportion,1.1178575831871111,NA,1.1178575831871111,0.9384855431870388,1.3583158551391228,1.01774863868938,Restaurant,LFZFT3VASXPED,../../model_fits/finalized_redone_trunc_cp/t2_a1_proportion/nonvegan/vegetarian_dishes_prop/plots/LFZFT3VASXPED.png,Animal,18,12,0.15
nonvegan,vegetarian,Proportion,0.9933401553796919,NA,0.9933401553796919,0.867004045984223,1.1328122177911581,1.00088135660848,Restaurant,LQ5EH4BKGV61T,../../model_fits/finalized_redone_trunc_cp/t2_a1_proportion/nonvegan/vegetarian_dishes_prop/plots/LQ5EH4BKGV61T.png,Animal,18,13,0.15
nonvegan,vegetarian,Proportion,0.9037588144997383,NA,0.9037588144997383,0.8424172486141028,0.9676833077041481,1.00395837295875,Restaurant,S8MT0YGD2KTN9,../../model_fits/finalized_redone_trunc_cp/t2_a1_proportion/nonvegan/vegetarian_dishes_prop/plots/S8MT0YGD2KTN9.png,Animal,18,14,0.15
nonvegan,vegetarian,Proportion,1.0600640550158202,NA,1.0600640550158202,0.8977344508701224,1.2961211914378115,1.03416725814205,Restaurant,SAFK7ND1HR6XS,../../model_fits/finalized_redone_trunc_cp/t2_a1_proportion/nonvegan/vegetarian_dishes_prop/plots/SAFK7ND1HR6XS.png,Animal,18,15,0.15
nonvegan,vegetarian,Proportion,1.0800913765041893,NA,1.0800913765041893,1.0461403787417247,1.1168650332833003,1.0034787648215,Restaurant,SRQS8F7JWA9MZ,../../model_fits/finalized_redone_trunc_cp/t2_a1_proportion/nonvegan/vegetarian_dishes_prop/plots/SRQS8F7JWA9MZ.png,Animal,18,16,0.15
nonvegan,vegetarian,Proportion,1.0359944649438098,NA,1.0359944649438098,0.9803505238485178,1.0972663279561043,1.00513885297622,Restaurant,V3Q26BHF3SE2H,../../model_fits/finalized_redone_trunc_cp/t2_a1_proportion/nonvegan/vegetarian_dishes_prop/plots/V3Q26BHF3SE2H.png,Animal,18,17,0.15
nonvegan,vegetarian,Proportion,1.065155491858387,NA,1.065155491858387,0.9649610951198176,1.1760209316379977,1.00771355994412,Restaurant,W8T41JZK0ZMEP,../../model_fits/finalized_redone_trunc_cp/t2_a1_proportion/nonvegan/vegetarian_dishes_prop/plots/W8T41JZK0ZMEP.png,Animal,18,18,0.15
meat,mpbamod,Count,1.08,NA,1.0075874447464566,1.02,1.14,1.00230850359003,Restaurant,1SQPTEGYPH0GA,../../model_fits/finalized_redone_trunc_cp/t2_a1_proportion/meat/mpbamod_dishes_count/plots/1SQPTEGYPH0GA.png,Animal,18,1,0.15
meat,mpbamod,Count,0.95,NA,0.9946254041653013,0.82,1.06,1.00092526050538,Restaurant,2HRX9P6HKXA8V,../../model_fits/finalized_redone_trunc_cp/t2_a1_proportion/meat/mpbamod_dishes_count/plots/2HRX9P6HKXA8V.png,Animal,18,2,0.15
meat,mpbamod,Count,0.91,NA,0.9903388885473651,0.84,0.98,1.00284233365273,Restaurant,78AY09MVJVTYE,../../model_fits/finalized_redone_trunc_cp/t2_a1_proportion/meat/mpbamod_dishes_count/plots/78AY09MVJVTYE.png,Animal,18,3,0.15
meat,mpbamod,Count,1.06,NA,1.0057918612355539,1.04,1.08,1.00105586694368,Restaurant,9XKJD8DQTH559,../../model_fits/finalized_redone_trunc_cp/t2_a1_proportion/meat/mpbamod_dishes_count/plots/9XKJD8DQTH559.png,Animal,18,4,0.15
meat,mpbamod,Count,1.01,NA,1.0010277205850036,0.9,1.12,1.00122556182053,Restaurant,C0BE4NDSW26QN,../../model_fits/finalized_redone_trunc_cp/t2_a1_proportion/meat/mpbamod_dishes_count/plots/C0BE4NDSW26QN.png,Animal,18,5,0.15
meat,mpbamod,Count,0.99,NA,0.9986546235106544,0.93,1.05,1.00100623682949,Restaurant,CB2KHY1C2G9PT,../../model_fits/finalized_redone_trunc_cp/t2_a1_proportion/meat/mpbamod_dishes_count/plots/CB2KHY1C2G9PT.png,Animal,18,6,0.15
meat,mpbamod,Count,1.01,NA,1.0012807111688053,1,1.03,1.00167282204045,Restaurant,ED5J990H5VAZT,../../model_fits/finalized_redone_trunc_cp/t2_a1_proportion/meat/mpbamod_dishes_count/plots/ED5J990H5VAZT.png,Animal,18,7,0.15
meat,mpbamod,Count,1.1,NA,1.0094321857298274,1.01,1.21,1.00213627973621,Restaurant,EMBVNVD207CC6,../../model_fits/finalized_redone_trunc_cp/t2_a1_proportion/meat/mpbamod_dishes_count/plots/EMBVNVD207CC6.png,Animal,18,8,0.15
meat,mpbamod,Count,1,NA,1.000392784117922,0.98,1.03,1.0009177152974,Restaurant,JHDN7CF1C03X5,../../model_fits/finalized_redone_trunc_cp/t2_a1_proportion/meat/mpbamod_dishes_count/plots/JHDN7CF1C03X5.png,Animal,18,9,0.15
meat,mpbamod,Count,1.05,NA,1.0050764986631098,0.94,1.19,0.99964206255526,Restaurant,L69HYJ4Y3TR91,../../model_fits/finalized_redone_trunc_cp/t2_a1_proportion/meat/mpbamod_dishes_count/plots/L69HYJ4Y3TR91.png,Animal,18,10,0.15
meat,mpbamod,Count,1.06,NA,1.0057834324576689,0.97,1.16,1.00286621919415,Restaurant,LBZEEFSBJNB3Z,../../model_fits/finalized_redone_trunc_cp/t2_a1_proportion/meat/mpbamod_dishes_count/plots/LBZEEFSBJNB3Z.png,Animal,18,11,0.15
meat,mpbamod,Count,1.05,NA,1.0045717404317158,0.9,1.24,1.00065404745587,Restaurant,LFZFT3VASXPED,../../model_fits/finalized_redone_trunc_cp/t2_a1_proportion/meat/mpbamod_dishes_count/plots/LFZFT3VASXPED.png,Animal,18,12,0.15
meat,mpbamod,Count,1.13,NA,1.012096313865178,1,1.34,1.00028396611557,Restaurant,LQ5EH4BKGV61T,../../model_fits/finalized_redone_trunc_cp/t2_a1_proportion/meat/mpbamod_dishes_count/plots/LQ5EH4BKGV61T.png,Animal,18,13,0.15
meat,mpbamod,Count,1.06,NA,1.0055172259807679,0.96,1.16,1.00074794943773,Restaurant,S8MT0YGD2KTN9,../../model_fits/finalized_redone_trunc_cp/t2_a1_proportion/meat/mpbamod_dishes_count/plots/S8MT0YGD2KTN9.png,Animal,18,14,0.15
meat,mpbamod,Count,1.07,NA,1.0068805587521417,0.94,1.26,1.00063765343093,Restaurant,SAFK7ND1HR6XS,../../model_fits/finalized_redone_trunc_cp/t2_a1_proportion/meat/mpbamod_dishes_count/plots/SAFK7ND1HR6XS.png,Animal,18,15,0.15
meat,mpbamod,Count,1.1,NA,1.0097531508606918,1.05,1.16,1.00064624798916,Restaurant,SRQS8F7JWA9MZ,../../model_fits/finalized_redone_trunc_cp/t2_a1_proportion/meat/mpbamod_dishes_count/plots/SRQS8F7JWA9MZ.png,Animal,18,16,0.15
meat,mpbamod,Count,1.02,NA,1.002392906883273,0.98,1.06,1.00013432482922,Restaurant,V3Q26BHF3SE2H,../../model_fits/finalized_redone_trunc_cp/t2_a1_proportion/meat/mpbamod_dishes_count/plots/V3Q26BHF3SE2H.png,Animal,18,17,0.15
meat,mpbamod,Count,1,NA,0.9997709678889866,0.98,1.02,0.999666149496159,Restaurant,W8T41JZK0ZMEP,../../model_fits/finalized_redone_trunc_cp/t2_a1_proportion/meat/mpbamod_dishes_count/plots/W8T41JZK0ZMEP.png,Animal,18,18,0.15
meat,mpbamod,Proportion,0.8938427659787204,NA,0.8938427659787204,0.754770860611584,1.0513526033129272,1.57468825584898,Restaurant,1SQPTEGYPH0GA,../../model_fits/finalized_redone_trunc_cp/t2_a1_proportion/meat/mpbamod_dishes_prop/plots/1SQPTEGYPH0GA.png,Animal,18,1,0.15
meat,mpbamod,Proportion,0.7329343305295692,NA,0.7329343305295692,0,0.99899547129175,1.14157541765297,Restaurant,2HRX9P6HKXA8V,../../model_fits/finalized_redone_trunc_cp/t2_a1_proportion/meat/mpbamod_dishes_prop/plots/2HRX9P6HKXA8V.png,Animal,18,2,0.15
meat,mpbamod,Proportion,0.6973829300167025,NA,0.6973829300167025,0.6309573444801932,0.8469842998552983,1.26572722277956,Restaurant,78AY09MVJVTYE,../../model_fits/finalized_redone_trunc_cp/t2_a1_proportion/meat/mpbamod_dishes_prop/plots/78AY09MVJVTYE.png,Animal,18,3,0.15
meat,mpbamod,Proportion,1.0510065602145306,NA,1.0510065602145306,0.9838794565405263,1.174618943088019,1.2490339268331,Restaurant,9XKJD8DQTH559,../../model_fits/finalized_redone_trunc_cp/t2_a1_proportion/meat/mpbamod_dishes_prop/plots/9XKJD8DQTH559.png,Animal,18,4,0.15
meat,mpbamod,Proportion,0.7069817605613427,NA,0.7069817605613427,0,0.9330329915368074,1.57367745691859,Restaurant,C0BE4NDSW26QN,../../model_fits/finalized_redone_trunc_cp/t2_a1_proportion/meat/mpbamod_dishes_prop/plots/C0BE4NDSW26QN.png,Animal,18,5,0.15
meat,mpbamod,Proportion,0.7718831893380619,NA,0.7718831893380619,0.7247796636776955,0.8513399225207846,1.26572554491571,Restaurant,CB2KHY1C2G9PT,../../model_fits/finalized_redone_trunc_cp/t2_a1_proportion/meat/mpbamod_dishes_prop/plots/CB2KHY1C2G9PT.png,Animal,18,6,0.15
meat,mpbamod,Proportion,1.0195822091293125,NA,1.0195822091293125,0.9803505238485178,1.052620071910597,1.41421235982293,Restaurant,ED5J990H5VAZT,../../model_fits/finalized_redone_trunc_cp/t2_a1_proportion/meat/mpbamod_dishes_prop/plots/ED5J990H5VAZT.png,Animal,18,7,0.15
meat,mpbamod,Proportion,0.9856477091476941,NA,0.9856477091476941,0.9124435365554808,1.0685138922256048,1.55122652523114,Restaurant,EMBVNVD207CC6,../../model_fits/finalized_redone_trunc_cp/t2_a1_proportion/meat/mpbamod_dishes_prop/plots/EMBVNVD207CC6.png,Animal,18,8,0.15
meat,mpbamod,Proportion,1.113112043585377,NA,1.113112043585377,0.9838794565405263,1.22676599743438,1.57303519069364,Restaurant,JHDN7CF1C03X5,../../model_fits/finalized_redone_trunc_cp/t2_a1_proportion/meat/mpbamod_dishes_prop/plots/JHDN7CF1C03X5.png,Animal,18,9,0.15
meat,mpbamod,Proportion,0.98838745551966,NA,0.98838745551966,0.7411344491069477,1.4652306920853984,1.47629574138656,Restaurant,L69HYJ4Y3TR91,../../model_fits/finalized_redone_trunc_cp/t2_a1_proportion/meat/mpbamod_dishes_prop/plots/L69HYJ4Y3TR91.png,Animal,18,10,0.15
meat,mpbamod,Proportion,0.8855667368033222,NA,0.8855667368033222,0.6762433378062414,1.0611282029594775,1.18742657518147,Restaurant,LBZEEFSBJNB3Z,../../model_fits/finalized_redone_trunc_cp/t2_a1_proportion/meat/mpbamod_dishes_prop/plots/LBZEEFSBJNB3Z.png,Animal,18,11,0.15
meat,mpbamod,Proportion,1.2564571410044534,NA,1.2564571410044534,0.7767996097157338,1.899268422078557,1.15035360017036,Restaurant,LFZFT3VASXPED,../../model_fits/finalized_redone_trunc_cp/t2_a1_proportion/meat/mpbamod_dishes_prop/plots/LFZFT3VASXPED.png,Animal,18,12,0.15
meat,mpbamod,Proportion,1.216151261041923,NA,1.216151261041923,0.9895192582062144,1.7630646762604392,1.19857638944267,Restaurant,LQ5EH4BKGV61T,../../model_fits/finalized_redone_trunc_cp/t2_a1_proportion/meat/mpbamod_dishes_prop/plots/LQ5EH4BKGV61T.png,Animal,18,13,0.15
meat,mpbamod,Proportion,1.493877697061926,NA,1.493877697061926,1.224522925983633,1.8287003861211502,1.59377865488071,Restaurant,S8MT0YGD2KTN9,../../model_fits/finalized_redone_trunc_cp/t2_a1_proportion/meat/mpbamod_dishes_prop/plots/S8MT0YGD2KTN9.png,Animal,18,14,0.15
meat,mpbamod,Proportion,1.0765525310031103,NA,1.0765525310031103,0.8271973337231157,1.4004086120873078,1.63331895966665,Restaurant,SAFK7ND1HR6XS,../../model_fits/finalized_redone_trunc_cp/t2_a1_proportion/meat/mpbamod_dishes_prop/plots/SAFK7ND1HR6XS.png,Animal,18,15,0.15
meat,mpbamod,Proportion,1.0999148426593397,NA,1.0999148426593397,1.053248691300327,1.1594351219871442,1.51783112280709,Restaurant,SRQS8F7JWA9MZ,../../model_fits/finalized_redone_trunc_cp/t2_a1_proportion/meat/mpbamod_dishes_prop/plots/SRQS8F7JWA9MZ.png,Animal,18,16,0.15
meat,mpbamod,Proportion,1.0195148683987851,NA,1.0195148683987851,0.956352499790037,1.070696835324435,1.30652600311862,Restaurant,V3Q26BHF3SE2H,../../model_fits/finalized_redone_trunc_cp/t2_a1_proportion/meat/mpbamod_dishes_prop/plots/V3Q26BHF3SE2H.png,Animal,18,17,0.15
meat,mpbamod,Proportion,1.0069301255827705,NA,1.0069301255827705,0.9101363514059139,1.1324862753392486,1.47750040319678,Restaurant,W8T41JZK0ZMEP,../../model_fits/finalized_redone_trunc_cp/t2_a1_proportion/meat/mpbamod_dishes_prop/plots/W8T41JZK0ZMEP.png,Animal,18,18,0.15
meat,vegan,Count,1.13,NA,1.0126509040622373,1.1,1.17,1.01450557148448,Restaurant,1SQPTEGYPH0GA,../../model_fits/finalized_redone_trunc_cp/t2_a1_proportion/meat/vegan_dishes_count/plots/1SQPTEGYPH0GA.png,Animal,18,1,0.15
meat,vegan,Count,0.93,NA,0.9932590111551178,0.85,1.02,1.00125526715593,Restaurant,2HRX9P6HKXA8V,../../model_fits/finalized_redone_trunc_cp/t2_a1_proportion/meat/vegan_dishes_count/plots/2HRX9P6HKXA8V.png,Animal,18,2,0.15
meat,vegan,Count,1.01,NA,1.0014690685259857,0.99,1.04,1.00042020518555,Restaurant,78AY09MVJVTYE,../../model_fits/finalized_redone_trunc_cp/t2_a1_proportion/meat/vegan_dishes_count/plots/78AY09MVJVTYE.png,Animal,18,3,0.15
meat,vegan,Count,1.02,NA,1.0024273745154557,1.01,1.04,1.00242701512298,Restaurant,9XKJD8DQTH559,../../model_fits/finalized_redone_trunc_cp/t2_a1_proportion/meat/vegan_dishes_count/plots/9XKJD8DQTH559.png,Animal,18,4,0.15
meat,vegan,Count,1.05,NA,1.0044942836732433,1.01,1.09,1.00087956091155,Restaurant,C0BE4NDSW26QN,../../model_fits/finalized_redone_trunc_cp/t2_a1_proportion/meat/vegan_dishes_count/plots/C0BE4NDSW26QN.png,Animal,18,5,0.15
meat,vegan,Count,1.02,NA,1.0024692708313558,1.01,1.04,1.00202188829655,Restaurant,CB2KHY1C2G9PT,../../model_fits/finalized_redone_trunc_cp/t2_a1_proportion/meat/vegan_dishes_count/plots/CB2KHY1C2G9PT.png,Animal,18,6,0.15
meat,vegan,Count,1.13,NA,1.0118936572058579,1.06,1.2,1.00181524171249,Restaurant,ED5J990H5VAZT,../../model_fits/finalized_redone_trunc_cp/t2_a1_proportion/meat/vegan_dishes_count/plots/ED5J990H5VAZT.png,Animal,18,7,0.15
meat,vegan,Count,1.33,NA,1.028629305753365,1.16,1.52,1.00132003564795,Restaurant,EMBVNVD207CC6,../../model_fits/finalized_redone_trunc_cp/t2_a1_proportion/meat/vegan_dishes_count/plots/EMBVNVD207CC6.png,Animal,18,8,0.15
meat,vegan,Count,0.97,NA,0.9967394729403729,0.95,0.98,1.00159764531681,Restaurant,JHDN7CF1C03X5,../../model_fits/finalized_redone_trunc_cp/t2_a1_proportion/meat/vegan_dishes_count/plots/JHDN7CF1C03X5.png,Animal,18,9,0.15
meat,vegan,Count,1.1,NA,1.0094889981721054,1.04,1.17,1.00053112096183,Restaurant,L69HYJ4Y3TR91,../../model_fits/finalized_redone_trunc_cp/t2_a1_proportion/meat/vegan_dishes_count/plots/L69HYJ4Y3TR91.png,Animal,18,10,0.15
meat,vegan,Count,1.2,NA,1.018266051618971,1.14,1.26,1.00003706706825,Restaurant,LBZEEFSBJNB3Z,../../model_fits/finalized_redone_trunc_cp/t2_a1_proportion/meat/vegan_dishes_count/plots/LBZEEFSBJNB3Z.png,Animal,18,11,0.15
meat,vegan,Count,1.03,NA,1.002960020570128,0.88,1.22,1.00322361035999,Restaurant,LFZFT3VASXPED,../../model_fits/finalized_redone_trunc_cp/t2_a1_proportion/meat/vegan_dishes_count/plots/LFZFT3VASXPED.png,Animal,18,12,0.15
meat,vegan,Count,1.27,NA,1.0243211718837986,1.06,1.56,1.00244737939056,Restaurant,LQ5EH4BKGV61T,../../model_fits/finalized_redone_trunc_cp/t2_a1_proportion/meat/vegan_dishes_count/plots/LQ5EH4BKGV61T.png,Animal,18,13,0.15
meat,vegan,Count,1,NA,1.0001655406973566,0.92,1.08,1.00140754233205,Restaurant,S8MT0YGD2KTN9,../../model_fits/finalized_redone_trunc_cp/t2_a1_proportion/meat/vegan_dishes_count/plots/S8MT0YGD2KTN9.png,Animal,18,14,0.15
meat,vegan,Count,1.13,NA,1.0126383743307945,0.9,1.44,1.00093762694661,Restaurant,SAFK7ND1HR6XS,../../model_fits/finalized_redone_trunc_cp/t2_a1_proportion/meat/vegan_dishes_count/plots/SAFK7ND1HR6XS.png,Animal,18,15,0.15
meat,vegan,Count,2,NA,1.0717698597647851,1.77,2.27,1.00500022531517,Restaurant,SRQS8F7JWA9MZ,../../model_fits/finalized_redone_trunc_cp/t2_a1_proportion/meat/vegan_dishes_count/plots/SRQS8F7JWA9MZ.png,Animal,18,16,0.15
meat,vegan,Count,1.12,NA,1.0110280261025903,1.06,1.18,1.00047306317696,Restaurant,V3Q26BHF3SE2H,../../model_fits/finalized_redone_trunc_cp/t2_a1_proportion/meat/vegan_dishes_count/plots/V3Q26BHF3SE2H.png,Animal,18,17,0.15
meat,vegan,Count,0.99,NA,0.9991398742182371,0.98,1.01,1.00089899803571,Restaurant,W8T41JZK0ZMEP,../../model_fits/finalized_redone_trunc_cp/t2_a1_proportion/meat/vegan_dishes_count/plots/W8T41JZK0ZMEP.png,Animal,18,18,0.15
meat,vegan,Proportion,0.794582804809983,NA,0.794582804809983,0.7042261140012369,0.9003405372962772,1.00325558152418,Restaurant,1SQPTEGYPH0GA,../../model_fits/finalized_redone_trunc_cp/t2_a1_proportion/meat/vegan_dishes_prop/plots/1SQPTEGYPH0GA.png,Animal,18,1,0.15
meat,vegan,Proportion,0.8753272720859271,NA,0.8753272720859271,0.7411344491069477,1.0385688332697405,1.00176333230408,Restaurant,2HRX9P6HKXA8V,../../model_fits/finalized_redone_trunc_cp/t2_a1_proportion/meat/vegan_dishes_prop/plots/2HRX9P6HKXA8V.png,Animal,18,2,0.15
meat,vegan,Proportion,1.0388739340345365,NA,1.0388739340345365,0.9754599887264648,1.1064537610602057,1.00111125318953,Restaurant,78AY09MVJVTYE,../../model_fits/finalized_redone_trunc_cp/t2_a1_proportion/meat/vegan_dishes_prop/plots/78AY09MVJVTYE.png,Animal,18,3,0.15
meat,vegan,Proportion,1.2338770090155236,NA,1.2338770090155236,1.1056464216783795,1.3872680770830843,1.00025705378836,Restaurant,9XKJD8DQTH559,../../model_fits/finalized_redone_trunc_cp/t2_a1_proportion/meat/vegan_dishes_prop/plots/9XKJD8DQTH559.png,Animal,18,4,0.15
meat,vegan,Proportion,1.0332746022892625,NA,1.0332746022892625,0.9028804514474342,1.1888523221053675,1.00017444113028,Restaurant,C0BE4NDSW26QN,../../model_fits/finalized_redone_trunc_cp/t2_a1_proportion/meat/vegan_dishes_prop/plots/C0BE4NDSW26QN.png,Animal,18,5,0.15
meat,vegan,Proportion,1.0312026325315655,NA,1.0312026325315655,0.9703382962383449,1.0972663279561043,1.00151786908128,Restaurant,CB2KHY1C2G9PT,../../model_fits/finalized_redone_trunc_cp/t2_a1_proportion/meat/vegan_dishes_prop/plots/CB2KHY1C2G9PT.png,Animal,18,6,0.15
meat,vegan,Proportion,1.031377941764831,NA,1.031377941764831,0.9101363514059139,1.1683631048931986,0.999868983674001,Restaurant,ED5J990H5VAZT,../../model_fits/finalized_redone_trunc_cp/t2_a1_proportion/meat/vegan_dishes_prop/plots/ED5J990H5VAZT.png,Animal,18,7,0.15
meat,vegan,Proportion,1.0652731979674777,NA,1.0652731979674777,0.9916965051523726,1.140392346541414,1.00053459440968,Restaurant,EMBVNVD207CC6,../../model_fits/finalized_redone_trunc_cp/t2_a1_proportion/meat/vegan_dishes_prop/plots/EMBVNVD207CC6.png,Animal,18,8,0.15
meat,vegan,Proportion,0.8123528456582078,NA,0.8123528456582078,0.7411344491069477,0.8865681505652133,1.0031657367947,Restaurant,JHDN7CF1C03X5,../../model_fits/finalized_redone_trunc_cp/t2_a1_proportion/meat/vegan_dishes_prop/plots/JHDN7CF1C03X5.png,Animal,18,9,0.15
meat,vegan,Proportion,1.3284119041623788,NA,1.3284119041623788,1.070696835324435,1.6492945312894975,1.00066649149852,Restaurant,L69HYJ4Y3TR91,../../model_fits/finalized_redone_trunc_cp/t2_a1_proportion/meat/vegan_dishes_prop/plots/L69HYJ4Y3TR91.png,Animal,18,10,0.15
meat,vegan,Proportion,1.6863313799111888,NA,1.6863313799111888,1.4164078860810128,2.0142290593455416,1.00182427232298,Restaurant,LBZEEFSBJNB3Z,../../model_fits/finalized_redone_trunc_cp/t2_a1_proportion/meat/vegan_dishes_prop/plots/LBZEEFSBJNB3Z.png,Animal,18,11,0.15
meat,vegan,Proportion,1.2015736512724646,NA,1.2015736512724646,0.8835676359470228,1.6904355449354085,1.00035682261269,Restaurant,LFZFT3VASXPED,../../model_fits/finalized_redone_trunc_cp/t2_a1_proportion/meat/vegan_dishes_prop/plots/LFZFT3VASXPED.png,Animal,18,12,0.15
meat,vegan,Proportion,1.041526778724739,NA,1.041526778724739,0.8154443636507333,1.3425208871947893,1.00046814723833,Restaurant,LQ5EH4BKGV61T,../../model_fits/finalized_redone_trunc_cp/t2_a1_proportion/meat/vegan_dishes_prop/plots/LQ5EH4BKGV61T.png,Animal,18,13,0.15
meat,vegan,Proportion,1.1250436116134597,NA,1.1250436116134597,0.9028804514474342,1.4071169522502671,1.00086066094304,Restaurant,S8MT0YGD2KTN9,../../model_fits/finalized_redone_trunc_cp/t2_a1_proportion/meat/vegan_dishes_prop/plots/S8MT0YGD2KTN9.png,Animal,18,14,0.15
meat,vegan,Proportion,1.12116127856686,NA,1.12116127856686,0.8325532074018731,1.5268733264326122,1.00090552994464,Restaurant,SAFK7ND1HR6XS,../../model_fits/finalized_redone_trunc_cp/t2_a1_proportion/meat/vegan_dishes_prop/plots/SAFK7ND1HR6XS.png,Animal,18,15,0.15
meat,vegan,Proportion,1.2054538642065515,NA,1.2054538642065515,1.1481227094267568,1.2700542257903127,1.00151484975902,Restaurant,SRQS8F7JWA9MZ,../../model_fits/finalized_redone_trunc_cp/t2_a1_proportion/meat/vegan_dishes_prop/plots/SRQS8F7JWA9MZ.png,Animal,18,16,0.15
meat,vegan,Proportion,1.1985961230019873,NA,1.1985961230019873,1.0994157912891618,1.3158335614928978,1.00194698186638,Restaurant,V3Q26BHF3SE2H,../../model_fits/finalized_redone_trunc_cp/t2_a1_proportion/meat/vegan_dishes_prop/plots/V3Q26BHF3SE2H.png,Animal,18,17,0.15
meat,vegan,Proportion,0.9236072190244723,NA,0.9236072190244723,0.8325532074018731,1.0249932301052076,1.00138977518833,Restaurant,W8T41JZK0ZMEP,../../model_fits/finalized_redone_trunc_cp/t2_a1_proportion/meat/vegan_dishes_prop/plots/W8T41JZK0ZMEP.png,Animal,18,18,0.15
meat,vegetarian,Count,1.05,NA,1.0052791144717899,1.04,1.06,1.00363448273978,Restaurant,1SQPTEGYPH0GA,../../model_fits/finalized_redone_trunc_cp/t2_a1_proportion/meat/vegetarian_dishes_count/plots/1SQPTEGYPH0GA.png,Animal,18,1,0.15
meat,vegetarian,Count,0.99,NA,0.9993359708500867,0.93,1.05,1.00103080435162,Restaurant,2HRX9P6HKXA8V,../../model_fits/finalized_redone_trunc_cp/t2_a1_proportion/meat/vegetarian_dishes_count/plots/2HRX9P6HKXA8V.png,Animal,18,2,0.15
meat,vegetarian,Count,1,NA,1.000194482403024,0.98,1.02,1.00264087741046,Restaurant,78AY09MVJVTYE,../../model_fits/finalized_redone_trunc_cp/t2_a1_proportion/meat/vegetarian_dishes_count/plots/78AY09MVJVTYE.png,Animal,18,3,0.15
meat,vegetarian,Count,1.02,NA,1.0016446851035146,1.01,1.03,1.00201250492808,Restaurant,9XKJD8DQTH559,../../model_fits/finalized_redone_trunc_cp/t2_a1_proportion/meat/vegetarian_dishes_count/plots/9XKJD8DQTH559.png,Animal,18,4,0.15
meat,vegetarian,Count,1.01,NA,1.0014199265938744,0.99,1.04,1.00084057838427,Restaurant,C0BE4NDSW26QN,../../model_fits/finalized_redone_trunc_cp/t2_a1_proportion/meat/vegetarian_dishes_count/plots/C0BE4NDSW26QN.png,Animal,18,5,0.15
meat,vegetarian,Count,1.02,NA,1.0019766419923684,1.01,1.03,1.00157137325587,Restaurant,CB2KHY1C2G9PT,../../model_fits/finalized_redone_trunc_cp/t2_a1_proportion/meat/vegetarian_dishes_count/plots/CB2KHY1C2G9PT.png,Animal,18,6,0.15
meat,vegetarian,Count,1.06,NA,1.0057270082704461,1.04,1.08,1.0033694814272,Restaurant,ED5J990H5VAZT,../../model_fits/finalized_redone_trunc_cp/t2_a1_proportion/meat/vegetarian_dishes_count/plots/ED5J990H5VAZT.png,Animal,18,7,0.15
meat,vegetarian,Count,1.09,NA,1.0088978706477236,1.03,1.17,1.00170375709766,Restaurant,EMBVNVD207CC6,../../model_fits/finalized_redone_trunc_cp/t2_a1_proportion/meat/vegetarian_dishes_count/plots/EMBVNVD207CC6.png,Animal,18,8,0.15
meat,vegetarian,Count,0.98,NA,0.998456613375191,0.97,1,1.00128327887098,Restaurant,JHDN7CF1C03X5,../../model_fits/finalized_redone_trunc_cp/t2_a1_proportion/meat/vegetarian_dishes_count/plots/JHDN7CF1C03X5.png,Animal,18,9,0.15
meat,vegetarian,Count,1.04,NA,1.004257819277859,1,1.09,1.00358422137098,Restaurant,L69HYJ4Y3TR91,../../model_fits/finalized_redone_trunc_cp/t2_a1_proportion/meat/vegetarian_dishes_count/plots/L69HYJ4Y3TR91.png,Animal,18,10,0.15
meat,vegetarian,Count,1.05,NA,1.0046735016975636,1.01,1.09,1.00213514458148,Restaurant,LBZEEFSBJNB3Z,../../model_fits/finalized_redone_trunc_cp/t2_a1_proportion/meat/vegetarian_dishes_count/plots/LBZEEFSBJNB3Z.png,Animal,18,11,0.15
meat,vegetarian,Count,1.02,NA,1.001619019016512,0.94,1.09,1.00020063048862,Restaurant,LFZFT3VASXPED,../../model_fits/finalized_redone_trunc_cp/t2_a1_proportion/meat/vegetarian_dishes_count/plots/LFZFT3VASXPED.png,Animal,18,12,0.15
meat,vegetarian,Count,1.06,NA,1.006056722025354,0.99,1.16,1.00061043076507,Restaurant,LQ5EH4BKGV61T,../../model_fits/finalized_redone_trunc_cp/t2_a1_proportion/meat/vegetarian_dishes_count/plots/LQ5EH4BKGV61T.png,Animal,18,13,0.15
meat,vegetarian,Count,0.97,NA,0.9970941109797167,0.95,0.99,1.00078720379448,Restaurant,S8MT0YGD2KTN9,../../model_fits/finalized_redone_trunc_cp/t2_a1_proportion/meat/vegetarian_dishes_count/plots/S8MT0YGD2KTN9.png,Animal,18,14,0.15
meat,vegetarian,Count,1.04,NA,1.0034626608960362,0.96,1.13,1.00164838327664,Restaurant,SAFK7ND1HR6XS,../../model_fits/finalized_redone_trunc_cp/t2_a1_proportion/meat/vegetarian_dishes_count/plots/SAFK7ND1HR6XS.png,Animal,18,15,0.15
meat,vegetarian,Count,1.03,NA,1.002833973875813,1.01,1.05,1.00094293198666,Restaurant,SRQS8F7JWA9MZ,../../model_fits/finalized_redone_trunc_cp/t2_a1_proportion/meat/vegetarian_dishes_count/plots/SRQS8F7JWA9MZ.png,Animal,18,16,0.15
meat,vegetarian,Count,1.05,NA,1.0052950233965265,1.01,1.1,1.00002004790105,Restaurant,V3Q26BHF3SE2H,../../model_fits/finalized_redone_trunc_cp/t2_a1_proportion/meat/vegetarian_dishes_count/plots/V3Q26BHF3SE2H.png,Animal,18,17,0.15
meat,vegetarian,Count,0.99,NA,0.99927432826719,0.98,1,1.0009039489667,Restaurant,W8T41JZK0ZMEP,../../model_fits/finalized_redone_trunc_cp/t2_a1_proportion/meat/vegetarian_dishes_count/plots/W8T41JZK0ZMEP.png,Animal,18,18,0.15
meat,vegetarian,Proportion,0.7914668163558632,NA,0.7914668163558632,0.7247796636776955,0.867004045984223,1.00252596383299,Restaurant,1SQPTEGYPH0GA,../../model_fits/finalized_redone_trunc_cp/t2_a1_proportion/meat/vegetarian_dishes_prop/plots/1SQPTEGYPH0GA.png,Animal,18,1,0.15
meat,vegetarian,Proportion,0.905062728790343,NA,0.905062728790343,0.7664958432641342,1.0507136754443949,1.00212865865524,Restaurant,2HRX9P6HKXA8V,../../model_fits/finalized_redone_trunc_cp/t2_a1_proportion/meat/vegetarian_dishes_prop/plots/2HRX9P6HKXA8V.png,Animal,18,2,0.15
meat,vegetarian,Proportion,1.0036825130693492,NA,1.0036825130693492,0.9486045450669235,1.0611282029594775,1.00255367229627,Restaurant,78AY09MVJVTYE,../../model_fits/finalized_redone_trunc_cp/t2_a1_proportion/meat/vegetarian_dishes_prop/plots/78AY09MVJVTYE.png,Animal,18,3,0.15
meat,vegetarian,Proportion,1.114907166567178,NA,1.114907166567178,1.0200841112177017,1.214814044039067,1.00197413313098,Restaurant,9XKJD8DQTH559,../../model_fits/finalized_redone_trunc_cp/t2_a1_proportion/meat/vegetarian_dishes_prop/plots/9XKJD8DQTH559.png,Animal,18,4,0.15
meat,vegetarian,Proportion,0.9135002711999763,NA,0.9135002711999763,0.8325532074018731,1.0009955282949736,1.00569009168887,Restaurant,C0BE4NDSW26QN,../../model_fits/finalized_redone_trunc_cp/t2_a1_proportion/meat/vegetarian_dishes_prop/plots/C0BE4NDSW26QN.png,Animal,18,5,0.15
meat,vegetarian,Proportion,0.9694377796978747,NA,0.9694377796978747,0.9101363514059139,1.0334785804947872,1.00055104578761,Restaurant,CB2KHY1C2G9PT,../../model_fits/finalized_redone_trunc_cp/t2_a1_proportion/meat/vegetarian_dishes_prop/plots/CB2KHY1C2G9PT.png,Animal,18,6,0.15
meat,vegetarian,Proportion,0.9126710972081642,NA,0.9126710972081642,0.821509903954877,1.0192448764914566,1.0006497943821,Restaurant,ED5J990H5VAZT,../../model_fits/finalized_redone_trunc_cp/t2_a1_proportion/meat/vegetarian_dishes_prop/plots/ED5J990H5VAZT.png,Animal,18,7,0.15
meat,vegetarian,Proportion,0.9185859927908723,NA,0.9185859927908723,0.8376158603010033,1.0067888050184637,1.00250152341606,Restaurant,EMBVNVD207CC6,../../model_fits/finalized_redone_trunc_cp/t2_a1_proportion/meat/vegetarian_dishes_prop/plots/EMBVNVD207CC6.png,Animal,18,8,0.15
meat,vegetarian,Proportion,0.8707499096073544,NA,0.8707499096073544,0.8019351848161371,0.9453388051113798,1.00176572831097,Restaurant,JHDN7CF1C03X5,../../model_fits/finalized_redone_trunc_cp/t2_a1_proportion/meat/vegetarian_dishes_prop/plots/JHDN7CF1C03X5.png,Animal,18,9,0.15
meat,vegetarian,Proportion,1.0805880258699276,NA,1.0805880258699276,0.9053576433419918,1.33085192988184,1.00099504811046,Restaurant,L69HYJ4Y3TR91,../../model_fits/finalized_redone_trunc_cp/t2_a1_proportion/meat/vegetarian_dishes_prop/plots/L69HYJ4Y3TR91.png,Animal,18,10,0.15
meat,vegetarian,Proportion,0.9935736280862206,NA,0.9935736280862206,0.9003405372962772,1.1031920567064655,0.99983186964082,Restaurant,LBZEEFSBJNB3Z,../../model_fits/finalized_redone_trunc_cp/t2_a1_proportion/meat/vegetarian_dishes_prop/plots/LBZEEFSBJNB3Z.png,Animal,18,11,0.15
meat,vegetarian,Proportion,1.049320319988489,NA,1.049320319988489,0.8469842998552983,1.3473135031620342,1.00016177459003,Restaurant,LFZFT3VASXPED,../../model_fits/finalized_redone_trunc_cp/t2_a1_proportion/meat/vegetarian_dishes_prop/plots/LFZFT3VASXPED.png,Animal,18,12,0.15
meat,vegetarian,Proportion,0.94909479587193335,NA,0.94909479587193335,0.7860030855966228,1.1562261501379638,1.00385932883153,Restaurant,LQ5EH4BKGV61T,../../model_fits/finalized_redone_trunc_cp/t2_a1_proportion/meat/vegetarian_dishes_prop/plots/LQ5EH4BKGV61T.png,Animal,18,13,0.15
meat,vegetarian,Proportion,0.9014407419702295,NA,0.9014407419702295,0.8376158603010033,0.9742021249237081,1.00427978232574,Restaurant,S8MT0YGD2KTN9,../../model_fits/finalized_redone_trunc_cp/t2_a1_proportion/meat/vegetarian_dishes_prop/plots/S8MT0YGD2KTN9.png,Animal,18,14,0.15
meat,vegetarian,Proportion,0.9728348144104224,NA,0.9728348144104224,0.8019351848161371,1.1762531404068526,1.00217415597693,Restaurant,SAFK7ND1HR6XS,../../model_fits/finalized_redone_trunc_cp/t2_a1_proportion/meat/vegetarian_dishes_prop/plots/SAFK7ND1HR6XS.png,Animal,18,15,0.15
meat,vegetarian,Proportion,1.0467461893966863,NA,1.0467461893966863,1.0077257952426748,1.0873295678204233,1.00071921970545,Restaurant,SRQS8F7JWA9MZ,../../model_fits/finalized_redone_trunc_cp/t2_a1_proportion/meat/vegetarian_dishes_prop/plots/SRQS8F7JWA9MZ.png,Animal,18,16,0.15
meat,vegetarian,Proportion,0.787969748124355,NA,0.787969748124355,0.7247796636776955,0.8633219511791956,1.00118961277032,Restaurant,V3Q26BHF3SE2H,../../model_fits/finalized_redone_trunc_cp/t2_a1_proportion/meat/vegetarian_dishes_prop/plots/V3Q26BHF3SE2H.png,Animal,18,17,0.15
meat,vegetarian,Proportion,0.8076564999180581,NA,0.8076564999180581,0.7247796636776955,0.9053576433419918,1.00337313192044,Restaurant,W8T41JZK0ZMEP,../../model_fits/finalized_redone_trunc_cp/t2_a1_proportion/meat/vegetarian_dishes_prop/plots/W8T41JZK0ZMEP.png,Animal,18,18,0.15
chicken_fish,mpbamod,Count,1.22,NA,1.0198134948496898,1.11,1.33,1.0012409628058,Restaurant,1SQPTEGYPH0GA,../../model_fits/finalized_redone_trunc_cp/t2_a1_proportion/chicken_fish/mpbamod_dishes_count/plots/1SQPTEGYPH0GA.png,Animal,17,1,0.15
chicken_fish,mpbamod,Count,0.97,NA,0.9964919781578232,0.8,1.12,0.999645729610352,Restaurant,2HRX9P6HKXA8V,../../model_fits/finalized_redone_trunc_cp/t2_a1_proportion/chicken_fish/mpbamod_dishes_count/plots/2HRX9P6HKXA8V.png,Animal,17,2,0.15
chicken_fish,mpbamod,Count,1.08,NA,1.007400607679638,0.97,1.2,1.000169828445,Restaurant,78AY09MVJVTYE,../../model_fits/finalized_redone_trunc_cp/t2_a1_proportion/chicken_fish/mpbamod_dishes_count/plots/78AY09MVJVTYE.png,Animal,17,3,0.15
chicken_fish,mpbamod,Count,1.05,NA,1.0044284060456665,1.02,1.07,1.00035722498079,Restaurant,9XKJD8DQTH559,../../model_fits/finalized_redone_trunc_cp/t2_a1_proportion/chicken_fish/mpbamod_dishes_count/plots/9XKJD8DQTH559.png,Animal,17,4,0.15
chicken_fish,mpbamod,Count,1.01,NA,1.0012808985537447,0.88,1.16,0.999786930656529,Restaurant,C0BE4NDSW26QN,../../model_fits/finalized_redone_trunc_cp/t2_a1_proportion/chicken_fish/mpbamod_dishes_count/plots/C0BE4NDSW26QN.png,Animal,17,5,0.15
chicken_fish,mpbamod,Count,1.12,NA,1.011711684636245,1.01,1.28,1.00090273210425,Restaurant,CB2KHY1C2G9PT,../../model_fits/finalized_redone_trunc_cp/t2_a1_proportion/chicken_fish/mpbamod_dishes_count/plots/CB2KHY1C2G9PT.png,Animal,17,6,0.15
chicken_fish,mpbamod,Count,1.01,NA,1.0007503772811337,0.97,1.04,1.00474023189567,Restaurant,ED5J990H5VAZT,../../model_fits/finalized_redone_trunc_cp/t2_a1_proportion/chicken_fish/mpbamod_dishes_count/plots/ED5J990H5VAZT.png,Animal,17,7,0.15
chicken_fish,mpbamod,Count,0.94,NA,0.9942475037025693,0.81,1.08,1.00055690848876,Restaurant,EMBVNVD207CC6,../../model_fits/finalized_redone_trunc_cp/t2_a1_proportion/chicken_fish/mpbamod_dishes_count/plots/EMBVNVD207CC6.png,Animal,17,8,0.15
chicken_fish,mpbamod,Count,1.03,NA,1.0033529883930181,1,1.07,1.00077908531671,Restaurant,JHDN7CF1C03X5,../../model_fits/finalized_redone_trunc_cp/t2_a1_proportion/chicken_fish/mpbamod_dishes_count/plots/JHDN7CF1C03X5.png,Animal,17,9,0.15
chicken_fish,mpbamod,Count,1.02,NA,1.0018774374789985,0.84,1.21,1.00013429209746,Restaurant,L69HYJ4Y3TR91,../../model_fits/finalized_redone_trunc_cp/t2_a1_proportion/chicken_fish/mpbamod_dishes_count/plots/L69HYJ4Y3TR91.png,Animal,17,10,0.15
chicken_fish,mpbamod,Count,1.08,NA,1.0078651480738903,0.97,1.21,1.00146305386744,Restaurant,LBZEEFSBJNB3Z,../../model_fits/finalized_redone_trunc_cp/t2_a1_proportion/chicken_fish/mpbamod_dishes_count/plots/LBZEEFSBJNB3Z.png,Animal,17,11,0.15
chicken_fish,mpbamod,Count,1.06,NA,1.0061755838683986,0.88,1.32,0.999708870717084,Restaurant,LFZFT3VASXPED,../../model_fits/finalized_redone_trunc_cp/t2_a1_proportion/chicken_fish/mpbamod_dishes_count/plots/LFZFT3VASXPED.png,Animal,17,12,0.15
chicken_fish,mpbamod,Count,1.08,NA,1.008031767770442,0.92,1.33,1.00121414940802,Restaurant,LQ5EH4BKGV61T,../../model_fits/finalized_redone_trunc_cp/t2_a1_proportion/chicken_fish/mpbamod_dishes_count/plots/LQ5EH4BKGV61T.png,Animal,17,13,0.15
chicken_fish,mpbamod,Count,1.03,NA,1.0026435814998707,0.88,1.18,1.0008239887392,Restaurant,S8MT0YGD2KTN9,../../model_fits/finalized_redone_trunc_cp/t2_a1_proportion/chicken_fish/mpbamod_dishes_count/plots/S8MT0YGD2KTN9.png,Animal,17,14,0.15
chicken_fish,mpbamod,Count,1.07,NA,1.0072057165560524,0.91,1.29,1.00040181125224,Restaurant,SAFK7ND1HR6XS,../../model_fits/finalized_redone_trunc_cp/t2_a1_proportion/chicken_fish/mpbamod_dishes_count/plots/SAFK7ND1HR6XS.png,Animal,17,15,0.15
chicken_fish,mpbamod,Count,0.99,NA,0.9991876976311566,0.92,1.07,1.00048444276665,Restaurant,V3Q26BHF3SE2H,../../model_fits/finalized_redone_trunc_cp/t2_a1_proportion/chicken_fish/mpbamod_dishes_count/plots/V3Q26BHF3SE2H.png,Animal,17,16,0.15
chicken_fish,mpbamod,Count,1,NA,1.0000144456913325,0.97,1.03,1.00059094536535,Restaurant,W8T41JZK0ZMEP,../../model_fits/finalized_redone_trunc_cp/t2_a1_proportion/chicken_fish/mpbamod_dishes_count/plots/W8T41JZK0ZMEP.png,Animal,17,17,0.15
chicken_fish,mpbamod,Proportion,1.241694275446903,NA,1.241694275446903,0.9716416578630735,1.5946807415508428,1.00113965964405,Restaurant,1SQPTEGYPH0GA,../../model_fits/finalized_redone_trunc_cp/t2_a1_proportion/chicken_fish/mpbamod_dishes_prop/plots/1SQPTEGYPH0GA.png,Animal,17,1,0.15
chicken_fish,mpbamod,Proportion,0.8276390588123965,NA,0.8276390588123965,0,1.2230611797177395,1.00048464812633,Restaurant,2HRX9P6HKXA8V,../../model_fits/finalized_redone_trunc_cp/t2_a1_proportion/chicken_fish/mpbamod_dishes_prop/plots/2HRX9P6HKXA8V.png,Animal,17,2,0.15
chicken_fish,mpbamod,Proportion,1.1237892844654989,NA,1.1237892844654989,0.8633219511791956,1.4676224373512818,1.0001113983217,Restaurant,78AY09MVJVTYE,../../model_fits/finalized_redone_trunc_cp/t2_a1_proportion/chicken_fish/mpbamod_dishes_prop/plots/78AY09MVJVTYE.png,Animal,17,3,0.15
chicken_fish,mpbamod,Proportion,1.1027108013880529,NA,1.1027108013880529,0.9861703143068244,1.2341881869386229,1.00031117711835,Restaurant,9XKJD8DQTH559,../../model_fits/finalized_redone_trunc_cp/t2_a1_proportion/chicken_fish/mpbamod_dishes_prop/plots/9XKJD8DQTH559.png,Animal,17,4,0.15
chicken_fish,mpbamod,Proportion,0.7327612314481009,NA,0.7327612314481009,0,1.0487756308196965,1.00171193176205,Restaurant,C0BE4NDSW26QN,../../model_fits/finalized_redone_trunc_cp/t2_a1_proportion/chicken_fish/mpbamod_dishes_prop/plots/C0BE4NDSW26QN.png,Animal,17,5,0.15
chicken_fish,mpbamod,Proportion,0.5205364782602229,NA,0.5205364782602229,0,0.6309573444801932,1.00225909417168,Restaurant,CB2KHY1C2G9PT,../../model_fits/finalized_redone_trunc_cp/t2_a1_proportion/chicken_fish/mpbamod_dishes_prop/plots/CB2KHY1C2G9PT.png,Animal,17,6,0.15
chicken_fish,mpbamod,Proportion,0.9552113197906852,NA,0.9552113197906852,0.8835676359470228,1.031226086938676,1.00547697389629,Restaurant,ED5J990H5VAZT,../../model_fits/finalized_redone_trunc_cp/t2_a1_proportion/chicken_fish/mpbamod_dishes_prop/plots/ED5J990H5VAZT.png,Animal,17,7,0.15
chicken_fish,mpbamod,Proportion,0.7274894539596185,NA,0.7274894539596185,0.6309573444801932,0.8594928497600735,1.00042525189934,Restaurant,EMBVNVD207CC6,../../model_fits/finalized_redone_trunc_cp/t2_a1_proportion/chicken_fish/mpbamod_dishes_prop/plots/EMBVNVD207CC6.png,Animal,17,8,0.15
chicken_fish,mpbamod,Proportion,1.377355134761821,NA,1.377355134761821,1.191150903432507,1.5969750067039254,0.999976107961895,Restaurant,JHDN7CF1C03X5,../../model_fits/finalized_redone_trunc_cp/t2_a1_proportion/chicken_fish/mpbamod_dishes_prop/plots/JHDN7CF1C03X5.png,Animal,17,9,0.15
chicken_fish,mpbamod,Proportion,0.896173933018659,NA,0.896173933018659,0,1.5364425358749414,1.00069488774848,Restaurant,L69HYJ4Y3TR91,../../model_fits/finalized_redone_trunc_cp/t2_a1_proportion/chicken_fish/mpbamod_dishes_prop/plots/L69HYJ4Y3TR91.png,Animal,17,10,0.15
chicken_fish,mpbamod,Proportion,0.926369078843111,NA,0.926369078843111,0.6762433378062414,1.263141645232759,1.00002225909726,Restaurant,LBZEEFSBJNB3Z,../../model_fits/finalized_redone_trunc_cp/t2_a1_proportion/chicken_fish/mpbamod_dishes_prop/plots/LBZEEFSBJNB3Z.png,Animal,17,11,0.15
chicken_fish,mpbamod,Proportion,1.1548103409324326,NA,1.1548103409324326,0.6762433378062414,2.1041184090308094,0.999660893303683,Restaurant,LFZFT3VASXPED,../../model_fits/finalized_redone_trunc_cp/t2_a1_proportion/chicken_fish/mpbamod_dishes_prop/plots/LFZFT3VASXPED.png,Animal,17,12,0.15
chicken_fish,mpbamod,Proportion,0.9405831254999727,NA,0.9405831254999727,0.6309573444801932,1.465166428989618,1.00194158981264,Restaurant,LQ5EH4BKGV61T,../../model_fits/finalized_redone_trunc_cp/t2_a1_proportion/chicken_fish/mpbamod_dishes_prop/plots/LQ5EH4BKGV61T.png,Animal,17,13,0.15
chicken_fish,mpbamod,Proportion,1.1806769110605138,NA,1.1806769110605138,0.821509903954877,1.7266072428628811,1.00074603990644,Restaurant,S8MT0YGD2KTN9,../../model_fits/finalized_redone_trunc_cp/t2_a1_proportion/chicken_fish/mpbamod_dishes_prop/plots/S8MT0YGD2KTN9.png,Animal,17,14,0.15
chicken_fish,mpbamod,Proportion,1.0598075110579683,NA,1.0598075110579683,0.7664958432641342,1.475743041008648,0.999570435532167,Restaurant,SAFK7ND1HR6XS,../../model_fits/finalized_redone_trunc_cp/t2_a1_proportion/chicken_fish/mpbamod_dishes_prop/plots/SAFK7ND1HR6XS.png,Animal,17,15,0.15
chicken_fish,mpbamod,Proportion,0.9041900122381553,NA,0.9041900122381553,0.7943282347242815,1.0225651825635729,1.00056652245038,Restaurant,V3Q26BHF3SE2H,../../model_fits/finalized_redone_trunc_cp/t2_a1_proportion/chicken_fish/mpbamod_dishes_prop/plots/V3Q26BHF3SE2H.png,Animal,17,16,0.15
chicken_fish,mpbamod,Proportion,1.0277015114983452,NA,1.0277015114983452,0.8950584438464527,1.1787805897392818,0.999510895838924,Restaurant,W8T41JZK0ZMEP,../../model_fits/finalized_redone_trunc_cp/t2_a1_proportion/chicken_fish/mpbamod_dishes_prop/plots/W8T41JZK0ZMEP.png,Animal,17,17,0.15
chicken_fish,vegan,Count,1.19,NA,1.0176539389989336,1.15,1.24,1.00089204189623,Restaurant,1SQPTEGYPH0GA,../../model_fits/finalized_redone_trunc_cp/t2_a1_proportion/chicken_fish/vegan_dishes_count/plots/1SQPTEGYPH0GA.png,Animal,17,1,0.15
chicken_fish,vegan,Count,0.88,NA,0.9877959500416215,0.77,1.01,1.00026966682483,Restaurant,2HRX9P6HKXA8V,../../model_fits/finalized_redone_trunc_cp/t2_a1_proportion/chicken_fish/vegan_dishes_count/plots/2HRX9P6HKXA8V.png,Animal,17,2,0.15
chicken_fish,vegan,Count,0.97,NA,0.9967945097991465,0.94,1,1.00143715823438,Restaurant,78AY09MVJVTYE,../../model_fits/finalized_redone_trunc_cp/t2_a1_proportion/chicken_fish/vegan_dishes_count/plots/78AY09MVJVTYE.png,Animal,17,3,0.15
chicken_fish,vegan,Count,1.03,NA,1.0025803630441579,1.01,1.04,1.00015753099512,Restaurant,9XKJD8DQTH559,../../model_fits/finalized_redone_trunc_cp/t2_a1_proportion/chicken_fish/vegan_dishes_count/plots/9XKJD8DQTH559.png,Animal,17,4,0.15
chicken_fish,vegan,Count,1.05,NA,1.004880971337818,1,1.1,1.00139112023783,Restaurant,C0BE4NDSW26QN,../../model_fits/finalized_redone_trunc_cp/t2_a1_proportion/chicken_fish/vegan_dishes_count/plots/C0BE4NDSW26QN.png,Animal,17,5,0.15
chicken_fish,vegan,Count,1.04,NA,1.0039211619675765,1.01,1.07,0.999413866660557,Restaurant,CB2KHY1C2G9PT,../../model_fits/finalized_redone_trunc_cp/t2_a1_proportion/chicken_fish/vegan_dishes_count/plots/CB2KHY1C2G9PT.png,Animal,17,6,0.15
chicken_fish,vegan,Count,1.33,NA,1.0290687440868451,1.17,1.55,1.00334047151025,Restaurant,ED5J990H5VAZT,../../model_fits/finalized_redone_trunc_cp/t2_a1_proportion/chicken_fish/vegan_dishes_count/plots/ED5J990H5VAZT.png,Animal,17,7,0.15
chicken_fish,vegan,Count,1.13,NA,1.012134313641281,0.96,1.35,1.00226174576208,Restaurant,EMBVNVD207CC6,../../model_fits/finalized_redone_trunc_cp/t2_a1_proportion/chicken_fish/vegan_dishes_count/plots/EMBVNVD207CC6.png,Animal,17,8,0.15
chicken_fish,vegan,Count,0.93,NA,0.9924058201626057,0.91,0.95,0.999707352098717,Restaurant,JHDN7CF1C03X5,../../model_fits/finalized_redone_trunc_cp/t2_a1_proportion/chicken_fish/vegan_dishes_count/plots/JHDN7CF1C03X5.png,Animal,17,9,0.15
chicken_fish,vegan,Count,1.16,NA,1.014978137303568,1.01,1.34,1.00076889569304,Restaurant,L69HYJ4Y3TR91,../../model_fits/finalized_redone_trunc_cp/t2_a1_proportion/chicken_fish/vegan_dishes_count/plots/L69HYJ4Y3TR91.png,Animal,17,10,0.15
chicken_fish,vegan,Count,1.2,NA,1.0184383126868235,1.12,1.29,1.00027260211882,Restaurant,LBZEEFSBJNB3Z,../../model_fits/finalized_redone_trunc_cp/t2_a1_proportion/chicken_fish/vegan_dishes_count/plots/LBZEEFSBJNB3Z.png,Animal,17,11,0.15
chicken_fish,vegan,Count,1.01,NA,1.0005610527327118,0.84,1.2,1.00035807044403,Restaurant,LFZFT3VASXPED,../../model_fits/finalized_redone_trunc_cp/t2_a1_proportion/chicken_fish/vegan_dishes_count/plots/LFZFT3VASXPED.png,Animal,17,12,0.15
chicken_fish,vegan,Count,1.07,NA,1.006340314119339,0.91,1.32,1.00621457330412,Restaurant,LQ5EH4BKGV61T,../../model_fits/finalized_redone_trunc_cp/t2_a1_proportion/chicken_fish/vegan_dishes_count/plots/LQ5EH4BKGV61T.png,Animal,17,13,0.15
chicken_fish,vegan,Count,0.97,NA,0.9968086699226967,0.84,1.11,1.0016864086781,Restaurant,S8MT0YGD2KTN9,../../model_fits/finalized_redone_trunc_cp/t2_a1_proportion/chicken_fish/vegan_dishes_count/plots/S8MT0YGD2KTN9.png,Animal,17,14,0.15
chicken_fish,vegan,Count,1.05,NA,1.0052959474515943,0.86,1.29,1.00089696786174,Restaurant,SAFK7ND1HR6XS,../../model_fits/finalized_redone_trunc_cp/t2_a1_proportion/chicken_fish/vegan_dishes_count/plots/SAFK7ND1HR6XS.png,Animal,17,15,0.15
chicken_fish,vegan,Count,1.12,NA,1.0111321230770713,1.02,1.23,1.00033938210304,Restaurant,V3Q26BHF3SE2H,../../model_fits/finalized_redone_trunc_cp/t2_a1_proportion/chicken_fish/vegan_dishes_count/plots/V3Q26BHF3SE2H.png,Animal,17,16,0.15
chicken_fish,vegan,Count,1,NA,1.0001109906236472,0.98,1.02,1.00040696178923,Restaurant,W8T41JZK0ZMEP,../../model_fits/finalized_redone_trunc_cp/t2_a1_proportion/chicken_fish/vegan_dishes_count/plots/W8T41JZK0ZMEP.png,Animal,17,17,0.15
chicken_fish,vegan,Proportion,0.7746231176188967,NA,0.7746231176188967,0.6309573444801932,0.9252855568989151,1.00037098895437,Restaurant,1SQPTEGYPH0GA,../../model_fits/finalized_redone_trunc_cp/t2_a1_proportion/chicken_fish/vegan_dishes_prop/plots/1SQPTEGYPH0GA.png,Animal,17,1,0.15
chicken_fish,vegan,Proportion,0.7453095178977455,NA,0.7453095178977455,0,0.9649610951198176,1.00035505979042,Restaurant,2HRX9P6HKXA8V,../../model_fits/finalized_redone_trunc_cp/t2_a1_proportion/chicken_fish/vegan_dishes_prop/plots/2HRX9P6HKXA8V.png,Animal,17,2,0.15
chicken_fish,vegan,Proportion,0.9254902088091002,NA,0.9254902088091002,0.8424172486141028,1.0140743178387932,1.00096970192054,Restaurant,78AY09MVJVTYE,../../model_fits/finalized_redone_trunc_cp/t2_a1_proportion/chicken_fish/vegan_dishes_prop/plots/78AY09MVJVTYE.png,Animal,17,3,0.15
chicken_fish,vegan,Proportion,1.2888569973547714,NA,1.2888569973547714,1.1321594864044893,1.470135550210348,0.999830583197014,Restaurant,9XKJD8DQTH559,../../model_fits/finalized_redone_trunc_cp/t2_a1_proportion/chicken_fish/vegan_dishes_prop/plots/9XKJD8DQTH559.png,Animal,17,4,0.15
chicken_fish,vegan,Proportion,1.1215204089435018,NA,1.1215204089435018,0.9548475870408182,1.325487221922398,1.00274099413584,Restaurant,C0BE4NDSW26QN,../../model_fits/finalized_redone_trunc_cp/t2_a1_proportion/chicken_fish/vegan_dishes_prop/plots/C0BE4NDSW26QN.png,Animal,17,5,0.15
chicken_fish,vegan,Proportion,0.9404358822335482,NA,0.9404358822335482,0.8376158603010033,1.0544958918547662,1.00007703181012,Restaurant,CB2KHY1C2G9PT,../../model_fits/finalized_redone_trunc_cp/t2_a1_proportion/chicken_fish/vegan_dishes_prop/plots/CB2KHY1C2G9PT.png,Animal,17,6,0.15
chicken_fish,vegan,Proportion,1.0848020607084456,NA,1.0848020607084456,0.8019351848161371,1.4966233170666765,1.00064114302855,Restaurant,ED5J990H5VAZT,../../model_fits/finalized_redone_trunc_cp/t2_a1_proportion/chicken_fish/vegan_dishes_prop/plots/ED5J990H5VAZT.png,Animal,17,7,0.15
chicken_fish,vegan,Proportion,1.0061943447460844,NA,1.0061943447460844,0.8376158603010033,1.2003534914155538,1.01348132382512,Restaurant,EMBVNVD207CC6,../../model_fits/finalized_redone_trunc_cp/t2_a1_proportion/chicken_fish/vegan_dishes_prop/plots/EMBVNVD207CC6.png,Animal,17,8,0.15
chicken_fish,vegan,Proportion,0.6331395338841236,NA,0.6331395338841236,0,0.7042261140012369,1.00042956406195,Restaurant,JHDN7CF1C03X5,../../model_fits/finalized_redone_trunc_cp/t2_a1_proportion/chicken_fish/vegan_dishes_prop/plots/JHDN7CF1C03X5.png,Animal,17,9,0.15
chicken_fish,vegan,Proportion,1.2737656103042814,NA,1.2737656103042814,0.8424172486141028,1.9814730249073045,1.00253751661717,Restaurant,L69HYJ4Y3TR91,../../model_fits/finalized_redone_trunc_cp/t2_a1_proportion/chicken_fish/vegan_dishes_prop/plots/L69HYJ4Y3TR91.png,Animal,17,10,0.15
chicken_fish,vegan,Proportion,1.68033433012576,NA,1.68033433012576,1.3246932769409874,2.13968182075956,1.00076993427381,Restaurant,LBZEEFSBJNB3Z,../../model_fits/finalized_redone_trunc_cp/t2_a1_proportion/chicken_fish/vegan_dishes_prop/plots/LBZEEFSBJNB3Z.png,Animal,17,11,0.15
chicken_fish,vegan,Proportion,1.2094726310037085,NA,1.2094726310037085,0.7943282347242815,1.9305512914460639,1.00072016759298,Restaurant,LFZFT3VASXPED,../../model_fits/finalized_redone_trunc_cp/t2_a1_proportion/chicken_fish/vegan_dishes_prop/plots/LFZFT3VASXPED.png,Animal,17,12,0.15
chicken_fish,vegan,Proportion,0.6999010311267079,NA,0.6999010311267079,0,0.9330329915368074,1.0002676156419401,Restaurant,LQ5EH4BKGV61T,../../model_fits/finalized_redone_trunc_cp/t2_a1_proportion/chicken_fish/vegan_dishes_prop/plots/LQ5EH4BKGV61T.png,Animal,17,13,0.15
chicken_fish,vegan,Proportion,0.9393890854138183,NA,0.9393890854138183,0.6309573444801932,1.3360287977195968,1.00017501671551,Restaurant,S8MT0YGD2KTN9,../../model_fits/finalized_redone_trunc_cp/t2_a1_proportion/chicken_fish/vegan_dishes_prop/plots/S8MT0YGD2KTN9.png,Animal,17,14,0.15
chicken_fish,vegan,Proportion,1.054028654155402,NA,1.054028654155402,0.7247796636776955,1.5956825460959985,1.0006397382179,Restaurant,SAFK7ND1HR6XS,../../model_fits/finalized_redone_trunc_cp/t2_a1_proportion/chicken_fish/vegan_dishes_prop/plots/SAFK7ND1HR6XS.png,Animal,17,15,0.15
chicken_fish,vegan,Proportion,1.1911090842903844,NA,1.1911090842903844,1.031226086938676,1.3919773546219782,1.00014041006179,Restaurant,V3Q26BHF3SE2H,../../model_fits/finalized_redone_trunc_cp/t2_a1_proportion/chicken_fish/vegan_dishes_prop/plots/V3Q26BHF3SE2H.png,Animal,17,16,0.15
chicken_fish,vegan,Proportion,1.029336168003533,NA,1.029336168003533,0.9028804514474342,1.17532181877083,1.00014039919761,Restaurant,W8T41JZK0ZMEP,../../model_fits/finalized_redone_trunc_cp/t2_a1_proportion/chicken_fish/vegan_dishes_prop/plots/W8T41JZK0ZMEP.png,Animal,17,17,0.15
chicken_fish,vegetarian,Count,1.07,NA,1.0066150736031447,1.06,1.08,1.00077331829538,Restaurant,1SQPTEGYPH0GA,../../model_fits/finalized_redone_trunc_cp/t2_a1_proportion/chicken_fish/vegetarian_dishes_count/plots/1SQPTEGYPH0GA.png,Animal,17,1,0.15
chicken_fish,vegetarian,Count,0.96,NA,0.9959854838274217,0.87,1.04,1.00283306763213,Restaurant,2HRX9P6HKXA8V,../../model_fits/finalized_redone_trunc_cp/t2_a1_proportion/chicken_fish/vegetarian_dishes_count/plots/2HRX9P6HKXA8V.png,Animal,17,2,0.15
chicken_fish,vegetarian,Count,0.99,NA,0.9992651182373429,0.97,1.02,1.0090110081973,Restaurant,78AY09MVJVTYE,../../model_fits/finalized_redone_trunc_cp/t2_a1_proportion/chicken_fish/vegetarian_dishes_count/plots/78AY09MVJVTYE.png,Animal,17,3,0.15
chicken_fish,vegetarian,Count,1.02,NA,1.0014957539367966,1.01,1.03,0.999695108978826,Restaurant,9XKJD8DQTH559,../../model_fits/finalized_redone_trunc_cp/t2_a1_proportion/chicken_fish/vegetarian_dishes_count/plots/9XKJD8DQTH559.png,Animal,17,4,0.15
chicken_fish,vegetarian,Count,1.02,NA,1.0020120821677865,1,1.05,0.999615450456062,Restaurant,C0BE4NDSW26QN,../../model_fits/finalized_redone_trunc_cp/t2_a1_proportion/chicken_fish/vegetarian_dishes_count/plots/C0BE4NDSW26QN.png,Animal,17,5,0.15
chicken_fish,vegetarian,Count,1.04,NA,1.0041969400858528,1.02,1.06,0.999960896212061,Restaurant,CB2KHY1C2G9PT,../../model_fits/finalized_redone_trunc_cp/t2_a1_proportion/chicken_fish/vegetarian_dishes_count/plots/CB2KHY1C2G9PT.png,Animal,17,6,0.15
chicken_fish,vegetarian,Count,1.1,NA,1.0092821244297479,1.04,1.16,1.0021188130653,Restaurant,ED5J990H5VAZT,../../model_fits/finalized_redone_trunc_cp/t2_a1_proportion/chicken_fish/vegetarian_dishes_count/plots/ED5J990H5VAZT.png,Animal,17,7,0.15
chicken_fish,vegetarian,Count,1.02,NA,1.0019632993018186,0.95,1.1,1.00190442463741,Restaurant,EMBVNVD207CC6,../../model_fits/finalized_redone_trunc_cp/t2_a1_proportion/chicken_fish/vegetarian_dishes_count/plots/EMBVNVD207CC6.png,Animal,17,8,0.15
chicken_fish,vegetarian,Count,0.96,NA,0.9961462467900744,0.95,0.98,1.00250207168983,Restaurant,JHDN7CF1C03X5,../../model_fits/finalized_redone_trunc_cp/t2_a1_proportion/chicken_fish/vegetarian_dishes_count/plots/JHDN7CF1C03X5.png,Animal,17,9,0.15
chicken_fish,vegetarian,Count,1.07,NA,1.0068768446016383,0.99,1.18,0.999750296774872,Restaurant,L69HYJ4Y3TR91,../../model_fits/finalized_redone_trunc_cp/t2_a1_proportion/chicken_fish/vegetarian_dishes_count/plots/L69HYJ4Y3TR91.png,Animal,17,10,0.15
chicken_fish,vegetarian,Count,1.04,NA,1.0041630053070627,0.99,1.09,1.00024604942772,Restaurant,LBZEEFSBJNB3Z,../../model_fits/finalized_redone_trunc_cp/t2_a1_proportion/chicken_fish/vegetarian_dishes_count/plots/LBZEEFSBJNB3Z.png,Animal,17,11,0.15
chicken_fish,vegetarian,Count,0.99,NA,0.9992535597854433,0.88,1.1,1.00073650319167,Restaurant,LFZFT3VASXPED,../../model_fits/finalized_redone_trunc_cp/t2_a1_proportion/chicken_fish/vegetarian_dishes_count/plots/LFZFT3VASXPED.png,Animal,17,12,0.15
chicken_fish,vegetarian,Count,1.08,NA,1.007302932961375,0.98,1.2,1.00123897314754,Restaurant,LQ5EH4BKGV61T,../../model_fits/finalized_redone_trunc_cp/t2_a1_proportion/chicken_fish/vegetarian_dishes_count/plots/LQ5EH4BKGV61T.png,Animal,17,13,0.15
chicken_fish,vegetarian,Count,0.94,NA,0.9935146212952848,0.89,0.98,1.00254981857521,Restaurant,S8MT0YGD2KTN9,../../model_fits/finalized_redone_trunc_cp/t2_a1_proportion/chicken_fish/vegetarian_dishes_count/plots/S8MT0YGD2KTN9.png,Animal,17,14,0.15
chicken_fish,vegetarian,Count,1.02,NA,1.0022993492027008,0.91,1.14,1.00003467572173,Restaurant,SAFK7ND1HR6XS,../../model_fits/finalized_redone_trunc_cp/t2_a1_proportion/chicken_fish/vegetarian_dishes_count/plots/SAFK7ND1HR6XS.png,Animal,17,15,0.15
chicken_fish,vegetarian,Count,1.01,NA,1.0013296387984754,0.95,1.08,1.00074298985506,Restaurant,V3Q26BHF3SE2H,../../model_fits/finalized_redone_trunc_cp/t2_a1_proportion/chicken_fish/vegetarian_dishes_count/plots/V3Q26BHF3SE2H.png,Animal,17,16,0.15
chicken_fish,vegetarian,Count,1,NA,0.9996068864405216,0.98,1.01,0.99983654338622,Restaurant,W8T41JZK0ZMEP,../../model_fits/finalized_redone_trunc_cp/t2_a1_proportion/chicken_fish/vegetarian_dishes_count/plots/W8T41JZK0ZMEP.png,Animal,17,17,0.15
chicken_fish,vegetarian,Proportion,0.750778357570031,NA,0.750778357570031,0.6762433378062414,0.8469842998552983,1.0026341302292,Restaurant,1SQPTEGYPH0GA,../../model_fits/finalized_redone_trunc_cp/t2_a1_proportion/chicken_fish/vegetarian_dishes_prop/plots/1SQPTEGYPH0GA.png,Animal,17,1,0.15
chicken_fish,vegetarian,Proportion,0.8070341150864518,NA,0.8070341150864518,0.6309573444801932,1.009576582776887,1.00325803783738,Restaurant,2HRX9P6HKXA8V,../../model_fits/finalized_redone_trunc_cp/t2_a1_proportion/chicken_fish/vegetarian_dishes_prop/plots/2HRX9P6HKXA8V.png,Animal,17,2,0.15
chicken_fish,vegetarian,Proportion,0.9759546638286739,NA,0.9759546638286739,0.8894799631049141,1.0685138922256048,1.00398602188678,Restaurant,78AY09MVJVTYE,../../model_fits/finalized_redone_trunc_cp/t2_a1_proportion/chicken_fish/vegetarian_dishes_prop/plots/78AY09MVJVTYE.png,Animal,17,3,0.15
chicken_fish,vegetarian,Proportion,1.0266093920146449,NA,1.0266093920146449,0.9232541136674268,1.1489852070249764,1.00416797157914,Restaurant,9XKJD8DQTH559,../../model_fits/finalized_redone_trunc_cp/t2_a1_proportion/chicken_fish/vegetarian_dishes_prop/plots/9XKJD8DQTH559.png,Animal,17,4,0.15
chicken_fish,vegetarian,Proportion,0.9957574049237056,NA,0.9957574049237056,0.8835676359470228,1.124398486191184,1.0033643331012,Restaurant,C0BE4NDSW26QN,../../model_fits/finalized_redone_trunc_cp/t2_a1_proportion/chicken_fish/vegetarian_dishes_prop/plots/C0BE4NDSW26QN.png,Animal,17,5,0.15
chicken_fish,vegetarian,Proportion,1.0306293386348346,NA,1.0306293386348346,0.9053576433419918,1.1847852811978825,1.00354452494214,Restaurant,CB2KHY1C2G9PT,../../model_fits/finalized_redone_trunc_cp/t2_a1_proportion/chicken_fish/vegetarian_dishes_prop/plots/CB2KHY1C2G9PT.png,Animal,17,6,0.15
chicken_fish,vegetarian,Proportion,0.626705382046362,NA,0.626705382046362,0,0.7664958432641342,1.00070514648571,Restaurant,ED5J990H5VAZT,../../model_fits/finalized_redone_trunc_cp/t2_a1_proportion/chicken_fish/vegetarian_dishes_prop/plots/ED5J990H5VAZT.png,Animal,17,7,0.15
chicken_fish,vegetarian,Proportion,0.6755150383343019,NA,0.6755150383343019,0,0.8376158603010033,1.01477293232779,Restaurant,EMBVNVD207CC6,../../model_fits/finalized_redone_trunc_cp/t2_a1_proportion/chicken_fish/vegetarian_dishes_prop/plots/EMBVNVD207CC6.png,Animal,17,8,0.15
chicken_fish,vegetarian,Proportion,0.7276227618703472,NA,0.7276227618703472,0.6309573444801932,0.8154443636507333,1.00294348080887,Restaurant,JHDN7CF1C03X5,../../model_fits/finalized_redone_trunc_cp/t2_a1_proportion/chicken_fish/vegetarian_dishes_prop/plots/JHDN7CF1C03X5.png,Animal,17,9,0.15
chicken_fish,vegetarian,Proportion,0.8624132559786931,NA,0.8624132559786931,0.6309573444801932,1.1676215200062445,1.00327086186232,Restaurant,L69HYJ4Y3TR91,../../model_fits/finalized_redone_trunc_cp/t2_a1_proportion/chicken_fish/vegetarian_dishes_prop/plots/L69HYJ4Y3TR91.png,Animal,17,10,0.15
chicken_fish,vegetarian,Proportion,0.9693385282542648,NA,0.9693385282542648,0.8469842998552983,1.12715281339346,1.0044004356749,Restaurant,LBZEEFSBJNB3Z,../../model_fits/finalized_redone_trunc_cp/t2_a1_proportion/chicken_fish/vegetarian_dishes_prop/plots/LBZEEFSBJNB3Z.png,Animal,17,11,0.15
chicken_fish,vegetarian,Proportion,0.986682540848074,NA,0.986682540848074,0.7411344491069477,1.3398142446065335,1.00750939395517,Restaurant,LFZFT3VASXPED,../../model_fits/finalized_redone_trunc_cp/t2_a1_proportion/chicken_fish/vegetarian_dishes_prop/plots/LFZFT3VASXPED.png,Animal,17,12,0.15
chicken_fish,vegetarian,Proportion,0.8840974832864998,NA,0.8840974832864998,0.6309573444801932,1.1962311988513155,1.01381886326305,Restaurant,LQ5EH4BKGV61T,../../model_fits/finalized_redone_trunc_cp/t2_a1_proportion/chicken_fish/vegetarian_dishes_prop/plots/LQ5EH4BKGV61T.png,Animal,17,13,0.15
chicken_fish,vegetarian,Proportion,0.7418154723824328,NA,0.7418154723824328,0.6309573444801932,0.8555037734677596,1.00757973037945,Restaurant,S8MT0YGD2KTN9,../../model_fits/finalized_redone_trunc_cp/t2_a1_proportion/chicken_fish/vegetarian_dishes_prop/plots/S8MT0YGD2KTN9.png,Animal,17,14,0.15
chicken_fish,vegetarian,Proportion,0.8972037612640009,NA,0.8972037612640009,0.6762433378062414,1.1559550853918679,1.00545073308693,Restaurant,SAFK7ND1HR6XS,../../model_fits/finalized_redone_trunc_cp/t2_a1_proportion/chicken_fish/vegetarian_dishes_prop/plots/SAFK7ND1HR6XS.png,Animal,17,15,0.15
chicken_fish,vegetarian,Proportion,0.7099789618528197,NA,0.7099789618528197,0.6309573444801932,0.8376158603010033,1.01126160885478,Restaurant,V3Q26BHF3SE2H,../../model_fits/finalized_redone_trunc_cp/t2_a1_proportion/chicken_fish/vegetarian_dishes_prop/plots/V3Q26BHF3SE2H.png,Animal,17,16,0.15
chicken_fish,vegetarian,Proportion,0.8724293868250976,NA,0.8724293868250976,0.7664958432641342,1.0009955282949736,1.00107500692208,Restaurant,W8T41JZK0ZMEP,../../model_fits/finalized_redone_trunc_cp/t2_a1_proportion/chicken_fish/vegetarian_dishes_prop/plots/W8T41JZK0ZMEP.png,Animal,17,17,0.15
vegetarian,mpbamod,Count,1.05,NA,1.0046327693794193,0.98,1.11,1.008786766822,Restaurant,1SQPTEGYPH0GA,../../model_fits/finalized_redone_trunc/t2_a1_proportion/vegetarian/mpbamod_dishes_count/plots/1SQPTEGYPH0GA.png,Plant-based,18,1,0.15
vegetarian,mpbamod,Count,0.83,NA,0.9820484901140184,0.69,0.98,1.00225912838172,Restaurant,2HRX9P6HKXA8V,../../model_fits/finalized_redone_trunc/t2_a1_proportion/vegetarian/mpbamod_dishes_count/plots/2HRX9P6HKXA8V.png,Plant-based,18,2,0.15
vegetarian,mpbamod,Count,0.91,NA,0.9910893971917152,0.84,1,1.00204164032356,Restaurant,78AY09MVJVTYE,../../model_fits/finalized_redone_trunc/t2_a1_proportion/vegetarian/mpbamod_dishes_count/plots/78AY09MVJVTYE.png,Plant-based,18,3,0.15
vegetarian,mpbamod,Count,1.05,NA,1.0052133103561698,1.03,1.07,1.00394807978971,Restaurant,9XKJD8DQTH559,../../model_fits/finalized_redone_trunc/t2_a1_proportion/vegetarian/mpbamod_dishes_count/plots/9XKJD8DQTH559.png,Plant-based,18,4,0.15
vegetarian,mpbamod,Count,1.04,NA,1.0043037348101311,0.93,1.17,1.00339202127266,Restaurant,C0BE4NDSW26QN,../../model_fits/finalized_redone_trunc/t2_a1_proportion/vegetarian/mpbamod_dishes_count/plots/C0BE4NDSW26QN.png,Plant-based,18,5,0.15
vegetarian,mpbamod,Count,0.91,NA,0.9908721734353116,0.85,0.98,1.00092231566852,Restaurant,CB2KHY1C2G9PT,../../model_fits/finalized_redone_trunc/t2_a1_proportion/vegetarian/mpbamod_dishes_count/plots/CB2KHY1C2G9PT.png,Plant-based,18,6,0.15
vegetarian,mpbamod,Count,1.02,NA,1.0018310339262446,1,1.03,1.00924146294868,Restaurant,ED5J990H5VAZT,../../model_fits/finalized_redone_trunc/t2_a1_proportion/vegetarian/mpbamod_dishes_count/plots/ED5J990H5VAZT.png,Plant-based,18,7,0.15
vegetarian,mpbamod,Count,1.08,NA,1.0075914817740035,0.95,1.23,1.00562554018403,Restaurant,EMBVNVD207CC6,../../model_fits/finalized_redone_trunc/t2_a1_proportion/vegetarian/mpbamod_dishes_count/plots/EMBVNVD207CC6.png,Plant-based,18,8,0.15
vegetarian,mpbamod,Count,1.01,NA,1.000947385047831,0.98,1.05,1.00004995812083,Restaurant,JHDN7CF1C03X5,../../model_fits/finalized_redone_trunc/t2_a1_proportion/vegetarian/mpbamod_dishes_count/plots/JHDN7CF1C03X5.png,Plant-based,18,9,0.15
vegetarian,mpbamod,Count,1.12,NA,1.011078022505204,0.98,1.27,1.00076675558124,Restaurant,L69HYJ4Y3TR91,../../model_fits/finalized_redone_trunc/t2_a1_proportion/vegetarian/mpbamod_dishes_count/plots/L69HYJ4Y3TR91.png,Plant-based,18,10,0.15
vegetarian,mpbamod,Count,0.97,NA,0.9967407686009737,0.89,1.05,1.00896957144368,Restaurant,LBZEEFSBJNB3Z,../../model_fits/finalized_redone_trunc/t2_a1_proportion/vegetarian/mpbamod_dishes_count/plots/LBZEEFSBJNB3Z.png,Plant-based,18,11,0.15
vegetarian,mpbamod,Count,1.05,NA,1.0049414656665576,0.81,1.38,1.00778562272793,Restaurant,LFZFT3VASXPED,../../model_fits/finalized_redone_trunc/t2_a1_proportion/vegetarian/mpbamod_dishes_count/plots/LFZFT3VASXPED.png,Plant-based,18,12,0.15
vegetarian,mpbamod,Count,1.16,NA,1.0153704221387938,1,1.4,1.01216838798767,Restaurant,LQ5EH4BKGV61T,../../model_fits/finalized_redone_trunc/t2_a1_proportion/vegetarian/mpbamod_dishes_count/plots/LQ5EH4BKGV61T.png,Plant-based,18,13,0.15
vegetarian,mpbamod,Count,1.05,NA,1.0044604481404549,0.9,1.21,1.02518247567533,Restaurant,S8MT0YGD2KTN9,../../model_fits/finalized_redone_trunc/t2_a1_proportion/vegetarian/mpbamod_dishes_count/plots/S8MT0YGD2KTN9.png,Plant-based,18,14,0.15
vegetarian,mpbamod,Count,1.07,NA,1.0070249099152389,0.88,1.33,1.00091151859584,Restaurant,SAFK7ND1HR6XS,../../model_fits/finalized_redone_trunc/t2_a1_proportion/vegetarian/mpbamod_dishes_count/plots/SAFK7ND1HR6XS.png,Plant-based,18,15,0.15
vegetarian,mpbamod,Count,1.35,NA,1.0302266014473724,1.25,1.46,1.00732882147425,Restaurant,SRQS8F7JWA9MZ,../../model_fits/finalized_redone_trunc/t2_a1_proportion/vegetarian/mpbamod_dishes_count/plots/SRQS8F7JWA9MZ.png,Plant-based,18,16,0.15
vegetarian,mpbamod,Count,0.97,NA,0.9970982227488951,0.93,1.01,1.01053926575522,Restaurant,V3Q26BHF3SE2H,../../model_fits/finalized_redone_trunc/t2_a1_proportion/vegetarian/mpbamod_dishes_count/plots/V3Q26BHF3SE2H.png,Plant-based,18,17,0.15
vegetarian,mpbamod,Count,1.02,NA,1.001506871125712,1,1.04,1.00262183880574,Restaurant,W8T41JZK0ZMEP,../../model_fits/finalized_redone_trunc/t2_a1_proportion/vegetarian/mpbamod_dishes_count/plots/W8T41JZK0ZMEP.png,Plant-based,18,18,0.15
vegetarian,mpbamod,Proportion,0.7742351283767582,NA,0.7742351283767582,0.6309573444801932,0.9366995991172014,1.00021465513208,Restaurant,1SQPTEGYPH0GA,../../model_fits/finalized_redone_trunc/t2_a1_proportion/vegetarian/mpbamod_dishes_prop/plots/1SQPTEGYPH0GA.png,Plant-based,18,1,0.15
vegetarian,mpbamod,Proportion,0.5829109279797514,NA,0.5829109279797514,0,0.8271973337231157,1.00518633352557,Restaurant,2HRX9P6HKXA8V,../../model_fits/finalized_redone_trunc/t2_a1_proportion/vegetarian/mpbamod_dishes_prop/plots/2HRX9P6HKXA8V.png,Plant-based,18,2,0.15
vegetarian,mpbamod,Proportion,0.7387723453995609,NA,0.7387723453995609,0.6309573444801932,0.9003405372962772,1.01589643222801,Restaurant,78AY09MVJVTYE,../../model_fits/finalized_redone_trunc/t2_a1_proportion/vegetarian/mpbamod_dishes_prop/plots/78AY09MVJVTYE.png,Plant-based,18,3,0.15
vegetarian,mpbamod,Proportion,1.0324410205717045,NA,1.0324410205717045,0.9292319283974861,1.145204834038768,1.00169645198406,Restaurant,9XKJD8DQTH559,../../model_fits/finalized_redone_trunc/t2_a1_proportion/vegetarian/mpbamod_dishes_prop/plots/9XKJD8DQTH559.png,Plant-based,18,4,0.15
vegetarian,mpbamod,Proportion,0.7410194071208668,NA,0.7410194071208668,0,0.9517721299086175,1.00366650407777,Restaurant,C0BE4NDSW26QN,../../model_fits/finalized_redone_trunc/t2_a1_proportion/vegetarian/mpbamod_dishes_prop/plots/C0BE4NDSW26QN.png,Plant-based,18,5,0.15
vegetarian,mpbamod,Proportion,0.6963933600931096,NA,0.6963933600931096,0.6309573444801932,0.7767996097157338,1.00076976996582,Restaurant,CB2KHY1C2G9PT,../../model_fits/finalized_redone_trunc/t2_a1_proportion/vegetarian/mpbamod_dishes_prop/plots/CB2KHY1C2G9PT.png,Plant-based,18,6,0.15
vegetarian,mpbamod,Proportion,1.0291265542259997,NA,1.0291265542259997,1.0009955282949736,1.0593561696111744,1.00092454040866,Restaurant,ED5J990H5VAZT,../../model_fits/finalized_redone_trunc/t2_a1_proportion/vegetarian/mpbamod_dishes_prop/plots/ED5J990H5VAZT.png,Plant-based,18,7,0.15
vegetarian,mpbamod,Proportion,0.9731183883559106,NA,0.9731183883559106,0.8772762586965452,1.091947364059481,1.009014112133,Restaurant,EMBVNVD207CC6,../../model_fits/finalized_redone_trunc/t2_a1_proportion/vegetarian/mpbamod_dishes_prop/plots/EMBVNVD207CC6.png,Plant-based,18,8,0.15
vegetarian,mpbamod,Proportion,0.7164212739539793,NA,0.7164212739539793,0.6309573444801932,0.8271973337231157,1.00704639918241,Restaurant,JHDN7CF1C03X5,../../model_fits/finalized_redone_trunc/t2_a1_proportion/vegetarian/mpbamod_dishes_prop/plots/JHDN7CF1C03X5.png,Plant-based,18,9,0.15
vegetarian,mpbamod,Proportion,1.174005446965135,NA,1.174005446965135,0.7943282347242815,1.7435006086450682,1.00534292984367,Restaurant,L69HYJ4Y3TR91,../../model_fits/finalized_redone_trunc/t2_a1_proportion/vegetarian/mpbamod_dishes_prop/plots/L69HYJ4Y3TR91.png,Plant-based,18,10,0.15
vegetarian,mpbamod,Proportion,0.6814514437904043,NA,0.6814514437904043,0,0.8950584438464527,1.00331317953106,Restaurant,LBZEEFSBJNB3Z,../../model_fits/finalized_redone_trunc/t2_a1_proportion/vegetarian/mpbamod_dishes_prop/plots/LBZEEFSBJNB3Z.png,Plant-based,18,11,0.15
vegetarian,mpbamod,Proportion,1.4519993893062009,NA,1.4519993893062009,0.7411344491069477,3.111911751441573,1.01290466923501,Restaurant,LFZFT3VASXPED,../../model_fits/finalized_redone_trunc/t2_a1_proportion/vegetarian/mpbamod_dishes_prop/plots/LFZFT3VASXPED.png,Plant-based,18,12,0.15
vegetarian,mpbamod,Proportion,1.1971599519005722,NA,1.1971599519005722,0.9402414133840812,1.6234355500234237,1.0041183282739,Restaurant,LQ5EH4BKGV61T,../../model_fits/finalized_redone_trunc/t2_a1_proportion/vegetarian/mpbamod_dishes_prop/plots/LQ5EH4BKGV61T.png,Plant-based,18,13,0.15
vegetarian,mpbamod,Proportion,2.3148657598475726,NA,2.3148657598475726,1.7653358727993402,3.11424421669216,1.00122623937372,Restaurant,S8MT0YGD2KTN9,../../model_fits/finalized_redone_trunc/t2_a1_proportion/vegetarian/mpbamod_dishes_prop/plots/S8MT0YGD2KTN9.png,Plant-based,18,14,0.15
vegetarian,mpbamod,Proportion,1.0246528363651732,NA,1.0246528363651732,0.7411344491069477,1.4296919918698376,1.00596363803791,Restaurant,SAFK7ND1HR6XS,../../model_fits/finalized_redone_trunc/t2_a1_proportion/vegetarian/mpbamod_dishes_prop/plots/SAFK7ND1HR6XS.png,Plant-based,18,15,0.15
vegetarian,mpbamod,Proportion,1.3440241779697857,NA,1.3440241779697857,1.2488784453766626,1.4551245298740287,1.00415512600867,Restaurant,SRQS8F7JWA9MZ,../../model_fits/finalized_redone_trunc/t2_a1_proportion/vegetarian/mpbamod_dishes_prop/plots/SRQS8F7JWA9MZ.png,Plant-based,18,16,0.15
vegetarian,mpbamod,Proportion,0.8874866361034884,NA,0.8874866361034884,0.8325532074018731,0.9402414133840812,1.00099416752669,Restaurant,V3Q26BHF3SE2H,../../model_fits/finalized_redone_trunc/t2_a1_proportion/vegetarian/mpbamod_dishes_prop/plots/V3Q26BHF3SE2H.png,Plant-based,18,17,0.15
vegetarian,mpbamod,Proportion,1.0475733417707114,NA,1.0475733417707114,0.9436670752867394,1.163593106455343,1.00658968644613,Restaurant,W8T41JZK0ZMEP,../../model_fits/finalized_redone_trunc/t2_a1_proportion/vegetarian/mpbamod_dishes_prop/plots/W8T41JZK0ZMEP.png,Plant-based,18,18,0.15
vegetarian,vegan,Count,1.19,NA,1.0175474138476386,1.15,1.23,1.0044797949829,Restaurant,1SQPTEGYPH0GA,../../model_fits/finalized_redone_trunc/t2_a1_proportion/vegetarian/vegan_dishes_count/plots/1SQPTEGYPH0GA.png,Plant-based,18,1,0.15
vegetarian,vegan,Count,1.03,NA,1.0033751460922746,0.94,1.14,1.00514165605771,Restaurant,2HRX9P6HKXA8V,../../model_fits/finalized_redone_trunc/t2_a1_proportion/vegetarian/vegan_dishes_count/plots/2HRX9P6HKXA8V.png,Plant-based,18,2,0.15
vegetarian,vegan,Count,1.01,NA,1.0009312181812065,0.98,1.04,1.00021681506207,Restaurant,78AY09MVJVTYE,../../model_fits/finalized_redone_trunc/t2_a1_proportion/vegetarian/vegan_dishes_count/plots/78AY09MVJVTYE.png,Plant-based,18,3,0.15
vegetarian,vegan,Count,1.02,NA,1.0021639272487026,1.01,1.04,1.00323827022646,Restaurant,9XKJD8DQTH559,../../model_fits/finalized_redone_trunc/t2_a1_proportion/vegetarian/vegan_dishes_count/plots/9XKJD8DQTH559.png,Plant-based,18,4,0.15
vegetarian,vegan,Count,1.05,NA,1.0051169707154666,1.02,1.09,1.00092937411632,Restaurant,C0BE4NDSW26QN,../../model_fits/finalized_redone_trunc/t2_a1_proportion/vegetarian/vegan_dishes_count/plots/C0BE4NDSW26QN.png,Plant-based,18,5,0.15
vegetarian,vegan,Count,1.05,NA,1.0053170911457923,1.03,1.08,1.00653559109703,Restaurant,CB2KHY1C2G9PT,../../model_fits/finalized_redone_trunc/t2_a1_proportion/vegetarian/vegan_dishes_count/plots/CB2KHY1C2G9PT.png,Plant-based,18,6,0.15
vegetarian,vegan,Count,1.29,NA,1.0261265205785228,1.22,1.37,1.00089029208315,Restaurant,ED5J990H5VAZT,../../model_fits/finalized_redone_trunc/t2_a1_proportion/vegetarian/vegan_dishes_count/plots/ED5J990H5VAZT.png,Plant-based,18,7,0.15
vegetarian,vegan,Count,1.21,NA,1.0191119507270747,1.08,1.36,1.00013060251271,Restaurant,EMBVNVD207CC6,../../model_fits/finalized_redone_trunc/t2_a1_proportion/vegetarian/vegan_dishes_count/plots/EMBVNVD207CC6.png,Plant-based,18,8,0.15
vegetarian,vegan,Count,1.03,NA,1.002965252023136,1.01,1.05,1.000646092723,Restaurant,JHDN7CF1C03X5,../../model_fits/finalized_redone_trunc/t2_a1_proportion/vegetarian/vegan_dishes_count/plots/JHDN7CF1C03X5.png,Plant-based,18,9,0.15
vegetarian,vegan,Count,1.13,NA,1.0119204263241115,1.07,1.18,1.00146728854129,Restaurant,L69HYJ4Y3TR91,../../model_fits/finalized_redone_trunc/t2_a1_proportion/vegetarian/vegan_dishes_count/plots/L69HYJ4Y3TR91.png,Plant-based,18,10,0.15
vegetarian,vegan,Count,1.06,NA,1.005389754722829,1,1.12,1.0084060735781,Restaurant,LBZEEFSBJNB3Z,../../model_fits/finalized_redone_trunc/t2_a1_proportion/vegetarian/vegan_dishes_count/plots/LBZEEFSBJNB3Z.png,Plant-based,18,11,0.15
vegetarian,vegan,Count,1.02,NA,1.0024191667181461,0.88,1.2,1.00311625352584,Restaurant,LFZFT3VASXPED,../../model_fits/finalized_redone_trunc/t2_a1_proportion/vegetarian/vegan_dishes_count/plots/LFZFT3VASXPED.png,Plant-based,18,12,0.15
vegetarian,vegan,Count,1.17,NA,1.015923667759697,1.04,1.38,1.0076939459287,Restaurant,LQ5EH4BKGV61T,../../model_fits/finalized_redone_trunc/t2_a1_proportion/vegetarian/vegan_dishes_count/plots/LQ5EH4BKGV61T.png,Plant-based,18,13,0.15
vegetarian,vegan,Count,0.96,NA,0.9961734791788669,0.86,1.07,1.00473205410534,Restaurant,S8MT0YGD2KTN9,../../model_fits/finalized_redone_trunc/t2_a1_proportion/vegetarian/vegan_dishes_count/plots/S8MT0YGD2KTN9.png,Plant-based,18,14,0.15
vegetarian,vegan,Count,1.13,NA,1.0123700739919979,0.95,1.37,1.00183193395681,Restaurant,SAFK7ND1HR6XS,../../model_fits/finalized_redone_trunc/t2_a1_proportion/vegetarian/vegan_dishes_count/plots/SAFK7ND1HR6XS.png,Plant-based,18,15,0.15
vegetarian,vegan,Count,1.38,NA,1.032509559093881,1.2,1.6,1.00614165967215,Restaurant,SRQS8F7JWA9MZ,../../model_fits/finalized_redone_trunc/t2_a1_proportion/vegetarian/vegan_dishes_count/plots/SRQS8F7JWA9MZ.png,Plant-based,18,16,0.15
vegetarian,vegan,Count,1.19,NA,1.0173837717101923,1.12,1.28,1.00355720821628,Restaurant,V3Q26BHF3SE2H,../../model_fits/finalized_redone_trunc/t2_a1_proportion/vegetarian/vegan_dishes_count/plots/V3Q26BHF3SE2H.png,Plant-based,18,17,0.15
vegetarian,vegan,Count,1.02,NA,1.0023533734749952,1.01,1.04,1.0001531270945,Restaurant,W8T41JZK0ZMEP,../../model_fits/finalized_redone_trunc/t2_a1_proportion/vegetarian/vegan_dishes_count/plots/W8T41JZK0ZMEP.png,Plant-based,18,18,0.15
vegetarian,vegan,Proportion,0.9181871572373108,NA,0.9181871572373108,0.7943282347242815,1.0434439926896288,1.00392725479628,Restaurant,1SQPTEGYPH0GA,../../model_fits/finalized_redone_trunc/t2_a1_proportion/vegetarian/vegan_dishes_prop/plots/1SQPTEGYPH0GA.png,Plant-based,18,1,0.15
vegetarian,vegan,Proportion,1.0564607046353902,NA,1.0564607046353902,0.9028804514474342,1.2323700524435999,1.00413059114591,Restaurant,2HRX9P6HKXA8V,../../model_fits/finalized_redone_trunc/t2_a1_proportion/vegetarian/vegan_dishes_prop/plots/2HRX9P6HKXA8V.png,Plant-based,18,2,0.15
vegetarian,vegan,Proportion,1.002031645831233,NA,1.002031645831233,0.9419682592138262,1.0690633991544003,1.00039960128464,Restaurant,78AY09MVJVTYE,../../model_fits/finalized_redone_trunc/t2_a1_proportion/vegetarian/vegan_dishes_prop/plots/78AY09MVJVTYE.png,Plant-based,18,3,0.15
vegetarian,vegan,Proportion,1.1126205249934051,NA,1.1126205249934051,1.0019822247447452,1.2397917120444277,1.0004139419177,Restaurant,9XKJD8DQTH559,../../model_fits/finalized_redone_trunc/t2_a1_proportion/vegetarian/vegan_dishes_prop/plots/9XKJD8DQTH559.png,Plant-based,18,4,0.15
vegetarian,vegan,Proportion,1.063320651067793,NA,1.063320651067793,0.9533210199136081,1.1767163239645777,1.00065465345892,Restaurant,C0BE4NDSW26QN,../../model_fits/finalized_redone_trunc/t2_a1_proportion/vegetarian/vegan_dishes_prop/plots/C0BE4NDSW26QN.png,Plant-based,18,5,0.15
vegetarian,vegan,Proportion,1.1415202189861555,NA,1.1415202189861555,1.0544958918547662,1.2425101905916196,1.00353689153353,Restaurant,CB2KHY1C2G9PT,../../model_fits/finalized_redone_trunc/t2_a1_proportion/vegetarian/vegan_dishes_prop/plots/CB2KHY1C2G9PT.png,Plant-based,18,6,0.15
vegetarian,vegan,Proportion,1.175692568812873,NA,1.175692568812873,1.0765014734877172,1.2894798351899042,1.00121513777285,Restaurant,ED5J990H5VAZT,../../model_fits/finalized_redone_trunc/t2_a1_proportion/vegetarian/vegan_dishes_prop/plots/ED5J990H5VAZT.png,Plant-based,18,7,0.15
vegetarian,vegan,Proportion,0.9447630908002312,NA,0.9447630908002312,0.8633219511791956,1.0241896249073048,1.00017440067571,Restaurant,EMBVNVD207CC6,../../model_fits/finalized_redone_trunc/t2_a1_proportion/vegetarian/vegan_dishes_prop/plots/EMBVNVD207CC6.png,Plant-based,18,8,0.15
vegetarian,vegan,Proportion,1.0879771521879504,NA,1.0879771521879504,0.9895192582062144,1.2011244339814313,1.0014075343211,Restaurant,JHDN7CF1C03X5,../../model_fits/finalized_redone_trunc/t2_a1_proportion/vegetarian/vegan_dishes_prop/plots/JHDN7CF1C03X5.png,Plant-based,18,9,0.15
vegetarian,vegan,Proportion,1.3187015666606856,NA,1.3187015666606856,1.1247461131420948,1.57739760925861,1.00751891899953,Restaurant,L69HYJ4Y3TR91,../../model_fits/finalized_redone_trunc/t2_a1_proportion/vegetarian/vegan_dishes_prop/plots/L69HYJ4Y3TR91.png,Plant-based,18,10,0.15
vegetarian,vegan,Proportion,1.1264595345355868,NA,1.1264595345355868,0.9703382962383449,1.3107569828722994,1.02176641200518,Restaurant,LBZEEFSBJNB3Z,../../model_fits/finalized_redone_trunc/t2_a1_proportion/vegetarian/vegan_dishes_prop/plots/LBZEEFSBJNB3Z.png,Plant-based,18,11,0.15
vegetarian,vegan,Proportion,1.1452356710067912,NA,1.1452356710067912,0.9252855568989151,1.463194112912384,1.00049174953018,Restaurant,LFZFT3VASXPED,../../model_fits/finalized_redone_trunc/t2_a1_proportion/vegetarian/vegan_dishes_prop/plots/LFZFT3VASXPED.png,Plant-based,18,12,0.15
vegetarian,vegan,Proportion,1.0358135943518862,NA,1.0358135943518862,0.8804725142695762,1.215506444893397,1.0083074486316,Restaurant,LQ5EH4BKGV61T,../../model_fits/finalized_redone_trunc/t2_a1_proportion/vegetarian/vegan_dishes_prop/plots/LQ5EH4BKGV61T.png,Plant-based,18,13,0.15
vegetarian,vegan,Proportion,1.1193668295297237,NA,1.1193668295297237,0.9101363514059139,1.3816492205886604,1.00350156669732,Restaurant,S8MT0YGD2KTN9,../../model_fits/finalized_redone_trunc/t2_a1_proportion/vegetarian/vegan_dishes_prop/plots/S8MT0YGD2KTN9.png,Plant-based,18,14,0.15
vegetarian,vegan,Proportion,1.099512315618134,NA,1.099512315618134,0.8894799631049141,1.3782322615758686,1.00414531121605,Restaurant,SAFK7ND1HR6XS,../../model_fits/finalized_redone_trunc/t2_a1_proportion/vegetarian/vegan_dishes_prop/plots/SAFK7ND1HR6XS.png,Plant-based,18,15,0.15
vegetarian,vegan,Proportion,0.9996584389968455,NA,0.9996584389968455,0.9453388051113798,1.0569511724151297,1.00264464064422,Restaurant,SRQS8F7JWA9MZ,../../model_fits/finalized_redone_trunc/t2_a1_proportion/vegetarian/vegan_dishes_prop/plots/SRQS8F7JWA9MZ.png,Plant-based,18,16,0.15
vegetarian,vegan,Proportion,1.256014800419417,NA,1.256014800419417,1.1321594864044893,1.4054433430976525,1.00308047170488,Restaurant,V3Q26BHF3SE2H,../../model_fits/finalized_redone_trunc/t2_a1_proportion/vegetarian/vegan_dishes_prop/plots/V3Q26BHF3SE2H.png,Plant-based,18,17,0.15
vegetarian,vegan,Proportion,1.1179209709210645,NA,1.1179209709210645,1.0225651825635729,1.2316053152616542,1.00094987301202,Restaurant,W8T41JZK0ZMEP,../../model_fits/finalized_redone_trunc/t2_a1_proportion/vegetarian/vegan_dishes_prop/plots/W8T41JZK0ZMEP.png,Plant-based,18,18,0.15
vegetarian,vegetarian,Count,1.07,NA,1.0064037099227692,1.06,1.08,1.00054641206023,Restaurant,1SQPTEGYPH0GA,../../model_fits/finalized_redone_trunc/t2_a1_proportion/vegetarian/vegetarian_dishes_count/plots/1SQPTEGYPH0GA.png,Plant-based,18,1,0.15
vegetarian,vegetarian,Count,0.99,NA,0.9990169547611532,0.92,1.07,1.00118155119164,Restaurant,2HRX9P6HKXA8V,../../model_fits/finalized_redone_trunc/t2_a1_proportion/vegetarian/vegetarian_dishes_count/plots/2HRX9P6HKXA8V.png,Plant-based,18,2,0.15
vegetarian,vegetarian,Count,1.01,NA,1.0013534620176354,0.99,1.04,1.00085056797833,Restaurant,78AY09MVJVTYE,../../model_fits/finalized_redone_trunc/t2_a1_proportion/vegetarian/vegetarian_dishes_count/plots/78AY09MVJVTYE.png,Plant-based,18,3,0.15
vegetarian,vegetarian,Count,1.02,NA,1.0018907496419427,1.01,1.03,1.00064301714524,Restaurant,9XKJD8DQTH559,../../model_fits/finalized_redone_trunc/t2_a1_proportion/vegetarian/vegetarian_dishes_count/plots/9XKJD8DQTH559.png,Plant-based,18,4,0.15
vegetarian,vegetarian,Count,1.04,NA,1.0037148854603521,1.02,1.06,1.00111413301144,Restaurant,C0BE4NDSW26QN,../../model_fits/finalized_redone_trunc/t2_a1_proportion/vegetarian/vegetarian_dishes_count/plots/C0BE4NDSW26QN.png,Plant-based,18,5,0.15
vegetarian,vegetarian,Count,1.04,NA,1.0039427488817325,1.03,1.06,1.00944152213805,Restaurant,CB2KHY1C2G9PT,../../model_fits/finalized_redone_trunc/t2_a1_proportion/vegetarian/vegetarian_dishes_count/plots/CB2KHY1C2G9PT.png,Plant-based,18,6,0.15
vegetarian,vegetarian,Count,1.14,NA,1.0132548916091402,1.11,1.17,1.00181872363816,Restaurant,ED5J990H5VAZT,../../model_fits/finalized_redone_trunc/t2_a1_proportion/vegetarian/vegetarian_dishes_count/plots/ED5J990H5VAZT.png,Plant-based,18,7,0.15
vegetarian,vegetarian,Count,1.18,NA,1.0163587825720444,1.09,1.29,1.00174788113223,Restaurant,EMBVNVD207CC6,../../model_fits/finalized_redone_trunc/t2_a1_proportion/vegetarian/vegetarian_dishes_count/plots/EMBVNVD207CC6.png,Plant-based,18,8,0.15
vegetarian,vegetarian,Count,1.04,NA,1.003647159780857,1.02,1.05,1.00072719234709,Restaurant,JHDN7CF1C03X5,../../model_fits/finalized_redone_trunc/t2_a1_proportion/vegetarian/vegetarian_dishes_count/plots/JHDN7CF1C03X5.png,Plant-based,18,9,0.15
vegetarian,vegetarian,Count,1.08,NA,1.007770462213623,1.04,1.12,1.00160807417417,Restaurant,L69HYJ4Y3TR91,../../model_fits/finalized_redone_trunc/t2_a1_proportion/vegetarian/vegetarian_dishes_count/plots/L69HYJ4Y3TR91.png,Plant-based,18,10,0.15
vegetarian,vegetarian,Count,1.02,NA,1.0016082265433859,0.98,1.05,1.01441757646775,Restaurant,LBZEEFSBJNB3Z,../../model_fits/finalized_redone_trunc/t2_a1_proportion/vegetarian/vegetarian_dishes_count/plots/LBZEEFSBJNB3Z.png,Plant-based,18,11,0.15
vegetarian,vegetarian,Count,1.02,NA,1.0020580640314938,0.91,1.14,1.00544981368675,Restaurant,LFZFT3VASXPED,../../model_fits/finalized_redone_trunc/t2_a1_proportion/vegetarian/vegetarian_dishes_count/plots/LFZFT3VASXPED.png,Plant-based,18,12,0.15
vegetarian,vegetarian,Count,1.12,NA,1.011263110235593,1.01,1.27,1.00854173853929,Restaurant,LQ5EH4BKGV61T,../../model_fits/finalized_redone_trunc/t2_a1_proportion/vegetarian/vegetarian_dishes_count/plots/LQ5EH4BKGV61T.png,Plant-based,18,13,0.15
vegetarian,vegetarian,Count,0.94,NA,0.9937277441261853,0.91,0.97,1.0004542596704,Restaurant,S8MT0YGD2KTN9,../../model_fits/finalized_redone_trunc/t2_a1_proportion/vegetarian/vegetarian_dishes_count/plots/S8MT0YGD2KTN9.png,Plant-based,18,14,0.15
vegetarian,vegetarian,Count,1.08,NA,1.0074573086654446,0.95,1.23,1.00183291253363,Restaurant,SAFK7ND1HR6XS,../../model_fits/finalized_redone_trunc/t2_a1_proportion/vegetarian/vegetarian_dishes_count/plots/SAFK7ND1HR6XS.png,Plant-based,18,15,0.15
vegetarian,vegetarian,Count,1.13,NA,1.0123687707244227,1.1,1.17,1.00055074483301,Restaurant,SRQS8F7JWA9MZ,../../model_fits/finalized_redone_trunc/t2_a1_proportion/vegetarian/vegetarian_dishes_count/plots/SRQS8F7JWA9MZ.png,Plant-based,18,16,0.15
vegetarian,vegetarian,Count,1.09,NA,1.0090454203082257,1.04,1.16,1.00219692753213,Restaurant,V3Q26BHF3SE2H,../../model_fits/finalized_redone_trunc/t2_a1_proportion/vegetarian/vegetarian_dishes_count/plots/V3Q26BHF3SE2H.png,Plant-based,18,17,0.15
vegetarian,vegetarian,Count,1.02,NA,1.0018787207484627,1.01,1.03,1.00228430787755,Restaurant,W8T41JZK0ZMEP,../../model_fits/finalized_redone_trunc/t2_a1_proportion/vegetarian/vegetarian_dishes_count/plots/W8T41JZK0ZMEP.png,Plant-based,18,18,0.15
vegetarian,vegetarian,Proportion,0.9140401315179391,NA,0.9140401315179391,0.8325532074018731,1,1.00434051309498,Restaurant,1SQPTEGYPH0GA,../../model_fits/finalized_redone_trunc/t2_a1_proportion/vegetarian/vegetarian_dishes_prop/plots/1SQPTEGYPH0GA.png,Plant-based,18,1,0.15
vegetarian,vegetarian,Proportion,0.9591428209350185,NA,0.9591428209350185,0.7943282347242815,1.1472543407415878,1.00168070508029,Restaurant,2HRX9P6HKXA8V,../../model_fits/finalized_redone_trunc/t2_a1_proportion/vegetarian/vegetarian_dishes_prop/plots/2HRX9P6HKXA8V.png,Plant-based,18,2,0.15
vegetarian,vegetarian,Proportion,0.9998334007078036,NA,0.9998334007078036,0.9419682592138262,1.065727519566613,1.00068144622179,Restaurant,78AY09MVJVTYE,../../model_fits/finalized_redone_trunc/t2_a1_proportion/vegetarian/vegetarian_dishes_prop/plots/78AY09MVJVTYE.png,Plant-based,18,3,0.15
vegetarian,vegetarian,Proportion,1.1555275848183588,NA,1.1555275848183588,1.0500712315941094,1.268180955824004,1.00264706926557,Restaurant,9XKJD8DQTH559,../../model_fits/finalized_redone_trunc/t2_a1_proportion/vegetarian/vegetarian_dishes_prop/plots/9XKJD8DQTH559.png,Plant-based,18,4,0.15
vegetarian,vegetarian,Proportion,1.0449922134195233,NA,1.0449922134195233,0.9533210199136081,1.1437204261088147,1.00161961356275,Restaurant,C0BE4NDSW26QN,../../model_fits/finalized_redone_trunc/t2_a1_proportion/vegetarian/vegetarian_dishes_prop/plots/C0BE4NDSW26QN.png,Plant-based,18,5,0.15
vegetarian,vegetarian,Proportion,1.0796741991619085,NA,1.0796741991619085,0.9906132650954108,1.1836938085304842,1.00589182140454,Restaurant,CB2KHY1C2G9PT,../../model_fits/finalized_redone_trunc/t2_a1_proportion/vegetarian/vegetarian_dishes_prop/plots/CB2KHY1C2G9PT.png,Plant-based,18,6,0.15
vegetarian,vegetarian,Proportion,1.27345937442221,NA,1.27345937442221,1.1623080652394242,1.3990510527019624,1.00106247008596,Restaurant,ED5J990H5VAZT,../../model_fits/finalized_redone_trunc/t2_a1_proportion/vegetarian/vegetarian_dishes_prop/plots/ED5J990H5VAZT.png,Plant-based,18,7,0.15
vegetarian,vegetarian,Proportion,1.1317815455142113,NA,1.1317815455142113,1.0378552826828715,1.236575471747225,1.00857546725103,Restaurant,EMBVNVD207CC6,../../model_fits/finalized_redone_trunc/t2_a1_proportion/vegetarian/vegetarian_dishes_prop/plots/EMBVNVD207CC6.png,Plant-based,18,8,0.15
vegetarian,vegetarian,Proportion,1.2211370568635005,NA,1.2211370568635005,1.0932990799580533,1.374851311202077,1.00787401122528,Restaurant,JHDN7CF1C03X5,../../model_fits/finalized_redone_trunc/t2_a1_proportion/vegetarian/vegetarian_dishes_prop/plots/JHDN7CF1C03X5.png,Plant-based,18,9,0.15
vegetarian,vegetarian,Proportion,1.3265679614191364,NA,1.3265679614191364,1.1080527102078603,1.6267498560754896,1.01105821284607,Restaurant,L69HYJ4Y3TR91,../../model_fits/finalized_redone_trunc/t2_a1_proportion/vegetarian/vegetarian_dishes_prop/plots/L69HYJ4Y3TR91.png,Plant-based,18,10,0.15
vegetarian,vegetarian,Proportion,1.0053049107740295,NA,1.0053049107740295,0.9053576433419918,1.1134911305486308,1.00154253225495,Restaurant,LBZEEFSBJNB3Z,../../model_fits/finalized_redone_trunc/t2_a1_proportion/vegetarian/vegetarian_dishes_prop/plots/LBZEEFSBJNB3Z.png,Plant-based,18,11,0.15
vegetarian,vegetarian,Proportion,1.2861792216777377,NA,1.2861792216777377,1.0342196941293802,1.6825444790340616,1.00506553067515,Restaurant,LFZFT3VASXPED,../../model_fits/finalized_redone_trunc/t2_a1_proportion/vegetarian/vegetarian_dishes_prop/plots/LFZFT3VASXPED.png,Plant-based,18,12,0.15
vegetarian,vegetarian,Proportion,1.0237499012106204,NA,1.0237499012106204,0.8555037734677596,1.2187477578520234,1.00127945121995,Restaurant,LQ5EH4BKGV61T,../../model_fits/finalized_redone_trunc/t2_a1_proportion/vegetarian/vegetarian_dishes_prop/plots/LQ5EH4BKGV61T.png,Plant-based,18,13,0.15
vegetarian,vegetarian,Proportion,0.8672250653965741,NA,0.8672250653965741,0.7767996097157338,0.9621679608471888,1.00031073446308,Restaurant,S8MT0YGD2KTN9,../../model_fits/finalized_redone_trunc/t2_a1_proportion/vegetarian/vegetarian_dishes_prop/plots/S8MT0YGD2KTN9.png,Plant-based,18,14,0.15
vegetarian,vegetarian,Proportion,1.102314635596654,NA,1.102314635596654,0.8865681505652133,1.3706342682611146,1.00286897500096,Restaurant,SAFK7ND1HR6XS,../../model_fits/finalized_redone_trunc/t2_a1_proportion/vegetarian/vegetarian_dishes_prop/plots/SAFK7ND1HR6XS.png,Plant-based,18,15,0.15
vegetarian,vegetarian,Proportion,1.1958426110417824,NA,1.1958426110417824,1.1382280564892693,1.2581680093041079,1.00371473357392,Restaurant,SRQS8F7JWA9MZ,../../model_fits/finalized_redone_trunc/t2_a1_proportion/vegetarian/vegetarian_dishes_prop/plots/SRQS8F7JWA9MZ.png,Plant-based,18,16,0.15
vegetarian,vegetarian,Proportion,1.1296690109908656,NA,1.1296690109908656,1.052620071910597,1.2127152637614846,1.00353945404814,Restaurant,V3Q26BHF3SE2H,../../model_fits/finalized_redone_trunc/t2_a1_proportion/vegetarian/vegetarian_dishes_prop/plots/V3Q26BHF3SE2H.png,Plant-based,18,17,0.15
vegetarian,vegetarian,Proportion,1.206662387581373,NA,1.206662387581373,1.0805527510712007,1.3574876694913043,1.00270133922851,Restaurant,W8T41JZK0ZMEP,../../model_fits/finalized_redone_trunc/t2_a1_proportion/vegetarian/vegetarian_dishes_prop/plots/W8T41JZK0ZMEP.png,Plant-based,18,18,0.15
vegan,mpbamod,Count,1.07,NA,1.0072354096325589,0.99,1.17,1.00059779533744,Restaurant,1SQPTEGYPH0GA,../../model_fits/finalized_redone_trunc/t2_a1_proportion/vegan/mpbamod_dishes_count/plots/1SQPTEGYPH0GA.png,Plant-based,18,1,0.15
vegan,mpbamod,Count,0.87,NA,0.9865613222104986,0.73,1.03,1.00475125619859,Restaurant,2HRX9P6HKXA8V,../../model_fits/finalized_redone_trunc/t2_a1_proportion/vegan/mpbamod_dishes_count/plots/2HRX9P6HKXA8V.png,Plant-based,18,2,0.15
vegan,mpbamod,Count,0.91,NA,0.9901517622534408,0.79,1.02,1.0017500268395,Restaurant,78AY09MVJVTYE,../../model_fits/finalized_redone_trunc/t2_a1_proportion/vegan/mpbamod_dishes_count/plots/78AY09MVJVTYE.png,Plant-based,18,3,0.15
vegan,mpbamod,Count,1.03,NA,1.0026716878105153,1.01,1.05,0.999911625105337,Restaurant,9XKJD8DQTH559,../../model_fits/finalized_redone_trunc/t2_a1_proportion/vegan/mpbamod_dishes_count/plots/9XKJD8DQTH559.png,Plant-based,18,4,0.15
vegan,mpbamod,Count,1.12,NA,1.0115980478062667,0.97,1.31,1.0033205728697,Restaurant,C0BE4NDSW26QN,../../model_fits/finalized_redone_trunc/t2_a1_proportion/vegan/mpbamod_dishes_count/plots/C0BE4NDSW26QN.png,Plant-based,18,5,0.15
vegan,mpbamod,Count,0.93,NA,0.992540726689573,0.81,1.05,1.00358701521142,Restaurant,CB2KHY1C2G9PT,../../model_fits/finalized_redone_trunc/t2_a1_proportion/vegan/mpbamod_dishes_count/plots/CB2KHY1C2G9PT.png,Plant-based,18,6,0.15
vegan,mpbamod,Count,1.04,NA,1.0036351496842142,1.01,1.06,1.00002966815483,Restaurant,ED5J990H5VAZT,../../model_fits/finalized_redone_trunc/t2_a1_proportion/vegan/mpbamod_dishes_count/plots/ED5J990H5VAZT.png,Plant-based,18,7,0.15
vegan,mpbamod,Count,1.2,NA,1.0187039788860528,1.04,1.39,1.01029107254963,Restaurant,EMBVNVD207CC6,../../model_fits/finalized_redone_trunc/t2_a1_proportion/vegan/mpbamod_dishes_count/plots/EMBVNVD207CC6.png,Plant-based,18,8,0.15
vegan,mpbamod,Count,1.01,NA,1.0005066460672203,0.96,1.05,1.00044750013044,Restaurant,JHDN7CF1C03X5,../../model_fits/finalized_redone_trunc/t2_a1_proportion/vegan/mpbamod_dishes_count/plots/JHDN7CF1C03X5.png,Plant-based,18,9,0.15
vegan,mpbamod,Count,1.17,NA,1.0162167841409822,0.99,1.44,1.00419515306413,Restaurant,L69HYJ4Y3TR91,../../model_fits/finalized_redone_trunc/t2_a1_proportion/vegan/mpbamod_dishes_count/plots/L69HYJ4Y3TR91.png,Plant-based,18,10,0.15
vegan,mpbamod,Count,1,NA,1.000492924217194,0.89,1.13,1.00243303662331,Restaurant,LBZEEFSBJNB3Z,../../model_fits/finalized_redone_trunc/t2_a1_proportion/vegan/mpbamod_dishes_count/plots/LBZEEFSBJNB3Z.png,Plant-based,18,11,0.15
vegan,mpbamod,Count,1.09,NA,1.0088545032453071,0.82,1.49,1.00133665349366,Restaurant,LFZFT3VASXPED,../../model_fits/finalized_redone_trunc/t2_a1_proportion/vegan/mpbamod_dishes_count/plots/LFZFT3VASXPED.png,Plant-based,18,12,0.15
vegan,mpbamod,Count,1.29,NA,1.0256963728348596,1.05,1.71,1.00710956259017,Restaurant,LQ5EH4BKGV61T,../../model_fits/finalized_redone_trunc/t2_a1_proportion/vegan/mpbamod_dishes_count/plots/LQ5EH4BKGV61T.png,Plant-based,18,13,0.15
vegan,mpbamod,Count,1.05,NA,1.0046999315277818,0.89,1.24,1.00534478126478,Restaurant,S8MT0YGD2KTN9,../../model_fits/finalized_redone_trunc/t2_a1_proportion/vegan/mpbamod_dishes_count/plots/S8MT0YGD2KTN9.png,Plant-based,18,14,0.15
vegan,mpbamod,Count,1.11,NA,1.0102036233834961,0.91,1.38,1.00793615439036,Restaurant,SAFK7ND1HR6XS,../../model_fits/finalized_redone_trunc/t2_a1_proportion/vegan/mpbamod_dishes_count/plots/SAFK7ND1HR6XS.png,Plant-based,18,15,0.15
vegan,mpbamod,Count,1.13,NA,1.0124458061663955,1.03,1.25,1.00540678251287,Restaurant,SRQS8F7JWA9MZ,../../model_fits/finalized_redone_trunc/t2_a1_proportion/vegan/mpbamod_dishes_count/plots/SRQS8F7JWA9MZ.png,Plant-based,18,16,0.15
vegan,mpbamod,Count,1,NA,0.9999120193384379,0.94,1.06,1.00105737080013,Restaurant,V3Q26BHF3SE2H,../../model_fits/finalized_redone_trunc/t2_a1_proportion/vegan/mpbamod_dishes_count/plots/V3Q26BHF3SE2H.png,Plant-based,18,17,0.15
vegan,mpbamod,Count,1.01,NA,1.0006183955300751,0.98,1.03,1.00138030371023,Restaurant,W8T41JZK0ZMEP,../../model_fits/finalized_redone_trunc/t2_a1_proportion/vegan/mpbamod_dishes_count/plots/W8T41JZK0ZMEP.png,Plant-based,18,18,0.15
vegan,mpbamod,Proportion,0.7982396395130693,NA,0.7982396395130693,0,1.0738979584144939,1.00184886300923,Restaurant,1SQPTEGYPH0GA,../../model_fits/finalized_redone_trunc/t2_a1_proportion/vegan/mpbamod_dishes_prop/plots/1SQPTEGYPH0GA.png,Plant-based,18,1,0.15
vegan,mpbamod,Proportion,0.6917206612634802,NA,0.6917206612634802,0,0.9767034215585771,1.00126172857505,Restaurant,2HRX9P6HKXA8V,../../model_fits/finalized_redone_trunc/t2_a1_proportion/vegan/mpbamod_dishes_prop/plots/2HRX9P6HKXA8V.png,Plant-based,18,2,0.15
vegan,mpbamod,Proportion,0.6358228759188128,NA,0.6358228759188128,0,0.8894799631049141,0.999966647972267,Restaurant,78AY09MVJVTYE,../../model_fits/finalized_redone_trunc/t2_a1_proportion/vegan/mpbamod_dishes_prop/plots/78AY09MVJVTYE.png,Plant-based,18,3,0.15
vegan,mpbamod,Proportion,0.9732463767479498,NA,0.9732463767479498,0.867004045984223,1.0849527973813544,1.00105972352494,Restaurant,9XKJD8DQTH559,../../model_fits/finalized_redone_trunc/t2_a1_proportion/vegan/mpbamod_dishes_prop/plots/9XKJD8DQTH559.png,Plant-based,18,4,0.15
vegan,mpbamod,Proportion,0.6860339702636684,NA,0.6860339702636684,0,0.9827157772761715,1.00090303025214,Restaurant,C0BE4NDSW26QN,../../model_fits/finalized_redone_trunc/t2_a1_proportion/vegan/mpbamod_dishes_prop/plots/C0BE4NDSW26QN.png,Plant-based,18,5,0.15
vegan,mpbamod,Proportion,0.5058474725673773,NA,0.5058474725673773,0,0.6309573444801932,1.00169004324964,Restaurant,CB2KHY1C2G9PT,../../model_fits/finalized_redone_trunc/t2_a1_proportion/vegan/mpbamod_dishes_prop/plots/CB2KHY1C2G9PT.png,Plant-based,18,6,0.15
vegan,mpbamod,Proportion,1.079438769469979,NA,1.079438769469979,1.0281521620726264,1.134429393023742,1.00388746454651,Restaurant,ED5J990H5VAZT,../../model_fits/finalized_redone_trunc/t2_a1_proportion/vegan/mpbamod_dishes_prop/plots/ED5J990H5VAZT.png,Plant-based,18,7,0.15
vegan,mpbamod,Proportion,1.1866470133621942,NA,1.1866470133621942,1.0183993761470242,1.3767200751019837,1.00565058547464,Restaurant,EMBVNVD207CC6,../../model_fits/finalized_redone_trunc/t2_a1_proportion/vegan/mpbamod_dishes_prop/plots/EMBVNVD207CC6.png,Plant-based,18,8,0.15
vegan,mpbamod,Proportion,0.8129163439361117,NA,0.8129163439361117,0.6762433378062414,0.9663308284400851,1.00077430532588,Restaurant,JHDN7CF1C03X5,../../model_fits/finalized_redone_trunc/t2_a1_proportion/vegan/mpbamod_dishes_prop/plots/JHDN7CF1C03X5.png,Plant-based,18,9,0.15
vegan,mpbamod,Proportion,1.3054603038526595,NA,1.3054603038526595,0.7767996097157338,2.251244167351496,1.00099584273829,Restaurant,L69HYJ4Y3TR91,../../model_fits/finalized_redone_trunc/t2_a1_proportion/vegan/mpbamod_dishes_prop/plots/L69HYJ4Y3TR91.png,Plant-based,18,10,0.15
vegan,mpbamod,Proportion,1.1183769757416153,NA,1.1183769757416153,0.7860030855966228,1.6239200400236804,1.00186538512982,Restaurant,LBZEEFSBJNB3Z,../../model_fits/finalized_redone_trunc/t2_a1_proportion/vegan/mpbamod_dishes_prop/plots/LBZEEFSBJNB3Z.png,Plant-based,18,11,0.15
vegan,mpbamod,Proportion,1.4181243026503287,NA,1.4181243026503287,0.7247796636776955,3.1495197957850696,1.00247887188399,Restaurant,LFZFT3VASXPED,../../model_fits/finalized_redone_trunc/t2_a1_proportion/vegan/mpbamod_dishes_prop/plots/LFZFT3VASXPED.png,Plant-based,18,12,0.15
vegan,mpbamod,Proportion,1.5090566369384233,NA,1.5090566369384233,1.0048909381985118,2.403809512829648,1.0048551440281,Restaurant,LQ5EH4BKGV61T,../../model_fits/finalized_redone_trunc/t2_a1_proportion/vegan/mpbamod_dishes_prop/plots/LQ5EH4BKGV61T.png,Plant-based,18,13,0.15
vegan,mpbamod,Proportion,2.2841144132362197,NA,2.2841144132362197,1.5915645848153857,3.2748448633598497,1.00203243861632,Restaurant,S8MT0YGD2KTN9,../../model_fits/finalized_redone_trunc/t2_a1_proportion/vegan/mpbamod_dishes_prop/plots/S8MT0YGD2KTN9.png,Plant-based,18,14,0.15
vegan,mpbamod,Proportion,1.0789375666238472,NA,1.0789375666238472,0.7664958432641342,1.551883886833226,1.00197014524792,Restaurant,SAFK7ND1HR6XS,../../model_fits/finalized_redone_trunc/t2_a1_proportion/vegan/mpbamod_dishes_prop/plots/SAFK7ND1HR6XS.png,Plant-based,18,15,0.15
vegan,mpbamod,Proportion,1.1243470187627127,NA,1.1243470187627127,1.0158242733348055,1.2514257594289824,1.00000132448564,Restaurant,SRQS8F7JWA9MZ,../../model_fits/finalized_redone_trunc/t2_a1_proportion/vegan/mpbamod_dishes_prop/plots/SRQS8F7JWA9MZ.png,Plant-based,18,16,0.15
vegan,mpbamod,Proportion,0.9223296119216023,NA,0.9223296119216023,0.8325532074018731,1.0166891778440417,1.00006936305831,Restaurant,V3Q26BHF3SE2H,../../model_fits/finalized_redone_trunc/t2_a1_proportion/vegan/mpbamod_dishes_prop/plots/V3Q26BHF3SE2H.png,Plant-based,18,17,0.15
vegan,mpbamod,Proportion,1.0631477075107856,NA,1.0631477075107856,0.9502002165056764,1.1923880453730393,0.999944415851621,Restaurant,W8T41JZK0ZMEP,../../model_fits/finalized_redone_trunc/t2_a1_proportion/vegan/mpbamod_dishes_prop/plots/W8T41JZK0ZMEP.png,Plant-based,18,18,0.15
vegan,vegan,Count,1.22,NA,1.020393478200038,1.17,1.28,1.0005007584785,Restaurant,1SQPTEGYPH0GA,../../model_fits/finalized_redone_trunc/t2_a1_proportion/vegan/vegan_dishes_count/plots/1SQPTEGYPH0GA.png,Plant-based,17,1,0.15
vegan,vegan,Count,0.98,NA,0.9982480806196289,0.89,1.08,1.00424149719133,Restaurant,2HRX9P6HKXA8V,../../model_fits/finalized_redone_trunc/t2_a1_proportion/vegan/vegan_dishes_count/plots/2HRX9P6HKXA8V.png,Plant-based,17,2,0.15
vegan,vegan,Count,1.08,NA,1.0081729556687913,1.03,1.15,0.999931469400802,Restaurant,78AY09MVJVTYE,../../model_fits/finalized_redone_trunc/t2_a1_proportion/vegan/vegan_dishes_count/plots/78AY09MVJVTYE.png,Plant-based,17,3,0.15
vegan,vegan,Count,1.03,NA,1.0030909022209666,1.01,1.05,1.00116797384415,Restaurant,9XKJD8DQTH559,../../model_fits/finalized_redone_trunc/t2_a1_proportion/vegan/vegan_dishes_count/plots/9XKJD8DQTH559.png,Plant-based,17,4,0.15
vegan,vegan,Count,1.09,NA,1.0083992002086526,1.04,1.13,1.00010404545235,Restaurant,C0BE4NDSW26QN,../../model_fits/finalized_redone_trunc/t2_a1_proportion/vegan/vegan_dishes_count/plots/C0BE4NDSW26QN.png,Plant-based,17,5,0.15
vegan,vegan,Count,1.22,NA,1.0197963806965336,1.15,1.29,1.00563339414548,Restaurant,CB2KHY1C2G9PT,../../model_fits/finalized_redone_trunc/t2_a1_proportion/vegan/vegan_dishes_count/plots/CB2KHY1C2G9PT.png,Plant-based,17,6,0.15
vegan,vegan,Count,1.4,NA,1.0345070010764477,1.26,1.57,1.00145090755028,Restaurant,ED5J990H5VAZT,../../model_fits/finalized_redone_trunc/t2_a1_proportion/vegan/vegan_dishes_count/plots/ED5J990H5VAZT.png,Plant-based,17,7,0.15
vegan,vegan,Count,1.37,NA,1.0317786010191392,1.17,1.61,1.00037686390064,Restaurant,EMBVNVD207CC6,../../model_fits/finalized_redone_trunc/t2_a1_proportion/vegan/vegan_dishes_count/plots/EMBVNVD207CC6.png,Plant-based,17,8,0.15
vegan,vegan,Count,1.01,NA,1.0014722662864153,0.99,1.04,1.00044411358104,Restaurant,JHDN7CF1C03X5,../../model_fits/finalized_redone_trunc/t2_a1_proportion/vegan/vegan_dishes_count/plots/JHDN7CF1C03X5.png,Plant-based,17,9,0.15
vegan,vegan,Count,1.21,NA,1.0190700971632027,1.11,1.33,1.00420650909123,Restaurant,L69HYJ4Y3TR91,../../model_fits/finalized_redone_trunc/t2_a1_proportion/vegan/vegan_dishes_count/plots/L69HYJ4Y3TR91.png,Plant-based,17,10,0.15
vegan,vegan,Count,0.97,NA,0.9965997697360579,0.89,1.05,1.00127523022667,Restaurant,LBZEEFSBJNB3Z,../../model_fits/finalized_redone_trunc/t2_a1_proportion/vegan/vegan_dishes_count/plots/LBZEEFSBJNB3Z.png,Plant-based,17,11,0.15
vegan,vegan,Count,1.07,NA,1.0067818547823644,0.88,1.29,0.999937486034792,Restaurant,LFZFT3VASXPED,../../model_fits/finalized_redone_trunc/t2_a1_proportion/vegan/vegan_dishes_count/plots/LFZFT3VASXPED.png,Plant-based,17,12,0.15
vegan,vegan,Count,1.4,NA,1.0340405741852112,1.12,1.82,1.00461289320113,Restaurant,LQ5EH4BKGV61T,../../model_fits/finalized_redone_trunc/t2_a1_proportion/vegan/vegan_dishes_count/plots/LQ5EH4BKGV61T.png,Plant-based,17,13,0.15
vegan,vegan,Count,0.93,NA,0.9930308928804505,0.79,1.09,1.00106618951425,Restaurant,S8MT0YGD2KTN9,../../model_fits/finalized_redone_trunc/t2_a1_proportion/vegan/vegan_dishes_count/plots/S8MT0YGD2KTN9.png,Plant-based,17,14,0.15
vegan,vegan,Count,1.11,NA,1.0105180228265924,0.88,1.41,1.0025251188773,Restaurant,SAFK7ND1HR6XS,../../model_fits/finalized_redone_trunc/t2_a1_proportion/vegan/vegan_dishes_count/plots/SAFK7ND1HR6XS.png,Plant-based,17,15,0.15
vegan,vegan,Count,1.35,NA,1.0305851055806607,1.2,1.53,1.00049681622139,Restaurant,V3Q26BHF3SE2H,../../model_fits/finalized_redone_trunc/t2_a1_proportion/vegan/vegan_dishes_count/plots/V3Q26BHF3SE2H.png,Plant-based,17,16,0.15
vegan,vegan,Count,1.02,NA,1.0018440565671576,1,1.04,0.999878904583424,Restaurant,W8T41JZK0ZMEP,../../model_fits/finalized_redone_trunc/t2_a1_proportion/vegan/vegan_dishes_count/plots/W8T41JZK0ZMEP.png,Plant-based,17,17,0.15
vegan,vegan,Proportion,0.9629463444272274,NA,0.9629463444272274,0.7943282347242815,1.1564966441541398,1.00480308173803,Restaurant,1SQPTEGYPH0GA,../../model_fits/finalized_redone_trunc/t2_a1_proportion/vegan/vegan_dishes_prop/plots/1SQPTEGYPH0GA.png,Plant-based,17,1,0.15
vegan,vegan,Proportion,0.9895677590210803,NA,0.9895677590210803,0.821509903954877,1.1890629435297493,1.00140049141852,Restaurant,2HRX9P6HKXA8V,../../model_fits/finalized_redone_trunc/t2_a1_proportion/vegan/vegan_dishes_prop/plots/2HRX9P6HKXA8V.png,Plant-based,17,2,0.15
vegan,vegan,Proportion,1.1681929043978307,NA,1.1681929043978307,1.026583631304232,1.3355857434963974,1.00123069854208,Restaurant,78AY09MVJVTYE,../../model_fits/finalized_redone_trunc/t2_a1_proportion/vegan/vegan_dishes_prop/plots/78AY09MVJVTYE.png,Plant-based,17,3,0.15
vegan,vegan,Proportion,1.275113364447508,NA,1.275113364447508,1.121937613664313,1.4546451604676909,1.00154143986165,Restaurant,9XKJD8DQTH559,../../model_fits/finalized_redone_trunc/t2_a1_proportion/vegan/vegan_dishes_prop/plots/9XKJD8DQTH559.png,Plant-based,17,4,0.15
vegan,vegan,Proportion,1.0743163469831487,NA,1.0743163469831487,0.9252855568989151,1.2417999799367758,1.0007727595562,Restaurant,C0BE4NDSW26QN,../../model_fits/finalized_redone_trunc/t2_a1_proportion/vegan/vegan_dishes_prop/plots/C0BE4NDSW26QN.png,Plant-based,17,5,0.15
vegan,vegan,Proportion,1.50504833279632,NA,1.50504833279632,1.244199940096498,1.8729413221201177,1.00041248276353,Restaurant,CB2KHY1C2G9PT,../../model_fits/finalized_redone_trunc/t2_a1_proportion/vegan/vegan_dishes_prop/plots/CB2KHY1C2G9PT.png,Plant-based,17,6,0.15
vegan,vegan,Proportion,1.3250220166635704,NA,1.3250220166635704,1.100265093106018,1.6085500026080535,1.00137891304567,Restaurant,ED5J990H5VAZT,../../model_fits/finalized_redone_trunc/t2_a1_proportion/vegan/vegan_dishes_prop/plots/ED5J990H5VAZT.png,Plant-based,17,7,0.15
vegan,vegan,Proportion,0.9550370392631145,NA,0.9550370392631145,0.8469842998552983,1.07284044334405,1.00246887122481,Restaurant,EMBVNVD207CC6,../../model_fits/finalized_redone_trunc/t2_a1_proportion/vegan/vegan_dishes_prop/plots/EMBVNVD207CC6.png,Plant-based,17,8,0.15
vegan,vegan,Proportion,1.0246105645772565,NA,1.0246105645772565,0.9101363514059139,1.1623080652394242,1.00045028630637,Restaurant,JHDN7CF1C03X5,../../model_fits/finalized_redone_trunc/t2_a1_proportion/vegan/vegan_dishes_prop/plots/JHDN7CF1C03X5.png,Plant-based,17,9,0.15
vegan,vegan,Proportion,1.5710518556406894,NA,1.5710518556406894,1.2085988162028105,2.1035846547275705,1.00093619061036,Restaurant,L69HYJ4Y3TR91,../../model_fits/finalized_redone_trunc/t2_a1_proportion/vegan/vegan_dishes_prop/plots/L69HYJ4Y3TR91.png,Plant-based,17,10,0.15
vegan,vegan,Proportion,0.9546361418251642,NA,0.9546361418251642,0.7411344491069477,1.2016997321565943,1.00104512044057,Restaurant,LBZEEFSBJNB3Z,../../model_fits/finalized_redone_trunc/t2_a1_proportion/vegan/vegan_dishes_prop/plots/LBZEEFSBJNB3Z.png,Plant-based,17,11,0.15
vegan,vegan,Proportion,1.2639649194438776,NA,1.2639649194438776,0.9003405372962772,1.8366788882136988,1.00058925698889,Restaurant,LFZFT3VASXPED,../../model_fits/finalized_redone_trunc/t2_a1_proportion/vegan/vegan_dishes_prop/plots/LFZFT3VASXPED.png,Plant-based,17,12,0.15
vegan,vegan,Proportion,1.1308927904513484,NA,1.1308927904513484,0.8325532074018731,1.5319405053120074,1.00401784703644,Restaurant,LQ5EH4BKGV61T,../../model_fits/finalized_redone_trunc/t2_a1_proportion/vegan/vegan_dishes_prop/plots/LQ5EH4BKGV61T.png,Plant-based,17,13,0.15
vegan,vegan,Proportion,1.1323967968056763,NA,1.1323967968056763,0.8089433786991753,1.5669002647502523,1.00427238788917,Restaurant,S8MT0YGD2KTN9,../../model_fits/finalized_redone_trunc/t2_a1_proportion/vegan/vegan_dishes_prop/plots/S8MT0YGD2KTN9.png,Plant-based,17,14,0.15
vegan,vegan,Proportion,1.0967077936954244,NA,1.0967077936954244,0.7767996097157338,1.5054379345572517,1.00462905312792,Restaurant,SAFK7ND1HR6XS,../../model_fits/finalized_redone_trunc/t2_a1_proportion/vegan/vegan_dishes_prop/plots/SAFK7ND1HR6XS.png,Plant-based,17,15,0.15
vegan,vegan,Proportion,1.5656164551691387,NA,1.5656164551691387,1.312324579970646,1.9001528399295793,1.00055307479897,Restaurant,V3Q26BHF3SE2H,../../model_fits/finalized_redone_trunc/t2_a1_proportion/vegan/vegan_dishes_prop/plots/V3Q26BHF3SE2H.png,Plant-based,17,16,0.15
vegan,vegan,Proportion,1.1480650619825152,NA,1.1480650619825152,1.0296994477882186,1.282941026486236,1.00111243545094,Restaurant,W8T41JZK0ZMEP,../../model_fits/finalized_redone_trunc/t2_a1_proportion/vegan/vegan_dishes_prop/plots/W8T41JZK0ZMEP.png,Plant-based,17,17,0.15
vegan,vegetarian,Count,1.06,NA,1.0062478509736548,1.05,1.08,1.00284884836289,Restaurant,1SQPTEGYPH0GA,../../model_fits/finalized_redone_trunc/t2_a1_proportion/vegan/vegetarian_dishes_count/plots/1SQPTEGYPH0GA.png,Plant-based,18,1,0.15
vegan,vegetarian,Count,0.95,NA,0.9952244862430301,0.88,1.03,1.00234895658963,Restaurant,2HRX9P6HKXA8V,../../model_fits/finalized_redone_trunc/t2_a1_proportion/vegan/vegetarian_dishes_count/plots/2HRX9P6HKXA8V.png,Plant-based,18,2,0.15
vegan,vegetarian,Count,1.04,NA,1.0038822806909158,1,1.08,1.00213008645057,Restaurant,78AY09MVJVTYE,../../model_fits/finalized_redone_trunc/t2_a1_proportion/vegan/vegetarian_dishes_count/plots/78AY09MVJVTYE.png,Plant-based,18,3,0.15
vegan,vegetarian,Count,1.01,NA,1.00131196403872,1,1.02,1.0010704019637,Restaurant,9XKJD8DQTH559,../../model_fits/finalized_redone_trunc/t2_a1_proportion/vegan/vegetarian_dishes_count/plots/9XKJD8DQTH559.png,Plant-based,18,4,0.15
vegan,vegetarian,Count,1.04,NA,1.0043876960078364,1.02,1.07,1.00682175522581,Restaurant,C0BE4NDSW26QN,../../model_fits/finalized_redone_trunc/t2_a1_proportion/vegan/vegetarian_dishes_count/plots/C0BE4NDSW26QN.png,Plant-based,18,5,0.15
vegan,vegetarian,Count,1.09,NA,1.0087362926967607,1.06,1.12,1.00214104514679,Restaurant,CB2KHY1C2G9PT,../../model_fits/finalized_redone_trunc/t2_a1_proportion/vegan/vegetarian_dishes_count/plots/CB2KHY1C2G9PT.png,Plant-based,18,6,0.15
vegan,vegetarian,Count,1.14,NA,1.013071926701597,1.1,1.19,1.00059591633774,Restaurant,ED5J990H5VAZT,../../model_fits/finalized_redone_trunc/t2_a1_proportion/vegan/vegetarian_dishes_count/plots/ED5J990H5VAZT.png,Plant-based,18,7,0.15
vegan,vegetarian,Count,1.23,NA,1.021092886708425,1.13,1.34,1.00334985688947,Restaurant,EMBVNVD207CC6,../../model_fits/finalized_redone_trunc/t2_a1_proportion/vegan/vegetarian_dishes_count/plots/EMBVNVD207CC6.png,Plant-based,18,8,0.15
vegan,vegetarian,Count,1.02,NA,1.0018335843036223,1,1.04,1.0021273757559,Restaurant,JHDN7CF1C03X5,../../model_fits/finalized_redone_trunc/t2_a1_proportion/vegan/vegetarian_dishes_count/plots/JHDN7CF1C03X5.png,Plant-based,18,9,0.15
vegan,vegetarian,Count,1.11,NA,1.0102530966230314,1.05,1.18,1.00044942211948,Restaurant,L69HYJ4Y3TR91,../../model_fits/finalized_redone_trunc/t2_a1_proportion/vegan/vegetarian_dishes_count/plots/L69HYJ4Y3TR91.png,Plant-based,18,10,0.15
vegan,vegetarian,Count,0.97,NA,0.9972531335359327,0.93,1.02,1.00161837320218,Restaurant,LBZEEFSBJNB3Z,../../model_fits/finalized_redone_trunc/t2_a1_proportion/vegan/vegetarian_dishes_count/plots/LBZEEFSBJNB3Z.png,Plant-based,18,11,0.15
vegan,vegetarian,Count,1.02,NA,1.002332945121918,0.89,1.17,1.00142427419269,Restaurant,LFZFT3VASXPED,../../model_fits/finalized_redone_trunc/t2_a1_proportion/vegan/vegetarian_dishes_count/plots/LFZFT3VASXPED.png,Plant-based,18,12,0.15
vegan,vegetarian,Count,1.2,NA,1.0184577130853758,1.03,1.44,1.00548230283914,Restaurant,LQ5EH4BKGV61T,../../model_fits/finalized_redone_trunc/t2_a1_proportion/vegan/vegetarian_dishes_count/plots/LQ5EH4BKGV61T.png,Plant-based,18,13,0.15
vegan,vegetarian,Count,0.93,NA,0.9930403751106972,0.89,0.98,1.0013526473084,Restaurant,S8MT0YGD2KTN9,../../model_fits/finalized_redone_trunc/t2_a1_proportion/vegan/vegetarian_dishes_count/plots/S8MT0YGD2KTN9.png,Plant-based,18,14,0.15
vegan,vegetarian,Count,1.06,NA,1.0057409106664794,0.91,1.24,1.00261696644658,Restaurant,SAFK7ND1HR6XS,../../model_fits/finalized_redone_trunc/t2_a1_proportion/vegan/vegetarian_dishes_count/plots/SAFK7ND1HR6XS.png,Plant-based,18,15,0.15
vegan,vegetarian,Count,1.03,NA,1.0032976441528167,0.99,1.08,1.00186164744258,Restaurant,SRQS8F7JWA9MZ,../../model_fits/finalized_redone_trunc/t2_a1_proportion/vegan/vegetarian_dishes_count/plots/SRQS8F7JWA9MZ.png,Plant-based,18,16,0.15
vegan,vegetarian,Count,1.09,NA,1.0089052865384183,1.03,1.17,1.00128360465456,Restaurant,V3Q26BHF3SE2H,../../model_fits/finalized_redone_trunc/t2_a1_proportion/vegan/vegetarian_dishes_count/plots/V3Q26BHF3SE2H.png,Plant-based,18,17,0.15
vegan,vegetarian,Count,1.01,NA,1.0007673828248174,1,1.02,1.00032578683904,Restaurant,W8T41JZK0ZMEP,../../model_fits/finalized_redone_trunc/t2_a1_proportion/vegan/vegetarian_dishes_count/plots/W8T41JZK0ZMEP.png,Plant-based,18,18,0.15
vegan,vegetarian,Proportion,0.7892883385873298,NA,0.7892883385873298,0.6762433378062414,0.9028804514474342,1.00087415256094,Restaurant,1SQPTEGYPH0GA,../../model_fits/finalized_redone_trunc/t2_a1_proportion/vegan/vegetarian_dishes_prop/plots/1SQPTEGYPH0GA.png,Plant-based,18,1,0.15
vegan,vegetarian,Proportion,0.9022024055641856,NA,0.9022024055641856,0.754770860611584,1.0738979584144939,1.00093538093981,Restaurant,2HRX9P6HKXA8V,../../model_fits/finalized_redone_trunc/t2_a1_proportion/vegan/vegetarian_dishes_prop/plots/2HRX9P6HKXA8V.png,Plant-based,18,2,0.15
vegan,vegetarian,Proportion,1.0449259795191363,NA,1.0449259795191363,0.9486045450669235,1.158905819491852,1.00986427536218,Restaurant,78AY09MVJVTYE,../../model_fits/finalized_redone_trunc/t2_a1_proportion/vegan/vegetarian_dishes_prop/plots/78AY09MVJVTYE.png,Plant-based,18,3,0.15
vegan,vegetarian,Proportion,1.1150329516791841,NA,1.1150329516791841,1.0077257952426748,1.2491487947495696,1.0010038372904,Restaurant,9XKJD8DQTH559,../../model_fits/finalized_redone_trunc/t2_a1_proportion/vegan/vegetarian_dishes_prop/plots/9XKJD8DQTH559.png,Plant-based,18,4,0.15
vegan,vegetarian,Proportion,0.998723104441404,NA,0.998723104441404,0.8977344508701224,1.1138705792441983,1.00274856410327,Restaurant,C0BE4NDSW26QN,../../model_fits/finalized_redone_trunc/t2_a1_proportion/vegan/vegetarian_dishes_prop/plots/C0BE4NDSW26QN.png,Plant-based,18,5,0.15
vegan,vegetarian,Proportion,1.0797086908868803,NA,1.0797086908868803,0.9453388051113798,1.252616279580003,1.00286896462165,Restaurant,CB2KHY1C2G9PT,../../model_fits/finalized_redone_trunc/t2_a1_proportion/vegan/vegetarian_dishes_prop/plots/CB2KHY1C2G9PT.png,Plant-based,18,6,0.15
vegan,vegetarian,Proportion,1.2129927924783204,NA,1.2129927924783204,1.046804807994881,1.4218898842380856,1.00230189787889,Restaurant,ED5J990H5VAZT,../../model_fits/finalized_redone_trunc/t2_a1_proportion/vegan/vegetarian_dishes_prop/plots/ED5J990H5VAZT.png,Plant-based,18,7,0.15
vegan,vegetarian,Proportion,1.1193237764188362,NA,1.1193237764188362,0.99899547129175,1.252484501515308,1.00908660182252,Restaurant,EMBVNVD207CC6,../../model_fits/finalized_redone_trunc/t2_a1_proportion/vegan/vegetarian_dishes_prop/plots/EMBVNVD207CC6.png,Plant-based,18,8,0.15
vegan,vegetarian,Proportion,1.0777479249793338,NA,1.0777479249793338,0.956352499790037,1.224845636123975,1.00076369800855,Restaurant,JHDN7CF1C03X5,../../model_fits/finalized_redone_trunc/t2_a1_proportion/vegan/vegetarian_dishes_prop/plots/JHDN7CF1C03X5.png,Plant-based,18,9,0.15
vegan,vegetarian,Proportion,1.2519290250129784,NA,1.2519290250129784,1.0140743178387932,1.597300349675674,1.00137656600801,Restaurant,L69HYJ4Y3TR91,../../model_fits/finalized_redone_trunc/t2_a1_proportion/vegan/vegetarian_dishes_prop/plots/L69HYJ4Y3TR91.png,Plant-based,18,10,0.15
vegan,vegetarian,Proportion,0.9127777705747407,NA,0.9127777705747407,0.7664958432641342,1.0662900584785258,1.00724347185434,Restaurant,LBZEEFSBJNB3Z,../../model_fits/finalized_redone_trunc/t2_a1_proportion/vegan/vegetarian_dishes_prop/plots/LBZEEFSBJNB3Z.png,Plant-based,18,11,0.15
vegan,vegetarian,Proportion,1.150803998695872,NA,1.150803998695872,0.8865681505652133,1.5424148439650072,1.00357037110689,Restaurant,LFZFT3VASXPED,../../model_fits/finalized_redone_trunc/t2_a1_proportion/vegan/vegetarian_dishes_prop/plots/LFZFT3VASXPED.png,Plant-based,18,12,0.15
vegan,vegetarian,Proportion,1.0418615122673147,NA,1.0418615122673147,0.821509903954877,1.328310516451139,1.00077353999256,Restaurant,LQ5EH4BKGV61T,../../model_fits/finalized_redone_trunc/t2_a1_proportion/vegan/vegetarian_dishes_prop/plots/LQ5EH4BKGV61T.png,Plant-based,18,13,0.15
vegan,vegetarian,Proportion,0.861943815172928,NA,0.861943815172928,0.7411344491069477,0.9938315630347766,1.0021316788501,Restaurant,S8MT0YGD2KTN9,../../model_fits/finalized_redone_trunc/t2_a1_proportion/vegan/vegetarian_dishes_prop/plots/S8MT0YGD2KTN9.png,Plant-based,18,14,0.15
vegan,vegetarian,Proportion,1.009233752274291,NA,1.009233752274291,0.8019351848161371,1.2931853451963402,1.01213629663467,Restaurant,SAFK7ND1HR6XS,../../model_fits/finalized_redone_trunc/t2_a1_proportion/vegan/vegetarian_dishes_prop/plots/SAFK7ND1HR6XS.png,Plant-based,18,15,0.15
vegan,vegetarian,Proportion,1.0341770095787504,NA,1.0341770095787504,0.959299887533659,1.1150019962636444,1.00180299276282,Restaurant,SRQS8F7JWA9MZ,../../model_fits/finalized_redone_trunc/t2_a1_proportion/vegan/vegetarian_dishes_prop/plots/SRQS8F7JWA9MZ.png,Plant-based,18,16,0.15
vegan,vegetarian,Proportion,0.9461701167598955,NA,0.9461701167598955,0.8513399225207846,1.0500712315941094,1.00113667967501,Restaurant,V3Q26BHF3SE2H,../../model_fits/finalized_redone_trunc/t2_a1_proportion/vegan/vegetarian_dishes_prop/plots/V3Q26BHF3SE2H.png,Plant-based,18,17,0.15
vegan,vegetarian,Proportion,1.1327620504875144,NA,1.1327620504875144,0.9927691996602169,1.2908931990449974,1.00128011008373,Restaurant,W8T41JZK0ZMEP,../../model_fits/finalized_redone_trunc/t2_a1_proportion/vegan/vegetarian_dishes_prop/plots/W8T41JZK0ZMEP.png,Plant-based,18,18,0.15
