outcome,effect_type,mean,q2.5,q97.5,rhat,ess_bulk,estimate_type,restaurant_id,pred_path,color_group,n_rest_in_group,rest_rank,step_size
total,Level Change,0.0128533584345,-0.0467949475,0.08208936,1.00372234765838,422.3759367498,Pooled,POOLED,../../model_fits/finalized_redone_trunc_cp/t2_a5_customer_day/total/plots/all_restaurants_weekly.png,Total,50,NA,0.12
total,Slope Change,0.0254137677651967,-0.06217611,0.1253827,1.00382722145512,228.701882468853,Pooled,POOLED,../../model_fits/finalized_redone_trunc_cp/t2_a5_customer_day/total/plots/all_restaurants_weekly.png,Total,25,NA,0.12
total,Gender x Level,2.064742302e-4,-0.0836002975,0.095332665,1.00903905604245,291.101439238197,Pooled,POOLED,../../model_fits/finalized_redone_trunc_cp/t2_a5_customer_day/total/plots/all_restaurants_weekly.png,Total,25,NA,0.12
nonvegan,Level Change,0.0034389934154463,-0.0767412204,0.0808816877250001,1.03025788155072,144.508486699308,Pooled,POOLED,../../model_fits/finalized_redone_trunc_cp/t2_a5_customer_day/nonvegan/plots/all_restaurants_weekly.png,Animal,50,NA,0.12
nonvegan,Slope Change,0.0132670904312986,-0.060142250775,0.0968185383750001,1.061169794339,41.8384772615723,Pooled,POOLED,../../model_fits/finalized_redone_trunc_cp/t2_a5_customer_day/nonvegan/plots/all_restaurants_weekly.png,Animal,25,NA,0.12
nonvegan,Gender x Level,0.0345162611228947,-0.0521789194,0.141889101,1.03596322328133,139.69043642086,Pooled,POOLED,../../model_fits/finalized_redone_trunc_cp/t2_a5_customer_day/nonvegan/plots/all_restaurants_weekly.png,Animal,25,NA,0.12
meat,Level Change,-0.011323947210262,-0.082638340575,0.0606304325,1.0058054170661,259.383321295813,Pooled,POOLED,../../model_fits/finalized_redone_trunc_cp/t2_a5_customer_day/meat/plots/all_restaurants_weekly.png,Animal,50,NA,0.12
meat,Slope Change,0.037129084348021,-0.0488192769,0.12410684,1.0255959598793,148.896080250758,Pooled,POOLED,../../model_fits/finalized_redone_trunc_cp/t2_a5_customer_day/meat/plots/all_restaurants_weekly.png,Animal,25,NA,0.12
meat,Gender x Level,-0.0294438709384017,-0.11351245,0.055564360625,1.01510361898832,335.919048313916,Pooled,POOLED,../../model_fits/finalized_redone_trunc_cp/t2_a5_customer_day/meat/plots/all_restaurants_weekly.png,Animal,25,NA,0.12
chicken_fish,Level Change,0.057878880279,-0.022491820725,0.11597049025,2.79714950781998,3.48849435999126,Pooled,POOLED,../../model_fits/finalized_redone_trunc_cp/t2_a5_customer_day/chicken_fish/plots/all_restaurants_weekly.png,Animal,50,NA,0.12
chicken_fish,Slope Change,0.0285491424653333,-0.017275322175,0.11675954,2.53378444887143,3.62491780838906,Pooled,POOLED,../../model_fits/finalized_redone_trunc_cp/t2_a5_customer_day/chicken_fish/plots/all_restaurants_weekly.png,Animal,25,NA,0.12
chicken_fish,Gender x Level,0.00664371990382,-0.0190579111,0.038607846275,2.45909514839359,3.6587773071735,Pooled,POOLED,../../model_fits/finalized_redone_trunc_cp/t2_a5_customer_day/chicken_fish/plots/all_restaurants_weekly.png,Animal,25,NA,0.12
vegetarian,Level Change,-0.00985355427504163,-0.08371025815,0.078435068875,1.01563977836808,364.414173171482,Pooled,POOLED,../../model_fits/finalized_redone_trunc_cp/t2_a5_customer_day/vegetarian/plots/all_restaurants_weekly.png,Plant-based,50,NA,0.12
vegetarian,Slope Change,0.00971540200251163,-0.0926084947,0.11737197625,1.00295013986364,499.855904321175,Pooled,POOLED,../../model_fits/finalized_redone_trunc_cp/t2_a5_customer_day/vegetarian/plots/all_restaurants_weekly.png,Plant-based,25,NA,0.12
vegetarian,Gender x Level,0.056572512516805,-0.0138882756,0.12545912425,1.00589180472569,538.245270899632,Pooled,POOLED,../../model_fits/finalized_redone_trunc_cp/t2_a5_customer_day/vegetarian/plots/all_restaurants_weekly.png,Plant-based,25,NA,0.12
vegan,Level Change,-0.00592063777646667,-0.03923432,0.0233806675,1.00187155161884,196.816848203545,Pooled,POOLED,../../model_fits/finalized_redone_trunc_cp/t2_a5_customer_day/vegan/plots/all_restaurants_weekly.png,Plant-based,50,NA,0.12
vegan,Slope Change,-0.00506868838188,-0.0347482225,0.035124565,1.02677503231156,165.43099339286,Pooled,POOLED,../../model_fits/finalized_redone_trunc_cp/t2_a5_customer_day/vegan/plots/all_restaurants_weekly.png,Plant-based,25,NA,0.12
vegan,Gender x Level,-0.00928830170286,-0.03256876,0.01091119,1.01802562113738,233.27154257232,Pooled,POOLED,../../model_fits/finalized_redone_trunc_cp/t2_a5_customer_day/vegan/plots/all_restaurants_weekly.png,Plant-based,25,NA,0.12
total,Level Change,-0.00471808369436667,-0.0903581875,0.08177282,1.00218035002755,1180.15775035587,Restaurant,SRQS8F7JWA9MZ,../../model_fits/finalized_redone_trunc_cp/t2_a5_customer_day/total/plots/SRQS8F7JWA9MZ.png,Total,50,29,0.12
total,Level Change,-0.0101466567787333,-0.10234475,0.0758119125,0.999883735581309,1194.38964917549,Restaurant,SRQS8F7JWA9MZ,../../model_fits/finalized_redone_trunc_cp/t2_a5_customer_day/total/plots/SRQS8F7JWA9MZ.png,Total,50,30,0.12
total,Level Change,0.003837435072,-0.126828975,0.134342,1.00371948846889,1079.22437513646,Restaurant,2HRX9P6HKXA8V,../../model_fits/finalized_redone_trunc_cp/t2_a5_customer_day/total/plots/2HRX9P6HKXA8V.png,Total,50,3,0.12
total,Level Change,0.0281438176006667,-0.10694415,0.194025125,1.00750881354724,696.831533100407,Restaurant,L69HYJ4Y3TR91,../../model_fits/finalized_redone_trunc_cp/t2_a5_customer_day/total/plots/L69HYJ4Y3TR91.png,Total,50,19,0.12
total,Level Change,-0.0141121482322867,-0.072721345,0.04036187,1.00304657145815,1157.64648280928,Restaurant,ED5J990H5VAZT,../../model_fits/finalized_redone_trunc_cp/t2_a5_customer_day/total/plots/ED5J990H5VAZT.png,Total,50,15,0.12
total,Level Change,0.0426283332355667,-0.0902491175,0.14101295,1.00280815711483,1038.40313387794,Restaurant,W8T41JZK0ZMEP,../../model_fits/finalized_redone_trunc_cp/t2_a5_customer_day/total/plots/W8T41JZK0ZMEP.png,Total,50,41,0.12
total,Level Change,0.0789806815213,-0.0165085375,0.20139865,1.00426235093265,747.31082969443,Restaurant,W8T41JZK0ZMEP,../../model_fits/finalized_redone_trunc_cp/t2_a5_customer_day/total/plots/W8T41JZK0ZMEP.png,Total,50,42,0.12
total,Level Change,0.0575627176135333,-0.05615574,0.163138225,1.00119204723357,982.58984520042,Restaurant,W8T41JZK0ZMEP,../../model_fits/finalized_redone_trunc_cp/t2_a5_customer_day/total/plots/W8T41JZK0ZMEP.png,Total,50,43,0.12
total,Level Change,0.0641990186992667,-0.0433906075,0.169719175,1.00074238055262,951.877990207472,Restaurant,W8T41JZK0ZMEP,../../model_fits/finalized_redone_trunc_cp/t2_a5_customer_day/total/plots/W8T41JZK0ZMEP.png,Total,50,44,0.12
total,Level Change,0.0474657501854,-0.0788525475,0.1497855,1.00279799164538,1013.56531969536,Restaurant,W8T41JZK0ZMEP,../../model_fits/finalized_redone_trunc_cp/t2_a5_customer_day/total/plots/W8T41JZK0ZMEP.png,Total,50,45,0.12
total,Level Change,0.0826519333235,-0.0489128975,0.325956025,1.02297088112387,212.905785050675,Restaurant,EMBVNVD207CC6,../../model_fits/finalized_redone_trunc_cp/t2_a5_customer_day/total/plots/EMBVNVD207CC6.png,Total,50,17,0.12
total,Level Change,-0.0290035512629333,-0.1716656,0.110945,1.00621787305847,858.804961751135,Restaurant,C0BE4NDSW26QN,../../model_fits/finalized_redone_trunc_cp/t2_a5_customer_day/total/plots/C0BE4NDSW26QN.png,Total,50,11,0.12
total,Level Change,-0.0327307992635645,-0.18272585,0.1031612,1.0030804597719,893.366701426948,Restaurant,C0BE4NDSW26QN,../../model_fits/finalized_redone_trunc_cp/t2_a5_customer_day/total/plots/C0BE4NDSW26QN.png,Total,50,12,0.12
total,Level Change,-1.86673750866667e-4,-0.11621795,0.1044678,1.00295404698135,944.779629751431,Restaurant,V3Q26BHF3SE2H,../../model_fits/finalized_redone_trunc_cp/t2_a5_customer_day/total/plots/V3Q26BHF3SE2H.png,Total,50,33,0.12
total,Level Change,0.00968950685726,-0.0886352975,0.126401425,1.00460645962484,1093.24592469341,Restaurant,V3Q26BHF3SE2H,../../model_fits/finalized_redone_trunc_cp/t2_a5_customer_day/total/plots/V3Q26BHF3SE2H.png,Total,50,34,0.12
total,Level Change,0.0130903476182,-0.0741998175,0.1229814,1.00233929931049,1318.95080156353,Restaurant,V3Q26BHF3SE2H,../../model_fits/finalized_redone_trunc_cp/t2_a5_customer_day/total/plots/V3Q26BHF3SE2H.png,Total,50,35,0.12
total,Level Change,-0.00184540068725,-0.119085225,0.0938737575,1.00275594767407,1007.77123266057,Restaurant,V3Q26BHF3SE2H,../../model_fits/finalized_redone_trunc_cp/t2_a5_customer_day/total/plots/V3Q26BHF3SE2H.png,Total,50,36,0.12
total,Level Change,-0.0259660124815,-0.168801525,0.087717275,1.00422001912451,748.971838585232,Restaurant,LBZEEFSBJNB3Z,../../model_fits/finalized_redone_trunc_cp/t2_a5_customer_day/total/plots/LBZEEFSBJNB3Z.png,Total,50,21,0.12
total,Level Change,0.0183114383343867,-0.103851375,0.145433525,1.00795442596682,866.206222303683,Restaurant,SAFK7ND1HR6XS,../../model_fits/finalized_redone_trunc_cp/t2_a5_customer_day/total/plots/SAFK7ND1HR6XS.png,Total,50,27,0.12
total,Level Change,-0.0747032508421333,-0.295371025,0.05074075,1.01762469833089,362.830235925418,Restaurant,S8MT0YGD2KTN9,../../model_fits/finalized_redone_trunc_cp/t2_a5_customer_day/total/plots/S8MT0YGD2KTN9.png,Total,50,25,0.12
total,Level Change,0.0798577906494,-0.049098915,0.33212535,1.00982426451902,258.360432513962,Restaurant,1SQPTEGYPH0GA,../../model_fits/finalized_redone_trunc_cp/t2_a5_customer_day/total/plots/1SQPTEGYPH0GA.png,Total,50,1,0.12
total,Level Change,0.0172500388612367,-0.1651863,0.187114175,1.00753353265445,782.55146451414,Restaurant,9XKJD8DQTH559,../../model_fits/finalized_redone_trunc_cp/t2_a5_customer_day/total/plots/9XKJD8DQTH559.png,Total,50,7,0.12
total,Level Change,0.0583626223642,-0.089592840000000007,0.271713375,1.00655188172284,903.40280006716,Restaurant,9XKJD8DQTH559,../../model_fits/finalized_redone_trunc_cp/t2_a5_customer_day/total/plots/9XKJD8DQTH559.png,Total,50,8,0.12
total,Level Change,-0.003608100481,-0.22570515,0.179730075,1.00630633942696,953.907278282924,Restaurant,LQ5EH4BKGV61T,../../model_fits/finalized_redone_trunc_cp/t2_a5_customer_day/total/plots/LQ5EH4BKGV61T.png,Total,50,23,0.12
total,Level Change,0.0350810034357667,-0.0947736325,0.219107925,1.00764731996513,707.158561279236,Restaurant,78AY09MVJVTYE,../../model_fits/finalized_redone_trunc_cp/t2_a5_customer_day/total/plots/78AY09MVJVTYE.png,Total,50,5,0.12
total,Slope Change,-0.0790553802760667,-0.28589935,0.0972743125000001,1.0016127849148,865.450375287063,Restaurant,SRQS8F7JWA9MZ,../../model_fits/finalized_redone_trunc_cp/t2_a5_customer_day/total/plots/SRQS8F7JWA9MZ.png,Total,25,15,0.12
total,Slope Change,-0.0567215092086667,-0.237596025,0.1492216,1.00144465553201,902.612705567927,Restaurant,SRQS8F7JWA9MZ,../../model_fits/finalized_redone_trunc_cp/t2_a5_customer_day/total/plots/SRQS8F7JWA9MZ.png,Total,25,16,0.12
total,Slope Change,-0.00537027990200067,-0.0849483325,0.0734019975,1.00188079876789,707.550416933693,Restaurant,2HRX9P6HKXA8V,../../model_fits/finalized_redone_trunc_cp/t2_a5_customer_day/total/plots/2HRX9P6HKXA8V.png,Total,25,2,0.12
total,Slope Change,0.0107292193294333,-0.23377455,0.26012095,1.00240469384948,665.078222195282,Restaurant,L69HYJ4Y3TR91,../../model_fits/finalized_redone_trunc_cp/t2_a5_customer_day/total/plots/L69HYJ4Y3TR91.png,Total,25,10,0.12
total,Slope Change,0.0193500684904333,-0.0626820275,0.11042125,1.00164478661467,663.102880217212,Restaurant,ED5J990H5VAZT,../../model_fits/finalized_redone_trunc_cp/t2_a5_customer_day/total/plots/ED5J990H5VAZT.png,Total,25,8,0.12
total,Slope Change,-0.0055677520308,-0.249223,0.23062255,1.00050192501897,1164.44358408657,Restaurant,W8T41JZK0ZMEP,../../model_fits/finalized_redone_trunc_cp/t2_a5_customer_day/total/plots/W8T41JZK0ZMEP.png,Total,25,21,0.12
total,Slope Change,0.0434626099357633,-0.152332725,0.3702309,1.00269280559281,776.101702712714,Restaurant,W8T41JZK0ZMEP,../../model_fits/finalized_redone_trunc_cp/t2_a5_customer_day/total/plots/W8T41JZK0ZMEP.png,Total,25,22,0.12
total,Slope Change,-0.020926556432,-0.314580675,0.18894085,0.999997942584435,1093.46603274546,Restaurant,W8T41JZK0ZMEP,../../model_fits/finalized_redone_trunc_cp/t2_a5_customer_day/total/plots/W8T41JZK0ZMEP.png,Total,25,23,0.12
total,Slope Change,-0.00135258672378,-0.2653691,0.23840325,1.0014321737551,1060.14830838436,Restaurant,W8T41JZK0ZMEP,../../model_fits/finalized_redone_trunc_cp/t2_a5_customer_day/total/plots/W8T41JZK0ZMEP.png,Total,25,24,0.12
total,Slope Change,-0.00107330243383333,-0.24125305,0.223104675,1.00135256057013,1151.57942048792,Restaurant,W8T41JZK0ZMEP,../../model_fits/finalized_redone_trunc_cp/t2_a5_customer_day/total/plots/W8T41JZK0ZMEP.png,Total,25,25,0.12
total,Slope Change,0.186352812627667,-0.0181204625,0.391891925,1.00961069945202,121.450773310317,Restaurant,EMBVNVD207CC6,../../model_fits/finalized_redone_trunc_cp/t2_a5_customer_day/total/plots/EMBVNVD207CC6.png,Total,25,9,0.12
total,Slope Change,-0.00302202825253667,-0.1609525,0.123030425,1.00836473927669,734.017624332427,Restaurant,C0BE4NDSW26QN,../../model_fits/finalized_redone_trunc_cp/t2_a5_customer_day/total/plots/C0BE4NDSW26QN.png,Total,25,6,0.12
total,Slope Change,0.0523168245283333,-0.07611618,0.2350715,1.00183964676809,856.396126377913,Restaurant,C0BE4NDSW26QN,../../model_fits/finalized_redone_trunc_cp/t2_a5_customer_day/total/plots/C0BE4NDSW26QN.png,Total,25,7,0.12
total,Slope Change,-0.0232533814957867,-0.2604014,0.23459675,1.00138037730748,1096.15674949487,Restaurant,V3Q26BHF3SE2H,../../model_fits/finalized_redone_trunc_cp/t2_a5_customer_day/total/plots/V3Q26BHF3SE2H.png,Total,25,17,0.12
total,Slope Change,-0.0234405107592333,-0.246940875,0.220987975,1.00070329069376,868.645093676115,Restaurant,V3Q26BHF3SE2H,../../model_fits/finalized_redone_trunc_cp/t2_a5_customer_day/total/plots/V3Q26BHF3SE2H.png,Total,25,18,0.12
total,Slope Change,-0.0491388446111333,-0.3173725,0.149253125,1.00184108431134,924.321298208621,Restaurant,V3Q26BHF3SE2H,../../model_fits/finalized_redone_trunc_cp/t2_a5_customer_day/total/plots/V3Q26BHF3SE2H.png,Total,25,19,0.12
total,Slope Change,-0.0190394774462,-0.232626575,0.240463575,1.00068958982449,1070.0053890543,Restaurant,V3Q26BHF3SE2H,../../model_fits/finalized_redone_trunc_cp/t2_a5_customer_day/total/plots/V3Q26BHF3SE2H.png,Total,25,20,0.12
total,Slope Change,-0.0515676249489,-0.2509478,0.10276135,1.00652354546197,444.325302239228,Restaurant,LBZEEFSBJNB3Z,../../model_fits/finalized_redone_trunc_cp/t2_a5_customer_day/total/plots/LBZEEFSBJNB3Z.png,Total,25,11,0.12
total,Slope Change,0.0265164774854333,-0.225532875,0.287554825,1.00324214794773,697.460265540465,Restaurant,SAFK7ND1HR6XS,../../model_fits/finalized_redone_trunc_cp/t2_a5_customer_day/total/plots/SAFK7ND1HR6XS.png,Total,25,14,0.12
total,Slope Change,-0.0207373166959667,-0.143368775,0.090427625,1.00988722815458,459.162625346435,Restaurant,S8MT0YGD2KTN9,../../model_fits/finalized_redone_trunc_cp/t2_a5_customer_day/total/plots/S8MT0YGD2KTN9.png,Total,25,13,0.12
total,Slope Change,0.1856669801361,-0.0228409525,0.396360025,1.01327982036912,122.527176569305,Restaurant,1SQPTEGYPH0GA,../../model_fits/finalized_redone_trunc_cp/t2_a5_customer_day/total/plots/1SQPTEGYPH0GA.png,Total,25,1,0.12
total,Slope Change,0.0413640446791,-0.176831975,0.283357625,1.00081587415707,920.332092313026,Restaurant,9XKJD8DQTH559,../../model_fits/finalized_redone_trunc_cp/t2_a5_customer_day/total/plots/9XKJD8DQTH559.png,Total,25,4,0.12
total,Slope Change,0.0379500146886667,-0.1739002,0.24340935,1.00423782475808,1108.57227752283,Restaurant,9XKJD8DQTH559,../../model_fits/finalized_redone_trunc_cp/t2_a5_customer_day/total/plots/9XKJD8DQTH559.png,Total,25,5,0.12
total,Slope Change,0.0139298799467333,-0.253475825,0.2901908,1.00709423049099,664.937909630169,Restaurant,LQ5EH4BKGV61T,../../model_fits/finalized_redone_trunc_cp/t2_a5_customer_day/total/plots/LQ5EH4BKGV61T.png,Total,25,12,0.12
total,Slope Change,-0.00742028708996667,-0.085182265,0.0731989325,1.00340921096383,812.87247075458,Restaurant,78AY09MVJVTYE,../../model_fits/finalized_redone_trunc_cp/t2_a5_customer_day/total/plots/78AY09MVJVTYE.png,Total,25,3,0.12
total,Gender x Level,0.0995403592209667,-0.050306495,0.267391825,1.00212924283947,1090.74355699969,Restaurant,SRQS8F7JWA9MZ,../../model_fits/finalized_redone_trunc_cp/t2_a5_customer_day/total/plots/SRQS8F7JWA9MZ.png,Total,25,15,0.12
total,Level Change,-0.085315049177,-0.253063425,0.0673934225,1.00031904156682,1562.36728748746,Restaurant,SRQS8F7JWA9MZ_1_genderfemale,../../model_fits/finalized_redone_trunc_cp/t2_a5_customer_day/total/plots/SRQS8F7JWA9MZ_1_genderfemale.png,Total,50,31,0.12
total,Gender x Level,-0.131453868307333,-0.311731175,0.0216449825,1.00178575271046,1119.09322725337,Restaurant,SRQS8F7JWA9MZ,../../model_fits/finalized_redone_trunc_cp/t2_a5_customer_day/total/plots/SRQS8F7JWA9MZ.png,Total,25,16,0.12
total,Level Change,0.04029898982635,-0.118960275,0.2130602,1.00014773058987,1562.35521358903,Restaurant,SRQS8F7JWA9MZ_2_genderfemale,../../model_fits/finalized_redone_trunc_cp/t2_a5_customer_day/total/plots/SRQS8F7JWA9MZ_2_genderfemale.png,Total,50,32,0.12
total,Gender x Level,0.00494042942285,-0.14530365,0.16532615,1.00152470987907,828.962206546258,Restaurant,2HRX9P6HKXA8V,../../model_fits/finalized_redone_trunc_cp/t2_a5_customer_day/total/plots/2HRX9P6HKXA8V.png,Total,25,2,0.12
total,Level Change,-0.22829076011,-0.4094986,-0.0502013025,1.00122661800437,1182.49565946785,Restaurant,2HRX9P6HKXA8V_1_genderfemale,../../model_fits/finalized_redone_trunc_cp/t2_a5_customer_day/total/plots/2HRX9P6HKXA8V_1_genderfemale.png,Total,50,4,0.12
total,Gender x Level,0.164511811479167,-0.02299673,0.3699355,1.01194197381986,428.626715687171,Restaurant,L69HYJ4Y3TR91,../../model_fits/finalized_redone_trunc_cp/t2_a5_customer_day/total/plots/L69HYJ4Y3TR91.png,Total,25,10,0.12
total,Level Change,-0.0325755693641,-0.209687675,0.1478216,1.00442549743948,939.734216976167,Restaurant,L69HYJ4Y3TR91_1_genderfemale,../../model_fits/finalized_redone_trunc_cp/t2_a5_customer_day/total/plots/L69HYJ4Y3TR91_1_genderfemale.png,Total,50,20,0.12
total,Gender x Level,-0.0268340763579333,-0.0690421,0.016732895,1.00110862814017,2119.98307380682,Restaurant,ED5J990H5VAZT,../../model_fits/finalized_redone_trunc_cp/t2_a5_customer_day/total/plots/ED5J990H5VAZT.png,Total,25,8,0.12
total,Level Change,0.0260741268331667,-0.0151985675,0.0686783275,1.00057332821143,2487.99073801211,Restaurant,ED5J990H5VAZT_1_genderfemale,../../model_fits/finalized_redone_trunc_cp/t2_a5_customer_day/total/plots/ED5J990H5VAZT_1_genderfemale.png,Total,50,16,0.12
total,Gender x Level,-0.243031368087333,-0.67759425,0.0352392725,1.00208238788633,427.634333460904,Restaurant,W8T41JZK0ZMEP,../../model_fits/finalized_redone_trunc_cp/t2_a5_customer_day/total/plots/W8T41JZK0ZMEP.png,Total,25,21,0.12
total,Level Change,-0.0449369073976333,-0.312686025,0.231007125,1.0003708127792,1557.97780047403,Restaurant,W8T41JZK0ZMEP_1_genderfemale,../../model_fits/finalized_redone_trunc_cp/t2_a5_customer_day/total/plots/W8T41JZK0ZMEP_1_genderfemale.png,Total,50,46,0.12
total,Gender x Level,-0.299222166013333,-0.540579575,-0.0771814525,1.00022878872057,763.30372850196,Restaurant,W8T41JZK0ZMEP,../../model_fits/finalized_redone_trunc_cp/t2_a5_customer_day/total/plots/W8T41JZK0ZMEP.png,Total,25,22,0.12
total,Level Change,0.0334606363907333,-0.171247675,0.247944375,1.00064513735137,834.083718953691,Restaurant,W8T41JZK0ZMEP_2_genderfemale,../../model_fits/finalized_redone_trunc_cp/t2_a5_customer_day/total/plots/W8T41JZK0ZMEP_2_genderfemale.png,Total,50,47,0.12
total,Gender x Level,0.101125399311567,-0.139465725,0.380671275,1.00171268516639,937.642434906699,Restaurant,W8T41JZK0ZMEP,../../model_fits/finalized_redone_trunc_cp/t2_a5_customer_day/total/plots/W8T41JZK0ZMEP.png,Total,25,23,0.12
total,Level Change,0.0606978530163333,-0.168721525,0.32249425,1.00056428287533,1230.28043943082,Restaurant,W8T41JZK0ZMEP_3_genderfemale,../../model_fits/finalized_redone_trunc_cp/t2_a5_customer_day/total/plots/W8T41JZK0ZMEP_3_genderfemale.png,Total,50,48,0.12
total,Gender x Level,-0.130072325098167,-0.393202925,0.10535525,0.999474888502362,1094.23057130909,Restaurant,W8T41JZK0ZMEP,../../model_fits/finalized_redone_trunc_cp/t2_a5_customer_day/total/plots/W8T41JZK0ZMEP.png,Total,25,24,0.12
total,Level Change,-0.0965679774022333,-0.37200555,0.16092955,0.99994975997808,933.403063042117,Restaurant,W8T41JZK0ZMEP_4_genderfemale,../../model_fits/finalized_redone_trunc_cp/t2_a5_customer_day/total/plots/W8T41JZK0ZMEP_4_genderfemale.png,Total,50,49,0.12
total,Gender x Level,0.258718567983,-0.0735161475,0.7329271,1.00368504246039,379.934348929641,Restaurant,W8T41JZK0ZMEP,../../model_fits/finalized_redone_trunc_cp/t2_a5_customer_day/total/plots/W8T41JZK0ZMEP.png,Total,25,25,0.12
total,Level Change,-0.1301367993867,-0.447722575,0.13902945,1.0018032930144,1269.7067145306,Restaurant,W8T41JZK0ZMEP_5_genderfemale,../../model_fits/finalized_redone_trunc_cp/t2_a5_customer_day/total/plots/W8T41JZK0ZMEP_5_genderfemale.png,Total,50,50,0.12
total,Gender x Level,0.0271511559823333,-0.126455625,0.181026025,1.00875529449907,696.984342246212,Restaurant,EMBVNVD207CC6,../../model_fits/finalized_redone_trunc_cp/t2_a5_customer_day/total/plots/EMBVNVD207CC6.png,Total,25,9,0.12
total,Level Change,-0.0245204986106667,-0.2717731,0.21958005,1.00364938112541,998.745574885287,Restaurant,EMBVNVD207CC6_1_genderfemale,../../model_fits/finalized_redone_trunc_cp/t2_a5_customer_day/total/plots/EMBVNVD207CC6_1_genderfemale.png,Total,50,18,0.12
total,Gender x Level,0.0378092393853333,-0.3040255,0.392188075,1.00299837972655,918.728236680564,Restaurant,C0BE4NDSW26QN,../../model_fits/finalized_redone_trunc_cp/t2_a5_customer_day/total/plots/C0BE4NDSW26QN.png,Total,25,6,0.12
total,Level Change,0.0920905106078333,-0.426556275,0.65908805,1.00167828992367,901.193648540351,Restaurant,C0BE4NDSW26QN_1_genderfemale,../../model_fits/finalized_redone_trunc_cp/t2_a5_customer_day/total/plots/C0BE4NDSW26QN_1_genderfemale.png,Total,50,13,0.12
total,Gender x Level,0.0325516820733333,-0.32132095,0.373759375,1.0038853581969,913.688814569544,Restaurant,C0BE4NDSW26QN,../../model_fits/finalized_redone_trunc_cp/t2_a5_customer_day/total/plots/C0BE4NDSW26QN.png,Total,25,7,0.12
total,Level Change,0.0854294537689,-0.470416075,0.6026622,1.00053940802101,847.927953240908,Restaurant,C0BE4NDSW26QN_2_genderfemale,../../model_fits/finalized_redone_trunc_cp/t2_a5_customer_day/total/plots/C0BE4NDSW26QN_2_genderfemale.png,Total,50,14,0.12
total,Gender x Level,-0.0487297163844,-0.316932925,0.21296735,1.00289276586523,980.102232487195,Restaurant,V3Q26BHF3SE2H,../../model_fits/finalized_redone_trunc_cp/t2_a5_customer_day/total/plots/V3Q26BHF3SE2H.png,Total,25,17,0.12
total,Level Change,-0.206608208670667,-0.558533625,0.0642461275,1.00223107253534,679.192475779923,Restaurant,V3Q26BHF3SE2H_1_genderfemale,../../model_fits/finalized_redone_trunc_cp/t2_a5_customer_day/total/plots/V3Q26BHF3SE2H_1_genderfemale.png,Total,50,37,0.12
total,Gender x Level,0.0182924614826,-0.212563725,0.253977325,1.00415155405221,916.954522265917,Restaurant,V3Q26BHF3SE2H,../../model_fits/finalized_redone_trunc_cp/t2_a5_customer_day/total/plots/V3Q26BHF3SE2H.png,Total,25,18,0.12
total,Level Change,0.0401475127399433,-0.200261475,0.337525,0.999978066901658,934.500111322038,Restaurant,V3Q26BHF3SE2H_2_genderfemale,../../model_fits/finalized_redone_trunc_cp/t2_a5_customer_day/total/plots/V3Q26BHF3SE2H_2_genderfemale.png,Total,50,38,0.12
total,Gender x Level,0.0111106079372667,-0.156940125,0.179282375,1.00036346756032,1309.46580339339,Restaurant,V3Q26BHF3SE2H,../../model_fits/finalized_redone_trunc_cp/t2_a5_customer_day/total/plots/V3Q26BHF3SE2H.png,Total,25,19,0.12
total,Level Change,0.10086072798996,-0.0677874875,0.273966025,1.00021494487488,1362.78373199699,Restaurant,V3Q26BHF3SE2H_3_genderfemale,../../model_fits/finalized_redone_trunc_cp/t2_a5_customer_day/total/plots/V3Q26BHF3SE2H_3_genderfemale.png,Total,50,39,0.12
total,Gender x Level,0.00861078659873333,-0.17650045,0.209974025,0.999929185620272,1135.23209502313,Restaurant,V3Q26BHF3SE2H,../../model_fits/finalized_redone_trunc_cp/t2_a5_customer_day/total/plots/V3Q26BHF3SE2H.png,Total,25,20,0.12
total,Level Change,0.1496016302911,-0.0486382225,0.3709879,1.00326367770315,1137.58542007424,Restaurant,V3Q26BHF3SE2H_4_genderfemale,../../model_fits/finalized_redone_trunc_cp/t2_a5_customer_day/total/plots/V3Q26BHF3SE2H_4_genderfemale.png,Total,50,40,0.12
total,Gender x Level,-0.121788614875333,-0.28100345,0.012876715,1.00465568057693,763.085639526985,Restaurant,LBZEEFSBJNB3Z,../../model_fits/finalized_redone_trunc_cp/t2_a5_customer_day/total/plots/LBZEEFSBJNB3Z.png,Total,25,11,0.12
total,Level Change,0.085099671487,-0.0371818375,0.215490275,1.00016484144799,1526.99441873713,Restaurant,LBZEEFSBJNB3Z_1_genderfemale,../../model_fits/finalized_redone_trunc_cp/t2_a5_customer_day/total/plots/LBZEEFSBJNB3Z_1_genderfemale.png,Total,50,22,0.12
total,Gender x Level,0.0206895429922,-0.1205071,0.179987175,1.00208960223775,1102.76844358804,Restaurant,SAFK7ND1HR6XS,../../model_fits/finalized_redone_trunc_cp/t2_a5_customer_day/total/plots/SAFK7ND1HR6XS.png,Total,25,14,0.12
total,Level Change,0.00268231971943333,-0.188521375,0.193353025,1.00190499534303,1195.02430606652,Restaurant,SAFK7ND1HR6XS_1_genderfemale,../../model_fits/finalized_redone_trunc_cp/t2_a5_customer_day/total/plots/SAFK7ND1HR6XS_1_genderfemale.png,Total,50,28,0.12
total,Gender x Level,-0.0419417080579333,-0.20571835,0.1110861,1.00407227831429,864.555101818066,Restaurant,S8MT0YGD2KTN9,../../model_fits/finalized_redone_trunc_cp/t2_a5_customer_day/total/plots/S8MT0YGD2KTN9.png,Total,25,13,0.12
total,Level Change,-0.0714396495588,-0.284196325,0.131627025,1.00619546609292,1146.61123951062,Restaurant,S8MT0YGD2KTN9_1_genderfemale,../../model_fits/finalized_redone_trunc_cp/t2_a5_customer_day/total/plots/S8MT0YGD2KTN9_1_genderfemale.png,Total,50,26,0.12
total,Gender x Level,0.0646105038729667,-0.10843155,0.283410625,1.0054381004742,570.145057048744,Restaurant,1SQPTEGYPH0GA,../../model_fits/finalized_redone_trunc_cp/t2_a5_customer_day/total/plots/1SQPTEGYPH0GA.png,Total,25,1,0.12
total,Level Change,-0.48853083236,-0.784114,-0.184623725,1.00216726138901,505.579313638345,Restaurant,1SQPTEGYPH0GA_1_genderfemale,../../model_fits/finalized_redone_trunc_cp/t2_a5_customer_day/total/plots/1SQPTEGYPH0GA_1_genderfemale.png,Total,50,2,0.12
total,Gender x Level,0.190230276635,-0.118772575,0.5114987,1.00542226474049,847.741926781075,Restaurant,9XKJD8DQTH559,../../model_fits/finalized_redone_trunc_cp/t2_a5_customer_day/total/plots/9XKJD8DQTH559.png,Total,25,4,0.12
total,Level Change,-0.483498957592333,-1.35381175,0.11844065,1.0025392139238,315.734400537808,Restaurant,9XKJD8DQTH559_1_genderfemale,../../model_fits/finalized_redone_trunc_cp/t2_a5_customer_day/total/plots/9XKJD8DQTH559_1_genderfemale.png,Total,50,9,0.12
total,Gender x Level,0.176035654369,-0.118827725,0.480877925,1.00222485739861,884.536112381302,Restaurant,9XKJD8DQTH559,../../model_fits/finalized_redone_trunc_cp/t2_a5_customer_day/total/plots/9XKJD8DQTH559.png,Total,25,5,0.12
total,Level Change,0.566226665785533,0.00601241775,1.3508865,1.00315753654696,304.932938372745,Restaurant,9XKJD8DQTH559_2_genderfemale,../../model_fits/finalized_redone_trunc_cp/t2_a5_customer_day/total/plots/9XKJD8DQTH559_2_genderfemale.png,Total,50,10,0.12
total,Gender x Level,-0.00560609389893333,-0.286217175,0.27450555,1.00185793013079,906.856843165375,Restaurant,LQ5EH4BKGV61T,../../model_fits/finalized_redone_trunc_cp/t2_a5_customer_day/total/plots/LQ5EH4BKGV61T.png,Total,25,12,0.12
total,Level Change,-0.0424577986905,-0.545598425,0.4248464,1.0019558241195201,850.949570970814,Restaurant,LQ5EH4BKGV61T_1_genderfemale,../../model_fits/finalized_redone_trunc_cp/t2_a5_customer_day/total/plots/LQ5EH4BKGV61T_1_genderfemale.png,Total,50,24,0.12
total,Gender x Level,-0.1311781208006,-0.3453271,0.0371646925000001,1.00454460471322,545.682700014661,Restaurant,78AY09MVJVTYE,../../model_fits/finalized_redone_trunc_cp/t2_a5_customer_day/total/plots/78AY09MVJVTYE.png,Total,25,3,0.12
total,Level Change,0.254607414395667,0.0060253895,0.50921915,1.0022044834974,1088.76617955823,Restaurant,78AY09MVJVTYE_1_genderfemale,../../model_fits/finalized_redone_trunc_cp/t2_a5_customer_day/total/plots/78AY09MVJVTYE_1_genderfemale.png,Total,50,6,0.12
nonvegan,Level Change,0.0173902145232149,-0.103121857,0.131512874,1.06855765480995,447.222194202176,Restaurant,SRQS8F7JWA9MZ,../../model_fits/finalized_redone_trunc_cp/t2_a5_customer_day/nonvegan/plots/SRQS8F7JWA9MZ.png,Animal,50,29,0.12
nonvegan,Level Change,-0.022059635882076,-0.16030173975,0.07944418095,1.20639172807955,10.55561467043,Restaurant,SRQS8F7JWA9MZ,../../model_fits/finalized_redone_trunc_cp/t2_a5_customer_day/nonvegan/plots/SRQS8F7JWA9MZ.png,Animal,50,30,0.12
nonvegan,Level Change,-0.0248349324170697,-0.1432082825,0.09832936775,1.03756697377994,78.5405967860483,Restaurant,2HRX9P6HKXA8V,../../model_fits/finalized_redone_trunc_cp/t2_a5_customer_day/nonvegan/plots/2HRX9P6HKXA8V.png,Animal,50,3,0.12
nonvegan,Level Change,0.0458799211388832,-0.0854588584,0.174282565,1.18047289513664,11.7324290481768,Restaurant,L69HYJ4Y3TR91,../../model_fits/finalized_redone_trunc_cp/t2_a5_customer_day/nonvegan/plots/L69HYJ4Y3TR91.png,Animal,50,19,0.12
nonvegan,Level Change,-0.0259986831219902,-0.0796992978,0.0316708741,1.04656855840556,50.886178160784,Restaurant,ED5J990H5VAZT,../../model_fits/finalized_redone_trunc_cp/t2_a5_customer_day/nonvegan/plots/ED5J990H5VAZT.png,Animal,50,15,0.12
nonvegan,Level Change,0.0803681504549997,-0.068462188475,0.238658095,1.0985137028264,22.0986021046436,Restaurant,W8T41JZK0ZMEP,../../model_fits/finalized_redone_trunc_cp/t2_a5_customer_day/nonvegan/plots/W8T41JZK0ZMEP.png,Animal,50,41,0.12
nonvegan,Level Change,-0.108154281289843,-0.28454063175,0.027135072375,1.18470574700486,563.947258379645,Restaurant,W8T41JZK0ZMEP,../../model_fits/finalized_redone_trunc_cp/t2_a5_customer_day/nonvegan/plots/W8T41JZK0ZMEP.png,Animal,50,42,0.12
nonvegan,Level Change,0.13622554287444,-0.02422856945,0.287541417,1.20297652376773,10.6722157898972,Restaurant,W8T41JZK0ZMEP,../../model_fits/finalized_redone_trunc_cp/t2_a5_customer_day/nonvegan/plots/W8T41JZK0ZMEP.png,Animal,50,43,0.12
nonvegan,Level Change,0.0227862242423147,-0.093608372025,0.16711741375,1.03531544430684,96.9030903650341,Restaurant,W8T41JZK0ZMEP,../../model_fits/finalized_redone_trunc_cp/t2_a5_customer_day/nonvegan/plots/W8T41JZK0ZMEP.png,Animal,50,44,0.12
nonvegan,Level Change,-0.0194015206841657,-0.1886189495,0.14652042125,1.08367818237863,29.9236795119423,Restaurant,W8T41JZK0ZMEP,../../model_fits/finalized_redone_trunc_cp/t2_a5_customer_day/nonvegan/plots/W8T41JZK0ZMEP.png,Animal,50,45,0.12
nonvegan,Level Change,0.0734026414631789,-0.083943028625,0.27959365425,1.20031004678013,10.7270277209125,Restaurant,EMBVNVD207CC6,../../model_fits/finalized_redone_trunc_cp/t2_a5_customer_day/nonvegan/plots/EMBVNVD207CC6.png,Animal,50,17,0.12
nonvegan,Level Change,-0.0963662958157497,-0.322026775,0.14259040025,1.2564344999708,9.02606301168601,Restaurant,C0BE4NDSW26QN,../../model_fits/finalized_redone_trunc_cp/t2_a5_customer_day/nonvegan/plots/C0BE4NDSW26QN.png,Animal,50,11,0.12
nonvegan,Level Change,-0.0401553756672623,-0.26790307625,0.1211768635,1.17307906592058,11.8597416994606,Restaurant,C0BE4NDSW26QN,../../model_fits/finalized_redone_trunc_cp/t2_a5_customer_day/nonvegan/plots/C0BE4NDSW26QN.png,Animal,50,12,0.12
nonvegan,Level Change,-0.0665581075860433,-0.24215572525,0.082619648675,1.24979953918846,713.934296258215,Restaurant,V3Q26BHF3SE2H,../../model_fits/finalized_redone_trunc_cp/t2_a5_customer_day/nonvegan/plots/V3Q26BHF3SE2H.png,Animal,50,33,0.12
nonvegan,Level Change,-0.0561173371298567,-0.2195857705,0.089011335,1.03248172479633,336.643620847018,Restaurant,V3Q26BHF3SE2H,../../model_fits/finalized_redone_trunc_cp/t2_a5_customer_day/nonvegan/plots/V3Q26BHF3SE2H.png,Animal,50,34,0.12
nonvegan,Level Change,0.0820774659400813,-0.054707626425,0.24677395425,1.21214979542487,532.866255177718,Restaurant,V3Q26BHF3SE2H,../../model_fits/finalized_redone_trunc_cp/t2_a5_customer_day/nonvegan/plots/V3Q26BHF3SE2H.png,Animal,50,35,0.12
nonvegan,Level Change,3.2444939504e-4,-0.14067824225,0.12554318625,1.06693239576752,34.3998619763363,Restaurant,V3Q26BHF3SE2H,../../model_fits/finalized_redone_trunc_cp/t2_a5_customer_day/nonvegan/plots/V3Q26BHF3SE2H.png,Animal,50,36,0.12
nonvegan,Level Change,-0.0471627402943353,-0.19915495325,0.066922200475,1.13755818202282,502.514769162427,Restaurant,LBZEEFSBJNB3Z,../../model_fits/finalized_redone_trunc_cp/t2_a5_customer_day/nonvegan/plots/LBZEEFSBJNB3Z.png,Animal,50,21,0.12
nonvegan,Level Change,0.0103014110844964,-0.085640704,0.16501375825,1.08737064463492,25.0180872038634,Restaurant,SAFK7ND1HR6XS,../../model_fits/finalized_redone_trunc_cp/t2_a5_customer_day/nonvegan/plots/SAFK7ND1HR6XS.png,Animal,50,27,0.12
nonvegan,Level Change,-0.07866116691943,-0.276159512,0.0474892787500001,1.04765514978692,70.6648884224883,Restaurant,S8MT0YGD2KTN9,../../model_fits/finalized_redone_trunc_cp/t2_a5_customer_day/nonvegan/plots/S8MT0YGD2KTN9.png,Animal,50,25,0.12
nonvegan,Level Change,0.099502368348449,-0.056307402300000003,0.3686475385,1.07100414538858,33.4167944347014,Restaurant,1SQPTEGYPH0GA,../../model_fits/finalized_redone_trunc_cp/t2_a5_customer_day/nonvegan/plots/1SQPTEGYPH0GA.png,Animal,50,1,0.12
nonvegan,Level Change,-0.019768301891457,-0.23490515375,0.2032258245,1.03387149049374,109.508199084674,Restaurant,9XKJD8DQTH559,../../model_fits/finalized_redone_trunc_cp/t2_a5_customer_day/nonvegan/plots/9XKJD8DQTH559.png,Animal,50,7,0.12
nonvegan,Level Change,0.112856864704807,-0.085335543425,0.40358075575,1.07284218477509,467.531177378587,Restaurant,9XKJD8DQTH559,../../model_fits/finalized_redone_trunc_cp/t2_a5_customer_day/nonvegan/plots/9XKJD8DQTH559.png,Animal,50,8,0.12
nonvegan,Level Change,-0.0445076240196353,-0.25285578525,0.18389481275,1.182899458522,11.5453451585826,Restaurant,LQ5EH4BKGV61T,../../model_fits/finalized_redone_trunc_cp/t2_a5_customer_day/nonvegan/plots/LQ5EH4BKGV61T.png,Animal,50,23,0.12
nonvegan,Level Change,0.107528511144652,-0.067826789775,0.41355991225,1.33375700346238,7.27917595933585,Restaurant,78AY09MVJVTYE,../../model_fits/finalized_redone_trunc_cp/t2_a5_customer_day/nonvegan/plots/78AY09MVJVTYE.png,Animal,50,5,0.12
nonvegan,Slope Change,-0.0745948393253748,-0.269363617,0.12087494225,1.06139954752775,39.1849773271388,Restaurant,SRQS8F7JWA9MZ,../../model_fits/finalized_redone_trunc_cp/t2_a5_customer_day/nonvegan/plots/SRQS8F7JWA9MZ.png,Animal,25,15,0.12
nonvegan,Slope Change,-0.0507368136759967,-0.23275216,0.15266998075,1.03244322466563,343.298025556208,Restaurant,SRQS8F7JWA9MZ,../../model_fits/finalized_redone_trunc_cp/t2_a5_customer_day/nonvegan/plots/SRQS8F7JWA9MZ.png,Animal,25,16,0.12
nonvegan,Slope Change,0.0237310980436899,-0.0510867409,0.096698626925,1.1703828298009,596.148904679892,Restaurant,2HRX9P6HKXA8V,../../model_fits/finalized_redone_trunc_cp/t2_a5_customer_day/nonvegan/plots/2HRX9P6HKXA8V.png,Animal,25,2,0.12
nonvegan,Slope Change,0.00472849502148667,-0.21594325075,0.20658770975,1.15659691456371,546.046817524747,Restaurant,L69HYJ4Y3TR91,../../model_fits/finalized_redone_trunc_cp/t2_a5_customer_day/nonvegan/plots/L69HYJ4Y3TR91.png,Animal,25,10,0.12
nonvegan,Slope Change,0.002006347975315,-0.078850831225,0.084771232875,1.02771501512088,298.581802048113,Restaurant,ED5J990H5VAZT,../../model_fits/finalized_redone_trunc_cp/t2_a5_customer_day/nonvegan/plots/ED5J990H5VAZT.png,Animal,25,8,0.12
nonvegan,Slope Change,-0.0116168417986057,-0.3349609145,0.17553090775,1.17812669838491,12.6028798807728,Restaurant,W8T41JZK0ZMEP,../../model_fits/finalized_redone_trunc_cp/t2_a5_customer_day/nonvegan/plots/W8T41JZK0ZMEP.png,Animal,25,21,0.12
nonvegan,Slope Change,-0.0113842373819293,-0.20214798275,0.2734583915,1.15754781454381,13.2657617520448,Restaurant,W8T41JZK0ZMEP,../../model_fits/finalized_redone_trunc_cp/t2_a5_customer_day/nonvegan/plots/W8T41JZK0ZMEP.png,Animal,25,22,0.12
nonvegan,Slope Change,0.00446607609493167,-0.2566465845,0.21187886675,1.1569617062192,13.6673324078337,Restaurant,W8T41JZK0ZMEP,../../model_fits/finalized_redone_trunc_cp/t2_a5_customer_day/nonvegan/plots/W8T41JZK0ZMEP.png,Animal,25,23,0.12
nonvegan,Slope Change,0.0113706727987517,-0.1728047975,0.3096109885,1.03572679201842,87.3168887823828,Restaurant,W8T41JZK0ZMEP,../../model_fits/finalized_redone_trunc_cp/t2_a5_customer_day/nonvegan/plots/W8T41JZK0ZMEP.png,Animal,25,24,0.12
nonvegan,Slope Change,-0.0527463689560168,-0.315897416,0.17953652375,1.11691541517612,18.6453944543504,Restaurant,W8T41JZK0ZMEP,../../model_fits/finalized_redone_trunc_cp/t2_a5_customer_day/nonvegan/plots/W8T41JZK0ZMEP.png,Animal,25,25,0.12
nonvegan,Slope Change,0.0516489031415313,-0.055736190225,0.24980875625,1.20643925073248,10.5140810301492,Restaurant,EMBVNVD207CC6,../../model_fits/finalized_redone_trunc_cp/t2_a5_customer_day/nonvegan/plots/EMBVNVD207CC6.png,Animal,25,9,0.12
nonvegan,Slope Change,0.0149512797146167,-0.17026366925,0.1484156845,1.1063024585406,152.354292615386,Restaurant,C0BE4NDSW26QN,../../model_fits/finalized_redone_trunc_cp/t2_a5_customer_day/nonvegan/plots/C0BE4NDSW26QN.png,Animal,25,6,0.12
nonvegan,Slope Change,0.0482393288316873,-0.085360273625,0.24866903075,1.03670812050688,220.398151209284,Restaurant,C0BE4NDSW26QN,../../model_fits/finalized_redone_trunc_cp/t2_a5_customer_day/nonvegan/plots/C0BE4NDSW26QN.png,Animal,25,7,0.12
nonvegan,Slope Change,0.002195287465365,-0.22212545,0.2323038905,1.03519153716622,111.636941583124,Restaurant,V3Q26BHF3SE2H,../../model_fits/finalized_redone_trunc_cp/t2_a5_customer_day/nonvegan/plots/V3Q26BHF3SE2H.png,Animal,25,17,0.12
nonvegan,Slope Change,-0.00512786480885533,-0.1893655585,0.2470469025,1.0695362115216,31.7449938596746,Restaurant,V3Q26BHF3SE2H,../../model_fits/finalized_redone_trunc_cp/t2_a5_customer_day/nonvegan/plots/V3Q26BHF3SE2H.png,Animal,25,18,0.12
nonvegan,Slope Change,-0.081365667624858,-0.435481256,0.097876016325,1.03059569527791,163.906119434198,Restaurant,V3Q26BHF3SE2H,../../model_fits/finalized_redone_trunc_cp/t2_a5_customer_day/nonvegan/plots/V3Q26BHF3SE2H.png,Animal,25,19,0.12
nonvegan,Slope Change,0.0181146728669897,-0.19929709575,0.306240398,1.0733324618204,35.3560582506076,Restaurant,V3Q26BHF3SE2H,../../model_fits/finalized_redone_trunc_cp/t2_a5_customer_day/nonvegan/plots/V3Q26BHF3SE2H.png,Animal,25,20,0.12
nonvegan,Slope Change,-0.0908131905648335,-0.34920337375,0.059228377825,1.07675712162863,219.145770621397,Restaurant,LBZEEFSBJNB3Z,../../model_fits/finalized_redone_trunc_cp/t2_a5_customer_day/nonvegan/plots/LBZEEFSBJNB3Z.png,Animal,25,11,0.12
nonvegan,Slope Change,0.0123885269109313,-0.1946796525,0.22438700925,1.02935620517766,182.180708527646,Restaurant,SAFK7ND1HR6XS,../../model_fits/finalized_redone_trunc_cp/t2_a5_customer_day/nonvegan/plots/SAFK7ND1HR6XS.png,Animal,25,14,0.12
nonvegan,Slope Change,0.0223170715850119,-0.079423676025,0.14339142575,1.04200264770536,198.998113258496,Restaurant,S8MT0YGD2KTN9,../../model_fits/finalized_redone_trunc_cp/t2_a5_customer_day/nonvegan/plots/S8MT0YGD2KTN9.png,Animal,25,13,0.12
nonvegan,Slope Change,0.111935670368911,-0.019098941825,0.3290367,1.10081667526916,23.8490210800196,Restaurant,1SQPTEGYPH0GA,../../model_fits/finalized_redone_trunc_cp/t2_a5_customer_day/nonvegan/plots/1SQPTEGYPH0GA.png,Animal,25,1,0.12
nonvegan,Slope Change,0.0668176249470267,-0.11806116125,0.3102088385,1.02945645939797,132.966344451893,Restaurant,9XKJD8DQTH559,../../model_fits/finalized_redone_trunc_cp/t2_a5_customer_day/nonvegan/plots/9XKJD8DQTH559.png,Animal,25,4,0.12
nonvegan,Slope Change,0.0818473399283387,-0.12834434525,0.33073465125,1.11136341541026,488.42518679833597,Restaurant,9XKJD8DQTH559,../../model_fits/finalized_redone_trunc_cp/t2_a5_customer_day/nonvegan/plots/9XKJD8DQTH559.png,Animal,25,5,0.12
nonvegan,Slope Change,0.00311746539622433,-0.2175783295,0.20739915975,1.14098677692559,801.037537660283,Restaurant,LQ5EH4BKGV61T,../../model_fits/finalized_redone_trunc_cp/t2_a5_customer_day/nonvegan/plots/LQ5EH4BKGV61T.png,Animal,25,12,0.12
nonvegan,Slope Change,0.0186940823452883,-0.044372663925,0.10513623,1.16414473538321,12.4607682793061,Restaurant,78AY09MVJVTYE,../../model_fits/finalized_redone_trunc_cp/t2_a5_customer_day/nonvegan/plots/78AY09MVJVTYE.png,Animal,25,3,0.12
nonvegan,Gender x Level,0.0622823654105883,-0.037956108775,0.21158875275,1.0400411051901,77.8527897722924,Restaurant,SRQS8F7JWA9MZ,../../model_fits/finalized_redone_trunc_cp/t2_a5_customer_day/nonvegan/plots/SRQS8F7JWA9MZ.png,Animal,25,15,0.12
nonvegan,Level Change,-0.0132285275016277,-0.16757514325,0.131957594,1.07611425039129,716.651952224132,Restaurant,SRQS8F7JWA9MZ_1_genderfemale,../../model_fits/finalized_redone_trunc_cp/t2_a5_customer_day/nonvegan/plots/SRQS8F7JWA9MZ_1_genderfemale.png,Animal,50,31,0.12
nonvegan,Gender x Level,-0.0328611228963541,-0.179820179,0.0738045164500001,1.20109065883216,759.961204221929,Restaurant,SRQS8F7JWA9MZ,../../model_fits/finalized_redone_trunc_cp/t2_a5_customer_day/nonvegan/plots/SRQS8F7JWA9MZ.png,Animal,25,16,0.12
nonvegan,Level Change,-0.0279055666195159,-0.18357300925,0.133612561,1.16439809733875,936.166544244851,Restaurant,SRQS8F7JWA9MZ_2_genderfemale,../../model_fits/finalized_redone_trunc_cp/t2_a5_customer_day/nonvegan/plots/SRQS8F7JWA9MZ_2_genderfemale.png,Animal,50,32,0.12
nonvegan,Gender x Level,0.00276814652698967,-0.141044509,0.147121877,1.26645335814238,596.412047551988,Restaurant,2HRX9P6HKXA8V,../../model_fits/finalized_redone_trunc_cp/t2_a5_customer_day/nonvegan/plots/2HRX9P6HKXA8V.png,Animal,25,2,0.12
nonvegan,Level Change,-0.16596471422671,-0.368475755,-0.00696475333499999,1.16465433435529,499.60737109533,Restaurant,2HRX9P6HKXA8V_1_genderfemale,../../model_fits/finalized_redone_trunc_cp/t2_a5_customer_day/nonvegan/plots/2HRX9P6HKXA8V_1_genderfemale.png,Animal,50,4,0.12
nonvegan,Gender x Level,0.2805803280286,0.10234933675,0.4242268175,1.09985640736192,23.6659632345015,Restaurant,L69HYJ4Y3TR91,../../model_fits/finalized_redone_trunc_cp/t2_a5_customer_day/nonvegan/plots/L69HYJ4Y3TR91.png,Animal,25,10,0.12
nonvegan,Level Change,-0.0047112134846589,-0.16059265525,0.128046461,1.06228138930484,35.3270196028238,Restaurant,L69HYJ4Y3TR91_1_genderfemale,../../model_fits/finalized_redone_trunc_cp/t2_a5_customer_day/nonvegan/plots/L69HYJ4Y3TR91_1_genderfemale.png,Animal,50,20,0.12
nonvegan,Gender x Level,-0.0117134252571395,-0.054740666925,0.03170074835,1.17817408324024,1750.74035309155,Restaurant,ED5J990H5VAZT,../../model_fits/finalized_redone_trunc_cp/t2_a5_customer_day/nonvegan/plots/ED5J990H5VAZT.png,Animal,25,8,0.12
nonvegan,Level Change,0.0291799881063133,-0.013721657725,0.0728230333,1.04958146438065,222.645476950537,Restaurant,ED5J990H5VAZT_1_genderfemale,../../model_fits/finalized_redone_trunc_cp/t2_a5_customer_day/nonvegan/plots/ED5J990H5VAZT_1_genderfemale.png,Animal,50,16,0.12
nonvegan,Gender x Level,-0.082983756967653,-0.2490092575,0.091353232775,1.16163978097752,12.801668092933,Restaurant,W8T41JZK0ZMEP,../../model_fits/finalized_redone_trunc_cp/t2_a5_customer_day/nonvegan/plots/W8T41JZK0ZMEP.png,Animal,25,21,0.12
nonvegan,Level Change,0.010534802746345,-0.215895289,0.22266863625,1.09735927055052,20.652723346652,Restaurant,W8T41JZK0ZMEP_1_genderfemale,../../model_fits/finalized_redone_trunc_cp/t2_a5_customer_day/nonvegan/plots/W8T41JZK0ZMEP_1_genderfemale.png,Animal,50,46,0.12
nonvegan,Gender x Level,-0.141394440075542,-0.3585831185,-0.0149661007,1.16453085706436,468.081856070397,Restaurant,W8T41JZK0ZMEP,../../model_fits/finalized_redone_trunc_cp/t2_a5_customer_day/nonvegan/plots/W8T41JZK0ZMEP.png,Animal,25,22,0.12
nonvegan,Level Change,-0.0270547085630027,-0.18727760625,0.14697443575,1.07127654813649,417.1911175468,Restaurant,W8T41JZK0ZMEP_2_genderfemale,../../model_fits/finalized_redone_trunc_cp/t2_a5_customer_day/nonvegan/plots/W8T41JZK0ZMEP_2_genderfemale.png,Animal,50,47,0.12
nonvegan,Gender x Level,0.0116849396480643,-0.1318353525,0.170535109,1.02644301211328,624.839415633058,Restaurant,W8T41JZK0ZMEP,../../model_fits/finalized_redone_trunc_cp/t2_a5_customer_day/nonvegan/plots/W8T41JZK0ZMEP.png,Animal,25,23,0.12
nonvegan,Level Change,0.00315341698793,-0.1795754725,0.213365829,1.17284654332677,531.518939038077,Restaurant,W8T41JZK0ZMEP_3_genderfemale,../../model_fits/finalized_redone_trunc_cp/t2_a5_customer_day/nonvegan/plots/W8T41JZK0ZMEP_3_genderfemale.png,Animal,50,48,0.12
nonvegan,Gender x Level,-0.0135818789782363,-0.13538844875,0.177119176,1.13931156184571,14.8770247567941,Restaurant,W8T41JZK0ZMEP,../../model_fits/finalized_redone_trunc_cp/t2_a5_customer_day/nonvegan/plots/W8T41JZK0ZMEP.png,Animal,25,24,0.12
nonvegan,Level Change,-0.004193440437946,-0.20516416,0.19533922075,1.08495792182535,909.530227956986,Restaurant,W8T41JZK0ZMEP_4_genderfemale,../../model_fits/finalized_redone_trunc_cp/t2_a5_customer_day/nonvegan/plots/W8T41JZK0ZMEP_4_genderfemale.png,Animal,50,49,0.12
nonvegan,Gender x Level,0.0785664738463413,-0.096214479025,0.28706470675,1.15777104800311,13.2356207068018,Restaurant,W8T41JZK0ZMEP,../../model_fits/finalized_redone_trunc_cp/t2_a5_customer_day/nonvegan/plots/W8T41JZK0ZMEP.png,Animal,25,25,0.12
nonvegan,Level Change,-0.2538549796392,-0.509245615,0.0369818736250002,1.0743616711656,33.0216398904414,Restaurant,W8T41JZK0ZMEP_5_genderfemale,../../model_fits/finalized_redone_trunc_cp/t2_a5_customer_day/nonvegan/plots/W8T41JZK0ZMEP_5_genderfemale.png,Animal,50,50,0.12
nonvegan,Gender x Level,0.2394008119322,0.084355845875,0.43887035975,1.11193807146022,18.4463628782089,Restaurant,EMBVNVD207CC6,../../model_fits/finalized_redone_trunc_cp/t2_a5_customer_day/nonvegan/plots/EMBVNVD207CC6.png,Animal,25,9,0.12
nonvegan,Level Change,0.132858282985716,-0.0972806452,0.398756818,1.23652517729504,622.060641131196,Restaurant,EMBVNVD207CC6_1_genderfemale,../../model_fits/finalized_redone_trunc_cp/t2_a5_customer_day/nonvegan/plots/EMBVNVD207CC6_1_genderfemale.png,Animal,50,18,0.12
nonvegan,Gender x Level,0.0440069722815377,-0.14729132425,0.24014435325,1.04244377981172,79.1607936720602,Restaurant,C0BE4NDSW26QN,../../model_fits/finalized_redone_trunc_cp/t2_a5_customer_day/nonvegan/plots/C0BE4NDSW26QN.png,Animal,25,6,0.12
nonvegan,Level Change,0.0796470796697833,-0.2595974745,0.51946877875,1.10500828346266,21.108553988278,Restaurant,C0BE4NDSW26QN_1_genderfemale,../../model_fits/finalized_redone_trunc_cp/t2_a5_customer_day/nonvegan/plots/C0BE4NDSW26QN_1_genderfemale.png,Animal,50,13,0.12
nonvegan,Gender x Level,0.0256566919151223,-0.18225015875,0.21582706375,1.03818577739236,496.1250243527,Restaurant,C0BE4NDSW26QN,../../model_fits/finalized_redone_trunc_cp/t2_a5_customer_day/nonvegan/plots/C0BE4NDSW26QN.png,Animal,25,7,0.12
nonvegan,Level Change,0.130664562835447,-0.29943545575,0.4789739235,1.11277661937724,19.1289472425211,Restaurant,C0BE4NDSW26QN_2_genderfemale,../../model_fits/finalized_redone_trunc_cp/t2_a5_customer_day/nonvegan/plots/C0BE4NDSW26QN_2_genderfemale.png,Animal,50,14,0.12
nonvegan,Gender x Level,-0.00916868977808417,-0.1914119735,0.1655781385,1.23797783916812,929.741149255128,Restaurant,V3Q26BHF3SE2H,../../model_fits/finalized_redone_trunc_cp/t2_a5_customer_day/nonvegan/plots/V3Q26BHF3SE2H.png,Animal,25,17,0.12
nonvegan,Level Change,-0.168746342217403,-0.48331616475,0.0907547871500001,1.03289278118579,214.894185515733,Restaurant,V3Q26BHF3SE2H_1_genderfemale,../../model_fits/finalized_redone_trunc_cp/t2_a5_customer_day/nonvegan/plots/V3Q26BHF3SE2H_1_genderfemale.png,Animal,50,37,0.12
nonvegan,Gender x Level,0.019697186584936,-0.14533956,0.1724879765,1.06017429996451,42.9531498259489,Restaurant,V3Q26BHF3SE2H,../../model_fits/finalized_redone_trunc_cp/t2_a5_customer_day/nonvegan/plots/V3Q26BHF3SE2H.png,Animal,25,18,0.12
nonvegan,Level Change,-0.0249521869963282,-0.2793885715,0.19867038975,1.07821426970204,30.005268436831,Restaurant,V3Q26BHF3SE2H_2_genderfemale,../../model_fits/finalized_redone_trunc_cp/t2_a5_customer_day/nonvegan/plots/V3Q26BHF3SE2H_2_genderfemale.png,Animal,50,38,0.12
nonvegan,Gender x Level,-0.0490786516201791,-0.187787478,0.1053001655,1.11699702430752,17.5989187035724,Restaurant,V3Q26BHF3SE2H,../../model_fits/finalized_redone_trunc_cp/t2_a5_customer_day/nonvegan/plots/V3Q26BHF3SE2H.png,Animal,25,19,0.12
nonvegan,Level Change,0.126043760461829,-0.062628488325,0.285146677,1.12223550533853,17.3891929684626,Restaurant,V3Q26BHF3SE2H_3_genderfemale,../../model_fits/finalized_redone_trunc_cp/t2_a5_customer_day/nonvegan/plots/V3Q26BHF3SE2H_3_genderfemale.png,Animal,50,39,0.12
nonvegan,Gender x Level,-0.00375899155572733,-0.14604353025,0.1568895535,1.20448511155716,1421.38342849621,Restaurant,V3Q26BHF3SE2H,../../model_fits/finalized_redone_trunc_cp/t2_a5_customer_day/nonvegan/plots/V3Q26BHF3SE2H.png,Animal,25,20,0.12
nonvegan,Level Change,0.0992520786637697,-0.0614805009,0.3485414435,1.14567946447684,14.7930829394825,Restaurant,V3Q26BHF3SE2H_4_genderfemale,../../model_fits/finalized_redone_trunc_cp/t2_a5_customer_day/nonvegan/plots/V3Q26BHF3SE2H_4_genderfemale.png,Animal,50,40,0.12
nonvegan,Gender x Level,-0.156203685076213,-0.2914311255,0.00688562863500003,1.08690917765503,25.4390028889529,Restaurant,LBZEEFSBJNB3Z,../../model_fits/finalized_redone_trunc_cp/t2_a5_customer_day/nonvegan/plots/LBZEEFSBJNB3Z.png,Animal,25,11,0.12
nonvegan,Level Change,0.0845008305341923,-0.0291074833,0.23357153475,1.17016756323387,12.705203885382,Restaurant,LBZEEFSBJNB3Z_1_genderfemale,../../model_fits/finalized_redone_trunc_cp/t2_a5_customer_day/nonvegan/plots/LBZEEFSBJNB3Z_1_genderfemale.png,Animal,50,22,0.12
nonvegan,Gender x Level,0.0934273347386233,-0.0929438634,0.246731215,1.07335081081729,31.137997264144,Restaurant,SAFK7ND1HR6XS,../../model_fits/finalized_redone_trunc_cp/t2_a5_customer_day/nonvegan/plots/SAFK7ND1HR6XS.png,Animal,25,14,0.12
nonvegan,Level Change,-0.009088402007704,-0.20208500575,0.14255565625,1.11762519799896,18.3695584558115,Restaurant,SAFK7ND1HR6XS_1_genderfemale,../../model_fits/finalized_redone_trunc_cp/t2_a5_customer_day/nonvegan/plots/SAFK7ND1HR6XS_1_genderfemale.png,Animal,50,28,0.12
nonvegan,Gender x Level,-0.00935985057504933,-0.16841381625,0.15709376675,1.03558031081072,118.636391828378,Restaurant,S8MT0YGD2KTN9,../../model_fits/finalized_redone_trunc_cp/t2_a5_customer_day/nonvegan/plots/S8MT0YGD2KTN9.png,Animal,25,13,0.12
nonvegan,Level Change,-0.05897538095948,-0.26538396775,0.12276981875,1.1848201485256,614.746560482486,Restaurant,S8MT0YGD2KTN9_1_genderfemale,../../model_fits/finalized_redone_trunc_cp/t2_a5_customer_day/nonvegan/plots/S8MT0YGD2KTN9_1_genderfemale.png,Animal,50,26,0.12
nonvegan,Gender x Level,0.141705566577122,-0.06946849995,0.36658790425,1.26408026012701,570.176296901014,Restaurant,1SQPTEGYPH0GA,../../model_fits/finalized_redone_trunc_cp/t2_a5_customer_day/nonvegan/plots/1SQPTEGYPH0GA.png,Animal,25,1,0.12
nonvegan,Level Change,-0.383393736191167,-0.67930144625,-0.11324049825,1.10252420062902,507.135658525436,Restaurant,1SQPTEGYPH0GA_1_genderfemale,../../model_fits/finalized_redone_trunc_cp/t2_a5_customer_day/nonvegan/plots/1SQPTEGYPH0GA_1_genderfemale.png,Animal,50,2,0.12
nonvegan,Gender x Level,0.190398511318287,-0.067273884925,0.40747360125,1.20620801213116,10.5898679427116,Restaurant,9XKJD8DQTH559,../../model_fits/finalized_redone_trunc_cp/t2_a5_customer_day/nonvegan/plots/9XKJD8DQTH559.png,Animal,25,4,0.12
nonvegan,Level Change,-0.348228126178903,-1.079410355,0.0816421437,1.10115407766876,317.398811860939,Restaurant,9XKJD8DQTH559_1_genderfemale,../../model_fits/finalized_redone_trunc_cp/t2_a5_customer_day/nonvegan/plots/9XKJD8DQTH559_1_genderfemale.png,Animal,50,9,0.12
nonvegan,Gender x Level,0.123373661656755,-0.092139711275,0.32950716275,1.23948150707991,773.623461571732,Restaurant,9XKJD8DQTH559,../../model_fits/finalized_redone_trunc_cp/t2_a5_customer_day/nonvegan/plots/9XKJD8DQTH559.png,Animal,25,5,0.12
nonvegan,Level Change,0.36483344975209703,-0.0767467107,1.0509696025,1.02519204211411,249.371334114364,Restaurant,9XKJD8DQTH559_2_genderfemale,../../model_fits/finalized_redone_trunc_cp/t2_a5_customer_day/nonvegan/plots/9XKJD8DQTH559_2_genderfemale.png,Animal,50,10,0.12
nonvegan,Gender x Level,0.0152464176171273,-0.29682319125,0.34813849475,1.04183541338314,66.8471132672816,Restaurant,LQ5EH4BKGV61T,../../model_fits/finalized_redone_trunc_cp/t2_a5_customer_day/nonvegan/plots/LQ5EH4BKGV61T.png,Animal,25,12,0.12
nonvegan,Level Change,0.051547826897523,-0.398560214,0.39788506125,1.1791767805985,11.9309556911789,Restaurant,LQ5EH4BKGV61T_1_genderfemale,../../model_fits/finalized_redone_trunc_cp/t2_a5_customer_day/nonvegan/plots/LQ5EH4BKGV61T_1_genderfemale.png,Animal,50,24,0.12
nonvegan,Gender x Level,-0.201424064263423,-0.37845588,0.0105511279,1.20780339694201,10.3183235239417,Restaurant,78AY09MVJVTYE,../../model_fits/finalized_redone_trunc_cp/t2_a5_customer_day/nonvegan/plots/78AY09MVJVTYE.png,Animal,25,3,0.12
nonvegan,Level Change,0.176285431100492,-0.01836266115,0.413339526,1.07625602055835,36.4705924323541,Restaurant,78AY09MVJVTYE_1_genderfemale,../../model_fits/finalized_redone_trunc_cp/t2_a5_customer_day/nonvegan/plots/78AY09MVJVTYE_1_genderfemale.png,Animal,50,6,0.12
meat,Level Change,-0.010545963702155,-0.13414578875,0.11376111325,1.0041936088073,626.569864663055,Restaurant,SRQS8F7JWA9MZ,../../model_fits/finalized_redone_trunc_cp/t2_a5_customer_day/meat/plots/SRQS8F7JWA9MZ.png,Animal,50,29,0.12
meat,Level Change,-0.072719815866777,-0.2059089575,0.053951447325,1.00315207773088,716.67878192989,Restaurant,SRQS8F7JWA9MZ,../../model_fits/finalized_redone_trunc_cp/t2_a5_customer_day/meat/plots/SRQS8F7JWA9MZ.png,Animal,50,30,0.12
meat,Level Change,-0.0233473663818309,-0.151244962,0.088482991325,1.00635264931325,516.764574566273,Restaurant,2HRX9P6HKXA8V,../../model_fits/finalized_redone_trunc_cp/t2_a5_customer_day/meat/plots/2HRX9P6HKXA8V.png,Animal,50,3,0.12
meat,Level Change,0.00241770370437133,-0.093998067575,0.1168651095,1.00419159847902,773.660357926624,Restaurant,L69HYJ4Y3TR91,../../model_fits/finalized_redone_trunc_cp/t2_a5_customer_day/meat/plots/L69HYJ4Y3TR91.png,Animal,50,19,0.12
meat,Level Change,-0.0074088989634593,-0.06483638,0.051810076475,1.00241363736743,1117.61328108268,Restaurant,ED5J990H5VAZT,../../model_fits/finalized_redone_trunc_cp/t2_a5_customer_day/meat/plots/ED5J990H5VAZT.png,Animal,50,15,0.12
meat,Level Change,0.098822966306926,-0.035763859425,0.27154991725,1.00607477040969,614.502514450108,Restaurant,W8T41JZK0ZMEP,../../model_fits/finalized_redone_trunc_cp/t2_a5_customer_day/meat/plots/W8T41JZK0ZMEP.png,Animal,50,41,0.12
meat,Level Change,-0.130117608918407,-0.26794305175,-0.0111530394,1.00443953232833,551.58352957339,Restaurant,W8T41JZK0ZMEP,../../model_fits/finalized_redone_trunc_cp/t2_a5_customer_day/meat/plots/W8T41JZK0ZMEP.png,Animal,50,42,0.12
meat,Level Change,0.0153153626685987,-0.1108835555,0.141346614,1.00746435596093,557.654970732373,Restaurant,W8T41JZK0ZMEP,../../model_fits/finalized_redone_trunc_cp/t2_a5_customer_day/meat/plots/W8T41JZK0ZMEP.png,Animal,50,43,0.12
meat,Level Change,-0.0165597271215417,-0.1435035425,0.10808275875,1.00306001156101,787.934490174803,Restaurant,W8T41JZK0ZMEP,../../model_fits/finalized_redone_trunc_cp/t2_a5_customer_day/meat/plots/W8T41JZK0ZMEP.png,Animal,50,44,0.12
meat,Level Change,-0.0771208019392617,-0.246012615,0.071554208325,1.00263176359205,531.495925932021,Restaurant,W8T41JZK0ZMEP,../../model_fits/finalized_redone_trunc_cp/t2_a5_customer_day/meat/plots/W8T41JZK0ZMEP.png,Animal,50,45,0.12
meat,Level Change,-0.0527156483552547,-0.24491560175,0.081930177925,1.01183493968581,288.207111585541,Restaurant,EMBVNVD207CC6,../../model_fits/finalized_redone_trunc_cp/t2_a5_customer_day/meat/plots/EMBVNVD207CC6.png,Animal,50,17,0.12
meat,Level Change,0.00434469110680533,-0.244087673,0.245589283500001,1.00609285965051,736.273247748723,Restaurant,C0BE4NDSW26QN,../../model_fits/finalized_redone_trunc_cp/t2_a5_customer_day/meat/plots/C0BE4NDSW26QN.png,Animal,50,11,0.12
meat,Level Change,-0.001556887168448,-0.24383623925,0.2367260395,1.00384534875558,655.145643506925,Restaurant,C0BE4NDSW26QN,../../model_fits/finalized_redone_trunc_cp/t2_a5_customer_day/meat/plots/C0BE4NDSW26QN.png,Animal,50,12,0.12
meat,Level Change,0.0436558040684297,-0.1131187875,0.23884613875,1.00233576359239,590.543778061844,Restaurant,V3Q26BHF3SE2H,../../model_fits/finalized_redone_trunc_cp/t2_a5_customer_day/meat/plots/V3Q26BHF3SE2H.png,Animal,50,33,0.12
meat,Level Change,-0.101643187800581,-0.30069284,0.0535357800750001,1.0022066119168,520.865574387024,Restaurant,V3Q26BHF3SE2H,../../model_fits/finalized_redone_trunc_cp/t2_a5_customer_day/meat/plots/V3Q26BHF3SE2H.png,Animal,50,34,0.12
meat,Level Change,0.042221905546927,-0.0863423864,0.1990346985,1.00349803560634,832.145251044591,Restaurant,V3Q26BHF3SE2H,../../model_fits/finalized_redone_trunc_cp/t2_a5_customer_day/meat/plots/V3Q26BHF3SE2H.png,Animal,50,35,0.12
meat,Level Change,-0.10063214878903,-0.2877574345,0.0434878115500001,1.0081716161982,363.945746803115,Restaurant,V3Q26BHF3SE2H,../../model_fits/finalized_redone_trunc_cp/t2_a5_customer_day/meat/plots/V3Q26BHF3SE2H.png,Animal,50,36,0.12
meat,Level Change,-0.098182186929496,-0.27903753175,0.0285934647,1.03333773834261,146.830202115943,Restaurant,LBZEEFSBJNB3Z,../../model_fits/finalized_redone_trunc_cp/t2_a5_customer_day/meat/plots/LBZEEFSBJNB3Z.png,Animal,50,21,0.12
meat,Level Change,0.041204435283584,-0.0743985366,0.20891148775,1.02270497385145,250.93509861943,Restaurant,SAFK7ND1HR6XS,../../model_fits/finalized_redone_trunc_cp/t2_a5_customer_day/meat/plots/SAFK7ND1HR6XS.png,Animal,50,27,0.12
meat,Level Change,-0.066317719526829,-0.249368652,0.04914127205,1.00912791133145,393.799788232593,Restaurant,S8MT0YGD2KTN9,../../model_fits/finalized_redone_trunc_cp/t2_a5_customer_day/meat/plots/S8MT0YGD2KTN9.png,Animal,50,25,0.12
meat,Level Change,0.0455121965830891,-0.06670194405,0.20619688425,1.01464753179727,308.454858664571,Restaurant,1SQPTEGYPH0GA,../../model_fits/finalized_redone_trunc_cp/t2_a5_customer_day/meat/plots/1SQPTEGYPH0GA.png,Animal,50,1,0.12
meat,Level Change,-0.0235212724840833,-0.330784995,0.21042400425,1.00189076996736,649.515584443197,Restaurant,9XKJD8DQTH559,../../model_fits/finalized_redone_trunc_cp/t2_a5_customer_day/meat/plots/9XKJD8DQTH559.png,Animal,50,7,0.12
meat,Level Change,0.221596287156468,-0.037659714175,0.628928454,1.00821445351977,367.54997312728,Restaurant,9XKJD8DQTH559,../../model_fits/finalized_redone_trunc_cp/t2_a5_customer_day/meat/plots/9XKJD8DQTH559.png,Animal,50,8,0.12
meat,Level Change,-0.0358751982544543,-0.26923007825,0.132054754,1.01251958030756,404.761381186361,Restaurant,LQ5EH4BKGV61T,../../model_fits/finalized_redone_trunc_cp/t2_a5_customer_day/meat/plots/LQ5EH4BKGV61T.png,Animal,50,23,0.12
meat,Level Change,0.0450605560288667,-0.083311135325,0.25840244675,1.00900908869217,398.346345459604,Restaurant,78AY09MVJVTYE,../../model_fits/finalized_redone_trunc_cp/t2_a5_customer_day/meat/plots/78AY09MVJVTYE.png,Animal,50,5,0.12
meat,Slope Change,-0.048616033649434,-0.2958678125,0.12521776725,1.00207393483715,767.822396166301,Restaurant,SRQS8F7JWA9MZ,../../model_fits/finalized_redone_trunc_cp/t2_a5_customer_day/meat/plots/SRQS8F7JWA9MZ.png,Animal,25,15,0.12
meat,Slope Change,-0.014568057223807,-0.1959872035,0.2308063015,1.00210597827666,604.590446179042,Restaurant,SRQS8F7JWA9MZ,../../model_fits/finalized_redone_trunc_cp/t2_a5_customer_day/meat/plots/SRQS8F7JWA9MZ.png,Animal,25,16,0.12
meat,Slope Change,0.004026160319755,-0.076153138125,0.081939471375,1.00511955628491,631.817581403202,Restaurant,2HRX9P6HKXA8V,../../model_fits/finalized_redone_trunc_cp/t2_a5_customer_day/meat/plots/2HRX9P6HKXA8V.png,Animal,25,2,0.12
meat,Slope Change,0.094027834173501,-0.10707228175,0.3468177095,1.00802403529293,322.554060146491,Restaurant,L69HYJ4Y3TR91,../../model_fits/finalized_redone_trunc_cp/t2_a5_customer_day/meat/plots/L69HYJ4Y3TR91.png,Animal,25,10,0.12
meat,Slope Change,0.151577230476133,0.0660635015,0.24574795775,1.00166264981037,572.975924860571,Restaurant,ED5J990H5VAZT,../../model_fits/finalized_redone_trunc_cp/t2_a5_customer_day/meat/plots/ED5J990H5VAZT.png,Animal,25,8,0.12
meat,Slope Change,-0.028621780627522,-0.341042519,0.18845130325,1.0048901759767,828.991893001191,Restaurant,W8T41JZK0ZMEP,../../model_fits/finalized_redone_trunc_cp/t2_a5_customer_day/meat/plots/W8T41JZK0ZMEP.png,Animal,25,21,0.12
meat,Slope Change,0.035817450127228,-0.1722251355,0.42537447,1.00485281538313,592.198183428017,Restaurant,W8T41JZK0ZMEP,../../model_fits/finalized_redone_trunc_cp/t2_a5_customer_day/meat/plots/W8T41JZK0ZMEP.png,Animal,25,22,0.12
meat,Slope Change,0.0138812725729837,-0.2324995015,0.29841324475,1.00170038663897,613.20648018151,Restaurant,W8T41JZK0ZMEP,../../model_fits/finalized_redone_trunc_cp/t2_a5_customer_day/meat/plots/W8T41JZK0ZMEP.png,Animal,25,23,0.12
meat,Slope Change,8.96917932144e-4,-0.29049017125,0.26962632775,1.00119606057148,817.354458858018,Restaurant,W8T41JZK0ZMEP,../../model_fits/finalized_redone_trunc_cp/t2_a5_customer_day/meat/plots/W8T41JZK0ZMEP.png,Animal,25,24,0.12
meat,Slope Change,-0.0352618602493402,-0.4060789905,0.16045144175,1.00197852844508,683.296169109437,Restaurant,W8T41JZK0ZMEP,../../model_fits/finalized_redone_trunc_cp/t2_a5_customer_day/meat/plots/W8T41JZK0ZMEP.png,Animal,25,25,0.12
meat,Slope Change,-0.011866355830413,-0.1605327025,0.11777614025,1.01669553593195,418.401438257878,Restaurant,EMBVNVD207CC6,../../model_fits/finalized_redone_trunc_cp/t2_a5_customer_day/meat/plots/EMBVNVD207CC6.png,Animal,25,9,0.12
meat,Slope Change,0.0442751132688933,-0.109594279,0.2297129745,1.00084522150915,689.089198429926,Restaurant,C0BE4NDSW26QN,../../model_fits/finalized_redone_trunc_cp/t2_a5_customer_day/meat/plots/C0BE4NDSW26QN.png,Animal,25,6,0.12
meat,Slope Change,0.0285817019668353,-0.162907164,0.19107868075,1.00019639668953,603.722835015893,Restaurant,C0BE4NDSW26QN,../../model_fits/finalized_redone_trunc_cp/t2_a5_customer_day/meat/plots/C0BE4NDSW26QN.png,Animal,25,7,0.12
meat,Slope Change,0.0591229726279519,-0.15603555525,0.37916812625,1.00190855765203,754.616990078587,Restaurant,V3Q26BHF3SE2H,../../model_fits/finalized_redone_trunc_cp/t2_a5_customer_day/meat/plots/V3Q26BHF3SE2H.png,Animal,25,17,0.12
meat,Slope Change,0.0584914865885828,-0.148345708,0.4047187415,1.00211444815091,762.084842592388,Restaurant,V3Q26BHF3SE2H,../../model_fits/finalized_redone_trunc_cp/t2_a5_customer_day/meat/plots/V3Q26BHF3SE2H.png,Animal,25,18,0.12
meat,Slope Change,-0.0137960573983333,-0.41103283,0.16931026725,1.01125438787868,448.26173529108,Restaurant,V3Q26BHF3SE2H,../../model_fits/finalized_redone_trunc_cp/t2_a5_customer_day/meat/plots/V3Q26BHF3SE2H.png,Animal,25,19,0.12
meat,Slope Change,0.024955776136865,-0.21975420275,0.2749300815,1.00169708703948,1148.33509581883,Restaurant,V3Q26BHF3SE2H,../../model_fits/finalized_redone_trunc_cp/t2_a5_customer_day/meat/plots/V3Q26BHF3SE2H.png,Animal,25,20,0.12
meat,Slope Change,-0.125404008621825,-0.35226783975,0.055877216375,1.03576082131522,132.457742767356,Restaurant,LBZEEFSBJNB3Z,../../model_fits/finalized_redone_trunc_cp/t2_a5_customer_day/meat/plots/LBZEEFSBJNB3Z.png,Animal,25,11,0.12
meat,Slope Change,0.0635523544576157,-0.1349120175,0.3193966025,1.00519124446811,539.450381385389,Restaurant,SAFK7ND1HR6XS,../../model_fits/finalized_redone_trunc_cp/t2_a5_customer_day/meat/plots/SAFK7ND1HR6XS.png,Animal,25,14,0.12
meat,Slope Change,0.024365187387715,-0.1014321985,0.14728100375,1.01143217316688,404.307707115606,Restaurant,S8MT0YGD2KTN9,../../model_fits/finalized_redone_trunc_cp/t2_a5_customer_day/meat/plots/S8MT0YGD2KTN9.png,Animal,25,13,0.12
meat,Slope Change,0.118209102549563,0.014220261425,0.2215830075,1.00752010261793,443.143369945592,Restaurant,1SQPTEGYPH0GA,../../model_fits/finalized_redone_trunc_cp/t2_a5_customer_day/meat/plots/1SQPTEGYPH0GA.png,Animal,25,1,0.12
meat,Slope Change,0.0569403826220333,-0.19073825375,0.31481052775,1.00469347816417,963.333059005062,Restaurant,9XKJD8DQTH559,../../model_fits/finalized_redone_trunc_cp/t2_a5_customer_day/meat/plots/9XKJD8DQTH559.png,Animal,25,4,0.12
meat,Slope Change,0.0527564055298227,-0.18687684525,0.2827708395,1.0021522851571,600.078196612081,Restaurant,9XKJD8DQTH559,../../model_fits/finalized_redone_trunc_cp/t2_a5_customer_day/meat/plots/9XKJD8DQTH559.png,Animal,25,5,0.12
meat,Slope Change,0.030088988606614,-0.21840175925,0.24451942425,1.01018964304753,447.30609881171,Restaurant,LQ5EH4BKGV61T,../../model_fits/finalized_redone_trunc_cp/t2_a5_customer_day/meat/plots/LQ5EH4BKGV61T.png,Animal,25,12,0.12
meat,Slope Change,0.0789730423210037,-0.0040420348575,0.16360026675,1.00352245247499,404.061161650486,Restaurant,78AY09MVJVTYE,../../model_fits/finalized_redone_trunc_cp/t2_a5_customer_day/meat/plots/78AY09MVJVTYE.png,Animal,25,3,0.12
meat,Gender x Level,0.0357929025582952,-0.1044925015,0.1930574285,1.00031397261334,795.438934661137,Restaurant,SRQS8F7JWA9MZ,../../model_fits/finalized_redone_trunc_cp/t2_a5_customer_day/meat/plots/SRQS8F7JWA9MZ.png,Animal,25,15,0.12
meat,Level Change,0.0153108018332047,-0.081587050075,0.14579033625,1.00673464364418,713.581430734662,Restaurant,SRQS8F7JWA9MZ_1_genderfemale,../../model_fits/finalized_redone_trunc_cp/t2_a5_customer_day/meat/plots/SRQS8F7JWA9MZ_1_genderfemale.png,Animal,50,31,0.12
meat,Gender x Level,-0.0853167268148003,-0.248443804,0.060934808925,1.0005808694008,855.143204457459,Restaurant,SRQS8F7JWA9MZ,../../model_fits/finalized_redone_trunc_cp/t2_a5_customer_day/meat/plots/SRQS8F7JWA9MZ.png,Animal,25,16,0.12
meat,Level Change,-0.0190943756643703,-0.15426669825,0.0822781441500001,1.00820547328873,682.83027672334,Restaurant,SRQS8F7JWA9MZ_2_genderfemale,../../model_fits/finalized_redone_trunc_cp/t2_a5_customer_day/meat/plots/SRQS8F7JWA9MZ_2_genderfemale.png,Animal,50,32,0.12
meat,Gender x Level,0.00166195336606787,-0.1236762695,0.1348958245,1.00023463531568,670.300161399327,Restaurant,2HRX9P6HKXA8V,../../model_fits/finalized_redone_trunc_cp/t2_a5_customer_day/meat/plots/2HRX9P6HKXA8V.png,Animal,25,2,0.12
meat,Level Change,-0.117229079829927,-0.267170794,4.31727837000046e-4,1.00357113938198,389.577949407162,Restaurant,2HRX9P6HKXA8V_1_genderfemale,../../model_fits/finalized_redone_trunc_cp/t2_a5_customer_day/meat/plots/2HRX9P6HKXA8V_1_genderfemale.png,Animal,50,4,0.12
meat,Gender x Level,0.0329483588274647,-0.04148109135,0.1075745975,1.00029701185706,986.418115703198,Restaurant,L69HYJ4Y3TR91,../../model_fits/finalized_redone_trunc_cp/t2_a5_customer_day/meat/plots/L69HYJ4Y3TR91.png,Animal,25,10,0.12
meat,Level Change,0.00822367827954767,-0.061122826775,0.083190309325,1.00047215883068,1076.31176134855,Restaurant,L69HYJ4Y3TR91_1_genderfemale,../../model_fits/finalized_redone_trunc_cp/t2_a5_customer_day/meat/plots/L69HYJ4Y3TR91_1_genderfemale.png,Animal,50,20,0.12
meat,Gender x Level,-0.160742205206,-0.20898026625,-0.11475634875,1.00091972192567,1646.81147876934,Restaurant,ED5J990H5VAZT,../../model_fits/finalized_redone_trunc_cp/t2_a5_customer_day/meat/plots/ED5J990H5VAZT.png,Animal,25,8,0.12
meat,Level Change,-0.0594268508709567,-0.10657285,-0.014774749525,1.00171198725947,1450.48719947854,Restaurant,ED5J990H5VAZT_1_genderfemale,../../model_fits/finalized_redone_trunc_cp/t2_a5_customer_day/meat/plots/ED5J990H5VAZT_1_genderfemale.png,Animal,50,16,0.12
meat,Gender x Level,-0.0190139741701417,-0.23048619825,0.16235667925,1.00410987397963,835.520486547739,Restaurant,W8T41JZK0ZMEP,../../model_fits/finalized_redone_trunc_cp/t2_a5_customer_day/meat/plots/W8T41JZK0ZMEP.png,Animal,25,21,0.12
meat,Level Change,-0.0383463932253237,-0.18275977775,0.0818882208500001,1.0033188163406,652.230230634624,Restaurant,W8T41JZK0ZMEP_1_genderfemale,../../model_fits/finalized_redone_trunc_cp/t2_a5_customer_day/meat/plots/W8T41JZK0ZMEP_1_genderfemale.png,Animal,50,46,0.12
meat,Gender x Level,-0.2386042634088,-0.4095470265,-0.063363476975,1.00544025606155,636.650884502874,Restaurant,W8T41JZK0ZMEP,../../model_fits/finalized_redone_trunc_cp/t2_a5_customer_day/meat/plots/W8T41JZK0ZMEP.png,Animal,25,22,0.12
meat,Level Change,-0.0114350063572001,-0.129111303,0.085120806125,1.00684399361836,799.695056884024,Restaurant,W8T41JZK0ZMEP_2_genderfemale,../../model_fits/finalized_redone_trunc_cp/t2_a5_customer_day/meat/plots/W8T41JZK0ZMEP_2_genderfemale.png,Animal,50,47,0.12
meat,Gender x Level,0.203881578895307,0.023531845575,0.40304727375,1.00460207896374,657.38835453762,Restaurant,W8T41JZK0ZMEP,../../model_fits/finalized_redone_trunc_cp/t2_a5_customer_day/meat/plots/W8T41JZK0ZMEP.png,Animal,25,23,0.12
meat,Level Change,-0.00358883487748767,-0.1148947515,0.12253895925,1.00965047506028,829.831559903223,Restaurant,W8T41JZK0ZMEP_3_genderfemale,../../model_fits/finalized_redone_trunc_cp/t2_a5_customer_day/meat/plots/W8T41JZK0ZMEP_3_genderfemale.png,Animal,50,48,0.12
meat,Gender x Level,0.0552945122631603,-0.109054302,0.2308014715,1.00301401058103,793.506243874535,Restaurant,W8T41JZK0ZMEP,../../model_fits/finalized_redone_trunc_cp/t2_a5_customer_day/meat/plots/W8T41JZK0ZMEP.png,Animal,25,24,0.12
meat,Level Change,0.0271432440840953,-0.071394303625,0.18266037425,1.00765952706053,575.097629780479,Restaurant,W8T41JZK0ZMEP_4_genderfemale,../../model_fits/finalized_redone_trunc_cp/t2_a5_customer_day/meat/plots/W8T41JZK0ZMEP_4_genderfemale.png,Animal,50,49,0.12
meat,Gender x Level,0.005099401356928,-0.193916192,0.2145567245,1.00160113825462,771.505568637615,Restaurant,W8T41JZK0ZMEP,../../model_fits/finalized_redone_trunc_cp/t2_a5_customer_day/meat/plots/W8T41JZK0ZMEP.png,Animal,25,25,0.12
meat,Level Change,-0.0362364806293823,-0.18678795825,0.0757298272500001,1.00191646779822,648.151854061614,Restaurant,W8T41JZK0ZMEP_5_genderfemale,../../model_fits/finalized_redone_trunc_cp/t2_a5_customer_day/meat/plots/W8T41JZK0ZMEP_5_genderfemale.png,Animal,50,50,0.12
meat,Gender x Level,0.143393140301346,-0.01100344025,0.31743839975,1.01605658731595,513.550448489831,Restaurant,EMBVNVD207CC6,../../model_fits/finalized_redone_trunc_cp/t2_a5_customer_day/meat/plots/EMBVNVD207CC6.png,Animal,25,9,0.12
meat,Level Change,0.083006431852163,-0.07977476635,0.33904139275,1.0062922416363,428.019402445863,Restaurant,EMBVNVD207CC6_1_genderfemale,../../model_fits/finalized_redone_trunc_cp/t2_a5_customer_day/meat/plots/EMBVNVD207CC6_1_genderfemale.png,Animal,50,18,0.12
meat,Gender x Level,-0.0340120975248453,-0.28569884725,0.2310977225,1.00657722097391,625.531744104936,Restaurant,C0BE4NDSW26QN,../../model_fits/finalized_redone_trunc_cp/t2_a5_customer_day/meat/plots/C0BE4NDSW26QN.png,Animal,25,6,0.12
meat,Level Change,0.03747073916581,-0.13899097575,0.21598425,1.00209527120858,840.223585699747,Restaurant,C0BE4NDSW26QN_1_genderfemale,../../model_fits/finalized_redone_trunc_cp/t2_a5_customer_day/meat/plots/C0BE4NDSW26QN_1_genderfemale.png,Animal,50,13,0.12
meat,Gender x Level,-0.0269603297192677,-0.29338607425,0.22749484775,1.00695452405379,651.490092342205,Restaurant,C0BE4NDSW26QN,../../model_fits/finalized_redone_trunc_cp/t2_a5_customer_day/meat/plots/C0BE4NDSW26QN.png,Animal,25,7,0.12
meat,Level Change,0.0419189773018307,-0.13238695875,0.2237181875,1.00121921484751,857.68857252635,Restaurant,C0BE4NDSW26QN_2_genderfemale,../../model_fits/finalized_redone_trunc_cp/t2_a5_customer_day/meat/plots/C0BE4NDSW26QN_2_genderfemale.png,Animal,50,14,0.12
meat,Gender x Level,0.0847479068527447,-0.1222050265,0.339670041,1.00126145665693,581.176786191153,Restaurant,V3Q26BHF3SE2H,../../model_fits/finalized_redone_trunc_cp/t2_a5_customer_day/meat/plots/V3Q26BHF3SE2H.png,Animal,25,17,0.12
meat,Level Change,-0.0493384166413317,-0.26594568475,0.0820979150000001,1.00419029964348,452.665212911839,Restaurant,V3Q26BHF3SE2H_1_genderfemale,../../model_fits/finalized_redone_trunc_cp/t2_a5_customer_day/meat/plots/V3Q26BHF3SE2H_1_genderfemale.png,Animal,50,37,0.12
meat,Gender x Level,-0.0945533375778033,-0.3471939815,0.102647116,1.00316197745366,722.046567219983,Restaurant,V3Q26BHF3SE2H,../../model_fits/finalized_redone_trunc_cp/t2_a5_customer_day/meat/plots/V3Q26BHF3SE2H.png,Animal,25,18,0.12
meat,Level Change,-0.015597497850047,-0.1600596895,0.1513023235,1.00396338446589,741.731769974377,Restaurant,V3Q26BHF3SE2H_2_genderfemale,../../model_fits/finalized_redone_trunc_cp/t2_a5_customer_day/meat/plots/V3Q26BHF3SE2H_2_genderfemale.png,Animal,50,38,0.12
meat,Gender x Level,-0.096546613101635,-0.27348375874999997,0.0662161120000001,1.00214822441972,783.954909591155,Restaurant,V3Q26BHF3SE2H,../../model_fits/finalized_redone_trunc_cp/t2_a5_customer_day/meat/plots/V3Q26BHF3SE2H.png,Animal,25,19,0.12
meat,Level Change,0.0193413236527949,-0.086224628775,0.16538119075,1.00125680611882,736.525989822892,Restaurant,V3Q26BHF3SE2H_3_genderfemale,../../model_fits/finalized_redone_trunc_cp/t2_a5_customer_day/meat/plots/V3Q26BHF3SE2H_3_genderfemale.png,Animal,50,39,0.12
meat,Gender x Level,0.0672651574457733,-0.1165320865,0.2758514905,1.00994840124581,682.716601547652,Restaurant,V3Q26BHF3SE2H,../../model_fits/finalized_redone_trunc_cp/t2_a5_customer_day/meat/plots/V3Q26BHF3SE2H.png,Animal,25,20,0.12
meat,Level Change,-0.0116693704841513,-0.14580402,0.13124386175,1.00862455741089,680.559007434409,Restaurant,V3Q26BHF3SE2H_4_genderfemale,../../model_fits/finalized_redone_trunc_cp/t2_a5_customer_day/meat/plots/V3Q26BHF3SE2H_4_genderfemale.png,Animal,50,40,0.12
meat,Gender x Level,-0.0971762217837767,-0.22853292025,0.038605458975,1.00044399399226,615.367797626036,Restaurant,LBZEEFSBJNB3Z,../../model_fits/finalized_redone_trunc_cp/t2_a5_customer_day/meat/plots/LBZEEFSBJNB3Z.png,Animal,25,11,0.12
meat,Level Change,-0.06968938988124,-0.17947104025,0.02713756635,1.00012190193116,784.547754274461,Restaurant,LBZEEFSBJNB3Z_1_genderfemale,../../model_fits/finalized_redone_trunc_cp/t2_a5_customer_day/meat/plots/LBZEEFSBJNB3Z_1_genderfemale.png,Animal,50,22,0.12
meat,Gender x Level,-0.0286474196556406,-0.18923766675,0.1249598345,1.00364606775459,750.687928796761,Restaurant,SAFK7ND1HR6XS,../../model_fits/finalized_redone_trunc_cp/t2_a5_customer_day/meat/plots/SAFK7ND1HR6XS.png,Animal,25,14,0.12
meat,Level Change,-0.0213270897930983,-0.16321744775,0.12508796625,1.00389898371362,834.071064530146,Restaurant,SAFK7ND1HR6XS_1_genderfemale,../../model_fits/finalized_redone_trunc_cp/t2_a5_customer_day/meat/plots/SAFK7ND1HR6XS_1_genderfemale.png,Animal,50,28,0.12
meat,Gender x Level,-0.008432693580236,-0.15212324125,0.140211215,1.00045444590148,656.619836557139,Restaurant,S8MT0YGD2KTN9,../../model_fits/finalized_redone_trunc_cp/t2_a5_customer_day/meat/plots/S8MT0YGD2KTN9.png,Animal,25,13,0.12
meat,Level Change,-0.0945544268009573,-0.27035628575,0.0443531737000001,1.00328161573979,538.248469823777,Restaurant,S8MT0YGD2KTN9_1_genderfemale,../../model_fits/finalized_redone_trunc_cp/t2_a5_customer_day/meat/plots/S8MT0YGD2KTN9_1_genderfemale.png,Animal,50,26,0.12
meat,Gender x Level,0.0167960257615242,-0.10953112375,0.14514861675,1.00369128886084,678.884780686066,Restaurant,1SQPTEGYPH0GA,../../model_fits/finalized_redone_trunc_cp/t2_a5_customer_day/meat/plots/1SQPTEGYPH0GA.png,Animal,25,1,0.12
meat,Level Change,-0.125296262754561,-0.278484501,-5.62534432999981e-4,1.00609654845418,535.055064556864,Restaurant,1SQPTEGYPH0GA_1_genderfemale,../../model_fits/finalized_redone_trunc_cp/t2_a5_customer_day/meat/plots/1SQPTEGYPH0GA_1_genderfemale.png,Animal,50,2,0.12
meat,Gender x Level,0.0944470390531507,-0.15481354025,0.3958398695,1.0017484444896,807.05254145378,Restaurant,9XKJD8DQTH559,../../model_fits/finalized_redone_trunc_cp/t2_a5_customer_day/meat/plots/9XKJD8DQTH559.png,Animal,25,4,0.12
meat,Level Change,-0.17303772786567,-0.81187964625,0.0478485803,1.01099833510517,241.047190307363,Restaurant,9XKJD8DQTH559_1_genderfemale,../../model_fits/finalized_redone_trunc_cp/t2_a5_customer_day/meat/plots/9XKJD8DQTH559_1_genderfemale.png,Animal,50,9,0.12
meat,Gender x Level,0.032895911929514,-0.23364293125,0.281396885,1.00109277061051,532.579594230597,Restaurant,9XKJD8DQTH559,../../model_fits/finalized_redone_trunc_cp/t2_a5_customer_day/meat/plots/9XKJD8DQTH559.png,Animal,25,5,0.12
meat,Level Change,0.027819694835615,-0.19254405325,0.60148684375000006,1.00690623256674,273.651370829828,Restaurant,9XKJD8DQTH559_2_genderfemale,../../model_fits/finalized_redone_trunc_cp/t2_a5_customer_day/meat/plots/9XKJD8DQTH559_2_genderfemale.png,Animal,50,10,0.12
meat,Gender x Level,-0.0392300986537216,-0.31670998325,0.2334337505,1.00408827226126,762.347999641496,Restaurant,LQ5EH4BKGV61T,../../model_fits/finalized_redone_trunc_cp/t2_a5_customer_day/meat/plots/LQ5EH4BKGV61T.png,Animal,25,12,0.12
meat,Level Change,-0.0353663703912293,-0.28500388225,0.19246392225,1.0059986084151,565.190216497657,Restaurant,LQ5EH4BKGV61T_1_genderfemale,../../model_fits/finalized_redone_trunc_cp/t2_a5_customer_day/meat/plots/LQ5EH4BKGV61T_1_genderfemale.png,Animal,50,24,0.12
meat,Gender x Level,-0.2577517898936,-0.47739967025,-0.065470860425,1.00359300638477,527.791696473845,Restaurant,78AY09MVJVTYE,../../model_fits/finalized_redone_trunc_cp/t2_a5_customer_day/meat/plots/78AY09MVJVTYE.png,Animal,25,3,0.12
meat,Level Change,0.0956847614740647,-0.065518733625,0.32932027475,1.0036962345671,518.801314117304,Restaurant,78AY09MVJVTYE_1_genderfemale,../../model_fits/finalized_redone_trunc_cp/t2_a5_customer_day/meat/plots/78AY09MVJVTYE_1_genderfemale.png,Animal,50,6,0.12
chicken_fish,Level Change,5.41796984781333e-5,1.70476063e-5,1.211360285e-4,2.30878593385429,3.82017114069191,Restaurant,SRQS8F7JWA9MZ,../../model_fits/finalized_redone_trunc_cp/t2_a5_customer_day/chicken_fish/plots/SRQS8F7JWA9MZ.png,Animal,50,29,0.12
chicken_fish,Level Change,1.29034279354761e-5,-9.58737838e-6,5.1277596575e-5,1.89476264366926,4.48106197890072,Restaurant,SRQS8F7JWA9MZ,../../model_fits/finalized_redone_trunc_cp/t2_a5_customer_day/chicken_fish/plots/SRQS8F7JWA9MZ.png,Animal,50,30,0.12
chicken_fish,Level Change,0.0499550454963333,0.014143197625,0.10040745275,2.9690371927502,3.44546307826371,Restaurant,2HRX9P6HKXA8V,../../model_fits/finalized_redone_trunc_cp/t2_a5_customer_day/chicken_fish/plots/2HRX9P6HKXA8V.png,Animal,50,3,0.12
chicken_fish,Level Change,0.0672232603833333,-0.12155043,0.20736940175,2.65574349544428,3.57033917176383,Restaurant,L69HYJ4Y3TR91,../../model_fits/finalized_redone_trunc_cp/t2_a5_customer_day/chicken_fish/plots/L69HYJ4Y3TR91.png,Animal,50,19,0.12
chicken_fish,Level Change,0.0349035854833333,-0.0378582522,0.12414440025,2.92497463853268,3.43892020337332,Restaurant,ED5J990H5VAZT,../../model_fits/finalized_redone_trunc_cp/t2_a5_customer_day/chicken_fish/plots/ED5J990H5VAZT.png,Animal,50,15,0.12
chicken_fish,Level Change,0.016620247808,-0.10060501,0.16564251,2.64222362202106,3.55558857599436,Restaurant,W8T41JZK0ZMEP,../../model_fits/finalized_redone_trunc_cp/t2_a5_customer_day/chicken_fish/plots/W8T41JZK0ZMEP.png,Animal,50,41,0.12
chicken_fish,Level Change,0.0816474888231667,0.00131415917,0.125750612,3.07544885311184,3.38796391588133,Restaurant,W8T41JZK0ZMEP,../../model_fits/finalized_redone_trunc_cp/t2_a5_customer_day/chicken_fish/plots/W8T41JZK0ZMEP.png,Animal,50,42,0.12
chicken_fish,Level Change,0.0474883979713333,-0.034170183675,0.1234850605,3.07951736279101,3.39094724253188,Restaurant,W8T41JZK0ZMEP,../../model_fits/finalized_redone_trunc_cp/t2_a5_customer_day/chicken_fish/plots/W8T41JZK0ZMEP.png,Animal,50,43,0.12
chicken_fish,Level Change,0.00961008283526667,-0.057697756175,0.0912255764,2.56744269699266,3.61710636021065,Restaurant,W8T41JZK0ZMEP,../../model_fits/finalized_redone_trunc_cp/t2_a5_customer_day/chicken_fish/plots/W8T41JZK0ZMEP.png,Animal,50,44,0.12
chicken_fish,Level Change,0.105627972456,-0.05757755855,0.27493550075,3.1611090304279,3.36748720617578,Restaurant,W8T41JZK0ZMEP,../../model_fits/finalized_redone_trunc_cp/t2_a5_customer_day/chicken_fish/plots/W8T41JZK0ZMEP.png,Animal,50,45,0.12
chicken_fish,Level Change,0.009049860404,-0.0876771363,0.058932367,2.67109501654628,3.62540908634698,Restaurant,EMBVNVD207CC6,../../model_fits/finalized_redone_trunc_cp/t2_a5_customer_day/chicken_fish/plots/EMBVNVD207CC6.png,Animal,50,17,0.12
chicken_fish,Level Change,-0.0905954888706167,-0.16172416025,4.98324233e-4,2.63396902296153,3.57702925495302,Restaurant,C0BE4NDSW26QN,../../model_fits/finalized_redone_trunc_cp/t2_a5_customer_day/chicken_fish/plots/C0BE4NDSW26QN.png,Animal,50,11,0.12
chicken_fish,Level Change,0.028027022041,-0.03245911535,0.0711431316,2.94064491159649,3.46726129915365,Restaurant,C0BE4NDSW26QN,../../model_fits/finalized_redone_trunc_cp/t2_a5_customer_day/chicken_fish/plots/C0BE4NDSW26QN.png,Animal,50,12,0.12
chicken_fish,Level Change,0.0109688434813333,-0.12010648,0.1699459305,2.52738551164654,3.65589564865294,Restaurant,V3Q26BHF3SE2H,../../model_fits/finalized_redone_trunc_cp/t2_a5_customer_day/chicken_fish/plots/V3Q26BHF3SE2H.png,Animal,50,33,0.12
chicken_fish,Level Change,0.105714851551333,-0.08571127315,0.26521704225,2.7909057955545,3.49122747808651,Restaurant,V3Q26BHF3SE2H,../../model_fits/finalized_redone_trunc_cp/t2_a5_customer_day/chicken_fish/plots/V3Q26BHF3SE2H.png,Animal,50,34,0.12
chicken_fish,Level Change,0.203866167080333,0.029885425825,0.468077715,2.89269088276882,3.50423427054982,Restaurant,V3Q26BHF3SE2H,../../model_fits/finalized_redone_trunc_cp/t2_a5_customer_day/chicken_fish/plots/V3Q26BHF3SE2H.png,Animal,50,35,0.12
chicken_fish,Level Change,0.022403351142,-0.11034370075,0.1417865705,2.69930054355886,3.52589153071759,Restaurant,V3Q26BHF3SE2H,../../model_fits/finalized_redone_trunc_cp/t2_a5_customer_day/chicken_fish/plots/V3Q26BHF3SE2H.png,Animal,50,36,0.12
chicken_fish,Level Change,0.100982486715667,-0.04563318935,0.24273721075,2.70703913129633,3.54257273201039,Restaurant,LBZEEFSBJNB3Z,../../model_fits/finalized_redone_trunc_cp/t2_a5_customer_day/chicken_fish/plots/LBZEEFSBJNB3Z.png,Animal,50,21,0.12
chicken_fish,Level Change,0.093545815607,0.03964215785,0.18292741625,2.79702774986675,3.51023353174351,Restaurant,SAFK7ND1HR6XS,../../model_fits/finalized_redone_trunc_cp/t2_a5_customer_day/chicken_fish/plots/SAFK7ND1HR6XS.png,Animal,50,27,0.12
chicken_fish,Level Change,0.078445460574,-0.0518922906,0.231808066,2.70582771109051,3.53545619517547,Restaurant,S8MT0YGD2KTN9,../../model_fits/finalized_redone_trunc_cp/t2_a5_customer_day/chicken_fish/plots/S8MT0YGD2KTN9.png,Animal,50,25,0.12
chicken_fish,Level Change,0.00758490518533333,-0.18212160025,0.15214380475,2.81294159553165,3.48776958285154,Restaurant,1SQPTEGYPH0GA,../../model_fits/finalized_redone_trunc_cp/t2_a5_customer_day/chicken_fish/plots/1SQPTEGYPH0GA.png,Animal,50,1,0.12
chicken_fish,Level Change,0.0134905813846667,-0.08248391695,0.070552976125,3.05953131401634,3.40161388468909,Restaurant,9XKJD8DQTH559,../../model_fits/finalized_redone_trunc_cp/t2_a5_customer_day/chicken_fish/plots/9XKJD8DQTH559.png,Animal,50,7,0.12
chicken_fish,Level Change,-0.019181771963,-0.075140331,0.036887272775,2.84292911779509,3.46817933885986,Restaurant,9XKJD8DQTH559,../../model_fits/finalized_redone_trunc_cp/t2_a5_customer_day/chicken_fish/plots/9XKJD8DQTH559.png,Animal,50,8,0.12
chicken_fish,Level Change,-0.0673160045623333,-0.11154831025,-0.014324276425,2.67773316394477,3.59343784752848,Restaurant,LQ5EH4BKGV61T,../../model_fits/finalized_redone_trunc_cp/t2_a5_customer_day/chicken_fish/plots/LQ5EH4BKGV61T.png,Animal,50,23,0.12
chicken_fish,Level Change,0.0230510543203333,-0.0303540234,0.066790656275,2.82508422684668,3.48449887173363,Restaurant,78AY09MVJVTYE,../../model_fits/finalized_redone_trunc_cp/t2_a5_customer_day/chicken_fish/plots/78AY09MVJVTYE.png,Animal,50,5,0.12
chicken_fish,Slope Change,6.69910222741667e-4,1.5700264225e-4,9.71483164e-4,2.35010681008276,3.92525264173639,Restaurant,SRQS8F7JWA9MZ,../../model_fits/finalized_redone_trunc_cp/t2_a5_customer_day/chicken_fish/plots/SRQS8F7JWA9MZ.png,Animal,25,15,0.12
chicken_fish,Slope Change,-3.28703171914813e-5,-9.92035405e-5,4.7041050925e-5,1.58538441865323,8.02273106412561,Restaurant,SRQS8F7JWA9MZ,../../model_fits/finalized_redone_trunc_cp/t2_a5_customer_day/chicken_fish/plots/SRQS8F7JWA9MZ.png,Animal,25,16,0.12
chicken_fish,Slope Change,0.0131927545297,-0.1273624305,0.17222862025,2.52570874524798,3.63611960859468,Restaurant,2HRX9P6HKXA8V,../../model_fits/finalized_redone_trunc_cp/t2_a5_customer_day/chicken_fish/plots/2HRX9P6HKXA8V.png,Animal,25,2,0.12
chicken_fish,Slope Change,-0.13093882085,-0.3477873055,0.11189014025,2.70410336923932,3.55901236429596,Restaurant,L69HYJ4Y3TR91,../../model_fits/finalized_redone_trunc_cp/t2_a5_customer_day/chicken_fish/plots/L69HYJ4Y3TR91.png,Animal,25,10,0.12
chicken_fish,Slope Change,0.025836220768,-0.029146535925,0.076092926175,2.52150506614818,3.63241952688167,Restaurant,ED5J990H5VAZT,../../model_fits/finalized_redone_trunc_cp/t2_a5_customer_day/chicken_fish/plots/ED5J990H5VAZT.png,Animal,25,8,0.12
chicken_fish,Slope Change,-0.131030550927,-0.28212634075,-0.034126176075,2.69403089044252,3.55020488616109,Restaurant,W8T41JZK0ZMEP,../../model_fits/finalized_redone_trunc_cp/t2_a5_customer_day/chicken_fish/plots/W8T41JZK0ZMEP.png,Animal,25,21,0.12
chicken_fish,Slope Change,-0.0786895161426333,-0.123494682,0.0090527125575,2.60245333826306,3.60509191288842,Restaurant,W8T41JZK0ZMEP,../../model_fits/finalized_redone_trunc_cp/t2_a5_customer_day/chicken_fish/plots/W8T41JZK0ZMEP.png,Animal,25,22,0.12
chicken_fish,Slope Change,0.064668920742,0.042767628375,0.097001174975,2.40162564449696,3.72921394158686,Restaurant,W8T41JZK0ZMEP,../../model_fits/finalized_redone_trunc_cp/t2_a5_customer_day/chicken_fish/plots/W8T41JZK0ZMEP.png,Animal,25,23,0.12
chicken_fish,Slope Change,-0.0407582846983333,-0.22535629275,0.086885218425,2.62850783177562,3.58465257759972,Restaurant,W8T41JZK0ZMEP,../../model_fits/finalized_redone_trunc_cp/t2_a5_customer_day/chicken_fish/plots/W8T41JZK0ZMEP.png,Animal,25,24,0.12
chicken_fish,Slope Change,0.0314519065056667,-0.040436387125,0.1040512075,2.41650939750849,3.7152222021609,Restaurant,W8T41JZK0ZMEP,../../model_fits/finalized_redone_trunc_cp/t2_a5_customer_day/chicken_fish/plots/W8T41JZK0ZMEP.png,Animal,25,25,0.12
chicken_fish,Slope Change,-0.133025813652667,-0.30806751175,-0.01160555925,2.79517937046726,3.50560316666002,Restaurant,EMBVNVD207CC6,../../model_fits/finalized_redone_trunc_cp/t2_a5_customer_day/chicken_fish/plots/EMBVNVD207CC6.png,Animal,25,9,0.12
chicken_fish,Slope Change,0.0131054252746667,-0.137409754,0.0956774987,2.37677451001624,3.73940048605651,Restaurant,C0BE4NDSW26QN,../../model_fits/finalized_redone_trunc_cp/t2_a5_customer_day/chicken_fish/plots/C0BE4NDSW26QN.png,Animal,25,6,0.12
chicken_fish,Slope Change,0.131879312094,0.06048450985,0.17493426925,2.75048691390865,3.52401162630815,Restaurant,C0BE4NDSW26QN,../../model_fits/finalized_redone_trunc_cp/t2_a5_customer_day/chicken_fish/plots/C0BE4NDSW26QN.png,Animal,25,7,0.12
chicken_fish,Slope Change,-0.0193169921326667,-0.084016093075,0.040171624,2.45354319205242,3.66749818632641,Restaurant,V3Q26BHF3SE2H,../../model_fits/finalized_redone_trunc_cp/t2_a5_customer_day/chicken_fish/plots/V3Q26BHF3SE2H.png,Animal,25,17,0.12
chicken_fish,Slope Change,-0.0463336585343333,-0.14376133075,0.03377932415,2.55758453793732,3.62063541456357,Restaurant,V3Q26BHF3SE2H,../../model_fits/finalized_redone_trunc_cp/t2_a5_customer_day/chicken_fish/plots/V3Q26BHF3SE2H.png,Animal,25,18,0.12
chicken_fish,Slope Change,0.0138261803064667,-0.0724936103,0.10689895125,2.38887582053556,3.71271287154259,Restaurant,V3Q26BHF3SE2H,../../model_fits/finalized_redone_trunc_cp/t2_a5_customer_day/chicken_fish/plots/V3Q26BHF3SE2H.png,Animal,25,19,0.12
chicken_fish,Slope Change,-0.110287943442,-0.345513441,0.055390822575,2.57548546086018,3.6090535807099,Restaurant,V3Q26BHF3SE2H,../../model_fits/finalized_redone_trunc_cp/t2_a5_customer_day/chicken_fish/plots/V3Q26BHF3SE2H.png,Animal,25,20,0.12
chicken_fish,Slope Change,0.0177017579953333,-0.066658069825,0.09935835365,2.54054783290129,3.62292501942978,Restaurant,LBZEEFSBJNB3Z,../../model_fits/finalized_redone_trunc_cp/t2_a5_customer_day/chicken_fish/plots/LBZEEFSBJNB3Z.png,Animal,25,11,0.12
chicken_fish,Slope Change,0.003898919077,-0.14463509175,0.1774671135,2.38583907354382,3.71805233783736,Restaurant,SAFK7ND1HR6XS,../../model_fits/finalized_redone_trunc_cp/t2_a5_customer_day/chicken_fish/plots/SAFK7ND1HR6XS.png,Animal,25,14,0.12
chicken_fish,Slope Change,0.0642994245073333,-0.038118053325,0.25355615425,2.43419032004339,3.71057635927445,Restaurant,S8MT0YGD2KTN9,../../model_fits/finalized_redone_trunc_cp/t2_a5_customer_day/chicken_fish/plots/S8MT0YGD2KTN9.png,Animal,25,13,0.12
chicken_fish,Slope Change,0.00128215433533333,-0.091398518775,0.05394690385,2.66651052185841,3.555800063652,Restaurant,1SQPTEGYPH0GA,../../model_fits/finalized_redone_trunc_cp/t2_a5_customer_day/chicken_fish/plots/1SQPTEGYPH0GA.png,Animal,25,1,0.12
chicken_fish,Slope Change,0.0237463321253333,-0.08284161875,0.20060153125,2.49854069046921,3.64976405147377,Restaurant,9XKJD8DQTH559,../../model_fits/finalized_redone_trunc_cp/t2_a5_customer_day/chicken_fish/plots/9XKJD8DQTH559.png,Animal,25,4,0.12
chicken_fish,Slope Change,0.0682119098973333,-0.072549686425,0.26431644,2.72680707994228,3.51221481400741,Restaurant,9XKJD8DQTH559,../../model_fits/finalized_redone_trunc_cp/t2_a5_customer_day/chicken_fish/plots/9XKJD8DQTH559.png,Animal,25,5,0.12
chicken_fish,Slope Change,0.127964804482333,-0.081072702775,0.254778513,2.71627882814016,3.53598902896284,Restaurant,LQ5EH4BKGV61T,../../model_fits/finalized_redone_trunc_cp/t2_a5_customer_day/chicken_fish/plots/LQ5EH4BKGV61T.png,Animal,25,12,0.12
chicken_fish,Slope Change,0.0148240048377374,-0.00529194559,0.049872377725,2.38633352145802,3.71281534749932,Restaurant,78AY09MVJVTYE,../../model_fits/finalized_redone_trunc_cp/t2_a5_customer_day/chicken_fish/plots/78AY09MVJVTYE.png,Animal,25,3,0.12
chicken_fish,Gender x Level,-6.2049738776722e-6,-2.2223164975e-5,8.369412505e-6,1.69235809770085,4.82194461370139,Restaurant,SRQS8F7JWA9MZ,../../model_fits/finalized_redone_trunc_cp/t2_a5_customer_day/chicken_fish/plots/SRQS8F7JWA9MZ.png,Animal,25,15,0.12
chicken_fish,Level Change,1.9806672888147e-5,-6.5993892325e-6,6.027937855e-5,1.8684896170255,4.61226571816861,Restaurant,SRQS8F7JWA9MZ_1_genderfemale,../../model_fits/finalized_redone_trunc_cp/t2_a5_customer_day/chicken_fish/plots/SRQS8F7JWA9MZ_1_genderfemale.png,Animal,50,31,0.12
chicken_fish,Gender x Level,5.38967143710417e-6,-9.7905950725e-6,2.0348863425e-5,1.69420846858317,4.91534509604702,Restaurant,SRQS8F7JWA9MZ,../../model_fits/finalized_redone_trunc_cp/t2_a5_customer_day/chicken_fish/plots/SRQS8F7JWA9MZ.png,Animal,25,16,0.12
chicken_fish,Level Change,-2.10115558153081e-5,-6.26986247e-5,6.641391605e-6,1.80895622490451,4.78511997621965,Restaurant,SRQS8F7JWA9MZ_2_genderfemale,../../model_fits/finalized_redone_trunc_cp/t2_a5_customer_day/chicken_fish/plots/SRQS8F7JWA9MZ_2_genderfemale.png,Animal,50,32,0.12
chicken_fish,Gender x Level,-0.0596142506946667,-0.10185698275,-0.029856642475,2.62622697488817,3.56757181353943,Restaurant,2HRX9P6HKXA8V,../../model_fits/finalized_redone_trunc_cp/t2_a5_customer_day/chicken_fish/plots/2HRX9P6HKXA8V.png,Animal,25,2,0.12
chicken_fish,Level Change,-0.0233433397136667,-0.05933499525,0.014722425075,3.10283827045774,3.39828231461328,Restaurant,2HRX9P6HKXA8V_1_genderfemale,../../model_fits/finalized_redone_trunc_cp/t2_a5_customer_day/chicken_fish/plots/2HRX9P6HKXA8V_1_genderfemale.png,Animal,50,4,0.12
chicken_fish,Gender x Level,0.007511831518,-0.1295796135,0.11420787,2.64000135539843,3.57314090639302,Restaurant,L69HYJ4Y3TR91,../../model_fits/finalized_redone_trunc_cp/t2_a5_customer_day/chicken_fish/plots/L69HYJ4Y3TR91.png,Animal,25,10,0.12
chicken_fish,Level Change,-0.112295505268333,-0.14828174025,-0.067728477475,2.75434256941271,3.52020801961382,Restaurant,L69HYJ4Y3TR91_1_genderfemale,../../model_fits/finalized_redone_trunc_cp/t2_a5_customer_day/chicken_fish/plots/L69HYJ4Y3TR91_1_genderfemale.png,Animal,50,20,0.12
chicken_fish,Gender x Level,-0.0321289830902,-0.060690153675,0.001159984315,2.46925747863183,3.68710129642216,Restaurant,ED5J990H5VAZT,../../model_fits/finalized_redone_trunc_cp/t2_a5_customer_day/chicken_fish/plots/ED5J990H5VAZT.png,Animal,25,8,0.12
chicken_fish,Level Change,-0.0226031116137667,-0.048454580725,-0.00474324313,2.69013975360001,3.53840447164473,Restaurant,ED5J990H5VAZT_1_genderfemale,../../model_fits/finalized_redone_trunc_cp/t2_a5_customer_day/chicken_fish/plots/ED5J990H5VAZT_1_genderfemale.png,Animal,50,16,0.12
chicken_fish,Gender x Level,0.162306912706667,-0.19489450075,0.59962738725,2.68904379715136,3.52617422036562,Restaurant,W8T41JZK0ZMEP,../../model_fits/finalized_redone_trunc_cp/t2_a5_customer_day/chicken_fish/plots/W8T41JZK0ZMEP.png,Animal,25,21,0.12
chicken_fish,Level Change,-0.0056172124867,-0.13720029025,0.1146065305,2.73561418779884,3.58374278379321,Restaurant,W8T41JZK0ZMEP_1_genderfemale,../../model_fits/finalized_redone_trunc_cp/t2_a5_customer_day/chicken_fish/plots/W8T41JZK0ZMEP_1_genderfemale.png,Animal,50,46,0.12
chicken_fish,Gender x Level,-0.011016148008,-0.0985999449,0.11348607025,2.47710542340281,3.67728027180732,Restaurant,W8T41JZK0ZMEP,../../model_fits/finalized_redone_trunc_cp/t2_a5_customer_day/chicken_fish/plots/W8T41JZK0ZMEP.png,Animal,25,22,0.12
chicken_fish,Level Change,-0.114521177382,-0.240024782,0.03740033135,2.66575874637879,3.53182529465532,Restaurant,W8T41JZK0ZMEP_2_genderfemale,../../model_fits/finalized_redone_trunc_cp/t2_a5_customer_day/chicken_fish/plots/W8T41JZK0ZMEP_2_genderfemale.png,Animal,50,47,0.12
chicken_fish,Gender x Level,-0.121115215077667,-0.30881515975,0.055638430425,2.4195951033959,3.67499248460685,Restaurant,W8T41JZK0ZMEP,../../model_fits/finalized_redone_trunc_cp/t2_a5_customer_day/chicken_fish/plots/W8T41JZK0ZMEP.png,Animal,25,23,0.12
chicken_fish,Level Change,0.166558375313333,0.1282143595,0.21310338025,2.72383567786894,3.52529992873494,Restaurant,W8T41JZK0ZMEP_3_genderfemale,../../model_fits/finalized_redone_trunc_cp/t2_a5_customer_day/chicken_fish/plots/W8T41JZK0ZMEP_3_genderfemale.png,Animal,50,48,0.12
chicken_fish,Gender x Level,0.10831870781,0.065543289925,0.1689202,2.74527428591141,3.52635768627657,Restaurant,W8T41JZK0ZMEP,../../model_fits/finalized_redone_trunc_cp/t2_a5_customer_day/chicken_fish/plots/W8T41JZK0ZMEP.png,Animal,25,24,0.12
chicken_fish,Level Change,0.087192123732,0.047376979975,0.12323506175,2.7409955443737,3.54010831406464,Restaurant,W8T41JZK0ZMEP_4_genderfemale,../../model_fits/finalized_redone_trunc_cp/t2_a5_customer_day/chicken_fish/plots/W8T41JZK0ZMEP_4_genderfemale.png,Animal,50,49,0.12
chicken_fish,Gender x Level,-0.0213896704126667,-0.31211871975,0.16027433,3.26225960937026,3.38705605220406,Restaurant,W8T41JZK0ZMEP,../../model_fits/finalized_redone_trunc_cp/t2_a5_customer_day/chicken_fish/plots/W8T41JZK0ZMEP.png,Animal,25,25,0.12
chicken_fish,Level Change,-0.0703596223796667,-0.16746167,0.082617050775,2.7316668584581,3.54297643499815,Restaurant,W8T41JZK0ZMEP_5_genderfemale,../../model_fits/finalized_redone_trunc_cp/t2_a5_customer_day/chicken_fish/plots/W8T41JZK0ZMEP_5_genderfemale.png,Animal,50,50,0.12
chicken_fish,Gender x Level,0.0530963901519333,-0.0030017646,0.14414931,2.75543628141766,3.51551595584703,Restaurant,EMBVNVD207CC6,../../model_fits/finalized_redone_trunc_cp/t2_a5_customer_day/chicken_fish/plots/EMBVNVD207CC6.png,Animal,25,9,0.12
chicken_fish,Level Change,0.0409837333446667,-0.12684962525,0.286025341,2.58520277413406,3.58204983689593,Restaurant,EMBVNVD207CC6_1_genderfemale,../../model_fits/finalized_redone_trunc_cp/t2_a5_customer_day/chicken_fish/plots/EMBVNVD207CC6_1_genderfemale.png,Animal,50,18,0.12
chicken_fish,Gender x Level,0.00754280329,-0.21833794,0.1260074075,2.49447170169785,3.61283703693048,Restaurant,C0BE4NDSW26QN,../../model_fits/finalized_redone_trunc_cp/t2_a5_customer_day/chicken_fish/plots/C0BE4NDSW26QN.png,Animal,25,6,0.12
chicken_fish,Level Change,0.00495570504566667,-0.040421289525,0.074347962625,3.58946561843072,3.3287984955137,Restaurant,C0BE4NDSW26QN_1_genderfemale,../../model_fits/finalized_redone_trunc_cp/t2_a5_customer_day/chicken_fish/plots/C0BE4NDSW26QN_1_genderfemale.png,Animal,50,13,0.12
chicken_fish,Gender x Level,-0.049833186476,-0.1458455005,0.085553433225,2.74043875049562,3.51823352000009,Restaurant,C0BE4NDSW26QN,../../model_fits/finalized_redone_trunc_cp/t2_a5_customer_day/chicken_fish/plots/C0BE4NDSW26QN.png,Animal,25,7,0.12
chicken_fish,Level Change,-0.0278347264922333,-0.049251581,-0.0054994224325,2.61894661298505,3.55649029306688,Restaurant,C0BE4NDSW26QN_2_genderfemale,../../model_fits/finalized_redone_trunc_cp/t2_a5_customer_day/chicken_fish/plots/C0BE4NDSW26QN_2_genderfemale.png,Animal,50,14,0.12
chicken_fish,Gender x Level,-0.0962220203936667,-0.1899590945,0.0304370717,2.54361368256014,3.59511017699041,Restaurant,V3Q26BHF3SE2H,../../model_fits/finalized_redone_trunc_cp/t2_a5_customer_day/chicken_fish/plots/V3Q26BHF3SE2H.png,Animal,25,17,0.12
chicken_fish,Level Change,-0.0487436619576667,-0.239781251,0.09994212715,2.61749339478256,3.5632053690563,Restaurant,V3Q26BHF3SE2H_1_genderfemale,../../model_fits/finalized_redone_trunc_cp/t2_a5_customer_day/chicken_fish/plots/V3Q26BHF3SE2H_1_genderfemale.png,Animal,50,37,0.12
chicken_fish,Gender x Level,0.0798350977856667,-0.11211133,0.3737689115,2.52069684532856,3.62145898197273,Restaurant,V3Q26BHF3SE2H,../../model_fits/finalized_redone_trunc_cp/t2_a5_customer_day/chicken_fish/plots/V3Q26BHF3SE2H.png,Animal,25,18,0.12
chicken_fish,Level Change,-0.0865442659090333,-0.18088155175,0.00266750603,2.92519300993106,3.45853708830728,Restaurant,V3Q26BHF3SE2H_2_genderfemale,../../model_fits/finalized_redone_trunc_cp/t2_a5_customer_day/chicken_fish/plots/V3Q26BHF3SE2H_2_genderfemale.png,Animal,50,38,0.12
chicken_fish,Gender x Level,-0.057786504025,-0.097649377,0.01208858715,2.42958537989115,3.6725635431584,Restaurant,V3Q26BHF3SE2H,../../model_fits/finalized_redone_trunc_cp/t2_a5_customer_day/chicken_fish/plots/V3Q26BHF3SE2H.png,Animal,25,19,0.12
chicken_fish,Level Change,0.0655423812499633,-0.039212667125,0.23620804525,2.38699682864395,3.71547972879784,Restaurant,V3Q26BHF3SE2H_3_genderfemale,../../model_fits/finalized_redone_trunc_cp/t2_a5_customer_day/chicken_fish/plots/V3Q26BHF3SE2H_3_genderfemale.png,Animal,50,39,0.12
chicken_fish,Gender x Level,-0.222265268287667,-0.48172904075,-0.025221480325,2.91891087346069,3.43653857925851,Restaurant,V3Q26BHF3SE2H,../../model_fits/finalized_redone_trunc_cp/t2_a5_customer_day/chicken_fish/plots/V3Q26BHF3SE2H.png,Animal,25,20,0.12
chicken_fish,Level Change,-9.28623111333331e-5,-0.08944365545,0.084574813925,2.79234862107603,3.51217563860874,Restaurant,V3Q26BHF3SE2H_4_genderfemale,../../model_fits/finalized_redone_trunc_cp/t2_a5_customer_day/chicken_fish/plots/V3Q26BHF3SE2H_4_genderfemale.png,Animal,50,40,0.12
chicken_fish,Gender x Level,-0.018377300263,-0.15121607925,0.057363984675,2.80172759881668,3.49053082470428,Restaurant,LBZEEFSBJNB3Z,../../model_fits/finalized_redone_trunc_cp/t2_a5_customer_day/chicken_fish/plots/LBZEEFSBJNB3Z.png,Animal,25,11,0.12
chicken_fish,Level Change,-0.0433240132046667,-0.29252372025,0.14658509025,2.51303618848854,3.66708320035601,Restaurant,LBZEEFSBJNB3Z_1_genderfemale,../../model_fits/finalized_redone_trunc_cp/t2_a5_customer_day/chicken_fish/plots/LBZEEFSBJNB3Z_1_genderfemale.png,Animal,50,22,0.12
chicken_fish,Gender x Level,0.0896288620493333,0.029540656475,0.15066626225,2.52631816820587,3.59734635409731,Restaurant,SAFK7ND1HR6XS,../../model_fits/finalized_redone_trunc_cp/t2_a5_customer_day/chicken_fish/plots/SAFK7ND1HR6XS.png,Animal,25,14,0.12
chicken_fish,Level Change,-0.0884576265003333,-0.13913433025,-0.05145523895,2.68094310855386,3.55474858050392,Restaurant,SAFK7ND1HR6XS_1_genderfemale,../../model_fits/finalized_redone_trunc_cp/t2_a5_customer_day/chicken_fish/plots/SAFK7ND1HR6XS_1_genderfemale.png,Animal,50,28,0.12
chicken_fish,Gender x Level,0.00250590309233333,-0.047373954175,0.0530195872,2.85852572501544,3.47516584385869,Restaurant,S8MT0YGD2KTN9,../../model_fits/finalized_redone_trunc_cp/t2_a5_customer_day/chicken_fish/plots/S8MT0YGD2KTN9.png,Animal,25,13,0.12
chicken_fish,Level Change,-0.156392075064333,-0.22704897175,-0.076853472325,2.90843943951634,3.44933802731928,Restaurant,S8MT0YGD2KTN9_1_genderfemale,../../model_fits/finalized_redone_trunc_cp/t2_a5_customer_day/chicken_fish/plots/S8MT0YGD2KTN9_1_genderfemale.png,Animal,50,26,0.12
chicken_fish,Gender x Level,-0.082181484607,-0.13241852025,-0.029095345725,2.43255543549606,3.66659122636409,Restaurant,1SQPTEGYPH0GA,../../model_fits/finalized_redone_trunc_cp/t2_a5_customer_day/chicken_fish/plots/1SQPTEGYPH0GA.png,Animal,25,1,0.12
chicken_fish,Level Change,-0.095115650747,-0.1380280455,-0.0435270535,2.66635471677612,3.53347806461862,Restaurant,1SQPTEGYPH0GA_1_genderfemale,../../model_fits/finalized_redone_trunc_cp/t2_a5_customer_day/chicken_fish/plots/1SQPTEGYPH0GA_1_genderfemale.png,Animal,50,2,0.12
chicken_fish,Gender x Level,0.054368743956,-0.18880692025,0.272972444,3.03971606852301,3.40215482829503,Restaurant,9XKJD8DQTH559,../../model_fits/finalized_redone_trunc_cp/t2_a5_customer_day/chicken_fish/plots/9XKJD8DQTH559.png,Animal,25,4,0.12
chicken_fish,Level Change,0.0332086565756667,-0.13454783025,0.18613209025,2.78393786457187,3.49970813525916,Restaurant,9XKJD8DQTH559_1_genderfemale,../../model_fits/finalized_redone_trunc_cp/t2_a5_customer_day/chicken_fish/plots/9XKJD8DQTH559_1_genderfemale.png,Animal,50,9,0.12
chicken_fish,Gender x Level,-0.0858847109966,-0.15445421325,-0.001310464855,2.64410929122976,3.54595278896207,Restaurant,9XKJD8DQTH559,../../model_fits/finalized_redone_trunc_cp/t2_a5_customer_day/chicken_fish/plots/9XKJD8DQTH559.png,Animal,25,5,0.12
chicken_fish,Level Change,-0.0567097400166667,-0.2088835305,0.1832235405,2.66967405600425,3.53915076148115,Restaurant,9XKJD8DQTH559_2_genderfemale,../../model_fits/finalized_redone_trunc_cp/t2_a5_customer_day/chicken_fish/plots/9XKJD8DQTH559_2_genderfemale.png,Animal,50,10,0.12
chicken_fish,Gender x Level,-0.00417992871233333,-0.17332779025,0.089293087325,2.70048081853211,3.53820454039257,Restaurant,LQ5EH4BKGV61T,../../model_fits/finalized_redone_trunc_cp/t2_a5_customer_day/chicken_fish/plots/LQ5EH4BKGV61T.png,Animal,25,12,0.12
chicken_fish,Level Change,-0.04836743694,-0.154531503,0.1436587815,2.47585830927874,3.64621273777833,Restaurant,LQ5EH4BKGV61T_1_genderfemale,../../model_fits/finalized_redone_trunc_cp/t2_a5_customer_day/chicken_fish/plots/LQ5EH4BKGV61T_1_genderfemale.png,Animal,50,24,0.12
chicken_fish,Gender x Level,-0.0405996972987,-0.062477542075,0.0022069861175,2.53211285603905,3.59353293747868,Restaurant,78AY09MVJVTYE,../../model_fits/finalized_redone_trunc_cp/t2_a5_customer_day/chicken_fish/plots/78AY09MVJVTYE.png,Animal,25,3,0.12
chicken_fish,Level Change,-0.0692654583816667,-0.089873788075,-0.045907313925,2.70417343134645,3.51605235506456,Restaurant,78AY09MVJVTYE_1_genderfemale,../../model_fits/finalized_redone_trunc_cp/t2_a5_customer_day/chicken_fish/plots/78AY09MVJVTYE_1_genderfemale.png,Animal,50,6,0.12
vegetarian,Level Change,-0.00516219365504367,-0.0963056254,0.0823283366,1.00286823253945,1204.17748749537,Restaurant,SRQS8F7JWA9MZ,../../model_fits/finalized_redone_trunc_cp/t2_a5_customer_day/vegetarian/plots/SRQS8F7JWA9MZ.png,Plant-based,50,29,0.12
vegetarian,Level Change,0.0610807471479487,-0.02609391775,0.1541198745,1.00326921623281,1036.76145263905,Restaurant,SRQS8F7JWA9MZ,../../model_fits/finalized_redone_trunc_cp/t2_a5_customer_day/vegetarian/plots/SRQS8F7JWA9MZ.png,Plant-based,50,30,0.12
vegetarian,Level Change,-0.0526973558360873,-0.174575188,0.0658768608250001,1.00559986580379,1323.31740996839,Restaurant,2HRX9P6HKXA8V,../../model_fits/finalized_redone_trunc_cp/t2_a5_customer_day/vegetarian/plots/2HRX9P6HKXA8V.png,Plant-based,50,3,0.12
vegetarian,Level Change,-0.0100230610842747,-0.161790706,0.16265120725,1.00271315298897,1042.52528796634,Restaurant,L69HYJ4Y3TR91,../../model_fits/finalized_redone_trunc_cp/t2_a5_customer_day/vegetarian/plots/L69HYJ4Y3TR91.png,Plant-based,50,19,0.12
vegetarian,Level Change,-0.0158202130632043,-0.079640113775,0.050651493175,1.00346187626664,1183.34400279451,Restaurant,ED5J990H5VAZT,../../model_fits/finalized_redone_trunc_cp/t2_a5_customer_day/vegetarian/plots/ED5J990H5VAZT.png,Plant-based,50,15,0.12
vegetarian,Level Change,-0.0365257859172637,-0.24767392875,0.1392460395,1.00347454440773,739.308691755221,Restaurant,W8T41JZK0ZMEP,../../model_fits/finalized_redone_trunc_cp/t2_a5_customer_day/vegetarian/plots/W8T41JZK0ZMEP.png,Plant-based,50,41,0.12
vegetarian,Level Change,0.2343246026863,0.0557421259,0.4525294715,1.00687513322765,436.594976114176,Restaurant,W8T41JZK0ZMEP,../../model_fits/finalized_redone_trunc_cp/t2_a5_customer_day/vegetarian/plots/W8T41JZK0ZMEP.png,Plant-based,50,42,0.12
vegetarian,Level Change,0.03707085250441,-0.1375738195,0.198692884,1.00434245600317,1322.2775581642,Restaurant,W8T41JZK0ZMEP,../../model_fits/finalized_redone_trunc_cp/t2_a5_customer_day/vegetarian/plots/W8T41JZK0ZMEP.png,Plant-based,50,43,0.12
vegetarian,Level Change,0.0515222038914933,-0.12616690725,0.214212048,1.00201503562828,1464.95019863136,Restaurant,W8T41JZK0ZMEP,../../model_fits/finalized_redone_trunc_cp/t2_a5_customer_day/vegetarian/plots/W8T41JZK0ZMEP.png,Plant-based,50,44,0.12
vegetarian,Level Change,0.080673318604865707,-0.11800391775,0.3087069715,1.00452946167292,1265.48713307648,Restaurant,W8T41JZK0ZMEP,../../model_fits/finalized_redone_trunc_cp/t2_a5_customer_day/vegetarian/plots/W8T41JZK0ZMEP.png,Plant-based,50,45,0.12
vegetarian,Level Change,0.130955506807039,-0.068343938175,0.430024139,1.01731912321637,293.368204687474,Restaurant,EMBVNVD207CC6,../../model_fits/finalized_redone_trunc_cp/t2_a5_customer_day/vegetarian/plots/EMBVNVD207CC6.png,Plant-based,50,17,0.12
vegetarian,Level Change,-0.0710384881785243,-0.32626228350000003,0.19197221725,1.00103415782157,1189.41577141779,Restaurant,C0BE4NDSW26QN,../../model_fits/finalized_redone_trunc_cp/t2_a5_customer_day/vegetarian/plots/C0BE4NDSW26QN.png,Plant-based,50,11,0.12
vegetarian,Level Change,-0.080785614813138,-0.3403691655,0.16397763575,1.00222512744682,1173.4869120542,Restaurant,C0BE4NDSW26QN,../../model_fits/finalized_redone_trunc_cp/t2_a5_customer_day/vegetarian/plots/C0BE4NDSW26QN.png,Plant-based,50,12,0.12
vegetarian,Level Change,-0.109233197654092,-0.3375774825,0.0682878429500001,1.0031046298545,520.018162567291,Restaurant,V3Q26BHF3SE2H,../../model_fits/finalized_redone_trunc_cp/t2_a5_customer_day/vegetarian/plots/V3Q26BHF3SE2H.png,Plant-based,50,33,0.12
vegetarian,Level Change,0.143890037650638,-0.0224212209,0.3628951545,1.00513227876657,577.057694427406,Restaurant,V3Q26BHF3SE2H,../../model_fits/finalized_redone_trunc_cp/t2_a5_customer_day/vegetarian/plots/V3Q26BHF3SE2H.png,Plant-based,50,34,0.12
vegetarian,Level Change,-0.00955073616616853,-0.153051212,0.11697712675,1.00452145310746,1349.36132587371,Restaurant,V3Q26BHF3SE2H,../../model_fits/finalized_redone_trunc_cp/t2_a5_customer_day/vegetarian/plots/V3Q26BHF3SE2H.png,Plant-based,50,35,0.12
vegetarian,Level Change,0.119474106294796,-0.02054346825,0.28908498975,1.00363280625067,710.365274931143,Restaurant,V3Q26BHF3SE2H,../../model_fits/finalized_redone_trunc_cp/t2_a5_customer_day/vegetarian/plots/V3Q26BHF3SE2H.png,Plant-based,50,36,0.12
vegetarian,Level Change,0.0477917361655767,-0.080952314975,0.206571858,1.00508567375117,585.853025285503,Restaurant,LBZEEFSBJNB3Z,../../model_fits/finalized_redone_trunc_cp/t2_a5_customer_day/vegetarian/plots/LBZEEFSBJNB3Z.png,Plant-based,50,21,0.12
vegetarian,Level Change,-0.0874724107392487,-0.2143196845,0.0213590768250001,1.0099757071635,723.900498713283,Restaurant,SAFK7ND1HR6XS,../../model_fits/finalized_redone_trunc_cp/t2_a5_customer_day/vegetarian/plots/SAFK7ND1HR6XS.png,Plant-based,50,27,0.12
vegetarian,Level Change,-0.100946458567052,-0.2137947515,-8.28655842249993e-4,1.00729951949102,838.210557885911,Restaurant,S8MT0YGD2KTN9,../../model_fits/finalized_redone_trunc_cp/t2_a5_customer_day/vegetarian/plots/S8MT0YGD2KTN9.png,Plant-based,50,25,0.12
vegetarian,Level Change,0.0188904187804782,-0.1346009995,0.21993360575,1.00645857817926,1020.65176640375,Restaurant,1SQPTEGYPH0GA,../../model_fits/finalized_redone_trunc_cp/t2_a5_customer_day/vegetarian/plots/1SQPTEGYPH0GA.png,Plant-based,50,1,0.12
vegetarian,Level Change,-0.178878729743267,-0.39386237625,0.00990576066500003,1.00335706916893,1129.20757236898,Restaurant,9XKJD8DQTH559,../../model_fits/finalized_redone_trunc_cp/t2_a5_customer_day/vegetarian/plots/9XKJD8DQTH559.png,Plant-based,50,7,0.12
vegetarian,Level Change,-0.156174591649337,-0.3426867745,0.029743166325,1.00526887010304,1234.5187653133,Restaurant,9XKJD8DQTH559,../../model_fits/finalized_redone_trunc_cp/t2_a5_customer_day/vegetarian/plots/9XKJD8DQTH559.png,Plant-based,50,8,0.12
vegetarian,Level Change,0.0284731293917667,-0.169821047,0.31901582925,1.00280938517619,956.048340917112,Restaurant,LQ5EH4BKGV61T,../../model_fits/finalized_redone_trunc_cp/t2_a5_customer_day/vegetarian/plots/LQ5EH4BKGV61T.png,Plant-based,50,23,0.12
vegetarian,Level Change,-0.0719784877867167,-0.1919772995,0.023506093525,1.01514252483124,334.156843639619,Restaurant,78AY09MVJVTYE,../../model_fits/finalized_redone_trunc_cp/t2_a5_customer_day/vegetarian/plots/78AY09MVJVTYE.png,Plant-based,50,5,0.12
vegetarian,Slope Change,-0.00153955682029333,-0.16775697275,0.25049403225,1.00168797384849,1562.44063314563,Restaurant,SRQS8F7JWA9MZ,../../model_fits/finalized_redone_trunc_cp/t2_a5_customer_day/vegetarian/plots/SRQS8F7JWA9MZ.png,Plant-based,25,15,0.12
vegetarian,Slope Change,-0.0447685872052412,-0.29515291625,0.11731907925,1.00418836110205,1568.75945715825,Restaurant,SRQS8F7JWA9MZ,../../model_fits/finalized_redone_trunc_cp/t2_a5_customer_day/vegetarian/plots/SRQS8F7JWA9MZ.png,Plant-based,25,16,0.12
vegetarian,Slope Change,0.0187066881643517,-0.04883719665,0.0892030281,1.00727136587487,391.140487357828,Restaurant,2HRX9P6HKXA8V,../../model_fits/finalized_redone_trunc_cp/t2_a5_customer_day/vegetarian/plots/2HRX9P6HKXA8V.png,Plant-based,25,2,0.12
vegetarian,Slope Change,-0.0615410675026146,-0.36145844575,0.21317542775,1.00484509126047,469.554902189008,Restaurant,L69HYJ4Y3TR91,../../model_fits/finalized_redone_trunc_cp/t2_a5_customer_day/vegetarian/plots/L69HYJ4Y3TR91.png,Plant-based,25,10,0.12
vegetarian,Slope Change,-0.135393441884867,-0.22782827925,-0.04324065525,0.99949412543471,797.221529606902,Restaurant,ED5J990H5VAZT,../../model_fits/finalized_redone_trunc_cp/t2_a5_customer_day/vegetarian/plots/ED5J990H5VAZT.png,Plant-based,25,8,0.12
vegetarian,Slope Change,0.0291716117898501,-0.22666101475,0.331911616,1.00611571150976,1483.3848418881,Restaurant,W8T41JZK0ZMEP,../../model_fits/finalized_redone_trunc_cp/t2_a5_customer_day/vegetarian/plots/W8T41JZK0ZMEP.png,Plant-based,25,21,0.12
vegetarian,Slope Change,0.016026414206903,-0.23840704225,0.271627459,1.00241988530466,1789.49798630429,Restaurant,W8T41JZK0ZMEP,../../model_fits/finalized_redone_trunc_cp/t2_a5_customer_day/vegetarian/plots/W8T41JZK0ZMEP.png,Plant-based,25,22,0.12
vegetarian,Slope Change,-0.009864076251231,-0.33332178675,0.2234943745,1.00611625926847,1864.03972590251,Restaurant,W8T41JZK0ZMEP,../../model_fits/finalized_redone_trunc_cp/t2_a5_customer_day/vegetarian/plots/W8T41JZK0ZMEP.png,Plant-based,25,23,0.12
vegetarian,Slope Change,-0.00382299572109062,-0.2763477485,0.24101086675,1.00252092561311,1822.69148741333,Restaurant,W8T41JZK0ZMEP,../../model_fits/finalized_redone_trunc_cp/t2_a5_customer_day/vegetarian/plots/W8T41JZK0ZMEP.png,Plant-based,25,24,0.12
vegetarian,Slope Change,0.0237100994293077,-0.20559532075,0.30377840575,1.00022767658579,1724.9095423339,Restaurant,W8T41JZK0ZMEP,../../model_fits/finalized_redone_trunc_cp/t2_a5_customer_day/vegetarian/plots/W8T41JZK0ZMEP.png,Plant-based,25,25,0.12
vegetarian,Slope Change,0.276617772207167,0.061511978575,0.491752507,1.01006229247155,358.838430474451,Restaurant,EMBVNVD207CC6,../../model_fits/finalized_redone_trunc_cp/t2_a5_customer_day/vegetarian/plots/EMBVNVD207CC6.png,Plant-based,25,9,0.12
vegetarian,Slope Change,-0.00906018429917767,-0.20217953675,0.1489425645,1.00097565194657,1121.64109406659,Restaurant,C0BE4NDSW26QN,../../model_fits/finalized_redone_trunc_cp/t2_a5_customer_day/vegetarian/plots/C0BE4NDSW26QN.png,Plant-based,25,6,0.12
vegetarian,Slope Change,0.0195514351680273,-0.140468766,0.21854070575,1.00696093763451,1068.98640601352,Restaurant,C0BE4NDSW26QN,../../model_fits/finalized_redone_trunc_cp/t2_a5_customer_day/vegetarian/plots/C0BE4NDSW26QN.png,Plant-based,25,7,0.12
vegetarian,Slope Change,-0.0833191567805897,-0.38607067325,0.15060527725,1.00560081046437,1708.86600202805,Restaurant,V3Q26BHF3SE2H,../../model_fits/finalized_redone_trunc_cp/t2_a5_customer_day/vegetarian/plots/V3Q26BHF3SE2H.png,Plant-based,25,17,0.12
vegetarian,Slope Change,-0.0739643629666333,-0.36044093525,0.144834916,1.00301045082361,1731.67113878695,Restaurant,V3Q26BHF3SE2H,../../model_fits/finalized_redone_trunc_cp/t2_a5_customer_day/vegetarian/plots/V3Q26BHF3SE2H.png,Plant-based,25,18,0.12
vegetarian,Slope Change,-0.039307376175049,-0.24687077825,0.238764974000001,1.00308334931635,1616.77976291214,Restaurant,V3Q26BHF3SE2H,../../model_fits/finalized_redone_trunc_cp/t2_a5_customer_day/vegetarian/plots/V3Q26BHF3SE2H.png,Plant-based,25,19,0.12
vegetarian,Slope Change,-0.0425993397910989,-0.258538942,0.24174883575,0.999963367279547,1481.99368626585,Restaurant,V3Q26BHF3SE2H,../../model_fits/finalized_redone_trunc_cp/t2_a5_customer_day/vegetarian/plots/V3Q26BHF3SE2H.png,Plant-based,25,20,0.12
vegetarian,Slope Change,0.132293148954171,-0.0654934642,0.342337985,1.00324337574575,826.248228288972,Restaurant,LBZEEFSBJNB3Z,../../model_fits/finalized_redone_trunc_cp/t2_a5_customer_day/vegetarian/plots/LBZEEFSBJNB3Z.png,Plant-based,25,11,0.12
vegetarian,Slope Change,-0.0820625160729083,-0.42337786925,0.18743103025,1.00331755882722,912.297164426812,Restaurant,SAFK7ND1HR6XS,../../model_fits/finalized_redone_trunc_cp/t2_a5_customer_day/vegetarian/plots/SAFK7ND1HR6XS.png,Plant-based,25,14,0.12
vegetarian,Slope Change,-0.05247021566273,-0.1384486655,0.040449430725,1.00584694961907,730.055650278214,Restaurant,S8MT0YGD2KTN9,../../model_fits/finalized_redone_trunc_cp/t2_a5_customer_day/vegetarian/plots/S8MT0YGD2KTN9.png,Plant-based,25,13,0.12
vegetarian,Slope Change,0.129034558796146,-0.013452183325,0.27243715975,1.0032294049824,736.618224727157,Restaurant,1SQPTEGYPH0GA,../../model_fits/finalized_redone_trunc_cp/t2_a5_customer_day/vegetarian/plots/1SQPTEGYPH0GA.png,Plant-based,25,1,0.12
vegetarian,Slope Change,0.0241571338325467,-0.21141257225,0.24369535125,1.00274448511456,680.019641519187,Restaurant,9XKJD8DQTH559,../../model_fits/finalized_redone_trunc_cp/t2_a5_customer_day/vegetarian/plots/9XKJD8DQTH559.png,Plant-based,25,4,0.12
vegetarian,Slope Change,0.032415153266112,-0.1857811995,0.263054647,1.01045146383582,438.491119047356,Restaurant,9XKJD8DQTH559,../../model_fits/finalized_redone_trunc_cp/t2_a5_customer_day/vegetarian/plots/9XKJD8DQTH559.png,Plant-based,25,5,0.12
vegetarian,Slope Change,0.0186319753200467,-0.2835065385,0.35815038325,1.00098123594005,1328.44209997637,Restaurant,LQ5EH4BKGV61T,../../model_fits/finalized_redone_trunc_cp/t2_a5_customer_day/vegetarian/plots/LQ5EH4BKGV61T.png,Plant-based,25,12,0.12
vegetarian,Slope Change,-0.0835395642385,-0.128444614,-0.037068349425,1.00413717475339,552.188483374065,Restaurant,78AY09MVJVTYE,../../model_fits/finalized_redone_trunc_cp/t2_a5_customer_day/vegetarian/plots/78AY09MVJVTYE.png,Plant-based,25,3,0.12
vegetarian,Gender x Level,0.0586655385014663,-0.033481607275,0.16994706,1.00334629071661,1229.40216462284,Restaurant,SRQS8F7JWA9MZ,../../model_fits/finalized_redone_trunc_cp/t2_a5_customer_day/vegetarian/plots/SRQS8F7JWA9MZ.png,Plant-based,25,15,0.12
vegetarian,Level Change,-0.108064237402598,-0.22720796225,-0.01277438625,1.00476712004498,613.334077492833,Restaurant,SRQS8F7JWA9MZ_1_genderfemale,../../model_fits/finalized_redone_trunc_cp/t2_a5_customer_day/vegetarian/plots/SRQS8F7JWA9MZ_1_genderfemale.png,Plant-based,50,31,0.12
vegetarian,Gender x Level,-0.0394259024310727,-0.15216486875,0.0576248156,1.00452107524762,1046.77030628787,Restaurant,SRQS8F7JWA9MZ,../../model_fits/finalized_redone_trunc_cp/t2_a5_customer_day/vegetarian/plots/SRQS8F7JWA9MZ.png,Plant-based,25,16,0.12
vegetarian,Level Change,0.06382479769077,-0.03466043245,0.1868580605,1.00595822782833,648.08583293754,Restaurant,SRQS8F7JWA9MZ_2_genderfemale,../../model_fits/finalized_redone_trunc_cp/t2_a5_customer_day/vegetarian/plots/SRQS8F7JWA9MZ_2_genderfemale.png,Plant-based,50,32,0.12
vegetarian,Gender x Level,0.0220155349246473,-0.082315063125,0.12168889775,1.00352872231962,1544.21217268269,Restaurant,2HRX9P6HKXA8V,../../model_fits/finalized_redone_trunc_cp/t2_a5_customer_day/vegetarian/plots/2HRX9P6HKXA8V.png,Plant-based,25,2,0.12
vegetarian,Level Change,-0.0715526697462271,-0.19530984,0.044927643375,1.006999497808,1950.4548557658,Restaurant,2HRX9P6HKXA8V_1_genderfemale,../../model_fits/finalized_redone_trunc_cp/t2_a5_customer_day/vegetarian/plots/2HRX9P6HKXA8V_1_genderfemale.png,Plant-based,50,4,0.12
vegetarian,Gender x Level,0.172288686543,0.039520271575,0.335917625,1.01143140557014,489.743279102893,Restaurant,L69HYJ4Y3TR91,../../model_fits/finalized_redone_trunc_cp/t2_a5_customer_day/vegetarian/plots/L69HYJ4Y3TR91.png,Plant-based,25,10,0.12
vegetarian,Level Change,-0.0165061735749173,-0.173094457,0.18170522825,1.01201017354209,320.766331861418,Restaurant,L69HYJ4Y3TR91_1_genderfemale,../../model_fits/finalized_redone_trunc_cp/t2_a5_customer_day/vegetarian/plots/L69HYJ4Y3TR91_1_genderfemale.png,Plant-based,50,20,0.12
vegetarian,Gender x Level,0.135877960369667,0.088002245175,0.18392904075,1.00711135112309,1550.88674199965,Restaurant,ED5J990H5VAZT,../../model_fits/finalized_redone_trunc_cp/t2_a5_customer_day/vegetarian/plots/ED5J990H5VAZT.png,Plant-based,25,8,0.12
vegetarian,Level Change,0.0919864246011333,0.040830541975,0.142151521,1.00440255821957,2589.39880661952,Restaurant,ED5J990H5VAZT_1_genderfemale,../../model_fits/finalized_redone_trunc_cp/t2_a5_customer_day/vegetarian/plots/ED5J990H5VAZT_1_genderfemale.png,Plant-based,50,16,0.12
vegetarian,Gender x Level,-0.15635834407249,-0.54091792725,0.061979878175,1.00864395518004,905.487500818141,Restaurant,W8T41JZK0ZMEP,../../model_fits/finalized_redone_trunc_cp/t2_a5_customer_day/vegetarian/plots/W8T41JZK0ZMEP.png,Plant-based,25,21,0.12
vegetarian,Level Change,-0.0183895087317477,-0.178929753,0.15280131025,1.00082300979958,1053.07556622413,Restaurant,W8T41JZK0ZMEP_1_genderfemale,../../model_fits/finalized_redone_trunc_cp/t2_a5_customer_day/vegetarian/plots/W8T41JZK0ZMEP_1_genderfemale.png,Plant-based,50,46,0.12
vegetarian,Gender x Level,-0.100229907780735,-0.2839836615,0.0646760959500002,1.00692859609505,652.721862537251,Restaurant,W8T41JZK0ZMEP,../../model_fits/finalized_redone_trunc_cp/t2_a5_customer_day/vegetarian/plots/W8T41JZK0ZMEP.png,Plant-based,25,22,0.12
vegetarian,Level Change,0.003768537841075,-0.12753471075,0.1675879205,1.00208830844284,1419.3678399993,Restaurant,W8T41JZK0ZMEP_2_genderfemale,../../model_fits/finalized_redone_trunc_cp/t2_a5_customer_day/vegetarian/plots/W8T41JZK0ZMEP_2_genderfemale.png,Plant-based,50,47,0.12
vegetarian,Gender x Level,-0.076564009191235,-0.30136575475,0.134113813,1.00293158307879,1920.50937785278,Restaurant,W8T41JZK0ZMEP,../../model_fits/finalized_redone_trunc_cp/t2_a5_customer_day/vegetarian/plots/W8T41JZK0ZMEP.png,Plant-based,25,23,0.12
vegetarian,Level Change,-0.00433929541287667,-0.15923584025,0.168953757,1.00315129839597,1223.44299931509,Restaurant,W8T41JZK0ZMEP_3_genderfemale,../../model_fits/finalized_redone_trunc_cp/t2_a5_customer_day/vegetarian/plots/W8T41JZK0ZMEP_3_genderfemale.png,Plant-based,50,48,0.12
vegetarian,Gender x Level,-0.14898638536799,-0.4938004225,0.0486612802500001,1.0073394049144,388.788742628519,Restaurant,W8T41JZK0ZMEP,../../model_fits/finalized_redone_trunc_cp/t2_a5_customer_day/vegetarian/plots/W8T41JZK0ZMEP.png,Plant-based,25,24,0.12
vegetarian,Level Change,-0.0579761762345273,-0.2479194295,0.0883283623250001,1.00116723813648,1567.11126216867,Restaurant,W8T41JZK0ZMEP_4_genderfemale,../../model_fits/finalized_redone_trunc_cp/t2_a5_customer_day/vegetarian/plots/W8T41JZK0ZMEP_4_genderfemale.png,Plant-based,50,49,0.12
vegetarian,Gender x Level,0.170188726217583,-0.08737399415,0.64648366075,1.00832865440658,544.806360434031,Restaurant,W8T41JZK0ZMEP,../../model_fits/finalized_redone_trunc_cp/t2_a5_customer_day/vegetarian/plots/W8T41JZK0ZMEP.png,Plant-based,25,25,0.12
vegetarian,Level Change,-0.033026425952051,-0.21340856275,0.13891580025,1.0048130905468,1730.09289513243,Restaurant,W8T41JZK0ZMEP_5_genderfemale,../../model_fits/finalized_redone_trunc_cp/t2_a5_customer_day/vegetarian/plots/W8T41JZK0ZMEP_5_genderfemale.png,Plant-based,50,50,0.12
vegetarian,Gender x Level,-0.069486467360681,-0.2615354725,0.0892316576000001,1.00171579650983,607.933133035912,Restaurant,EMBVNVD207CC6,../../model_fits/finalized_redone_trunc_cp/t2_a5_customer_day/vegetarian/plots/EMBVNVD207CC6.png,Plant-based,25,9,0.12
vegetarian,Level Change,-0.147237255317896,-0.4065581815,0.078185271875,1.00463277033328,589.386580678317,Restaurant,EMBVNVD207CC6_1_genderfemale,../../model_fits/finalized_redone_trunc_cp/t2_a5_customer_day/vegetarian/plots/EMBVNVD207CC6_1_genderfemale.png,Plant-based,50,18,0.12
vegetarian,Gender x Level,0.07195503948107,-0.180556781,0.33691236225,1.00766152770835,1256.15492853541,Restaurant,C0BE4NDSW26QN,../../model_fits/finalized_redone_trunc_cp/t2_a5_customer_day/vegetarian/plots/C0BE4NDSW26QN.png,Plant-based,25,6,0.12
vegetarian,Level Change,0.0554703187418,-0.11688912625,0.24417777425,1.00477054667662,994.643340171424,Restaurant,C0BE4NDSW26QN_1_genderfemale,../../model_fits/finalized_redone_trunc_cp/t2_a5_customer_day/vegetarian/plots/C0BE4NDSW26QN_1_genderfemale.png,Plant-based,50,13,0.12
vegetarian,Gender x Level,0.0634065328844767,-0.20149322925,0.31362705,1.00703987612299,1325.75470305455,Restaurant,C0BE4NDSW26QN,../../model_fits/finalized_redone_trunc_cp/t2_a5_customer_day/vegetarian/plots/C0BE4NDSW26QN.png,Plant-based,25,7,0.12
vegetarian,Level Change,0.0434783061429717,-0.13817434325,0.21598415075,1.00320248812145,1403.31564074965,Restaurant,C0BE4NDSW26QN_2_genderfemale,../../model_fits/finalized_redone_trunc_cp/t2_a5_customer_day/vegetarian/plots/C0BE4NDSW26QN_2_genderfemale.png,Plant-based,50,14,0.12
vegetarian,Gender x Level,-0.0877581683607067,-0.363219856,0.0976149094750003,1.00668982273985,1148.70051495568,Restaurant,V3Q26BHF3SE2H,../../model_fits/finalized_redone_trunc_cp/t2_a5_customer_day/vegetarian/plots/V3Q26BHF3SE2H.png,Plant-based,25,17,0.12
vegetarian,Level Change,-0.0123888800621768,-0.2003109665,0.12722434775,1.00291935149361,1479.33653172501,Restaurant,V3Q26BHF3SE2H_1_genderfemale,../../model_fits/finalized_redone_trunc_cp/t2_a5_customer_day/vegetarian/plots/V3Q26BHF3SE2H_1_genderfemale.png,Plant-based,50,37,0.12
vegetarian,Gender x Level,0.103106858295289,-0.0758874305,0.37337372925,1.00857744924013,582.740989274968,Restaurant,V3Q26BHF3SE2H,../../model_fits/finalized_redone_trunc_cp/t2_a5_customer_day/vegetarian/plots/V3Q26BHF3SE2H.png,Plant-based,25,18,0.12
vegetarian,Level Change,0.0082315076257669,-0.15703642425,0.1573940625,1.00234354970649,1499.65326907358,Restaurant,V3Q26BHF3SE2H_2_genderfemale,../../model_fits/finalized_redone_trunc_cp/t2_a5_customer_day/vegetarian/plots/V3Q26BHF3SE2H_2_genderfemale.png,Plant-based,50,38,0.12
vegetarian,Gender x Level,0.0747556500280333,-0.06287528405,0.25317024875,1.00581287414312,975.495454974838,Restaurant,V3Q26BHF3SE2H,../../model_fits/finalized_redone_trunc_cp/t2_a5_customer_day/vegetarian/plots/V3Q26BHF3SE2H.png,Plant-based,25,19,0.12
vegetarian,Level Change,0.0370172032402827,-0.09203019,0.16888466775,1.00067003685563,1533.80929884973,Restaurant,V3Q26BHF3SE2H_3_genderfemale,../../model_fits/finalized_redone_trunc_cp/t2_a5_customer_day/vegetarian/plots/V3Q26BHF3SE2H_3_genderfemale.png,Plant-based,50,39,0.12
vegetarian,Gender x Level,-0.0683208163557787,-0.2735839155,0.089571589125,1.006517584151,917.977308635115,Restaurant,V3Q26BHF3SE2H,../../model_fits/finalized_redone_trunc_cp/t2_a5_customer_day/vegetarian/plots/V3Q26BHF3SE2H.png,Plant-based,25,20,0.12
vegetarian,Level Change,0.0959064712669553,-0.042496210975,0.2725260075,1.00359700227683,1165.7327410894,Restaurant,V3Q26BHF3SE2H_4_genderfemale,../../model_fits/finalized_redone_trunc_cp/t2_a5_customer_day/vegetarian/plots/V3Q26BHF3SE2H_4_genderfemale.png,Plant-based,50,40,0.12
vegetarian,Gender x Level,-0.0109393671693987,-0.145300918,0.11064641475,1.00045363967477,1398.41999354492,Restaurant,LBZEEFSBJNB3Z,../../model_fits/finalized_redone_trunc_cp/t2_a5_customer_day/vegetarian/plots/LBZEEFSBJNB3Z.png,Plant-based,25,11,0.12
vegetarian,Level Change,0.169807080674033,0.048492244325,0.2882346365,1.00340798327387,1381.36001888161,Restaurant,LBZEEFSBJNB3Z_1_genderfemale,../../model_fits/finalized_redone_trunc_cp/t2_a5_customer_day/vegetarian/plots/LBZEEFSBJNB3Z_1_genderfemale.png,Plant-based,50,22,0.12
vegetarian,Gender x Level,0.103649174370797,0.00418446423,0.21124545425,1.00204209925784,1302.76151218515,Restaurant,SAFK7ND1HR6XS,../../model_fits/finalized_redone_trunc_cp/t2_a5_customer_day/vegetarian/plots/SAFK7ND1HR6XS.png,Plant-based,25,14,0.12
vegetarian,Level Change,0.0682164788183867,-0.044136602025,0.185321123,1.00370823108614,819.812164704129,Restaurant,SAFK7ND1HR6XS_1_genderfemale,../../model_fits/finalized_redone_trunc_cp/t2_a5_customer_day/vegetarian/plots/SAFK7ND1HR6XS_1_genderfemale.png,Plant-based,50,28,0.12
vegetarian,Gender x Level,0.0304370639285957,-0.0487406731,0.11304686225,1.00257145694929,1027.6735139942,Restaurant,S8MT0YGD2KTN9,../../model_fits/finalized_redone_trunc_cp/t2_a5_customer_day/vegetarian/plots/S8MT0YGD2KTN9.png,Plant-based,25,13,0.12
vegetarian,Level Change,0.152249135816288,0.056294685475,0.25263541325,1.00138082683196,1641.66072224098,Restaurant,S8MT0YGD2KTN9_1_genderfemale,../../model_fits/finalized_redone_trunc_cp/t2_a5_customer_day/vegetarian/plots/S8MT0YGD2KTN9_1_genderfemale.png,Plant-based,50,26,0.12
vegetarian,Gender x Level,0.0783000334857147,-0.0684789557,0.24067138425,1.00650931437135,758.922700266799,Restaurant,1SQPTEGYPH0GA,../../model_fits/finalized_redone_trunc_cp/t2_a5_customer_day/vegetarian/plots/1SQPTEGYPH0GA.png,Plant-based,25,1,0.12
vegetarian,Level Change,-0.3192246200619,-0.56135040375,-0.085672350025,1.01125225609918,510.123625387281,Restaurant,1SQPTEGYPH0GA_1_genderfemale,../../model_fits/finalized_redone_trunc_cp/t2_a5_customer_day/vegetarian/plots/1SQPTEGYPH0GA_1_genderfemale.png,Plant-based,50,2,0.12
vegetarian,Gender x Level,0.2380688597224,0.052307090675,0.47527708975,1.00386987953874,611.801529215299,Restaurant,9XKJD8DQTH559,../../model_fits/finalized_redone_trunc_cp/t2_a5_customer_day/vegetarian/plots/9XKJD8DQTH559.png,Plant-based,25,4,0.12
vegetarian,Level Change,0.181130118634607,0.00807841061500001,0.35916263425,1.00622881114411,1205.75168286581,Restaurant,9XKJD8DQTH559_1_genderfemale,../../model_fits/finalized_redone_trunc_cp/t2_a5_customer_day/vegetarian/plots/9XKJD8DQTH559_1_genderfemale.png,Plant-based,50,9,0.12
vegetarian,Gender x Level,0.117645271808437,-0.089893283525,0.303297561,1.00674132447612,649.521949607006,Restaurant,9XKJD8DQTH559,../../model_fits/finalized_redone_trunc_cp/t2_a5_customer_day/vegetarian/plots/9XKJD8DQTH559.png,Plant-based,25,5,0.12
vegetarian,Level Change,0.200269083878569,0.043051229975,0.36064957075,1.00402486119189,1173.23535387779,Restaurant,9XKJD8DQTH559_2_genderfemale,../../model_fits/finalized_redone_trunc_cp/t2_a5_customer_day/vegetarian/plots/9XKJD8DQTH559_2_genderfemale.png,Plant-based,50,10,0.12
vegetarian,Gender x Level,0.0478650293542103,-0.17706828675,0.25379866225,1.0010195482806,1720.75801415866,Restaurant,LQ5EH4BKGV61T,../../model_fits/finalized_redone_trunc_cp/t2_a5_customer_day/vegetarian/plots/LQ5EH4BKGV61T.png,Plant-based,25,12,0.12
vegetarian,Level Change,0.0841714020183957,-0.23734949775,0.47160541075,1.00485444551774,649.0031787793,Restaurant,LQ5EH4BKGV61T_1_genderfemale,../../model_fits/finalized_redone_trunc_cp/t2_a5_customer_day/vegetarian/plots/LQ5EH4BKGV61T_1_genderfemale.png,Plant-based,50,24,0.12
vegetarian,Gender x Level,0.131566813449,0.0677728764,0.19793219975,1.00077881002472,1864.66647214419,Restaurant,78AY09MVJVTYE,../../model_fits/finalized_redone_trunc_cp/t2_a5_customer_day/vegetarian/plots/78AY09MVJVTYE.png,Plant-based,25,3,0.12
vegetarian,Level Change,0.0716453393599889,-0.00301149799,0.1456985335,1.00188470787303,841.640432615147,Restaurant,78AY09MVJVTYE_1_genderfemale,../../model_fits/finalized_redone_trunc_cp/t2_a5_customer_day/vegetarian/plots/78AY09MVJVTYE_1_genderfemale.png,Plant-based,50,6,0.12
vegan,Level Change,-0.0284665648055333,-0.07740591,0.0196785,1.00910193402746,324.994254401757,Restaurant,SRQS8F7JWA9MZ,../../model_fits/finalized_redone_trunc_cp/t2_a5_customer_day/vegan/plots/SRQS8F7JWA9MZ.png,Plant-based,50,29,0.12
vegan,Level Change,0.0237061440132,-0.026708515,0.075977775,1.00642725418213,317.478594128926,Restaurant,SRQS8F7JWA9MZ,../../model_fits/finalized_redone_trunc_cp/t2_a5_customer_day/vegan/plots/SRQS8F7JWA9MZ.png,Plant-based,50,30,0.12
vegan,Level Change,0.0134628233633667,-0.0282558,0.0683171275,1.00367580565256,291.003368391428,Restaurant,2HRX9P6HKXA8V,../../model_fits/finalized_redone_trunc_cp/t2_a5_customer_day/vegan/plots/2HRX9P6HKXA8V.png,Plant-based,50,3,0.12
vegan,Level Change,-0.00862228534379667,-0.068474925,0.0500095375,1.00981065318029,383.880224145741,Restaurant,L69HYJ4Y3TR91,../../model_fits/finalized_redone_trunc_cp/t2_a5_customer_day/vegan/plots/L69HYJ4Y3TR91.png,Plant-based,50,19,0.12
vegan,Level Change,0.00377237960413403,-0.023222085,0.032745585,1.00358301298433,663.140038965307,Restaurant,ED5J990H5VAZT,../../model_fits/finalized_redone_trunc_cp/t2_a5_customer_day/vegan/plots/ED5J990H5VAZT.png,Plant-based,50,15,0.12
vegan,Level Change,-0.0310022621198333,-0.191707725,0.1221975,1.02094133668315,342.130939355033,Restaurant,W8T41JZK0ZMEP,../../model_fits/finalized_redone_trunc_cp/t2_a5_customer_day/vegan/plots/W8T41JZK0ZMEP.png,Plant-based,50,41,0.12
vegan,Level Change,0.228521376433333,0.0652670775,0.39953235,1.01547375571855,255.863544896013,Restaurant,W8T41JZK0ZMEP,../../model_fits/finalized_redone_trunc_cp/t2_a5_customer_day/vegan/plots/W8T41JZK0ZMEP.png,Plant-based,50,42,0.12
vegan,Level Change,-0.0505612743731333,-0.193661225,0.0803922000000001,1.00592735048607,430.4663783453,Restaurant,W8T41JZK0ZMEP,../../model_fits/finalized_redone_trunc_cp/t2_a5_customer_day/vegan/plots/W8T41JZK0ZMEP.png,Plant-based,50,43,0.12
vegan,Level Change,-0.0019073106633,-0.142083825,0.126074725,1.01113293973604,391.7266504887,Restaurant,W8T41JZK0ZMEP,../../model_fits/finalized_redone_trunc_cp/t2_a5_customer_day/vegan/plots/W8T41JZK0ZMEP.png,Plant-based,50,44,0.12
vegan,Level Change,0.0477406547454333,-0.09906322,0.220908425,1.01288875250234,409.942473347204,Restaurant,W8T41JZK0ZMEP,../../model_fits/finalized_redone_trunc_cp/t2_a5_customer_day/vegan/plots/W8T41JZK0ZMEP.png,Plant-based,50,45,0.12
vegan,Level Change,-0.00900612176849667,-0.0747553125,0.05238705,1.00584901393131,348.6368737901,Restaurant,EMBVNVD207CC6,../../model_fits/finalized_redone_trunc_cp/t2_a5_customer_day/vegan/plots/EMBVNVD207CC6.png,Plant-based,50,17,0.12
vegan,Level Change,0.0219218169197333,-0.152803375,0.202017725,1.00565811580471,319.891706185735,Restaurant,C0BE4NDSW26QN,../../model_fits/finalized_redone_trunc_cp/t2_a5_customer_day/vegan/plots/C0BE4NDSW26QN.png,Plant-based,50,11,0.12
vegan,Level Change,0.0251545130158,-0.1394208,0.20371305,1.00606805069516,323.962484830143,Restaurant,C0BE4NDSW26QN,../../model_fits/finalized_redone_trunc_cp/t2_a5_customer_day/vegan/plots/C0BE4NDSW26QN.png,Plant-based,50,12,0.12
vegan,Level Change,0.0455705326045667,-0.049825065,0.14233565,1.00361863062507,489.263024904458,Restaurant,V3Q26BHF3SE2H,../../model_fits/finalized_redone_trunc_cp/t2_a5_customer_day/vegan/plots/V3Q26BHF3SE2H.png,Plant-based,50,33,0.12
vegan,Level Change,0.0847510495062667,-0.0169063225,0.188451725,1.00321168116683,408.58265023845,Restaurant,V3Q26BHF3SE2H,../../model_fits/finalized_redone_trunc_cp/t2_a5_customer_day/vegan/plots/V3Q26BHF3SE2H.png,Plant-based,50,34,0.12
vegan,Level Change,-0.0913001655706,-0.179547575,-0.00576169699999994,1.0072624446916,443.927100979798,Restaurant,V3Q26BHF3SE2H,../../model_fits/finalized_redone_trunc_cp/t2_a5_customer_day/vegan/plots/V3Q26BHF3SE2H.png,Plant-based,50,35,0.12
vegan,Level Change,0.00239027251715,-0.080158,0.0801032525,1.00105846666188,303.28940870482,Restaurant,V3Q26BHF3SE2H,../../model_fits/finalized_redone_trunc_cp/t2_a5_customer_day/vegan/plots/V3Q26BHF3SE2H.png,Plant-based,50,36,0.12
vegan,Level Change,0.0110341496161,-0.042386315,0.0788483775,1.01489114798566,218.572473993846,Restaurant,LBZEEFSBJNB3Z,../../model_fits/finalized_redone_trunc_cp/t2_a5_customer_day/vegan/plots/LBZEEFSBJNB3Z.png,Plant-based,50,21,0.12
vegan,Level Change,-0.0149177467004667,-0.0723578475,0.0319622575,1.00296774479308,348.987734161578,Restaurant,SAFK7ND1HR6XS,../../model_fits/finalized_redone_trunc_cp/t2_a5_customer_day/vegan/plots/SAFK7ND1HR6XS.png,Plant-based,50,27,0.12
vegan,Level Change,-0.0296773252282467,-0.09391314,0.016903965,1.00532424913564,191.944376072141,Restaurant,S8MT0YGD2KTN9,../../model_fits/finalized_redone_trunc_cp/t2_a5_customer_day/vegan/plots/S8MT0YGD2KTN9.png,Plant-based,50,25,0.12
vegan,Level Change,-0.0121882716021,-0.0629102975,0.0351917725,1.01842704098224,180.023693734523,Restaurant,1SQPTEGYPH0GA,../../model_fits/finalized_redone_trunc_cp/t2_a5_customer_day/vegan/plots/1SQPTEGYPH0GA.png,Plant-based,50,1,0.12
vegan,Level Change,-0.0968407574732293,-0.229920775,0.02116179,1.01043364524342,278.43744683492,Restaurant,9XKJD8DQTH559,../../model_fits/finalized_redone_trunc_cp/t2_a5_customer_day/vegan/plots/9XKJD8DQTH559.png,Plant-based,50,7,0.12
vegan,Level Change,0.0633174716334667,-0.03978516,0.181054,1.01015720092689,482.250026294673,Restaurant,9XKJD8DQTH559,../../model_fits/finalized_redone_trunc_cp/t2_a5_customer_day/vegan/plots/9XKJD8DQTH559.png,Plant-based,50,8,0.12
vegan,Level Change,-0.00581222565093333,-0.08072039,0.06438689,1.00320594323979,397.28193805512,Restaurant,LQ5EH4BKGV61T,../../model_fits/finalized_redone_trunc_cp/t2_a5_customer_day/vegan/plots/LQ5EH4BKGV61T.png,Plant-based,50,23,0.12
vegan,Level Change,-0.0283707082005993,-0.0888270625,0.0166201675,1.0082681195133,219.196681686599,Restaurant,78AY09MVJVTYE,../../model_fits/finalized_redone_trunc_cp/t2_a5_customer_day/vegan/plots/78AY09MVJVTYE.png,Plant-based,50,5,0.12
vegan,Slope Change,-0.0014565235713443,-0.0666522625,0.06872625,1.00614202216249,377.049047097443,Restaurant,SRQS8F7JWA9MZ,../../model_fits/finalized_redone_trunc_cp/t2_a5_customer_day/vegan/plots/SRQS8F7JWA9MZ.png,Plant-based,25,15,0.12
vegan,Slope Change,-4.60093366143333e-4,-0.068723485,0.06513288,1.00418104036738,503.767736571473,Restaurant,SRQS8F7JWA9MZ,../../model_fits/finalized_redone_trunc_cp/t2_a5_customer_day/vegan/plots/SRQS8F7JWA9MZ.png,Plant-based,25,16,0.12
vegan,Slope Change,-0.0305264909185667,-0.06383054,-7.15141075e-4,1.02210723391388,252.079497314853,Restaurant,2HRX9P6HKXA8V,../../model_fits/finalized_redone_trunc_cp/t2_a5_customer_day/vegan/plots/2HRX9P6HKXA8V.png,Plant-based,25,2,0.12
vegan,Slope Change,-0.00726706694223333,-0.089688015,0.0756072375,1.00732639052992,329.220779530669,Restaurant,L69HYJ4Y3TR91,../../model_fits/finalized_redone_trunc_cp/t2_a5_customer_day/vegan/plots/L69HYJ4Y3TR91.png,Plant-based,25,10,0.12
vegan,Slope Change,0.01233590767127,-0.0259144925,0.0583167,1.01252074437778,285.036392161756,Restaurant,ED5J990H5VAZT,../../model_fits/finalized_redone_trunc_cp/t2_a5_customer_day/vegan/plots/ED5J990H5VAZT.png,Plant-based,25,8,0.12
vegan,Slope Change,0.0223844621688733,-0.0564523,0.128202375,1.00430982279532,398.995330775397,Restaurant,W8T41JZK0ZMEP,../../model_fits/finalized_redone_trunc_cp/t2_a5_customer_day/vegan/plots/W8T41JZK0ZMEP.png,Plant-based,25,21,0.12
vegan,Slope Change,0.016753271781728,-0.0703956475,0.10450545,1.00548302273171,554.508922647609,Restaurant,W8T41JZK0ZMEP,../../model_fits/finalized_redone_trunc_cp/t2_a5_customer_day/vegan/plots/W8T41JZK0ZMEP.png,Plant-based,25,22,0.12
vegan,Slope Change,0.01403069136057,-0.0892182975,0.101959075,1.01228842577871,573.640337528191,Restaurant,W8T41JZK0ZMEP,../../model_fits/finalized_redone_trunc_cp/t2_a5_customer_day/vegan/plots/W8T41JZK0ZMEP.png,Plant-based,25,23,0.12
vegan,Slope Change,0.0128749830263667,-0.090095835,0.099821705,1.00339171886613,521.746694312636,Restaurant,W8T41JZK0ZMEP,../../model_fits/finalized_redone_trunc_cp/t2_a5_customer_day/vegan/plots/W8T41JZK0ZMEP.png,Plant-based,25,24,0.12
vegan,Slope Change,0.0213433571564233,-0.05531833,0.127713575,1.00578508169377,441.724080754982,Restaurant,W8T41JZK0ZMEP,../../model_fits/finalized_redone_trunc_cp/t2_a5_customer_day/vegan/plots/W8T41JZK0ZMEP.png,Plant-based,25,25,0.12
vegan,Slope Change,0.00156139566023333,-0.0611072325,0.0773536075,1.0135828335053,242.070952028159,Restaurant,EMBVNVD207CC6,../../model_fits/finalized_redone_trunc_cp/t2_a5_customer_day/vegan/plots/EMBVNVD207CC6.png,Plant-based,25,9,0.12
vegan,Slope Change,-0.00798893550856667,-0.0784243725,0.0588207225,1.00730037005786,370.907990334482,Restaurant,C0BE4NDSW26QN,../../model_fits/finalized_redone_trunc_cp/t2_a5_customer_day/vegan/plots/C0BE4NDSW26QN.png,Plant-based,25,6,0.12
vegan,Slope Change,-0.00699500581163333,-0.080010465,0.0631920525,1.00574267071241,377.191906224836,Restaurant,C0BE4NDSW26QN,../../model_fits/finalized_redone_trunc_cp/t2_a5_customer_day/vegan/plots/C0BE4NDSW26QN.png,Plant-based,25,7,0.12
vegan,Slope Change,-0.0100015721066667,-0.115333025,0.068644055,1.00341731350469,546.755202442629,Restaurant,V3Q26BHF3SE2H,../../model_fits/finalized_redone_trunc_cp/t2_a5_customer_day/vegan/plots/V3Q26BHF3SE2H.png,Plant-based,25,17,0.12
vegan,Slope Change,-0.00928333868900667,-0.1017599,0.0670977325,1.00412398122796,488.297211553227,Restaurant,V3Q26BHF3SE2H,../../model_fits/finalized_redone_trunc_cp/t2_a5_customer_day/vegan/plots/V3Q26BHF3SE2H.png,Plant-based,25,18,0.12
vegan,Slope Change,0.00692433286096667,-0.0661951175,0.136890425,1.0045277578783,395.411988862759,Restaurant,V3Q26BHF3SE2H,../../model_fits/finalized_redone_trunc_cp/t2_a5_customer_day/vegan/plots/V3Q26BHF3SE2H.png,Plant-based,25,19,0.12
vegan,Slope Change,-0.00428793354063667,-0.0919663,0.0877550625000001,1.00504639785885,514.741762826994,Restaurant,V3Q26BHF3SE2H,../../model_fits/finalized_redone_trunc_cp/t2_a5_customer_day/vegan/plots/V3Q26BHF3SE2H.png,Plant-based,25,20,0.12
vegan,Slope Change,0.0450125010103,-0.0301230775,0.174441675,1.01079281155842,159.727150232483,Restaurant,LBZEEFSBJNB3Z,../../model_fits/finalized_redone_trunc_cp/t2_a5_customer_day/vegan/plots/LBZEEFSBJNB3Z.png,Plant-based,25,11,0.12
vegan,Slope Change,-0.00206711539728,-0.078770325,0.0857732375000001,1.00412116505362,471.25530366697,Restaurant,SAFK7ND1HR6XS,../../model_fits/finalized_redone_trunc_cp/t2_a5_customer_day/vegan/plots/SAFK7ND1HR6XS.png,Plant-based,25,14,0.12
vegan,Slope Change,-0.04207976766,-0.08453326,-0.00215495824999999,1.00985443083342,259.49107480141,Restaurant,S8MT0YGD2KTN9,../../model_fits/finalized_redone_trunc_cp/t2_a5_customer_day/vegan/plots/S8MT0YGD2KTN9.png,Plant-based,25,13,0.12
vegan,Slope Change,9.54928357667333e-4,-0.0462303525,0.0444644675,1.02076038647337,193.817184855604,Restaurant,1SQPTEGYPH0GA,../../model_fits/finalized_redone_trunc_cp/t2_a5_customer_day/vegan/plots/1SQPTEGYPH0GA.png,Plant-based,25,1,0.12
vegan,Slope Change,-0.02162445002997,-0.113624375,0.0590859450000001,1.0144053130457,301.428573140359,Restaurant,9XKJD8DQTH559,../../model_fits/finalized_redone_trunc_cp/t2_a5_customer_day/vegan/plots/9XKJD8DQTH559.png,Plant-based,25,4,0.12
vegan,Slope Change,-0.0218474509588967,-0.1125809,0.0579738625,1.01084894822975,417.832293760474,Restaurant,9XKJD8DQTH559,../../model_fits/finalized_redone_trunc_cp/t2_a5_customer_day/vegan/plots/9XKJD8DQTH559.png,Plant-based,25,5,0.12
vegan,Slope Change,-0.00540732058486667,-0.078433525,0.0893654,1.00230080047693,462.276409159226,Restaurant,LQ5EH4BKGV61T,../../model_fits/finalized_redone_trunc_cp/t2_a5_customer_day/vegan/plots/LQ5EH4BKGV61T.png,Plant-based,25,12,0.12
vegan,Slope Change,-0.033816114874,-0.05704231,-0.00723713649999999,1.01357429406594,168.909270469143,Restaurant,78AY09MVJVTYE,../../model_fits/finalized_redone_trunc_cp/t2_a5_customer_day/vegan/plots/78AY09MVJVTYE.png,Plant-based,25,3,0.12
vegan,Gender x Level,-0.0017151530415,-0.0465516675,0.052407355,1.01491142510125,202.94530726209,Restaurant,SRQS8F7JWA9MZ,../../model_fits/finalized_redone_trunc_cp/t2_a5_customer_day/vegan/plots/SRQS8F7JWA9MZ.png,Plant-based,25,15,0.12
vegan,Level Change,-0.05624361345257,-0.12234225,4.91457175000014e-4,1.01336333778255,206.799233124062,Restaurant,SRQS8F7JWA9MZ_1_genderfemale,../../model_fits/finalized_redone_trunc_cp/t2_a5_customer_day/vegan/plots/SRQS8F7JWA9MZ_1_genderfemale.png,Plant-based,50,31,0.12
vegan,Gender x Level,-0.0616422175736667,-0.12109915,-0.01511296,1.01503692498454,203.775044031627,Restaurant,SRQS8F7JWA9MZ,../../model_fits/finalized_redone_trunc_cp/t2_a5_customer_day/vegan/plots/SRQS8F7JWA9MZ.png,Plant-based,25,16,0.12
vegan,Level Change,0.05267311401909,-0.00612448925,0.1225291,1.01102615044957,218.77574415894,Restaurant,SRQS8F7JWA9MZ_2_genderfemale,../../model_fits/finalized_redone_trunc_cp/t2_a5_customer_day/vegan/plots/SRQS8F7JWA9MZ_2_genderfemale.png,Plant-based,50,32,0.12
vegan,Gender x Level,0.00820248635811,-0.0241978075,0.0594136425,1.00946788441098,222.915663844505,Restaurant,2HRX9P6HKXA8V,../../model_fits/finalized_redone_trunc_cp/t2_a5_customer_day/vegan/plots/2HRX9P6HKXA8V.png,Plant-based,25,2,0.12
vegan,Level Change,-0.0296730994441,-0.0863732375,0.016584155,1.00518849532349,233.709381593714,Restaurant,2HRX9P6HKXA8V_1_genderfemale,../../model_fits/finalized_redone_trunc_cp/t2_a5_customer_day/vegan/plots/2HRX9P6HKXA8V_1_genderfemale.png,Plant-based,50,4,0.12
vegan,Gender x Level,-0.0121855335720667,-0.05715505,0.0263042925,1.00767168208866,363.032720551418,Restaurant,L69HYJ4Y3TR91,../../model_fits/finalized_redone_trunc_cp/t2_a5_customer_day/vegan/plots/L69HYJ4Y3TR91.png,Plant-based,25,10,0.12
vegan,Level Change,0.0190557484489,-0.026185785,0.071208755,1.00523715086137,418.344861051803,Restaurant,L69HYJ4Y3TR91_1_genderfemale,../../model_fits/finalized_redone_trunc_cp/t2_a5_customer_day/vegan/plots/L69HYJ4Y3TR91_1_genderfemale.png,Plant-based,50,20,0.12
vegan,Gender x Level,-0.01181602808149,-0.030205205,0.0066985095,1.00049784478614,1053.65165362605,Restaurant,ED5J990H5VAZT,../../model_fits/finalized_redone_trunc_cp/t2_a5_customer_day/vegan/plots/ED5J990H5VAZT.png,Plant-based,25,8,0.12
vegan,Level Change,-5.4971853725e-4,-0.02121397,0.0190369425,0.999824254080402,958.328531964696,Restaurant,ED5J990H5VAZT_1_genderfemale,../../model_fits/finalized_redone_trunc_cp/t2_a5_customer_day/vegan/plots/ED5J990H5VAZT_1_genderfemale.png,Plant-based,50,16,0.12
vegan,Gender x Level,-0.0279616540367333,-0.137372075,0.0781815675,1.011000554087,282.245623406705,Restaurant,W8T41JZK0ZMEP,../../model_fits/finalized_redone_trunc_cp/t2_a5_customer_day/vegan/plots/W8T41JZK0ZMEP.png,Plant-based,25,21,0.12
vegan,Level Change,0.0192219744921667,-0.0730757275,0.1227479,1.0045504108861,445.988581532404,Restaurant,W8T41JZK0ZMEP_1_genderfemale,../../model_fits/finalized_redone_trunc_cp/t2_a5_customer_day/vegan/plots/W8T41JZK0ZMEP_1_genderfemale.png,Plant-based,50,46,0.12
vegan,Gender x Level,-0.05412055231431,-0.168308675,0.0323597625,1.00447143332811,386.570991423194,Restaurant,W8T41JZK0ZMEP,../../model_fits/finalized_redone_trunc_cp/t2_a5_customer_day/vegan/plots/W8T41JZK0ZMEP.png,Plant-based,25,22,0.12
vegan,Level Change,0.0358058917307667,-0.047209965,0.1446909,1.00511456781853,569.098537985131,Restaurant,W8T41JZK0ZMEP_2_genderfemale,../../model_fits/finalized_redone_trunc_cp/t2_a5_customer_day/vegan/plots/W8T41JZK0ZMEP_2_genderfemale.png,Plant-based,50,47,0.12
vegan,Gender x Level,-0.0175175694848333,-0.11670725,0.09509983,1.0026016333444,406.149131021101,Restaurant,W8T41JZK0ZMEP,../../model_fits/finalized_redone_trunc_cp/t2_a5_customer_day/vegan/plots/W8T41JZK0ZMEP.png,Plant-based,25,23,0.12
vegan,Level Change,0.0133445264304,-0.084838775,0.108238075,1.00512906397448,659.948301688055,Restaurant,W8T41JZK0ZMEP_3_genderfemale,../../model_fits/finalized_redone_trunc_cp/t2_a5_customer_day/vegan/plots/W8T41JZK0ZMEP_3_genderfemale.png,Plant-based,50,48,0.12
vegan,Gender x Level,-0.0585429466586333,-0.183908825,0.03446571,1.0057071002148,396.607783191848,Restaurant,W8T41JZK0ZMEP,../../model_fits/finalized_redone_trunc_cp/t2_a5_customer_day/vegan/plots/W8T41JZK0ZMEP.png,Plant-based,25,24,0.12
vegan,Level Change,0.0030261974077,-0.112055325,0.09368167,1.00488916590961,442.974684377109,Restaurant,W8T41JZK0ZMEP_4_genderfemale,../../model_fits/finalized_redone_trunc_cp/t2_a5_customer_day/vegan/plots/W8T41JZK0ZMEP_4_genderfemale.png,Plant-based,50,49,0.12
vegan,Gender x Level,-9.97125247333334e-5,-0.099421345,0.13468995,1.00412213473282,354.798633197749,Restaurant,W8T41JZK0ZMEP,../../model_fits/finalized_redone_trunc_cp/t2_a5_customer_day/vegan/plots/W8T41JZK0ZMEP.png,Plant-based,25,25,0.12
vegan,Level Change,0.0211573780762667,-0.0792126525,0.1227646,1.00617094860981,591.889670667201,Restaurant,W8T41JZK0ZMEP_5_genderfemale,../../model_fits/finalized_redone_trunc_cp/t2_a5_customer_day/vegan/plots/W8T41JZK0ZMEP_5_genderfemale.png,Plant-based,50,50,0.12
vegan,Gender x Level,-0.0248769798472667,-0.104407075,0.016997125,1.00978969524798,234.06018430349,Restaurant,EMBVNVD207CC6,../../model_fits/finalized_redone_trunc_cp/t2_a5_customer_day/vegan/plots/EMBVNVD207CC6.png,Plant-based,25,9,0.12
vegan,Level Change,-0.00167230679063,-0.0733468625,0.061413355,1.00331224271804,364.022634661689,Restaurant,EMBVNVD207CC6_1_genderfemale,../../model_fits/finalized_redone_trunc_cp/t2_a5_customer_day/vegan/plots/EMBVNVD207CC6_1_genderfemale.png,Plant-based,50,18,0.12
vegan,Gender x Level,0.00689224469456,-0.076800535,0.10335975,1.00568986566489,390.217193536669,Restaurant,C0BE4NDSW26QN,../../model_fits/finalized_redone_trunc_cp/t2_a5_customer_day/vegan/plots/C0BE4NDSW26QN.png,Plant-based,25,6,0.12
vegan,Level Change,-0.0154573295157667,-0.109692025,0.074545925,1.0059255775137,443.514959448112,Restaurant,C0BE4NDSW26QN_1_genderfemale,../../model_fits/finalized_redone_trunc_cp/t2_a5_customer_day/vegan/plots/C0BE4NDSW26QN_1_genderfemale.png,Plant-based,50,13,0.12
vegan,Gender x Level,-2.74382774856667e-4,-0.09171729,0.085027165,1.00654667811641,397.305307290989,Restaurant,C0BE4NDSW26QN,../../model_fits/finalized_redone_trunc_cp/t2_a5_customer_day/vegan/plots/C0BE4NDSW26QN.png,Plant-based,25,7,0.12
vegan,Level Change,-0.01214115282203,-0.0996112825,0.0763134225,1.00770501815724,442.885650243224,Restaurant,C0BE4NDSW26QN_2_genderfemale,../../model_fits/finalized_redone_trunc_cp/t2_a5_customer_day/vegan/plots/C0BE4NDSW26QN_2_genderfemale.png,Plant-based,50,14,0.12
vegan,Gender x Level,-0.00944833604300667,-0.104540025,0.0759493175000001,1.00568261728277,332.164320460531,Restaurant,V3Q26BHF3SE2H,../../model_fits/finalized_redone_trunc_cp/t2_a5_customer_day/vegan/plots/V3Q26BHF3SE2H.png,Plant-based,25,17,0.12
vegan,Level Change,0.0107352290753433,-0.07527262,0.0904971500000001,1.00547134485197,449.05740902313,Restaurant,V3Q26BHF3SE2H_1_genderfemale,../../model_fits/finalized_redone_trunc_cp/t2_a5_customer_day/vegan/plots/V3Q26BHF3SE2H_1_genderfemale.png,Plant-based,50,37,0.12
vegan,Gender x Level,-0.0206110645088333,-0.119687725,0.0567611725000001,1.00076203746659,355.324873985898,Restaurant,V3Q26BHF3SE2H,../../model_fits/finalized_redone_trunc_cp/t2_a5_customer_day/vegan/plots/V3Q26BHF3SE2H.png,Plant-based,25,18,0.12
vegan,Level Change,0.0298002905465,-0.0436647675,0.11917385,1.00374422384245,489.310926408529,Restaurant,V3Q26BHF3SE2H_2_genderfemale,../../model_fits/finalized_redone_trunc_cp/t2_a5_customer_day/vegan/plots/V3Q26BHF3SE2H_2_genderfemale.png,Plant-based,50,38,0.12
vegan,Gender x Level,0.049380965239841,-0.018132525,0.142584075,1.01145982725747,270.333241589264,Restaurant,V3Q26BHF3SE2H,../../model_fits/finalized_redone_trunc_cp/t2_a5_customer_day/vegan/plots/V3Q26BHF3SE2H.png,Plant-based,25,19,0.12
vegan,Level Change,0.00765492044663667,-0.0706050875,0.0803197375,1.00793285780095,484.909129622934,Restaurant,V3Q26BHF3SE2H_3_genderfemale,../../model_fits/finalized_redone_trunc_cp/t2_a5_customer_day/vegan/plots/V3Q26BHF3SE2H_3_genderfemale.png,Plant-based,50,39,0.12
vegan,Gender x Level,0.0096716346436,-0.0692495425,0.093536365,1.00687597450346,399.842649524255,Restaurant,V3Q26BHF3SE2H,../../model_fits/finalized_redone_trunc_cp/t2_a5_customer_day/vegan/plots/V3Q26BHF3SE2H.png,Plant-based,25,20,0.12
vegan,Level Change,0.00892436493356667,-0.0679143575,0.085869285,1.00179333322645,508.324196494095,Restaurant,V3Q26BHF3SE2H_4_genderfemale,../../model_fits/finalized_redone_trunc_cp/t2_a5_customer_day/vegan/plots/V3Q26BHF3SE2H_4_genderfemale.png,Plant-based,50,40,0.12
vegan,Gender x Level,-0.00280714037666667,-0.0435732875,0.044978865,1.00749141183427,506.610348465201,Restaurant,LBZEEFSBJNB3Z,../../model_fits/finalized_redone_trunc_cp/t2_a5_customer_day/vegan/plots/LBZEEFSBJNB3Z.png,Plant-based,25,11,0.12
vegan,Level Change,-0.00513826024933333,-0.054841015,0.03672988,1.01350490350314,445.15008591367,Restaurant,LBZEEFSBJNB3Z_1_genderfemale,../../model_fits/finalized_redone_trunc_cp/t2_a5_customer_day/vegan/plots/LBZEEFSBJNB3Z_1_genderfemale.png,Plant-based,50,22,0.12
vegan,Gender x Level,-0.0191680077731167,-0.0736727,0.01656564,1.00931919200382,323.140406787834,Restaurant,SAFK7ND1HR6XS,../../model_fits/finalized_redone_trunc_cp/t2_a5_customer_day/vegan/plots/SAFK7ND1HR6XS.png,Plant-based,25,14,0.12
vegan,Level Change,0.030321737151,-0.016410965,0.090415905,1.00895440068543,327.796506336531,Restaurant,SAFK7ND1HR6XS_1_genderfemale,../../model_fits/finalized_redone_trunc_cp/t2_a5_customer_day/vegan/plots/SAFK7ND1HR6XS_1_genderfemale.png,Plant-based,50,28,0.12
vegan,Gender x Level,-0.01454910816501,-0.0519770775,0.01673347,1.00255091486401,368.335085194916,Restaurant,S8MT0YGD2KTN9,../../model_fits/finalized_redone_trunc_cp/t2_a5_customer_day/vegan/plots/S8MT0YGD2KTN9.png,Plant-based,25,13,0.12
vegan,Level Change,0.0155454563992467,-0.02900362,0.0662759725,1.00210364585199,518.025932640627,Restaurant,S8MT0YGD2KTN9_1_genderfemale,../../model_fits/finalized_redone_trunc_cp/t2_a5_customer_day/vegan/plots/S8MT0YGD2KTN9_1_genderfemale.png,Plant-based,50,26,0.12
vegan,Gender x Level,-0.0048767728233,-0.03736624,0.0311226625,1.00509224131491,424.438116211885,Restaurant,1SQPTEGYPH0GA,../../model_fits/finalized_redone_trunc_cp/t2_a5_customer_day/vegan/plots/1SQPTEGYPH0GA.png,Plant-based,25,1,0.12
vegan,Level Change,-0.00920826535143333,-0.0575126125,0.028868645,1.00934539242031,344.767777578314,Restaurant,1SQPTEGYPH0GA_1_genderfemale,../../model_fits/finalized_redone_trunc_cp/t2_a5_customer_day/vegan/plots/1SQPTEGYPH0GA_1_genderfemale.png,Plant-based,50,2,0.12
vegan,Gender x Level,0.0351775763428,-0.05013202,0.1321386,1.00697321916157,593.819977938228,Restaurant,9XKJD8DQTH559,../../model_fits/finalized_redone_trunc_cp/t2_a5_customer_day/vegan/plots/9XKJD8DQTH559.png,Plant-based,25,4,0.12
vegan,Level Change,0.0337191251737,-0.0627444775,0.12724055,1.00603838147105,594.238503424332,Restaurant,9XKJD8DQTH559_1_genderfemale,../../model_fits/finalized_redone_trunc_cp/t2_a5_customer_day/vegan/plots/9XKJD8DQTH559_1_genderfemale.png,Plant-based,50,9,0.12
vegan,Gender x Level,0.0412479073803333,-0.03849608,0.133682275,1.01303333907464,384.566698901369,Restaurant,9XKJD8DQTH559,../../model_fits/finalized_redone_trunc_cp/t2_a5_customer_day/vegan/plots/9XKJD8DQTH559.png,Plant-based,25,5,0.12
vegan,Level Change,0.0510303728285367,-0.034168445,0.15076955,1.00392281440598,530.080652713269,Restaurant,9XKJD8DQTH559_2_genderfemale,../../model_fits/finalized_redone_trunc_cp/t2_a5_customer_day/vegan/plots/9XKJD8DQTH559_2_genderfemale.png,Plant-based,50,10,0.12
vegan,Gender x Level,-0.01115419146812,-0.066834925,0.04066461,1.0061972188925,541.176238147488,Restaurant,LQ5EH4BKGV61T,../../model_fits/finalized_redone_trunc_cp/t2_a5_customer_day/vegan/plots/LQ5EH4BKGV61T.png,Plant-based,25,12,0.12
vegan,Level Change,0.00109075608963333,-0.07516798,0.06522797,1.00677282400101,422.131230910228,Restaurant,LQ5EH4BKGV61T_1_genderfemale,../../model_fits/finalized_redone_trunc_cp/t2_a5_customer_day/vegan/plots/LQ5EH4BKGV61T_1_genderfemale.png,Plant-based,50,24,0.12
vegan,Gender x Level,-8.55466573133333e-4,-0.028155935,0.0334561525,1.00247023535294,523.101940508641,Restaurant,78AY09MVJVTYE,../../model_fits/finalized_redone_trunc_cp/t2_a5_customer_day/vegan/plots/78AY09MVJVTYE.png,Plant-based,25,3,0.12
vegan,Level Change,0.0405254145818333,0.002746931,0.08388718,1.01116787391107,281.622046929915,Restaurant,78AY09MVJVTYE_1_genderfemale,../../model_fits/finalized_redone_trunc_cp/t2_a5_customer_day/vegan/plots/78AY09MVJVTYE_1_genderfemale.png,Plant-based,50,6,0.12
